catalogue_index	tf_symbol	present_in_rna	exclusion_reason	reference_name	reference_version
0	AC008770.3	False	not_present_in_current_rna_gene_universe	Lambert_human_TFs	v1.01
1	AC023509.3	False	not_present_in_current_rna_gene_universe	Lambert_human_TFs	v1.01
2	AC092835.1	False	not_present_in_current_rna_gene_universe	Lambert_human_TFs	v1.01
3	AC138696.1	False	not_present_in_current_rna_gene_universe	Lambert_human_TFs	v1.01
4	ADNP	False	not_present_in_current_rna_gene_universe	Lambert_human_TFs	v1.01
5	ADNP2	False	not_present_in_current_rna_gene_universe	Lambert_human_TFs	v1.01
6	AEBP1	False	not_present_in_current_rna_gene_universe	Lambert_human_TFs	v1.01
7	AEBP2	False	not_present_in_current_rna_gene_universe	Lambert_human_TFs	v1.01
8	AHCTF1	False	not_present_in_current_rna_gene_universe	Lambert_human_TFs	v1.01
9	AHDC1	False	not_present_in_current_rna_gene_universe	Lambert_human_TFs	v1.01
11	AHRR	False	not_present_in_current_rna_gene_universe	Lambert_human_TFs	v1.01
12	AIRE	False	not_present_in_current_rna_gene_universe	Lambert_human_TFs	v1.01
13	AKAP8	False	not_present_in_current_rna_gene_universe	Lambert_human_TFs	v1.01
14	AKAP8L	False	not_present_in_current_rna_gene_universe	Lambert_human_TFs	v1.01
15	AKNA	False	not_present_in_current_rna_gene_universe	Lambert_human_TFs	v1.01
16	ALX1	False	not_present_in_current_rna_gene_universe	Lambert_human_TFs	v1.01
17	ALX3	False	not_present_in_current_rna_gene_universe	Lambert_human_TFs	v1.01
18	ALX4	False	not_present_in_current_rna_gene_universe	Lambert_human_TFs	v1.01
19	ANHX	False	not_present_in_current_rna_gene_universe	Lambert_human_TFs	v1.01
20	ANKZF1	False	not_present_in_current_rna_gene_universe	Lambert_human_TFs	v1.01
22	ARGFX	False	not_present_in_current_rna_gene_universe	Lambert_human_TFs	v1.01
23	ARHGAP35	False	not_present_in_current_rna_gene_universe	Lambert_human_TFs	v1.01
24	ARID2	False	not_present_in_current_rna_gene_universe	Lambert_human_TFs	v1.01
26	ARID3B	False	not_present_in_current_rna_gene_universe	Lambert_human_TFs	v1.01
27	ARID3C	False	not_present_in_current_rna_gene_universe	Lambert_human_TFs	v1.01
28	ARID5A	False	not_present_in_current_rna_gene_universe	Lambert_human_TFs	v1.01
30	ARNT	False	not_present_in_current_rna_gene_universe	Lambert_human_TFs	v1.01
31	ARNT2	False	not_present_in_current_rna_gene_universe	Lambert_human_TFs	v1.01
32	ARNTL	False	not_present_in_current_rna_gene_universe	Lambert_human_TFs	v1.01
34	ARX	False	not_present_in_current_rna_gene_universe	Lambert_human_TFs	v1.01
35	ASCL1	False	not_present_in_current_rna_gene_universe	Lambert_human_TFs	v1.01
36	ASCL2	False	not_present_in_current_rna_gene_universe	Lambert_human_TFs	v1.01
37	ASCL3	False	not_present_in_current_rna_gene_universe	Lambert_human_TFs	v1.01
38	ASCL4	False	not_present_in_current_rna_gene_universe	Lambert_human_TFs	v1.01
39	ASCL5	False	not_present_in_current_rna_gene_universe	Lambert_human_TFs	v1.01
40	ASH1L	False	not_present_in_current_rna_gene_universe	Lambert_human_TFs	v1.01
42	ATF2	False	not_present_in_current_rna_gene_universe	Lambert_human_TFs	v1.01
44	ATF4	False	not_present_in_current_rna_gene_universe	Lambert_human_TFs	v1.01
45	ATF5	False	not_present_in_current_rna_gene_universe	Lambert_human_TFs	v1.01
46	ATF6	False	not_present_in_current_rna_gene_universe	Lambert_human_TFs	v1.01
47	ATF6B	False	not_present_in_current_rna_gene_universe	Lambert_human_TFs	v1.01
48	ATF7	False	not_present_in_current_rna_gene_universe	Lambert_human_TFs	v1.01
49	ATMIN	False	not_present_in_current_rna_gene_universe	Lambert_human_TFs	v1.01
50	ATOH1	False	not_present_in_current_rna_gene_universe	Lambert_human_TFs	v1.01
51	ATOH7	False	not_present_in_current_rna_gene_universe	Lambert_human_TFs	v1.01
52	ATOH8	False	not_present_in_current_rna_gene_universe	Lambert_human_TFs	v1.01
55	BARHL1	False	not_present_in_current_rna_gene_universe	Lambert_human_TFs	v1.01
56	BARHL2	False	not_present_in_current_rna_gene_universe	Lambert_human_TFs	v1.01
57	BARX1	False	not_present_in_current_rna_gene_universe	Lambert_human_TFs	v1.01
58	BARX2	False	not_present_in_current_rna_gene_universe	Lambert_human_TFs	v1.01
59	BATF	False	not_present_in_current_rna_gene_universe	Lambert_human_TFs	v1.01
60	BATF2	False	not_present_in_current_rna_gene_universe	Lambert_human_TFs	v1.01
62	BAZ2A	False	not_present_in_current_rna_gene_universe	Lambert_human_TFs	v1.01
64	BBX	False	not_present_in_current_rna_gene_universe	Lambert_human_TFs	v1.01
66	BCL11B	False	not_present_in_current_rna_gene_universe	Lambert_human_TFs	v1.01
68	BCL6B	False	not_present_in_current_rna_gene_universe	Lambert_human_TFs	v1.01
69	BHLHA15	False	not_present_in_current_rna_gene_universe	Lambert_human_TFs	v1.01
70	BHLHA9	False	not_present_in_current_rna_gene_universe	Lambert_human_TFs	v1.01
71	BHLHE22	False	not_present_in_current_rna_gene_universe	Lambert_human_TFs	v1.01
72	BHLHE23	False	not_present_in_current_rna_gene_universe	Lambert_human_TFs	v1.01
73	BHLHE40	False	not_present_in_current_rna_gene_universe	Lambert_human_TFs	v1.01
75	BNC1	False	not_present_in_current_rna_gene_universe	Lambert_human_TFs	v1.01
77	BORCS8-MEF2B	False	not_present_in_current_rna_gene_universe	Lambert_human_TFs	v1.01
78	BPTF	False	not_present_in_current_rna_gene_universe	Lambert_human_TFs	v1.01
79	BRF2	False	not_present_in_current_rna_gene_universe	Lambert_human_TFs	v1.01
80	BSX	False	not_present_in_current_rna_gene_universe	Lambert_human_TFs	v1.01
81	C11ORF95	False	not_present_in_current_rna_gene_universe	Lambert_human_TFs	v1.01
82	CAMTA1	False	not_present_in_current_rna_gene_universe	Lambert_human_TFs	v1.01
83	CAMTA2	False	not_present_in_current_rna_gene_universe	Lambert_human_TFs	v1.01
84	CARF	False	not_present_in_current_rna_gene_universe	Lambert_human_TFs	v1.01
85	CASZ1	False	not_present_in_current_rna_gene_universe	Lambert_human_TFs	v1.01
87	CC2D1A	False	not_present_in_current_rna_gene_universe	Lambert_human_TFs	v1.01
88	CCDC169-SOHLH2	False	not_present_in_current_rna_gene_universe	Lambert_human_TFs	v1.01
89	CCDC17	False	not_present_in_current_rna_gene_universe	Lambert_human_TFs	v1.01
90	CDC5L	False	not_present_in_current_rna_gene_universe	Lambert_human_TFs	v1.01
91	CDX1	False	not_present_in_current_rna_gene_universe	Lambert_human_TFs	v1.01
92	CDX2	False	not_present_in_current_rna_gene_universe	Lambert_human_TFs	v1.01
93	CDX4	False	not_present_in_current_rna_gene_universe	Lambert_human_TFs	v1.01
97	CEBPE	False	not_present_in_current_rna_gene_universe	Lambert_human_TFs	v1.01
98	CEBPG	False	not_present_in_current_rna_gene_universe	Lambert_human_TFs	v1.01
99	CEBPZ	False	not_present_in_current_rna_gene_universe	Lambert_human_TFs	v1.01
100	CENPA	False	not_present_in_current_rna_gene_universe	Lambert_human_TFs	v1.01
101	CENPB	False	not_present_in_current_rna_gene_universe	Lambert_human_TFs	v1.01
102	CENPBD1	False	not_present_in_current_rna_gene_universe	Lambert_human_TFs	v1.01
103	CENPS	False	not_present_in_current_rna_gene_universe	Lambert_human_TFs	v1.01
104	CENPT	False	not_present_in_current_rna_gene_universe	Lambert_human_TFs	v1.01
105	CENPX	False	not_present_in_current_rna_gene_universe	Lambert_human_TFs	v1.01
106	CGGBP1	False	not_present_in_current_rna_gene_universe	Lambert_human_TFs	v1.01
107	CHAMP1	False	not_present_in_current_rna_gene_universe	Lambert_human_TFs	v1.01
108	CHCHD3	False	not_present_in_current_rna_gene_universe	Lambert_human_TFs	v1.01
109	CIC	False	not_present_in_current_rna_gene_universe	Lambert_human_TFs	v1.01
110	CLOCK	False	not_present_in_current_rna_gene_universe	Lambert_human_TFs	v1.01
112	CPXCR1	False	not_present_in_current_rna_gene_universe	Lambert_human_TFs	v1.01
113	CREB1	False	not_present_in_current_rna_gene_universe	Lambert_human_TFs	v1.01
114	CREB3	False	not_present_in_current_rna_gene_universe	Lambert_human_TFs	v1.01
115	CREB3L1	False	not_present_in_current_rna_gene_universe	Lambert_human_TFs	v1.01
116	CREB3L2	False	not_present_in_current_rna_gene_universe	Lambert_human_TFs	v1.01
117	CREB3L3	False	not_present_in_current_rna_gene_universe	Lambert_human_TFs	v1.01
118	CREB3L4	False	not_present_in_current_rna_gene_universe	Lambert_human_TFs	v1.01
120	CREBL2	False	not_present_in_current_rna_gene_universe	Lambert_human_TFs	v1.01
121	CREBZF	False	not_present_in_current_rna_gene_universe	Lambert_human_TFs	v1.01
122	CREM	False	not_present_in_current_rna_gene_universe	Lambert_human_TFs	v1.01
123	CRX	False	not_present_in_current_rna_gene_universe	Lambert_human_TFs	v1.01
124	CSRNP1	False	not_present_in_current_rna_gene_universe	Lambert_human_TFs	v1.01
125	CSRNP2	False	not_present_in_current_rna_gene_universe	Lambert_human_TFs	v1.01
126	CSRNP3	False	not_present_in_current_rna_gene_universe	Lambert_human_TFs	v1.01
127	CTCF	False	not_present_in_current_rna_gene_universe	Lambert_human_TFs	v1.01
128	CTCFL	False	not_present_in_current_rna_gene_universe	Lambert_human_TFs	v1.01
129	CUX1	False	not_present_in_current_rna_gene_universe	Lambert_human_TFs	v1.01
131	CXXC1	False	not_present_in_current_rna_gene_universe	Lambert_human_TFs	v1.01
132	CXXC4	False	not_present_in_current_rna_gene_universe	Lambert_human_TFs	v1.01
135	DACH2	False	not_present_in_current_rna_gene_universe	Lambert_human_TFs	v1.01
136	DBP	False	not_present_in_current_rna_gene_universe	Lambert_human_TFs	v1.01
137	DBX1	False	not_present_in_current_rna_gene_universe	Lambert_human_TFs	v1.01
138	DBX2	False	not_present_in_current_rna_gene_universe	Lambert_human_TFs	v1.01
139	DDIT3	False	not_present_in_current_rna_gene_universe	Lambert_human_TFs	v1.01
140	DEAF1	False	not_present_in_current_rna_gene_universe	Lambert_human_TFs	v1.01
141	DLX1	False	not_present_in_current_rna_gene_universe	Lambert_human_TFs	v1.01
142	DLX2	False	not_present_in_current_rna_gene_universe	Lambert_human_TFs	v1.01
143	DLX3	False	not_present_in_current_rna_gene_universe	Lambert_human_TFs	v1.01
144	DLX4	False	not_present_in_current_rna_gene_universe	Lambert_human_TFs	v1.01
145	DLX5	False	not_present_in_current_rna_gene_universe	Lambert_human_TFs	v1.01
146	DLX6	False	not_present_in_current_rna_gene_universe	Lambert_human_TFs	v1.01
147	DMBX1	False	not_present_in_current_rna_gene_universe	Lambert_human_TFs	v1.01
148	DMRT1	False	not_present_in_current_rna_gene_universe	Lambert_human_TFs	v1.01
149	DMRT2	False	not_present_in_current_rna_gene_universe	Lambert_human_TFs	v1.01
150	DMRT3	False	not_present_in_current_rna_gene_universe	Lambert_human_TFs	v1.01
151	DMRTA1	False	not_present_in_current_rna_gene_universe	Lambert_human_TFs	v1.01
152	DMRTA2	False	not_present_in_current_rna_gene_universe	Lambert_human_TFs	v1.01
153	DMRTB1	False	not_present_in_current_rna_gene_universe	Lambert_human_TFs	v1.01
154	DMRTC2	False	not_present_in_current_rna_gene_universe	Lambert_human_TFs	v1.01
155	DMTF1	False	not_present_in_current_rna_gene_universe	Lambert_human_TFs	v1.01
156	DNMT1	False	not_present_in_current_rna_gene_universe	Lambert_human_TFs	v1.01
157	DNTTIP1	False	not_present_in_current_rna_gene_universe	Lambert_human_TFs	v1.01
158	DOT1L	False	not_present_in_current_rna_gene_universe	Lambert_human_TFs	v1.01
159	DPF1	False	not_present_in_current_rna_gene_universe	Lambert_human_TFs	v1.01
160	DPF3	False	not_present_in_current_rna_gene_universe	Lambert_human_TFs	v1.01
161	DPRX	False	not_present_in_current_rna_gene_universe	Lambert_human_TFs	v1.01
162	DR1	False	not_present_in_current_rna_gene_universe	Lambert_human_TFs	v1.01
163	DRAP1	False	not_present_in_current_rna_gene_universe	Lambert_human_TFs	v1.01
164	DRGX	False	not_present_in_current_rna_gene_universe	Lambert_human_TFs	v1.01
165	DUX1	False	not_present_in_current_rna_gene_universe	Lambert_human_TFs	v1.01
166	DUX3	False	not_present_in_current_rna_gene_universe	Lambert_human_TFs	v1.01
167	DUX4	False	not_present_in_current_rna_gene_universe	Lambert_human_TFs	v1.01
168	DUXA	False	not_present_in_current_rna_gene_universe	Lambert_human_TFs	v1.01
169	DZIP1	False	not_present_in_current_rna_gene_universe	Lambert_human_TFs	v1.01
172	E2F3	False	not_present_in_current_rna_gene_universe	Lambert_human_TFs	v1.01
173	E2F4	False	not_present_in_current_rna_gene_universe	Lambert_human_TFs	v1.01
174	E2F5	False	not_present_in_current_rna_gene_universe	Lambert_human_TFs	v1.01
175	E2F6	False	not_present_in_current_rna_gene_universe	Lambert_human_TFs	v1.01
178	E4F1	False	not_present_in_current_rna_gene_universe	Lambert_human_TFs	v1.01
180	EBF2	False	not_present_in_current_rna_gene_universe	Lambert_human_TFs	v1.01
181	EBF3	False	not_present_in_current_rna_gene_universe	Lambert_human_TFs	v1.01
182	EBF4	False	not_present_in_current_rna_gene_universe	Lambert_human_TFs	v1.01
183	EEA1	False	not_present_in_current_rna_gene_universe	Lambert_human_TFs	v1.01
185	EGR2	False	not_present_in_current_rna_gene_universe	Lambert_human_TFs	v1.01
186	EGR3	False	not_present_in_current_rna_gene_universe	Lambert_human_TFs	v1.01
187	EGR4	False	not_present_in_current_rna_gene_universe	Lambert_human_TFs	v1.01
188	EHF	False	not_present_in_current_rna_gene_universe	Lambert_human_TFs	v1.01
189	ELF1	False	not_present_in_current_rna_gene_universe	Lambert_human_TFs	v1.01
190	ELF2	False	not_present_in_current_rna_gene_universe	Lambert_human_TFs	v1.01
191	ELF3	False	not_present_in_current_rna_gene_universe	Lambert_human_TFs	v1.01
192	ELF4	False	not_present_in_current_rna_gene_universe	Lambert_human_TFs	v1.01
193	ELF5	False	not_present_in_current_rna_gene_universe	Lambert_human_TFs	v1.01
194	ELK1	False	not_present_in_current_rna_gene_universe	Lambert_human_TFs	v1.01
195	ELK3	False	not_present_in_current_rna_gene_universe	Lambert_human_TFs	v1.01
196	ELK4	False	not_present_in_current_rna_gene_universe	Lambert_human_TFs	v1.01
197	EMX1	False	not_present_in_current_rna_gene_universe	Lambert_human_TFs	v1.01
198	EMX2	False	not_present_in_current_rna_gene_universe	Lambert_human_TFs	v1.01
199	EN1	False	not_present_in_current_rna_gene_universe	Lambert_human_TFs	v1.01
200	EN2	False	not_present_in_current_rna_gene_universe	Lambert_human_TFs	v1.01
201	EOMES	False	not_present_in_current_rna_gene_universe	Lambert_human_TFs	v1.01
203	ERF	False	not_present_in_current_rna_gene_universe	Lambert_human_TFs	v1.01
206	ESR2	False	not_present_in_current_rna_gene_universe	Lambert_human_TFs	v1.01
207	ESRRA	False	not_present_in_current_rna_gene_universe	Lambert_human_TFs	v1.01
209	ESRRG	False	not_present_in_current_rna_gene_universe	Lambert_human_TFs	v1.01
210	ESX1	False	not_present_in_current_rna_gene_universe	Lambert_human_TFs	v1.01
211	ETS1	False	not_present_in_current_rna_gene_universe	Lambert_human_TFs	v1.01
212	ETS2	False	not_present_in_current_rna_gene_universe	Lambert_human_TFs	v1.01
213	ETV1	False	not_present_in_current_rna_gene_universe	Lambert_human_TFs	v1.01
214	ETV2	False	not_present_in_current_rna_gene_universe	Lambert_human_TFs	v1.01
215	ETV3	False	not_present_in_current_rna_gene_universe	Lambert_human_TFs	v1.01
217	ETV4	False	not_present_in_current_rna_gene_universe	Lambert_human_TFs	v1.01
218	ETV5	False	not_present_in_current_rna_gene_universe	Lambert_human_TFs	v1.01
220	ETV7	False	not_present_in_current_rna_gene_universe	Lambert_human_TFs	v1.01
221	EVX1	False	not_present_in_current_rna_gene_universe	Lambert_human_TFs	v1.01
222	EVX2	False	not_present_in_current_rna_gene_universe	Lambert_human_TFs	v1.01
223	FAM170A	False	not_present_in_current_rna_gene_universe	Lambert_human_TFs	v1.01
224	FAM200B	False	not_present_in_current_rna_gene_universe	Lambert_human_TFs	v1.01
225	FBXL19	False	not_present_in_current_rna_gene_universe	Lambert_human_TFs	v1.01
226	FERD3L	False	not_present_in_current_rna_gene_universe	Lambert_human_TFs	v1.01
227	FEV	False	not_present_in_current_rna_gene_universe	Lambert_human_TFs	v1.01
228	FEZF1	False	not_present_in_current_rna_gene_universe	Lambert_human_TFs	v1.01
229	FEZF2	False	not_present_in_current_rna_gene_universe	Lambert_human_TFs	v1.01
230	FIGLA	False	not_present_in_current_rna_gene_universe	Lambert_human_TFs	v1.01
231	FIZ1	False	not_present_in_current_rna_gene_universe	Lambert_human_TFs	v1.01
232	FLI1	False	not_present_in_current_rna_gene_universe	Lambert_human_TFs	v1.01
233	FLYWCH1	False	not_present_in_current_rna_gene_universe	Lambert_human_TFs	v1.01
237	FOSL2	False	not_present_in_current_rna_gene_universe	Lambert_human_TFs	v1.01
238	FOXA1	False	not_present_in_current_rna_gene_universe	Lambert_human_TFs	v1.01
239	FOXA2	False	not_present_in_current_rna_gene_universe	Lambert_human_TFs	v1.01
240	FOXA3	False	not_present_in_current_rna_gene_universe	Lambert_human_TFs	v1.01
241	FOXB1	False	not_present_in_current_rna_gene_universe	Lambert_human_TFs	v1.01
242	FOXB2	False	not_present_in_current_rna_gene_universe	Lambert_human_TFs	v1.01
243	FOXC1	False	not_present_in_current_rna_gene_universe	Lambert_human_TFs	v1.01
244	FOXC2	False	not_present_in_current_rna_gene_universe	Lambert_human_TFs	v1.01
245	FOXD1	False	not_present_in_current_rna_gene_universe	Lambert_human_TFs	v1.01
246	FOXD2	False	not_present_in_current_rna_gene_universe	Lambert_human_TFs	v1.01
247	FOXD3	False	not_present_in_current_rna_gene_universe	Lambert_human_TFs	v1.01
248	FOXD4	False	not_present_in_current_rna_gene_universe	Lambert_human_TFs	v1.01
249	FOXD4L1	False	not_present_in_current_rna_gene_universe	Lambert_human_TFs	v1.01
250	FOXD4L3	False	not_present_in_current_rna_gene_universe	Lambert_human_TFs	v1.01
251	FOXD4L4	False	not_present_in_current_rna_gene_universe	Lambert_human_TFs	v1.01
252	FOXD4L5	False	not_present_in_current_rna_gene_universe	Lambert_human_TFs	v1.01
253	FOXD4L6	False	not_present_in_current_rna_gene_universe	Lambert_human_TFs	v1.01
254	FOXE1	False	not_present_in_current_rna_gene_universe	Lambert_human_TFs	v1.01
255	FOXE3	False	not_present_in_current_rna_gene_universe	Lambert_human_TFs	v1.01
256	FOXF1	False	not_present_in_current_rna_gene_universe	Lambert_human_TFs	v1.01
257	FOXF2	False	not_present_in_current_rna_gene_universe	Lambert_human_TFs	v1.01
258	FOXG1	False	not_present_in_current_rna_gene_universe	Lambert_human_TFs	v1.01
259	FOXH1	False	not_present_in_current_rna_gene_universe	Lambert_human_TFs	v1.01
260	FOXI1	False	not_present_in_current_rna_gene_universe	Lambert_human_TFs	v1.01
261	FOXI2	False	not_present_in_current_rna_gene_universe	Lambert_human_TFs	v1.01
262	FOXI3	False	not_present_in_current_rna_gene_universe	Lambert_human_TFs	v1.01
264	FOXJ2	False	not_present_in_current_rna_gene_universe	Lambert_human_TFs	v1.01
265	FOXJ3	False	not_present_in_current_rna_gene_universe	Lambert_human_TFs	v1.01
266	FOXK1	False	not_present_in_current_rna_gene_universe	Lambert_human_TFs	v1.01
267	FOXK2	False	not_present_in_current_rna_gene_universe	Lambert_human_TFs	v1.01
268	FOXL1	False	not_present_in_current_rna_gene_universe	Lambert_human_TFs	v1.01
269	FOXL2	False	not_present_in_current_rna_gene_universe	Lambert_human_TFs	v1.01
270	FOXM1	False	not_present_in_current_rna_gene_universe	Lambert_human_TFs	v1.01
271	FOXN1	False	not_present_in_current_rna_gene_universe	Lambert_human_TFs	v1.01
273	FOXN3	False	not_present_in_current_rna_gene_universe	Lambert_human_TFs	v1.01
274	FOXN4	False	not_present_in_current_rna_gene_universe	Lambert_human_TFs	v1.01
275	FOXO1	False	not_present_in_current_rna_gene_universe	Lambert_human_TFs	v1.01
277	FOXO4	False	not_present_in_current_rna_gene_universe	Lambert_human_TFs	v1.01
278	FOXO6	False	not_present_in_current_rna_gene_universe	Lambert_human_TFs	v1.01
279	FOXP1	False	not_present_in_current_rna_gene_universe	Lambert_human_TFs	v1.01
280	FOXP2	False	not_present_in_current_rna_gene_universe	Lambert_human_TFs	v1.01
282	FOXP4	False	not_present_in_current_rna_gene_universe	Lambert_human_TFs	v1.01
283	FOXQ1	False	not_present_in_current_rna_gene_universe	Lambert_human_TFs	v1.01
284	FOXR1	False	not_present_in_current_rna_gene_universe	Lambert_human_TFs	v1.01
285	FOXR2	False	not_present_in_current_rna_gene_universe	Lambert_human_TFs	v1.01
286	FOXS1	False	not_present_in_current_rna_gene_universe	Lambert_human_TFs	v1.01
287	GABPA	False	not_present_in_current_rna_gene_universe	Lambert_human_TFs	v1.01
291	GATA4	False	not_present_in_current_rna_gene_universe	Lambert_human_TFs	v1.01
292	GATA5	False	not_present_in_current_rna_gene_universe	Lambert_human_TFs	v1.01
293	GATA6	False	not_present_in_current_rna_gene_universe	Lambert_human_TFs	v1.01
294	GATAD2A	False	not_present_in_current_rna_gene_universe	Lambert_human_TFs	v1.01
295	GATAD2B	False	not_present_in_current_rna_gene_universe	Lambert_human_TFs	v1.01
296	GBX1	False	not_present_in_current_rna_gene_universe	Lambert_human_TFs	v1.01
297	GBX2	False	not_present_in_current_rna_gene_universe	Lambert_human_TFs	v1.01
298	GCM1	False	not_present_in_current_rna_gene_universe	Lambert_human_TFs	v1.01
299	GCM2	False	not_present_in_current_rna_gene_universe	Lambert_human_TFs	v1.01
300	GFI1	False	not_present_in_current_rna_gene_universe	Lambert_human_TFs	v1.01
301	GFI1B	False	not_present_in_current_rna_gene_universe	Lambert_human_TFs	v1.01
302	GLI1	False	not_present_in_current_rna_gene_universe	Lambert_human_TFs	v1.01
303	GLI2	False	not_present_in_current_rna_gene_universe	Lambert_human_TFs	v1.01
304	GLI3	False	not_present_in_current_rna_gene_universe	Lambert_human_TFs	v1.01
305	GLI4	False	not_present_in_current_rna_gene_universe	Lambert_human_TFs	v1.01
307	GLIS2	False	not_present_in_current_rna_gene_universe	Lambert_human_TFs	v1.01
309	GLMP	False	not_present_in_current_rna_gene_universe	Lambert_human_TFs	v1.01
310	GLYR1	False	not_present_in_current_rna_gene_universe	Lambert_human_TFs	v1.01
311	GMEB1	False	not_present_in_current_rna_gene_universe	Lambert_human_TFs	v1.01
312	GMEB2	False	not_present_in_current_rna_gene_universe	Lambert_human_TFs	v1.01
313	GPBP1	False	not_present_in_current_rna_gene_universe	Lambert_human_TFs	v1.01
314	GPBP1L1	False	not_present_in_current_rna_gene_universe	Lambert_human_TFs	v1.01
315	GRHL1	False	not_present_in_current_rna_gene_universe	Lambert_human_TFs	v1.01
316	GRHL2	False	not_present_in_current_rna_gene_universe	Lambert_human_TFs	v1.01
317	GRHL3	False	not_present_in_current_rna_gene_universe	Lambert_human_TFs	v1.01
318	GSC	False	not_present_in_current_rna_gene_universe	Lambert_human_TFs	v1.01
319	GSC2	False	not_present_in_current_rna_gene_universe	Lambert_human_TFs	v1.01
320	GSX1	False	not_present_in_current_rna_gene_universe	Lambert_human_TFs	v1.01
321	GSX2	False	not_present_in_current_rna_gene_universe	Lambert_human_TFs	v1.01
322	GTF2B	False	not_present_in_current_rna_gene_universe	Lambert_human_TFs	v1.01
323	GTF2I	False	not_present_in_current_rna_gene_universe	Lambert_human_TFs	v1.01
324	GTF2IRD1	False	not_present_in_current_rna_gene_universe	Lambert_human_TFs	v1.01
325	GTF2IRD2	False	not_present_in_current_rna_gene_universe	Lambert_human_TFs	v1.01
326	GTF2IRD2B	False	not_present_in_current_rna_gene_universe	Lambert_human_TFs	v1.01
327	GTF3A	False	not_present_in_current_rna_gene_universe	Lambert_human_TFs	v1.01
328	GZF1	False	not_present_in_current_rna_gene_universe	Lambert_human_TFs	v1.01
329	HAND1	False	not_present_in_current_rna_gene_universe	Lambert_human_TFs	v1.01
330	HAND2	False	not_present_in_current_rna_gene_universe	Lambert_human_TFs	v1.01
331	HBP1	False	not_present_in_current_rna_gene_universe	Lambert_human_TFs	v1.01
333	HELT	False	not_present_in_current_rna_gene_universe	Lambert_human_TFs	v1.01
335	HES2	False	not_present_in_current_rna_gene_universe	Lambert_human_TFs	v1.01
336	HES3	False	not_present_in_current_rna_gene_universe	Lambert_human_TFs	v1.01
338	HES5	False	not_present_in_current_rna_gene_universe	Lambert_human_TFs	v1.01
339	HES6	False	not_present_in_current_rna_gene_universe	Lambert_human_TFs	v1.01
340	HES7	False	not_present_in_current_rna_gene_universe	Lambert_human_TFs	v1.01
342	HEY1	False	not_present_in_current_rna_gene_universe	Lambert_human_TFs	v1.01
343	HEY2	False	not_present_in_current_rna_gene_universe	Lambert_human_TFs	v1.01
344	HEYL	False	not_present_in_current_rna_gene_universe	Lambert_human_TFs	v1.01
345	HHEX	False	not_present_in_current_rna_gene_universe	Lambert_human_TFs	v1.01
346	HIC1	False	not_present_in_current_rna_gene_universe	Lambert_human_TFs	v1.01
347	HIC2	False	not_present_in_current_rna_gene_universe	Lambert_human_TFs	v1.01
349	HIF3A	False	not_present_in_current_rna_gene_universe	Lambert_human_TFs	v1.01
350	HINFP	False	not_present_in_current_rna_gene_universe	Lambert_human_TFs	v1.01
351	HIVEP1	False	not_present_in_current_rna_gene_universe	Lambert_human_TFs	v1.01
352	HIVEP2	False	not_present_in_current_rna_gene_universe	Lambert_human_TFs	v1.01
354	HKR1	False	not_present_in_current_rna_gene_universe	Lambert_human_TFs	v1.01
355	HLF	False	not_present_in_current_rna_gene_universe	Lambert_human_TFs	v1.01
356	HLX	False	not_present_in_current_rna_gene_universe	Lambert_human_TFs	v1.01
357	HMBOX1	False	not_present_in_current_rna_gene_universe	Lambert_human_TFs	v1.01
358	HMG20A	False	not_present_in_current_rna_gene_universe	Lambert_human_TFs	v1.01
359	HMG20B	False	not_present_in_current_rna_gene_universe	Lambert_human_TFs	v1.01
360	HMGA1	False	not_present_in_current_rna_gene_universe	Lambert_human_TFs	v1.01
362	HMGN3	False	not_present_in_current_rna_gene_universe	Lambert_human_TFs	v1.01
363	HMX1	False	not_present_in_current_rna_gene_universe	Lambert_human_TFs	v1.01
364	HMX2	False	not_present_in_current_rna_gene_universe	Lambert_human_TFs	v1.01
365	HMX3	False	not_present_in_current_rna_gene_universe	Lambert_human_TFs	v1.01
366	HNF1A	False	not_present_in_current_rna_gene_universe	Lambert_human_TFs	v1.01
367	HNF1B	False	not_present_in_current_rna_gene_universe	Lambert_human_TFs	v1.01
368	HNF4A	False	not_present_in_current_rna_gene_universe	Lambert_human_TFs	v1.01
369	HNF4G	False	not_present_in_current_rna_gene_universe	Lambert_human_TFs	v1.01
370	HOMEZ	False	not_present_in_current_rna_gene_universe	Lambert_human_TFs	v1.01
371	HOXA1	False	not_present_in_current_rna_gene_universe	Lambert_human_TFs	v1.01
372	HOXA10	False	not_present_in_current_rna_gene_universe	Lambert_human_TFs	v1.01
373	HOXA11	False	not_present_in_current_rna_gene_universe	Lambert_human_TFs	v1.01
374	HOXA13	False	not_present_in_current_rna_gene_universe	Lambert_human_TFs	v1.01
375	HOXA2	False	not_present_in_current_rna_gene_universe	Lambert_human_TFs	v1.01
376	HOXA3	False	not_present_in_current_rna_gene_universe	Lambert_human_TFs	v1.01
377	HOXA4	False	not_present_in_current_rna_gene_universe	Lambert_human_TFs	v1.01
378	HOXA5	False	not_present_in_current_rna_gene_universe	Lambert_human_TFs	v1.01
381	HOXA9	False	not_present_in_current_rna_gene_universe	Lambert_human_TFs	v1.01
382	HOXB1	False	not_present_in_current_rna_gene_universe	Lambert_human_TFs	v1.01
383	HOXB13	False	not_present_in_current_rna_gene_universe	Lambert_human_TFs	v1.01
384	HOXB2	False	not_present_in_current_rna_gene_universe	Lambert_human_TFs	v1.01
385	HOXB3	False	not_present_in_current_rna_gene_universe	Lambert_human_TFs	v1.01
386	HOXB4	False	not_present_in_current_rna_gene_universe	Lambert_human_TFs	v1.01
387	HOXB5	False	not_present_in_current_rna_gene_universe	Lambert_human_TFs	v1.01
388	HOXB6	False	not_present_in_current_rna_gene_universe	Lambert_human_TFs	v1.01
389	HOXB7	False	not_present_in_current_rna_gene_universe	Lambert_human_TFs	v1.01
390	HOXB8	False	not_present_in_current_rna_gene_universe	Lambert_human_TFs	v1.01
391	HOXB9	False	not_present_in_current_rna_gene_universe	Lambert_human_TFs	v1.01
392	HOXC10	False	not_present_in_current_rna_gene_universe	Lambert_human_TFs	v1.01
393	HOXC11	False	not_present_in_current_rna_gene_universe	Lambert_human_TFs	v1.01
394	HOXC12	False	not_present_in_current_rna_gene_universe	Lambert_human_TFs	v1.01
395	HOXC13	False	not_present_in_current_rna_gene_universe	Lambert_human_TFs	v1.01
396	HOXC4	False	not_present_in_current_rna_gene_universe	Lambert_human_TFs	v1.01
397	HOXC5	False	not_present_in_current_rna_gene_universe	Lambert_human_TFs	v1.01
398	HOXC6	False	not_present_in_current_rna_gene_universe	Lambert_human_TFs	v1.01
399	HOXC8	False	not_present_in_current_rna_gene_universe	Lambert_human_TFs	v1.01
400	HOXC9	False	not_present_in_current_rna_gene_universe	Lambert_human_TFs	v1.01
401	HOXD1	False	not_present_in_current_rna_gene_universe	Lambert_human_TFs	v1.01
402	HOXD10	False	not_present_in_current_rna_gene_universe	Lambert_human_TFs	v1.01
403	HOXD11	False	not_present_in_current_rna_gene_universe	Lambert_human_TFs	v1.01
404	HOXD12	False	not_present_in_current_rna_gene_universe	Lambert_human_TFs	v1.01
405	HOXD13	False	not_present_in_current_rna_gene_universe	Lambert_human_TFs	v1.01
406	HOXD3	False	not_present_in_current_rna_gene_universe	Lambert_human_TFs	v1.01
407	HOXD4	False	not_present_in_current_rna_gene_universe	Lambert_human_TFs	v1.01
408	HOXD8	False	not_present_in_current_rna_gene_universe	Lambert_human_TFs	v1.01
409	HOXD9	False	not_present_in_current_rna_gene_universe	Lambert_human_TFs	v1.01
410	HSF1	False	not_present_in_current_rna_gene_universe	Lambert_human_TFs	v1.01
411	HSF2	False	not_present_in_current_rna_gene_universe	Lambert_human_TFs	v1.01
412	HSF4	False	not_present_in_current_rna_gene_universe	Lambert_human_TFs	v1.01
413	HSF5	False	not_present_in_current_rna_gene_universe	Lambert_human_TFs	v1.01
414	HSFX1	False	not_present_in_current_rna_gene_universe	Lambert_human_TFs	v1.01
415	HSFX2	False	not_present_in_current_rna_gene_universe	Lambert_human_TFs	v1.01
416	HSFY1	False	not_present_in_current_rna_gene_universe	Lambert_human_TFs	v1.01
417	HSFY2	False	not_present_in_current_rna_gene_universe	Lambert_human_TFs	v1.01
418	IKZF1	False	not_present_in_current_rna_gene_universe	Lambert_human_TFs	v1.01
420	IKZF3	False	not_present_in_current_rna_gene_universe	Lambert_human_TFs	v1.01
421	IKZF4	False	not_present_in_current_rna_gene_universe	Lambert_human_TFs	v1.01
422	IKZF5	False	not_present_in_current_rna_gene_universe	Lambert_human_TFs	v1.01
423	INSM1	False	not_present_in_current_rna_gene_universe	Lambert_human_TFs	v1.01
424	INSM2	False	not_present_in_current_rna_gene_universe	Lambert_human_TFs	v1.01
425	IRF1	False	not_present_in_current_rna_gene_universe	Lambert_human_TFs	v1.01
426	IRF2	False	not_present_in_current_rna_gene_universe	Lambert_human_TFs	v1.01
427	IRF3	False	not_present_in_current_rna_gene_universe	Lambert_human_TFs	v1.01
429	IRF5	False	not_present_in_current_rna_gene_universe	Lambert_human_TFs	v1.01
430	IRF6	False	not_present_in_current_rna_gene_universe	Lambert_human_TFs	v1.01
433	IRF9	False	not_present_in_current_rna_gene_universe	Lambert_human_TFs	v1.01
434	IRX1	False	not_present_in_current_rna_gene_universe	Lambert_human_TFs	v1.01
435	IRX2	False	not_present_in_current_rna_gene_universe	Lambert_human_TFs	v1.01
436	IRX3	False	not_present_in_current_rna_gene_universe	Lambert_human_TFs	v1.01
437	IRX4	False	not_present_in_current_rna_gene_universe	Lambert_human_TFs	v1.01
438	IRX5	False	not_present_in_current_rna_gene_universe	Lambert_human_TFs	v1.01
439	IRX6	False	not_present_in_current_rna_gene_universe	Lambert_human_TFs	v1.01
440	ISL1	False	not_present_in_current_rna_gene_universe	Lambert_human_TFs	v1.01
441	ISL2	False	not_present_in_current_rna_gene_universe	Lambert_human_TFs	v1.01
442	ISX	False	not_present_in_current_rna_gene_universe	Lambert_human_TFs	v1.01
445	JRK	False	not_present_in_current_rna_gene_universe	Lambert_human_TFs	v1.01
446	JRKL	False	not_present_in_current_rna_gene_universe	Lambert_human_TFs	v1.01
448	JUNB	False	not_present_in_current_rna_gene_universe	Lambert_human_TFs	v1.01
449	JUND	False	not_present_in_current_rna_gene_universe	Lambert_human_TFs	v1.01
450	KAT7	False	not_present_in_current_rna_gene_universe	Lambert_human_TFs	v1.01
451	KCMF1	False	not_present_in_current_rna_gene_universe	Lambert_human_TFs	v1.01
452	KCNIP3	False	not_present_in_current_rna_gene_universe	Lambert_human_TFs	v1.01
453	KDM2A	False	not_present_in_current_rna_gene_universe	Lambert_human_TFs	v1.01
454	KDM2B	False	not_present_in_current_rna_gene_universe	Lambert_human_TFs	v1.01
455	KDM5B	False	not_present_in_current_rna_gene_universe	Lambert_human_TFs	v1.01
456	KIN	False	not_present_in_current_rna_gene_universe	Lambert_human_TFs	v1.01
458	KLF10	False	not_present_in_current_rna_gene_universe	Lambert_human_TFs	v1.01
459	KLF11	False	not_present_in_current_rna_gene_universe	Lambert_human_TFs	v1.01
460	KLF12	False	not_present_in_current_rna_gene_universe	Lambert_human_TFs	v1.01
461	KLF13	False	not_present_in_current_rna_gene_universe	Lambert_human_TFs	v1.01
462	KLF14	False	not_present_in_current_rna_gene_universe	Lambert_human_TFs	v1.01
463	KLF15	False	not_present_in_current_rna_gene_universe	Lambert_human_TFs	v1.01
464	KLF16	False	not_present_in_current_rna_gene_universe	Lambert_human_TFs	v1.01
465	KLF17	False	not_present_in_current_rna_gene_universe	Lambert_human_TFs	v1.01
466	KLF2	False	not_present_in_current_rna_gene_universe	Lambert_human_TFs	v1.01
467	KLF3	False	not_present_in_current_rna_gene_universe	Lambert_human_TFs	v1.01
470	KLF6	False	not_present_in_current_rna_gene_universe	Lambert_human_TFs	v1.01
471	KLF7	False	not_present_in_current_rna_gene_universe	Lambert_human_TFs	v1.01
472	KLF8	False	not_present_in_current_rna_gene_universe	Lambert_human_TFs	v1.01
473	KLF9	False	not_present_in_current_rna_gene_universe	Lambert_human_TFs	v1.01
474	KMT2A	False	not_present_in_current_rna_gene_universe	Lambert_human_TFs	v1.01
475	KMT2B	False	not_present_in_current_rna_gene_universe	Lambert_human_TFs	v1.01
476	L3MBTL1	False	not_present_in_current_rna_gene_universe	Lambert_human_TFs	v1.01
477	L3MBTL3	False	not_present_in_current_rna_gene_universe	Lambert_human_TFs	v1.01
479	LBX1	False	not_present_in_current_rna_gene_universe	Lambert_human_TFs	v1.01
480	LBX2	False	not_present_in_current_rna_gene_universe	Lambert_human_TFs	v1.01
481	LCOR	False	not_present_in_current_rna_gene_universe	Lambert_human_TFs	v1.01
482	LCORL	False	not_present_in_current_rna_gene_universe	Lambert_human_TFs	v1.01
484	LEUTX	False	not_present_in_current_rna_gene_universe	Lambert_human_TFs	v1.01
485	LHX1	False	not_present_in_current_rna_gene_universe	Lambert_human_TFs	v1.01
486	LHX2	False	not_present_in_current_rna_gene_universe	Lambert_human_TFs	v1.01
487	LHX3	False	not_present_in_current_rna_gene_universe	Lambert_human_TFs	v1.01
488	LHX4	False	not_present_in_current_rna_gene_universe	Lambert_human_TFs	v1.01
489	LHX5	False	not_present_in_current_rna_gene_universe	Lambert_human_TFs	v1.01
490	LHX6	False	not_present_in_current_rna_gene_universe	Lambert_human_TFs	v1.01
491	LHX8	False	not_present_in_current_rna_gene_universe	Lambert_human_TFs	v1.01
492	LHX9	False	not_present_in_current_rna_gene_universe	Lambert_human_TFs	v1.01
493	LIN28A	False	not_present_in_current_rna_gene_universe	Lambert_human_TFs	v1.01
494	LIN28B	False	not_present_in_current_rna_gene_universe	Lambert_human_TFs	v1.01
495	LIN54	False	not_present_in_current_rna_gene_universe	Lambert_human_TFs	v1.01
496	LMX1A	False	not_present_in_current_rna_gene_universe	Lambert_human_TFs	v1.01
497	LMX1B	False	not_present_in_current_rna_gene_universe	Lambert_human_TFs	v1.01
498	LTF	False	not_present_in_current_rna_gene_universe	Lambert_human_TFs	v1.01
499	LYL1	False	not_present_in_current_rna_gene_universe	Lambert_human_TFs	v1.01
501	MAFA	False	not_present_in_current_rna_gene_universe	Lambert_human_TFs	v1.01
503	MAFF	False	not_present_in_current_rna_gene_universe	Lambert_human_TFs	v1.01
504	MAFG	False	not_present_in_current_rna_gene_universe	Lambert_human_TFs	v1.01
505	MAFK	False	not_present_in_current_rna_gene_universe	Lambert_human_TFs	v1.01
506	MAX	False	not_present_in_current_rna_gene_universe	Lambert_human_TFs	v1.01
507	MAZ	False	not_present_in_current_rna_gene_universe	Lambert_human_TFs	v1.01
508	MBD1	False	not_present_in_current_rna_gene_universe	Lambert_human_TFs	v1.01
509	MBD2	False	not_present_in_current_rna_gene_universe	Lambert_human_TFs	v1.01
510	MBD3	False	not_present_in_current_rna_gene_universe	Lambert_human_TFs	v1.01
511	MBD4	False	not_present_in_current_rna_gene_universe	Lambert_human_TFs	v1.01
512	MBD6	False	not_present_in_current_rna_gene_universe	Lambert_human_TFs	v1.01
513	MBNL2	False	not_present_in_current_rna_gene_universe	Lambert_human_TFs	v1.01
515	MECP2	False	not_present_in_current_rna_gene_universe	Lambert_human_TFs	v1.01
516	MEF2A	False	not_present_in_current_rna_gene_universe	Lambert_human_TFs	v1.01
517	MEF2B	False	not_present_in_current_rna_gene_universe	Lambert_human_TFs	v1.01
519	MEF2D	False	not_present_in_current_rna_gene_universe	Lambert_human_TFs	v1.01
521	MEIS2	False	not_present_in_current_rna_gene_universe	Lambert_human_TFs	v1.01
522	MEIS3	False	not_present_in_current_rna_gene_universe	Lambert_human_TFs	v1.01
523	MEOX1	False	not_present_in_current_rna_gene_universe	Lambert_human_TFs	v1.01
524	MEOX2	False	not_present_in_current_rna_gene_universe	Lambert_human_TFs	v1.01
525	MESP1	False	not_present_in_current_rna_gene_universe	Lambert_human_TFs	v1.01
526	MESP2	False	not_present_in_current_rna_gene_universe	Lambert_human_TFs	v1.01
527	MGA	False	not_present_in_current_rna_gene_universe	Lambert_human_TFs	v1.01
530	MKX	False	not_present_in_current_rna_gene_universe	Lambert_human_TFs	v1.01
531	MLX	False	not_present_in_current_rna_gene_universe	Lambert_human_TFs	v1.01
532	MLXIP	False	not_present_in_current_rna_gene_universe	Lambert_human_TFs	v1.01
533	MLXIPL	False	not_present_in_current_rna_gene_universe	Lambert_human_TFs	v1.01
534	MNT	False	not_present_in_current_rna_gene_universe	Lambert_human_TFs	v1.01
535	MNX1	False	not_present_in_current_rna_gene_universe	Lambert_human_TFs	v1.01
536	MSANTD1	False	not_present_in_current_rna_gene_universe	Lambert_human_TFs	v1.01
537	MSANTD3	False	not_present_in_current_rna_gene_universe	Lambert_human_TFs	v1.01
538	MSANTD4	False	not_present_in_current_rna_gene_universe	Lambert_human_TFs	v1.01
539	MSC	False	not_present_in_current_rna_gene_universe	Lambert_human_TFs	v1.01
540	MSGN1	False	not_present_in_current_rna_gene_universe	Lambert_human_TFs	v1.01
541	MSX1	False	not_present_in_current_rna_gene_universe	Lambert_human_TFs	v1.01
542	MSX2	False	not_present_in_current_rna_gene_universe	Lambert_human_TFs	v1.01
543	MTERF1	False	not_present_in_current_rna_gene_universe	Lambert_human_TFs	v1.01
544	MTERF2	False	not_present_in_current_rna_gene_universe	Lambert_human_TFs	v1.01
545	MTERF3	False	not_present_in_current_rna_gene_universe	Lambert_human_TFs	v1.01
546	MTERF4	False	not_present_in_current_rna_gene_universe	Lambert_human_TFs	v1.01
547	MTF1	False	not_present_in_current_rna_gene_universe	Lambert_human_TFs	v1.01
548	MTF2	False	not_present_in_current_rna_gene_universe	Lambert_human_TFs	v1.01
550	MXD3	False	not_present_in_current_rna_gene_universe	Lambert_human_TFs	v1.01
551	MXD4	False	not_present_in_current_rna_gene_universe	Lambert_human_TFs	v1.01
552	MXI1	False	not_present_in_current_rna_gene_universe	Lambert_human_TFs	v1.01
556	MYC	False	not_present_in_current_rna_gene_universe	Lambert_human_TFs	v1.01
557	MYCL	False	not_present_in_current_rna_gene_universe	Lambert_human_TFs	v1.01
558	MYCN	False	not_present_in_current_rna_gene_universe	Lambert_human_TFs	v1.01
559	MYF5	False	not_present_in_current_rna_gene_universe	Lambert_human_TFs	v1.01
560	MYF6	False	not_present_in_current_rna_gene_universe	Lambert_human_TFs	v1.01
561	MYNN	False	not_present_in_current_rna_gene_universe	Lambert_human_TFs	v1.01
562	MYOD1	False	not_present_in_current_rna_gene_universe	Lambert_human_TFs	v1.01
563	MYOG	False	not_present_in_current_rna_gene_universe	Lambert_human_TFs	v1.01
564	MYPOP	False	not_present_in_current_rna_gene_universe	Lambert_human_TFs	v1.01
565	MYRF	False	not_present_in_current_rna_gene_universe	Lambert_human_TFs	v1.01
566	MYRFL	False	not_present_in_current_rna_gene_universe	Lambert_human_TFs	v1.01
567	MYSM1	False	not_present_in_current_rna_gene_universe	Lambert_human_TFs	v1.01
568	MYT1	False	not_present_in_current_rna_gene_universe	Lambert_human_TFs	v1.01
569	MYT1L	False	not_present_in_current_rna_gene_universe	Lambert_human_TFs	v1.01
570	MZF1	False	not_present_in_current_rna_gene_universe	Lambert_human_TFs	v1.01
571	NACC2	False	not_present_in_current_rna_gene_universe	Lambert_human_TFs	v1.01
572	NAIF1	False	not_present_in_current_rna_gene_universe	Lambert_human_TFs	v1.01
573	NANOG	False	not_present_in_current_rna_gene_universe	Lambert_human_TFs	v1.01
574	NANOGNB	False	not_present_in_current_rna_gene_universe	Lambert_human_TFs	v1.01
575	NANOGP8	False	not_present_in_current_rna_gene_universe	Lambert_human_TFs	v1.01
576	NCOA1	False	not_present_in_current_rna_gene_universe	Lambert_human_TFs	v1.01
577	NCOA2	False	not_present_in_current_rna_gene_universe	Lambert_human_TFs	v1.01
578	NCOA3	False	not_present_in_current_rna_gene_universe	Lambert_human_TFs	v1.01
579	NEUROD1	False	not_present_in_current_rna_gene_universe	Lambert_human_TFs	v1.01
580	NEUROD2	False	not_present_in_current_rna_gene_universe	Lambert_human_TFs	v1.01
581	NEUROD4	False	not_present_in_current_rna_gene_universe	Lambert_human_TFs	v1.01
582	NEUROD6	False	not_present_in_current_rna_gene_universe	Lambert_human_TFs	v1.01
583	NEUROG1	False	not_present_in_current_rna_gene_universe	Lambert_human_TFs	v1.01
584	NEUROG2	False	not_present_in_current_rna_gene_universe	Lambert_human_TFs	v1.01
585	NEUROG3	False	not_present_in_current_rna_gene_universe	Lambert_human_TFs	v1.01
586	NFAT5	False	not_present_in_current_rna_gene_universe	Lambert_human_TFs	v1.01
587	NFATC1	False	not_present_in_current_rna_gene_universe	Lambert_human_TFs	v1.01
588	NFATC2	False	not_present_in_current_rna_gene_universe	Lambert_human_TFs	v1.01
589	NFATC3	False	not_present_in_current_rna_gene_universe	Lambert_human_TFs	v1.01
591	NFE2	False	not_present_in_current_rna_gene_universe	Lambert_human_TFs	v1.01
592	NFE2L1	False	not_present_in_current_rna_gene_universe	Lambert_human_TFs	v1.01
593	NFE2L2	False	not_present_in_current_rna_gene_universe	Lambert_human_TFs	v1.01
594	NFE2L3	False	not_present_in_current_rna_gene_universe	Lambert_human_TFs	v1.01
595	NFE4	False	not_present_in_current_rna_gene_universe	Lambert_human_TFs	v1.01
597	NFIB	False	not_present_in_current_rna_gene_universe	Lambert_human_TFs	v1.01
598	NFIC	False	not_present_in_current_rna_gene_universe	Lambert_human_TFs	v1.01
600	NFIX	False	not_present_in_current_rna_gene_universe	Lambert_human_TFs	v1.01
601	NFKB1	False	not_present_in_current_rna_gene_universe	Lambert_human_TFs	v1.01
602	NFKB2	False	not_present_in_current_rna_gene_universe	Lambert_human_TFs	v1.01
603	NFX1	False	not_present_in_current_rna_gene_universe	Lambert_human_TFs	v1.01
604	NFXL1	False	not_present_in_current_rna_gene_universe	Lambert_human_TFs	v1.01
605	NFYA	False	not_present_in_current_rna_gene_universe	Lambert_human_TFs	v1.01
606	NFYB	False	not_present_in_current_rna_gene_universe	Lambert_human_TFs	v1.01
607	NFYC	False	not_present_in_current_rna_gene_universe	Lambert_human_TFs	v1.01
608	NHLH1	False	not_present_in_current_rna_gene_universe	Lambert_human_TFs	v1.01
609	NHLH2	False	not_present_in_current_rna_gene_universe	Lambert_human_TFs	v1.01
610	NKRF	False	not_present_in_current_rna_gene_universe	Lambert_human_TFs	v1.01
611	NKX1-1	False	not_present_in_current_rna_gene_universe	Lambert_human_TFs	v1.01
612	NKX1-2	False	not_present_in_current_rna_gene_universe	Lambert_human_TFs	v1.01
613	NKX2-1	False	not_present_in_current_rna_gene_universe	Lambert_human_TFs	v1.01
614	NKX2-2	False	not_present_in_current_rna_gene_universe	Lambert_human_TFs	v1.01
615	NKX2-3	False	not_present_in_current_rna_gene_universe	Lambert_human_TFs	v1.01
616	NKX2-4	False	not_present_in_current_rna_gene_universe	Lambert_human_TFs	v1.01
617	NKX2-5	False	not_present_in_current_rna_gene_universe	Lambert_human_TFs	v1.01
618	NKX2-6	False	not_present_in_current_rna_gene_universe	Lambert_human_TFs	v1.01
619	NKX2-8	False	not_present_in_current_rna_gene_universe	Lambert_human_TFs	v1.01
620	NKX3-1	False	not_present_in_current_rna_gene_universe	Lambert_human_TFs	v1.01
621	NKX3-2	False	not_present_in_current_rna_gene_universe	Lambert_human_TFs	v1.01
622	NKX6-1	False	not_present_in_current_rna_gene_universe	Lambert_human_TFs	v1.01
623	NKX6-2	False	not_present_in_current_rna_gene_universe	Lambert_human_TFs	v1.01
624	NKX6-3	False	not_present_in_current_rna_gene_universe	Lambert_human_TFs	v1.01
625	NME2	False	not_present_in_current_rna_gene_universe	Lambert_human_TFs	v1.01
626	NOBOX	False	not_present_in_current_rna_gene_universe	Lambert_human_TFs	v1.01
627	NOTO	False	not_present_in_current_rna_gene_universe	Lambert_human_TFs	v1.01
631	NPAS4	False	not_present_in_current_rna_gene_universe	Lambert_human_TFs	v1.01
632	NR0B1	False	not_present_in_current_rna_gene_universe	Lambert_human_TFs	v1.01
633	NR1D1	False	not_present_in_current_rna_gene_universe	Lambert_human_TFs	v1.01
634	NR1D2	False	not_present_in_current_rna_gene_universe	Lambert_human_TFs	v1.01
635	NR1H2	False	not_present_in_current_rna_gene_universe	Lambert_human_TFs	v1.01
636	NR1H3	False	not_present_in_current_rna_gene_universe	Lambert_human_TFs	v1.01
637	NR1H4	False	not_present_in_current_rna_gene_universe	Lambert_human_TFs	v1.01
638	NR1I2	False	not_present_in_current_rna_gene_universe	Lambert_human_TFs	v1.01
639	NR1I3	False	not_present_in_current_rna_gene_universe	Lambert_human_TFs	v1.01
640	NR2C1	False	not_present_in_current_rna_gene_universe	Lambert_human_TFs	v1.01
641	NR2C2	False	not_present_in_current_rna_gene_universe	Lambert_human_TFs	v1.01
642	NR2E1	False	not_present_in_current_rna_gene_universe	Lambert_human_TFs	v1.01
643	NR2E3	False	not_present_in_current_rna_gene_universe	Lambert_human_TFs	v1.01
644	NR2F1	False	not_present_in_current_rna_gene_universe	Lambert_human_TFs	v1.01
645	NR2F2	False	not_present_in_current_rna_gene_universe	Lambert_human_TFs	v1.01
646	NR2F6	False	not_present_in_current_rna_gene_universe	Lambert_human_TFs	v1.01
647	NR3C1	False	not_present_in_current_rna_gene_universe	Lambert_human_TFs	v1.01
652	NR5A1	False	not_present_in_current_rna_gene_universe	Lambert_human_TFs	v1.01
653	NR5A2	False	not_present_in_current_rna_gene_universe	Lambert_human_TFs	v1.01
655	NRF1	False	not_present_in_current_rna_gene_universe	Lambert_human_TFs	v1.01
656	NRL	False	not_present_in_current_rna_gene_universe	Lambert_human_TFs	v1.01
657	OLIG1	False	not_present_in_current_rna_gene_universe	Lambert_human_TFs	v1.01
658	OLIG2	False	not_present_in_current_rna_gene_universe	Lambert_human_TFs	v1.01
659	OLIG3	False	not_present_in_current_rna_gene_universe	Lambert_human_TFs	v1.01
660	ONECUT1	False	not_present_in_current_rna_gene_universe	Lambert_human_TFs	v1.01
661	ONECUT2	False	not_present_in_current_rna_gene_universe	Lambert_human_TFs	v1.01
662	ONECUT3	False	not_present_in_current_rna_gene_universe	Lambert_human_TFs	v1.01
663	OSR1	False	not_present_in_current_rna_gene_universe	Lambert_human_TFs	v1.01
664	OSR2	False	not_present_in_current_rna_gene_universe	Lambert_human_TFs	v1.01
665	OTP	False	not_present_in_current_rna_gene_universe	Lambert_human_TFs	v1.01
666	OTX1	False	not_present_in_current_rna_gene_universe	Lambert_human_TFs	v1.01
667	OTX2	False	not_present_in_current_rna_gene_universe	Lambert_human_TFs	v1.01
668	OVOL1	False	not_present_in_current_rna_gene_universe	Lambert_human_TFs	v1.01
669	OVOL2	False	not_present_in_current_rna_gene_universe	Lambert_human_TFs	v1.01
670	OVOL3	False	not_present_in_current_rna_gene_universe	Lambert_human_TFs	v1.01
671	PA2G4	False	not_present_in_current_rna_gene_universe	Lambert_human_TFs	v1.01
672	PATZ1	False	not_present_in_current_rna_gene_universe	Lambert_human_TFs	v1.01
673	PAX1	False	not_present_in_current_rna_gene_universe	Lambert_human_TFs	v1.01
674	PAX2	False	not_present_in_current_rna_gene_universe	Lambert_human_TFs	v1.01
675	PAX3	False	not_present_in_current_rna_gene_universe	Lambert_human_TFs	v1.01
676	PAX4	False	not_present_in_current_rna_gene_universe	Lambert_human_TFs	v1.01
678	PAX6	False	not_present_in_current_rna_gene_universe	Lambert_human_TFs	v1.01
679	PAX7	False	not_present_in_current_rna_gene_universe	Lambert_human_TFs	v1.01
680	PAX8	False	not_present_in_current_rna_gene_universe	Lambert_human_TFs	v1.01
681	PAX9	False	not_present_in_current_rna_gene_universe	Lambert_human_TFs	v1.01
683	PBX2	False	not_present_in_current_rna_gene_universe	Lambert_human_TFs	v1.01
685	PBX4	False	not_present_in_current_rna_gene_universe	Lambert_human_TFs	v1.01
686	PCGF2	False	not_present_in_current_rna_gene_universe	Lambert_human_TFs	v1.01
687	PCGF6	False	not_present_in_current_rna_gene_universe	Lambert_human_TFs	v1.01
688	PDX1	False	not_present_in_current_rna_gene_universe	Lambert_human_TFs	v1.01
689	PEG3	False	not_present_in_current_rna_gene_universe	Lambert_human_TFs	v1.01
690	PGR	False	not_present_in_current_rna_gene_universe	Lambert_human_TFs	v1.01
691	PHF1	False	not_present_in_current_rna_gene_universe	Lambert_human_TFs	v1.01
692	PHF19	False	not_present_in_current_rna_gene_universe	Lambert_human_TFs	v1.01
693	PHF20	False	not_present_in_current_rna_gene_universe	Lambert_human_TFs	v1.01
694	PHF21A	False	not_present_in_current_rna_gene_universe	Lambert_human_TFs	v1.01
695	PHOX2A	False	not_present_in_current_rna_gene_universe	Lambert_human_TFs	v1.01
696	PHOX2B	False	not_present_in_current_rna_gene_universe	Lambert_human_TFs	v1.01
697	PIN1	False	not_present_in_current_rna_gene_universe	Lambert_human_TFs	v1.01
698	PITX1	False	not_present_in_current_rna_gene_universe	Lambert_human_TFs	v1.01
699	PITX2	False	not_present_in_current_rna_gene_universe	Lambert_human_TFs	v1.01
700	PITX3	False	not_present_in_current_rna_gene_universe	Lambert_human_TFs	v1.01
701	PKNOX1	False	not_present_in_current_rna_gene_universe	Lambert_human_TFs	v1.01
702	PKNOX2	False	not_present_in_current_rna_gene_universe	Lambert_human_TFs	v1.01
703	PLAG1	False	not_present_in_current_rna_gene_universe	Lambert_human_TFs	v1.01
705	PLAGL2	False	not_present_in_current_rna_gene_universe	Lambert_human_TFs	v1.01
707	POGK	False	not_present_in_current_rna_gene_universe	Lambert_human_TFs	v1.01
708	POU1F1	False	not_present_in_current_rna_gene_universe	Lambert_human_TFs	v1.01
710	POU2F1	False	not_present_in_current_rna_gene_universe	Lambert_human_TFs	v1.01
712	POU2F3	False	not_present_in_current_rna_gene_universe	Lambert_human_TFs	v1.01
713	POU3F1	False	not_present_in_current_rna_gene_universe	Lambert_human_TFs	v1.01
714	POU3F2	False	not_present_in_current_rna_gene_universe	Lambert_human_TFs	v1.01
715	POU3F3	False	not_present_in_current_rna_gene_universe	Lambert_human_TFs	v1.01
716	POU3F4	False	not_present_in_current_rna_gene_universe	Lambert_human_TFs	v1.01
717	POU4F1	False	not_present_in_current_rna_gene_universe	Lambert_human_TFs	v1.01
718	POU4F2	False	not_present_in_current_rna_gene_universe	Lambert_human_TFs	v1.01
719	POU4F3	False	not_present_in_current_rna_gene_universe	Lambert_human_TFs	v1.01
720	POU5F1	False	not_present_in_current_rna_gene_universe	Lambert_human_TFs	v1.01
721	POU5F1B	False	not_present_in_current_rna_gene_universe	Lambert_human_TFs	v1.01
722	POU5F2	False	not_present_in_current_rna_gene_universe	Lambert_human_TFs	v1.01
723	POU6F1	False	not_present_in_current_rna_gene_universe	Lambert_human_TFs	v1.01
726	PPARD	False	not_present_in_current_rna_gene_universe	Lambert_human_TFs	v1.01
729	PRDM10	False	not_present_in_current_rna_gene_universe	Lambert_human_TFs	v1.01
730	PRDM12	False	not_present_in_current_rna_gene_universe	Lambert_human_TFs	v1.01
731	PRDM13	False	not_present_in_current_rna_gene_universe	Lambert_human_TFs	v1.01
732	PRDM14	False	not_present_in_current_rna_gene_universe	Lambert_human_TFs	v1.01
733	PRDM15	False	not_present_in_current_rna_gene_universe	Lambert_human_TFs	v1.01
734	PRDM16	False	not_present_in_current_rna_gene_universe	Lambert_human_TFs	v1.01
735	PRDM2	False	not_present_in_current_rna_gene_universe	Lambert_human_TFs	v1.01
736	PRDM4	False	not_present_in_current_rna_gene_universe	Lambert_human_TFs	v1.01
738	PRDM6	False	not_present_in_current_rna_gene_universe	Lambert_human_TFs	v1.01
739	PRDM8	False	not_present_in_current_rna_gene_universe	Lambert_human_TFs	v1.01
740	PRDM9	False	not_present_in_current_rna_gene_universe	Lambert_human_TFs	v1.01
741	PREB	False	not_present_in_current_rna_gene_universe	Lambert_human_TFs	v1.01
742	PRMT3	False	not_present_in_current_rna_gene_universe	Lambert_human_TFs	v1.01
743	PROP1	False	not_present_in_current_rna_gene_universe	Lambert_human_TFs	v1.01
744	PROX1	False	not_present_in_current_rna_gene_universe	Lambert_human_TFs	v1.01
745	PROX2	False	not_present_in_current_rna_gene_universe	Lambert_human_TFs	v1.01
746	PRR12	False	not_present_in_current_rna_gene_universe	Lambert_human_TFs	v1.01
747	PRRX1	False	not_present_in_current_rna_gene_universe	Lambert_human_TFs	v1.01
748	PRRX2	False	not_present_in_current_rna_gene_universe	Lambert_human_TFs	v1.01
749	PTF1A	False	not_present_in_current_rna_gene_universe	Lambert_human_TFs	v1.01
750	PURA	False	not_present_in_current_rna_gene_universe	Lambert_human_TFs	v1.01
751	PURB	False	not_present_in_current_rna_gene_universe	Lambert_human_TFs	v1.01
752	PURG	False	not_present_in_current_rna_gene_universe	Lambert_human_TFs	v1.01
753	RAG1	False	not_present_in_current_rna_gene_universe	Lambert_human_TFs	v1.01
754	RARA	False	not_present_in_current_rna_gene_universe	Lambert_human_TFs	v1.01
755	RARB	False	not_present_in_current_rna_gene_universe	Lambert_human_TFs	v1.01
756	RARG	False	not_present_in_current_rna_gene_universe	Lambert_human_TFs	v1.01
757	RAX	False	not_present_in_current_rna_gene_universe	Lambert_human_TFs	v1.01
758	RAX2	False	not_present_in_current_rna_gene_universe	Lambert_human_TFs	v1.01
759	RBAK	False	not_present_in_current_rna_gene_universe	Lambert_human_TFs	v1.01
760	RBCK1	False	not_present_in_current_rna_gene_universe	Lambert_human_TFs	v1.01
761	RBPJ	False	not_present_in_current_rna_gene_universe	Lambert_human_TFs	v1.01
762	RBPJL	False	not_present_in_current_rna_gene_universe	Lambert_human_TFs	v1.01
763	RBSN	False	not_present_in_current_rna_gene_universe	Lambert_human_TFs	v1.01
764	REL	False	not_present_in_current_rna_gene_universe	Lambert_human_TFs	v1.01
765	RELA	False	not_present_in_current_rna_gene_universe	Lambert_human_TFs	v1.01
766	RELB	False	not_present_in_current_rna_gene_universe	Lambert_human_TFs	v1.01
767	REPIN1	False	not_present_in_current_rna_gene_universe	Lambert_human_TFs	v1.01
768	REST	False	not_present_in_current_rna_gene_universe	Lambert_human_TFs	v1.01
769	REXO4	False	not_present_in_current_rna_gene_universe	Lambert_human_TFs	v1.01
770	RFX1	False	not_present_in_current_rna_gene_universe	Lambert_human_TFs	v1.01
772	RFX3	False	not_present_in_current_rna_gene_universe	Lambert_human_TFs	v1.01
773	RFX4	False	not_present_in_current_rna_gene_universe	Lambert_human_TFs	v1.01
774	RFX5	False	not_present_in_current_rna_gene_universe	Lambert_human_TFs	v1.01
775	RFX6	False	not_present_in_current_rna_gene_universe	Lambert_human_TFs	v1.01
776	RFX7	False	not_present_in_current_rna_gene_universe	Lambert_human_TFs	v1.01
778	RHOXF1	False	not_present_in_current_rna_gene_universe	Lambert_human_TFs	v1.01
779	RHOXF2	False	not_present_in_current_rna_gene_universe	Lambert_human_TFs	v1.01
780	RHOXF2B	False	not_present_in_current_rna_gene_universe	Lambert_human_TFs	v1.01
781	RLF	False	not_present_in_current_rna_gene_universe	Lambert_human_TFs	v1.01
783	RORB	False	not_present_in_current_rna_gene_universe	Lambert_human_TFs	v1.01
784	RORC	False	not_present_in_current_rna_gene_universe	Lambert_human_TFs	v1.01
785	RREB1	False	not_present_in_current_rna_gene_universe	Lambert_human_TFs	v1.01
786	RUNX1	False	not_present_in_current_rna_gene_universe	Lambert_human_TFs	v1.01
788	RUNX3	False	not_present_in_current_rna_gene_universe	Lambert_human_TFs	v1.01
790	RXRB	False	not_present_in_current_rna_gene_universe	Lambert_human_TFs	v1.01
791	RXRG	False	not_present_in_current_rna_gene_universe	Lambert_human_TFs	v1.01
792	SAFB	False	not_present_in_current_rna_gene_universe	Lambert_human_TFs	v1.01
793	SAFB2	False	not_present_in_current_rna_gene_universe	Lambert_human_TFs	v1.01
794	SALL1	False	not_present_in_current_rna_gene_universe	Lambert_human_TFs	v1.01
795	SALL2	False	not_present_in_current_rna_gene_universe	Lambert_human_TFs	v1.01
796	SALL3	False	not_present_in_current_rna_gene_universe	Lambert_human_TFs	v1.01
797	SALL4	False	not_present_in_current_rna_gene_universe	Lambert_human_TFs	v1.01
798	SATB1	False	not_present_in_current_rna_gene_universe	Lambert_human_TFs	v1.01
799	SATB2	False	not_present_in_current_rna_gene_universe	Lambert_human_TFs	v1.01
801	SCML4	False	not_present_in_current_rna_gene_universe	Lambert_human_TFs	v1.01
802	SCRT1	False	not_present_in_current_rna_gene_universe	Lambert_human_TFs	v1.01
803	SCRT2	False	not_present_in_current_rna_gene_universe	Lambert_human_TFs	v1.01
804	SCX	False	not_present_in_current_rna_gene_universe	Lambert_human_TFs	v1.01
805	SEBOX	False	not_present_in_current_rna_gene_universe	Lambert_human_TFs	v1.01
807	SETDB1	False	not_present_in_current_rna_gene_universe	Lambert_human_TFs	v1.01
808	SETDB2	False	not_present_in_current_rna_gene_universe	Lambert_human_TFs	v1.01
809	SGSM2	False	not_present_in_current_rna_gene_universe	Lambert_human_TFs	v1.01
810	SHOX	False	not_present_in_current_rna_gene_universe	Lambert_human_TFs	v1.01
811	SHOX2	False	not_present_in_current_rna_gene_universe	Lambert_human_TFs	v1.01
812	SIM1	False	not_present_in_current_rna_gene_universe	Lambert_human_TFs	v1.01
814	SIX1	False	not_present_in_current_rna_gene_universe	Lambert_human_TFs	v1.01
815	SIX2	False	not_present_in_current_rna_gene_universe	Lambert_human_TFs	v1.01
816	SIX3	False	not_present_in_current_rna_gene_universe	Lambert_human_TFs	v1.01
817	SIX4	False	not_present_in_current_rna_gene_universe	Lambert_human_TFs	v1.01
818	SIX5	False	not_present_in_current_rna_gene_universe	Lambert_human_TFs	v1.01
819	SIX6	False	not_present_in_current_rna_gene_universe	Lambert_human_TFs	v1.01
820	SKI	False	not_present_in_current_rna_gene_universe	Lambert_human_TFs	v1.01
821	SKIL	False	not_present_in_current_rna_gene_universe	Lambert_human_TFs	v1.01
822	SKOR1	False	not_present_in_current_rna_gene_universe	Lambert_human_TFs	v1.01
823	SKOR2	False	not_present_in_current_rna_gene_universe	Lambert_human_TFs	v1.01
824	SLC2A4RG	False	not_present_in_current_rna_gene_universe	Lambert_human_TFs	v1.01
826	SMAD3	False	not_present_in_current_rna_gene_universe	Lambert_human_TFs	v1.01
827	SMAD4	False	not_present_in_current_rna_gene_universe	Lambert_human_TFs	v1.01
828	SMAD5	False	not_present_in_current_rna_gene_universe	Lambert_human_TFs	v1.01
829	SMAD9	False	not_present_in_current_rna_gene_universe	Lambert_human_TFs	v1.01
831	SNAI1	False	not_present_in_current_rna_gene_universe	Lambert_human_TFs	v1.01
832	SNAI2	False	not_present_in_current_rna_gene_universe	Lambert_human_TFs	v1.01
833	SNAI3	False	not_present_in_current_rna_gene_universe	Lambert_human_TFs	v1.01
834	SNAPC2	False	not_present_in_current_rna_gene_universe	Lambert_human_TFs	v1.01
835	SNAPC4	False	not_present_in_current_rna_gene_universe	Lambert_human_TFs	v1.01
836	SNAPC5	False	not_present_in_current_rna_gene_universe	Lambert_human_TFs	v1.01
837	SOHLH1	False	not_present_in_current_rna_gene_universe	Lambert_human_TFs	v1.01
838	SOHLH2	False	not_present_in_current_rna_gene_universe	Lambert_human_TFs	v1.01
839	SON	False	not_present_in_current_rna_gene_universe	Lambert_human_TFs	v1.01
840	SOX1	False	not_present_in_current_rna_gene_universe	Lambert_human_TFs	v1.01
842	SOX11	False	not_present_in_current_rna_gene_universe	Lambert_human_TFs	v1.01
843	SOX12	False	not_present_in_current_rna_gene_universe	Lambert_human_TFs	v1.01
844	SOX13	False	not_present_in_current_rna_gene_universe	Lambert_human_TFs	v1.01
845	SOX14	False	not_present_in_current_rna_gene_universe	Lambert_human_TFs	v1.01
846	SOX15	False	not_present_in_current_rna_gene_universe	Lambert_human_TFs	v1.01
847	SOX17	False	not_present_in_current_rna_gene_universe	Lambert_human_TFs	v1.01
848	SOX18	False	not_present_in_current_rna_gene_universe	Lambert_human_TFs	v1.01
849	SOX2	False	not_present_in_current_rna_gene_universe	Lambert_human_TFs	v1.01
850	SOX21	False	not_present_in_current_rna_gene_universe	Lambert_human_TFs	v1.01
851	SOX3	False	not_present_in_current_rna_gene_universe	Lambert_human_TFs	v1.01
852	SOX30	False	not_present_in_current_rna_gene_universe	Lambert_human_TFs	v1.01
855	SOX6	False	not_present_in_current_rna_gene_universe	Lambert_human_TFs	v1.01
856	SOX7	False	not_present_in_current_rna_gene_universe	Lambert_human_TFs	v1.01
857	SOX8	False	not_present_in_current_rna_gene_universe	Lambert_human_TFs	v1.01
858	SOX9	False	not_present_in_current_rna_gene_universe	Lambert_human_TFs	v1.01
859	SP1	False	not_present_in_current_rna_gene_universe	Lambert_human_TFs	v1.01
860	SP100	False	not_present_in_current_rna_gene_universe	Lambert_human_TFs	v1.01
861	SP110	False	not_present_in_current_rna_gene_universe	Lambert_human_TFs	v1.01
862	SP140	False	not_present_in_current_rna_gene_universe	Lambert_human_TFs	v1.01
863	SP140L	False	not_present_in_current_rna_gene_universe	Lambert_human_TFs	v1.01
864	SP2	False	not_present_in_current_rna_gene_universe	Lambert_human_TFs	v1.01
865	SP3	False	not_present_in_current_rna_gene_universe	Lambert_human_TFs	v1.01
866	SP4	False	not_present_in_current_rna_gene_universe	Lambert_human_TFs	v1.01
867	SP5	False	not_present_in_current_rna_gene_universe	Lambert_human_TFs	v1.01
868	SP6	False	not_present_in_current_rna_gene_universe	Lambert_human_TFs	v1.01
869	SP7	False	not_present_in_current_rna_gene_universe	Lambert_human_TFs	v1.01
870	SP8	False	not_present_in_current_rna_gene_universe	Lambert_human_TFs	v1.01
871	SP9	False	not_present_in_current_rna_gene_universe	Lambert_human_TFs	v1.01
872	SPDEF	False	not_present_in_current_rna_gene_universe	Lambert_human_TFs	v1.01
873	SPEN	False	not_present_in_current_rna_gene_universe	Lambert_human_TFs	v1.01
876	SPIC	False	not_present_in_current_rna_gene_universe	Lambert_human_TFs	v1.01
877	SPZ1	False	not_present_in_current_rna_gene_universe	Lambert_human_TFs	v1.01
878	SRCAP	False	not_present_in_current_rna_gene_universe	Lambert_human_TFs	v1.01
879	SREBF1	False	not_present_in_current_rna_gene_universe	Lambert_human_TFs	v1.01
880	SREBF2	False	not_present_in_current_rna_gene_universe	Lambert_human_TFs	v1.01
881	SRF	False	not_present_in_current_rna_gene_universe	Lambert_human_TFs	v1.01
882	SRY	False	not_present_in_current_rna_gene_universe	Lambert_human_TFs	v1.01
884	STAT1	False	not_present_in_current_rna_gene_universe	Lambert_human_TFs	v1.01
885	STAT2	False	not_present_in_current_rna_gene_universe	Lambert_human_TFs	v1.01
886	STAT3	False	not_present_in_current_rna_gene_universe	Lambert_human_TFs	v1.01
888	STAT5A	False	not_present_in_current_rna_gene_universe	Lambert_human_TFs	v1.01
889	STAT5B	False	not_present_in_current_rna_gene_universe	Lambert_human_TFs	v1.01
890	STAT6	False	not_present_in_current_rna_gene_universe	Lambert_human_TFs	v1.01
891	T	False	not_present_in_current_rna_gene_universe	Lambert_human_TFs	v1.01
893	TAL2	False	not_present_in_current_rna_gene_universe	Lambert_human_TFs	v1.01
894	TBP	False	not_present_in_current_rna_gene_universe	Lambert_human_TFs	v1.01
895	TBPL1	False	not_present_in_current_rna_gene_universe	Lambert_human_TFs	v1.01
896	TBPL2	False	not_present_in_current_rna_gene_universe	Lambert_human_TFs	v1.01
897	TBR1	False	not_present_in_current_rna_gene_universe	Lambert_human_TFs	v1.01
898	TBX1	False	not_present_in_current_rna_gene_universe	Lambert_human_TFs	v1.01
899	TBX10	False	not_present_in_current_rna_gene_universe	Lambert_human_TFs	v1.01
900	TBX15	False	not_present_in_current_rna_gene_universe	Lambert_human_TFs	v1.01
901	TBX18	False	not_present_in_current_rna_gene_universe	Lambert_human_TFs	v1.01
902	TBX19	False	not_present_in_current_rna_gene_universe	Lambert_human_TFs	v1.01
903	TBX2	False	not_present_in_current_rna_gene_universe	Lambert_human_TFs	v1.01
904	TBX20	False	not_present_in_current_rna_gene_universe	Lambert_human_TFs	v1.01
906	TBX22	False	not_present_in_current_rna_gene_universe	Lambert_human_TFs	v1.01
907	TBX3	False	not_present_in_current_rna_gene_universe	Lambert_human_TFs	v1.01
908	TBX4	False	not_present_in_current_rna_gene_universe	Lambert_human_TFs	v1.01
909	TBX5	False	not_present_in_current_rna_gene_universe	Lambert_human_TFs	v1.01
910	TBX6	False	not_present_in_current_rna_gene_universe	Lambert_human_TFs	v1.01
911	TCF12	False	not_present_in_current_rna_gene_universe	Lambert_human_TFs	v1.01
912	TCF15	False	not_present_in_current_rna_gene_universe	Lambert_human_TFs	v1.01
913	TCF20	False	not_present_in_current_rna_gene_universe	Lambert_human_TFs	v1.01
914	TCF21	False	not_present_in_current_rna_gene_universe	Lambert_human_TFs	v1.01
915	TCF23	False	not_present_in_current_rna_gene_universe	Lambert_human_TFs	v1.01
916	TCF24	False	not_present_in_current_rna_gene_universe	Lambert_human_TFs	v1.01
917	TCF3	False	not_present_in_current_rna_gene_universe	Lambert_human_TFs	v1.01
919	TCF7	False	not_present_in_current_rna_gene_universe	Lambert_human_TFs	v1.01
922	TCFL5	False	not_present_in_current_rna_gene_universe	Lambert_human_TFs	v1.01
923	TEAD1	False	not_present_in_current_rna_gene_universe	Lambert_human_TFs	v1.01
924	TEAD2	False	not_present_in_current_rna_gene_universe	Lambert_human_TFs	v1.01
925	TEAD3	False	not_present_in_current_rna_gene_universe	Lambert_human_TFs	v1.01
926	TEAD4	False	not_present_in_current_rna_gene_universe	Lambert_human_TFs	v1.01
927	TEF	False	not_present_in_current_rna_gene_universe	Lambert_human_TFs	v1.01
928	TERB1	False	not_present_in_current_rna_gene_universe	Lambert_human_TFs	v1.01
929	TERF1	False	not_present_in_current_rna_gene_universe	Lambert_human_TFs	v1.01
930	TERF2	False	not_present_in_current_rna_gene_universe	Lambert_human_TFs	v1.01
931	TET1	False	not_present_in_current_rna_gene_universe	Lambert_human_TFs	v1.01
934	TFAP2A	False	not_present_in_current_rna_gene_universe	Lambert_human_TFs	v1.01
935	TFAP2B	False	not_present_in_current_rna_gene_universe	Lambert_human_TFs	v1.01
936	TFAP2C	False	not_present_in_current_rna_gene_universe	Lambert_human_TFs	v1.01
937	TFAP2D	False	not_present_in_current_rna_gene_universe	Lambert_human_TFs	v1.01
938	TFAP2E	False	not_present_in_current_rna_gene_universe	Lambert_human_TFs	v1.01
939	TFAP4	False	not_present_in_current_rna_gene_universe	Lambert_human_TFs	v1.01
940	TFCP2	False	not_present_in_current_rna_gene_universe	Lambert_human_TFs	v1.01
941	TFCP2L1	False	not_present_in_current_rna_gene_universe	Lambert_human_TFs	v1.01
942	TFDP1	False	not_present_in_current_rna_gene_universe	Lambert_human_TFs	v1.01
944	TFDP3	False	not_present_in_current_rna_gene_universe	Lambert_human_TFs	v1.01
945	TFE3	False	not_present_in_current_rna_gene_universe	Lambert_human_TFs	v1.01
946	TFEB	False	not_present_in_current_rna_gene_universe	Lambert_human_TFs	v1.01
948	TGIF1	False	not_present_in_current_rna_gene_universe	Lambert_human_TFs	v1.01
949	TGIF2	False	not_present_in_current_rna_gene_universe	Lambert_human_TFs	v1.01
950	TGIF2LX	False	not_present_in_current_rna_gene_universe	Lambert_human_TFs	v1.01
951	TGIF2LY	False	not_present_in_current_rna_gene_universe	Lambert_human_TFs	v1.01
952	THAP1	False	not_present_in_current_rna_gene_universe	Lambert_human_TFs	v1.01
953	THAP10	False	not_present_in_current_rna_gene_universe	Lambert_human_TFs	v1.01
954	THAP11	False	not_present_in_current_rna_gene_universe	Lambert_human_TFs	v1.01
955	THAP12	False	not_present_in_current_rna_gene_universe	Lambert_human_TFs	v1.01
956	THAP2	False	not_present_in_current_rna_gene_universe	Lambert_human_TFs	v1.01
957	THAP3	False	not_present_in_current_rna_gene_universe	Lambert_human_TFs	v1.01
958	THAP4	False	not_present_in_current_rna_gene_universe	Lambert_human_TFs	v1.01
959	THAP5	False	not_present_in_current_rna_gene_universe	Lambert_human_TFs	v1.01
960	THAP6	False	not_present_in_current_rna_gene_universe	Lambert_human_TFs	v1.01
961	THAP7	False	not_present_in_current_rna_gene_universe	Lambert_human_TFs	v1.01
962	THAP8	False	not_present_in_current_rna_gene_universe	Lambert_human_TFs	v1.01
963	THAP9	False	not_present_in_current_rna_gene_universe	Lambert_human_TFs	v1.01
964	THRA	False	not_present_in_current_rna_gene_universe	Lambert_human_TFs	v1.01
966	THYN1	False	not_present_in_current_rna_gene_universe	Lambert_human_TFs	v1.01
967	TIGD1	False	not_present_in_current_rna_gene_universe	Lambert_human_TFs	v1.01
968	TIGD2	False	not_present_in_current_rna_gene_universe	Lambert_human_TFs	v1.01
969	TIGD3	False	not_present_in_current_rna_gene_universe	Lambert_human_TFs	v1.01
970	TIGD4	False	not_present_in_current_rna_gene_universe	Lambert_human_TFs	v1.01
971	TIGD5	False	not_present_in_current_rna_gene_universe	Lambert_human_TFs	v1.01
972	TIGD6	False	not_present_in_current_rna_gene_universe	Lambert_human_TFs	v1.01
973	TIGD7	False	not_present_in_current_rna_gene_universe	Lambert_human_TFs	v1.01
974	TLX1	False	not_present_in_current_rna_gene_universe	Lambert_human_TFs	v1.01
975	TLX2	False	not_present_in_current_rna_gene_universe	Lambert_human_TFs	v1.01
976	TLX3	False	not_present_in_current_rna_gene_universe	Lambert_human_TFs	v1.01
977	TMF1	False	not_present_in_current_rna_gene_universe	Lambert_human_TFs	v1.01
978	TOPORS	False	not_present_in_current_rna_gene_universe	Lambert_human_TFs	v1.01
979	TP53	False	not_present_in_current_rna_gene_universe	Lambert_human_TFs	v1.01
981	TP73	False	not_present_in_current_rna_gene_universe	Lambert_human_TFs	v1.01
982	TPRX1	False	not_present_in_current_rna_gene_universe	Lambert_human_TFs	v1.01
983	TRAFD1	False	not_present_in_current_rna_gene_universe	Lambert_human_TFs	v1.01
984	TRERF1	False	not_present_in_current_rna_gene_universe	Lambert_human_TFs	v1.01
986	TSC22D1	False	not_present_in_current_rna_gene_universe	Lambert_human_TFs	v1.01
987	TSHZ1	False	not_present_in_current_rna_gene_universe	Lambert_human_TFs	v1.01
990	TTF1	False	not_present_in_current_rna_gene_universe	Lambert_human_TFs	v1.01
991	TWIST1	False	not_present_in_current_rna_gene_universe	Lambert_human_TFs	v1.01
992	TWIST2	False	not_present_in_current_rna_gene_universe	Lambert_human_TFs	v1.01
993	UBP1	False	not_present_in_current_rna_gene_universe	Lambert_human_TFs	v1.01
994	UNCX	False	not_present_in_current_rna_gene_universe	Lambert_human_TFs	v1.01
995	USF1	False	not_present_in_current_rna_gene_universe	Lambert_human_TFs	v1.01
996	USF2	False	not_present_in_current_rna_gene_universe	Lambert_human_TFs	v1.01
997	USF3	False	not_present_in_current_rna_gene_universe	Lambert_human_TFs	v1.01
998	VAX1	False	not_present_in_current_rna_gene_universe	Lambert_human_TFs	v1.01
999	VAX2	False	not_present_in_current_rna_gene_universe	Lambert_human_TFs	v1.01
1001	VENTX	False	not_present_in_current_rna_gene_universe	Lambert_human_TFs	v1.01
1002	VEZF1	False	not_present_in_current_rna_gene_universe	Lambert_human_TFs	v1.01
1003	VSX1	False	not_present_in_current_rna_gene_universe	Lambert_human_TFs	v1.01
1004	VSX2	False	not_present_in_current_rna_gene_universe	Lambert_human_TFs	v1.01
1005	WIZ	False	not_present_in_current_rna_gene_universe	Lambert_human_TFs	v1.01
1006	WT1	False	not_present_in_current_rna_gene_universe	Lambert_human_TFs	v1.01
1008	XPA	False	not_present_in_current_rna_gene_universe	Lambert_human_TFs	v1.01
1009	YBX1	False	not_present_in_current_rna_gene_universe	Lambert_human_TFs	v1.01
1010	YBX2	False	not_present_in_current_rna_gene_universe	Lambert_human_TFs	v1.01
1012	YY1	False	not_present_in_current_rna_gene_universe	Lambert_human_TFs	v1.01
1013	YY2	False	not_present_in_current_rna_gene_universe	Lambert_human_TFs	v1.01
1014	ZBED1	False	not_present_in_current_rna_gene_universe	Lambert_human_TFs	v1.01
1015	ZBED2	False	not_present_in_current_rna_gene_universe	Lambert_human_TFs	v1.01
1016	ZBED3	False	not_present_in_current_rna_gene_universe	Lambert_human_TFs	v1.01
1017	ZBED4	False	not_present_in_current_rna_gene_universe	Lambert_human_TFs	v1.01
1018	ZBED5	False	not_present_in_current_rna_gene_universe	Lambert_human_TFs	v1.01
1019	ZBED6	False	not_present_in_current_rna_gene_universe	Lambert_human_TFs	v1.01
1020	ZBED9	False	not_present_in_current_rna_gene_universe	Lambert_human_TFs	v1.01
1021	ZBTB1	False	not_present_in_current_rna_gene_universe	Lambert_human_TFs	v1.01
1022	ZBTB10	False	not_present_in_current_rna_gene_universe	Lambert_human_TFs	v1.01
1023	ZBTB11	False	not_present_in_current_rna_gene_universe	Lambert_human_TFs	v1.01
1024	ZBTB12	False	not_present_in_current_rna_gene_universe	Lambert_human_TFs	v1.01
1025	ZBTB14	False	not_present_in_current_rna_gene_universe	Lambert_human_TFs	v1.01
1027	ZBTB17	False	not_present_in_current_rna_gene_universe	Lambert_human_TFs	v1.01
1028	ZBTB18	False	not_present_in_current_rna_gene_universe	Lambert_human_TFs	v1.01
1029	ZBTB2	False	not_present_in_current_rna_gene_universe	Lambert_human_TFs	v1.01
1030	ZBTB20	False	not_present_in_current_rna_gene_universe	Lambert_human_TFs	v1.01
1031	ZBTB21	False	not_present_in_current_rna_gene_universe	Lambert_human_TFs	v1.01
1032	ZBTB22	False	not_present_in_current_rna_gene_universe	Lambert_human_TFs	v1.01
1033	ZBTB24	False	not_present_in_current_rna_gene_universe	Lambert_human_TFs	v1.01
1034	ZBTB25	False	not_present_in_current_rna_gene_universe	Lambert_human_TFs	v1.01
1035	ZBTB26	False	not_present_in_current_rna_gene_universe	Lambert_human_TFs	v1.01
1036	ZBTB3	False	not_present_in_current_rna_gene_universe	Lambert_human_TFs	v1.01
1037	ZBTB32	False	not_present_in_current_rna_gene_universe	Lambert_human_TFs	v1.01
1038	ZBTB33	False	not_present_in_current_rna_gene_universe	Lambert_human_TFs	v1.01
1039	ZBTB34	False	not_present_in_current_rna_gene_universe	Lambert_human_TFs	v1.01
1040	ZBTB37	False	not_present_in_current_rna_gene_universe	Lambert_human_TFs	v1.01
1041	ZBTB38	False	not_present_in_current_rna_gene_universe	Lambert_human_TFs	v1.01
1042	ZBTB39	False	not_present_in_current_rna_gene_universe	Lambert_human_TFs	v1.01
1043	ZBTB4	False	not_present_in_current_rna_gene_universe	Lambert_human_TFs	v1.01
1044	ZBTB40	False	not_present_in_current_rna_gene_universe	Lambert_human_TFs	v1.01
1045	ZBTB41	False	not_present_in_current_rna_gene_universe	Lambert_human_TFs	v1.01
1046	ZBTB42	False	not_present_in_current_rna_gene_universe	Lambert_human_TFs	v1.01
1047	ZBTB43	False	not_present_in_current_rna_gene_universe	Lambert_human_TFs	v1.01
1048	ZBTB44	False	not_present_in_current_rna_gene_universe	Lambert_human_TFs	v1.01
1049	ZBTB45	False	not_present_in_current_rna_gene_universe	Lambert_human_TFs	v1.01
1051	ZBTB47	False	not_present_in_current_rna_gene_universe	Lambert_human_TFs	v1.01
1052	ZBTB48	False	not_present_in_current_rna_gene_universe	Lambert_human_TFs	v1.01
1053	ZBTB49	False	not_present_in_current_rna_gene_universe	Lambert_human_TFs	v1.01
1054	ZBTB5	False	not_present_in_current_rna_gene_universe	Lambert_human_TFs	v1.01
1055	ZBTB6	False	not_present_in_current_rna_gene_universe	Lambert_human_TFs	v1.01
1056	ZBTB7A	False	not_present_in_current_rna_gene_universe	Lambert_human_TFs	v1.01
1057	ZBTB7B	False	not_present_in_current_rna_gene_universe	Lambert_human_TFs	v1.01
1058	ZBTB7C	False	not_present_in_current_rna_gene_universe	Lambert_human_TFs	v1.01
1059	ZBTB8A	False	not_present_in_current_rna_gene_universe	Lambert_human_TFs	v1.01
1060	ZBTB8B	False	not_present_in_current_rna_gene_universe	Lambert_human_TFs	v1.01
1061	ZBTB9	False	not_present_in_current_rna_gene_universe	Lambert_human_TFs	v1.01
1062	ZC3H8	False	not_present_in_current_rna_gene_universe	Lambert_human_TFs	v1.01
1063	ZEB1	False	not_present_in_current_rna_gene_universe	Lambert_human_TFs	v1.01
1066	ZFHX2	False	not_present_in_current_rna_gene_universe	Lambert_human_TFs	v1.01
1068	ZFHX4	False	not_present_in_current_rna_gene_universe	Lambert_human_TFs	v1.01
1069	ZFP1	False	not_present_in_current_rna_gene_universe	Lambert_human_TFs	v1.01
1070	ZFP14	False	not_present_in_current_rna_gene_universe	Lambert_human_TFs	v1.01
1071	ZFP2	False	not_present_in_current_rna_gene_universe	Lambert_human_TFs	v1.01
1072	ZFP28	False	not_present_in_current_rna_gene_universe	Lambert_human_TFs	v1.01
1073	ZFP3	False	not_present_in_current_rna_gene_universe	Lambert_human_TFs	v1.01
1074	ZFP30	False	not_present_in_current_rna_gene_universe	Lambert_human_TFs	v1.01
1075	ZFP37	False	not_present_in_current_rna_gene_universe	Lambert_human_TFs	v1.01
1076	ZFP41	False	not_present_in_current_rna_gene_universe	Lambert_human_TFs	v1.01
1077	ZFP42	False	not_present_in_current_rna_gene_universe	Lambert_human_TFs	v1.01
1078	ZFP57	False	not_present_in_current_rna_gene_universe	Lambert_human_TFs	v1.01
1079	ZFP62	False	not_present_in_current_rna_gene_universe	Lambert_human_TFs	v1.01
1081	ZFP69	False	not_present_in_current_rna_gene_universe	Lambert_human_TFs	v1.01
1082	ZFP69B	False	not_present_in_current_rna_gene_universe	Lambert_human_TFs	v1.01
1083	ZFP82	False	not_present_in_current_rna_gene_universe	Lambert_human_TFs	v1.01
1084	ZFP90	False	not_present_in_current_rna_gene_universe	Lambert_human_TFs	v1.01
1085	ZFP91	False	not_present_in_current_rna_gene_universe	Lambert_human_TFs	v1.01
1086	ZFP92	False	not_present_in_current_rna_gene_universe	Lambert_human_TFs	v1.01
1087	ZFPM1	False	not_present_in_current_rna_gene_universe	Lambert_human_TFs	v1.01
1088	ZFPM2	False	not_present_in_current_rna_gene_universe	Lambert_human_TFs	v1.01
1089	ZFX	False	not_present_in_current_rna_gene_universe	Lambert_human_TFs	v1.01
1090	ZFY	False	not_present_in_current_rna_gene_universe	Lambert_human_TFs	v1.01
1091	ZGLP1	False	not_present_in_current_rna_gene_universe	Lambert_human_TFs	v1.01
1092	ZGPAT	False	not_present_in_current_rna_gene_universe	Lambert_human_TFs	v1.01
1093	ZHX1	False	not_present_in_current_rna_gene_universe	Lambert_human_TFs	v1.01
1094	ZHX2	False	not_present_in_current_rna_gene_universe	Lambert_human_TFs	v1.01
1095	ZHX3	False	not_present_in_current_rna_gene_universe	Lambert_human_TFs	v1.01
1096	ZIC1	False	not_present_in_current_rna_gene_universe	Lambert_human_TFs	v1.01
1097	ZIC2	False	not_present_in_current_rna_gene_universe	Lambert_human_TFs	v1.01
1098	ZIC3	False	not_present_in_current_rna_gene_universe	Lambert_human_TFs	v1.01
1099	ZIC4	False	not_present_in_current_rna_gene_universe	Lambert_human_TFs	v1.01
1100	ZIC5	False	not_present_in_current_rna_gene_universe	Lambert_human_TFs	v1.01
1101	ZIK1	False	not_present_in_current_rna_gene_universe	Lambert_human_TFs	v1.01
1102	ZIM2	False	not_present_in_current_rna_gene_universe	Lambert_human_TFs	v1.01
1103	ZIM3	False	not_present_in_current_rna_gene_universe	Lambert_human_TFs	v1.01
1104	ZKSCAN1	False	not_present_in_current_rna_gene_universe	Lambert_human_TFs	v1.01
1105	ZKSCAN2	False	not_present_in_current_rna_gene_universe	Lambert_human_TFs	v1.01
1106	ZKSCAN3	False	not_present_in_current_rna_gene_universe	Lambert_human_TFs	v1.01
1107	ZKSCAN4	False	not_present_in_current_rna_gene_universe	Lambert_human_TFs	v1.01
1108	ZKSCAN5	False	not_present_in_current_rna_gene_universe	Lambert_human_TFs	v1.01
1109	ZKSCAN7	False	not_present_in_current_rna_gene_universe	Lambert_human_TFs	v1.01
1110	ZKSCAN8	False	not_present_in_current_rna_gene_universe	Lambert_human_TFs	v1.01
1111	ZMAT1	False	not_present_in_current_rna_gene_universe	Lambert_human_TFs	v1.01
1113	ZNF10	False	not_present_in_current_rna_gene_universe	Lambert_human_TFs	v1.01
1114	ZNF100	False	not_present_in_current_rna_gene_universe	Lambert_human_TFs	v1.01
1115	ZNF101	False	not_present_in_current_rna_gene_universe	Lambert_human_TFs	v1.01
1116	ZNF107	False	not_present_in_current_rna_gene_universe	Lambert_human_TFs	v1.01
1117	ZNF112	False	not_present_in_current_rna_gene_universe	Lambert_human_TFs	v1.01
1118	ZNF114	False	not_present_in_current_rna_gene_universe	Lambert_human_TFs	v1.01
1119	ZNF117	False	not_present_in_current_rna_gene_universe	Lambert_human_TFs	v1.01
1120	ZNF12	False	not_present_in_current_rna_gene_universe	Lambert_human_TFs	v1.01
1121	ZNF121	False	not_present_in_current_rna_gene_universe	Lambert_human_TFs	v1.01
1122	ZNF124	False	not_present_in_current_rna_gene_universe	Lambert_human_TFs	v1.01
1123	ZNF131	False	not_present_in_current_rna_gene_universe	Lambert_human_TFs	v1.01
1124	ZNF132	False	not_present_in_current_rna_gene_universe	Lambert_human_TFs	v1.01
1125	ZNF133	False	not_present_in_current_rna_gene_universe	Lambert_human_TFs	v1.01
1126	ZNF134	False	not_present_in_current_rna_gene_universe	Lambert_human_TFs	v1.01
1127	ZNF135	False	not_present_in_current_rna_gene_universe	Lambert_human_TFs	v1.01
1128	ZNF136	False	not_present_in_current_rna_gene_universe	Lambert_human_TFs	v1.01
1129	ZNF138	False	not_present_in_current_rna_gene_universe	Lambert_human_TFs	v1.01
1130	ZNF14	False	not_present_in_current_rna_gene_universe	Lambert_human_TFs	v1.01
1131	ZNF140	False	not_present_in_current_rna_gene_universe	Lambert_human_TFs	v1.01
1132	ZNF141	False	not_present_in_current_rna_gene_universe	Lambert_human_TFs	v1.01
1133	ZNF142	False	not_present_in_current_rna_gene_universe	Lambert_human_TFs	v1.01
1134	ZNF143	False	not_present_in_current_rna_gene_universe	Lambert_human_TFs	v1.01
1135	ZNF146	False	not_present_in_current_rna_gene_universe	Lambert_human_TFs	v1.01
1136	ZNF148	False	not_present_in_current_rna_gene_universe	Lambert_human_TFs	v1.01
1137	ZNF154	False	not_present_in_current_rna_gene_universe	Lambert_human_TFs	v1.01
1138	ZNF155	False	not_present_in_current_rna_gene_universe	Lambert_human_TFs	v1.01
1139	ZNF157	False	not_present_in_current_rna_gene_universe	Lambert_human_TFs	v1.01
1141	ZNF160	False	not_present_in_current_rna_gene_universe	Lambert_human_TFs	v1.01
1142	ZNF165	False	not_present_in_current_rna_gene_universe	Lambert_human_TFs	v1.01
1143	ZNF169	False	not_present_in_current_rna_gene_universe	Lambert_human_TFs	v1.01
1144	ZNF17	False	not_present_in_current_rna_gene_universe	Lambert_human_TFs	v1.01
1145	ZNF174	False	not_present_in_current_rna_gene_universe	Lambert_human_TFs	v1.01
1146	ZNF175	False	not_present_in_current_rna_gene_universe	Lambert_human_TFs	v1.01
1147	ZNF177	False	not_present_in_current_rna_gene_universe	Lambert_human_TFs	v1.01
1148	ZNF18	False	not_present_in_current_rna_gene_universe	Lambert_human_TFs	v1.01
1149	ZNF180	False	not_present_in_current_rna_gene_universe	Lambert_human_TFs	v1.01
1150	ZNF181	False	not_present_in_current_rna_gene_universe	Lambert_human_TFs	v1.01
1151	ZNF182	False	not_present_in_current_rna_gene_universe	Lambert_human_TFs	v1.01
1152	ZNF184	False	not_present_in_current_rna_gene_universe	Lambert_human_TFs	v1.01
1153	ZNF189	False	not_present_in_current_rna_gene_universe	Lambert_human_TFs	v1.01
1154	ZNF19	False	not_present_in_current_rna_gene_universe	Lambert_human_TFs	v1.01
1155	ZNF195	False	not_present_in_current_rna_gene_universe	Lambert_human_TFs	v1.01
1156	ZNF197	False	not_present_in_current_rna_gene_universe	Lambert_human_TFs	v1.01
1157	ZNF2	False	not_present_in_current_rna_gene_universe	Lambert_human_TFs	v1.01
1158	ZNF20	False	not_present_in_current_rna_gene_universe	Lambert_human_TFs	v1.01
1159	ZNF200	False	not_present_in_current_rna_gene_universe	Lambert_human_TFs	v1.01
1160	ZNF202	False	not_present_in_current_rna_gene_universe	Lambert_human_TFs	v1.01
1161	ZNF205	False	not_present_in_current_rna_gene_universe	Lambert_human_TFs	v1.01
1162	ZNF207	False	not_present_in_current_rna_gene_universe	Lambert_human_TFs	v1.01
1163	ZNF208	False	not_present_in_current_rna_gene_universe	Lambert_human_TFs	v1.01
1164	ZNF211	False	not_present_in_current_rna_gene_universe	Lambert_human_TFs	v1.01
1165	ZNF212	False	not_present_in_current_rna_gene_universe	Lambert_human_TFs	v1.01
1166	ZNF213	False	not_present_in_current_rna_gene_universe	Lambert_human_TFs	v1.01
1167	ZNF214	False	not_present_in_current_rna_gene_universe	Lambert_human_TFs	v1.01
1168	ZNF215	False	not_present_in_current_rna_gene_universe	Lambert_human_TFs	v1.01
1169	ZNF217	False	not_present_in_current_rna_gene_universe	Lambert_human_TFs	v1.01
1170	ZNF219	False	not_present_in_current_rna_gene_universe	Lambert_human_TFs	v1.01
1171	ZNF22	False	not_present_in_current_rna_gene_universe	Lambert_human_TFs	v1.01
1172	ZNF221	False	not_present_in_current_rna_gene_universe	Lambert_human_TFs	v1.01
1173	ZNF222	False	not_present_in_current_rna_gene_universe	Lambert_human_TFs	v1.01
1174	ZNF223	False	not_present_in_current_rna_gene_universe	Lambert_human_TFs	v1.01
1175	ZNF224	False	not_present_in_current_rna_gene_universe	Lambert_human_TFs	v1.01
1176	ZNF225	False	not_present_in_current_rna_gene_universe	Lambert_human_TFs	v1.01
1177	ZNF226	False	not_present_in_current_rna_gene_universe	Lambert_human_TFs	v1.01
1178	ZNF227	False	not_present_in_current_rna_gene_universe	Lambert_human_TFs	v1.01
1179	ZNF229	False	not_present_in_current_rna_gene_universe	Lambert_human_TFs	v1.01
1180	ZNF23	False	not_present_in_current_rna_gene_universe	Lambert_human_TFs	v1.01
1181	ZNF230	False	not_present_in_current_rna_gene_universe	Lambert_human_TFs	v1.01
1182	ZNF232	False	not_present_in_current_rna_gene_universe	Lambert_human_TFs	v1.01
1183	ZNF233	False	not_present_in_current_rna_gene_universe	Lambert_human_TFs	v1.01
1184	ZNF234	False	not_present_in_current_rna_gene_universe	Lambert_human_TFs	v1.01
1186	ZNF236	False	not_present_in_current_rna_gene_universe	Lambert_human_TFs	v1.01
1187	ZNF239	False	not_present_in_current_rna_gene_universe	Lambert_human_TFs	v1.01
1188	ZNF24	False	not_present_in_current_rna_gene_universe	Lambert_human_TFs	v1.01
1189	ZNF248	False	not_present_in_current_rna_gene_universe	Lambert_human_TFs	v1.01
1190	ZNF25	False	not_present_in_current_rna_gene_universe	Lambert_human_TFs	v1.01
1191	ZNF250	False	not_present_in_current_rna_gene_universe	Lambert_human_TFs	v1.01
1192	ZNF251	False	not_present_in_current_rna_gene_universe	Lambert_human_TFs	v1.01
1193	ZNF253	False	not_present_in_current_rna_gene_universe	Lambert_human_TFs	v1.01
1194	ZNF254	False	not_present_in_current_rna_gene_universe	Lambert_human_TFs	v1.01
1195	ZNF256	False	not_present_in_current_rna_gene_universe	Lambert_human_TFs	v1.01
1196	ZNF257	False	not_present_in_current_rna_gene_universe	Lambert_human_TFs	v1.01
1197	ZNF26	False	not_present_in_current_rna_gene_universe	Lambert_human_TFs	v1.01
1198	ZNF260	False	not_present_in_current_rna_gene_universe	Lambert_human_TFs	v1.01
1199	ZNF263	False	not_present_in_current_rna_gene_universe	Lambert_human_TFs	v1.01
1200	ZNF264	False	not_present_in_current_rna_gene_universe	Lambert_human_TFs	v1.01
1201	ZNF266	False	not_present_in_current_rna_gene_universe	Lambert_human_TFs	v1.01
1202	ZNF267	False	not_present_in_current_rna_gene_universe	Lambert_human_TFs	v1.01
1203	ZNF268	False	not_present_in_current_rna_gene_universe	Lambert_human_TFs	v1.01
1204	ZNF273	False	not_present_in_current_rna_gene_universe	Lambert_human_TFs	v1.01
1205	ZNF274	False	not_present_in_current_rna_gene_universe	Lambert_human_TFs	v1.01
1206	ZNF275	False	not_present_in_current_rna_gene_universe	Lambert_human_TFs	v1.01
1207	ZNF276	False	not_present_in_current_rna_gene_universe	Lambert_human_TFs	v1.01
1208	ZNF277	False	not_present_in_current_rna_gene_universe	Lambert_human_TFs	v1.01
1209	ZNF28	False	not_present_in_current_rna_gene_universe	Lambert_human_TFs	v1.01
1210	ZNF280A	False	not_present_in_current_rna_gene_universe	Lambert_human_TFs	v1.01
1211	ZNF280B	False	not_present_in_current_rna_gene_universe	Lambert_human_TFs	v1.01
1212	ZNF280C	False	not_present_in_current_rna_gene_universe	Lambert_human_TFs	v1.01
1213	ZNF280D	False	not_present_in_current_rna_gene_universe	Lambert_human_TFs	v1.01
1214	ZNF281	False	not_present_in_current_rna_gene_universe	Lambert_human_TFs	v1.01
1215	ZNF282	False	not_present_in_current_rna_gene_universe	Lambert_human_TFs	v1.01
1216	ZNF283	False	not_present_in_current_rna_gene_universe	Lambert_human_TFs	v1.01
1217	ZNF284	False	not_present_in_current_rna_gene_universe	Lambert_human_TFs	v1.01
1218	ZNF285	False	not_present_in_current_rna_gene_universe	Lambert_human_TFs	v1.01
1219	ZNF286A	False	not_present_in_current_rna_gene_universe	Lambert_human_TFs	v1.01
1220	ZNF286B	False	not_present_in_current_rna_gene_universe	Lambert_human_TFs	v1.01
1221	ZNF287	False	not_present_in_current_rna_gene_universe	Lambert_human_TFs	v1.01
1222	ZNF292	False	not_present_in_current_rna_gene_universe	Lambert_human_TFs	v1.01
1223	ZNF296	False	not_present_in_current_rna_gene_universe	Lambert_human_TFs	v1.01
1224	ZNF3	False	not_present_in_current_rna_gene_universe	Lambert_human_TFs	v1.01
1225	ZNF30	False	not_present_in_current_rna_gene_universe	Lambert_human_TFs	v1.01
1226	ZNF300	False	not_present_in_current_rna_gene_universe	Lambert_human_TFs	v1.01
1227	ZNF302	False	not_present_in_current_rna_gene_universe	Lambert_human_TFs	v1.01
1228	ZNF304	False	not_present_in_current_rna_gene_universe	Lambert_human_TFs	v1.01
1229	ZNF311	False	not_present_in_current_rna_gene_universe	Lambert_human_TFs	v1.01
1230	ZNF316	False	not_present_in_current_rna_gene_universe	Lambert_human_TFs	v1.01
1231	ZNF317	False	not_present_in_current_rna_gene_universe	Lambert_human_TFs	v1.01
1232	ZNF318	False	not_present_in_current_rna_gene_universe	Lambert_human_TFs	v1.01
1233	ZNF319	False	not_present_in_current_rna_gene_universe	Lambert_human_TFs	v1.01
1234	ZNF32	False	not_present_in_current_rna_gene_universe	Lambert_human_TFs	v1.01
1235	ZNF320	False	not_present_in_current_rna_gene_universe	Lambert_human_TFs	v1.01
1236	ZNF322	False	not_present_in_current_rna_gene_universe	Lambert_human_TFs	v1.01
1237	ZNF324	False	not_present_in_current_rna_gene_universe	Lambert_human_TFs	v1.01
1238	ZNF324B	False	not_present_in_current_rna_gene_universe	Lambert_human_TFs	v1.01
1239	ZNF326	False	not_present_in_current_rna_gene_universe	Lambert_human_TFs	v1.01
1240	ZNF329	False	not_present_in_current_rna_gene_universe	Lambert_human_TFs	v1.01
1242	ZNF333	False	not_present_in_current_rna_gene_universe	Lambert_human_TFs	v1.01
1243	ZNF334	False	not_present_in_current_rna_gene_universe	Lambert_human_TFs	v1.01
1244	ZNF335	False	not_present_in_current_rna_gene_universe	Lambert_human_TFs	v1.01
1245	ZNF337	False	not_present_in_current_rna_gene_universe	Lambert_human_TFs	v1.01
1246	ZNF33A	False	not_present_in_current_rna_gene_universe	Lambert_human_TFs	v1.01
1247	ZNF33B	False	not_present_in_current_rna_gene_universe	Lambert_human_TFs	v1.01
1248	ZNF34	False	not_present_in_current_rna_gene_universe	Lambert_human_TFs	v1.01
1249	ZNF341	False	not_present_in_current_rna_gene_universe	Lambert_human_TFs	v1.01
1250	ZNF343	False	not_present_in_current_rna_gene_universe	Lambert_human_TFs	v1.01
1251	ZNF345	False	not_present_in_current_rna_gene_universe	Lambert_human_TFs	v1.01
1252	ZNF346	False	not_present_in_current_rna_gene_universe	Lambert_human_TFs	v1.01
1253	ZNF347	False	not_present_in_current_rna_gene_universe	Lambert_human_TFs	v1.01
1254	ZNF35	False	not_present_in_current_rna_gene_universe	Lambert_human_TFs	v1.01
1255	ZNF350	False	not_present_in_current_rna_gene_universe	Lambert_human_TFs	v1.01
1256	ZNF354A	False	not_present_in_current_rna_gene_universe	Lambert_human_TFs	v1.01
1257	ZNF354B	False	not_present_in_current_rna_gene_universe	Lambert_human_TFs	v1.01
1258	ZNF354C	False	not_present_in_current_rna_gene_universe	Lambert_human_TFs	v1.01
1259	ZNF358	False	not_present_in_current_rna_gene_universe	Lambert_human_TFs	v1.01
1260	ZNF362	False	not_present_in_current_rna_gene_universe	Lambert_human_TFs	v1.01
1263	ZNF367	False	not_present_in_current_rna_gene_universe	Lambert_human_TFs	v1.01
1264	ZNF37A	False	not_present_in_current_rna_gene_universe	Lambert_human_TFs	v1.01
1265	ZNF382	False	not_present_in_current_rna_gene_universe	Lambert_human_TFs	v1.01
1266	ZNF383	False	not_present_in_current_rna_gene_universe	Lambert_human_TFs	v1.01
1267	ZNF384	False	not_present_in_current_rna_gene_universe	Lambert_human_TFs	v1.01
1268	ZNF385A	False	not_present_in_current_rna_gene_universe	Lambert_human_TFs	v1.01
1269	ZNF385B	False	not_present_in_current_rna_gene_universe	Lambert_human_TFs	v1.01
1270	ZNF385C	False	not_present_in_current_rna_gene_universe	Lambert_human_TFs	v1.01
1272	ZNF391	False	not_present_in_current_rna_gene_universe	Lambert_human_TFs	v1.01
1273	ZNF394	False	not_present_in_current_rna_gene_universe	Lambert_human_TFs	v1.01
1274	ZNF395	False	not_present_in_current_rna_gene_universe	Lambert_human_TFs	v1.01
1275	ZNF396	False	not_present_in_current_rna_gene_universe	Lambert_human_TFs	v1.01
1276	ZNF397	False	not_present_in_current_rna_gene_universe	Lambert_human_TFs	v1.01
1277	ZNF398	False	not_present_in_current_rna_gene_universe	Lambert_human_TFs	v1.01
1278	ZNF404	False	not_present_in_current_rna_gene_universe	Lambert_human_TFs	v1.01
1279	ZNF407	False	not_present_in_current_rna_gene_universe	Lambert_human_TFs	v1.01
1280	ZNF408	False	not_present_in_current_rna_gene_universe	Lambert_human_TFs	v1.01
1281	ZNF41	False	not_present_in_current_rna_gene_universe	Lambert_human_TFs	v1.01
1282	ZNF410	False	not_present_in_current_rna_gene_universe	Lambert_human_TFs	v1.01
1283	ZNF414	False	not_present_in_current_rna_gene_universe	Lambert_human_TFs	v1.01
1284	ZNF415	False	not_present_in_current_rna_gene_universe	Lambert_human_TFs	v1.01
1285	ZNF416	False	not_present_in_current_rna_gene_universe	Lambert_human_TFs	v1.01
1286	ZNF417	False	not_present_in_current_rna_gene_universe	Lambert_human_TFs	v1.01
1287	ZNF418	False	not_present_in_current_rna_gene_universe	Lambert_human_TFs	v1.01
1288	ZNF419	False	not_present_in_current_rna_gene_universe	Lambert_human_TFs	v1.01
1289	ZNF420	False	not_present_in_current_rna_gene_universe	Lambert_human_TFs	v1.01
1290	ZNF423	False	not_present_in_current_rna_gene_universe	Lambert_human_TFs	v1.01
1291	ZNF425	False	not_present_in_current_rna_gene_universe	Lambert_human_TFs	v1.01
1292	ZNF426	False	not_present_in_current_rna_gene_universe	Lambert_human_TFs	v1.01
1293	ZNF428	False	not_present_in_current_rna_gene_universe	Lambert_human_TFs	v1.01
1294	ZNF429	False	not_present_in_current_rna_gene_universe	Lambert_human_TFs	v1.01
1295	ZNF43	False	not_present_in_current_rna_gene_universe	Lambert_human_TFs	v1.01
1296	ZNF430	False	not_present_in_current_rna_gene_universe	Lambert_human_TFs	v1.01
1297	ZNF431	False	not_present_in_current_rna_gene_universe	Lambert_human_TFs	v1.01
1298	ZNF432	False	not_present_in_current_rna_gene_universe	Lambert_human_TFs	v1.01
1299	ZNF433	False	not_present_in_current_rna_gene_universe	Lambert_human_TFs	v1.01
1300	ZNF436	False	not_present_in_current_rna_gene_universe	Lambert_human_TFs	v1.01
1302	ZNF439	False	not_present_in_current_rna_gene_universe	Lambert_human_TFs	v1.01
1303	ZNF44	False	not_present_in_current_rna_gene_universe	Lambert_human_TFs	v1.01
1304	ZNF440	False	not_present_in_current_rna_gene_universe	Lambert_human_TFs	v1.01
1305	ZNF441	False	not_present_in_current_rna_gene_universe	Lambert_human_TFs	v1.01
1306	ZNF442	False	not_present_in_current_rna_gene_universe	Lambert_human_TFs	v1.01
1307	ZNF443	False	not_present_in_current_rna_gene_universe	Lambert_human_TFs	v1.01
1308	ZNF444	False	not_present_in_current_rna_gene_universe	Lambert_human_TFs	v1.01
1309	ZNF445	False	not_present_in_current_rna_gene_universe	Lambert_human_TFs	v1.01
1310	ZNF446	False	not_present_in_current_rna_gene_universe	Lambert_human_TFs	v1.01
1311	ZNF449	False	not_present_in_current_rna_gene_universe	Lambert_human_TFs	v1.01
1312	ZNF45	False	not_present_in_current_rna_gene_universe	Lambert_human_TFs	v1.01
1313	ZNF451	False	not_present_in_current_rna_gene_universe	Lambert_human_TFs	v1.01
1314	ZNF454	False	not_present_in_current_rna_gene_universe	Lambert_human_TFs	v1.01
1315	ZNF460	False	not_present_in_current_rna_gene_universe	Lambert_human_TFs	v1.01
1316	ZNF461	False	not_present_in_current_rna_gene_universe	Lambert_human_TFs	v1.01
1318	ZNF467	False	not_present_in_current_rna_gene_universe	Lambert_human_TFs	v1.01
1319	ZNF468	False	not_present_in_current_rna_gene_universe	Lambert_human_TFs	v1.01
1320	ZNF469	False	not_present_in_current_rna_gene_universe	Lambert_human_TFs	v1.01
1321	ZNF470	False	not_present_in_current_rna_gene_universe	Lambert_human_TFs	v1.01
1322	ZNF471	False	not_present_in_current_rna_gene_universe	Lambert_human_TFs	v1.01
1323	ZNF473	False	not_present_in_current_rna_gene_universe	Lambert_human_TFs	v1.01
1324	ZNF474	False	not_present_in_current_rna_gene_universe	Lambert_human_TFs	v1.01
1325	ZNF479	False	not_present_in_current_rna_gene_universe	Lambert_human_TFs	v1.01
1326	ZNF48	False	not_present_in_current_rna_gene_universe	Lambert_human_TFs	v1.01
1327	ZNF480	False	not_present_in_current_rna_gene_universe	Lambert_human_TFs	v1.01
1328	ZNF483	False	not_present_in_current_rna_gene_universe	Lambert_human_TFs	v1.01
1329	ZNF484	False	not_present_in_current_rna_gene_universe	Lambert_human_TFs	v1.01
1330	ZNF485	False	not_present_in_current_rna_gene_universe	Lambert_human_TFs	v1.01
1331	ZNF486	False	not_present_in_current_rna_gene_universe	Lambert_human_TFs	v1.01
1332	ZNF487	False	not_present_in_current_rna_gene_universe	Lambert_human_TFs	v1.01
1333	ZNF488	False	not_present_in_current_rna_gene_universe	Lambert_human_TFs	v1.01
1334	ZNF490	False	not_present_in_current_rna_gene_universe	Lambert_human_TFs	v1.01
1335	ZNF491	False	not_present_in_current_rna_gene_universe	Lambert_human_TFs	v1.01
1336	ZNF492	False	not_present_in_current_rna_gene_universe	Lambert_human_TFs	v1.01
1337	ZNF493	False	not_present_in_current_rna_gene_universe	Lambert_human_TFs	v1.01
1338	ZNF496	False	not_present_in_current_rna_gene_universe	Lambert_human_TFs	v1.01
1339	ZNF497	False	not_present_in_current_rna_gene_universe	Lambert_human_TFs	v1.01
1340	ZNF500	False	not_present_in_current_rna_gene_universe	Lambert_human_TFs	v1.01
1341	ZNF501	False	not_present_in_current_rna_gene_universe	Lambert_human_TFs	v1.01
1342	ZNF502	False	not_present_in_current_rna_gene_universe	Lambert_human_TFs	v1.01
1344	ZNF506	False	not_present_in_current_rna_gene_universe	Lambert_human_TFs	v1.01
1345	ZNF507	False	not_present_in_current_rna_gene_universe	Lambert_human_TFs	v1.01
1346	ZNF510	False	not_present_in_current_rna_gene_universe	Lambert_human_TFs	v1.01
1347	ZNF511	False	not_present_in_current_rna_gene_universe	Lambert_human_TFs	v1.01
1348	ZNF512	False	not_present_in_current_rna_gene_universe	Lambert_human_TFs	v1.01
1349	ZNF512B	False	not_present_in_current_rna_gene_universe	Lambert_human_TFs	v1.01
1350	ZNF513	False	not_present_in_current_rna_gene_universe	Lambert_human_TFs	v1.01
1351	ZNF514	False	not_present_in_current_rna_gene_universe	Lambert_human_TFs	v1.01
1352	ZNF516	False	not_present_in_current_rna_gene_universe	Lambert_human_TFs	v1.01
1353	ZNF517	False	not_present_in_current_rna_gene_universe	Lambert_human_TFs	v1.01
1354	ZNF518A	False	not_present_in_current_rna_gene_universe	Lambert_human_TFs	v1.01
1355	ZNF518B	False	not_present_in_current_rna_gene_universe	Lambert_human_TFs	v1.01
1356	ZNF519	False	not_present_in_current_rna_gene_universe	Lambert_human_TFs	v1.01
1358	ZNF524	False	not_present_in_current_rna_gene_universe	Lambert_human_TFs	v1.01
1359	ZNF525	False	not_present_in_current_rna_gene_universe	Lambert_human_TFs	v1.01
1360	ZNF526	False	not_present_in_current_rna_gene_universe	Lambert_human_TFs	v1.01
1361	ZNF527	False	not_present_in_current_rna_gene_universe	Lambert_human_TFs	v1.01
1362	ZNF528	False	not_present_in_current_rna_gene_universe	Lambert_human_TFs	v1.01
1363	ZNF529	False	not_present_in_current_rna_gene_universe	Lambert_human_TFs	v1.01
1364	ZNF530	False	not_present_in_current_rna_gene_universe	Lambert_human_TFs	v1.01
1366	ZNF534	False	not_present_in_current_rna_gene_universe	Lambert_human_TFs	v1.01
1367	ZNF536	False	not_present_in_current_rna_gene_universe	Lambert_human_TFs	v1.01
1368	ZNF540	False	not_present_in_current_rna_gene_universe	Lambert_human_TFs	v1.01
1369	ZNF541	False	not_present_in_current_rna_gene_universe	Lambert_human_TFs	v1.01
1370	ZNF543	False	not_present_in_current_rna_gene_universe	Lambert_human_TFs	v1.01
1371	ZNF544	False	not_present_in_current_rna_gene_universe	Lambert_human_TFs	v1.01
1372	ZNF546	False	not_present_in_current_rna_gene_universe	Lambert_human_TFs	v1.01
1373	ZNF547	False	not_present_in_current_rna_gene_universe	Lambert_human_TFs	v1.01
1374	ZNF548	False	not_present_in_current_rna_gene_universe	Lambert_human_TFs	v1.01
1375	ZNF549	False	not_present_in_current_rna_gene_universe	Lambert_human_TFs	v1.01
1376	ZNF550	False	not_present_in_current_rna_gene_universe	Lambert_human_TFs	v1.01
1377	ZNF551	False	not_present_in_current_rna_gene_universe	Lambert_human_TFs	v1.01
1378	ZNF552	False	not_present_in_current_rna_gene_universe	Lambert_human_TFs	v1.01
1379	ZNF554	False	not_present_in_current_rna_gene_universe	Lambert_human_TFs	v1.01
1380	ZNF555	False	not_present_in_current_rna_gene_universe	Lambert_human_TFs	v1.01
1381	ZNF556	False	not_present_in_current_rna_gene_universe	Lambert_human_TFs	v1.01
1382	ZNF557	False	not_present_in_current_rna_gene_universe	Lambert_human_TFs	v1.01
1383	ZNF558	False	not_present_in_current_rna_gene_universe	Lambert_human_TFs	v1.01
1384	ZNF559	False	not_present_in_current_rna_gene_universe	Lambert_human_TFs	v1.01
1385	ZNF560	False	not_present_in_current_rna_gene_universe	Lambert_human_TFs	v1.01
1386	ZNF561	False	not_present_in_current_rna_gene_universe	Lambert_human_TFs	v1.01
1387	ZNF562	False	not_present_in_current_rna_gene_universe	Lambert_human_TFs	v1.01
1388	ZNF563	False	not_present_in_current_rna_gene_universe	Lambert_human_TFs	v1.01
1389	ZNF564	False	not_present_in_current_rna_gene_universe	Lambert_human_TFs	v1.01
1390	ZNF565	False	not_present_in_current_rna_gene_universe	Lambert_human_TFs	v1.01
1391	ZNF566	False	not_present_in_current_rna_gene_universe	Lambert_human_TFs	v1.01
1392	ZNF567	False	not_present_in_current_rna_gene_universe	Lambert_human_TFs	v1.01
1393	ZNF568	False	not_present_in_current_rna_gene_universe	Lambert_human_TFs	v1.01
1394	ZNF569	False	not_present_in_current_rna_gene_universe	Lambert_human_TFs	v1.01
1395	ZNF57	False	not_present_in_current_rna_gene_universe	Lambert_human_TFs	v1.01
1396	ZNF570	False	not_present_in_current_rna_gene_universe	Lambert_human_TFs	v1.01
1397	ZNF571	False	not_present_in_current_rna_gene_universe	Lambert_human_TFs	v1.01
1398	ZNF572	False	not_present_in_current_rna_gene_universe	Lambert_human_TFs	v1.01
1399	ZNF573	False	not_present_in_current_rna_gene_universe	Lambert_human_TFs	v1.01
1400	ZNF574	False	not_present_in_current_rna_gene_universe	Lambert_human_TFs	v1.01
1401	ZNF575	False	not_present_in_current_rna_gene_universe	Lambert_human_TFs	v1.01
1402	ZNF576	False	not_present_in_current_rna_gene_universe	Lambert_human_TFs	v1.01
1403	ZNF577	False	not_present_in_current_rna_gene_universe	Lambert_human_TFs	v1.01
1404	ZNF578	False	not_present_in_current_rna_gene_universe	Lambert_human_TFs	v1.01
1405	ZNF579	False	not_present_in_current_rna_gene_universe	Lambert_human_TFs	v1.01
1406	ZNF580	False	not_present_in_current_rna_gene_universe	Lambert_human_TFs	v1.01
1407	ZNF581	False	not_present_in_current_rna_gene_universe	Lambert_human_TFs	v1.01
1408	ZNF582	False	not_present_in_current_rna_gene_universe	Lambert_human_TFs	v1.01
1409	ZNF583	False	not_present_in_current_rna_gene_universe	Lambert_human_TFs	v1.01
1410	ZNF584	False	not_present_in_current_rna_gene_universe	Lambert_human_TFs	v1.01
1411	ZNF585A	False	not_present_in_current_rna_gene_universe	Lambert_human_TFs	v1.01
1412	ZNF585B	False	not_present_in_current_rna_gene_universe	Lambert_human_TFs	v1.01
1413	ZNF586	False	not_present_in_current_rna_gene_universe	Lambert_human_TFs	v1.01
1414	ZNF587	False	not_present_in_current_rna_gene_universe	Lambert_human_TFs	v1.01
1415	ZNF587B	False	not_present_in_current_rna_gene_universe	Lambert_human_TFs	v1.01
1416	ZNF589	False	not_present_in_current_rna_gene_universe	Lambert_human_TFs	v1.01
1417	ZNF592	False	not_present_in_current_rna_gene_universe	Lambert_human_TFs	v1.01
1418	ZNF594	False	not_present_in_current_rna_gene_universe	Lambert_human_TFs	v1.01
1419	ZNF595	False	not_present_in_current_rna_gene_universe	Lambert_human_TFs	v1.01
1420	ZNF596	False	not_present_in_current_rna_gene_universe	Lambert_human_TFs	v1.01
1421	ZNF597	False	not_present_in_current_rna_gene_universe	Lambert_human_TFs	v1.01
1422	ZNF598	False	not_present_in_current_rna_gene_universe	Lambert_human_TFs	v1.01
1423	ZNF599	False	not_present_in_current_rna_gene_universe	Lambert_human_TFs	v1.01
1424	ZNF600	False	not_present_in_current_rna_gene_universe	Lambert_human_TFs	v1.01
1425	ZNF605	False	not_present_in_current_rna_gene_universe	Lambert_human_TFs	v1.01
1426	ZNF606	False	not_present_in_current_rna_gene_universe	Lambert_human_TFs	v1.01
1427	ZNF607	False	not_present_in_current_rna_gene_universe	Lambert_human_TFs	v1.01
1429	ZNF609	False	not_present_in_current_rna_gene_universe	Lambert_human_TFs	v1.01
1430	ZNF610	False	not_present_in_current_rna_gene_universe	Lambert_human_TFs	v1.01
1431	ZNF611	False	not_present_in_current_rna_gene_universe	Lambert_human_TFs	v1.01
1432	ZNF613	False	not_present_in_current_rna_gene_universe	Lambert_human_TFs	v1.01
1433	ZNF614	False	not_present_in_current_rna_gene_universe	Lambert_human_TFs	v1.01
1434	ZNF615	False	not_present_in_current_rna_gene_universe	Lambert_human_TFs	v1.01
1435	ZNF616	False	not_present_in_current_rna_gene_universe	Lambert_human_TFs	v1.01
1436	ZNF618	False	not_present_in_current_rna_gene_universe	Lambert_human_TFs	v1.01
1437	ZNF619	False	not_present_in_current_rna_gene_universe	Lambert_human_TFs	v1.01
1438	ZNF620	False	not_present_in_current_rna_gene_universe	Lambert_human_TFs	v1.01
1439	ZNF621	False	not_present_in_current_rna_gene_universe	Lambert_human_TFs	v1.01
1440	ZNF623	False	not_present_in_current_rna_gene_universe	Lambert_human_TFs	v1.01
1441	ZNF624	False	not_present_in_current_rna_gene_universe	Lambert_human_TFs	v1.01
1442	ZNF625	False	not_present_in_current_rna_gene_universe	Lambert_human_TFs	v1.01
1443	ZNF626	False	not_present_in_current_rna_gene_universe	Lambert_human_TFs	v1.01
1444	ZNF627	False	not_present_in_current_rna_gene_universe	Lambert_human_TFs	v1.01
1445	ZNF628	False	not_present_in_current_rna_gene_universe	Lambert_human_TFs	v1.01
1446	ZNF629	False	not_present_in_current_rna_gene_universe	Lambert_human_TFs	v1.01
1447	ZNF630	False	not_present_in_current_rna_gene_universe	Lambert_human_TFs	v1.01
1448	ZNF639	False	not_present_in_current_rna_gene_universe	Lambert_human_TFs	v1.01
1449	ZNF641	False	not_present_in_current_rna_gene_universe	Lambert_human_TFs	v1.01
1450	ZNF644	False	not_present_in_current_rna_gene_universe	Lambert_human_TFs	v1.01
1451	ZNF645	False	not_present_in_current_rna_gene_universe	Lambert_human_TFs	v1.01
1452	ZNF646	False	not_present_in_current_rna_gene_universe	Lambert_human_TFs	v1.01
1453	ZNF648	False	not_present_in_current_rna_gene_universe	Lambert_human_TFs	v1.01
1454	ZNF649	False	not_present_in_current_rna_gene_universe	Lambert_human_TFs	v1.01
1455	ZNF652	False	not_present_in_current_rna_gene_universe	Lambert_human_TFs	v1.01
1456	ZNF653	False	not_present_in_current_rna_gene_universe	Lambert_human_TFs	v1.01
1457	ZNF654	False	not_present_in_current_rna_gene_universe	Lambert_human_TFs	v1.01
1458	ZNF655	False	not_present_in_current_rna_gene_universe	Lambert_human_TFs	v1.01
1459	ZNF658	False	not_present_in_current_rna_gene_universe	Lambert_human_TFs	v1.01
1460	ZNF66	False	not_present_in_current_rna_gene_universe	Lambert_human_TFs	v1.01
1461	ZNF660	False	not_present_in_current_rna_gene_universe	Lambert_human_TFs	v1.01
1462	ZNF662	False	not_present_in_current_rna_gene_universe	Lambert_human_TFs	v1.01
1463	ZNF664	False	not_present_in_current_rna_gene_universe	Lambert_human_TFs	v1.01
1464	ZNF665	False	not_present_in_current_rna_gene_universe	Lambert_human_TFs	v1.01
1465	ZNF667	False	not_present_in_current_rna_gene_universe	Lambert_human_TFs	v1.01
1466	ZNF668	False	not_present_in_current_rna_gene_universe	Lambert_human_TFs	v1.01
1467	ZNF669	False	not_present_in_current_rna_gene_universe	Lambert_human_TFs	v1.01
1468	ZNF670	False	not_present_in_current_rna_gene_universe	Lambert_human_TFs	v1.01
1469	ZNF671	False	not_present_in_current_rna_gene_universe	Lambert_human_TFs	v1.01
1470	ZNF672	False	not_present_in_current_rna_gene_universe	Lambert_human_TFs	v1.01
1471	ZNF674	False	not_present_in_current_rna_gene_universe	Lambert_human_TFs	v1.01
1472	ZNF675	False	not_present_in_current_rna_gene_universe	Lambert_human_TFs	v1.01
1474	ZNF677	False	not_present_in_current_rna_gene_universe	Lambert_human_TFs	v1.01
1475	ZNF678	False	not_present_in_current_rna_gene_universe	Lambert_human_TFs	v1.01
1476	ZNF679	False	not_present_in_current_rna_gene_universe	Lambert_human_TFs	v1.01
1477	ZNF680	False	not_present_in_current_rna_gene_universe	Lambert_human_TFs	v1.01
1478	ZNF681	False	not_present_in_current_rna_gene_universe	Lambert_human_TFs	v1.01
1479	ZNF682	False	not_present_in_current_rna_gene_universe	Lambert_human_TFs	v1.01
1481	ZNF684	False	not_present_in_current_rna_gene_universe	Lambert_human_TFs	v1.01
1482	ZNF687	False	not_present_in_current_rna_gene_universe	Lambert_human_TFs	v1.01
1483	ZNF688	False	not_present_in_current_rna_gene_universe	Lambert_human_TFs	v1.01
1484	ZNF689	False	not_present_in_current_rna_gene_universe	Lambert_human_TFs	v1.01
1485	ZNF69	False	not_present_in_current_rna_gene_universe	Lambert_human_TFs	v1.01
1486	ZNF691	False	not_present_in_current_rna_gene_universe	Lambert_human_TFs	v1.01
1487	ZNF692	False	not_present_in_current_rna_gene_universe	Lambert_human_TFs	v1.01
1489	ZNF696	False	not_present_in_current_rna_gene_universe	Lambert_human_TFs	v1.01
1490	ZNF697	False	not_present_in_current_rna_gene_universe	Lambert_human_TFs	v1.01
1491	ZNF699	False	not_present_in_current_rna_gene_universe	Lambert_human_TFs	v1.01
1492	ZNF7	False	not_present_in_current_rna_gene_universe	Lambert_human_TFs	v1.01
1493	ZNF70	False	not_present_in_current_rna_gene_universe	Lambert_human_TFs	v1.01
1494	ZNF700	False	not_present_in_current_rna_gene_universe	Lambert_human_TFs	v1.01
1495	ZNF701	False	not_present_in_current_rna_gene_universe	Lambert_human_TFs	v1.01
1497	ZNF704	False	not_present_in_current_rna_gene_universe	Lambert_human_TFs	v1.01
1498	ZNF705A	False	not_present_in_current_rna_gene_universe	Lambert_human_TFs	v1.01
1499	ZNF705B	False	not_present_in_current_rna_gene_universe	Lambert_human_TFs	v1.01
1500	ZNF705D	False	not_present_in_current_rna_gene_universe	Lambert_human_TFs	v1.01
1501	ZNF705E	False	not_present_in_current_rna_gene_universe	Lambert_human_TFs	v1.01
1502	ZNF705G	False	not_present_in_current_rna_gene_universe	Lambert_human_TFs	v1.01
1503	ZNF706	False	not_present_in_current_rna_gene_universe	Lambert_human_TFs	v1.01
1504	ZNF707	False	not_present_in_current_rna_gene_universe	Lambert_human_TFs	v1.01
1505	ZNF708	False	not_present_in_current_rna_gene_universe	Lambert_human_TFs	v1.01
1506	ZNF709	False	not_present_in_current_rna_gene_universe	Lambert_human_TFs	v1.01
1507	ZNF71	False	not_present_in_current_rna_gene_universe	Lambert_human_TFs	v1.01
1509	ZNF711	False	not_present_in_current_rna_gene_universe	Lambert_human_TFs	v1.01
1511	ZNF714	False	not_present_in_current_rna_gene_universe	Lambert_human_TFs	v1.01
1512	ZNF716	False	not_present_in_current_rna_gene_universe	Lambert_human_TFs	v1.01
1513	ZNF717	False	not_present_in_current_rna_gene_universe	Lambert_human_TFs	v1.01
1514	ZNF718	False	not_present_in_current_rna_gene_universe	Lambert_human_TFs	v1.01
1515	ZNF721	False	not_present_in_current_rna_gene_universe	Lambert_human_TFs	v1.01
1516	ZNF724	False	not_present_in_current_rna_gene_universe	Lambert_human_TFs	v1.01
1517	ZNF726	False	not_present_in_current_rna_gene_universe	Lambert_human_TFs	v1.01
1518	ZNF727	False	not_present_in_current_rna_gene_universe	Lambert_human_TFs	v1.01
1519	ZNF728	False	not_present_in_current_rna_gene_universe	Lambert_human_TFs	v1.01
1520	ZNF729	False	not_present_in_current_rna_gene_universe	Lambert_human_TFs	v1.01
1521	ZNF730	False	not_present_in_current_rna_gene_universe	Lambert_human_TFs	v1.01
1522	ZNF732	False	not_present_in_current_rna_gene_universe	Lambert_human_TFs	v1.01
1523	ZNF735	False	not_present_in_current_rna_gene_universe	Lambert_human_TFs	v1.01
1524	ZNF736	False	not_present_in_current_rna_gene_universe	Lambert_human_TFs	v1.01
1525	ZNF737	False	not_present_in_current_rna_gene_universe	Lambert_human_TFs	v1.01
1526	ZNF74	False	not_present_in_current_rna_gene_universe	Lambert_human_TFs	v1.01
1527	ZNF740	False	not_present_in_current_rna_gene_universe	Lambert_human_TFs	v1.01
1528	ZNF746	False	not_present_in_current_rna_gene_universe	Lambert_human_TFs	v1.01
1529	ZNF747	False	not_present_in_current_rna_gene_universe	Lambert_human_TFs	v1.01
1530	ZNF749	False	not_present_in_current_rna_gene_universe	Lambert_human_TFs	v1.01
1531	ZNF750	False	not_present_in_current_rna_gene_universe	Lambert_human_TFs	v1.01
1532	ZNF75A	False	not_present_in_current_rna_gene_universe	Lambert_human_TFs	v1.01
1533	ZNF75D	False	not_present_in_current_rna_gene_universe	Lambert_human_TFs	v1.01
1534	ZNF76	False	not_present_in_current_rna_gene_universe	Lambert_human_TFs	v1.01
1535	ZNF761	False	not_present_in_current_rna_gene_universe	Lambert_human_TFs	v1.01
1536	ZNF763	False	not_present_in_current_rna_gene_universe	Lambert_human_TFs	v1.01
1537	ZNF764	False	not_present_in_current_rna_gene_universe	Lambert_human_TFs	v1.01
1538	ZNF765	False	not_present_in_current_rna_gene_universe	Lambert_human_TFs	v1.01
1539	ZNF766	False	not_present_in_current_rna_gene_universe	Lambert_human_TFs	v1.01
1540	ZNF768	False	not_present_in_current_rna_gene_universe	Lambert_human_TFs	v1.01
1541	ZNF77	False	not_present_in_current_rna_gene_universe	Lambert_human_TFs	v1.01
1542	ZNF770	False	not_present_in_current_rna_gene_universe	Lambert_human_TFs	v1.01
1543	ZNF771	False	not_present_in_current_rna_gene_universe	Lambert_human_TFs	v1.01
1544	ZNF772	False	not_present_in_current_rna_gene_universe	Lambert_human_TFs	v1.01
1545	ZNF773	False	not_present_in_current_rna_gene_universe	Lambert_human_TFs	v1.01
1546	ZNF774	False	not_present_in_current_rna_gene_universe	Lambert_human_TFs	v1.01
1547	ZNF775	False	not_present_in_current_rna_gene_universe	Lambert_human_TFs	v1.01
1548	ZNF776	False	not_present_in_current_rna_gene_universe	Lambert_human_TFs	v1.01
1549	ZNF777	False	not_present_in_current_rna_gene_universe	Lambert_human_TFs	v1.01
1550	ZNF778	False	not_present_in_current_rna_gene_universe	Lambert_human_TFs	v1.01
1551	ZNF780A	False	not_present_in_current_rna_gene_universe	Lambert_human_TFs	v1.01
1552	ZNF780B	False	not_present_in_current_rna_gene_universe	Lambert_human_TFs	v1.01
1553	ZNF781	False	not_present_in_current_rna_gene_universe	Lambert_human_TFs	v1.01
1554	ZNF782	False	not_present_in_current_rna_gene_universe	Lambert_human_TFs	v1.01
1555	ZNF783	False	not_present_in_current_rna_gene_universe	Lambert_human_TFs	v1.01
1556	ZNF784	False	not_present_in_current_rna_gene_universe	Lambert_human_TFs	v1.01
1557	ZNF785	False	not_present_in_current_rna_gene_universe	Lambert_human_TFs	v1.01
1558	ZNF786	False	not_present_in_current_rna_gene_universe	Lambert_human_TFs	v1.01
1559	ZNF787	False	not_present_in_current_rna_gene_universe	Lambert_human_TFs	v1.01
1560	ZNF788	False	not_present_in_current_rna_gene_universe	Lambert_human_TFs	v1.01
1561	ZNF789	False	not_present_in_current_rna_gene_universe	Lambert_human_TFs	v1.01
1562	ZNF79	False	not_present_in_current_rna_gene_universe	Lambert_human_TFs	v1.01
1563	ZNF790	False	not_present_in_current_rna_gene_universe	Lambert_human_TFs	v1.01
1564	ZNF791	False	not_present_in_current_rna_gene_universe	Lambert_human_TFs	v1.01
1565	ZNF792	False	not_present_in_current_rna_gene_universe	Lambert_human_TFs	v1.01
1566	ZNF793	False	not_present_in_current_rna_gene_universe	Lambert_human_TFs	v1.01
1567	ZNF799	False	not_present_in_current_rna_gene_universe	Lambert_human_TFs	v1.01
1568	ZNF8	False	not_present_in_current_rna_gene_universe	Lambert_human_TFs	v1.01
1570	ZNF800	False	not_present_in_current_rna_gene_universe	Lambert_human_TFs	v1.01
1572	ZNF804B	False	not_present_in_current_rna_gene_universe	Lambert_human_TFs	v1.01
1573	ZNF805	False	not_present_in_current_rna_gene_universe	Lambert_human_TFs	v1.01
1574	ZNF808	False	not_present_in_current_rna_gene_universe	Lambert_human_TFs	v1.01
1575	ZNF81	False	not_present_in_current_rna_gene_universe	Lambert_human_TFs	v1.01
1576	ZNF813	False	not_present_in_current_rna_gene_universe	Lambert_human_TFs	v1.01
1577	ZNF814	False	not_present_in_current_rna_gene_universe	Lambert_human_TFs	v1.01
1578	ZNF816	False	not_present_in_current_rna_gene_universe	Lambert_human_TFs	v1.01
1580	ZNF823	False	not_present_in_current_rna_gene_universe	Lambert_human_TFs	v1.01
1581	ZNF827	False	not_present_in_current_rna_gene_universe	Lambert_human_TFs	v1.01
1582	ZNF829	False	not_present_in_current_rna_gene_universe	Lambert_human_TFs	v1.01
1583	ZNF83	False	not_present_in_current_rna_gene_universe	Lambert_human_TFs	v1.01
1584	ZNF830	False	not_present_in_current_rna_gene_universe	Lambert_human_TFs	v1.01
1585	ZNF831	False	not_present_in_current_rna_gene_universe	Lambert_human_TFs	v1.01
1586	ZNF835	False	not_present_in_current_rna_gene_universe	Lambert_human_TFs	v1.01
1587	ZNF836	False	not_present_in_current_rna_gene_universe	Lambert_human_TFs	v1.01
1588	ZNF837	False	not_present_in_current_rna_gene_universe	Lambert_human_TFs	v1.01
1589	ZNF84	False	not_present_in_current_rna_gene_universe	Lambert_human_TFs	v1.01
1590	ZNF841	False	not_present_in_current_rna_gene_universe	Lambert_human_TFs	v1.01
1591	ZNF843	False	not_present_in_current_rna_gene_universe	Lambert_human_TFs	v1.01
1592	ZNF844	False	not_present_in_current_rna_gene_universe	Lambert_human_TFs	v1.01
1593	ZNF845	False	not_present_in_current_rna_gene_universe	Lambert_human_TFs	v1.01
1594	ZNF846	False	not_present_in_current_rna_gene_universe	Lambert_human_TFs	v1.01
1595	ZNF85	False	not_present_in_current_rna_gene_universe	Lambert_human_TFs	v1.01
1596	ZNF850	False	not_present_in_current_rna_gene_universe	Lambert_human_TFs	v1.01
1597	ZNF852	False	not_present_in_current_rna_gene_universe	Lambert_human_TFs	v1.01
1598	ZNF853	False	not_present_in_current_rna_gene_universe	Lambert_human_TFs	v1.01
1599	ZNF860	False	not_present_in_current_rna_gene_universe	Lambert_human_TFs	v1.01
1600	ZNF865	False	not_present_in_current_rna_gene_universe	Lambert_human_TFs	v1.01
1601	ZNF878	False	not_present_in_current_rna_gene_universe	Lambert_human_TFs	v1.01
1602	ZNF879	False	not_present_in_current_rna_gene_universe	Lambert_human_TFs	v1.01
1603	ZNF880	False	not_present_in_current_rna_gene_universe	Lambert_human_TFs	v1.01
1604	ZNF883	False	not_present_in_current_rna_gene_universe	Lambert_human_TFs	v1.01
1605	ZNF888	False	not_present_in_current_rna_gene_universe	Lambert_human_TFs	v1.01
1606	ZNF891	False	not_present_in_current_rna_gene_universe	Lambert_human_TFs	v1.01
1607	ZNF90	False	not_present_in_current_rna_gene_universe	Lambert_human_TFs	v1.01
1608	ZNF91	False	not_present_in_current_rna_gene_universe	Lambert_human_TFs	v1.01
1609	ZNF92	False	not_present_in_current_rna_gene_universe	Lambert_human_TFs	v1.01
1610	ZNF93	False	not_present_in_current_rna_gene_universe	Lambert_human_TFs	v1.01
1611	ZNF98	False	not_present_in_current_rna_gene_universe	Lambert_human_TFs	v1.01
1612	ZNF99	False	not_present_in_current_rna_gene_universe	Lambert_human_TFs	v1.01
1613	ZSCAN1	False	not_present_in_current_rna_gene_universe	Lambert_human_TFs	v1.01
1614	ZSCAN10	False	not_present_in_current_rna_gene_universe	Lambert_human_TFs	v1.01
1615	ZSCAN12	False	not_present_in_current_rna_gene_universe	Lambert_human_TFs	v1.01
1616	ZSCAN16	False	not_present_in_current_rna_gene_universe	Lambert_human_TFs	v1.01
1617	ZSCAN18	False	not_present_in_current_rna_gene_universe	Lambert_human_TFs	v1.01
1618	ZSCAN2	False	not_present_in_current_rna_gene_universe	Lambert_human_TFs	v1.01
1619	ZSCAN20	False	not_present_in_current_rna_gene_universe	Lambert_human_TFs	v1.01
1620	ZSCAN21	False	not_present_in_current_rna_gene_universe	Lambert_human_TFs	v1.01
1621	ZSCAN22	False	not_present_in_current_rna_gene_universe	Lambert_human_TFs	v1.01
1622	ZSCAN23	False	not_present_in_current_rna_gene_universe	Lambert_human_TFs	v1.01
1623	ZSCAN25	False	not_present_in_current_rna_gene_universe	Lambert_human_TFs	v1.01
1624	ZSCAN26	False	not_present_in_current_rna_gene_universe	Lambert_human_TFs	v1.01
1625	ZSCAN29	False	not_present_in_current_rna_gene_universe	Lambert_human_TFs	v1.01
1626	ZSCAN30	False	not_present_in_current_rna_gene_universe	Lambert_human_TFs	v1.01
1627	ZSCAN31	False	not_present_in_current_rna_gene_universe	Lambert_human_TFs	v1.01
1628	ZSCAN32	False	not_present_in_current_rna_gene_universe	Lambert_human_TFs	v1.01
1629	ZSCAN4	False	not_present_in_current_rna_gene_universe	Lambert_human_TFs	v1.01
1631	ZSCAN5B	False	not_present_in_current_rna_gene_universe	Lambert_human_TFs	v1.01
1632	ZSCAN5C	False	not_present_in_current_rna_gene_universe	Lambert_human_TFs	v1.01
1633	ZSCAN9	False	not_present_in_current_rna_gene_universe	Lambert_human_TFs	v1.01
1634	ZUFSP	False	not_present_in_current_rna_gene_universe	Lambert_human_TFs	v1.01
1635	ZXDA	False	not_present_in_current_rna_gene_universe	Lambert_human_TFs	v1.01
1636	ZXDB	False	not_present_in_current_rna_gene_universe	Lambert_human_TFs	v1.01
1637	ZXDC	False	not_present_in_current_rna_gene_universe	Lambert_human_TFs	v1.01
1638	ZZZ3	False	not_present_in_current_rna_gene_universe	Lambert_human_TFs	v1.01
