barcode,cluster,candidate_cell_type_broad,candidate_cell_type_detailed,selected_for_scatac_analysis
AAACAGCCAAGGAATC-1,1,Naοve_CD4_T_cells_helpers,,True
AAACAGCCAATCCCTT-1,2,T_cells_general_cd4 ambigouus,,False
AAACAGCCAATGCGCT-1,1,Naοve_CD4_T_cells_helpers,,True
AAACAGCCACCAACCG-1,3,Naοve_CD8_T_cells,,True
AAACAGCCAGGATAAC-1,1,Naοve_CD4_T_cells_helpers,,True
AAACAGCCAGTAGGTG-1,3,Naοve_CD8_T_cells,,True
AAACAGCCAGTTTACG-1,2,T_cells_general_cd4 ambigouus,,False
AAACAGCCATCCAGGT-1,7,Non_classical_Monocytes,,True
AAACATGCAAGGTCCT-1,3,Naοve_CD8_T_cells,,True
AAACATGCACCGGCTA-1,5,NK_cells,,True
AAACATGCACTTGTTC-1,1,Naοve_CD4_T_cells_helpers,,True
AAACATGCAGCAAGTG-1,2,T_cells_general_cd4 ambigouus,,False
AAACATGCAGGGAGCT-1,5,NK_cells,,True
AAACCAACACAATGCC-1,0,Monocytes_CD14,,True
AAACCAACACTAAGAA-1,1,Naοve_CD4_T_cells_helpers,,True
AAACCAACAGGATGGC-1,2,T_cells_general_cd4 ambigouus,,False
AAACCAACATAATCCG-1,0,Monocytes_CD14,,True
AAACCAACATTGTGCA-1,0,Monocytes_CD14,,True
AAACCGAAGTGAGCAA-1,4,Cytotoxic_T_cell,,True
AAACCGAAGTTGCGTG-1,3,Naοve_CD8_T_cells,,True
AAACCGCGTATGGTGC-1,1,Naοve_CD4_T_cells_helpers,,True
AAACCGCGTCTAACCT-1,7,Non_classical_Monocytes,,True
AAACCGGCATAATCAC-1,9,Dendritic cells,,True
AAACCGGCATTAGCCA-1,1,Naοve_CD4_T_cells_helpers,,True
AAACGCGCACCTACTT-1,1,Naοve_CD4_T_cells_helpers,,True
AAACGCGCAGCAAGAT-1,0,Monocytes_CD14,,True
AAACGGATCATTCATC-1,1,Naοve_CD4_T_cells_helpers,,True
AAACGGATCCACCCTG-1,1,Naοve_CD4_T_cells_helpers,,True
AAACGGATCCCATAGG-1,0,Monocytes_CD14,,True
AAACGGATCGGTAACT-1,1,Naοve_CD4_T_cells_helpers,,True
AAACGGATCGTTTCTG-1,1,Naοve_CD4_T_cells_helpers,,True
AAACGTACAAGTGTTT-1,3,Naοve_CD8_T_cells,,True
AAACGTACACAACAGG-1,2,T_cells_general_cd4 ambigouus,,False
AAACGTACACAAGCCT-1,1,Naοve_CD4_T_cells_helpers,,True
AAACGTACAGCTAATT-1,3,Naοve_CD8_T_cells,,True
AAACGTACAGGGAGGA-1,1,Naοve_CD4_T_cells_helpers,,True
AAAGCAAGTCCTTTAA-1,2,T_cells_general_cd4 ambigouus,,False
AAAGCAAGTGTAATAC-1,2,T_cells_general_cd4 ambigouus,,False
AAAGCACCAAATGCCC-1,3,Naοve_CD8_T_cells,,True
AAAGCACCATGGCCCA-1,1,Naοve_CD4_T_cells_helpers,,True
AAAGCACCATTGTGGC-1,9,Dendritic cells,,True
AAAGCCCGTATTGAGT-1,3,Naοve_CD8_T_cells,,True
AAAGCCCGTGAGAAAC-1,3,Naοve_CD8_T_cells,,True
AAAGCCCGTGCTAGAC-1,2,T_cells_general_cd4 ambigouus,,False
AAAGCCCGTGGAAGGC-1,1,Naοve_CD4_T_cells_helpers,,True
AAAGCCCGTGTTGCTT-1,5,NK_cells,,True
AAAGCCCGTTATCCTA-1,0,Monocytes_CD14,,True
AAAGCCCGTTGGTTGA-1,0,Monocytes_CD14,,True
AAAGCCGCACTGACTA-1,3,Naοve_CD8_T_cells,,True
AAAGCCGCACTGGCTG-1,3,Naοve_CD8_T_cells,,True
AAAGCCGCAGGAACTG-1,7,Non_classical_Monocytes,,True
AAAGCCGCAGTTAAAG-1,0,Monocytes_CD14,,True
AAAGCCGCATAGACTT-1,1,Naοve_CD4_T_cells_helpers,,True
AAAGCCGCATAGCTTG-1,1,Naοve_CD4_T_cells_helpers,,True
AAAGCCGCATGCAACC-1,2,T_cells_general_cd4 ambigouus,,False
AAAGCCGCATTAAGCT-1,0,Monocytes_CD14,,True
AAAGCCGCATTGTTGG-1,3,Naοve_CD8_T_cells,,True
AAAGCGGGTAGCCTCC-1,3,Naοve_CD8_T_cells,,True
AAAGCGGGTCATCCTG-1,13,Plasma_cells,,False
AAAGCGGGTGATCAGC-1,3,Naοve_CD8_T_cells,,True
AAAGCGGGTTAACACG-1,2,T_cells_general_cd4 ambigouus,,False
AAAGCGGGTTCCGGGA-1,0,Monocytes_CD14,,True
AAAGCGGGTTGAATCG-1,3,Naοve_CD8_T_cells,,True
AAAGCGGGTTGCACAA-1,2,T_cells_general_cd4 ambigouus,,False
AAAGCGGGTTTACCGT-1,3,Naοve_CD8_T_cells,,True
AAAGCTTGTCAATACG-1,10,Cytotoxic_T_NK,,False
AAAGCTTGTCGACTAA-1,2,T_cells_general_cd4 ambigouus,,False
AAAGCTTGTTAGAGGG-1,10,Cytotoxic_T_NK,,False
AAAGGACGTCCTTCTC-1,0,Monocytes_CD14,,True
AAAGGACGTTGGATCA-1,2,T_cells_general_cd4 ambigouus,,False
AAAGGAGCACAGAAAC-1,6,Memory_B_cells,,True
AAAGGAGCACCTGTAA-1,2,T_cells_general_cd4 ambigouus,,False
AAAGGAGCAGGTTAAA-1,4,Cytotoxic_T_cell,,True
AAAGGAGCATTGTCCT-1,3,Naοve_CD8_T_cells,,True
AAAGGCTCAATCCTAG-1,0,Monocytes_CD14,,True
AAAGGCTCAATGCCCG-1,5,NK_cells,,True
AAAGGCTCACAACAAA-1,5,NK_cells,,True
AAAGGCTCACAGCCAT-1,2,T_cells_general_cd4 ambigouus,,False
AAAGGCTCACCTACGG-1,0,Monocytes_CD14,,True
AAAGGCTCACTTCACT-1,3,Naοve_CD8_T_cells,,True
AAAGGCTCAGGACACA-1,6,Memory_B_cells,,True
AAAGGCTCAGGATAAC-1,2,T_cells_general_cd4 ambigouus,,False
AAAGGTTAGCGATAAG-1,1,Naοve_CD4_T_cells_helpers,,True
AAAGGTTAGGACGTAA-1,4,Cytotoxic_T_cell,,True
AAAGGTTAGGCGAAAC-1,8,Naοve_B_cells,,True
AAAGGTTAGGTGAAAT-1,0,Monocytes_CD14,,True
AAAGGTTAGTTAGCCG-1,0,Monocytes_CD14,,True
AAATCCGGTAAACAAG-1,0,Monocytes_CD14,,True
AAATCCGGTCAGGCAT-1,7,Non_classical_Monocytes,,True
AAATCCGGTCTAGCTT-1,8,Naοve_B_cells,,True
AAATCCGGTCTCAGCC-1,1,Naοve_CD4_T_cells_helpers,,True
AAATCCGGTGAGACTC-1,0,Monocytes_CD14,,True
AAATCCGGTGTTGTGA-1,2,T_cells_general_cd4 ambigouus,,False
AAATCCGGTTATCGAG-1,4,Cytotoxic_T_cell,,True
AAATGCCTCCTAGTCC-1,3,Naοve_CD8_T_cells,,True
AAATGCCTCCTCACAC-1,3,Naοve_CD8_T_cells,,True
AAATGCCTCGATTTAG-1,0,Monocytes_CD14,,True
AAATGCCTCGATTTGA-1,2,T_cells_general_cd4 ambigouus,,False
AAATGCCTCTAGCTTT-1,1,Naοve_CD4_T_cells_helpers,,True
AAATGGCCAAGGTACG-1,7,Non_classical_Monocytes,,True
AAATGGCCACATAGCC-1,1,Naοve_CD4_T_cells_helpers,,True
AAATGGCCACGAACAG-1,1,Naοve_CD4_T_cells_helpers,,True
AAATGGCCAGAGAGCC-1,4,Cytotoxic_T_cell,,True
AAATGGCCAGCCTTGG-1,6,Memory_B_cells,,True
AAATGGCCAGTTATGT-1,4,Cytotoxic_T_cell,,True
AAATGGCCATCACTTC-1,7,Non_classical_Monocytes,,True
AACAAAGGTACTTCAC-1,3,Naοve_CD8_T_cells,,True
AACAAAGGTAGCTGGT-1,1,Naοve_CD4_T_cells_helpers,,True
AACAAAGGTTAATCGG-1,5,NK_cells,,True
AACAAAGGTTATAGCG-1,0,Monocytes_CD14,,True
AACAAGCCAAATATCC-1,3,Naοve_CD8_T_cells,,True
AACAAGCCAACCGCCA-1,1,Naοve_CD4_T_cells_helpers,,True
AACAAGCCACAGACTC-1,0,Monocytes_CD14,,True
AACAAGCCATCAGTAT-1,0,Monocytes_CD14,,True
AACAAGCCATCTTGAG-1,3,Naοve_CD8_T_cells,,True
AACAAGCCATTAAACC-1,0,Monocytes_CD14,,True
AACAGATAGACTAAGG-1,3,Naοve_CD8_T_cells,,True
AACAGATAGCCGCTAA-1,3,Naοve_CD8_T_cells,,True
AACAGATAGCTATTGA-1,4,Cytotoxic_T_cell,,True
AACAGATAGCTTAGTA-1,0,Monocytes_CD14,,True
AACAGATAGGAACGCG-1,0,Monocytes_CD14,,True
AACAGATAGGTCCTAG-1,0,Monocytes_CD14,,True
AACAGATAGTAACCCG-1,11,pDC,,False
AACAGATAGTCAGGCC-1,0,Monocytes_CD14,,True
AACAGATAGTGACCTG-1,4,Cytotoxic_T_cell,,True
AACAGCAAGCGCAATT-1,8,Naοve_B_cells,,True
AACAGCAAGGAACACA-1,1,Naοve_CD4_T_cells_helpers,,True
AACAGCAAGTAAACCC-1,3,Naοve_CD8_T_cells,,True
AACAGGATCATGCAAC-1,7,Non_classical_Monocytes,,True
AACAGGATCATGCGTG-1,6,Memory_B_cells,,True
AACAGGATCCTAATAG-1,1,Naοve_CD4_T_cells_helpers,,True
AACAGGATCGAAGTAG-1,0,Monocytes_CD14,,True
AACAGGATCGTTAGCG-1,0,Monocytes_CD14,,True
AACAGGATCTGTGAGT-1,0,Monocytes_CD14,,True
AACATAGCAATAATGG-1,2,T_cells_general_cd4 ambigouus,,False
AACATAGCAATGAGGT-1,2,T_cells_general_cd4 ambigouus,,False
AACATAGCACCATATG-1,0,Monocytes_CD14,,True
AACATAGCAGGCTAAG-1,1,Naοve_CD4_T_cells_helpers,,True
AACATAGCAGTCTAAT-1,2,T_cells_general_cd4 ambigouus,,False
AACATAGCATGAATAG-1,0,Monocytes_CD14,,True
AACATAGCATGTGGGA-1,3,Naοve_CD8_T_cells,,True
AACATCATCAGCATTA-1,8,Naοve_B_cells,,True
AACATCATCGCTAAGT-1,1,Naοve_CD4_T_cells_helpers,,True
AACATCATCTTGATGA-1,3,Naοve_CD8_T_cells,,True
AACATTGTCCCTGACT-1,0,Monocytes_CD14,,True
AACATTGTCGCTAGAT-1,0,Monocytes_CD14,,True
AACCCGCAGCCTAACG-1,5,NK_cells,,True
AACCCGCAGCGGATTT-1,0,Monocytes_CD14,,True
AACCCGCAGGTAGCTT-1,4,Cytotoxic_T_cell,,True
AACCCGCAGGTCATTA-1,5,NK_cells,,True
AACCCGCAGGTGTCCA-1,7,Non_classical_Monocytes,,True
AACCCGCAGTATTGGC-1,3,Naοve_CD8_T_cells,,True
AACCCGCAGTGGACAA-1,2,T_cells_general_cd4 ambigouus,,False
AACCGCTCACCTCAGG-1,4,Cytotoxic_T_cell,,True
AACCGCTCACTAAATC-1,3,Naοve_CD8_T_cells,,True
AACCGCTCAGCATGAG-1,4,Cytotoxic_T_cell,,True
AACCGCTCAGCTTACA-1,9,Dendritic cells,,True
AACCGCTCATATAACC-1,6,Memory_B_cells,,True
AACCGCTCATCTAGCA-1,2,T_cells_general_cd4 ambigouus,,False
AACCGGCTCATAACTG-1,3,Naοve_CD8_T_cells,,True
AACCGGCTCCGCAACA-1,2,T_cells_general_cd4 ambigouus,,False
AACCGGCTCTCCATGC-1,1,Naοve_CD4_T_cells_helpers,,True
AACCGGCTCTTAGCCC-1,0,Monocytes_CD14,,True
AACCGGCTCTTGAGCG-1,1,Naοve_CD4_T_cells_helpers,,True
AACCTAATCATTGTTC-1,3,Naοve_CD8_T_cells,,True
AACCTAATCCTGCGAA-1,3,Naοve_CD8_T_cells,,True
AACCTAATCCTTGCAC-1,2,T_cells_general_cd4 ambigouus,,False
AACCTCACAACACCTA-1,3,Naοve_CD8_T_cells,,True
AACCTCACACAAAGCG-1,0,Monocytes_CD14,,True
AACCTCACAGTATGTT-1,5,NK_cells,,True
AACCTCACAGTCTAAT-1,1,Naοve_CD4_T_cells_helpers,,True
AACCTCACATACTCCT-1,3,Naοve_CD8_T_cells,,True
AACCTCACATAGACTT-1,3,Naοve_CD8_T_cells,,True
AACCTCACATGACTAT-1,0,Monocytes_CD14,,True
AACCTCACATTTGCTC-1,4,Cytotoxic_T_cell,,True
AACCTCCTCATTACGA-1,2,T_cells_general_cd4 ambigouus,,False
AACCTCCTCCGCCAAA-1,2,T_cells_general_cd4 ambigouus,,False
AACCTCCTCCTCAGTC-1,1,Naοve_CD4_T_cells_helpers,,True
AACCTCCTCCTCGATC-1,4,Cytotoxic_T_cell,,True
AACCTCCTCGCAAACT-1,1,Naοve_CD4_T_cells_helpers,,True
AACCTCCTCGCGCTAA-1,4,Cytotoxic_T_cell,,True
AACCTCCTCTCATCAT-1,8,Naοve_B_cells,,True
AACCTTAAGAGGAAGG-1,4,Cytotoxic_T_cell,,True
AACCTTAAGCAAGGGT-1,0,Monocytes_CD14,,True
AACCTTAAGCCTTAAA-1,2,T_cells_general_cd4 ambigouus,,False
AACCTTAAGTTATGTG-1,0,Monocytes_CD14,,True
AACCTTGCAAACTGTT-1,9,Dendritic cells,,True
AACCTTGCAAAGCGGC-1,0,Monocytes_CD14,,True
AACCTTGCAAGGAATC-1,3,Naοve_CD8_T_cells,,True
AACCTTGCACCTATAG-1,3,Naοve_CD8_T_cells,,True
AACCTTGCAGTTTGTG-1,8,Naοve_B_cells,,True
AACCTTGCATCCCTCA-1,1,Naοve_CD4_T_cells_helpers,,True
AACGACAAGCCGGTAC-1,3,Naοve_CD8_T_cells,,True
AACGACAAGCTGGCTA-1,7,Non_classical_Monocytes,,True
AACGACAAGGACACTT-1,7,Non_classical_Monocytes,,True
AACGACAAGGGTCCAC-1,0,Monocytes_CD14,,True
AACGACAAGGTGAAGC-1,0,Monocytes_CD14,,True
AACGACAAGTAAGTCC-1,1,Naοve_CD4_T_cells_helpers,,True
AACGCCCAGAGGAAGG-1,3,Naοve_CD8_T_cells,,True
AACGCCCAGCCTGAGC-1,0,Monocytes_CD14,,True
AACGCCCAGCTTTGGG-1,1,Naοve_CD4_T_cells_helpers,,True
AACGCCCAGTAGCCAT-1,7,Non_classical_Monocytes,,True
AACGCCCAGTAGGATG-1,2,T_cells_general_cd4 ambigouus,,False
AACGCTAGTAATAACC-1,9,Dendritic cells,,True
AACGCTAGTACGGGTT-1,3,Naοve_CD8_T_cells,,True
AACGCTAGTCACAAAT-1,4,Cytotoxic_T_cell,,True
AACGCTAGTCCTGATT-1,0,Monocytes_CD14,,True
AACGCTAGTGTTGCTT-1,0,Monocytes_CD14,,True
AACGCTAGTTTGTCTA-1,0,Monocytes_CD14,,True
AACGGTAAGGACCTCA-1,0,Monocytes_CD14,,True
AACTACTCAACCGCCA-1,0,Monocytes_CD14,,True
AACTACTCAATAGCAA-1,2,T_cells_general_cd4 ambigouus,,False
AACTACTCACAATGTT-1,4,Cytotoxic_T_cell,,True
AACTACTCACTTCACT-1,4,Cytotoxic_T_cell,,True
AACTACTCATAATCGT-1,2,T_cells_general_cd4 ambigouus,,False
AACTACTCATTAAGCT-1,0,Monocytes_CD14,,True
AACTACTCATTCCTCG-1,0,Monocytes_CD14,,True
AACTAGCTCAGGCCTA-1,3,Naοve_CD8_T_cells,,True
AACTAGCTCGGTTAGT-1,2,T_cells_general_cd4 ambigouus,,False
AACTAGCTCTTGCTAT-1,0,Monocytes_CD14,,True
AACTAGTGTAATTAGC-1,6,Memory_B_cells,,True
AACTAGTGTCAATAGT-1,4,Cytotoxic_T_cell,,True
AACTAGTGTGTTAGCA-1,0,Monocytes_CD14,,True
AACTAGTGTTACGCAA-1,6,Memory_B_cells,,True
AACTAGTGTTCTTTAG-1,0,Monocytes_CD14,,True
AACTCACAGAGAGGCT-1,3,Naοve_CD8_T_cells,,True
AACTCACAGCAACATC-1,4,Cytotoxic_T_cell,,True
AACTCACAGCACAGAA-1,3,Naοve_CD8_T_cells,,True
AACTGTTCAATAATCC-1,3,Naοve_CD8_T_cells,,True
AACTGTTCACAAACTT-1,0,Monocytes_CD14,,True
AACTGTTCAGCAACCT-1,0,Monocytes_CD14,,True
AACTTAGTCCCGTTAC-1,5,NK_cells,,True
AACTTAGTCCCTGACT-1,4,Cytotoxic_T_cell,,True
AACTTAGTCCGGTTAG-1,0,Monocytes_CD14,,True
AACTTAGTCGCATTAA-1,4,Cytotoxic_T_cell,,True
AACTTAGTCGGTAACT-1,3,Naοve_CD8_T_cells,,True
AACTTAGTCGTACCGA-1,2,T_cells_general_cd4 ambigouus,,False
AACTTAGTCGTCATTT-1,0,Monocytes_CD14,,True
AAGAACAGTAGGTTGC-1,2,T_cells_general_cd4 ambigouus,,False
AAGAACAGTATTCGTC-1,1,Naοve_CD4_T_cells_helpers,,True
AAGAACAGTGGACCTG-1,1,Naοve_CD4_T_cells_helpers,,True
AAGAACAGTGTTTGCT-1,6,Memory_B_cells,,True
AAGAACAGTTAAGCTG-1,3,Naοve_CD8_T_cells,,True
AAGAATCAGAAGCTAG-1,1,Naοve_CD4_T_cells_helpers,,True
AAGAATCAGAGCCGGA-1,8,Naοve_B_cells,,True
AAGAATCAGCCTAATA-1,0,Monocytes_CD14,,True
AAGAATCAGCTAGAAG-1,0,Monocytes_CD14,,True
AAGAATCAGCTATATG-1,2,T_cells_general_cd4 ambigouus,,False
AAGAATCAGCTCCTTA-1,0,Monocytes_CD14,,True
AAGAATCAGCTTAGCG-1,2,T_cells_general_cd4 ambigouus,,False
AAGAATCAGGAGGGTT-1,2,T_cells_general_cd4 ambigouus,,False
AAGAATCAGTCCTTCA-1,0,Monocytes_CD14,,True
AAGAATCAGTGACCTG-1,0,Monocytes_CD14,,True
AAGAATCAGTTCCCGT-1,1,Naοve_CD4_T_cells_helpers,,True
AAGACAAGTCCTTTAA-1,1,Naοve_CD4_T_cells_helpers,,True
AAGACAAGTGGACCTG-1,0,Monocytes_CD14,,True
AAGACAAGTTAGAGCC-1,2,T_cells_general_cd4 ambigouus,,False
AAGACAAGTTCAAGCA-1,1,Naοve_CD4_T_cells_helpers,,True
AAGACAAGTTGGCGTG-1,2,T_cells_general_cd4 ambigouus,,False
AAGACAAGTTGTTGTC-1,0,Monocytes_CD14,,True
AAGACATAGCGGATAA-1,3,Naοve_CD8_T_cells,,True
AAGACATAGGACAACA-1,4,Cytotoxic_T_cell,,True
AAGACATAGGAGGTTA-1,4,Cytotoxic_T_cell,,True
AAGACATAGGATTTGC-1,4,Cytotoxic_T_cell,,True
AAGACATAGTAGGATG-1,4,Cytotoxic_T_cell,,True
AAGACATAGTTACCGG-1,4,Cytotoxic_T_cell,,True
AAGACCAAGTGTTGCG-1,2,T_cells_general_cd4 ambigouus,,False
AAGACCAAGTTAGACC-1,4,Cytotoxic_T_cell,,True
AAGACCAAGTTCCCAC-1,5,NK_cells,,True
AAGCAAGTCACGCCAA-1,2,T_cells_general_cd4 ambigouus,,False
AAGCAAGTCATGCTTT-1,0,Monocytes_CD14,,True
AAGCAAGTCCCTCACG-1,2,T_cells_general_cd4 ambigouus,,False
AAGCATGAGGCCTAAT-1,4,Cytotoxic_T_cell,,True
AAGCATGAGGGTTAGA-1,0,Monocytes_CD14,,True
AAGCATGAGGTAGCTT-1,3,Naοve_CD8_T_cells,,True
AAGCCACGTCATAACG-1,6,Memory_B_cells,,True
AAGCCACGTTTCAGGA-1,6,Memory_B_cells,,True
AAGCCACGTTTGGGCG-1,4,Cytotoxic_T_cell,,True
AAGCCTCCAAACCTTG-1,3,Naοve_CD8_T_cells,,True
AAGCCTCCAAGTGAAC-1,5,NK_cells,,True
AAGCCTCCACAGGAAT-1,3,Naοve_CD8_T_cells,,True
AAGCCTCCAGAATGAC-1,1,Naοve_CD4_T_cells_helpers,,True
AAGCCTCCAGTATGTT-1,1,Naοve_CD4_T_cells_helpers,,True
AAGCCTCCATGCTTAG-1,0,Monocytes_CD14,,True
AAGCCTCCATTGTGTG-1,1,Naοve_CD4_T_cells_helpers,,True
AAGCCTGTCATGACCG-1,3,Naοve_CD8_T_cells,,True
AAGCCTGTCATTACTC-1,6,Memory_B_cells,,True
AAGCCTGTCCGCAACA-1,1,Naοve_CD4_T_cells_helpers,,True
AAGCCTGTCGCGACAC-1,3,Naοve_CD8_T_cells,,True
AAGCCTGTCTACCTCA-1,0,Monocytes_CD14,,True
AAGCCTGTCTAGCGAT-1,2,T_cells_general_cd4 ambigouus,,False
AAGCCTGTCTAGCTAA-1,7,Non_classical_Monocytes,,True
AAGCCTGTCTTAGCCC-1,8,Naοve_B_cells,,True
AAGCCTTAGGCAACAA-1,0,Monocytes_CD14,,True
AAGCCTTAGTAAACCC-1,2,T_cells_general_cd4 ambigouus,,False
AAGCGAATCAGCAAGA-1,0,Monocytes_CD14,,True
AAGCGAATCCCGCATT-1,3,Naοve_CD8_T_cells,,True
AAGCGAATCCCTCAAC-1,0,Monocytes_CD14,,True
AAGCGAGGTAACCTAG-1,1,Naοve_CD4_T_cells_helpers,,True
AAGCGAGGTAAGCTCA-1,4,Cytotoxic_T_cell,,True
AAGCGAGGTAAGCTTG-1,1,Naοve_CD4_T_cells_helpers,,True
AAGCGAGGTCATCCTG-1,1,Naοve_CD4_T_cells_helpers,,True
AAGCGAGGTGTCCTGC-1,0,Monocytes_CD14,,True
AAGCGAGGTGTGCAAC-1,0,Monocytes_CD14,,True
AAGCGAGGTTTAGCGA-1,0,Monocytes_CD14,,True
AAGCGCTGTAGCTGCG-1,1,Naοve_CD4_T_cells_helpers,,True
AAGCGCTGTCATAAGT-1,1,Naοve_CD4_T_cells_helpers,,True
AAGCGCTGTGGACCTG-1,2,T_cells_general_cd4 ambigouus,,False
AAGCGCTGTGTTGCAA-1,7,Non_classical_Monocytes,,True
AAGCGCTGTTAAGCCA-1,1,Naοve_CD4_T_cells_helpers,,True
AAGCGCTGTTATAGCG-1,4,Cytotoxic_T_cell,,True
AAGCGGGTCAATGTCA-1,8,Naοve_B_cells,,True
AAGCGGGTCATGCTTT-1,0,Monocytes_CD14,,True
AAGCGGGTCCGTCCAT-1,7,Non_classical_Monocytes,,True
AAGCGGGTCCTCACAC-1,1,Naοve_CD4_T_cells_helpers,,True
AAGCGGGTCCTTGTTG-1,4,Cytotoxic_T_cell,,True
AAGCGGGTCGAGGAGT-1,0,Monocytes_CD14,,True
AAGCGGGTCGCCTAAG-1,2,T_cells_general_cd4 ambigouus,,False
AAGCGGGTCGCGCTAA-1,8,Naοve_B_cells,,True
AAGCGGGTCGTTACAA-1,1,Naοve_CD4_T_cells_helpers,,True
AAGCGGGTCTTCAATC-1,0,Monocytes_CD14,,True
AAGCGTTTCACAGGAA-1,1,Naοve_CD4_T_cells_helpers,,True
AAGCGTTTCGTTTCTG-1,2,T_cells_general_cd4 ambigouus,,False
AAGCTAGAGGAGGTTA-1,0,Monocytes_CD14,,True
AAGCTAGAGGATCACT-1,1,Naοve_CD4_T_cells_helpers,,True
AAGCTAGAGGCACAGG-1,2,T_cells_general_cd4 ambigouus,,False
AAGCTAGAGGCCTGGT-1,0,Monocytes_CD14,,True
AAGCTAGAGTTAACCA-1,10,Cytotoxic_T_NK,,False
AAGCTAGAGTTCCTGC-1,2,T_cells_general_cd4 ambigouus,,False
AAGCTAGAGTTGTCAA-1,3,Naοve_CD8_T_cells,,True
AAGCTATGTATTACCC-1,2,T_cells_general_cd4 ambigouus,,False
AAGCTATGTGAGGTGA-1,2,T_cells_general_cd4 ambigouus,,False
AAGCTATGTGCTGGTG-1,2,T_cells_general_cd4 ambigouus,,False
AAGCTATGTGGAAACG-1,3,Naοve_CD8_T_cells,,True
AAGCTATGTGTTGTGA-1,11,pDC,,False
AAGCTATGTTAACACG-1,0,Monocytes_CD14,,True
AAGCTATGTTGCTTCG-1,0,Monocytes_CD14,,True
AAGCTATGTTTACTTG-1,1,Naοve_CD4_T_cells_helpers,,True
AAGCTCCCAACACCTA-1,7,Non_classical_Monocytes,,True
AAGCTCCCAATACTGT-1,2,T_cells_general_cd4 ambigouus,,False
AAGCTCCCAGATAGAC-1,2,T_cells_general_cd4 ambigouus,,False
AAGCTCCCATTAAGCT-1,3,Naοve_CD8_T_cells,,True
AAGCTTGGTGTTAAAC-1,0,Monocytes_CD14,,True
AAGCTTGGTTAGTGAT-1,1,Naοve_CD4_T_cells_helpers,,True
AAGGAAGCAAACCTTG-1,11,pDC,,False
AAGGAAGCACTGGCTG-1,0,Monocytes_CD14,,True
AAGGAAGCATTATGAC-1,0,Monocytes_CD14,,True
AAGGATCCAGCAAGAT-1,0,Monocytes_CD14,,True
AAGGATCCAGGCAAGC-1,5,NK_cells,,True
AAGGATCCATACTCCT-1,2,T_cells_general_cd4 ambigouus,,False
AAGGATCCATCAGTAT-1,3,Naοve_CD8_T_cells,,True
AAGGATCCATTAAACC-1,0,Monocytes_CD14,,True
AAGGATGTCCAGCACA-1,7,Non_classical_Monocytes,,True
AAGGATGTCGCATTAA-1,0,Monocytes_CD14,,True
AAGGATGTCGGTAACT-1,1,Naοve_CD4_T_cells_helpers,,True
AAGGATGTCTTGAGCG-1,1,Naοve_CD4_T_cells_helpers,,True
AAGGATTAGAGGGACT-1,0,Monocytes_CD14,,True
AAGGATTAGATAAAGC-1,0,Monocytes_CD14,,True
AAGGATTAGCAATAGG-1,10,Cytotoxic_T_NK,,False
AAGGATTAGGAGGGTT-1,5,NK_cells,,True
AAGGATTAGGCTTAGT-1,11,pDC,,False
AAGGATTAGTAGCTTA-1,1,Naοve_CD4_T_cells_helpers,,True
AAGGATTAGTCATTTC-1,0,Monocytes_CD14,,True
AAGGATTAGTCTTGAA-1,3,Naοve_CD8_T_cells,,True
AAGGCCCTCGCATTAA-1,4,Cytotoxic_T_cell,,True
AAGGTATAGGAGCAAC-1,3,Naοve_CD8_T_cells,,True
AAGGTATAGTTGGCCA-1,0,Monocytes_CD14,,True
AAGGTCAAGCCTAACG-1,2,T_cells_general_cd4 ambigouus,,False
AAGGTCAAGCTAAGTC-1,1,Naοve_CD4_T_cells_helpers,,True
AAGGTCAAGCTTAGCG-1,7,Non_classical_Monocytes,,True
AAGGTCAAGGAAGTAT-1,2,T_cells_general_cd4 ambigouus,,False
AAGGTCAAGGGTCTAT-1,1,Naοve_CD4_T_cells_helpers,,True
AAGGTCAAGGTCGATT-1,3,Naοve_CD8_T_cells,,True
AAGGTCAAGTAAGTGG-1,2,T_cells_general_cd4 ambigouus,,False
AAGGTCAAGTCACCAG-1,3,Naοve_CD8_T_cells,,True
AAGGTGCAGACTAAGG-1,2,T_cells_general_cd4 ambigouus,,False
AAGGTGCAGCCACATG-1,4,Cytotoxic_T_cell,,True
AAGGTGCAGCTAATCA-1,2,T_cells_general_cd4 ambigouus,,False
AAGGTGCAGCTAGAAG-1,4,Cytotoxic_T_cell,,True
AAGGTGCAGCTATGAC-1,2,T_cells_general_cd4 ambigouus,,False
AAGGTGCAGTATCGCG-1,0,Monocytes_CD14,,True
AAGGTGCAGTGCACGC-1,2,T_cells_general_cd4 ambigouus,,False
AAGGTGCAGTTATCCT-1,4,Cytotoxic_T_cell,,True
AAGTAGCCAAGTGAAC-1,6,Memory_B_cells,,True
AAGTAGCCAGCTCATA-1,0,Monocytes_CD14,,True
AAGTAGCCAGGAACCA-1,9,Dendritic cells,,True
AAGTAGCCATATAACC-1,1,Naοve_CD4_T_cells_helpers,,True
AAGTAGCCATTCAGCA-1,3,Naοve_CD8_T_cells,,True
AAGTCTATCCATAAGC-1,0,Monocytes_CD14,,True
AAGTCTATCCCTTGCG-1,1,Naοve_CD4_T_cells_helpers,,True
AAGTGAAGTACCGTAA-1,1,Naοve_CD4_T_cells_helpers,,True
AAGTGAAGTATTCGCT-1,2,T_cells_general_cd4 ambigouus,,False
AAGTGAAGTCACCAAA-1,9,Dendritic cells,,True
AAGTGAAGTCGCGCAA-1,1,Naοve_CD4_T_cells_helpers,,True
AAGTGAAGTGAGGTAG-1,0,Monocytes_CD14,,True
AAGTGAAGTTCTTTAG-1,0,Monocytes_CD14,,True
AAGTGCAAGACAAGTG-1,2,T_cells_general_cd4 ambigouus,,False
AAGTGCAAGAGAGCCG-1,8,Naοve_B_cells,,True
AAGTGCAAGCCAAATC-1,1,Naοve_CD4_T_cells_helpers,,True
AAGTGCAAGGGTGGAT-1,1,Naοve_CD4_T_cells_helpers,,True
AAGTGTTGTAATCCCT-1,1,Naοve_CD4_T_cells_helpers,,True
AAGTGTTGTCACAAAT-1,3,Naοve_CD8_T_cells,,True
AAGTGTTGTTGCACGG-1,3,Naοve_CD8_T_cells,,True
AAGTGTTGTTTGTGGA-1,0,Monocytes_CD14,,True
AAGTTACGTACTGAAT-1,10,Cytotoxic_T_NK,,False
AAGTTACGTTAGTGAT-1,2,T_cells_general_cd4 ambigouus,,False
AAGTTACGTTCATTTG-1,0,Monocytes_CD14,,True
AAGTTAGCAACAGCCT-1,1,Naοve_CD4_T_cells_helpers,,True
AAGTTAGCAAGGTGGC-1,2,T_cells_general_cd4 ambigouus,,False
AAGTTAGCACTAGCGT-1,2,T_cells_general_cd4 ambigouus,,False
AAGTTAGCACTGGCCA-1,1,Naοve_CD4_T_cells_helpers,,True
AAGTTAGCAGGCGAGT-1,3,Naοve_CD8_T_cells,,True
AAGTTAGCAGTTTACG-1,3,Naοve_CD8_T_cells,,True
AAGTTAGCATAGACTT-1,0,Monocytes_CD14,,True
AAGTTAGCATTGTGAT-1,3,Naοve_CD8_T_cells,,True
AAGTTTGTCCAGGTTG-1,0,Monocytes_CD14,,True
AAGTTTGTCGCTAGAT-1,0,Monocytes_CD14,,True
AAGTTTGTCGGTTAGT-1,2,T_cells_general_cd4 ambigouus,,False
AAGTTTGTCGTTATCT-1,3,Naοve_CD8_T_cells,,True
AATAACCGTAATAGCT-1,2,T_cells_general_cd4 ambigouus,,False
AATAACCGTCACCAAA-1,4,Cytotoxic_T_cell,,True
AATAACCGTTACGCAA-1,1,Naοve_CD4_T_cells_helpers,,True
AATAACCGTTCACCAT-1,3,Naοve_CD8_T_cells,,True
AATACCGGTGGACCTG-1,2,T_cells_general_cd4 ambigouus,,False
AATAGAGGTAAGCTTG-1,3,Naοve_CD8_T_cells,,True
AATAGAGGTAAGGTTT-1,2,T_cells_general_cd4 ambigouus,,False
AATAGAGGTAGGATCC-1,1,Naοve_CD4_T_cells_helpers,,True
AATAGAGGTCGACTCC-1,4,Cytotoxic_T_cell,,True
AATAGAGGTGCTCACC-1,9,Dendritic cells,,True
AATAGAGGTGGTTATG-1,3,Naοve_CD8_T_cells,,True
AATAGAGGTTAACGAT-1,2,T_cells_general_cd4 ambigouus,,False
AATAGAGGTTAATCGG-1,1,Naοve_CD4_T_cells_helpers,,True
AATAGAGGTTTCAGGA-1,3,Naοve_CD8_T_cells,,True
AATAGCTGTCACACCC-1,4,Cytotoxic_T_cell,,True
AATAGCTGTCCTAAGA-1,1,Naοve_CD4_T_cells_helpers,,True
AATATCCCAGCAAATA-1,0,Monocytes_CD14,,True
AATATCCCATAGCTGC-1,1,Naοve_CD4_T_cells_helpers,,True
AATCAGGAGGCATGTT-1,2,T_cells_general_cd4 ambigouus,,False
AATCAGGAGGTAAGGC-1,2,T_cells_general_cd4 ambigouus,,False
AATCAGGAGTATTGCA-1,1,Naοve_CD4_T_cells_helpers,,True
AATCATCCAAACTAAG-1,8,Naοve_B_cells,,True
AATCATCCACATTGCA-1,1,Naοve_CD4_T_cells_helpers,,True
AATCATCCACCAAAGG-1,6,Memory_B_cells,,True
AATCATCCAGCACGAA-1,6,Memory_B_cells,,True
AATCATCCAGCATGGA-1,3,Naοve_CD8_T_cells,,True
AATCATCCAGGCCTTG-1,3,Naοve_CD8_T_cells,,True
AATCATCCAGTTTGTG-1,0,Monocytes_CD14,,True
AATCATCCATTAAGCT-1,8,Naοve_B_cells,,True
AATCATGTCCAATAGC-1,0,Monocytes_CD14,,True
AATCATGTCTAATCAG-1,4,Cytotoxic_T_cell,,True
AATCATGTCTCCATAT-1,2,T_cells_general_cd4 ambigouus,,False
AATCCATCAACGTGCT-1,0,Monocytes_CD14,,True
AATCCATCACAGGAAT-1,3,Naοve_CD8_T_cells,,True
AATCCATCACGAACAG-1,0,Monocytes_CD14,,True
AATCCATCACTTAACG-1,1,Naοve_CD4_T_cells_helpers,,True
AATCCCTGTAATGGCC-1,0,Monocytes_CD14,,True
AATCCCTGTAGGTGTC-1,0,Monocytes_CD14,,True
AATCCCTGTATGGTGC-1,7,Non_classical_Monocytes,,True
AATCCCTGTCGTAATG-1,10,Cytotoxic_T_NK,,False
AATCCCTGTGAGCGAA-1,5,NK_cells,,True
AATCCCTGTGCGCAAT-1,10,Cytotoxic_T_NK,,False
AATCCCTGTGCGCGTA-1,0,Monocytes_CD14,,True
AATCCCTGTTAACAGT-1,2,T_cells_general_cd4 ambigouus,,False
AATCCGTAGCACTAAC-1,3,Naοve_CD8_T_cells,,True
AATCCGTAGCCATCAG-1,3,Naοve_CD8_T_cells,,True
AATCCGTAGCTGGAAA-1,1,Naοve_CD4_T_cells_helpers,,True
AATCCGTAGGGCTAAA-1,1,Naοve_CD4_T_cells_helpers,,True
AATCCTAAGCACGTTG-1,0,Monocytes_CD14,,True
AATCCTAAGCGAGTAA-1,7,Non_classical_Monocytes,,True
AATCCTAAGCTAATTG-1,0,Monocytes_CD14,,True
AATCCTAAGGTTAGCT-1,0,Monocytes_CD14,,True
AATCGCCCAAGGTCCT-1,0,Monocytes_CD14,,True
AATCGCCCAGGTTAAA-1,0,Monocytes_CD14,,True
AATCGCCCATATTGAC-1,3,Naοve_CD8_T_cells,,True
AATCTCAAGAAACTGG-1,9,Dendritic cells,,True
AATCTCAAGACAACGA-1,9,Dendritic cells,,True
AATCTCAAGATGGACA-1,4,Cytotoxic_T_cell,,True
AATCTCAAGCAGCTCA-1,1,Naοve_CD4_T_cells_helpers,,True
AATCTCAAGCTATATG-1,6,Memory_B_cells,,True
AATCTCAAGGCCTAAT-1,1,Naοve_CD4_T_cells_helpers,,True
AATCTCAAGGCTTAGT-1,2,T_cells_general_cd4 ambigouus,,False
AATCTCAAGTAACGGA-1,4,Cytotoxic_T_cell,,True
AATCTCAAGTTAGTTG-1,1,Naοve_CD4_T_cells_helpers,,True
AATCTTGAGAGAGGCT-1,6,Memory_B_cells,,True
AATCTTGAGCTCGCTT-1,8,Naοve_B_cells,,True
AATCTTGAGTCACCAG-1,3,Naοve_CD8_T_cells,,True
AATCTTGAGTCGCTAG-1,0,Monocytes_CD14,,True
AATGAAGGTCATGCCC-1,6,Memory_B_cells,,True
AATGAAGGTGATCATG-1,6,Memory_B_cells,,True
AATGAAGGTGCAATGC-1,2,T_cells_general_cd4 ambigouus,,False
AATGAAGGTTAGTGAT-1,2,T_cells_general_cd4 ambigouus,,False
AATGAAGGTTCACTGT-1,2,T_cells_general_cd4 ambigouus,,False
AATGAAGGTTTACCGT-1,5,NK_cells,,True
AATGCAACAATGAATG-1,7,Non_classical_Monocytes,,True
AATGCAACATGTCAGC-1,1,Naοve_CD4_T_cells_helpers,,True
AATGCAACATTGTGTG-1,2,T_cells_general_cd4 ambigouus,,False
AATGCATGTAAAGCGG-1,1,Naοve_CD4_T_cells_helpers,,True
AATGCATGTAGGATCC-1,6,Memory_B_cells,,True
AATGCATGTCAAGTAT-1,4,Cytotoxic_T_cell,,True
AATGCATGTCAGGCAT-1,3,Naοve_CD8_T_cells,,True
AATGCATGTCCGCTGT-1,3,Naοve_CD8_T_cells,,True
AATGCATGTGTCCAAA-1,0,Monocytes_CD14,,True
AATGCATGTTCGGGAT-1,8,Naοve_B_cells,,True
AATGCGCGTACCGTAA-1,0,Monocytes_CD14,,True
AATGCGCGTACGGGTT-1,5,NK_cells,,True
AATGCGCGTCGTAATG-1,5,NK_cells,,True
AATGCGCGTTAGGCTA-1,3,Naοve_CD8_T_cells,,True
AATGCGCGTTCATCTA-1,3,Naοve_CD8_T_cells,,True
AATGCGCGTTTGAGGC-1,0,Monocytes_CD14,,True
AATGGCGCAATTAGGA-1,2,T_cells_general_cd4 ambigouus,,False
AATGGCGCAGTATGTT-1,12,Stress_response,,False
AATGTCATCAATGACC-1,7,Non_classical_Monocytes,,True
AATGTCATCCAAACAC-1,0,Monocytes_CD14,,True
AATGTCATCCGCAACA-1,4,Cytotoxic_T_cell,,True
AATGTCATCCTCATGC-1,3,Naοve_CD8_T_cells,,True
AATGTCATCGCTCACT-1,1,Naοve_CD4_T_cells_helpers,,True
AATGTCCAGCCTGAGC-1,3,Naοve_CD8_T_cells,,True
AATGTCCAGCGCCTTT-1,5,NK_cells,,True
AATGTCCAGCGGTTAT-1,1,Naοve_CD4_T_cells_helpers,,True
AATGTCCAGGCATGAA-1,4,Cytotoxic_T_cell,,True
AATGTCCAGTTAGAGG-1,1,Naοve_CD4_T_cells_helpers,,True
AATTACCCAAAGCTAA-1,2,T_cells_general_cd4 ambigouus,,False
AATTACCCAACACTTG-1,0,Monocytes_CD14,,True
AATTACCCACCTGTAA-1,0,Monocytes_CD14,,True
AATTACCCACGAACAG-1,1,Naοve_CD4_T_cells_helpers,,True
AATTACCCATCCTGAA-1,0,Monocytes_CD14,,True
AATTAGCGTACCGGAT-1,1,Naοve_CD4_T_cells_helpers,,True
AATTAGCGTATTCGCT-1,2,T_cells_general_cd4 ambigouus,,False
AATTAGCGTCACAGCG-1,1,Naοve_CD4_T_cells_helpers,,True
AATTAGCGTGGACATC-1,2,T_cells_general_cd4 ambigouus,,False
AATTAGCGTTAACGGC-1,0,Monocytes_CD14,,True
AATTAGCGTTAGCAGC-1,8,Naοve_B_cells,,True
AATTAGGCACTGACCG-1,0,Monocytes_CD14,,True
AATTAGGCAGATAGAC-1,1,Naοve_CD4_T_cells_helpers,,True
AATTAGGCAGTAAGTA-1,0,Monocytes_CD14,,True
AATTAGGCAGTAATAG-1,3,Naοve_CD8_T_cells,,True
AATTAGGCATACTCCT-1,0,Monocytes_CD14,,True
AATTCGTCATCGCTTT-1,1,Naοve_CD4_T_cells_helpers,,True
AATTCGTCATTAGCGC-1,0,Monocytes_CD14,,True
AATTCGTCATTATGCG-1,0,Monocytes_CD14,,True
AATTGACGTGCTAGAC-1,3,Naοve_CD8_T_cells,,True
AATTGACGTTAGGATT-1,7,Non_classical_Monocytes,,True
AATTGCCAGGATGATG-1,0,Monocytes_CD14,,True
AATTGCCAGTATTGCA-1,2,T_cells_general_cd4 ambigouus,,False
AATTGCTCAAACTCAT-1,2,T_cells_general_cd4 ambigouus,,False
AATTGCTCAATTAGCT-1,0,Monocytes_CD14,,True
AATTGCTCACAGACTC-1,8,Naοve_B_cells,,True
AATTGCTCACCTGTAA-1,2,T_cells_general_cd4 ambigouus,,False
AATTGCTCACTAAATC-1,9,Dendritic cells,,True
AATTGCTCAGCGCTTG-1,1,Naοve_CD4_T_cells_helpers,,True
AATTGGACAATCGCAC-1,0,Monocytes_CD14,,True
AATTGGACAGTAGGTG-1,1,Naοve_CD4_T_cells_helpers,,True
AATTGGACATCTTGAG-1,2,T_cells_general_cd4 ambigouus,,False
AATTGGACATGCTTAG-1,1,Naοve_CD4_T_cells_helpers,,True
AATTGGGAGAGAGGCT-1,2,T_cells_general_cd4 ambigouus,,False
AATTGGGAGGACCGCT-1,2,T_cells_general_cd4 ambigouus,,False
AATTGGGAGTCACTAA-1,4,Cytotoxic_T_cell,,True
AATTGGGAGTTACTTC-1,4,Cytotoxic_T_cell,,True
AATTGTGTCCAACTGG-1,11,pDC,,False
AATTGTGTCCCTCACG-1,2,T_cells_general_cd4 ambigouus,,False
AATTGTGTCCTAAGGT-1,3,Naοve_CD8_T_cells,,True
AATTGTGTCCTCATCA-1,3,Naοve_CD8_T_cells,,True
AATTGTGTCCTTCGTA-1,1,Naοve_CD4_T_cells_helpers,,True
AATTGTGTCGCCTAAG-1,1,Naοve_CD4_T_cells_helpers,,True
AATTGTGTCGTCATTT-1,1,Naοve_CD4_T_cells_helpers,,True
AATTGTGTCGTTTCCA-1,0,Monocytes_CD14,,True
AATTTCCTCATGGCTG-1,5,NK_cells,,True
AATTTCCTCCCGTTAC-1,10,Cytotoxic_T_NK,,False
AATTTCCTCGGTCAAT-1,1,Naοve_CD4_T_cells_helpers,,True
AATTTCCTCGTGCCTT-1,1,Naοve_CD4_T_cells_helpers,,True
AATTTCCTCTCGACCT-1,0,Monocytes_CD14,,True
AATTTGCCAAGTTATC-1,8,Naοve_B_cells,,True
AATTTGCCAATAATGG-1,3,Naοve_CD8_T_cells,,True
AATTTGCCAATACTGT-1,2,T_cells_general_cd4 ambigouus,,False
AATTTGCCAATTGCGC-1,2,T_cells_general_cd4 ambigouus,,False
AATTTGCCAGAGGGAG-1,3,Naοve_CD8_T_cells,,True
AATTTGCCAGGGAGGA-1,0,Monocytes_CD14,,True
AATTTGCCAGGTTATT-1,7,Non_classical_Monocytes,,True
AATTTGCCAGTTAGCC-1,0,Monocytes_CD14,,True
AATTTGCCATTATCCC-1,6,Memory_B_cells,,True
AATTTGGTCAATGTCA-1,0,Monocytes_CD14,,True
AATTTGGTCACATTGA-1,3,Naοve_CD8_T_cells,,True
AATTTGGTCAGGAAGC-1,1,Naοve_CD4_T_cells_helpers,,True
AATTTGGTCCCAGTAG-1,0,Monocytes_CD14,,True
AATTTGGTCCCTGTTA-1,4,Cytotoxic_T_cell,,True
AATTTGGTCCTTGAGG-1,1,Naοve_CD4_T_cells_helpers,,True
AATTTGGTCGCACACA-1,2,T_cells_general_cd4 ambigouus,,False
AATTTGGTCTTGGACG-1,1,Naοve_CD4_T_cells_helpers,,True
ACAAACTGTAACGAGG-1,9,Dendritic cells,,True
ACAAACTGTAGGTTGC-1,6,Memory_B_cells,,True
ACAAACTGTCCAAATG-1,0,Monocytes_CD14,,True
ACAAACTGTCCGTAGG-1,3,Naοve_CD8_T_cells,,True
ACAAACTGTCTAGCTT-1,3,Naοve_CD8_T_cells,,True
ACAAAGGTCAGCACCA-1,0,Monocytes_CD14,,True
ACAAAGGTCAGTTCCC-1,1,Naοve_CD4_T_cells_helpers,,True
ACAAAGGTCATAACCA-1,4,Cytotoxic_T_cell,,True
ACAAAGGTCCCGAACA-1,2,T_cells_general_cd4 ambigouus,,False
ACAAAGGTCCCTCACG-1,8,Naοve_B_cells,,True
ACAAAGGTCCTCCATA-1,7,Non_classical_Monocytes,,True
ACAAAGGTCGGTTCCT-1,6,Memory_B_cells,,True
ACAACAACAACAACAA-1,2,T_cells_general_cd4 ambigouus,,False
ACAACAACAACAGGTG-1,0,Monocytes_CD14,,True
ACAACAACAGCCAGAA-1,7,Non_classical_Monocytes,,True
ACAACAACAGTAGCCT-1,3,Naοve_CD8_T_cells,,True
ACAACAACATAAGTTC-1,2,T_cells_general_cd4 ambigouus,,False
ACAACAACATAATGTC-1,1,Naοve_CD4_T_cells_helpers,,True
ACAACAACATAGCGAG-1,0,Monocytes_CD14,,True
ACAACAACATGGCCTG-1,0,Monocytes_CD14,,True
ACAACACTCCTAAATG-1,0,Monocytes_CD14,,True
ACAACACTCGCATTAA-1,0,Monocytes_CD14,,True
ACAACACTCTACCTAT-1,0,Monocytes_CD14,,True
ACAACACTCTGTGAGT-1,0,Monocytes_CD14,,True
ACAACACTCTTGGATA-1,4,Cytotoxic_T_cell,,True
ACAACAGAGCGCTCAA-1,6,Memory_B_cells,,True
ACAACAGAGGAGGGTT-1,2,T_cells_general_cd4 ambigouus,,False
ACAACAGAGGCGCTTA-1,0,Monocytes_CD14,,True
ACAACAGAGTAACCAC-1,7,Non_classical_Monocytes,,True
ACAACATGTATTACCC-1,6,Memory_B_cells,,True
ACAACATGTCATTAGG-1,0,Monocytes_CD14,,True
ACACAATGTCAAGTAT-1,1,Naοve_CD4_T_cells_helpers,,True
ACACAATGTCCAAGAC-1,0,Monocytes_CD14,,True
ACACAATGTGATTTGG-1,3,Naοve_CD8_T_cells,,True
ACACAATGTGGTGAGA-1,3,Naοve_CD8_T_cells,,True
ACACAATGTTGAAGCC-1,6,Memory_B_cells,,True
ACACAATGTTTACGTC-1,0,Monocytes_CD14,,True
ACACCTTGTAACCAGC-1,3,Naοve_CD8_T_cells,,True
ACACCTTGTAGACAAA-1,5,NK_cells,,True
ACACCTTGTCATGCCC-1,5,NK_cells,,True
ACACCTTGTCGCAAAC-1,8,Naοve_B_cells,,True
ACACCTTGTGACATGC-1,2,T_cells_general_cd4 ambigouus,,False
ACACGGACAATTAGGA-1,3,Naοve_CD8_T_cells,,True
ACACGGACAGTACCGT-1,1,Naοve_CD4_T_cells_helpers,,True
ACACGGACATTGCAGC-1,0,Monocytes_CD14,,True
ACACTAATCCAACTGG-1,1,Naοve_CD4_T_cells_helpers,,True
ACACTAATCCTAAGGT-1,4,Cytotoxic_T_cell,,True
ACACTAATCTTGCTAT-1,3,Naοve_CD8_T_cells,,True
ACACTAGGTACCTTAC-1,0,Monocytes_CD14,,True
ACACTAGGTAGTAAGA-1,1,Naοve_CD4_T_cells_helpers,,True
ACACTAGGTCCACAAA-1,6,Memory_B_cells,,True
ACACTTAAGACAGGCG-1,7,Non_classical_Monocytes,,True
ACACTTAAGAGCAAGC-1,2,T_cells_general_cd4 ambigouus,,False
ACACTTAAGATAACCC-1,2,T_cells_general_cd4 ambigouus,,False
ACACTTAAGATGCCTG-1,2,T_cells_general_cd4 ambigouus,,False
ACACTTAAGCAGGTGG-1,2,T_cells_general_cd4 ambigouus,,False
ACACTTAAGCTATATG-1,3,Naοve_CD8_T_cells,,True
ACACTTAAGCTCCTTA-1,9,Dendritic cells,,True
ACACTTGCACAATGTT-1,7,Non_classical_Monocytes,,True
ACACTTGCAGCAAGTG-1,1,Naοve_CD4_T_cells_helpers,,True
ACACTTGCATAATCCG-1,4,Cytotoxic_T_cell,,True
ACACTTGCATACCCGG-1,1,Naοve_CD4_T_cells_helpers,,True
ACACTTGCATGAAATG-1,0,Monocytes_CD14,,True
ACAGCCGGTCATCAAG-1,0,Monocytes_CD14,,True
ACAGCCGGTGTCCAAA-1,8,Naοve_B_cells,,True
ACAGCCGGTTGCGGAT-1,0,Monocytes_CD14,,True
ACAGCCGGTTGTTGTC-1,3,Naοve_CD8_T_cells,,True
ACAGCGCTCCTAGTTT-1,2,T_cells_general_cd4 ambigouus,,False
ACAGCGCTCCTGTTCA-1,3,Naοve_CD8_T_cells,,True
ACAGCGCTCTGTGAGT-1,1,Naοve_CD4_T_cells_helpers,,True
ACAGGAATCATTACAG-1,2,T_cells_general_cd4 ambigouus,,False
ACAGGAATCCCGTTTA-1,0,Monocytes_CD14,,True
ACAGGAATCGGCCAGT-1,2,T_cells_general_cd4 ambigouus,,False
ACAGGAATCGGGATTT-1,4,Cytotoxic_T_cell,,True
ACAGGAATCTAAGGTC-1,2,T_cells_general_cd4 ambigouus,,False
ACAGGATCAACTAACT-1,0,Monocytes_CD14,,True
ACAGGATCAATATAGG-1,0,Monocytes_CD14,,True
ACAGGATCAATGAAGC-1,0,Monocytes_CD14,,True
ACAGGATCACAAAGCG-1,4,Cytotoxic_T_cell,,True
ACAGGATCACTGGCCA-1,5,NK_cells,,True
ACAGGATCATTGACAT-1,0,Monocytes_CD14,,True
ACAGGCTGTAGCTAAT-1,4,Cytotoxic_T_cell,,True
ACAGGCTGTCAAACTG-1,4,Cytotoxic_T_cell,,True
ACAGGCTGTTAATCGG-1,3,Naοve_CD8_T_cells,,True
ACAGGCTGTTAGTACG-1,3,Naοve_CD8_T_cells,,True
ACAGGTAAGGACGTAA-1,1,Naοve_CD4_T_cells_helpers,,True
ACAGGTAAGTAACTCA-1,1,Naοve_CD4_T_cells_helpers,,True
ACAGGTAAGTCACTCC-1,3,Naοve_CD8_T_cells,,True
ACAGGTAAGTTCCCAC-1,7,Non_classical_Monocytes,,True
ACAGTATGTAATCGTG-1,3,Naοve_CD8_T_cells,,True
ACAGTATGTACTGAAT-1,0,Monocytes_CD14,,True
ACAGTATGTCACACCC-1,4,Cytotoxic_T_cell,,True
ACAGTATGTCGCAAAC-1,0,Monocytes_CD14,,True
ACAGTATGTGGAAGGC-1,1,Naοve_CD4_T_cells_helpers,,True
ACAGTATGTTACAACG-1,0,Monocytes_CD14,,True
ACAGTATGTTATAGCG-1,4,Cytotoxic_T_cell,,True
ACAGTATGTTTCAGGA-1,3,Naοve_CD8_T_cells,,True
ACATAGCTCCAAGTGT-1,2,T_cells_general_cd4 ambigouus,,False
ACATAGCTCCCTGACT-1,8,Naοve_B_cells,,True
ACATAGCTCGTTAAGC-1,3,Naοve_CD8_T_cells,,True
ACATCAATCATGCTCC-1,0,Monocytes_CD14,,True
ACATCAATCATTTGTC-1,5,NK_cells,,True
ACATCAATCCAAATCA-1,3,Naοve_CD8_T_cells,,True
ACATCAATCCAATTAG-1,4,Cytotoxic_T_cell,,True
ACATCAATCCTCAGTC-1,1,Naοve_CD4_T_cells_helpers,,True
ACATCAATCCTTAATC-1,0,Monocytes_CD14,,True
ACATCAATCGCTAAAC-1,4,Cytotoxic_T_cell,,True
ACATCAATCTGTGCCT-1,0,Monocytes_CD14,,True
ACATCATCAAACCTAT-1,0,Monocytes_CD14,,True
ACATCATCAAGGCCAA-1,0,Monocytes_CD14,,True
ACATCATCAGCATGTC-1,0,Monocytes_CD14,,True
ACATCATCATTAAAGG-1,2,T_cells_general_cd4 ambigouus,,False
ACATTAGTCGACCTGA-1,1,Naοve_CD4_T_cells_helpers,,True
ACATTAGTCTTGGATA-1,3,Naοve_CD8_T_cells,,True
ACATTGCAGACAGGTA-1,1,Naοve_CD4_T_cells_helpers,,True
ACATTGCAGCACTAAC-1,4,Cytotoxic_T_cell,,True
ACATTGCAGCCTGTTC-1,7,Non_classical_Monocytes,,True
ACATTGCAGGGTTAGA-1,1,Naοve_CD4_T_cells_helpers,,True
ACATTGCAGGGTTATC-1,0,Monocytes_CD14,,True
ACATTGCAGTCGCAAT-1,1,Naοve_CD4_T_cells_helpers,,True
ACCAAACTCAAGCCTG-1,0,Monocytes_CD14,,True
ACCAAACTCACTCGCT-1,1,Naοve_CD4_T_cells_helpers,,True
ACCAAACTCAGCAAGA-1,1,Naοve_CD4_T_cells_helpers,,True
ACCAAACTCATGCGTG-1,0,Monocytes_CD14,,True
ACCAAACTCATTATGG-1,4,Cytotoxic_T_cell,,True
ACCAAACTCCCGTTTA-1,3,Naοve_CD8_T_cells,,True
ACCAAACTCTCCTCAA-1,0,Monocytes_CD14,,True
ACCAAGCGTAATCGCA-1,0,Monocytes_CD14,,True
ACCAAGCGTAATCGGC-1,3,Naοve_CD8_T_cells,,True
ACCAAGCGTTGTTGGA-1,3,Naοve_CD8_T_cells,,True
ACCAAGTTCATGCGTG-1,8,Naοve_B_cells,,True
ACCAAGTTCCACCCTG-1,2,T_cells_general_cd4 ambigouus,,False
ACCAAGTTCTCGCCTG-1,1,Naοve_CD4_T_cells_helpers,,True
ACCAAGTTCTTTGTAC-1,5,NK_cells,,True
ACCAATATCACAGACT-1,0,Monocytes_CD14,,True
ACCAATATCACATTGA-1,0,Monocytes_CD14,,True
ACCAATATCGAAGTGA-1,3,Naοve_CD8_T_cells,,True
ACCAATATCGCATTAA-1,10,Cytotoxic_T_NK,,False
ACCACACCACATGCTA-1,4,Cytotoxic_T_cell,,True
ACCACACCACGAATTT-1,11,pDC,,False
ACCACACCAGTTATGT-1,2,T_cells_general_cd4 ambigouus,,False
ACCACATAGCTAAGTC-1,2,T_cells_general_cd4 ambigouus,,False
ACCACATAGGAGGCAT-1,1,Naοve_CD4_T_cells_helpers,,True
ACCACATAGGGACTAA-1,1,Naοve_CD4_T_cells_helpers,,True
ACCACATAGTCAATTG-1,2,T_cells_general_cd4 ambigouus,,False
ACCACATAGTGCACGC-1,0,Monocytes_CD14,,True
ACCAGCTCAAAGGTAC-1,4,Cytotoxic_T_cell,,True
ACCAGCTCAACAGCCT-1,2,T_cells_general_cd4 ambigouus,,False
ACCAGCTCAACGTGCT-1,0,Monocytes_CD14,,True
ACCAGGACAACTGGGA-1,4,Cytotoxic_T_cell,,True
ACCAGGCTCCGTTATT-1,5,NK_cells,,True
ACCAGGCTCCTCCTAA-1,2,T_cells_general_cd4 ambigouus,,False
ACCAGGCTCCTTGCGT-1,4,Cytotoxic_T_cell,,True
ACCAGGCTCGAAGTAG-1,2,T_cells_general_cd4 ambigouus,,False
ACCAGGCTCTTAGCGG-1,7,Non_classical_Monocytes,,True
ACCAGGCTCTTGTTCG-1,0,Monocytes_CD14,,True
ACCAGGGAGAAAGGAA-1,1,Naοve_CD4_T_cells_helpers,,True
ACCAGGGAGACTAAGG-1,0,Monocytes_CD14,,True
ACCAGGGAGCGAAGTA-1,2,T_cells_general_cd4 ambigouus,,False
ACCAGGGAGCGCCTTT-1,4,Cytotoxic_T_cell,,True
ACCAGGGAGGATTGCT-1,7,Non_classical_Monocytes,,True
ACCAGGGAGTGAGCGG-1,3,Naοve_CD8_T_cells,,True
ACCATAATCAAACTCA-1,0,Monocytes_CD14,,True
ACCATAATCAATCATG-1,0,Monocytes_CD14,,True
ACCATAATCCCGAAGC-1,0,Monocytes_CD14,,True
ACCATTAAGCGAAGTA-1,6,Memory_B_cells,,True
ACCATTAAGCGGGCAA-1,0,Monocytes_CD14,,True
ACCATTAAGCTAAGTC-1,0,Monocytes_CD14,,True
ACCATTAAGGACTTAC-1,1,Naοve_CD4_T_cells_helpers,,True
ACCATTAAGGCGCATC-1,3,Naοve_CD8_T_cells,,True
ACCCAACCACATAACT-1,3,Naοve_CD8_T_cells,,True
ACCCAACCACCTACTT-1,1,Naοve_CD4_T_cells_helpers,,True
ACCCAACCAGCATGGA-1,0,Monocytes_CD14,,True
ACCCAGGGTAGCCATA-1,1,Naοve_CD4_T_cells_helpers,,True
ACCCGCTGTAACCAGC-1,3,Naοve_CD8_T_cells,,True
ACCCGCTGTAATGGCC-1,3,Naοve_CD8_T_cells,,True
ACCCGCTGTGGACATC-1,3,Naοve_CD8_T_cells,,True
ACCCGCTGTGGGAACA-1,3,Naοve_CD8_T_cells,,True
ACCCGCTGTGTTTCAC-1,0,Monocytes_CD14,,True
ACCCGCTGTTAGAGCC-1,9,Dendritic cells,,True
ACCCGCTGTTAGGATT-1,0,Monocytes_CD14,,True
ACCCGCTGTTTGAGGC-1,2,T_cells_general_cd4 ambigouus,,False
ACCCGGTAGCATGTTA-1,1,Naοve_CD4_T_cells_helpers,,True
ACCCGGTAGTACTGGT-1,3,Naοve_CD8_T_cells,,True
ACCCGGTAGTAGGATG-1,0,Monocytes_CD14,,True
ACCCGTAAGAGCCGGA-1,3,Naοve_CD8_T_cells,,True
ACCCGTAAGAGGAGTC-1,3,Naοve_CD8_T_cells,,True
ACCCGTAAGCATGTTA-1,2,T_cells_general_cd4 ambigouus,,False
ACCCGTAAGGATTGAG-1,2,T_cells_general_cd4 ambigouus,,False
ACCCGTAAGGCGTAAA-1,3,Naοve_CD8_T_cells,,True
ACCCGTAAGGCTTAAC-1,3,Naοve_CD8_T_cells,,True
ACCCGTAAGGTGAAGC-1,6,Memory_B_cells,,True
ACCCGTAAGTGAGGGT-1,1,Naοve_CD4_T_cells_helpers,,True
ACCCTCCCAAGCTACC-1,0,Monocytes_CD14,,True
ACCCTCCCACCCTCAC-1,4,Cytotoxic_T_cell,,True
ACCCTCCCACCGGTAT-1,8,Naοve_B_cells,,True
ACCCTCCCAGGAACTG-1,3,Naοve_CD8_T_cells,,True
ACCCTCCCAGTAGGTG-1,5,NK_cells,,True
ACCCTCCCATAAGTTC-1,1,Naοve_CD4_T_cells_helpers,,True
ACCCTGTTCAAACCGT-1,0,Monocytes_CD14,,True
ACCCTGTTCCTCCCTC-1,1,Naοve_CD4_T_cells_helpers,,True
ACCCTGTTCTGGCAAT-1,7,Non_classical_Monocytes,,True
ACCGAAGCACAGGGAC-1,1,Naοve_CD4_T_cells_helpers,,True
ACCGAAGCATAATTGC-1,1,Naοve_CD4_T_cells_helpers,,True
ACCGAAGCATCCTGAA-1,3,Naοve_CD8_T_cells,,True
ACCGCAATCAAGGACA-1,0,Monocytes_CD14,,True
ACCGCAATCATTACAG-1,1,Naοve_CD4_T_cells_helpers,,True
ACCGCAATCCCGAACA-1,4,Cytotoxic_T_cell,,True
ACCGCAATCGTTTCCA-1,2,T_cells_general_cd4 ambigouus,,False
ACCGCAATCTAATCAG-1,0,Monocytes_CD14,,True
ACCGCAATCTCAATTC-1,2,T_cells_general_cd4 ambigouus,,False
ACCGGCTAGAGGCTAA-1,0,Monocytes_CD14,,True
ACCGGCTAGGAATAAC-1,1,Naοve_CD4_T_cells_helpers,,True
ACCGGCTAGGACCTGC-1,6,Memory_B_cells,,True
ACCGGCTAGTAGCGGG-1,0,Monocytes_CD14,,True
ACCGGCTAGTGAGCAA-1,7,Non_classical_Monocytes,,True
ACCTAAATCATTCATC-1,4,Cytotoxic_T_cell,,True
ACCTAAATCCTGAGTG-1,3,Naοve_CD8_T_cells,,True
ACCTAAATCGTTTCTG-1,2,T_cells_general_cd4 ambigouus,,False
ACCTAAATCTCCATAT-1,0,Monocytes_CD14,,True
ACCTAAATCTGCAAAC-1,2,T_cells_general_cd4 ambigouus,,False
ACCTAAGGTCCCGAAG-1,1,Naοve_CD4_T_cells_helpers,,True
ACCTAAGGTTCGGGAT-1,8,Naοve_B_cells,,True
ACCTACCTCAGGTTTA-1,0,Monocytes_CD14,,True
ACCTACCTCGCTCACT-1,3,Naοve_CD8_T_cells,,True
ACCTACCTCTAGCTTT-1,1,Naοve_CD4_T_cells_helpers,,True
ACCTACCTCTTTAAGG-1,0,Monocytes_CD14,,True
ACCTCACTCATGGCTG-1,6,Memory_B_cells,,True
ACCTCACTCGGCCATA-1,0,Monocytes_CD14,,True
ACCTCACTCGTGCTTC-1,0,Monocytes_CD14,,True
ACCTCACTCTTGTCCA-1,0,Monocytes_CD14,,True
ACCTGGATCAGGCCTA-1,3,Naοve_CD8_T_cells,,True
ACCTGGATCCCTGTTA-1,3,Naοve_CD8_T_cells,,True
ACCTGGATCCTCAGTC-1,0,Monocytes_CD14,,True
ACCTGGATCGCGCTAA-1,1,Naοve_CD4_T_cells_helpers,,True
ACCTGGATCGGCTAGC-1,3,Naοve_CD8_T_cells,,True
ACCTGGATCTTGTCCA-1,0,Monocytes_CD14,,True
ACCTGGTCAAGGTCCT-1,0,Monocytes_CD14,,True
ACCTGGTCACGTAATT-1,0,Monocytes_CD14,,True
ACCTGGTCAGCAGGTA-1,0,Monocytes_CD14,,True
ACCTGGTCAGGTTCAC-1,3,Naοve_CD8_T_cells,,True
ACCTGGTCAGTGAACG-1,2,T_cells_general_cd4 ambigouus,,False
ACCTGGTCATAATCAC-1,1,Naοve_CD4_T_cells_helpers,,True
ACCTGGTCATACTCCT-1,5,NK_cells,,True
ACCTGGTCATGAAATG-1,7,Non_classical_Monocytes,,True
ACCTGTTGTCAAGTAT-1,0,Monocytes_CD14,,True
ACCTGTTGTCATGCCC-1,2,T_cells_general_cd4 ambigouus,,False
ACCTGTTGTCGCAAAC-1,6,Memory_B_cells,,True
ACCTGTTGTGACCTGG-1,1,Naοve_CD4_T_cells_helpers,,True
ACCTGTTGTGCAATGC-1,1,Naοve_CD4_T_cells_helpers,,True
ACCTGTTGTTAACGGC-1,11,pDC,,False
ACCTGTTGTTTGAGGC-1,2,T_cells_general_cd4 ambigouus,,False
ACCTTCCAGCCTGTGA-1,2,T_cells_general_cd4 ambigouus,,False
ACCTTCCAGGAACGCG-1,0,Monocytes_CD14,,True
ACCTTCCAGGACCGCT-1,1,Naοve_CD4_T_cells_helpers,,True
ACCTTCCAGGACCTCA-1,2,T_cells_general_cd4 ambigouus,,False
ACCTTCCAGGACGTAA-1,1,Naοve_CD4_T_cells_helpers,,True
ACCTTCCAGTTAGCCG-1,3,Naοve_CD8_T_cells,,True
ACCTTGCTCAATGACC-1,2,T_cells_general_cd4 ambigouus,,False
ACCTTGCTCACGTTAA-1,2,T_cells_general_cd4 ambigouus,,False
ACCTTGCTCACTAGGT-1,1,Naοve_CD4_T_cells_helpers,,True
ACCTTGCTCCCATAAA-1,1,Naοve_CD4_T_cells_helpers,,True
ACCTTGCTCCGGTATG-1,0,Monocytes_CD14,,True
ACCTTGCTCCTAATGA-1,3,Naοve_CD8_T_cells,,True
ACCTTGCTCGCTCACT-1,0,Monocytes_CD14,,True
ACCTTGCTCTAAGTGC-1,2,T_cells_general_cd4 ambigouus,,False
ACCTTGCTCTGCAAGT-1,2,T_cells_general_cd4 ambigouus,,False
ACCTTGTGTCGCGCAA-1,4,Cytotoxic_T_cell,,True
ACGAACAAGCAATAGG-1,2,T_cells_general_cd4 ambigouus,,False
ACGAACAAGCACTTGG-1,2,T_cells_general_cd4 ambigouus,,False
ACGAACAAGCCACAAT-1,1,Naοve_CD4_T_cells_helpers,,True
ACGAACAAGGCGCATC-1,0,Monocytes_CD14,,True
ACGAACAAGTAACAGG-1,4,Cytotoxic_T_cell,,True
ACGAACAAGTAAGTGG-1,0,Monocytes_CD14,,True
ACGAACAAGTCACTCC-1,0,Monocytes_CD14,,True
ACGAAGTCAACCCTCC-1,1,Naοve_CD4_T_cells_helpers,,True
ACGAAGTCAAGGAATC-1,3,Naοve_CD8_T_cells,,True
ACGAAGTCACTGGCTG-1,2,T_cells_general_cd4 ambigouus,,False
ACGAAGTCAGGAACAT-1,1,Naοve_CD4_T_cells_helpers,,True
ACGAAGTCATGCAACC-1,0,Monocytes_CD14,,True
ACGAATCTCATTTGCT-1,0,Monocytes_CD14,,True
ACGAATCTCCTCGATC-1,3,Naοve_CD8_T_cells,,True
ACGACAAAGTCACCTC-1,2,T_cells_general_cd4 ambigouus,,False
ACGACAAAGTTTCCGC-1,2,T_cells_general_cd4 ambigouus,,False
ACGACTTAGCGGGCAA-1,0,Monocytes_CD14,,True
ACGACTTAGGACCTCA-1,4,Cytotoxic_T_cell,,True
ACGACTTAGGTAAGCA-1,0,Monocytes_CD14,,True
ACGACTTAGGTGTCCA-1,0,Monocytes_CD14,,True
ACGACTTAGTTAGTGC-1,6,Memory_B_cells,,True
ACGAGTAAGGCTACAT-1,2,T_cells_general_cd4 ambigouus,,False
ACGAGTAAGTAAGGGC-1,0,Monocytes_CD14,,True
ACGAGTAAGTCATGCG-1,0,Monocytes_CD14,,True
ACGAGTAAGTGGCGGA-1,3,Naοve_CD8_T_cells,,True
ACGAGTAAGTTACCGG-1,7,Non_classical_Monocytes,,True
ACGATTCAGAAAGGAA-1,2,T_cells_general_cd4 ambigouus,,False
ACGATTCAGAATCTCA-1,2,T_cells_general_cd4 ambigouus,,False
ACGATTCAGACTATTG-1,0,Monocytes_CD14,,True
ACGATTCAGCTAATTG-1,7,Non_classical_Monocytes,,True
ACGATTCAGTTATCTC-1,7,Non_classical_Monocytes,,True
ACGCAAGCACCGGTAT-1,1,Naοve_CD4_T_cells_helpers,,True
ACGCAAGCACGAACAG-1,1,Naοve_CD4_T_cells_helpers,,True
ACGCAAGCACTGACTA-1,1,Naοve_CD4_T_cells_helpers,,True
ACGCAAGCATAATTGC-1,0,Monocytes_CD14,,True
ACGCACGGTTAGCGTA-1,3,Naοve_CD8_T_cells,,True
ACGCACGGTTGTAACG-1,2,T_cells_general_cd4 ambigouus,,False
ACGCCACAGGCGCACT-1,0,Monocytes_CD14,,True
ACGCCACAGTAGCTTA-1,6,Memory_B_cells,,True
ACGCCACAGTTATCTC-1,7,Non_classical_Monocytes,,True
ACGCCTAAGAGGCTAA-1,1,Naοve_CD4_T_cells_helpers,,True
ACGCCTAAGCTAGAAG-1,3,Naοve_CD8_T_cells,,True
ACGCCTAAGCTATTAG-1,9,Dendritic cells,,True
ACGCCTAAGCTGAGGG-1,2,T_cells_general_cd4 ambigouus,,False
ACGCCTAAGGACCTGC-1,1,Naοve_CD4_T_cells_helpers,,True
ACGCCTAAGGGTGAAC-1,1,Naοve_CD4_T_cells_helpers,,True
ACGCCTAAGGTAGCTT-1,0,Monocytes_CD14,,True
ACGCCTAAGTAAAGGT-1,1,Naοve_CD4_T_cells_helpers,,True
ACGCCTTTCATGAAGG-1,0,Monocytes_CD14,,True
ACGCCTTTCCGGGACT-1,0,Monocytes_CD14,,True
ACGCCTTTCCTAGTAA-1,6,Memory_B_cells,,True
ACGCCTTTCCTCGATC-1,3,Naοve_CD8_T_cells,,True
ACGCCTTTCGTGCTTC-1,3,Naοve_CD8_T_cells,,True
ACGCTTGAGCATGTCG-1,7,Non_classical_Monocytes,,True
ACGCTTGAGCGATAAG-1,0,Monocytes_CD14,,True
ACGCTTGAGGCTACAT-1,1,Naοve_CD4_T_cells_helpers,,True
ACGCTTGAGGTCCTGA-1,0,Monocytes_CD14,,True
ACGCTTGAGTGAGCAA-1,3,Naοve_CD8_T_cells,,True
ACGCTTGAGTTAGGCT-1,8,Naοve_B_cells,,True
ACGCTTGAGTTATCTC-1,4,Cytotoxic_T_cell,,True
ACGCTTGAGTTCCTCA-1,5,NK_cells,,True
ACGCTTGAGTTGTCCC-1,0,Monocytes_CD14,,True
ACGGGAAGTGTTAGCA-1,3,Naοve_CD8_T_cells,,True
ACGGTACGTGAATCGC-1,2,T_cells_general_cd4 ambigouus,,False
ACGGTACGTTACATCC-1,4,Cytotoxic_T_cell,,True
ACGGTACGTTACTAGG-1,0,Monocytes_CD14,,True
ACGGTACGTTCCTCCT-1,0,Monocytes_CD14,,True
ACGGTACGTTGCAGTA-1,7,Non_classical_Monocytes,,True
ACGGTACGTTGTTGCT-1,0,Monocytes_CD14,,True
ACGGTTAGTACGCGCA-1,4,Cytotoxic_T_cell,,True
ACGGTTAGTGTCACGG-1,6,Memory_B_cells,,True
ACGGTTAGTTGTAAAC-1,1,Naοve_CD4_T_cells_helpers,,True
ACGGTTTAGATGGACA-1,6,Memory_B_cells,,True
ACGGTTTAGCCTGAGC-1,0,Monocytes_CD14,,True
ACGGTTTAGTTATCTC-1,4,Cytotoxic_T_cell,,True
ACGTACCCAACAACAA-1,7,Non_classical_Monocytes,,True
ACGTACCCAAGGCCAA-1,2,T_cells_general_cd4 ambigouus,,False
ACGTACCCACTCGCTC-1,1,Naοve_CD4_T_cells_helpers,,True
ACGTACCCAGAGGCTA-1,3,Naοve_CD8_T_cells,,True
ACGTACCCAGGCGATA-1,4,Cytotoxic_T_cell,,True
ACGTACCCAGTTTGGC-1,3,Naοve_CD8_T_cells,,True
ACGTACCCATGAAATG-1,3,Naοve_CD8_T_cells,,True
ACGTACCCATGAGCAG-1,1,Naοve_CD4_T_cells_helpers,,True
ACGTACCCATGCTTAG-1,1,Naοve_CD4_T_cells_helpers,,True
ACGTACCCATTAGGCC-1,8,Naοve_B_cells,,True
ACGTCAAGTCACCAAA-1,0,Monocytes_CD14,,True
ACGTCAAGTGCTCCAC-1,4,Cytotoxic_T_cell,,True
ACGTCAAGTTCCTGAT-1,1,Naοve_CD4_T_cells_helpers,,True
ACGTCCAAGCGATAAG-1,4,Cytotoxic_T_cell,,True
ACGTCCAAGCTATGAC-1,1,Naοve_CD4_T_cells_helpers,,True
ACGTCCAAGTAACCCG-1,1,Naοve_CD4_T_cells_helpers,,True
ACGTCCAAGTTACCGG-1,3,Naοve_CD8_T_cells,,True
ACGTCCTTCACCTGCT-1,1,Naοve_CD4_T_cells_helpers,,True
ACGTCCTTCCAAATCA-1,0,Monocytes_CD14,,True
ACGTCCTTCCACCTGT-1,0,Monocytes_CD14,,True
ACGTCCTTCCTTGTTG-1,1,Naοve_CD4_T_cells_helpers,,True
ACGTCCTTCGACCTGA-1,2,T_cells_general_cd4 ambigouus,,False
ACGTCCTTCGGTTACG-1,2,T_cells_general_cd4 ambigouus,,False
ACGTCCTTCGGTTTCC-1,3,Naοve_CD8_T_cells,,True
ACGTCCTTCTCAATAG-1,0,Monocytes_CD14,,True
ACGTCCTTCTTAGTCT-1,0,Monocytes_CD14,,True
ACGTTACAGCCACATG-1,1,Naοve_CD4_T_cells_helpers,,True
ACGTTACAGTAAACCC-1,2,T_cells_general_cd4 ambigouus,,False
ACGTTACAGTTCCTGC-1,5,NK_cells,,True
ACGTTGTAGAACCTGT-1,0,Monocytes_CD14,,True
ACGTTGTAGGCAGGTG-1,1,Naοve_CD4_T_cells_helpers,,True
ACGTTGTAGGGCCATC-1,0,Monocytes_CD14,,True
ACTAAAGCAATTAGCT-1,2,T_cells_general_cd4 ambigouus,,False
ACTAAAGCAATTGCGC-1,3,Naοve_CD8_T_cells,,True
ACTAAAGCACACCAAC-1,1,Naοve_CD4_T_cells_helpers,,True
ACTAAAGCAGGACACA-1,0,Monocytes_CD14,,True
ACTAAAGCAGTAGCCT-1,0,Monocytes_CD14,,True
ACTAACCAGACAAGTG-1,7,Non_classical_Monocytes,,True
ACTAACCAGCATGTCG-1,1,Naοve_CD4_T_cells_helpers,,True
ACTAACGGTACAAAGA-1,0,Monocytes_CD14,,True
ACTAACGGTCAGGCCA-1,4,Cytotoxic_T_cell,,True
ACTAACGGTCCGGTTC-1,1,Naοve_CD4_T_cells_helpers,,True
ACTAACGGTCCTTTAA-1,4,Cytotoxic_T_cell,,True
ACTAACGGTGAAACAA-1,3,Naοve_CD8_T_cells,,True
ACTAACGGTGTTGTGA-1,0,Monocytes_CD14,,True
ACTAACGGTTGGCGTG-1,2,T_cells_general_cd4 ambigouus,,False
ACTAACGGTTTAAAGC-1,2,T_cells_general_cd4 ambigouus,,False
ACTAACTCAAGGCCAA-1,1,Naοve_CD4_T_cells_helpers,,True
ACTAACTCAAGGTATA-1,7,Non_classical_Monocytes,,True
ACTAACTCAATTTGGT-1,1,Naοve_CD4_T_cells_helpers,,True
ACTAACTCACCTAAGC-1,1,Naοve_CD4_T_cells_helpers,,True
ACTAACTCAGGAACAT-1,1,Naοve_CD4_T_cells_helpers,,True
ACTAACTCATTGTCCT-1,0,Monocytes_CD14,,True
ACTAATCCAAGGAATC-1,0,Monocytes_CD14,,True
ACTAATCCAAGTAAGC-1,1,Naοve_CD4_T_cells_helpers,,True
ACTAATCCAATAAGCA-1,6,Memory_B_cells,,True
ACTAATCCAGGAACTG-1,3,Naοve_CD8_T_cells,,True
ACTAATCCATAATTGC-1,1,Naοve_CD4_T_cells_helpers,,True
ACTAATCCATGAATCT-1,1,Naοve_CD4_T_cells_helpers,,True
ACTAGGCGTCCCGAAG-1,3,Naοve_CD8_T_cells,,True
ACTAGGCGTTAGACCA-1,0,Monocytes_CD14,,True
ACTAGGCGTTATCCTA-1,0,Monocytes_CD14,,True
ACTAGGCGTTTGGCGG-1,2,T_cells_general_cd4 ambigouus,,False
ACTATCCGTACAAAGA-1,1,Naοve_CD4_T_cells_helpers,,True
ACTATCCGTATTGGTG-1,1,Naοve_CD4_T_cells_helpers,,True
ACTATCCGTGAGACTC-1,2,T_cells_general_cd4 ambigouus,,False
ACTATCCGTGATCATG-1,0,Monocytes_CD14,,True
ACTATCCGTGTTAGCA-1,11,pDC,,False
ACTATGTCAATAGCAA-1,9,Dendritic cells,,True
ACTATGTCATTATCCC-1,2,T_cells_general_cd4 ambigouus,,False
ACTCACCTCATGCTCC-1,3,Naοve_CD8_T_cells,,True
ACTCACCTCCTGCGAA-1,0,Monocytes_CD14,,True
ACTCACCTCGATCAGT-1,3,Naοve_CD8_T_cells,,True
ACTCACTGTCAAGTAT-1,4,Cytotoxic_T_cell,,True
ACTCACTGTCCCGAAG-1,0,Monocytes_CD14,,True
ACTCACTGTTACCTGT-1,3,Naοve_CD8_T_cells,,True
ACTCACTGTTACTAGG-1,5,NK_cells,,True
ACTCACTGTTTCAGGA-1,0,Monocytes_CD14,,True
ACTCACTGTTTGGCGG-1,2,T_cells_general_cd4 ambigouus,,False
ACTCACTGTTTGGTTC-1,5,NK_cells,,True
ACTCAGTAGCGAGTAA-1,0,Monocytes_CD14,,True
ACTCAGTAGGACCGCT-1,3,Naοve_CD8_T_cells,,True
ACTCAGTAGGATTGAG-1,0,Monocytes_CD14,,True
ACTCAGTAGGCACAGG-1,3,Naοve_CD8_T_cells,,True
ACTCAGTAGTAGGATG-1,3,Naοve_CD8_T_cells,,True
ACTCCTCAGCAGCTCA-1,0,Monocytes_CD14,,True
ACTCCTCAGCTTACTT-1,7,Non_classical_Monocytes,,True
ACTCCTCAGGCATTAC-1,3,Naοve_CD8_T_cells,,True
ACTCGCGCAATCCTGA-1,1,Naοve_CD4_T_cells_helpers,,True
ACTCGCGCAATGCGCT-1,1,Naοve_CD4_T_cells_helpers,,True
ACTCGCGCAATTAGCT-1,0,Monocytes_CD14,,True
ACTCGCGCACGTTACA-1,0,Monocytes_CD14,,True
ACTCGCGCACTGACTA-1,8,Naοve_B_cells,,True
ACTCGCGCAGCAAGTG-1,0,Monocytes_CD14,,True
ACTCGCGCAGGCCAAA-1,2,T_cells_general_cd4 ambigouus,,False
ACTCGCGCAGGTTTGC-1,1,Naοve_CD4_T_cells_helpers,,True
ACTCGCGCAGTTTACG-1,4,Cytotoxic_T_cell,,True
ACTCGCGCATAGACTT-1,6,Memory_B_cells,,True
ACTCGCGCATAGGCGA-1,3,Naοve_CD8_T_cells,,True
ACTCGCTTCAGCAAGA-1,0,Monocytes_CD14,,True
ACTCGCTTCCAAACAC-1,3,Naοve_CD8_T_cells,,True
ACTCGCTTCGGTTCCT-1,0,Monocytes_CD14,,True
ACTGAAACAAACGGGC-1,2,T_cells_general_cd4 ambigouus,,False
ACTGAAACAACCCTAA-1,0,Monocytes_CD14,,True
ACTGAAACAACTAGCC-1,8,Naοve_B_cells,,True
ACTGAAACAATCATGT-1,0,Monocytes_CD14,,True
ACTGAAACATGACTAT-1,3,Naοve_CD8_T_cells,,True
ACTGAAACATGATTGT-1,3,Naοve_CD8_T_cells,,True
ACTGAAACATGCAACC-1,0,Monocytes_CD14,,True
ACTGAATGTACCGTAA-1,1,Naοve_CD4_T_cells_helpers,,True
ACTGAATGTCACCAAA-1,9,Dendritic cells,,True
ACTGAATGTGAGCAAG-1,0,Monocytes_CD14,,True
ACTGAATGTTACGCAA-1,2,T_cells_general_cd4 ambigouus,,False
ACTGAATGTTAGCGTA-1,2,T_cells_general_cd4 ambigouus,,False
ACTGAATGTTTGAGGC-1,1,Naοve_CD4_T_cells_helpers,,True
ACTTACAAGCAAGATG-1,5,NK_cells,,True
ACTTACAAGGAGCACG-1,2,T_cells_general_cd4 ambigouus,,False
ACTTACAAGGATTTGC-1,2,T_cells_general_cd4 ambigouus,,False
ACTTACAAGGGATTAG-1,0,Monocytes_CD14,,True
ACTTACAAGTTCCTGC-1,3,Naοve_CD8_T_cells,,True
ACTTACTTCACAAGCT-1,0,Monocytes_CD14,,True
ACTTACTTCCATAAGC-1,8,Naοve_B_cells,,True
ACTTACTTCGCTTCTA-1,0,Monocytes_CD14,,True
ACTTAGGGTATACTGG-1,7,Non_classical_Monocytes,,True
ACTTAGGGTTCCTGTG-1,2,T_cells_general_cd4 ambigouus,,False
ACTTAGTCAAACTGCC-1,0,Monocytes_CD14,,True
ACTTAGTCAACCGCCA-1,6,Memory_B_cells,,True
ACTTAGTCAATCTCTC-1,4,Cytotoxic_T_cell,,True
ACTTAGTCAATTGCGC-1,3,Naοve_CD8_T_cells,,True
ACTTAGTCACGTAAGG-1,0,Monocytes_CD14,,True
ACTTAGTCAGCATTAT-1,2,T_cells_general_cd4 ambigouus,,False
ACTTAGTCAGGAACTG-1,3,Naοve_CD8_T_cells,,True
ACTTAGTCAGGGAGCT-1,2,T_cells_general_cd4 ambigouus,,False
ACTTAGTCATCCTAGA-1,4,Cytotoxic_T_cell,,True
ACTTAGTCATTATGGT-1,0,Monocytes_CD14,,True
ACTTATCTCATAATCG-1,10,Cytotoxic_T_NK,,False
ACTTATCTCCGTCCAT-1,0,Monocytes_CD14,,True
ACTTATCTCCTGAATA-1,0,Monocytes_CD14,,True
ACTTATCTCGAAGTAG-1,1,Naοve_CD4_T_cells_helpers,,True
ACTTATCTCGGTTTGG-1,0,Monocytes_CD14,,True
ACTTATCTCTTTGAGA-1,3,Naοve_CD8_T_cells,,True
ACTTATGAGCTTAGCG-1,3,Naοve_CD8_T_cells,,True
ACTTATGAGTTCCCGT-1,1,Naοve_CD4_T_cells_helpers,,True
ACTTCGCTCAAACACC-1,3,Naοve_CD8_T_cells,,True
ACTTCGCTCAAGCGCC-1,1,Naοve_CD4_T_cells_helpers,,True
ACTTCGCTCCAATAGC-1,2,T_cells_general_cd4 ambigouus,,False
ACTTCGCTCCAGGTTG-1,4,Cytotoxic_T_cell,,True
ACTTCGCTCCCAGTAG-1,0,Monocytes_CD14,,True
ACTTCGCTCCGCCTCA-1,0,Monocytes_CD14,,True
ACTTGAATCCCGCCTA-1,0,Monocytes_CD14,,True
ACTTGAATCCTCCTAA-1,2,T_cells_general_cd4 ambigouus,,False
ACTTGAATCTTTGAGA-1,1,Naοve_CD4_T_cells_helpers,,True
ACTTGCACAATGAAGC-1,6,Memory_B_cells,,True
ACTTGCACAATTGAAG-1,3,Naοve_CD8_T_cells,,True
ACTTGCACAATTTAGC-1,2,T_cells_general_cd4 ambigouus,,False
ACTTGCACACGAATTT-1,1,Naοve_CD4_T_cells_helpers,,True
ACTTGCACATGAATCT-1,8,Naοve_B_cells,,True
ACTTGCACATTAGGCC-1,3,Naοve_CD8_T_cells,,True
ACTTGTAAGAACCTGT-1,7,Non_classical_Monocytes,,True
ACTTGTAAGACAAACG-1,0,Monocytes_CD14,,True
ACTTGTAAGGATCACT-1,0,Monocytes_CD14,,True
ACTTGTAAGGCGGGTA-1,0,Monocytes_CD14,,True
ACTTGTCGTCTAACCT-1,4,Cytotoxic_T_cell,,True
ACTTGTCGTGTGCACG-1,3,Naοve_CD8_T_cells,,True
ACTTGTCGTTTATGGG-1,2,T_cells_general_cd4 ambigouus,,False
ACTTGTCGTTTCAGGA-1,3,Naοve_CD8_T_cells,,True
ACTTTGTTCAGGCCTA-1,4,Cytotoxic_T_cell,,True
ACTTTGTTCCAGCACA-1,3,Naοve_CD8_T_cells,,True
ACTTTGTTCCGCCAAA-1,4,Cytotoxic_T_cell,,True
ACTTTGTTCTAAGGAG-1,1,Naοve_CD4_T_cells_helpers,,True
AGAAACCCAAAGGTAC-1,5,NK_cells,,True
AGAAACCCAACTAACT-1,9,Dendritic cells,,True
AGAAACCCACGTGCTG-1,1,Naοve_CD4_T_cells_helpers,,True
AGAAACCCATGCTTAG-1,2,T_cells_general_cd4 ambigouus,,False
AGAAACTAGCCTGGTA-1,2,T_cells_general_cd4 ambigouus,,False
AGAAACTAGGTCCGTA-1,0,Monocytes_CD14,,True
AGAAACTAGTCACGAT-1,4,Cytotoxic_T_cell,,True
AGAAACTAGTTCCTCA-1,5,NK_cells,,True
AGAAAGGCAAAGCGCA-1,0,Monocytes_CD14,,True
AGAAAGGCAATAATGG-1,0,Monocytes_CD14,,True
AGAAAGGCAATCCCTT-1,1,Naοve_CD4_T_cells_helpers,,True
AGAAAGGCACAGAACG-1,1,Naοve_CD4_T_cells_helpers,,True
AGAAAGGCAGCTTAAT-1,0,Monocytes_CD14,,True
AGAAAGGCATCCAGGT-1,4,Cytotoxic_T_cell,,True
AGAAAGGCATTGTCAG-1,7,Non_classical_Monocytes,,True
AGAACAAGTAGCTGGT-1,3,Naοve_CD8_T_cells,,True
AGAACAAGTCAATACG-1,4,Cytotoxic_T_cell,,True
AGAACAAGTCCTTCTC-1,0,Monocytes_CD14,,True
AGAACAAGTTAGTGAT-1,4,Cytotoxic_T_cell,,True
AGAACAAGTTCCTCCT-1,3,Naοve_CD8_T_cells,,True
AGAACAAGTTGGTTCT-1,0,Monocytes_CD14,,True
AGAACCAAGCTGTAAC-1,4,Cytotoxic_T_cell,,True
AGAACCAAGCTTACTT-1,2,T_cells_general_cd4 ambigouus,,False
AGAACCAAGGCTACAT-1,5,NK_cells,,True
AGAACCAAGGTCCTGA-1,0,Monocytes_CD14,,True
AGAACCGCAAGTCGCT-1,2,T_cells_general_cd4 ambigouus,,False
AGAACCGCACATTAAC-1,2,T_cells_general_cd4 ambigouus,,False
AGAACCGCAGGCGATA-1,6,Memory_B_cells,,True
AGAACCGCAGGCTAAG-1,2,T_cells_general_cd4 ambigouus,,False
AGAAGGTGTAGGTTGC-1,11,pDC,,False
AGAAGGTGTCGCGCAA-1,4,Cytotoxic_T_cell,,True
AGAAGGTGTGATCAGC-1,4,Cytotoxic_T_cell,,True
AGAAGGTGTTAGGCGT-1,1,Naοve_CD4_T_cells_helpers,,True
AGAATCGAGACAAGTG-1,7,Non_classical_Monocytes,,True
AGAATCGAGTAATCCA-1,0,Monocytes_CD14,,True
AGAATCGAGTCTTGAA-1,1,Naοve_CD4_T_cells_helpers,,True
AGAATCTGTCAACAAT-1,0,Monocytes_CD14,,True
AGAATCTGTGTGAGGA-1,0,Monocytes_CD14,,True
AGACAATAGCTAAAGG-1,0,Monocytes_CD14,,True
AGACAATAGGATCACT-1,5,NK_cells,,True
AGACAATAGGTGCTGC-1,1,Naοve_CD4_T_cells_helpers,,True
AGACAATAGTCATTGA-1,7,Non_classical_Monocytes,,True
AGACAATAGTGACCTG-1,3,Naοve_CD8_T_cells,,True
AGACACGCAGACAAAC-1,0,Monocytes_CD14,,True
AGACACGCAGGATAAC-1,4,Cytotoxic_T_cell,,True
AGACACGCATGTCAAT-1,1,Naοve_CD4_T_cells_helpers,,True
AGACCCGGTAAGGTCC-1,1,Naοve_CD4_T_cells_helpers,,True
AGACCCGGTATTGTCC-1,6,Memory_B_cells,,True
AGACCCGGTTAATGCG-1,6,Memory_B_cells,,True
AGACCCGGTTACTAGG-1,4,Cytotoxic_T_cell,,True
AGACTATGTAATCGCA-1,1,Naοve_CD4_T_cells_helpers,,True
AGACTATGTACCCACC-1,3,Naοve_CD8_T_cells,,True
AGACTATGTGTGTCCC-1,1,Naοve_CD4_T_cells_helpers,,True
AGACTATGTTTAGCTC-1,1,Naοve_CD4_T_cells_helpers,,True
AGAGAAGCAACTAGCC-1,2,T_cells_general_cd4 ambigouus,,False
AGAGAAGCACAACAAA-1,0,Monocytes_CD14,,True
AGAGAAGCACTTGTTC-1,0,Monocytes_CD14,,True
AGAGAAGCAGCTTAGC-1,0,Monocytes_CD14,,True
AGAGAAGCAGTACCGT-1,0,Monocytes_CD14,,True
AGAGAAGCAGTAGCCT-1,2,T_cells_general_cd4 ambigouus,,False
AGAGAAGCATCCCGCT-1,0,Monocytes_CD14,,True
AGAGAAGCATGGCCTG-1,0,Monocytes_CD14,,True
AGAGAGGAGAGCCGCT-1,11,pDC,,False
AGAGAGGAGTTCCCGT-1,3,Naοve_CD8_T_cells,,True
AGAGATTAGCATGGTT-1,2,T_cells_general_cd4 ambigouus,,False
AGAGATTAGGATCACT-1,4,Cytotoxic_T_cell,,True
AGAGATTAGGCTTAAC-1,0,Monocytes_CD14,,True
AGAGATTAGGGATGCG-1,0,Monocytes_CD14,,True
AGAGATTAGTACTGGT-1,3,Naοve_CD8_T_cells,,True
AGAGGAACATTGTGAT-1,0,Monocytes_CD14,,True
AGAGGATGTCATCCTG-1,1,Naοve_CD4_T_cells_helpers,,True
AGAGGATGTGAAACAA-1,1,Naοve_CD4_T_cells_helpers,,True
AGAGGATGTGGGAACA-1,1,Naοve_CD4_T_cells_helpers,,True
AGAGGATGTTACTTCA-1,5,NK_cells,,True
AGAGGATGTTGCACAA-1,1,Naοve_CD4_T_cells_helpers,,True
AGATGAAGTCACTCGC-1,1,Naοve_CD4_T_cells_helpers,,True
AGATGAAGTGGATTCA-1,0,Monocytes_CD14,,True
AGATGAAGTTTAACCC-1,6,Memory_B_cells,,True
AGATGCTTCCGGTTGA-1,1,Naοve_CD4_T_cells_helpers,,True
AGATGCTTCGTCATTT-1,2,T_cells_general_cd4 ambigouus,,False
AGATGCTTCTCCATAT-1,2,T_cells_general_cd4 ambigouus,,False
AGATGCTTCTTCAATC-1,2,T_cells_general_cd4 ambigouus,,False
AGCAAATAGGACCTGC-1,1,Naοve_CD4_T_cells_helpers,,True
AGCAAATAGTACTGGT-1,0,Monocytes_CD14,,True
AGCAACAAGACAACGA-1,4,Cytotoxic_T_cell,,True
AGCAACAAGACAGGTA-1,2,T_cells_general_cd4 ambigouus,,False
AGCAACAAGCCGCTAA-1,9,Dendritic cells,,True
AGCAACAAGGCTACTG-1,1,Naοve_CD4_T_cells_helpers,,True
AGCAACAAGGTAACGA-1,2,T_cells_general_cd4 ambigouus,,False
AGCAAGGGTCTAACAG-1,2,T_cells_general_cd4 ambigouus,,False
AGCAAGGGTGCATTTC-1,2,T_cells_general_cd4 ambigouus,,False
AGCAAGGGTTATCGAG-1,0,Monocytes_CD14,,True
AGCAAGGGTTATGTGG-1,3,Naοve_CD8_T_cells,,True
AGCAAGGGTTCCATTA-1,2,T_cells_general_cd4 ambigouus,,False
AGCAAGGGTTTGAGGC-1,4,Cytotoxic_T_cell,,True
AGCAATACAACTGGCT-1,10,Cytotoxic_T_NK,,False
AGCAATACAATATACC-1,8,Naοve_B_cells,,True
AGCAATACAATCGCAC-1,2,T_cells_general_cd4 ambigouus,,False
AGCAATACAGTACCGT-1,3,Naοve_CD8_T_cells,,True
AGCAATACAGTCTATG-1,2,T_cells_general_cd4 ambigouus,,False
AGCAATACATAGACCC-1,2,T_cells_general_cd4 ambigouus,,False
AGCAATTGTAATCACG-1,3,Naοve_CD8_T_cells,,True
AGCAATTGTACAAAGA-1,9,Dendritic cells,,True
AGCAATTGTCTAACCT-1,2,T_cells_general_cd4 ambigouus,,False
AGCAATTGTGCAATGC-1,4,Cytotoxic_T_cell,,True
AGCAATTGTTCCATTA-1,1,Naοve_CD4_T_cells_helpers,,True
AGCAATTGTTTGCAGA-1,0,Monocytes_CD14,,True
AGCACAGCACGAACAG-1,0,Monocytes_CD14,,True
AGCACAGCACTGGCTG-1,0,Monocytes_CD14,,True
AGCACAGCATTGTTGG-1,3,Naοve_CD8_T_cells,,True
AGCACTAGTACTGATG-1,1,Naοve_CD4_T_cells_helpers,,True
AGCACTAGTCACCTAT-1,3,Naοve_CD8_T_cells,,True
AGCACTAGTGGACATC-1,1,Naοve_CD4_T_cells_helpers,,True
AGCACTAGTGTCACGG-1,2,T_cells_general_cd4 ambigouus,,False
AGCACTAGTGTGTCCC-1,1,Naοve_CD4_T_cells_helpers,,True
AGCACTAGTTAAGCGC-1,1,Naοve_CD4_T_cells_helpers,,True
AGCACTAGTTAATGCG-1,3,Naοve_CD8_T_cells,,True
AGCACTAGTTACGCGG-1,2,T_cells_general_cd4 ambigouus,,False
AGCACTTAGCACTAAC-1,3,Naοve_CD8_T_cells,,True
AGCACTTAGCGATAAG-1,0,Monocytes_CD14,,True
AGCACTTAGCTTAGTA-1,3,Naοve_CD8_T_cells,,True
AGCACTTAGGTGAGAC-1,1,Naοve_CD4_T_cells_helpers,,True
AGCACTTAGTAATCCA-1,0,Monocytes_CD14,,True
AGCAGGTAGCGAGGTG-1,4,Cytotoxic_T_cell,,True
AGCAGGTAGCTCGCTT-1,1,Naοve_CD4_T_cells_helpers,,True
AGCAGGTAGGCATGTT-1,1,Naοve_CD4_T_cells_helpers,,True
AGCAGGTAGGGACCTC-1,0,Monocytes_CD14,,True
AGCAGGTAGGTAAGGC-1,9,Dendritic cells,,True
AGCAGGTAGTTCCCGT-1,0,Monocytes_CD14,,True
AGCATCCCAATAACCT-1,11,pDC,,False
AGCATCCCACAGCCTG-1,0,Monocytes_CD14,,True
AGCATCCCAGATTCAT-1,1,Naοve_CD4_T_cells_helpers,,True
AGCATCCCAGTAGCCT-1,0,Monocytes_CD14,,True
AGCATCCCATCGTTCT-1,0,Monocytes_CD14,,True
AGCATTTCAATGAATG-1,0,Monocytes_CD14,,True
AGCATTTCACCGGTAT-1,0,Monocytes_CD14,,True
AGCATTTCACGAACAG-1,3,Naοve_CD8_T_cells,,True
AGCATTTCATGGTTAT-1,5,NK_cells,,True
AGCCAGTGTCATAACG-1,1,Naοve_CD4_T_cells_helpers,,True
AGCCAGTGTTACATCC-1,0,Monocytes_CD14,,True
AGCCAGTGTTAGGATT-1,2,T_cells_general_cd4 ambigouus,,False
AGCCAGTGTTATAGCG-1,1,Naοve_CD4_T_cells_helpers,,True
AGCCAGTGTTCCTCCT-1,1,Naοve_CD4_T_cells_helpers,,True
AGCCAGTGTTCGCGCT-1,0,Monocytes_CD14,,True
AGCCAGTGTTTAGCGA-1,6,Memory_B_cells,,True
AGCCGCTAGCCGCAGT-1,2,T_cells_general_cd4 ambigouus,,False
AGCCGCTAGGAGGACT-1,7,Non_classical_Monocytes,,True
AGCCGCTAGGCGCTAC-1,1,Naοve_CD4_T_cells_helpers,,True
AGCCGCTAGTTCCTGC-1,1,Naοve_CD4_T_cells_helpers,,True
AGCCGGTTCAAGTGTC-1,1,Naοve_CD4_T_cells_helpers,,True
AGCCGGTTCAATGTGC-1,3,Naοve_CD8_T_cells,,True
AGCCGGTTCAGGAAGC-1,3,Naοve_CD8_T_cells,,True
AGCCGGTTCTGTTGCC-1,2,T_cells_general_cd4 ambigouus,,False
AGCCTAAGTACGTTTC-1,2,T_cells_general_cd4 ambigouus,,False
AGCCTAAGTATTACCC-1,0,Monocytes_CD14,,True
AGCCTAAGTTGGTTAG-1,4,Cytotoxic_T_cell,,True
AGCCTAAGTTTGCGAA-1,4,Cytotoxic_T_cell,,True
AGCCTAGTCATTACGA-1,0,Monocytes_CD14,,True
AGCCTAGTCCATTACT-1,3,Naοve_CD8_T_cells,,True
AGCCTAGTCCTAAATG-1,0,Monocytes_CD14,,True
AGCCTAGTCTAAGGAG-1,2,T_cells_general_cd4 ambigouus,,False
AGCCTAGTCTGGCAAT-1,0,Monocytes_CD14,,True
AGCCTCCGTCGCAAAC-1,8,Naοve_B_cells,,True
AGCCTCCGTCTTACTA-1,5,NK_cells,,True
AGCCTCCGTGGACATC-1,1,Naοve_CD4_T_cells_helpers,,True
AGCCTCCGTTAATGCG-1,3,Naοve_CD8_T_cells,,True
AGCCTCCGTTGAAGCC-1,7,Non_classical_Monocytes,,True
AGCCTGGGTGAGCGAA-1,7,Non_classical_Monocytes,,True
AGCCTGGGTGCCGCAA-1,1,Naοve_CD4_T_cells_helpers,,True
AGCCTGGGTGCTCCAC-1,1,Naοve_CD4_T_cells_helpers,,True
AGCCTGGGTGGTGAGA-1,5,NK_cells,,True
AGCCTGGGTGTTGTGA-1,3,Naοve_CD8_T_cells,,True
AGCCTGGGTTAAATGC-1,2,T_cells_general_cd4 ambigouus,,False
AGCCTGGGTTAGGATT-1,4,Cytotoxic_T_cell,,True
AGCCTGGGTTCCGCAC-1,1,Naοve_CD4_T_cells_helpers,,True
AGCCTGGGTTCCTGAT-1,9,Dendritic cells,,True
AGCCTGGGTTGGCGTG-1,3,Naοve_CD8_T_cells,,True
AGCGATTTCCAGGAAA-1,3,Naοve_CD8_T_cells,,True
AGCGATTTCCGCAAGC-1,8,Naοve_B_cells,,True
AGCGATTTCGCTAAGT-1,3,Naοve_CD8_T_cells,,True
AGCGATTTCGCTAGTG-1,4,Cytotoxic_T_cell,,True
AGCGATTTCGCTCCAT-1,0,Monocytes_CD14,,True
AGCGATTTCGGTTTCC-1,3,Naοve_CD8_T_cells,,True
AGCGCCTAGAGGGACT-1,3,Naοve_CD8_T_cells,,True
AGCGCCTAGCATGCAT-1,1,Naοve_CD4_T_cells_helpers,,True
AGCGCCTAGCTTCTCA-1,0,Monocytes_CD14,,True
AGCGCCTAGGACAACA-1,3,Naοve_CD8_T_cells,,True
AGCGCCTAGGTAACGA-1,11,pDC,,False
AGCGCCTAGTAGCGCC-1,1,Naοve_CD4_T_cells_helpers,,True
AGCGCCTAGTCATTTC-1,0,Monocytes_CD14,,True
AGCGCTCAGAGGCTAA-1,3,Naοve_CD8_T_cells,,True
AGCGCTCAGCATGCAT-1,7,Non_classical_Monocytes,,True
AGCGCTCAGCCTGTGA-1,1,Naοve_CD4_T_cells_helpers,,True
AGCGCTCAGCTAAAGG-1,1,Naοve_CD4_T_cells_helpers,,True
AGCGCTCAGCTACTGG-1,4,Cytotoxic_T_cell,,True
AGCGCTCAGGACAACA-1,3,Naοve_CD8_T_cells,,True
AGCGCTCAGGCTACAT-1,1,Naοve_CD4_T_cells_helpers,,True
AGCGCTCAGGTGCTGC-1,0,Monocytes_CD14,,True
AGCGGACCAAGGGTTG-1,1,Naοve_CD4_T_cells_helpers,,True
AGCGGACCAATGAAGC-1,0,Monocytes_CD14,,True
AGCGGACCACAACAGG-1,2,T_cells_general_cd4 ambigouus,,False
AGCGGATAGAAAGCAT-1,2,T_cells_general_cd4 ambigouus,,False
AGCGGATAGACTAAGG-1,5,NK_cells,,True
AGCGGATAGCAAGGAC-1,2,T_cells_general_cd4 ambigouus,,False
AGCGGATAGCCGCAGT-1,7,Non_classical_Monocytes,,True
AGCGGATAGGAACCAA-1,0,Monocytes_CD14,,True
AGCGGATAGTCACTCC-1,2,T_cells_general_cd4 ambigouus,,False
AGCGGATAGTTATGTG-1,3,Naοve_CD8_T_cells,,True
AGCGTGCTCATGTCAA-1,1,Naοve_CD4_T_cells_helpers,,True
AGCGTGCTCCGGTATG-1,2,T_cells_general_cd4 ambigouus,,False
AGCGTGCTCCGGTTGA-1,2,T_cells_general_cd4 ambigouus,,False
AGCGTGCTCCGTTATT-1,0,Monocytes_CD14,,True
AGCGTGCTCGACAAAG-1,3,Naοve_CD8_T_cells,,True
AGCGTGCTCGCTAGCA-1,2,T_cells_general_cd4 ambigouus,,False
AGCGTGCTCTACTAAG-1,3,Naοve_CD8_T_cells,,True
AGCGTGCTCTCAATGA-1,1,Naοve_CD4_T_cells_helpers,,True
AGCGTGCTCTCATCAT-1,0,Monocytes_CD14,,True
AGCGTGCTCTCTAGCC-1,0,Monocytes_CD14,,True
AGCTAAACAAGACTCC-1,1,Naοve_CD4_T_cells_helpers,,True
AGCTAAACACCTCAGG-1,0,Monocytes_CD14,,True
AGCTAAACACTAAGCC-1,1,Naοve_CD4_T_cells_helpers,,True
AGCTAAACACTATGGC-1,2,T_cells_general_cd4 ambigouus,,False
AGCTAAACACTTACAG-1,0,Monocytes_CD14,,True
AGCTAAACAGTCTATG-1,4,Cytotoxic_T_cell,,True
AGCTAAACAGTTATGT-1,2,T_cells_general_cd4 ambigouus,,False
AGCTAAACATTAAGTC-1,1,Naοve_CD4_T_cells_helpers,,True
AGCTAACTCTGTGCCT-1,10,Cytotoxic_T_NK,,False
AGCTACGTCAATGAGG-1,1,Naοve_CD4_T_cells_helpers,,True
AGCTACGTCATAGACC-1,2,T_cells_general_cd4 ambigouus,,False
AGCTACGTCCCGAAGC-1,2,T_cells_general_cd4 ambigouus,,False
AGCTACGTCTAAGGAG-1,0,Monocytes_CD14,,True
AGCTACGTCTAATCCT-1,2,T_cells_general_cd4 ambigouus,,False
AGCTACGTCTCCTCTT-1,3,Naοve_CD8_T_cells,,True
AGCTACTAGAAGGTGC-1,1,Naοve_CD4_T_cells_helpers,,True
AGCTACTAGACTCGCA-1,2,T_cells_general_cd4 ambigouus,,False
AGCTACTAGCAATAGG-1,10,Cytotoxic_T_NK,,False
AGCTACTAGGAAGCTA-1,11,pDC,,False
AGCTACTAGTGCTGTG-1,1,Naοve_CD4_T_cells_helpers,,True
AGCTACTAGTTATGTG-1,4,Cytotoxic_T_cell,,True
AGCTAGTTCGCTAGCA-1,2,T_cells_general_cd4 ambigouus,,False
AGCTATATCAACCAAC-1,1,Naοve_CD4_T_cells_helpers,,True
AGCTATATCAGAAACG-1,9,Dendritic cells,,True
AGCTATATCCCTCAGT-1,3,Naοve_CD8_T_cells,,True
AGCTATATCCTTCGTA-1,0,Monocytes_CD14,,True
AGCTATATCGTTTCTG-1,3,Naοve_CD8_T_cells,,True
AGCTATATCTAAGTGC-1,0,Monocytes_CD14,,True
AGCTCATAGACAGGCG-1,4,Cytotoxic_T_cell,,True
AGCTCATAGACTCGCA-1,6,Memory_B_cells,,True
AGCTCATAGGCCGGAA-1,0,Monocytes_CD14,,True
AGCTCATAGGCTACTG-1,7,Non_classical_Monocytes,,True
AGCTCATAGGCTGTGC-1,2,T_cells_general_cd4 ambigouus,,False
AGCTCATAGGGTTAGA-1,2,T_cells_general_cd4 ambigouus,,False
AGCTCATAGGTCCACA-1,1,Naοve_CD4_T_cells_helpers,,True
AGCTCATAGTGAGAGC-1,0,Monocytes_CD14,,True
AGCTGCTCAGTAGGAT-1,1,Naοve_CD4_T_cells_helpers,,True
AGCTGCTCAGTCTAGC-1,0,Monocytes_CD14,,True
AGCTGCTCATGAATAG-1,0,Monocytes_CD14,,True
AGCTTAATCACCGGTA-1,11,pDC,,False
AGCTTAATCATGCCTC-1,3,Naοve_CD8_T_cells,,True
AGCTTAATCCATAATG-1,0,Monocytes_CD14,,True
AGCTTAATCCCGAAGC-1,0,Monocytes_CD14,,True
AGCTTAATCCCTGATC-1,1,Naοve_CD4_T_cells_helpers,,True
AGCTTAATCGATATTG-1,1,Naοve_CD4_T_cells_helpers,,True
AGCTTAATCGTCATTT-1,1,Naοve_CD4_T_cells_helpers,,True
AGCTTCCTCACTAAGC-1,8,Naοve_B_cells,,True
AGCTTCCTCAGTATTG-1,4,Cytotoxic_T_cell,,True
AGCTTCCTCATGAAGG-1,3,Naοve_CD8_T_cells,,True
AGCTTCCTCATTACGA-1,0,Monocytes_CD14,,True
AGCTTCCTCCCTGATC-1,1,Naοve_CD4_T_cells_helpers,,True
AGCTTCCTCGAGGTGG-1,0,Monocytes_CD14,,True
AGCTTCCTCGTGCTTC-1,1,Naοve_CD4_T_cells_helpers,,True
AGCTTCCTCTAGCGTG-1,10,Cytotoxic_T_NK,,False
AGCTTGGTCAACCAAC-1,1,Naοve_CD4_T_cells_helpers,,True
AGCTTGGTCCTTCTAG-1,2,T_cells_general_cd4 ambigouus,,False
AGCTTGGTCGATAACC-1,3,Naοve_CD8_T_cells,,True
AGCTTGGTCGCTAGTG-1,3,Naοve_CD8_T_cells,,True
AGCTTGGTCTAACCTT-1,2,T_cells_general_cd4 ambigouus,,False
AGCTTGGTCTCCTCAA-1,0,Monocytes_CD14,,True
AGCTTTAAGCTGGACC-1,1,Naοve_CD4_T_cells_helpers,,True
AGCTTTAAGGAGGACT-1,0,Monocytes_CD14,,True
AGCTTTAAGGCTACTG-1,1,Naοve_CD4_T_cells_helpers,,True
AGCTTTAAGTGGCGGA-1,2,T_cells_general_cd4 ambigouus,,False
AGGAAACGTGCTGTAA-1,1,Naοve_CD4_T_cells_helpers,,True
AGGAAACGTGGGTACT-1,2,T_cells_general_cd4 ambigouus,,False
AGGAAACGTGGTTATG-1,3,Naοve_CD8_T_cells,,True
AGGAAACGTTGTGATG-1,0,Monocytes_CD14,,True
AGGAAACGTTTGCAGA-1,7,Non_classical_Monocytes,,True
AGGAACCAGCAACAAG-1,0,Monocytes_CD14,,True
AGGAACCAGGCAAGTA-1,0,Monocytes_CD14,,True
AGGAACCAGGCATTAC-1,1,Naοve_CD4_T_cells_helpers,,True
AGGAACCAGGCCATCA-1,1,Naοve_CD4_T_cells_helpers,,True
AGGAACCAGGGTTATC-1,1,Naοve_CD4_T_cells_helpers,,True
AGGAACCAGTAACCAC-1,3,Naοve_CD8_T_cells,,True
AGGAACCAGTTGTCAA-1,2,T_cells_general_cd4 ambigouus,,False
AGGAACGGTAAGCTTG-1,4,Cytotoxic_T_cell,,True
AGGAACGGTACTGATG-1,0,Monocytes_CD14,,True
AGGAACGGTGGAAACG-1,1,Naοve_CD4_T_cells_helpers,,True
AGGAACGGTGTTAAAC-1,2,T_cells_general_cd4 ambigouus,,False
AGGAACGGTTTAAAGC-1,5,NK_cells,,True
AGGAACGGTTTAACGG-1,3,Naοve_CD8_T_cells,,True
AGGACGTAGACTAAGG-1,7,Non_classical_Monocytes,,True
AGGACGTAGATAGACG-1,2,T_cells_general_cd4 ambigouus,,False
AGGACGTAGCGATAGA-1,1,Naοve_CD4_T_cells_helpers,,True
AGGACGTAGGAATAAC-1,0,Monocytes_CD14,,True
AGGACGTAGGCACAGG-1,2,T_cells_general_cd4 ambigouus,,False
AGGACGTAGTCATGCG-1,5,NK_cells,,True
AGGACTAAGACTTATG-1,0,Monocytes_CD14,,True
AGGACTAAGCTGTAAC-1,0,Monocytes_CD14,,True
AGGACTAAGTAGGATG-1,2,T_cells_general_cd4 ambigouus,,False
AGGAGCTAGCAAGATG-1,9,Dendritic cells,,True
AGGAGCTAGCCTGAGC-1,2,T_cells_general_cd4 ambigouus,,False
AGGAGCTAGCCTGGTA-1,0,Monocytes_CD14,,True
AGGAGCTAGGAAACTG-1,7,Non_classical_Monocytes,,True
AGGAGCTAGTATTGCA-1,3,Naοve_CD8_T_cells,,True
AGGAGCTAGTGAGGGT-1,0,Monocytes_CD14,,True
AGGATATAGCCGCTAA-1,0,Monocytes_CD14,,True
AGGATATAGGCTTAGT-1,0,Monocytes_CD14,,True
AGGATCCGTACCCACC-1,0,Monocytes_CD14,,True
AGGATCCGTAGGTGTC-1,1,Naοve_CD4_T_cells_helpers,,True
AGGATCCGTCACGAAC-1,1,Naοve_CD4_T_cells_helpers,,True
AGGATCCGTGAATCGC-1,6,Memory_B_cells,,True
AGGATCCGTGTTGCAA-1,4,Cytotoxic_T_cell,,True
AGGATGCAGAACCTGT-1,8,Naοve_B_cells,,True
AGGATGCAGGATGATG-1,1,Naοve_CD4_T_cells_helpers,,True
AGGATGCAGGGTTATC-1,1,Naοve_CD4_T_cells_helpers,,True
AGGATGTCACAACCTA-1,4,Cytotoxic_T_cell,,True
AGGATGTCACCCTCAC-1,0,Monocytes_CD14,,True
AGGATGTCACGTGCTG-1,3,Naοve_CD8_T_cells,,True
AGGATGTCAGGAACCA-1,1,Naοve_CD4_T_cells_helpers,,True
AGGATTGAGACAAGTG-1,2,T_cells_general_cd4 ambigouus,,False
AGGATTGAGCACCACA-1,1,Naοve_CD4_T_cells_helpers,,True
AGGATTGAGGTGCGGA-1,1,Naοve_CD4_T_cells_helpers,,True
AGGATTGAGTCTTGAA-1,0,Monocytes_CD14,,True
AGGATTGAGTGATTCA-1,0,Monocytes_CD14,,True
AGGATTGAGTTATCTC-1,2,T_cells_general_cd4 ambigouus,,False
AGGCAATCAAACCCTA-1,11,pDC,,False
AGGCAATCAAATTGCT-1,1,Naοve_CD4_T_cells_helpers,,True
AGGCAATCAGCAAGTG-1,2,T_cells_general_cd4 ambigouus,,False
AGGCAATCATGAATCT-1,2,T_cells_general_cd4 ambigouus,,False
AGGCAATCATGAGCAG-1,1,Naοve_CD4_T_cells_helpers,,True
AGGCAATCATTGACAT-1,8,Naοve_B_cells,,True
AGGCAGGTCCCAGTAG-1,3,Naοve_CD8_T_cells,,True
AGGCAGGTCCCGCATT-1,3,Naοve_CD8_T_cells,,True
AGGCAGGTCCTAAGTA-1,9,Dendritic cells,,True
AGGCAGGTCTACTAAG-1,0,Monocytes_CD14,,True
AGGCCCAGTCTCAGCC-1,1,Naοve_CD4_T_cells_helpers,,True
AGGCCCAGTCTTGCTG-1,0,Monocytes_CD14,,True
AGGCCCAGTTACAACG-1,3,Naοve_CD8_T_cells,,True
AGGCCCAGTTATCCTA-1,5,NK_cells,,True
AGGCGGATCAATTGGC-1,4,Cytotoxic_T_cell,,True
AGGCGGATCAGTATTG-1,2,T_cells_general_cd4 ambigouus,,False
AGGCTAAAGAGAGCCG-1,0,Monocytes_CD14,,True
AGGCTAAAGCGCCTTT-1,3,Naοve_CD8_T_cells,,True
AGGCTAAAGTAACAGG-1,1,Naοve_CD4_T_cells_helpers,,True
AGGCTAAAGTTGCGTG-1,8,Naοve_B_cells,,True
AGGCTAGCACAATGCC-1,3,Naοve_CD8_T_cells,,True
AGGCTAGCACCTCACC-1,2,T_cells_general_cd4 ambigouus,,False
AGGCTAGCAGCTTACA-1,0,Monocytes_CD14,,True
AGGCTAGCAGGTTATT-1,0,Monocytes_CD14,,True
AGGCTAGCAGTTGCGT-1,0,Monocytes_CD14,,True
AGGCTAGCATCCTGAA-1,0,Monocytes_CD14,,True
AGGCTAGCATTAAACC-1,3,Naοve_CD8_T_cells,,True
AGGCTAGCATTGTGAT-1,10,Cytotoxic_T_NK,,False
AGGGCCTTCAAACCGT-1,3,Naοve_CD8_T_cells,,True
AGGGCCTTCACGCATG-1,5,NK_cells,,True
AGGGCCTTCAGCTAAC-1,2,T_cells_general_cd4 ambigouus,,False
AGGGCCTTCATGCTAA-1,1,Naοve_CD4_T_cells_helpers,,True
AGGGCCTTCCTCAGTC-1,0,Monocytes_CD14,,True
AGGGCCTTCGAGGAAC-1,4,Cytotoxic_T_cell,,True
AGGGCCTTCTAACTGA-1,5,NK_cells,,True
AGGGCCTTCTCACATT-1,1,Naοve_CD4_T_cells_helpers,,True
AGGGCTACACAACCTA-1,0,Monocytes_CD14,,True
AGGGCTACAGCATTAT-1,1,Naοve_CD4_T_cells_helpers,,True
AGGGCTACAGTTTACG-1,1,Naοve_CD4_T_cells_helpers,,True
AGGGTTGCAAGCTTAT-1,3,Naοve_CD8_T_cells,,True
AGGGTTGCAAGGACCA-1,0,Monocytes_CD14,,True
AGGGTTGCAATATGGA-1,4,Cytotoxic_T_cell,,True
AGGGTTGCACCTCACC-1,0,Monocytes_CD14,,True
AGGGTTGCACGTAAGG-1,1,Naοve_CD4_T_cells_helpers,,True
AGGGTTGCAGCAACAG-1,9,Dendritic cells,,True
AGGGTTGCAGTTATGT-1,0,Monocytes_CD14,,True
AGGTAACCACATTGCA-1,1,Naοve_CD4_T_cells_helpers,,True
AGGTAACCAGAAATGC-1,0,Monocytes_CD14,,True
AGGTAACCAGCCTTGG-1,1,Naοve_CD4_T_cells_helpers,,True
AGGTACGCAAATTCGT-1,0,Monocytes_CD14,,True
AGGTACGCAAGCTTTG-1,4,Cytotoxic_T_cell,,True
AGGTACGCACCGGCTA-1,2,T_cells_general_cd4 ambigouus,,False
AGGTACGCAGCCTTGG-1,2,T_cells_general_cd4 ambigouus,,False
AGGTACGCATAGCAGG-1,2,T_cells_general_cd4 ambigouus,,False
AGGTATTGTGTTTGTC-1,2,T_cells_general_cd4 ambigouus,,False
AGGTATTGTTAGTTGG-1,8,Naοve_B_cells,,True
AGGTATTGTTGCTTCG-1,7,Non_classical_Monocytes,,True
AGGTATTGTTTCCACG-1,0,Monocytes_CD14,,True
AGGTCAAAGAACAAGT-1,6,Memory_B_cells,,True
AGGTCAAAGCGATAAG-1,0,Monocytes_CD14,,True
AGGTCAAAGGATCCGC-1,5,NK_cells,,True
AGGTCAAAGGCCAATT-1,9,Dendritic cells,,True
AGGTCAAAGGCTGGCT-1,3,Naοve_CD8_T_cells,,True
AGGTCAAAGTCGCTAG-1,2,T_cells_general_cd4 ambigouus,,False
AGGTCAAAGTCTTGAA-1,2,T_cells_general_cd4 ambigouus,,False
AGGTCAAAGTTACTTC-1,0,Monocytes_CD14,,True
AGGTCATTCCACCCTG-1,1,Naοve_CD4_T_cells_helpers,,True
AGGTCATTCCACCTTA-1,6,Memory_B_cells,,True
AGGTCATTCCAGGTCA-1,3,Naοve_CD8_T_cells,,True
AGGTCATTCCGCAAGC-1,2,T_cells_general_cd4 ambigouus,,False
AGGTCATTCCTAATAG-1,2,T_cells_general_cd4 ambigouus,,False
AGGTCATTCCTCAGCT-1,0,Monocytes_CD14,,True
AGGTCATTCGCCTGTT-1,3,Naοve_CD8_T_cells,,True
AGGTCATTCGCTTGCT-1,4,Cytotoxic_T_cell,,True
AGGTCATTCTAACCAA-1,0,Monocytes_CD14,,True
AGGTCATTCTGCAAGT-1,1,Naοve_CD4_T_cells_helpers,,True
AGGTCCGGTAAAGCGG-1,1,Naοve_CD4_T_cells_helpers,,True
AGGTCCGGTATCTGGA-1,2,T_cells_general_cd4 ambigouus,,False
AGGTCCGGTTCACCAT-1,9,Dendritic cells,,True
AGGTCTTAGCGAGCGA-1,8,Naοve_B_cells,,True
AGGTCTTAGCTCAAAC-1,3,Naοve_CD8_T_cells,,True
AGGTCTTAGGCAGGTG-1,0,Monocytes_CD14,,True
AGGTCTTAGGCTGTGC-1,2,T_cells_general_cd4 ambigouus,,False
AGGTCTTAGGGACGCA-1,5,NK_cells,,True
AGGTCTTAGTCAGTAC-1,5,NK_cells,,True
AGGTGAATCAAGCTAC-1,2,T_cells_general_cd4 ambigouus,,False
AGGTGAATCACTCAAA-1,0,Monocytes_CD14,,True
AGGTGAATCATTGTCT-1,10,Cytotoxic_T_NK,,False
AGGTGAATCCAGGTTG-1,1,Naοve_CD4_T_cells_helpers,,True
AGGTGAATCCTTCGTA-1,0,Monocytes_CD14,,True
AGGTGAATCGCTATGG-1,10,Cytotoxic_T_NK,,False
AGGTGAATCTGGTCCT-1,0,Monocytes_CD14,,True
AGGTGAATCTTGCAAA-1,1,Naοve_CD4_T_cells_helpers,,True
AGGTGAGGTACGTTTC-1,1,Naοve_CD4_T_cells_helpers,,True
AGGTGAGGTCACGGAT-1,2,T_cells_general_cd4 ambigouus,,False
AGGTGAGGTCGCATAA-1,1,Naοve_CD4_T_cells_helpers,,True
AGGTGAGGTGGATTCA-1,9,Dendritic cells,,True
AGGTGAGGTGGTTCCC-1,10,Cytotoxic_T_NK,,False
AGGTGAGGTTCACCAT-1,9,Dendritic cells,,True
AGGTTAACAACCGCCA-1,0,Monocytes_CD14,,True
AGGTTAACACTTCACT-1,7,Non_classical_Monocytes,,True
AGGTTAACAGCATGGA-1,1,Naοve_CD4_T_cells_helpers,,True
AGGTTACTCCCTCACG-1,1,Naοve_CD4_T_cells_helpers,,True
AGGTTACTCCTAAGTA-1,4,Cytotoxic_T_cell,,True
AGGTTACTCGAAGCGG-1,3,Naοve_CD8_T_cells,,True
AGGTTACTCGAAGTAG-1,1,Naοve_CD4_T_cells_helpers,,True
AGGTTACTCGGTCATG-1,9,Dendritic cells,,True
AGGTTAGAGCAGGTTT-1,1,Naοve_CD4_T_cells_helpers,,True
AGGTTAGAGCATGTCG-1,3,Naοve_CD8_T_cells,,True
AGGTTAGAGGACCGCT-1,2,T_cells_general_cd4 ambigouus,,False
AGGTTAGAGGAGTAAT-1,2,T_cells_general_cd4 ambigouus,,False
AGGTTAGAGGCGGGTA-1,11,pDC,,False
AGGTTAGAGTTAGCCG-1,3,Naοve_CD8_T_cells,,True
AGGTTGCGTACCCACC-1,1,Naοve_CD4_T_cells_helpers,,True
AGGTTGCGTACTTCAC-1,1,Naοve_CD4_T_cells_helpers,,True
AGGTTGCGTGCAATGC-1,2,T_cells_general_cd4 ambigouus,,False
AGGTTGCGTGGGAACA-1,6,Memory_B_cells,,True
AGGTTGCGTTCCTCCT-1,0,Monocytes_CD14,,True
AGGTTGCGTTCTTTAG-1,1,Naοve_CD4_T_cells_helpers,,True
AGGTTGCGTTTAGTCC-1,4,Cytotoxic_T_cell,,True
AGGTTTATCACAGACT-1,2,T_cells_general_cd4 ambigouus,,False
AGGTTTATCATTAGTG-1,4,Cytotoxic_T_cell,,True
AGGTTTATCCGCCTAT-1,0,Monocytes_CD14,,True
AGGTTTATCCTTCAAT-1,0,Monocytes_CD14,,True
AGGTTTATCTTGGATA-1,1,Naοve_CD4_T_cells_helpers,,True
AGGTTTGGTAATCCCT-1,0,Monocytes_CD14,,True
AGGTTTGGTCAAGACC-1,0,Monocytes_CD14,,True
AGGTTTGGTGTTGCAA-1,5,NK_cells,,True
AGTAAACAGACTTATG-1,0,Monocytes_CD14,,True
AGTAAACAGAGGAGTC-1,3,Naοve_CD8_T_cells,,True
AGTAAACAGCCTGTTC-1,11,pDC,,False
AGTAAACAGCTGTCAG-1,0,Monocytes_CD14,,True
AGTAAACAGGACCGCT-1,0,Monocytes_CD14,,True
AGTAAACAGGGTTATC-1,0,Monocytes_CD14,,True
AGTAAACAGTCCTGAG-1,1,Naοve_CD4_T_cells_helpers,,True
AGTAAACAGTTATGTG-1,1,Naοve_CD4_T_cells_helpers,,True
AGTAAACAGTTGCCTC-1,0,Monocytes_CD14,,True
AGTAACACAAGCTTTG-1,6,Memory_B_cells,,True
AGTAACACAATGCCCG-1,0,Monocytes_CD14,,True
AGTAACACAATTAACC-1,2,T_cells_general_cd4 ambigouus,,False
AGTAACACAGCTAACC-1,1,Naοve_CD4_T_cells_helpers,,True
AGTAACACAGGCGAGT-1,1,Naοve_CD4_T_cells_helpers,,True
AGTAACACATAGGCGA-1,5,NK_cells,,True
AGTAACCTCAATCTAG-1,9,Dendritic cells,,True
AGTAACCTCACCGGTA-1,3,Naοve_CD8_T_cells,,True
AGTAACCTCATTAGCA-1,2,T_cells_general_cd4 ambigouus,,False
AGTAACCTCATTAGGC-1,2,T_cells_general_cd4 ambigouus,,False
AGTAACCTCATTGTCT-1,2,T_cells_general_cd4 ambigouus,,False
AGTAACCTCCGGTTGA-1,2,T_cells_general_cd4 ambigouus,,False
AGTAACCTCCTAATAG-1,0,Monocytes_CD14,,True
AGTAACCTCGGCCATA-1,4,Cytotoxic_T_cell,,True
AGTAACGAGAGAGGCT-1,1,Naοve_CD4_T_cells_helpers,,True
AGTAACGAGAGCCGCT-1,2,T_cells_general_cd4 ambigouus,,False
AGTAACGAGGCGCTAC-1,2,T_cells_general_cd4 ambigouus,,False
AGTAACGAGTTATTCC-1,2,T_cells_general_cd4 ambigouus,,False
AGTAACGAGTTGTCAA-1,0,Monocytes_CD14,,True
AGTAAGTAGCTTAACA-1,1,Naοve_CD4_T_cells_helpers,,True
AGTAAGTAGTATCGCG-1,1,Naοve_CD4_T_cells_helpers,,True
AGTAAGTAGTCACTCC-1,0,Monocytes_CD14,,True
AGTAAGTAGTTAGGCT-1,0,Monocytes_CD14,,True
AGTAAGTAGTTGTCTT-1,0,Monocytes_CD14,,True
AGTAATCGTCATGCCC-1,0,Monocytes_CD14,,True
AGTAATCGTTGCGCGA-1,0,Monocytes_CD14,,True
AGTAATGCAAACGCGA-1,4,Cytotoxic_T_cell,,True
AGTAATGCAAGTTATC-1,3,Naοve_CD8_T_cells,,True
AGTAATGCACCAGGTT-1,1,Naοve_CD4_T_cells_helpers,,True
AGTAATGCACCTACTT-1,0,Monocytes_CD14,,True
AGTAATGCATAAGTTC-1,1,Naοve_CD4_T_cells_helpers,,True
AGTACGCGTAGTTACG-1,0,Monocytes_CD14,,True
AGTACGCGTGAGACTC-1,11,pDC,,False
AGTAGCTTCAGGTCCA-1,6,Memory_B_cells,,True
AGTAGCTTCTCACACC-1,3,Naοve_CD8_T_cells,,True
AGTAGGATCAAACCGT-1,2,T_cells_general_cd4 ambigouus,,False
AGTAGGATCAATCATG-1,1,Naοve_CD4_T_cells_helpers,,True
AGTAGGATCAATTGGC-1,2,T_cells_general_cd4 ambigouus,,False
AGTAGGATCGCCTGTT-1,0,Monocytes_CD14,,True
AGTAGGATCGCTAAGT-1,0,Monocytes_CD14,,True
AGTAGGATCGTAATCA-1,3,Naοve_CD8_T_cells,,True
AGTATAGCAAATACCT-1,2,T_cells_general_cd4 ambigouus,,False
AGTATAGCAAATTCGT-1,2,T_cells_general_cd4 ambigouus,,False
AGTATAGCAACAACAA-1,10,Cytotoxic_T_NK,,False
AGTATAGCACACTAAT-1,6,Memory_B_cells,,True
AGTATAGCAGAGAGCC-1,3,Naοve_CD8_T_cells,,True
AGTATAGCAGGAACCA-1,1,Naοve_CD4_T_cells_helpers,,True
AGTATAGCATAGCTTG-1,0,Monocytes_CD14,,True
AGTATAGCATCCATCT-1,3,Naοve_CD8_T_cells,,True
AGTATAGCATTGCAGC-1,0,Monocytes_CD14,,True
AGTCAAGAGAACCTGT-1,0,Monocytes_CD14,,True
AGTCAAGAGGAAACTG-1,2,T_cells_general_cd4 ambigouus,,False
AGTCAATGTAATCACG-1,4,Cytotoxic_T_cell,,True
AGTCAATGTAGGATTT-1,0,Monocytes_CD14,,True
AGTCAATGTCAGGCAT-1,3,Naοve_CD8_T_cells,,True
AGTCAATGTGACATGC-1,0,Monocytes_CD14,,True
AGTCAATGTGAGACTC-1,3,Naοve_CD8_T_cells,,True
AGTCAATGTGCCTCAC-1,9,Dendritic cells,,True
AGTCAATGTGTTGCAA-1,6,Memory_B_cells,,True
AGTCAGGCACTCAACA-1,0,Monocytes_CD14,,True
AGTCAGGCATGAAATG-1,0,Monocytes_CD14,,True
AGTCAGGCATGGCCTG-1,2,T_cells_general_cd4 ambigouus,,False
AGTCAGGCATGGTTAT-1,0,Monocytes_CD14,,True
AGTCCTGAGACAACAG-1,10,Cytotoxic_T_NK,,False
AGTCCTGAGCCATCAG-1,2,T_cells_general_cd4 ambigouus,,False
AGTCCTGAGCTAATTG-1,0,Monocytes_CD14,,True
AGTCCTGAGGCTACTG-1,13,Plasma_cells,,False
AGTCCTGAGGGATGAC-1,4,Cytotoxic_T_cell,,True
AGTCCTGAGTCCTTCA-1,0,Monocytes_CD14,,True
AGTCCTGAGTTACCGG-1,1,Naοve_CD4_T_cells_helpers,,True
AGTCCTTGTAAGCACC-1,0,Monocytes_CD14,,True
AGTCCTTGTCAAGTGC-1,3,Naοve_CD8_T_cells,,True
AGTCCTTGTTTACGTC-1,4,Cytotoxic_T_cell,,True
AGTCGCATCAAACCGT-1,3,Naοve_CD8_T_cells,,True
AGTCGCATCAAGTGTC-1,0,Monocytes_CD14,,True
AGTCGCATCCAAACAC-1,4,Cytotoxic_T_cell,,True
AGTCGCATCCGCACAA-1,1,Naοve_CD4_T_cells_helpers,,True
AGTCGCATCTATCGCC-1,2,T_cells_general_cd4 ambigouus,,False
AGTCTTGCACTTAGGC-1,3,Naοve_CD8_T_cells,,True
AGTCTTGCAGAAACGT-1,1,Naοve_CD4_T_cells_helpers,,True
AGTCTTGCATAAACCT-1,7,Non_classical_Monocytes,,True
AGTCTTGCATAGCTTG-1,3,Naοve_CD8_T_cells,,True
AGTGAACCAAGGTCGA-1,3,Naοve_CD8_T_cells,,True
AGTGAACCAATTAGGA-1,5,NK_cells,,True
AGTGAACCACCTACGG-1,4,Cytotoxic_T_cell,,True
AGTGAACCACCTCAGG-1,3,Naοve_CD8_T_cells,,True
AGTGAACCACTGGCTG-1,2,T_cells_general_cd4 ambigouus,,False
AGTGAGTCAACAACAA-1,9,Dendritic cells,,True
AGTGAGTCAATAGCCC-1,2,T_cells_general_cd4 ambigouus,,False
AGTGAGTCAATATACC-1,2,T_cells_general_cd4 ambigouus,,False
AGTGAGTCAGCAAGAT-1,1,Naοve_CD4_T_cells_helpers,,True
AGTGAGTCAGCTACGT-1,2,T_cells_general_cd4 ambigouus,,False
AGTGAGTCAGGATAAC-1,11,pDC,,False
AGTGAGTCATAGGCGA-1,4,Cytotoxic_T_cell,,True
AGTGATGAGATGGACA-1,0,Monocytes_CD14,,True
AGTGATGAGTCACCTC-1,1,Naοve_CD4_T_cells_helpers,,True
AGTGCACGTCAAAGGG-1,0,Monocytes_CD14,,True
AGTGCACGTCAATGTG-1,8,Naοve_B_cells,,True
AGTGCACGTCACACCC-1,1,Naοve_CD4_T_cells_helpers,,True
AGTGCACGTCCTAACT-1,0,Monocytes_CD14,,True
AGTGCACGTGCGCGTA-1,8,Naοve_B_cells,,True
AGTGCACGTTACAACG-1,0,Monocytes_CD14,,True
AGTGCACGTTCCGCAC-1,0,Monocytes_CD14,,True
AGTGCACGTTGCACAA-1,8,Naοve_B_cells,,True
AGTGCACGTTTGGGCG-1,1,Naοve_CD4_T_cells_helpers,,True
AGTGCCGGTGCGCATG-1,8,Naοve_B_cells,,True
AGTGCCGGTGTTGCAA-1,0,Monocytes_CD14,,True
AGTGCCGGTTACCTGT-1,1,Naοve_CD4_T_cells_helpers,,True
AGTGCGGAGAAAGCAT-1,1,Naοve_CD4_T_cells_helpers,,True
AGTGCGGAGAGCAAGC-1,6,Memory_B_cells,,True
AGTGCGGAGCACCACA-1,1,Naοve_CD4_T_cells_helpers,,True
AGTGCGGAGCTAATTG-1,7,Non_classical_Monocytes,,True
AGTGCGGAGGCTGTGC-1,2,T_cells_general_cd4 ambigouus,,False
AGTGCGGAGTAACGAG-1,0,Monocytes_CD14,,True
AGTGCGGAGTGAGGTA-1,3,Naοve_CD8_T_cells,,True
AGTGCGGAGTTGCGTG-1,2,T_cells_general_cd4 ambigouus,,False
AGTGGACAGAGGAGGA-1,0,Monocytes_CD14,,True
AGTGGACAGGCCGGAA-1,2,T_cells_general_cd4 ambigouus,,False
AGTGGACAGGGTCCAC-1,6,Memory_B_cells,,True
AGTGTGGCAATAGTCT-1,3,Naοve_CD8_T_cells,,True
AGTGTGGCAATGAAGC-1,1,Naοve_CD4_T_cells_helpers,,True
AGTGTGGCACGTGCTG-1,2,T_cells_general_cd4 ambigouus,,False
AGTGTGGCAGCACGAA-1,0,Monocytes_CD14,,True
AGTGTGGCATAAAGCA-1,0,Monocytes_CD14,,True
AGTGTGGCATAAGGAC-1,2,T_cells_general_cd4 ambigouus,,False
AGTGTGGCATCGTTCT-1,1,Naοve_CD4_T_cells_helpers,,True
AGTGTGGCATTGTGCA-1,0,Monocytes_CD14,,True
AGTGTTTCAAGGTACG-1,2,T_cells_general_cd4 ambigouus,,False
AGTGTTTCACTTGTTC-1,4,Cytotoxic_T_cell,,True
AGTGTTTCAGCACCAT-1,10,Cytotoxic_T_NK,,False
AGTGTTTCATAGCTGC-1,9,Dendritic cells,,True
AGTGTTTCATTAAAGG-1,1,Naοve_CD4_T_cells_helpers,,True
AGTTACATCCAGGTCA-1,2,T_cells_general_cd4 ambigouus,,False
AGTTACATCCTGGTCT-1,2,T_cells_general_cd4 ambigouus,,False
AGTTACATCGCACAAT-1,0,Monocytes_CD14,,True
AGTTACATCTAGCGTG-1,1,Naοve_CD4_T_cells_helpers,,True
AGTTACTCAAATTCGT-1,3,Naοve_CD8_T_cells,,True
AGTTACTCAGCTTACA-1,0,Monocytes_CD14,,True
AGTTACTCAGGCAAGC-1,3,Naοve_CD8_T_cells,,True
AGTTACTCATTGCAGC-1,2,T_cells_general_cd4 ambigouus,,False
AGTTATGTCATCCTGC-1,0,Monocytes_CD14,,True
AGTTATGTCATGTGGT-1,0,Monocytes_CD14,,True
AGTTATGTCCAATAGC-1,2,T_cells_general_cd4 ambigouus,,False
AGTTATGTCTAACCTT-1,1,Naοve_CD4_T_cells_helpers,,True
AGTTGCGTCATGGTTA-1,7,Non_classical_Monocytes,,True
AGTTGCGTCCCATAAA-1,1,Naοve_CD4_T_cells_helpers,,True
AGTTGCGTCCGCCTCA-1,3,Naοve_CD8_T_cells,,True
AGTTGCGTCCTGGTCT-1,0,Monocytes_CD14,,True
AGTTGCGTCTGCAAAC-1,1,Naοve_CD4_T_cells_helpers,,True
AGTTGGCGTCGCAATA-1,0,Monocytes_CD14,,True
AGTTGGCGTGGACCTG-1,2,T_cells_general_cd4 ambigouus,,False
AGTTGGCGTTGCCTCA-1,2,T_cells_general_cd4 ambigouus,,False
AGTTGGCGTTTGTGGA-1,1,Naοve_CD4_T_cells_helpers,,True
AGTTGTCAGAACCTGT-1,3,Naοve_CD8_T_cells,,True
AGTTGTCAGCAAGGAC-1,0,Monocytes_CD14,,True
AGTTGTCAGGCATTAC-1,1,Naοve_CD4_T_cells_helpers,,True
AGTTGTCAGTCAATTG-1,2,T_cells_general_cd4 ambigouus,,False
AGTTGTCAGTTGTCCC-1,0,Monocytes_CD14,,True
AGTTTGATCCCGCCTA-1,9,Dendritic cells,,True
AGTTTGATCTCGCCTG-1,3,Naοve_CD8_T_cells,,True
AGTTTGCAGGAACCAA-1,0,Monocytes_CD14,,True
AGTTTGCAGGCCCAGT-1,2,T_cells_general_cd4 ambigouus,,False
AGTTTGCAGGCCTGGT-1,2,T_cells_general_cd4 ambigouus,,False
AGTTTGCAGGCCTTAG-1,4,Cytotoxic_T_cell,,True
ATAACGACAATGAGGT-1,2,T_cells_general_cd4 ambigouus,,False
ATAACGACACACCAAC-1,1,Naοve_CD4_T_cells_helpers,,True
ATAACGACATAGTCAT-1,8,Naοve_B_cells,,True
ATAACGACATTAAACC-1,0,Monocytes_CD14,,True
ATAAGCCTCTTAGGGT-1,6,Memory_B_cells,,True
ATAAGTCGTAACTACG-1,0,Monocytes_CD14,,True
ATAAGTCGTAGCCTCC-1,8,Naοve_B_cells,,True
ATAAGTCGTCTCACTG-1,0,Monocytes_CD14,,True
ATAAGTCGTTCATTTG-1,3,Naοve_CD8_T_cells,,True
ATAAGTCGTTGGATAT-1,3,Naοve_CD8_T_cells,,True
ATAAGTCGTTGGCCGA-1,2,T_cells_general_cd4 ambigouus,,False
ATAAGTCGTTGGTTGA-1,11,pDC,,False
ATAATGGCAATTAAGG-1,0,Monocytes_CD14,,True
ATAATGGCACAACCTA-1,0,Monocytes_CD14,,True
ATAATGGCACAATGTT-1,2,T_cells_general_cd4 ambigouus,,False
ATAATGGCAGAAACGT-1,0,Monocytes_CD14,,True
ATAATGGCAGTACCGT-1,6,Memory_B_cells,,True
ATAATGGCAGTCTATG-1,3,Naοve_CD8_T_cells,,True
ATAATGGCATTAAGTC-1,7,Non_classical_Monocytes,,True
ATAATGGCATTGCGTA-1,5,NK_cells,,True
ATACCGGTCAATGACC-1,1,Naοve_CD4_T_cells_helpers,,True
ATACCGGTCAGCCAAT-1,4,Cytotoxic_T_cell,,True
ATACCGGTCAGGCCTA-1,3,Naοve_CD8_T_cells,,True
ATACCGGTCATTTGTC-1,0,Monocytes_CD14,,True
ATACCGGTCGGTTACG-1,8,Naοve_B_cells,,True
ATACCGGTCTAAGTGC-1,4,Cytotoxic_T_cell,,True
ATACCTGCAACTAGGG-1,7,Non_classical_Monocytes,,True
ATACCTGCACTAAGCC-1,1,Naοve_CD4_T_cells_helpers,,True
ATACCTGCACTGACCG-1,3,Naοve_CD8_T_cells,,True
ATACCTGCAGCCAGTT-1,2,T_cells_general_cd4 ambigouus,,False
ATACCTGCAGCCTTGG-1,5,NK_cells,,True
ATACCTGCAGCTAATT-1,0,Monocytes_CD14,,True
ATACCTGCATCGCTCC-1,5,NK_cells,,True
ATACCTGCATGGAGGC-1,3,Naοve_CD8_T_cells,,True
ATACCTGCATGGCCTG-1,0,Monocytes_CD14,,True
ATAGATGCAAACCTTG-1,1,Naοve_CD4_T_cells_helpers,,True
ATAGATGCACACTAAT-1,0,Monocytes_CD14,,True
ATAGATGCAGGCATGA-1,3,Naοve_CD8_T_cells,,True
ATAGATGCAGGTTAAA-1,2,T_cells_general_cd4 ambigouus,,False
ATAGATGCATCGCTTT-1,3,Naοve_CD8_T_cells,,True
ATAGATGCATGATTGT-1,0,Monocytes_CD14,,True
ATAGATGCATTGTGGC-1,2,T_cells_general_cd4 ambigouus,,False
ATAGCATGTAAGCACC-1,7,Non_classical_Monocytes,,True
ATAGCATGTAATGACT-1,3,Naοve_CD8_T_cells,,True
ATAGCATGTCAGGAAG-1,2,T_cells_general_cd4 ambigouus,,False
ATAGCATGTGACCTGG-1,0,Monocytes_CD14,,True
ATAGCATGTGAGACTC-1,7,Non_classical_Monocytes,,True
ATAGCATGTTATCCGT-1,3,Naοve_CD8_T_cells,,True
ATAGGTACAAACGCGA-1,3,Naοve_CD8_T_cells,,True
ATAGGTACAAAGCCTC-1,9,Dendritic cells,,True
ATAGGTACACTGACCG-1,1,Naοve_CD4_T_cells_helpers,,True
ATAGGTACAGGTCCTG-1,0,Monocytes_CD14,,True
ATAGGTACATCCAGGT-1,3,Naοve_CD8_T_cells,,True
ATATAGGCAATTGACT-1,2,T_cells_general_cd4 ambigouus,,False
ATATAGGCAATTTAGC-1,0,Monocytes_CD14,,True
ATATAGGCACCACAAC-1,5,NK_cells,,True
ATATGCATCAAATCGC-1,1,Naοve_CD4_T_cells_helpers,,True
ATATGCATCAACAAGG-1,4,Cytotoxic_T_cell,,True
ATATGCATCAATACGC-1,2,T_cells_general_cd4 ambigouus,,False
ATATGCATCACTTCAT-1,0,Monocytes_CD14,,True
ATATGCATCCCTGACT-1,5,NK_cells,,True
ATATGCATCCTAGTCC-1,0,Monocytes_CD14,,True
ATATGCATCCTTCTAG-1,2,T_cells_general_cd4 ambigouus,,False
ATATGCATCTCTAGCC-1,4,Cytotoxic_T_cell,,True
ATATGCATCTTGGACG-1,0,Monocytes_CD14,,True
ATATGCTCAAACTCAT-1,4,Cytotoxic_T_cell,,True
ATATGCTCAAGCGAGC-1,1,Naοve_CD4_T_cells_helpers,,True
ATATGCTCAAGCTAAA-1,2,T_cells_general_cd4 ambigouus,,False
ATATGCTCAATGAAGC-1,6,Memory_B_cells,,True
ATATGCTCATAAACCT-1,5,NK_cells,,True
ATATGCTCATCACTTC-1,3,Naοve_CD8_T_cells,,True
ATATGCTCATCGCTTT-1,3,Naοve_CD8_T_cells,,True
ATATGCTCATTAGGTT-1,4,Cytotoxic_T_cell,,True
ATATGCTCATTTGCTC-1,0,Monocytes_CD14,,True
ATATGGTGTAAGCTCA-1,2,T_cells_general_cd4 ambigouus,,False
ATATGGTGTCAGGAAG-1,1,Naοve_CD4_T_cells_helpers,,True
ATATGGTGTGAGCACT-1,3,Naοve_CD8_T_cells,,True
ATATGGTGTTATTGCC-1,1,Naοve_CD4_T_cells_helpers,,True
ATATGGTGTTGCATCT-1,7,Non_classical_Monocytes,,True
ATATGGTGTTGCGCGA-1,1,Naοve_CD4_T_cells_helpers,,True
ATATGGTGTTGTGACA-1,4,Cytotoxic_T_cell,,True
ATATGTCCAAACTGCC-1,7,Non_classical_Monocytes,,True
ATATGTCCACAAAGAC-1,6,Memory_B_cells,,True
ATATGTCCAGCATGTC-1,3,Naοve_CD8_T_cells,,True
ATATGTCCATGAAATG-1,3,Naοve_CD8_T_cells,,True
ATATGTCCATGAGCAG-1,0,Monocytes_CD14,,True
ATATGTCCATGTCGCG-1,3,Naοve_CD8_T_cells,,True
ATCAAGACAATGCCCG-1,3,Naοve_CD8_T_cells,,True
ATCAAGACACAGAACG-1,3,Naοve_CD8_T_cells,,True
ATCAAGACATCTAGCA-1,1,Naοve_CD4_T_cells_helpers,,True
ATCAAGCTCACACAGT-1,2,T_cells_general_cd4 ambigouus,,False
ATCAAGCTCATGCAAC-1,10,Cytotoxic_T_NK,,False
ATCAAGCTCCCTTGCG-1,3,Naοve_CD8_T_cells,,True
ATCAAGCTCGGGATTT-1,2,T_cells_general_cd4 ambigouus,,False
ATCAAGCTCGGTTTCC-1,0,Monocytes_CD14,,True
ATCAAGCTCTGCAAGT-1,4,Cytotoxic_T_cell,,True
ATCAAGCTCTTAGGGT-1,9,Dendritic cells,,True
ATCAATCCAAGGGTTG-1,0,Monocytes_CD14,,True
ATCAATCCACTTCATC-1,0,Monocytes_CD14,,True
ATCAATCCAGGAACAT-1,6,Memory_B_cells,,True
ATCAATCCATGAATCT-1,1,Naοve_CD4_T_cells_helpers,,True
ATCAATCCATTAAGTC-1,0,Monocytes_CD14,,True
ATCACAATCACCTGCT-1,3,Naοve_CD8_T_cells,,True
ATCACAATCCTTCAAT-1,3,Naοve_CD8_T_cells,,True
ATCACAATCGTTCACC-1,0,Monocytes_CD14,,True
ATCACACAGCGCTAAT-1,3,Naοve_CD8_T_cells,,True
ATCACACAGTAACTCA-1,9,Dendritic cells,,True
ATCACACAGTTGTCCC-1,2,T_cells_general_cd4 ambigouus,,False
ATCACCCTCAGGCTAT-1,0,Monocytes_CD14,,True
ATCACCCTCAGTTCCC-1,1,Naοve_CD4_T_cells_helpers,,True
ATCACCCTCGAGGAGT-1,3,Naοve_CD8_T_cells,,True
ATCACCCTCGATTTGA-1,8,Naοve_B_cells,,True
ATCACCCTCGCCTGTT-1,3,Naοve_CD8_T_cells,,True
ATCACCCTCTGTGCCT-1,5,NK_cells,,True
ATCACTAAGTAAGTGG-1,0,Monocytes_CD14,,True
ATCAGGTTCAAGCTAC-1,1,Naοve_CD4_T_cells_helpers,,True
ATCAGGTTCCCAGTAG-1,2,T_cells_general_cd4 ambigouus,,False
ATCAGGTTCCCGTTGT-1,4,Cytotoxic_T_cell,,True
ATCAGGTTCCGCAACA-1,2,T_cells_general_cd4 ambigouus,,False
ATCAGGTTCCGCCTCA-1,8,Naοve_B_cells,,True
ATCAGGTTCCTTGAGG-1,1,Naοve_CD4_T_cells_helpers,,True
ATCAGGTTCCTTGCGT-1,0,Monocytes_CD14,,True
ATCAGGTTCTGGCAAT-1,0,Monocytes_CD14,,True
ATCATCAAGACTTACA-1,8,Naοve_B_cells,,True
ATCATCAAGCAGGTTT-1,0,Monocytes_CD14,,True
ATCATCAAGCCTGACA-1,1,Naοve_CD4_T_cells_helpers,,True
ATCATCAAGGACAACA-1,1,Naοve_CD4_T_cells_helpers,,True
ATCATCAAGGCATTAC-1,3,Naοve_CD8_T_cells,,True
ATCATCAAGGCCTAAT-1,7,Non_classical_Monocytes,,True
ATCATCAAGTAACGAG-1,8,Naοve_B_cells,,True
ATCATCAAGTCGCTAG-1,13,Plasma_cells,,False
ATCATGTCAACTGGGA-1,8,Naοve_B_cells,,True
ATCATGTCAATAGCAA-1,0,Monocytes_CD14,,True
ATCATGTCAATGCGCT-1,4,Cytotoxic_T_cell,,True
ATCATGTCACTAAGCC-1,2,T_cells_general_cd4 ambigouus,,False
ATCATGTCAGCTTAGC-1,10,Cytotoxic_T_NK,,False
ATCATGTCATAAGTCT-1,2,T_cells_general_cd4 ambigouus,,False
ATCATGTCATCCATCT-1,1,Naοve_CD4_T_cells_helpers,,True
ATCATGTCATCGCTTT-1,3,Naοve_CD8_T_cells,,True
ATCATGTCATGGTTAT-1,9,Dendritic cells,,True
ATCCAACAGACCATAC-1,0,Monocytes_CD14,,True
ATCCAACAGCTATATG-1,0,Monocytes_CD14,,True
ATCCAACAGGAAACTG-1,2,T_cells_general_cd4 ambigouus,,False
ATCCAACAGGAACGCG-1,0,Monocytes_CD14,,True
ATCCAACAGGTGTCCA-1,0,Monocytes_CD14,,True
ATCCACCTCACTCGCT-1,5,NK_cells,,True
ATCCACCTCAGGTTTA-1,1,Naοve_CD4_T_cells_helpers,,True
ATCCACCTCGTGCTAG-1,6,Memory_B_cells,,True
ATCCATAAGCATGCAT-1,1,Naοve_CD4_T_cells_helpers,,True
ATCCATAAGGCGCTAC-1,4,Cytotoxic_T_cell,,True
ATCCATAAGGTCCACA-1,1,Naοve_CD4_T_cells_helpers,,True
ATCCATAAGTATTGCA-1,2,T_cells_general_cd4 ambigouus,,False
ATCCATAAGTGAACGA-1,1,Naοve_CD4_T_cells_helpers,,True
ATCCCGCGTAACCAGC-1,1,Naοve_CD4_T_cells_helpers,,True
ATCCCGCGTAGGATCC-1,0,Monocytes_CD14,,True
ATCCCGCGTCAAGACC-1,2,T_cells_general_cd4 ambigouus,,False
ATCCCGCGTGTTGTAG-1,1,Naοve_CD4_T_cells_helpers,,True
ATCCCGCGTTATAGCG-1,3,Naοve_CD8_T_cells,,True
ATCCCGCGTTGCAATG-1,1,Naοve_CD4_T_cells_helpers,,True
ATCCCGCGTTGCCTCA-1,2,T_cells_general_cd4 ambigouus,,False
ATCCCGCGTTTGTTGC-1,1,Naοve_CD4_T_cells_helpers,,True
ATCCGTGAGAGGAGTC-1,5,NK_cells,,True
ATCCGTGAGCGGCTGT-1,1,Naοve_CD4_T_cells_helpers,,True
ATCCGTGAGCTAAGTC-1,3,Naοve_CD8_T_cells,,True
ATCCGTGAGGACTAAG-1,0,Monocytes_CD14,,True
ATCCGTGAGGCAACAA-1,2,T_cells_general_cd4 ambigouus,,False
ATCCGTGAGGGTTATC-1,2,T_cells_general_cd4 ambigouus,,False
ATCCTCATCAGCAAGA-1,4,Cytotoxic_T_cell,,True
ATCCTCATCATGCGTG-1,5,NK_cells,,True
ATCCTCATCCTTGAGG-1,1,Naοve_CD4_T_cells_helpers,,True
ATCCTGACAAACCTTG-1,0,Monocytes_CD14,,True
ATCCTGACAAATACCT-1,3,Naοve_CD8_T_cells,,True
ATCCTGACAAGGTCCT-1,1,Naοve_CD4_T_cells_helpers,,True
ATCCTGACAGTAAAGC-1,5,NK_cells,,True
ATCCTTAGTAAATTGC-1,2,T_cells_general_cd4 ambigouus,,False
ATCCTTAGTACAAAGA-1,5,NK_cells,,True
ATCCTTAGTATTCGCT-1,1,Naοve_CD4_T_cells_helpers,,True
ATCCTTAGTCTTGCAT-1,1,Naοve_CD4_T_cells_helpers,,True
ATCCTTAGTGAAACAA-1,2,T_cells_general_cd4 ambigouus,,False
ATCCTTAGTGAGAAAC-1,3,Naοve_CD8_T_cells,,True
ATCCTTAGTGCAATGC-1,1,Naοve_CD4_T_cells_helpers,,True
ATCCTTAGTGCTAGCG-1,2,T_cells_general_cd4 ambigouus,,False
ATCCTTAGTGTGCACG-1,0,Monocytes_CD14,,True
ATCCTTAGTGTTGTAG-1,3,Naοve_CD8_T_cells,,True
ATCGAGGCAAACATAG-1,3,Naοve_CD8_T_cells,,True
ATCGAGGCAAAGCGGC-1,3,Naοve_CD8_T_cells,,True
ATCGAGGCAATCTCTC-1,1,Naοve_CD4_T_cells_helpers,,True
ATCGAGGCAATTTAGC-1,2,T_cells_general_cd4 ambigouus,,False
ATCGAGGCACGTTACA-1,2,T_cells_general_cd4 ambigouus,,False
ATCGAGGCACTAAGCC-1,2,T_cells_general_cd4 ambigouus,,False
ATCGAGGCACTGGCTG-1,2,T_cells_general_cd4 ambigouus,,False
ATCGAGGCATAATGTC-1,3,Naοve_CD8_T_cells,,True
ATCGAGGCATCGCTCC-1,5,NK_cells,,True
ATCGAGGCATTTAAGC-1,8,Naοve_B_cells,,True
ATCGCCCGTAACGGGA-1,1,Naοve_CD4_T_cells_helpers,,True
ATCGCCCGTGAGCAAG-1,5,NK_cells,,True
ATCGCCCGTTAGACCA-1,3,Naοve_CD8_T_cells,,True
ATCGCCCGTTCAAGAT-1,0,Monocytes_CD14,,True
ATCGCCCGTTCGCTCA-1,4,Cytotoxic_T_cell,,True
ATCGCTTGTAAATTGC-1,0,Monocytes_CD14,,True
ATCGCTTGTAATGACT-1,3,Naοve_CD8_T_cells,,True
ATCGCTTGTACCGTAA-1,1,Naοve_CD4_T_cells_helpers,,True
ATCGCTTGTCAGGCCA-1,1,Naοve_CD4_T_cells_helpers,,True
ATCGCTTGTGGATTGC-1,0,Monocytes_CD14,,True
ATCGCTTGTTTATTCG-1,0,Monocytes_CD14,,True
ATCGGCCAGAAGGTGC-1,0,Monocytes_CD14,,True
ATCGGCCAGACAGGCG-1,1,Naοve_CD4_T_cells_helpers,,True
ATCGGCCAGAGGCTAA-1,1,Naοve_CD4_T_cells_helpers,,True
ATCGGCCAGGGTTAGA-1,7,Non_classical_Monocytes,,True
ATCGGCCAGGTCATTA-1,0,Monocytes_CD14,,True
ATCGGCCAGTCGCTAG-1,0,Monocytes_CD14,,True
ATCGGCCAGTCTATGA-1,0,Monocytes_CD14,,True
ATCGGCCAGTTACTTC-1,5,NK_cells,,True
ATCGGCCAGTTATTCC-1,2,T_cells_general_cd4 ambigouus,,False
ATCTATGAGACAAGTG-1,2,T_cells_general_cd4 ambigouus,,False
ATCTATGAGAGGGACT-1,5,NK_cells,,True
ATCTATGAGCTAAGTC-1,3,Naοve_CD8_T_cells,,True
ATCTATGAGGTTAGCT-1,3,Naοve_CD8_T_cells,,True
ATCTATGAGTCAGTAC-1,0,Monocytes_CD14,,True
ATCTTTGGTAAGCTTG-1,7,Non_classical_Monocytes,,True
ATCTTTGGTACTTCAC-1,0,Monocytes_CD14,,True
ATCTTTGGTAGTCAAT-1,3,Naοve_CD8_T_cells,,True
ATCTTTGGTGTTAAAC-1,5,NK_cells,,True
ATGAAGCCAATGCCTA-1,0,Monocytes_CD14,,True
ATGAAGCCAATTATGC-1,0,Monocytes_CD14,,True
ATGAAGCCACCATATG-1,3,Naοve_CD8_T_cells,,True
ATGAAGCCACGGTTTA-1,0,Monocytes_CD14,,True
ATGAAGCCACGTAAGG-1,0,Monocytes_CD14,,True
ATGAAGCCAGAGGCTA-1,2,T_cells_general_cd4 ambigouus,,False
ATGAAGCCATAAGGAC-1,7,Non_classical_Monocytes,,True
ATGAAGCCATAGTCAT-1,3,Naοve_CD8_T_cells,,True
ATGAAGTAGGATTGCT-1,0,Monocytes_CD14,,True
ATGAAGTAGGGATGCG-1,1,Naοve_CD4_T_cells_helpers,,True
ATGAAGTAGTAACCAC-1,2,T_cells_general_cd4 ambigouus,,False
ATGAAGTAGTCCTTCA-1,1,Naοve_CD4_T_cells_helpers,,True
ATGAATGCAAATTGCT-1,1,Naοve_CD4_T_cells_helpers,,True
ATGAATGCAACATAAG-1,1,Naοve_CD4_T_cells_helpers,,True
ATGAATGCAATCCTGA-1,1,Naοve_CD4_T_cells_helpers,,True
ATGAATGCAATCTCTC-1,3,Naοve_CD8_T_cells,,True
ATGAATGCACTTACAG-1,0,Monocytes_CD14,,True
ATGAATGCAGGCCATT-1,0,Monocytes_CD14,,True
ATGAATGCAGGTTACC-1,5,NK_cells,,True
ATGAATGCATAAGTTC-1,0,Monocytes_CD14,,True
ATGAATGCATAGCTTG-1,1,Naοve_CD4_T_cells_helpers,,True
ATGAATGCATTGTCAG-1,0,Monocytes_CD14,,True
ATGACAACAAGGCCAA-1,2,T_cells_general_cd4 ambigouus,,False
ATGACAACAATAGTCT-1,2,T_cells_general_cd4 ambigouus,,False
ATGACAACAATTGACT-1,6,Memory_B_cells,,True
ATGACAACACGCAACT-1,3,Naοve_CD8_T_cells,,True
ATGACCAGTAGTCAAT-1,9,Dendritic cells,,True
ATGACCAGTCGCAATA-1,1,Naοve_CD4_T_cells_helpers,,True
ATGACCAGTGCCGCAA-1,1,Naοve_CD4_T_cells_helpers,,True
ATGACCAGTGTGAGAG-1,0,Monocytes_CD14,,True
ATGACCAGTTAGACCA-1,0,Monocytes_CD14,,True
ATGACGAAGGAGGGTT-1,1,Naοve_CD4_T_cells_helpers,,True
ATGACGAAGGCAACAA-1,10,Cytotoxic_T_NK,,False
ATGACGAAGTAACAGG-1,2,T_cells_general_cd4 ambigouus,,False
ATGACGAAGTCACCAG-1,4,Cytotoxic_T_cell,,True
ATGACGAAGTTTGAGC-1,2,T_cells_general_cd4 ambigouus,,False
ATGACTCAGCTCCTAC-1,2,T_cells_general_cd4 ambigouus,,False
ATGACTCAGGATTGAG-1,3,Naοve_CD8_T_cells,,True
ATGACTCAGGCATTAC-1,2,T_cells_general_cd4 ambigouus,,False
ATGACTCAGGCCTGGT-1,6,Memory_B_cells,,True
ATGACTCAGGCGCACT-1,0,Monocytes_CD14,,True
ATGACTCAGGCGCATC-1,3,Naοve_CD8_T_cells,,True
ATGACTCAGGCTAATC-1,0,Monocytes_CD14,,True
ATGACTCAGTAGAGGC-1,0,Monocytes_CD14,,True
ATGACTCAGTGAAGTG-1,4,Cytotoxic_T_cell,,True
ATGACTCAGTGAGCGG-1,3,Naοve_CD8_T_cells,,True
ATGAGCCGTCAGTAAT-1,2,T_cells_general_cd4 ambigouus,,False
ATGAGCCGTCTTTGAC-1,7,Non_classical_Monocytes,,True
ATGAGCCGTGCTCCGT-1,4,Cytotoxic_T_cell,,True
ATGAGCCGTGTCACGG-1,0,Monocytes_CD14,,True
ATGATGACAGGCTTGT-1,1,Naοve_CD4_T_cells_helpers,,True
ATGATGACATAAGGAC-1,2,T_cells_general_cd4 ambigouus,,False
ATGATGACATGGTTAT-1,2,T_cells_general_cd4 ambigouus,,False
ATGATGGAGCAAGATG-1,3,Naοve_CD8_T_cells,,True
ATGATGGAGCAGGTTT-1,2,T_cells_general_cd4 ambigouus,,False
ATGATGGAGCGATAAG-1,5,NK_cells,,True
ATGATGGAGGTGAGAC-1,5,NK_cells,,True
ATGATGGAGTAAGGGC-1,2,T_cells_general_cd4 ambigouus,,False
ATGATGGAGTTGGATC-1,3,Naοve_CD8_T_cells,,True
ATGCAAACAACCGCCA-1,0,Monocytes_CD14,,True
ATGCAAACATTAAAGG-1,0,Monocytes_CD14,,True
ATGCAAACATTTAAGC-1,4,Cytotoxic_T_cell,,True
ATGCAGGCAAGCTAAA-1,2,T_cells_general_cd4 ambigouus,,False
ATGCAGGCACCTCAGG-1,4,Cytotoxic_T_cell,,True
ATGCAGGCAGGGAGCT-1,0,Monocytes_CD14,,True
ATGCAGGCAGGTTATT-1,0,Monocytes_CD14,,True
ATGCAGGCATTGCAGC-1,0,Monocytes_CD14,,True
ATGCAGGCATTGCGTA-1,3,Naοve_CD8_T_cells,,True
ATGCATTCAACAGCCT-1,3,Naοve_CD8_T_cells,,True
ATGCATTCAATCCTGA-1,1,Naοve_CD4_T_cells_helpers,,True
ATGCATTCAATCTCTC-1,1,Naοve_CD4_T_cells_helpers,,True
ATGCATTCAGCAACAG-1,1,Naοve_CD4_T_cells_helpers,,True
ATGCATTCAGCATGAG-1,2,T_cells_general_cd4 ambigouus,,False
ATGCATTCATCATGTG-1,1,Naοve_CD4_T_cells_helpers,,True
ATGCCTGAGATAGACG-1,4,Cytotoxic_T_cell,,True
ATGCCTGAGCACAGCC-1,8,Naοve_B_cells,,True
ATGCCTGAGCTCGCTT-1,1,Naοve_CD4_T_cells_helpers,,True
ATGCCTGAGGATCACT-1,1,Naοve_CD4_T_cells_helpers,,True
ATGCCTGAGGCCTGGT-1,2,T_cells_general_cd4 ambigouus,,False
ATGCCTGAGTCACCAG-1,11,pDC,,False
ATGCCTGAGTGAACGA-1,1,Naοve_CD4_T_cells_helpers,,True
ATGCCTGAGTTAGACC-1,10,Cytotoxic_T_NK,,False
ATGCGATTCCTCAGCT-1,0,Monocytes_CD14,,True
ATGCGATTCCTTAAGA-1,3,Naοve_CD8_T_cells,,True
ATGCGATTCGATTCTT-1,2,T_cells_general_cd4 ambigouus,,False
ATGCGATTCGCCTGTT-1,1,Naοve_CD4_T_cells_helpers,,True
ATGCGATTCGGTTAGT-1,2,T_cells_general_cd4 ambigouus,,False
ATGCGATTCGTCAAGT-1,3,Naοve_CD8_T_cells,,True
ATGCGATTCTAATCCT-1,1,Naοve_CD4_T_cells_helpers,,True
ATGCGATTCTTGATGA-1,1,Naοve_CD4_T_cells_helpers,,True
ATGCTTAAGCACTAAC-1,0,Monocytes_CD14,,True
ATGCTTAAGCCTGATG-1,7,Non_classical_Monocytes,,True
ATGCTTAAGCTGTAAC-1,10,Cytotoxic_T_NK,,False
ATGCTTAAGGTCATTA-1,3,Naοve_CD8_T_cells,,True
ATGCTTAAGTAAGAAC-1,2,T_cells_general_cd4 ambigouus,,False
ATGCTTAAGTATTGCA-1,1,Naοve_CD4_T_cells_helpers,,True
ATGCTTAAGTTCCCAC-1,2,T_cells_general_cd4 ambigouus,,False
ATGGACAAGGCCCAGT-1,4,Cytotoxic_T_cell,,True
ATGGACAAGTCACCAG-1,5,NK_cells,,True
ATGGCCCAGAGGAGTC-1,0,Monocytes_CD14,,True
ATGGCCCAGCTAGAAG-1,0,Monocytes_CD14,,True
ATGGCCCAGGAGCACG-1,2,T_cells_general_cd4 ambigouus,,False
ATGGCCCAGGAGGCAT-1,3,Naοve_CD8_T_cells,,True
ATGGCCCAGTTTCCTG-1,3,Naοve_CD8_T_cells,,True
ATGGCCGGTAAGCTCA-1,2,T_cells_general_cd4 ambigouus,,False
ATGGCCGGTACCCACC-1,9,Dendritic cells,,True
ATGGCCGGTCTCAGCC-1,3,Naοve_CD8_T_cells,,True
ATGGCCGGTGGTGAGA-1,8,Naοve_B_cells,,True
ATGGCCGGTGTTAAAC-1,1,Naοve_CD4_T_cells_helpers,,True
ATGGCCGGTGTTGCAA-1,7,Non_classical_Monocytes,,True
ATGGCTAGTGAGCAAG-1,0,Monocytes_CD14,,True
ATGGCTAGTGATGATT-1,3,Naοve_CD8_T_cells,,True
ATGGCTAGTGATTACG-1,5,NK_cells,,True
ATGGCTAGTGATTTGG-1,2,T_cells_general_cd4 ambigouus,,False
ATGGCTAGTTAATCGG-1,7,Non_classical_Monocytes,,True
ATGGCTAGTTTATTCG-1,4,Cytotoxic_T_cell,,True
ATGGCTGTCCATCAGG-1,7,Non_classical_Monocytes,,True
ATGGCTGTCTAGCTTT-1,2,T_cells_general_cd4 ambigouus,,False
ATGGCTGTCTTGAGCG-1,8,Naοve_B_cells,,True
ATGGCTTAGCATGTTA-1,0,Monocytes_CD14,,True
ATGGCTTAGCTGAGGG-1,9,Dendritic cells,,True
ATGGCTTAGGGTGGAT-1,0,Monocytes_CD14,,True
ATGGCTTAGTGAACGA-1,2,T_cells_general_cd4 ambigouus,,False
ATGGTCTAGACAAAGT-1,1,Naοve_CD4_T_cells_helpers,,True
ATGGTCTAGCGTGCAC-1,0,Monocytes_CD14,,True
ATGGTCTAGGAGGACT-1,2,T_cells_general_cd4 ambigouus,,False
ATGGTCTAGGCTTAAC-1,5,NK_cells,,True
ATGGTCTAGGCTTAGT-1,0,Monocytes_CD14,,True
ATGGTCTAGTCACCAG-1,4,Cytotoxic_T_cell,,True
ATGGTGCGTAACCTAG-1,1,Naοve_CD4_T_cells_helpers,,True
ATGGTGCGTATTGTCC-1,6,Memory_B_cells,,True
ATGGTGCGTGCGCATG-1,3,Naοve_CD8_T_cells,,True
ATGGTGCGTGTCCAAA-1,1,Naοve_CD4_T_cells_helpers,,True
ATGGTGCGTTATCGAG-1,2,T_cells_general_cd4 ambigouus,,False
ATGGTTATCCTAATTC-1,0,Monocytes_CD14,,True
ATGGTTATCGGGCCAT-1,0,Monocytes_CD14,,True
ATGGTTATCTAATTGG-1,2,T_cells_general_cd4 ambigouus,,False
ATGGTTATCTTCAATC-1,7,Non_classical_Monocytes,,True
ATGTAACGTAGGTTTG-1,0,Monocytes_CD14,,True
ATGTAACGTCGCGCAA-1,5,NK_cells,,True
ATGTAACGTGAGCACT-1,2,T_cells_general_cd4 ambigouus,,False
ATGTAACGTGGACCTG-1,0,Monocytes_CD14,,True
ATGTAACGTTGCGGAT-1,0,Monocytes_CD14,,True
ATGTAACGTTTGCTGT-1,3,Naοve_CD8_T_cells,,True
ATGTAACGTTTGGGTA-1,1,Naοve_CD4_T_cells_helpers,,True
ATGTAAGCAACACTTG-1,1,Naοve_CD4_T_cells_helpers,,True
ATGTAAGCACATACTG-1,3,Naοve_CD8_T_cells,,True
ATGTAAGCACATGCTA-1,0,Monocytes_CD14,,True
ATGTAAGCACCAAAGG-1,3,Naοve_CD8_T_cells,,True
ATGTAAGCACTCAACA-1,1,Naοve_CD4_T_cells_helpers,,True
ATGTAAGCAGTAGGAT-1,0,Monocytes_CD14,,True
ATGTAAGCATTAGGTT-1,0,Monocytes_CD14,,True
ATGTCAATCATCCTAT-1,3,Naοve_CD8_T_cells,,True
ATGTCAATCGAGGAAC-1,2,T_cells_general_cd4 ambigouus,,False
ATGTCAATCGATAACC-1,7,Non_classical_Monocytes,,True
ATGTCAATCGCGACAC-1,2,T_cells_general_cd4 ambigouus,,False
ATGTCAATCGGTTACG-1,0,Monocytes_CD14,,True
ATGTCAATCGTAATCA-1,1,Naοve_CD4_T_cells_helpers,,True
ATGTCAATCTAAGGAG-1,3,Naοve_CD8_T_cells,,True
ATGTCAATCTCAATTC-1,4,Cytotoxic_T_cell,,True
ATGTCAATCTTAATGG-1,0,Monocytes_CD14,,True
ATGTCATCAATAGTCT-1,0,Monocytes_CD14,,True
ATGTCATCAATTAAGG-1,6,Memory_B_cells,,True
ATGTCATCACGTTACA-1,4,Cytotoxic_T_cell,,True
ATGTCATCATAATCGT-1,0,Monocytes_CD14,,True
ATGTCATCATCCATCT-1,3,Naοve_CD8_T_cells,,True
ATGTCATCATTATGAC-1,2,T_cells_general_cd4 ambigouus,,False
ATGTCCACACAATTAC-1,2,T_cells_general_cd4 ambigouus,,False
ATGTCCACACTTCATC-1,0,Monocytes_CD14,,True
ATGTCCACAGCAGGTA-1,6,Memory_B_cells,,True
ATGTCCACAGGTTCAC-1,2,T_cells_general_cd4 ambigouus,,False
ATGTCCACATTTGCTC-1,0,Monocytes_CD14,,True
ATGTGAGAGACAAGTG-1,2,T_cells_general_cd4 ambigouus,,False
ATGTGAGAGAGAAGGG-1,9,Dendritic cells,,True
ATGTGAGAGCTAATCA-1,0,Monocytes_CD14,,True
ATGTGAGAGGCGAATA-1,3,Naοve_CD8_T_cells,,True
ATGTTCAAGAGCCGCT-1,4,Cytotoxic_T_cell,,True
ATGTTCAAGCCTGATG-1,0,Monocytes_CD14,,True
ATGTTCAAGGCTTAAC-1,1,Naοve_CD4_T_cells_helpers,,True
ATGTTGTCAACCGCCA-1,0,Monocytes_CD14,,True
ATGTTGTCACAAAGCG-1,0,Monocytes_CD14,,True
ATGTTGTCACTTACAG-1,3,Naοve_CD8_T_cells,,True
ATGTTGTCATCAATCG-1,3,Naοve_CD8_T_cells,,True
ATGTTGTCATTAAGTC-1,3,Naοve_CD8_T_cells,,True
ATGTTTGAGCTAGAAG-1,2,T_cells_general_cd4 ambigouus,,False
ATGTTTGAGGACAACA-1,0,Monocytes_CD14,,True
ATGTTTGAGTATTGTG-1,0,Monocytes_CD14,,True
ATGTTTGAGTTGTCTT-1,11,pDC,,False
ATTAACCCAACCTGGT-1,8,Naοve_B_cells,,True
ATTAACCCAACTAGGG-1,2,T_cells_general_cd4 ambigouus,,False
ATTAACCCACATAGCC-1,6,Memory_B_cells,,True
ATTAACCCACGTGCTG-1,3,Naοve_CD8_T_cells,,True
ATTAACCCAGAAATGC-1,4,Cytotoxic_T_cell,,True
ATTAACCCAGAACCGA-1,10,Cytotoxic_T_NK,,False
ATTAACCCATAGCGGA-1,3,Naοve_CD8_T_cells,,True
ATTACCCGTACTGATG-1,4,Cytotoxic_T_cell,,True
ATTACCCGTCAGGCCA-1,4,Cytotoxic_T_cell,,True
ATTACCCGTCCTTCTC-1,2,T_cells_general_cd4 ambigouus,,False
ATTACCCGTCTAGCTT-1,5,NK_cells,,True
ATTACCCGTGCTCCAC-1,0,Monocytes_CD14,,True
ATTACCCGTGTTGTAG-1,9,Dendritic cells,,True
ATTACCCGTTACCGGG-1,0,Monocytes_CD14,,True
ATTACCCGTTGCTGGG-1,10,Cytotoxic_T_NK,,False
ATTACCCGTTTCAGGA-1,1,Naοve_CD4_T_cells_helpers,,True
ATTACCGCAAATACCT-1,8,Naοve_B_cells,,True
ATTACCGCAAGACTCC-1,0,Monocytes_CD14,,True
ATTACCGCAAGCTTTG-1,0,Monocytes_CD14,,True
ATTACCGCAATAAGCA-1,2,T_cells_general_cd4 ambigouus,,False
ATTACCGCAATGCCCG-1,0,Monocytes_CD14,,True
ATTACCGCAGCTTAGC-1,2,T_cells_general_cd4 ambigouus,,False
ATTACCGCAGGACACA-1,10,Cytotoxic_T_NK,,False
ATTACGTCAACAGCCT-1,2,T_cells_general_cd4 ambigouus,,False
ATTACGTCACAAGCCT-1,2,T_cells_general_cd4 ambigouus,,False
ATTACGTCACCTGTAA-1,13,Plasma_cells,,False
ATTACGTCAGGCTAAG-1,2,T_cells_general_cd4 ambigouus,,False
ATTACGTCATAATCCG-1,8,Naοve_B_cells,,True
ATTACGTCATGAATCT-1,2,T_cells_general_cd4 ambigouus,,False
ATTACGTCATTAGGTT-1,0,Monocytes_CD14,,True
ATTACGTCATTATGAC-1,2,T_cells_general_cd4 ambigouus,,False
ATTACGTCATTATGCG-1,2,T_cells_general_cd4 ambigouus,,False
ATTACTGAGAGGCTAA-1,0,Monocytes_CD14,,True
ATTACTGAGCCGGTAC-1,5,NK_cells,,True
ATTACTGAGCTGAGGG-1,11,pDC,,False
ATTACTGAGGAACACA-1,1,Naοve_CD4_T_cells_helpers,,True
ATTACTGAGGATGATG-1,3,Naοve_CD8_T_cells,,True
ATTACTGAGGCTACTG-1,2,T_cells_general_cd4 ambigouus,,False
ATTACTGAGTTTCCTG-1,0,Monocytes_CD14,,True
ATTAGCGGTAGCCTAA-1,11,pDC,,False
ATTAGCGGTAGCTGGT-1,4,Cytotoxic_T_cell,,True
ATTAGCGGTCATCAAG-1,1,Naοve_CD4_T_cells_helpers,,True
ATTAGCGGTCGTTATC-1,2,T_cells_general_cd4 ambigouus,,False
ATTAGCGGTTACTTCA-1,1,Naοve_CD4_T_cells_helpers,,True
ATTAGCGGTTAGCGTA-1,1,Naοve_CD4_T_cells_helpers,,True
ATTAGCTCAACTAGGG-1,1,Naοve_CD4_T_cells_helpers,,True
ATTAGCTCAAGGCCAA-1,6,Memory_B_cells,,True
ATTAGCTCAATATGGA-1,3,Naοve_CD8_T_cells,,True
ATTAGCTCACCTAAGC-1,5,NK_cells,,True
ATTAGCTCAGCAACCT-1,4,Cytotoxic_T_cell,,True
ATTAGCTCATTGTCCT-1,0,Monocytes_CD14,,True
ATTAGGTGTTACCGGG-1,2,T_cells_general_cd4 ambigouus,,False
ATTAGGTGTTTGCAGA-1,7,Non_classical_Monocytes,,True
ATTAGGTGTTTGGCGG-1,0,Monocytes_CD14,,True
ATTAGGTGTTTGGCTT-1,1,Naοve_CD4_T_cells_helpers,,True
ATTAGTCCAGTAAAGC-1,0,Monocytes_CD14,,True
ATTATCCTCAATCTCT-1,1,Naοve_CD4_T_cells_helpers,,True
ATTATCCTCAGAAACG-1,3,Naοve_CD8_T_cells,,True
ATTATCCTCAGCTAAC-1,7,Non_classical_Monocytes,,True
ATTATCCTCATTAGTG-1,8,Naοve_B_cells,,True
ATTATCCTCCTTGCGT-1,0,Monocytes_CD14,,True
ATTATGGTCAAGCTAC-1,3,Naοve_CD8_T_cells,,True
ATTATGGTCATAGCCG-1,4,Cytotoxic_T_cell,,True
ATTATGGTCATGCTAA-1,2,T_cells_general_cd4 ambigouus,,False
ATTATGGTCCAGGTTG-1,4,Cytotoxic_T_cell,,True
ATTATGGTCCTTGAGG-1,4,Cytotoxic_T_cell,,True
ATTATGGTCGGCCAGT-1,0,Monocytes_CD14,,True
ATTCAACCACACAATT-1,3,Naοve_CD8_T_cells,,True
ATTCAACCACGCAACT-1,1,Naοve_CD4_T_cells_helpers,,True
ATTCAACCAGGAACAT-1,2,T_cells_general_cd4 ambigouus,,False
ATTCAACCAGGCGAGT-1,3,Naοve_CD8_T_cells,,True
ATTCAACCAGGCGATA-1,1,Naοve_CD4_T_cells_helpers,,True
ATTCACTTCGGTACGC-1,2,T_cells_general_cd4 ambigouus,,False
ATTCACTTCTAGCTTT-1,1,Naοve_CD4_T_cells_helpers,,True
ATTCACTTCTCACATT-1,3,Naοve_CD8_T_cells,,True
ATTCACTTCTTCAATC-1,4,Cytotoxic_T_cell,,True
ATTCACTTCTTGACCC-1,4,Cytotoxic_T_cell,,True
ATTCATGAGCAAGGAC-1,0,Monocytes_CD14,,True
ATTCATGAGCCGCTTT-1,2,T_cells_general_cd4 ambigouus,,False
ATTCATGAGCCTCTGT-1,0,Monocytes_CD14,,True
ATTCATGAGCTAATCA-1,2,T_cells_general_cd4 ambigouus,,False
ATTCATGAGCTCATAA-1,3,Naοve_CD8_T_cells,,True
ATTCATGAGGATCACT-1,0,Monocytes_CD14,,True
ATTCATGAGGCCATCA-1,3,Naοve_CD8_T_cells,,True
ATTCATGAGTTAGACC-1,1,Naοve_CD4_T_cells_helpers,,True
ATTCATGAGTTATCTC-1,0,Monocytes_CD14,,True
ATTCCGGAGAACCTGT-1,0,Monocytes_CD14,,True
ATTCCGGAGCTAAGTC-1,1,Naοve_CD4_T_cells_helpers,,True
ATTCCGGAGCTATTAG-1,3,Naοve_CD8_T_cells,,True
ATTCCGGAGGCTTAAC-1,0,Monocytes_CD14,,True
ATTCCTAGTGCGCATG-1,5,NK_cells,,True
ATTCCTAGTGTGTGGT-1,0,Monocytes_CD14,,True
ATTCCTAGTTGCAATG-1,0,Monocytes_CD14,,True
ATTCCTAGTTTGCTGT-1,0,Monocytes_CD14,,True
ATTCCTAGTTTGTCTA-1,1,Naοve_CD4_T_cells_helpers,,True
ATTCCTCCAAGGTGCA-1,6,Memory_B_cells,,True
ATTCCTCCACCTACGG-1,2,T_cells_general_cd4 ambigouus,,False
ATTCCTCCAGCAATAA-1,4,Cytotoxic_T_cell,,True
ATTCCTCCAGGTTCAC-1,3,Naοve_CD8_T_cells,,True
ATTCCTCCAGTTTACG-1,4,Cytotoxic_T_cell,,True
ATTCCTCCATTCCTGT-1,8,Naοve_B_cells,,True
ATTCGTTTCAAACCTA-1,1,Naοve_CD4_T_cells_helpers,,True
ATTCGTTTCATAACTG-1,5,NK_cells,,True
ATTCGTTTCCGGTTAG-1,0,Monocytes_CD14,,True
ATTCGTTTCGTTTCGC-1,6,Memory_B_cells,,True
ATTCGTTTCTAATCCT-1,7,Non_classical_Monocytes,,True
ATTCGTTTCTACCTAT-1,0,Monocytes_CD14,,True
ATTCGTTTCTCACACC-1,4,Cytotoxic_T_cell,,True
ATTCGTTTCTTGCAAA-1,3,Naοve_CD8_T_cells,,True
ATTGAAGCAAAGCGCA-1,4,Cytotoxic_T_cell,,True
ATTGAAGCAAGACTCC-1,1,Naοve_CD4_T_cells_helpers,,True
ATTGAAGCAAGTCGCT-1,5,NK_cells,,True
ATTGAAGCACTTACAG-1,1,Naοve_CD4_T_cells_helpers,,True
ATTGAAGCAGCCAGAA-1,0,Monocytes_CD14,,True
ATTGAAGCAGGTTACC-1,1,Naοve_CD4_T_cells_helpers,,True
ATTGAAGCATAAGGAC-1,1,Naοve_CD4_T_cells_helpers,,True
ATTGAAGCATTATGAC-1,11,pDC,,False
ATTGACTCACGTAAGG-1,8,Naοve_B_cells,,True
ATTGACTCATTAGCGC-1,1,Naοve_CD4_T_cells_helpers,,True
ATTGCACAGGATTTGC-1,4,Cytotoxic_T_cell,,True
ATTGCACAGTTATGTG-1,0,Monocytes_CD14,,True
ATTGCAGGTCCTTCAG-1,2,T_cells_general_cd4 ambigouus,,False
ATTGCAGGTGTCCTGC-1,2,T_cells_general_cd4 ambigouus,,False
ATTGCAGGTGTTGTGA-1,2,T_cells_general_cd4 ambigouus,,False
ATTGCAGGTTATCCTA-1,0,Monocytes_CD14,,True
ATTGCGCCAAATTGCT-1,0,Monocytes_CD14,,True
ATTGCGCCAACGTGCT-1,6,Memory_B_cells,,True
ATTGCGCCAATGCCCG-1,2,T_cells_general_cd4 ambigouus,,False
ATTGCGCCACCACAAC-1,4,Cytotoxic_T_cell,,True
ATTGCGCCACTAGCGT-1,3,Naοve_CD8_T_cells,,True
ATTGCGCCAGCTACGT-1,2,T_cells_general_cd4 ambigouus,,False
ATTGCGCCAGGCGATA-1,3,Naοve_CD8_T_cells,,True
ATTGCGCCAGTTTGGC-1,2,T_cells_general_cd4 ambigouus,,False
ATTGCGCCATCGCTTT-1,6,Memory_B_cells,,True
ATTGCGCCATCGTTCT-1,10,Cytotoxic_T_NK,,False
ATTGCTCGTAATCGCA-1,3,Naοve_CD8_T_cells,,True
ATTGCTCGTATCTGGA-1,0,Monocytes_CD14,,True
ATTGCTCGTCCAAGAC-1,1,Naοve_CD4_T_cells_helpers,,True
ATTGCTCGTCCTTCAG-1,1,Naοve_CD4_T_cells_helpers,,True
ATTGCTCGTGAGAAAC-1,7,Non_classical_Monocytes,,True
ATTGCTCGTGTTTCAC-1,4,Cytotoxic_T_cell,,True
ATTGCTCGTTGCAATG-1,7,Non_classical_Monocytes,,True
ATTGGCTAGCGCAATT-1,3,Naοve_CD8_T_cells,,True
ATTGGCTAGCTGAGGG-1,1,Naοve_CD4_T_cells_helpers,,True
ATTGGCTAGGGCCACT-1,0,Monocytes_CD14,,True
ATTGGCTAGTCACCAG-1,0,Monocytes_CD14,,True
ATTGGCTAGTTGCCTC-1,7,Non_classical_Monocytes,,True
ATTGGTTCAAAGCCTC-1,0,Monocytes_CD14,,True
ATTGGTTCACATTAAC-1,0,Monocytes_CD14,,True
ATTGGTTCACCTGCTC-1,3,Naοve_CD8_T_cells,,True
ATTGGTTCACGAATCC-1,1,Naοve_CD4_T_cells_helpers,,True
ATTGGTTCACTGGCTG-1,7,Non_classical_Monocytes,,True
ATTGGTTCATTGCAGC-1,6,Memory_B_cells,,True
ATTGTCCGTAGCTGGT-1,4,Cytotoxic_T_cell,,True
ATTGTCCGTATTGGAT-1,3,Naοve_CD8_T_cells,,True
ATTGTCCGTCAGTAAT-1,0,Monocytes_CD14,,True
ATTGTCCGTCCGTAGG-1,0,Monocytes_CD14,,True
ATTGTCCGTCGCGCAA-1,0,Monocytes_CD14,,True
ATTGTCCGTGATGATT-1,3,Naοve_CD8_T_cells,,True
ATTGTCCGTGTGCAAC-1,6,Memory_B_cells,,True
ATTGTCCGTTATGTGG-1,0,Monocytes_CD14,,True
ATTGTCCGTTGCTGGG-1,0,Monocytes_CD14,,True
ATTGTGATCATGCTCC-1,3,Naοve_CD8_T_cells,,True
ATTGTGATCATTGCAA-1,2,T_cells_general_cd4 ambigouus,,False
ATTGTGATCCGGTTAG-1,2,T_cells_general_cd4 ambigouus,,False
ATTGTGATCGAGGTGG-1,9,Dendritic cells,,True
ATTGTGATCGATTATG-1,3,Naοve_CD8_T_cells,,True
ATTGTGATCGCACAAT-1,4,Cytotoxic_T_cell,,True
ATTGTGATCGCATTAA-1,0,Monocytes_CD14,,True
ATTGTGATCGGTCAGC-1,7,Non_classical_Monocytes,,True
ATTGTGATCGTTACTT-1,8,Naοve_B_cells,,True
ATTGTGATCTAACTGA-1,5,NK_cells,,True
ATTGTGATCTAAGGAG-1,3,Naοve_CD8_T_cells,,True
ATTTAGCCAAGCTTAT-1,1,Naοve_CD4_T_cells_helpers,,True
ATTTAGCCAAGGTACG-1,4,Cytotoxic_T_cell,,True
ATTTAGCCAAGTTATC-1,2,T_cells_general_cd4 ambigouus,,False
ATTTAGCCAGCTTACA-1,1,Naοve_CD4_T_cells_helpers,,True
ATTTAGCCAGGTATTT-1,3,Naοve_CD8_T_cells,,True
ATTTAGCCAGTAATAG-1,2,T_cells_general_cd4 ambigouus,,False
ATTTAGCCATAACGGG-1,0,Monocytes_CD14,,True
ATTTAGCCATGACTAT-1,2,T_cells_general_cd4 ambigouus,,False
ATTTAGCCATTGGGAG-1,5,NK_cells,,True
ATTTAGCCATTTGCTC-1,1,Naοve_CD4_T_cells_helpers,,True
ATTTAGGTCATGCAAC-1,1,Naοve_CD4_T_cells_helpers,,True
ATTTAGGTCGGCTATG-1,1,Naοve_CD4_T_cells_helpers,,True
ATTTAGGTCTCACTAT-1,0,Monocytes_CD14,,True
ATTTGCAAGCACTTGG-1,1,Naοve_CD4_T_cells_helpers,,True
ATTTGCAAGCCTGTGA-1,0,Monocytes_CD14,,True
ATTTGCAAGGACTAAG-1,0,Monocytes_CD14,,True
ATTTGCAAGGCAATAG-1,0,Monocytes_CD14,,True
ATTTGCAAGGCTGTGC-1,5,NK_cells,,True
ATTTGCAAGTGCACGC-1,0,Monocytes_CD14,,True
ATTTGCGCAAGATTCT-1,2,T_cells_general_cd4 ambigouus,,False
ATTTGCGCAATTAGGA-1,1,Naοve_CD4_T_cells_helpers,,True
ATTTGCGCACATAGCC-1,0,Monocytes_CD14,,True
ATTTGCGCACTTAACG-1,1,Naοve_CD4_T_cells_helpers,,True
ATTTGCGCAGGCTTGT-1,5,NK_cells,,True
ATTTGCGCAGTAGCCT-1,0,Monocytes_CD14,,True
ATTTGCGCAGTCTATG-1,0,Monocytes_CD14,,True
ATTTGTGAGCAAGATG-1,2,T_cells_general_cd4 ambigouus,,False
ATTTGTGAGCGCTCAA-1,3,Naοve_CD8_T_cells,,True
ATTTGTGAGCTAGAAG-1,1,Naοve_CD4_T_cells_helpers,,True
ATTTGTGAGGCAATAG-1,3,Naοve_CD8_T_cells,,True
ATTTGTGAGTCGCAAT-1,4,Cytotoxic_T_cell,,True
ATTTGTGAGTGAACCT-1,3,Naοve_CD8_T_cells,,True
CAAACAACAGGCTACT-1,3,Naοve_CD8_T_cells,,True
CAAACAACAGTCTAAT-1,3,Naοve_CD8_T_cells,,True
CAAACAACATAAAGCA-1,4,Cytotoxic_T_cell,,True
CAAACAACATCCATCT-1,5,NK_cells,,True
CAAACAACATGACTAT-1,2,T_cells_general_cd4 ambigouus,,False
CAAACACTCCATCAGG-1,7,Non_classical_Monocytes,,True
CAAACACTCCCTCATA-1,0,Monocytes_CD14,,True
CAAACATGTACCGTAA-1,6,Memory_B_cells,,True
CAAACATGTGGTTATG-1,2,T_cells_general_cd4 ambigouus,,False
CAAACATGTGTTTGTC-1,5,NK_cells,,True
CAAACATGTTTAACCC-1,2,T_cells_general_cd4 ambigouus,,False
CAAACATGTTTGCGCC-1,0,Monocytes_CD14,,True
CAAACCGTCACTTTAC-1,5,NK_cells,,True
CAAACCGTCAGCATTA-1,1,Naοve_CD4_T_cells_helpers,,True
CAAACCGTCATCACTT-1,1,Naοve_CD4_T_cells_helpers,,True
CAAACCGTCATCCTGC-1,2,T_cells_general_cd4 ambigouus,,False
CAAACCGTCCCGTTAC-1,2,T_cells_general_cd4 ambigouus,,False
CAAACCGTCCCTGATC-1,4,Cytotoxic_T_cell,,True
CAAACCGTCCGCAAAT-1,2,T_cells_general_cd4 ambigouus,,False
CAAACCGTCGATTATG-1,1,Naοve_CD4_T_cells_helpers,,True
CAAACCGTCTTAGTGA-1,8,Naοve_B_cells,,True
CAAACGCGTATTACCC-1,1,Naοve_CD4_T_cells_helpers,,True
CAAACGCGTCAAGACC-1,1,Naοve_CD4_T_cells_helpers,,True
CAAACGCGTCCCGGAA-1,0,Monocytes_CD14,,True
CAAACGCGTGGTTCCC-1,1,Naοve_CD4_T_cells_helpers,,True
CAAACGCGTTACATCC-1,2,T_cells_general_cd4 ambigouus,,False
CAAACGCGTTGGATCA-1,1,Naοve_CD4_T_cells_helpers,,True
CAAACGCGTTTCGCGC-1,6,Memory_B_cells,,True
CAAACTGGTACCTTAC-1,9,Dendritic cells,,True
CAAACTGGTGATTACG-1,0,Monocytes_CD14,,True
CAAACTGGTTATTGCC-1,2,T_cells_general_cd4 ambigouus,,False
CAAACTGGTTGGCCGA-1,3,Naοve_CD8_T_cells,,True
CAAAGCGCAAGCGAGC-1,0,Monocytes_CD14,,True
CAAAGCGCACACCAAC-1,2,T_cells_general_cd4 ambigouus,,False
CAAAGCGCACCCACCT-1,6,Memory_B_cells,,True
CAAAGCGCACCTCGCT-1,1,Naοve_CD4_T_cells_helpers,,True
CAAAGCGCACGAACAG-1,13,Plasma_cells,,False
CAAAGGATCATCCACC-1,3,Naοve_CD8_T_cells,,True
CAAAGGATCATGAGCT-1,0,Monocytes_CD14,,True
CAAAGGATCCACCTTA-1,0,Monocytes_CD14,,True
CAAAGGATCGTTAAGC-1,2,T_cells_general_cd4 ambigouus,,False
CAAATCATCAAGCGCC-1,3,Naοve_CD8_T_cells,,True
CAAATCATCACATTGA-1,0,Monocytes_CD14,,True
CAAATCATCACTTTAC-1,3,Naοve_CD8_T_cells,,True
CAAATCATCCATTACT-1,4,Cytotoxic_T_cell,,True
CAAATCATCCGCTAGA-1,1,Naοve_CD4_T_cells_helpers,,True
CAAATCATCCTGTTCA-1,2,T_cells_general_cd4 ambigouus,,False
CAAATCATCCTTAGGG-1,3,Naοve_CD8_T_cells,,True
CAAATCATCTCACTAT-1,2,T_cells_general_cd4 ambigouus,,False
CAAATCATCTTAGTCT-1,1,Naοve_CD4_T_cells_helpers,,True
CAACAATGTCACAAAT-1,6,Memory_B_cells,,True
CAACAATGTCCAAGAC-1,3,Naοve_CD8_T_cells,,True
CAACAATGTGGACCTG-1,1,Naοve_CD4_T_cells_helpers,,True
CAACAATGTGTGAGAG-1,0,Monocytes_CD14,,True
CAACAATGTTGCGCGA-1,1,Naοve_CD4_T_cells_helpers,,True
CAACAGGCAAACTGCC-1,10,Cytotoxic_T_NK,,False
CAACAGGCAAAGGCCA-1,0,Monocytes_CD14,,True
CAACAGGCAAGACTCC-1,7,Non_classical_Monocytes,,True
CAACAGGCAAGGTACG-1,3,Naοve_CD8_T_cells,,True
CAACAGGCAATAATGG-1,4,Cytotoxic_T_cell,,True
CAACAGGCAATAGTCT-1,0,Monocytes_CD14,,True
CAACAGGCACAAAGGT-1,1,Naοve_CD4_T_cells_helpers,,True
CAACAGGCACGAACAG-1,0,Monocytes_CD14,,True
CAACAGGCAGGCCAAA-1,1,Naοve_CD4_T_cells_helpers,,True
CAACAGGCAGTAAAGC-1,2,T_cells_general_cd4 ambigouus,,False
CAACAGGCAGTCTATG-1,0,Monocytes_CD14,,True
CAACAGGCATACTCCT-1,0,Monocytes_CD14,,True
CAACCCGCAACTGGGA-1,9,Dendritic cells,,True
CAACCCGCACAGGGAC-1,2,T_cells_general_cd4 ambigouus,,False
CAACCCGCAGAAATGC-1,9,Dendritic cells,,True
CAACCCGCAGCATTAT-1,7,Non_classical_Monocytes,,True
CAACCCGCAGTATGTT-1,0,Monocytes_CD14,,True
CAACCCGCATAATGTC-1,1,Naοve_CD4_T_cells_helpers,,True
CAACCCGCATATAACC-1,6,Memory_B_cells,,True
CAACCCTTCAAGCTAC-1,0,Monocytes_CD14,,True
CAACCCTTCAGCCAAT-1,0,Monocytes_CD14,,True
CAACCCTTCCCATAAA-1,10,Cytotoxic_T_NK,,False
CAACCCTTCCGGTTGA-1,1,Naοve_CD4_T_cells_helpers,,True
CAACCCTTCTCAATTC-1,5,NK_cells,,True
CAACCCTTCTCGACCT-1,1,Naοve_CD4_T_cells_helpers,,True
CAACCCTTCTGGCTTC-1,2,T_cells_general_cd4 ambigouus,,False
CAACCCTTCTTGAGCG-1,3,Naοve_CD8_T_cells,,True
CAACCCTTCTTGGACG-1,1,Naοve_CD4_T_cells_helpers,,True
CAACCGGGTCAAGTGC-1,2,T_cells_general_cd4 ambigouus,,False
CAACCGGGTGTGCAAC-1,7,Non_classical_Monocytes,,True
CAACTAATCCCTGGAA-1,1,Naοve_CD4_T_cells_helpers,,True
CAACTAATCGTTTCGC-1,0,Monocytes_CD14,,True
CAACTAGGTAACCAGC-1,0,Monocytes_CD14,,True
CAACTAGGTGCGCGTA-1,0,Monocytes_CD14,,True
CAACTAGGTGGATTGC-1,1,Naοve_CD4_T_cells_helpers,,True
CAACTAGGTTTAGCTC-1,0,Monocytes_CD14,,True
CAACTAGGTTTGGGTA-1,2,T_cells_general_cd4 ambigouus,,False
CAAGAACCAGAAACGT-1,1,Naοve_CD4_T_cells_helpers,,True
CAAGAACCAGTAGCCT-1,2,T_cells_general_cd4 ambigouus,,False
CAAGAACCATCCTGAA-1,4,Cytotoxic_T_cell,,True
CAAGACAAGACAGGTA-1,3,Naοve_CD8_T_cells,,True
CAAGACAAGATTGAGG-1,0,Monocytes_CD14,,True
CAAGACAAGGATAAAC-1,1,Naοve_CD4_T_cells_helpers,,True
CAAGACAAGGGCTTTG-1,8,Naοve_B_cells,,True
CAAGACAAGTAGGCGG-1,2,T_cells_general_cd4 ambigouus,,False
CAAGACAAGTTACCGG-1,4,Cytotoxic_T_cell,,True
CAAGCTAGTGTGCACG-1,0,Monocytes_CD14,,True
CAAGCTAGTTAAGGCC-1,6,Memory_B_cells,,True
CAAGGCCTCCGCCTAT-1,2,T_cells_general_cd4 ambigouus,,False
CAAGGCCTCCTAATTC-1,6,Memory_B_cells,,True
CAAGGCCTCCTGATTT-1,3,Naοve_CD8_T_cells,,True
CAAGGCCTCCTTTACG-1,0,Monocytes_CD14,,True
CAAGGCCTCTAGCGTG-1,6,Memory_B_cells,,True
CAAGGCTGTGCGCATG-1,3,Naοve_CD8_T_cells,,True
CAAGGCTGTGTTTGCT-1,2,T_cells_general_cd4 ambigouus,,False
CAAGGCTGTTTAGCGA-1,6,Memory_B_cells,,True
CAAGGGAGTAATCCCT-1,0,Monocytes_CD14,,True
CAAGGGAGTTAGTACG-1,9,Dendritic cells,,True
CAAGGTAAGCATGCAT-1,5,NK_cells,,True
CAAGGTAAGCCACATG-1,3,Naοve_CD8_T_cells,,True
CAAGGTAAGGCGCACT-1,1,Naοve_CD4_T_cells_helpers,,True
CAAGGTAAGTCATTTC-1,2,T_cells_general_cd4 ambigouus,,False
CAAGGTAAGTTGTCAA-1,0,Monocytes_CD14,,True
CAAGGTTTCAGAAACG-1,5,NK_cells,,True
CAAGGTTTCCTTGCGT-1,0,Monocytes_CD14,,True
CAAGGTTTCTACTAAG-1,1,Naοve_CD4_T_cells_helpers,,True
CAAGTAACAACAGGAT-1,9,Dendritic cells,,True
CAAGTAACAATCCTGA-1,2,T_cells_general_cd4 ambigouus,,False
CAAGTAACACAACAGG-1,4,Cytotoxic_T_cell,,True
CAAGTAACACTGGCTG-1,0,Monocytes_CD14,,True
CAAGTAACAGAGGCTA-1,0,Monocytes_CD14,,True
CAAGTAACAGGAACAT-1,0,Monocytes_CD14,,True
CAAGTAACAGTATGTT-1,0,Monocytes_CD14,,True
CAAGTAACAGTTTGTG-1,2,T_cells_general_cd4 ambigouus,,False
CAAGTAACATACTCCT-1,0,Monocytes_CD14,,True
CAAGTAACATGTCAAT-1,0,Monocytes_CD14,,True
CAAGTAACATTGTGTG-1,6,Memory_B_cells,,True
CAAGTATGTATTGTGG-1,2,T_cells_general_cd4 ambigouus,,False
CAAGTATGTCTTTATG-1,0,Monocytes_CD14,,True
CAAGTATGTGCTGTAA-1,10,Cytotoxic_T_NK,,False
CAAGTATGTGGACCTG-1,0,Monocytes_CD14,,True
CAAGTATGTGGAGCAA-1,8,Naοve_B_cells,,True
CAAGTATGTTCATTTG-1,0,Monocytes_CD14,,True
CAAGTATGTTTGGCGG-1,3,Naοve_CD8_T_cells,,True
CAAGTGAAGAAGCTAG-1,2,T_cells_general_cd4 ambigouus,,False
CAAGTGAAGCACCACA-1,2,T_cells_general_cd4 ambigouus,,False
CAAGTGAAGCACTTGG-1,3,Naοve_CD8_T_cells,,True
CAAGTGAAGCGTGCAC-1,1,Naοve_CD4_T_cells_helpers,,True
CAAGTGAAGCTGTCAG-1,4,Cytotoxic_T_cell,,True
CAAGTGAAGGCTACTG-1,4,Cytotoxic_T_cell,,True
CAAGTGAAGGGCCACT-1,6,Memory_B_cells,,True
CAAGTGAAGGTGCTGC-1,1,Naοve_CD4_T_cells_helpers,,True
CAAGTGAAGTTGTCTT-1,3,Naοve_CD8_T_cells,,True
CAAGTTATCCGCACAA-1,0,Monocytes_CD14,,True
CAAGTTATCCGGCTAA-1,7,Non_classical_Monocytes,,True
CAAGTTATCTGTGCAG-1,2,T_cells_general_cd4 ambigouus,,False
CAATAAGCAAGCCAGA-1,1,Naοve_CD4_T_cells_helpers,,True
CAATAAGCAATAGCCC-1,2,T_cells_general_cd4 ambigouus,,False
CAATAAGCAATGAAGC-1,2,T_cells_general_cd4 ambigouus,,False
CAATAAGCACCAACCG-1,1,Naοve_CD4_T_cells_helpers,,True
CAATAAGCACCTAATG-1,7,Non_classical_Monocytes,,True
CAATAAGCACGAACAG-1,3,Naοve_CD8_T_cells,,True
CAATAAGCACGTGCTG-1,0,Monocytes_CD14,,True
CAATAAGCAGCTTAGC-1,8,Naοve_B_cells,,True
CAATAAGCATAGACCC-1,0,Monocytes_CD14,,True
CAATAAGCATCAGTAT-1,0,Monocytes_CD14,,True
CAATAGCTCCTAAATG-1,4,Cytotoxic_T_cell,,True
CAATAGCTCCTGGTGA-1,1,Naοve_CD4_T_cells_helpers,,True
CAATATGTCAAACACC-1,0,Monocytes_CD14,,True
CAATATGTCACAGGAA-1,10,Cytotoxic_T_NK,,False
CAATATGTCAGTTCCC-1,7,Non_classical_Monocytes,,True
CAATATGTCCAGGAAA-1,0,Monocytes_CD14,,True
CAATATGTCCGCATGA-1,0,Monocytes_CD14,,True
CAATATGTCCGCCAAA-1,8,Naοve_B_cells,,True
CAATATGTCGCTTCTA-1,3,Naοve_CD8_T_cells,,True
CAATCCCTCATCCTAT-1,0,Monocytes_CD14,,True
CAATCCCTCATGACCG-1,6,Memory_B_cells,,True
CAATCCCTCATGCCTC-1,2,T_cells_general_cd4 ambigouus,,False
CAATCCCTCTAACCTT-1,7,Non_classical_Monocytes,,True
CAATCCCTCTAGCGAT-1,1,Naοve_CD4_T_cells_helpers,,True
CAATCCTGTATTGCAG-1,3,Naοve_CD8_T_cells,,True
CAATCCTGTATTGTCC-1,2,T_cells_general_cd4 ambigouus,,False
CAATCCTGTCATAACG-1,4,Cytotoxic_T_cell,,True
CAATCCTGTCGTTACT-1,5,NK_cells,,True
CAATCGCCAATAACCT-1,4,Cytotoxic_T_cell,,True
CAATCGCCACAGCCAT-1,3,Naοve_CD8_T_cells,,True
CAATCGCCACCATATG-1,0,Monocytes_CD14,,True
CAATCGCCAGTAGCCT-1,3,Naοve_CD8_T_cells,,True
CAATCGCCATTCCTCG-1,2,T_cells_general_cd4 ambigouus,,False
CAATCTAAGCTAAGTC-1,1,Naοve_CD4_T_cells_helpers,,True
CAATCTAAGGTGTTAC-1,1,Naοve_CD4_T_cells_helpers,,True
CAATCTAAGTCACCTC-1,3,Naοve_CD8_T_cells,,True
CAATCTAAGTCGCTAG-1,5,NK_cells,,True
CAATGAACAAAGCTCC-1,8,Naοve_B_cells,,True
CAATGAACAAGTTATC-1,3,Naοve_CD8_T_cells,,True
CAATGAACACCCTCAC-1,2,T_cells_general_cd4 ambigouus,,False
CAATGAACATAAGGAC-1,2,T_cells_general_cd4 ambigouus,,False
CAATGACTCAAACCGT-1,8,Naοve_B_cells,,True
CAATGACTCCTAGTTT-1,0,Monocytes_CD14,,True
CAATGACTCGGTCATG-1,8,Naοve_B_cells,,True
CAATGACTCGGTTCCT-1,0,Monocytes_CD14,,True
CAATGACTCTAAGTCA-1,1,Naοve_CD4_T_cells_helpers,,True
CAATGACTCTCGCCCA-1,9,Dendritic cells,,True
CAATGACTCTGTAAGC-1,2,T_cells_general_cd4 ambigouus,,False
CAATGACTCTTGGATA-1,1,Naοve_CD4_T_cells_helpers,,True
CAATGCCCAAACTCAT-1,3,Naοve_CD8_T_cells,,True
CAATGCCCAAACTGCC-1,3,Naοve_CD8_T_cells,,True
CAATGCCCAAAGCCTC-1,2,T_cells_general_cd4 ambigouus,,False
CAATGCCCAGAAATGC-1,3,Naοve_CD8_T_cells,,True
CAATGCCCATGTTTGG-1,0,Monocytes_CD14,,True
CAATGCCCATTAGGTT-1,0,Monocytes_CD14,,True
CAATGTCAGTTAGGCT-1,8,Naοve_B_cells,,True
CAATGTGGTAACTACG-1,9,Dendritic cells,,True
CAATGTGGTAAGGTCC-1,0,Monocytes_CD14,,True
CAATGTGGTTTAACGG-1,4,Cytotoxic_T_cell,,True
CACAAGCGTAAACAAG-1,0,Monocytes_CD14,,True
CACAAGCGTCGACTCC-1,0,Monocytes_CD14,,True
CACAAGCGTGAATCGC-1,3,Naοve_CD8_T_cells,,True
CACAAGCGTGACATAT-1,2,T_cells_general_cd4 ambigouus,,False
CACAAGCGTGCCTCAC-1,4,Cytotoxic_T_cell,,True
CACAAGCGTTACAAAC-1,3,Naοve_CD8_T_cells,,True
CACAAGCGTTACGCGG-1,9,Dendritic cells,,True
CACAAGCGTTCAAGAT-1,0,Monocytes_CD14,,True
CACAAGCGTTGCTGGG-1,7,Non_classical_Monocytes,,True
CACAATATCCCTGTTA-1,2,T_cells_general_cd4 ambigouus,,False
CACAATATCGTCAAGT-1,5,NK_cells,,True
CACAATATCTAGCGTG-1,4,Cytotoxic_T_cell,,True
CACAATATCTCAATAG-1,1,Naοve_CD4_T_cells_helpers,,True
CACAGGCTCATGTCAA-1,4,Cytotoxic_T_cell,,True
CACAGGCTCCTGGTCT-1,0,Monocytes_CD14,,True
CACAGGGAGCCAGTAT-1,3,Naοve_CD8_T_cells,,True
CACAGGGAGGTAAGCA-1,3,Naοve_CD8_T_cells,,True
CACAGGGAGTACTGGT-1,2,T_cells_general_cd4 ambigouus,,False
CACAGGGAGTAGGCGG-1,0,Monocytes_CD14,,True
CACAGGGAGTCCTTCA-1,2,T_cells_general_cd4 ambigouus,,False
CACATAATCAAGCTAC-1,13,Plasma_cells,,False
CACATAATCAATAGCC-1,6,Memory_B_cells,,True
CACATAATCATTGTTC-1,1,Naοve_CD4_T_cells_helpers,,True
CACATAATCGTCCTTA-1,2,T_cells_general_cd4 ambigouus,,False
CACATAATCTCACTAT-1,0,Monocytes_CD14,,True
CACATACAGAAAGGAA-1,2,T_cells_general_cd4 ambigouus,,False
CACATACAGAACCTGT-1,1,Naοve_CD4_T_cells_helpers,,True
CACATACAGCTATATG-1,3,Naοve_CD8_T_cells,,True
CACATACAGGCATGAA-1,4,Cytotoxic_T_cell,,True
CACATACAGGGACTAA-1,0,Monocytes_CD14,,True
CACATACAGTAACCAC-1,2,T_cells_general_cd4 ambigouus,,False
CACATACAGTATCGCG-1,0,Monocytes_CD14,,True
CACATACAGTGTGATC-1,0,Monocytes_CD14,,True
CACATGCCAAGCTTTG-1,0,Monocytes_CD14,,True
CACATGCCACCTCGCT-1,0,Monocytes_CD14,,True
CACATTAAGCATCCAG-1,0,Monocytes_CD14,,True
CACATTAAGCTAAAGG-1,0,Monocytes_CD14,,True
CACATTAAGCTTAACA-1,3,Naοve_CD8_T_cells,,True
CACATTAAGGCGCACT-1,2,T_cells_general_cd4 ambigouus,,False
CACATTAAGGCGCATC-1,0,Monocytes_CD14,,True
CACATTAAGTCCTGAG-1,4,Cytotoxic_T_cell,,True
CACATTAAGTCGCAAT-1,1,Naοve_CD4_T_cells_helpers,,True
CACATTAAGTTAGAGG-1,0,Monocytes_CD14,,True
CACATTAAGTTAGCTA-1,0,Monocytes_CD14,,True
CACCAACCAAGCTAAA-1,2,T_cells_general_cd4 ambigouus,,False
CACCAACCACAACAAA-1,7,Non_classical_Monocytes,,True
CACCAACCACTGGCTG-1,4,Cytotoxic_T_cell,,True
CACCGGTAGACTTACA-1,0,Monocytes_CD14,,True
CACCGGTAGCATCCAG-1,1,Naοve_CD4_T_cells_helpers,,True
CACCGGTAGGACCAGG-1,7,Non_classical_Monocytes,,True
CACCGGTAGTCATGCG-1,2,T_cells_general_cd4 ambigouus,,False
CACCGGTAGTTAGTTG-1,0,Monocytes_CD14,,True
CACCTCAGTAGGATTT-1,7,Non_classical_Monocytes,,True
CACCTCAGTATTGTGG-1,1,Naοve_CD4_T_cells_helpers,,True
CACCTCAGTCACAGCG-1,10,Cytotoxic_T_NK,,False
CACCTCAGTGTGCAAC-1,4,Cytotoxic_T_cell,,True
CACCTCAGTTCGGGAT-1,1,Naοve_CD4_T_cells_helpers,,True
CACCTGTTCAATACGC-1,0,Monocytes_CD14,,True
CACCTGTTCACACAGT-1,2,T_cells_general_cd4 ambigouus,,False
CACCTGTTCAGCACGC-1,4,Cytotoxic_T_cell,,True
CACCTGTTCCAGGTTG-1,7,Non_classical_Monocytes,,True
CACCTGTTCCTCCATA-1,4,Cytotoxic_T_cell,,True
CACCTGTTCCTTCAAT-1,0,Monocytes_CD14,,True
CACCTGTTCGGTTACG-1,0,Monocytes_CD14,,True
CACCTGTTCGTTTCTG-1,2,T_cells_general_cd4 ambigouus,,False
CACGCAATCAAAGGCA-1,4,Cytotoxic_T_cell,,True
CACGCAATCAGTATTG-1,2,T_cells_general_cd4 ambigouus,,False
CACGCAATCGGTTTGG-1,5,NK_cells,,True
CACGCAATCGTAACGT-1,0,Monocytes_CD14,,True
CACGCAATCTCACTAT-1,3,Naοve_CD8_T_cells,,True
CACGCAATCTGTGCCT-1,2,T_cells_general_cd4 ambigouus,,False
CACGCTAAGACAACAG-1,3,Naοve_CD8_T_cells,,True
CACGCTAAGCGATAAG-1,4,Cytotoxic_T_cell,,True
CACGCTAAGTTACCGG-1,0,Monocytes_CD14,,True
CACGCTAAGTTAGCCG-1,0,Monocytes_CD14,,True
CACTAAGGTCCGCTGT-1,1,Naοve_CD4_T_cells_helpers,,True
CACTAGCCAATAATGG-1,3,Naοve_CD8_T_cells,,True
CACTAGCCACAGAACG-1,0,Monocytes_CD14,,True
CACTAGCCAGCAACCT-1,1,Naοve_CD4_T_cells_helpers,,True
CACTAGCCATTGCGGT-1,0,Monocytes_CD14,,True
CACTGACCAACTAGGG-1,3,Naοve_CD8_T_cells,,True
CACTGACCACGTAATT-1,2,T_cells_general_cd4 ambigouus,,False
CACTGACCACTGGCCA-1,3,Naοve_CD8_T_cells,,True
CACTGACCAGGACCAA-1,0,Monocytes_CD14,,True
CACTGACCATCAATCG-1,0,Monocytes_CD14,,True
CACTTAAAGCACAGAA-1,1,Naοve_CD4_T_cells_helpers,,True
CACTTAAAGGTGAAAT-1,2,T_cells_general_cd4 ambigouus,,False
CACTTTGTCACACAGT-1,7,Non_classical_Monocytes,,True
CAGAACCGTATTACCC-1,0,Monocytes_CD14,,True
CAGAACCGTGCAATAT-1,1,Naοve_CD4_T_cells_helpers,,True
CAGAACCGTTAGCCAA-1,2,T_cells_general_cd4 ambigouus,,False
CAGAATCTCAGAAACG-1,3,Naοve_CD8_T_cells,,True
CAGAATCTCAGCCAAT-1,4,Cytotoxic_T_cell,,True
CAGAATCTCAGGAAGC-1,1,Naοve_CD4_T_cells_helpers,,True
CAGAATCTCGTTCACC-1,2,T_cells_general_cd4 ambigouus,,False
CAGAATCTCTCCATGC-1,1,Naοve_CD4_T_cells_helpers,,True
CAGATTCAGATGGACA-1,0,Monocytes_CD14,,True
CAGCAAGCAATCCTAG-1,3,Naοve_CD8_T_cells,,True
CAGCATGTCACGCATG-1,3,Naοve_CD8_T_cells,,True
CAGCATGTCATAACCA-1,1,Naοve_CD4_T_cells_helpers,,True
CAGCATGTCCTCATGC-1,0,Monocytes_CD14,,True
CAGCATTAGCCTTAAA-1,6,Memory_B_cells,,True
CAGCATTAGCGAGCGA-1,0,Monocytes_CD14,,True
CAGCATTAGTCGCAAT-1,4,Cytotoxic_T_cell,,True
CAGCATTAGTGAACCT-1,1,Naοve_CD4_T_cells_helpers,,True
CAGCCAATCCCATAGG-1,2,T_cells_general_cd4 ambigouus,,False
CAGCCAATCGTTAGTA-1,7,Non_classical_Monocytes,,True
CAGCCAATCTGCAACG-1,3,Naοve_CD8_T_cells,,True
CAGCCAATCTTTGACT-1,1,Naοve_CD4_T_cells_helpers,,True
CAGCCTAAGCTATGAC-1,2,T_cells_general_cd4 ambigouus,,False
CAGCCTAAGCTCCTTA-1,0,Monocytes_CD14,,True
CAGCCTAAGGCCTGGT-1,0,Monocytes_CD14,,True
CAGCCTAAGGTTTGAC-1,8,Naοve_B_cells,,True
CAGCCTAAGTTTAACG-1,6,Memory_B_cells,,True
CAGCCTTTCATGAGCT-1,1,Naοve_CD4_T_cells_helpers,,True
CAGCCTTTCTCACAAA-1,0,Monocytes_CD14,,True
CAGCTAAGTGACCTGG-1,0,Monocytes_CD14,,True
CAGCTAAGTGTGCACG-1,0,Monocytes_CD14,,True
CAGCTAAGTTGCTGGG-1,2,T_cells_general_cd4 ambigouus,,False
CAGCTAAGTTGCTTCG-1,3,Naοve_CD8_T_cells,,True
CAGCTAAGTTGTAACG-1,0,Monocytes_CD14,,True
CAGCTATAGCCAGTAT-1,0,Monocytes_CD14,,True
CAGCTATAGCTCCCTG-1,3,Naοve_CD8_T_cells,,True
CAGCTATAGCTGGCTA-1,0,Monocytes_CD14,,True
CAGCTATAGCTTAGTA-1,0,Monocytes_CD14,,True
CAGCTATAGGCAACAA-1,0,Monocytes_CD14,,True
CAGCTATAGGGTTATC-1,2,T_cells_general_cd4 ambigouus,,False
CAGCTATAGTACTGGT-1,7,Non_classical_Monocytes,,True
CAGCTATAGTAGCTTA-1,4,Cytotoxic_T_cell,,True
CAGCTATAGTGAGCAA-1,3,Naοve_CD8_T_cells,,True
CAGCTATAGTGATTCA-1,0,Monocytes_CD14,,True
CAGCTATAGTTGGCCA-1,0,Monocytes_CD14,,True
CAGCTATAGTTGTCCC-1,7,Non_classical_Monocytes,,True
CAGCTCAAGAACCTAC-1,0,Monocytes_CD14,,True
CAGCTCAAGCCTGGTA-1,3,Naοve_CD8_T_cells,,True
CAGCTCAAGGGTGAAC-1,0,Monocytes_CD14,,True
CAGCTCAAGTGAACCT-1,2,T_cells_general_cd4 ambigouus,,False
CAGGAAGGTAACGTGC-1,4,Cytotoxic_T_cell,,True
CAGGAAGGTAATGACT-1,6,Memory_B_cells,,True
CAGGAAGGTACCCACC-1,6,Memory_B_cells,,True
CAGGAAGGTCATCAAG-1,1,Naοve_CD4_T_cells_helpers,,True
CAGGAAGGTGAACAAA-1,6,Memory_B_cells,,True
CAGGAAGGTTAATCGG-1,0,Monocytes_CD14,,True
CAGGAAGGTTATCCTA-1,2,T_cells_general_cd4 ambigouus,,False
CAGGAAGGTTCTTTAG-1,2,T_cells_general_cd4 ambigouus,,False
CAGGAAGGTTGCACAA-1,6,Memory_B_cells,,True
CAGGAAGGTTGTAACG-1,2,T_cells_general_cd4 ambigouus,,False
CAGGACACAACAGGAT-1,5,NK_cells,,True
CAGGACACAACCCTAA-1,3,Naοve_CD8_T_cells,,True
CAGGACACAATTTAGC-1,0,Monocytes_CD14,,True
CAGGACACACTAAATC-1,0,Monocytes_CD14,,True
CAGGACACACTTAGGC-1,0,Monocytes_CD14,,True
CAGGACACAGGCCTTG-1,0,Monocytes_CD14,,True
CAGGACACAGGGAGGA-1,1,Naοve_CD4_T_cells_helpers,,True
CAGGACACAGTTTCTC-1,2,T_cells_general_cd4 ambigouus,,False
CAGGACACATGAATCT-1,0,Monocytes_CD14,,True
CAGGACACATTGACAT-1,0,Monocytes_CD14,,True
CAGGACACATTTGCTC-1,0,Monocytes_CD14,,True
CAGGACCTCACGTTAA-1,1,Naοve_CD4_T_cells_helpers,,True
CAGGACCTCATAACTG-1,8,Naοve_B_cells,,True
CAGGACCTCCAAGTTA-1,5,NK_cells,,True
CAGGACCTCCCGTTTA-1,0,Monocytes_CD14,,True
CAGGACCTCGCAGGCT-1,5,NK_cells,,True
CAGGACCTCGCTCACT-1,1,Naοve_CD4_T_cells_helpers,,True
CAGGACCTCTCACACC-1,0,Monocytes_CD14,,True
CAGGATGCACATACTG-1,2,T_cells_general_cd4 ambigouus,,False
CAGGATGCAGAAATTG-1,1,Naοve_CD4_T_cells_helpers,,True
CAGGATGCATCCTGAA-1,0,Monocytes_CD14,,True
CAGGCTATCACCGGTA-1,0,Monocytes_CD14,,True
CAGGCTATCAGGAACA-1,1,Naοve_CD4_T_cells_helpers,,True
CAGGCTATCCCGCCTA-1,0,Monocytes_CD14,,True
CAGGCTATCCTGGTCT-1,2,T_cells_general_cd4 ambigouus,,False
CAGGCTATCGAAGTAG-1,2,T_cells_general_cd4 ambigouus,,False
CAGGCTATCGTTAAGC-1,1,Naοve_CD4_T_cells_helpers,,True
CAGGCTATCTTACTCG-1,8,Naοve_B_cells,,True
CAGGCTGGTAATGACT-1,0,Monocytes_CD14,,True
CAGGCTGGTACGCGCA-1,8,Naοve_B_cells,,True
CAGGCTGGTCACAAAT-1,4,Cytotoxic_T_cell,,True
CAGGCTGGTCGCAAAC-1,0,Monocytes_CD14,,True
CAGGCTGGTTAGCAGC-1,2,T_cells_general_cd4 ambigouus,,False
CAGGCTGGTTCACTGT-1,0,Monocytes_CD14,,True
CAGGCTGGTTTGTCTA-1,1,Naοve_CD4_T_cells_helpers,,True
CAGGGCTTCAATGACC-1,3,Naοve_CD8_T_cells,,True
CAGGGCTTCCAATTAG-1,1,Naοve_CD4_T_cells_helpers,,True
CAGGGCTTCCCATAGG-1,3,Naοve_CD8_T_cells,,True
CAGGGCTTCCCGAACA-1,0,Monocytes_CD14,,True
CAGGGCTTCGCTTCTA-1,3,Naοve_CD8_T_cells,,True
CAGGGCTTCGGGACTC-1,4,Cytotoxic_T_cell,,True
CAGGGTGAGGCGGGTA-1,4,Cytotoxic_T_cell,,True
CAGGTCCAGCACAGGG-1,0,Monocytes_CD14,,True
CAGGTCCAGCTTAACA-1,1,Naοve_CD4_T_cells_helpers,,True
CAGGTCCAGGCAATAG-1,0,Monocytes_CD14,,True
CAGGTCCAGTTGGATC-1,2,T_cells_general_cd4 ambigouus,,False
CAGGTCCAGTTTGGGT-1,4,Cytotoxic_T_cell,,True
CAGGTGGAGCTTATGA-1,3,Naοve_CD8_T_cells,,True
CAGGTGGAGGACAACA-1,2,T_cells_general_cd4 ambigouus,,False
CAGGTGGAGGAGCAAC-1,3,Naοve_CD8_T_cells,,True
CAGGTGGAGGAGCACG-1,12,Stress_response,,False
CAGGTGGAGGCGCACT-1,7,Non_classical_Monocytes,,True
CAGGTGGAGTTAGACC-1,5,NK_cells,,True
CAGGTTAGTACCCACC-1,0,Monocytes_CD14,,True
CAGGTTAGTAGGATTT-1,2,T_cells_general_cd4 ambigouus,,False
CAGGTTAGTATTGAGT-1,7,Non_classical_Monocytes,,True
CAGGTTAGTCCAAATG-1,3,Naοve_CD8_T_cells,,True
CAGGTTAGTCCCGAAG-1,2,T_cells_general_cd4 ambigouus,,False
CAGGTTAGTTCCTCCT-1,0,Monocytes_CD14,,True
CAGGTTTAGAATCGCT-1,0,Monocytes_CD14,,True
CAGGTTTAGCCAAATC-1,3,Naοve_CD8_T_cells,,True
CAGGTTTAGCTTAGTA-1,5,NK_cells,,True
CAGGTTTAGTCGCAAT-1,3,Naοve_CD8_T_cells,,True
CAGGTTTAGTTGTCCC-1,1,Naοve_CD4_T_cells_helpers,,True
CAGTACCCAAGGTACG-1,0,Monocytes_CD14,,True
CAGTACCCACTCAACA-1,0,Monocytes_CD14,,True
CAGTATGGTATGTGGC-1,2,T_cells_general_cd4 ambigouus,,False
CAGTATGGTATTTGGG-1,0,Monocytes_CD14,,True
CAGTATGGTCATGAGC-1,4,Cytotoxic_T_cell,,True
CAGTATGGTCCGTAGG-1,6,Memory_B_cells,,True
CAGTATGGTCTTTATG-1,0,Monocytes_CD14,,True
CAGTATGGTGCCGCAA-1,7,Non_classical_Monocytes,,True
CATAACGGTCGCATAA-1,10,Cytotoxic_T_NK,,False
CATAAGCTCAAAGGCA-1,0,Monocytes_CD14,,True
CATAAGCTCAGCACCA-1,2,T_cells_general_cd4 ambigouus,,False
CATAAGCTCTAGCGTG-1,1,Naοve_CD4_T_cells_helpers,,True
CATAAGCTCTCGCCTG-1,1,Naοve_CD4_T_cells_helpers,,True
CATAAGCTCTGTAATG-1,3,Naοve_CD8_T_cells,,True
CATAAGCTCTTAATGG-1,1,Naοve_CD4_T_cells_helpers,,True
CATAAGCTCTTGGACG-1,1,Naοve_CD4_T_cells_helpers,,True
CATAATCCAATCGCAC-1,10,Cytotoxic_T_NK,,False
CATAATCCAATTATGC-1,1,Naοve_CD4_T_cells_helpers,,True
CATAATCCAGTTAAAG-1,4,Cytotoxic_T_cell,,True
CATAATGTCAGGTTTA-1,0,Monocytes_CD14,,True
CATAATGTCCTTCAAT-1,4,Cytotoxic_T_cell,,True
CATAATGTCTAAGGAG-1,0,Monocytes_CD14,,True
CATAATGTCTAAGGTC-1,5,NK_cells,,True
CATAGACTCAGCACCA-1,4,Cytotoxic_T_cell,,True
CATAGACTCAGCACGC-1,0,Monocytes_CD14,,True
CATAGACTCCGCAACA-1,0,Monocytes_CD14,,True
CATAGACTCCTCACTA-1,6,Memory_B_cells,,True
CATAGACTCTAAGGAG-1,2,T_cells_general_cd4 ambigouus,,False
CATAGACTCTCACTCA-1,2,T_cells_general_cd4 ambigouus,,False
CATAGACTCTTGAGGT-1,2,T_cells_general_cd4 ambigouus,,False
CATAGACTCTTGTCCA-1,4,Cytotoxic_T_cell,,True
CATAGCTAGCAAGACA-1,2,T_cells_general_cd4 ambigouus,,False
CATAGCTAGCCATCAG-1,2,T_cells_general_cd4 ambigouus,,False
CATAGCTAGCCTGGTA-1,2,T_cells_general_cd4 ambigouus,,False
CATAGCTAGGTCGAGG-1,1,Naοve_CD4_T_cells_helpers,,True
CATAGCTAGTATCGCG-1,1,Naοve_CD4_T_cells_helpers,,True
CATAGCTAGTATGTGC-1,0,Monocytes_CD14,,True
CATAGCTAGTGGCGGA-1,5,NK_cells,,True
CATAGGCGTATTGTGG-1,1,Naοve_CD4_T_cells_helpers,,True
CATAGGCGTGATGATT-1,1,Naοve_CD4_T_cells_helpers,,True
CATAGGCGTTAGGATT-1,7,Non_classical_Monocytes,,True
CATAGGCGTTCCGGGA-1,2,T_cells_general_cd4 ambigouus,,False
CATAGGCGTTCGGTAA-1,4,Cytotoxic_T_cell,,True
CATAGGCGTTTATCGC-1,3,Naοve_CD8_T_cells,,True
CATAGGTTCAGAAACG-1,0,Monocytes_CD14,,True
CATAGGTTCAGGAAGC-1,5,NK_cells,,True
CATAGGTTCATTACAG-1,3,Naοve_CD8_T_cells,,True
CATAGGTTCCCTGATC-1,3,Naοve_CD8_T_cells,,True
CATAGGTTCCTTTACG-1,3,Naοve_CD8_T_cells,,True
CATAGGTTCGAGGAAC-1,0,Monocytes_CD14,,True
CATAGGTTCGCAACAT-1,4,Cytotoxic_T_cell,,True
CATAGGTTCTGTGAGT-1,1,Naοve_CD4_T_cells_helpers,,True
CATAGGTTCTTAGGGT-1,4,Cytotoxic_T_cell,,True
CATATCGCAAACTCAT-1,3,Naοve_CD8_T_cells,,True
CATATCGCAACAGGAT-1,4,Cytotoxic_T_cell,,True
CATATCGCAATAGTCT-1,0,Monocytes_CD14,,True
CATATCGCACAAGCCT-1,11,pDC,,False
CATATCGCATAGCTTG-1,7,Non_classical_Monocytes,,True
CATATCGCATCCATCT-1,3,Naοve_CD8_T_cells,,True
CATATCGCATGCTCCC-1,1,Naοve_CD4_T_cells_helpers,,True
CATATCGCATGTTGGC-1,3,Naοve_CD8_T_cells,,True
CATATCGCATTGACAT-1,0,Monocytes_CD14,,True
CATATCGCATTGCAGC-1,9,Dendritic cells,,True
CATATCGCATTGTTGG-1,2,T_cells_general_cd4 ambigouus,,False
CATCAATCAATGAATG-1,1,Naοve_CD4_T_cells_helpers,,True
CATCAATCATAATCAC-1,2,T_cells_general_cd4 ambigouus,,False
CATCAATCATGCTCCC-1,2,T_cells_general_cd4 ambigouus,,False
CATCACACACAAAGCG-1,0,Monocytes_CD14,,True
CATCACACATTAAACC-1,4,Cytotoxic_T_cell,,True
CATCAGCCAACTAACT-1,1,Naοve_CD4_T_cells_helpers,,True
CATCAGCCAAGACTCC-1,2,T_cells_general_cd4 ambigouus,,False
CATCAGCCACTCAACA-1,0,Monocytes_CD14,,True
CATCAGCCAGGTATTT-1,2,T_cells_general_cd4 ambigouus,,False
CATCAGCCAGGTTACC-1,0,Monocytes_CD14,,True
CATCAGCCATTAAGTC-1,2,T_cells_general_cd4 ambigouus,,False
CATCATAAGACACTTA-1,4,Cytotoxic_T_cell,,True
CATCATAAGCATTTCT-1,1,Naοve_CD4_T_cells_helpers,,True
CATCATAAGCTAATCA-1,4,Cytotoxic_T_cell,,True
CATCATAAGGATCACT-1,2,T_cells_general_cd4 ambigouus,,False
CATCATGCAAACGCGA-1,6,Memory_B_cells,,True
CATCATGCAAGCTTTG-1,1,Naοve_CD4_T_cells_helpers,,True
CATCATGCAATGCCCG-1,0,Monocytes_CD14,,True
CATCATGCACCCACAG-1,4,Cytotoxic_T_cell,,True
CATCATGCACTTGTTC-1,0,Monocytes_CD14,,True
CATCCCAGTAAGTCGC-1,2,T_cells_general_cd4 ambigouus,,False
CATCCCAGTCAATAGT-1,3,Naοve_CD8_T_cells,,True
CATCCCAGTCTCAGCC-1,6,Memory_B_cells,,True
CATCCCAGTGCTCCGT-1,0,Monocytes_CD14,,True
CATCCCAGTGTTAGCA-1,3,Naοve_CD8_T_cells,,True
CATCCTCAGGACCGCT-1,0,Monocytes_CD14,,True
CATCCTCAGGAGCAAC-1,8,Naοve_B_cells,,True
CATCCTCAGGAGCACG-1,3,Naοve_CD8_T_cells,,True
CATCCTCAGGTGTTAC-1,2,T_cells_general_cd4 ambigouus,,False
CATCCTGGTAGTTAAC-1,3,Naοve_CD8_T_cells,,True
CATCCTGGTCCGCTGT-1,10,Cytotoxic_T_NK,,False
CATCCTGGTTGGATAT-1,0,Monocytes_CD14,,True
CATCCTGGTTTAGTCC-1,9,Dendritic cells,,True
CATCCTTCAAATACCT-1,1,Naοve_CD4_T_cells_helpers,,True
CATCCTTCAGCAACCT-1,0,Monocytes_CD14,,True
CATCCTTCATCCAGGT-1,1,Naοve_CD4_T_cells_helpers,,True
CATCCTTCATGTCGCG-1,0,Monocytes_CD14,,True
CATCGCTTCCTCAGTC-1,2,T_cells_general_cd4 ambigouus,,False
CATCGCTTCCTTAAGA-1,7,Non_classical_Monocytes,,True
CATCGCTTCGCAAACT-1,4,Cytotoxic_T_cell,,True
CATCGCTTCGGCTATG-1,4,Cytotoxic_T_cell,,True
CATCGCTTCGTAACGT-1,1,Naοve_CD4_T_cells_helpers,,True
CATCGCTTCTTGAGCG-1,0,Monocytes_CD14,,True
CATCGCTTCTTGTCCA-1,0,Monocytes_CD14,,True
CATGAGGCAACAGCCT-1,4,Cytotoxic_T_cell,,True
CATGAGGCAACTAGCC-1,0,Monocytes_CD14,,True
CATGAGGCAAGCTTAT-1,1,Naοve_CD4_T_cells_helpers,,True
CATGAGGCAAGGGTTG-1,7,Non_classical_Monocytes,,True
CATGAGGCATAACGGG-1,10,Cytotoxic_T_NK,,False
CATGAGGCATAGACTT-1,0,Monocytes_CD14,,True
CATGAGGCATGTTGCA-1,2,T_cells_general_cd4 ambigouus,,False
CATGAGGCATTGTGCA-1,1,Naοve_CD4_T_cells_helpers,,True
CATGCAAGTTTATCTG-1,1,Naοve_CD4_T_cells_helpers,,True
CATGCAAGTTTGGGTA-1,0,Monocytes_CD14,,True
CATGCATAGCGAGTAA-1,2,T_cells_general_cd4 ambigouus,,False
CATGCATAGCTTAGCG-1,0,Monocytes_CD14,,True
CATGCATAGCTTCCCG-1,6,Memory_B_cells,,True
CATGCATAGGGCTTTG-1,1,Naοve_CD4_T_cells_helpers,,True
CATGCATAGGTGAAAT-1,1,Naοve_CD4_T_cells_helpers,,True
CATGCATAGTCATTGA-1,1,Naοve_CD4_T_cells_helpers,,True
CATGCATAGTGGACAA-1,0,Monocytes_CD14,,True
CATGCATAGTGGCGGA-1,1,Naοve_CD4_T_cells_helpers,,True
CATGCATAGTTTGGGT-1,2,T_cells_general_cd4 ambigouus,,False
CATGCGCAGATGGACA-1,0,Monocytes_CD14,,True
CATGCGCAGCGTGCGT-1,1,Naοve_CD4_T_cells_helpers,,True
CATGCGCAGGTCCGTA-1,8,Naοve_B_cells,,True
CATGCGCAGTCTTGAA-1,8,Naοve_B_cells,,True
CATGCGGGTAGCTGGT-1,7,Non_classical_Monocytes,,True
CATGCGGGTAGGATTT-1,0,Monocytes_CD14,,True
CATGCGGGTAGGTTAT-1,7,Non_classical_Monocytes,,True
CATGCGGGTGCTGGTG-1,1,Naοve_CD4_T_cells_helpers,,True
CATGCGGGTGGGAACA-1,6,Memory_B_cells,,True
CATGGCGGTAGTCAAT-1,0,Monocytes_CD14,,True
CATGGCGGTAGTTACG-1,1,Naοve_CD4_T_cells_helpers,,True
CATGGCGGTTACAACG-1,1,Naοve_CD4_T_cells_helpers,,True
CATTATCTCAATCTCT-1,1,Naοve_CD4_T_cells_helpers,,True
CATTATCTCAATGAGG-1,3,Naοve_CD8_T_cells,,True
CATTATCTCACAAGCT-1,2,T_cells_general_cd4 ambigouus,,False
CATTATCTCAGGTTTA-1,2,T_cells_general_cd4 ambigouus,,False
CATTATCTCATTATGG-1,0,Monocytes_CD14,,True
CATTATCTCCTGCGAA-1,0,Monocytes_CD14,,True
CATTATCTCGCACAAT-1,5,NK_cells,,True
CATTATCTCGCCTAAG-1,1,Naοve_CD4_T_cells_helpers,,True
CATTATGAGCAAGACA-1,2,T_cells_general_cd4 ambigouus,,False
CATTATGAGCCGCAGT-1,3,Naοve_CD8_T_cells,,True
CATTATGAGGCTACAT-1,6,Memory_B_cells,,True
CATTATGAGGGACCTC-1,2,T_cells_general_cd4 ambigouus,,False
CATTATGAGTGCACGC-1,4,Cytotoxic_T_cell,,True
CATTATGAGTTCCCAC-1,0,Monocytes_CD14,,True
CATTCATTCAAACACC-1,0,Monocytes_CD14,,True
CATTCATTCAGGCTAT-1,0,Monocytes_CD14,,True
CATTCATTCCGCAAAT-1,0,Monocytes_CD14,,True
CATTCATTCTCACTCA-1,0,Monocytes_CD14,,True
CATTCCTCAACAGGTG-1,1,Naοve_CD4_T_cells_helpers,,True
CATTCCTCAATAACCT-1,7,Non_classical_Monocytes,,True
CATTCCTCACCTCAGG-1,0,Monocytes_CD14,,True
CATTCCTCACCTGGTG-1,2,T_cells_general_cd4 ambigouus,,False
CATTCCTCAGAAATTG-1,0,Monocytes_CD14,,True
CATTCCTCAGCTAATT-1,1,Naοve_CD4_T_cells_helpers,,True
CATTCCTCATCACTTC-1,3,Naοve_CD8_T_cells,,True
CATTCCTCATCGCTCC-1,3,Naοve_CD8_T_cells,,True
CATTGCGAGACTTATG-1,1,Naοve_CD4_T_cells_helpers,,True
CATTGCGAGCACAGCC-1,6,Memory_B_cells,,True
CATTGCGAGCACTTGG-1,8,Naοve_B_cells,,True
CATTGCGAGGCGAAAC-1,1,Naοve_CD4_T_cells_helpers,,True
CATTGCGAGTAAGAAC-1,0,Monocytes_CD14,,True
CATTGCGAGTCATTTC-1,9,Dendritic cells,,True
CATTGCGAGTGGCGGA-1,3,Naοve_CD8_T_cells,,True
CATTGTAAGAGGAAGG-1,2,T_cells_general_cd4 ambigouus,,False
CATTGTAAGCCAGTAT-1,1,Naοve_CD4_T_cells_helpers,,True
CATTGTAAGCGCATTG-1,3,Naοve_CD8_T_cells,,True
CATTGTAAGTAACCCG-1,6,Memory_B_cells,,True
CATTGTGCAAGGTCCT-1,0,Monocytes_CD14,,True
CATTGTGCAGTCTAAT-1,1,Naοve_CD4_T_cells_helpers,,True
CATTGTGCATTAGCCA-1,9,Dendritic cells,,True
CATTTGTTCAAGTGAG-1,3,Naοve_CD8_T_cells,,True
CATTTGTTCACTCAAA-1,2,T_cells_general_cd4 ambigouus,,False
CATTTGTTCCCGCAAA-1,3,Naοve_CD8_T_cells,,True
CATTTGTTCGAGGAGT-1,0,Monocytes_CD14,,True
CATTTGTTCGCACACA-1,1,Naοve_CD4_T_cells_helpers,,True
CATTTGTTCGGGACCT-1,1,Naοve_CD4_T_cells_helpers,,True
CATTTGTTCTTAGGAC-1,0,Monocytes_CD14,,True
CATTTGTTCTTGAGGT-1,1,Naοve_CD4_T_cells_helpers,,True
CATTTGTTCTTGTCCA-1,1,Naοve_CD4_T_cells_helpers,,True
CCAAACCCAAGGTGCA-1,0,Monocytes_CD14,,True
CCAAACCCAATTTAGC-1,0,Monocytes_CD14,,True
CCAAACCCACCCACAG-1,1,Naοve_CD4_T_cells_helpers,,True
CCAAACCCACTGGCTG-1,3,Naοve_CD8_T_cells,,True
CCAAACCCACTTAACG-1,4,Cytotoxic_T_cell,,True
CCAAACCCAGGCTAAG-1,1,Naοve_CD4_T_cells_helpers,,True
CCAAACCCAGTCTAAT-1,0,Monocytes_CD14,,True
CCAAACCCAGTTAAAG-1,9,Dendritic cells,,True
CCAAACTAGAAACTGG-1,4,Cytotoxic_T_cell,,True
CCAAACTAGATAAAGC-1,2,T_cells_general_cd4 ambigouus,,False
CCAAACTAGCTCAATA-1,0,Monocytes_CD14,,True
CCAAACTAGCTCATAA-1,0,Monocytes_CD14,,True
CCAAACTAGCTTAGCG-1,3,Naοve_CD8_T_cells,,True
CCAAACTAGGACCTCA-1,3,Naοve_CD8_T_cells,,True
CCAAACTAGGTCATTA-1,1,Naοve_CD4_T_cells_helpers,,True
CCAAATCAGATGCCTG-1,2,T_cells_general_cd4 ambigouus,,False
CCAAATCAGCCGCTTT-1,1,Naοve_CD4_T_cells_helpers,,True
CCAAATCAGCGGTTAT-1,0,Monocytes_CD14,,True
CCAAATCAGGTCTTGG-1,3,Naοve_CD8_T_cells,,True
CCAACATAGACAGGCG-1,2,T_cells_general_cd4 ambigouus,,False
CCAACATAGAGGCTAA-1,2,T_cells_general_cd4 ambigouus,,False
CCAACATAGGTCTTGG-1,3,Naοve_CD8_T_cells,,True
CCAACATAGTACCGCA-1,0,Monocytes_CD14,,True
CCAACATAGTCAATTG-1,0,Monocytes_CD14,,True
CCAACATAGTTTAACG-1,1,Naοve_CD4_T_cells_helpers,,True
CCAACCAAGACACCGC-1,0,Monocytes_CD14,,True
CCAACCAAGAGGGACT-1,3,Naοve_CD8_T_cells,,True
CCAACCAAGCGGTTAT-1,0,Monocytes_CD14,,True
CCAACCAAGCTATTGA-1,6,Memory_B_cells,,True
CCAACCCGTAGCTAGC-1,6,Memory_B_cells,,True
CCAACCCGTAGGATTT-1,0,Monocytes_CD14,,True
CCAACCCGTAGTTACG-1,6,Memory_B_cells,,True
CCAACCCGTATTGGAT-1,2,T_cells_general_cd4 ambigouus,,False
CCAACCCGTCTTGCTG-1,5,NK_cells,,True
CCAACCCGTGATCAGC-1,2,T_cells_general_cd4 ambigouus,,False
CCAACCCGTGGAAGGC-1,0,Monocytes_CD14,,True
CCAACCCGTTAGGCGT-1,12,Stress_response,,False
CCAACCCGTTGCCTCA-1,0,Monocytes_CD14,,True
CCAACCCGTTGTAAAC-1,1,Naοve_CD4_T_cells_helpers,,True
CCAACCCGTTGTGACA-1,6,Memory_B_cells,,True
CCAAGGCTCAATGTCA-1,2,T_cells_general_cd4 ambigouus,,False
CCAAGGCTCAGCACCA-1,7,Non_classical_Monocytes,,True
CCAAGGCTCATAACGC-1,1,Naοve_CD4_T_cells_helpers,,True
CCAAGGCTCCAAATCA-1,2,T_cells_general_cd4 ambigouus,,False
CCAAGGCTCCAGGGAG-1,0,Monocytes_CD14,,True
CCAAGGCTCGCAACAT-1,11,pDC,,False
CCAAGGCTCGCGCTAA-1,0,Monocytes_CD14,,True
CCAAGGCTCTCACACC-1,0,Monocytes_CD14,,True
CCAAGTTAGACAGGCG-1,8,Naοve_B_cells,,True
CCAAGTTAGACCATAC-1,0,Monocytes_CD14,,True
CCAAGTTAGCCTAACG-1,0,Monocytes_CD14,,True
CCAAGTTAGGTAAGCA-1,0,Monocytes_CD14,,True
CCAAGTTAGTTCCTGC-1,1,Naοve_CD4_T_cells_helpers,,True
CCAATATCATGTTGCA-1,0,Monocytes_CD14,,True
CCAATATCATTATGAC-1,1,Naοve_CD4_T_cells_helpers,,True
CCACAATAGGCCTAAT-1,0,Monocytes_CD14,,True
CCACAATAGGCTATGT-1,0,Monocytes_CD14,,True
CCACAATAGGGTGAGT-1,2,T_cells_general_cd4 ambigouus,,False
CCACACAAGGTCCGTA-1,3,Naοve_CD8_T_cells,,True
CCACACAAGTAACTCA-1,0,Monocytes_CD14,,True
CCACACAAGTTGGGCC-1,3,Naοve_CD8_T_cells,,True
CCACAGGGTAACGAGG-1,2,T_cells_general_cd4 ambigouus,,False
CCACAGGGTATTGTCC-1,3,Naοve_CD8_T_cells,,True
CCACAGGGTCACACCC-1,4,Cytotoxic_T_cell,,True
CCACAGGGTCGCAAAC-1,0,Monocytes_CD14,,True
CCACAGGGTGAACAAA-1,2,T_cells_general_cd4 ambigouus,,False
CCACAGGGTGTGTGGT-1,1,Naοve_CD4_T_cells_helpers,,True
CCACAGGGTTCGCTTG-1,4,Cytotoxic_T_cell,,True
CCACATTGTGCTAGAC-1,2,T_cells_general_cd4 ambigouus,,False
CCACATTGTTAATGCG-1,2,T_cells_general_cd4 ambigouus,,False
CCACATTGTTCGGGAT-1,2,T_cells_general_cd4 ambigouus,,False
CCACTTGGTCACAGAC-1,0,Monocytes_CD14,,True
CCACTTGGTTCCAGGG-1,0,Monocytes_CD14,,True
CCACTTGGTTGCCTCA-1,2,T_cells_general_cd4 ambigouus,,False
CCAGACTCACCTGCTC-1,13,Plasma_cells,,False
CCAGACTCACTCAACA-1,3,Naοve_CD8_T_cells,,True
CCAGACTCAGGCTACT-1,0,Monocytes_CD14,,True
CCAGACTCATACCCGG-1,7,Non_classical_Monocytes,,True
CCAGACTCATGAATCT-1,0,Monocytes_CD14,,True
CCAGACTCATTGACAT-1,2,T_cells_general_cd4 ambigouus,,False
CCAGCCTGTACTTCAC-1,0,Monocytes_CD14,,True
CCAGCCTGTGATGATT-1,7,Non_classical_Monocytes,,True
CCAGCCTGTTAACGAT-1,5,NK_cells,,True
CCAGCCTGTTGTGATG-1,1,Naοve_CD4_T_cells_helpers,,True
CCAGCTAAGAGGAGGA-1,3,Naοve_CD8_T_cells,,True
CCAGCTAAGGCTGTGC-1,1,Naοve_CD4_T_cells_helpers,,True
CCAGCTAAGTTCCCGT-1,2,T_cells_general_cd4 ambigouus,,False
CCAGCTAAGTTCCTCA-1,0,Monocytes_CD14,,True
CCAGCTGCAAGGTAAC-1,11,pDC,,False
CCAGCTGCAGCTCATA-1,8,Naοve_B_cells,,True
CCAGCTGCATAAGCAA-1,2,T_cells_general_cd4 ambigouus,,False
CCAGCTGCATTAAAGG-1,0,Monocytes_CD14,,True
CCAGGAACAATCCCTT-1,2,T_cells_general_cd4 ambigouus,,False
CCAGGAACACACAATT-1,3,Naοve_CD8_T_cells,,True
CCAGGAACAGCCAGAA-1,6,Memory_B_cells,,True
CCAGGATGTCCGTAGG-1,1,Naοve_CD4_T_cells_helpers,,True
CCAGGATGTGCTTACT-1,3,Naοve_CD8_T_cells,,True
CCAGGATGTTAACACG-1,1,Naοve_CD4_T_cells_helpers,,True
CCAGGATGTTAGGCGT-1,3,Naοve_CD8_T_cells,,True
CCAGGATGTTTGGGCG-1,0,Monocytes_CD14,,True
CCAGTTTGTACTGATG-1,6,Memory_B_cells,,True
CCAGTTTGTGCATTAG-1,3,Naοve_CD8_T_cells,,True
CCAGTTTGTGTTTGTC-1,5,NK_cells,,True
CCATAAATCAATCTCT-1,2,T_cells_general_cd4 ambigouus,,False
CCATAAATCACAGGAA-1,3,Naοve_CD8_T_cells,,True
CCATAAATCACTTCAT-1,2,T_cells_general_cd4 ambigouus,,False
CCATAAATCATCAGTA-1,3,Naοve_CD8_T_cells,,True
CCATAAATCGGGACTC-1,2,T_cells_general_cd4 ambigouus,,False
CCATAAATCTGCAAAC-1,0,Monocytes_CD14,,True
CCATAAATCTGTGAGT-1,6,Memory_B_cells,,True
CCATAAGGTAACCAGC-1,6,Memory_B_cells,,True
CCATAAGGTCCGTGAG-1,0,Monocytes_CD14,,True
CCATAAGGTCTATCGT-1,8,Naοve_B_cells,,True
CCATAAGGTTAGTACG-1,3,Naοve_CD8_T_cells,,True
CCATAAGGTTTAACGG-1,3,Naοve_CD8_T_cells,,True
CCATAAGGTTTGCTGT-1,2,T_cells_general_cd4 ambigouus,,False
CCATAATCAAACCTAT-1,1,Naοve_CD4_T_cells_helpers,,True
CCATAATCAATTTGGT-1,2,T_cells_general_cd4 ambigouus,,False
CCATAATCAGCCAGTT-1,0,Monocytes_CD14,,True
CCATAATCATAATTGC-1,3,Naοve_CD8_T_cells,,True
CCATAATCATGCTATG-1,0,Monocytes_CD14,,True
CCATAGCCAAAGCTCC-1,0,Monocytes_CD14,,True
CCATAGCCAAGGTGCA-1,1,Naοve_CD4_T_cells_helpers,,True
CCATAGCCAGTAGGAT-1,0,Monocytes_CD14,,True
CCATAGCCATGGCCTG-1,1,Naοve_CD4_T_cells_helpers,,True
CCATAGCCATGGTTAT-1,3,Naοve_CD8_T_cells,,True
CCATAGCCATTAGGTT-1,0,Monocytes_CD14,,True
CCATATTTCATGTTTC-1,2,T_cells_general_cd4 ambigouus,,False
CCATATTTCTCCATGC-1,1,Naοve_CD4_T_cells_helpers,,True
CCATCACTCGAGGAGT-1,0,Monocytes_CD14,,True
CCATCATGTAACCAGC-1,3,Naοve_CD8_T_cells,,True
CCATCATGTATCTGGA-1,0,Monocytes_CD14,,True
CCATCATGTCCGTAGG-1,1,Naοve_CD4_T_cells_helpers,,True
CCATCATGTGGTTCCC-1,2,T_cells_general_cd4 ambigouus,,False
CCATCATGTTACCGGG-1,3,Naοve_CD8_T_cells,,True
CCATCATGTTCAAGAT-1,5,NK_cells,,True
CCATTATTCATGGCTG-1,4,Cytotoxic_T_cell,,True
CCATTATTCCTTAGTT-1,0,Monocytes_CD14,,True
CCATTATTCGCTATAA-1,1,Naοve_CD4_T_cells_helpers,,True
CCATTGTGTAATCACG-1,5,NK_cells,,True
CCATTGTGTACTTAGG-1,2,T_cells_general_cd4 ambigouus,,False
CCATTGTGTCGCAATA-1,0,Monocytes_CD14,,True
CCATTGTGTGCACGCA-1,0,Monocytes_CD14,,True
CCATTGTGTTAAGTGT-1,1,Naοve_CD4_T_cells_helpers,,True
CCATTGTGTTACCGGG-1,4,Cytotoxic_T_cell,,True
CCATTGTGTTACGCAA-1,0,Monocytes_CD14,,True
CCATTGTGTTCCGGGA-1,0,Monocytes_CD14,,True
CCATTGTGTTTCGCCA-1,1,Naοve_CD4_T_cells_helpers,,True
CCCAAACCAAAGGCCA-1,3,Naοve_CD8_T_cells,,True
CCCAAACCAATCCTAG-1,6,Memory_B_cells,,True
CCCAAACCAATCTCTC-1,6,Memory_B_cells,,True
CCCAAACCACGTAATT-1,2,T_cells_general_cd4 ambigouus,,False
CCCAAACCAGCTACGT-1,2,T_cells_general_cd4 ambigouus,,False
CCCAAACCAGTCTAAT-1,2,T_cells_general_cd4 ambigouus,,False
CCCAAACCAGTCTAGC-1,4,Cytotoxic_T_cell,,True
CCCAAACCATCCATCT-1,3,Naοve_CD8_T_cells,,True
CCCAAATAGCCTGTTC-1,0,Monocytes_CD14,,True
CCCAAATAGGATAAAC-1,2,T_cells_general_cd4 ambigouus,,False
CCCAAATAGTCCTTCA-1,0,Monocytes_CD14,,True
CCCAAATAGTTAGTTG-1,1,Naοve_CD4_T_cells_helpers,,True
CCCAAATAGTTATTCC-1,3,Naοve_CD8_T_cells,,True
CCCAACCGTAGCTGCG-1,0,Monocytes_CD14,,True
CCCAACCGTATACTGG-1,0,Monocytes_CD14,,True
CCCAACCGTCGAAGTC-1,0,Monocytes_CD14,,True
CCCAACCGTCGCGCAA-1,0,Monocytes_CD14,,True
CCCAACCGTGAGCACT-1,8,Naοve_B_cells,,True
CCCAACCGTGGAGCAA-1,2,T_cells_general_cd4 ambigouus,,False
CCCAACCGTTAGTTGG-1,0,Monocytes_CD14,,True
CCCAATTGTGGAAGGC-1,1,Naοve_CD4_T_cells_helpers,,True
CCCAATTGTGGTTATG-1,0,Monocytes_CD14,,True
CCCAATTGTTAGCATG-1,2,T_cells_general_cd4 ambigouus,,False
CCCAATTGTTAGTACG-1,4,Cytotoxic_T_cell,,True
CCCAATTGTTCACTGT-1,1,Naοve_CD4_T_cells_helpers,,True
CCCAGCACAATGCCTA-1,0,Monocytes_CD14,,True
CCCAGCACACCTAAGC-1,2,T_cells_general_cd4 ambigouus,,False
CCCAGCACAGGGAGCT-1,5,NK_cells,,True
CCCAGCACATTGTCCT-1,2,T_cells_general_cd4 ambigouus,,False
CCCAGTTTCTTGGACG-1,4,Cytotoxic_T_cell,,True
CCCATAACAACAGCCT-1,1,Naοve_CD4_T_cells_helpers,,True
CCCATAACAATGAATG-1,2,T_cells_general_cd4 ambigouus,,False
CCCATAACACGTTACA-1,3,Naοve_CD8_T_cells,,True
CCCATAACAGCATGAG-1,1,Naοve_CD4_T_cells_helpers,,True
CCCGCAACAAATTGCT-1,1,Naοve_CD4_T_cells_helpers,,True
CCCGCAACAATCCTAG-1,2,T_cells_general_cd4 ambigouus,,False
CCCGCAACACCGGCTA-1,3,Naοve_CD8_T_cells,,True
CCCGCAACACCTGTAA-1,0,Monocytes_CD14,,True
CCCGCAACAGCTAACC-1,3,Naοve_CD8_T_cells,,True
CCCGCTTCAAACCCTA-1,8,Naοve_B_cells,,True
CCCGCTTCAAACTCAT-1,3,Naοve_CD8_T_cells,,True
CCCGCTTCAAGTTATC-1,0,Monocytes_CD14,,True
CCCGCTTCAGCTAATT-1,0,Monocytes_CD14,,True
CCCGCTTCAGGTATTT-1,3,Naοve_CD8_T_cells,,True
CCCGCTTCAGTTATGT-1,0,Monocytes_CD14,,True
CCCGCTTCATCAGTAT-1,8,Naοve_B_cells,,True
CCCGCTTCATTGCGGT-1,0,Monocytes_CD14,,True
CCCGTAAAGGACCGCT-1,0,Monocytes_CD14,,True
CCCGTAAAGGGCTTTG-1,8,Naοve_B_cells,,True
CCCGTAAAGTTAGAGG-1,3,Naοve_CD8_T_cells,,True
CCCGTTGTCCAAGTGT-1,2,T_cells_general_cd4 ambigouus,,False
CCCGTTGTCCCTGACT-1,0,Monocytes_CD14,,True
CCCGTTGTCGATCAGT-1,0,Monocytes_CD14,,True
CCCTAATGTCCTTCTC-1,1,Naοve_CD4_T_cells_helpers,,True
CCCTAATGTTGGTTAG-1,0,Monocytes_CD14,,True
CCCTCACCAACTAGCC-1,3,Naοve_CD8_T_cells,,True
CCCTCACCACAATACT-1,6,Memory_B_cells,,True
CCCTCACCACTAAGCC-1,1,Naοve_CD4_T_cells_helpers,,True
CCCTCACCAGGTTCAC-1,4,Cytotoxic_T_cell,,True
CCCTCAGTCAATGTCA-1,4,Cytotoxic_T_cell,,True
CCCTCAGTCACATTGA-1,2,T_cells_general_cd4 ambigouus,,False
CCCTCAGTCCATAAGC-1,2,T_cells_general_cd4 ambigouus,,False
CCCTCAGTCCCGCATT-1,0,Monocytes_CD14,,True
CCCTCAGTCCTAAATG-1,2,T_cells_general_cd4 ambigouus,,False
CCCTCAGTCCTTAATC-1,5,NK_cells,,True
CCCTCAGTCGAGGAGT-1,0,Monocytes_CD14,,True
CCCTCAGTCGCACACA-1,8,Naοve_B_cells,,True
CCCTCAGTCTCACTCA-1,3,Naοve_CD8_T_cells,,True
CCCTCAGTCTGGCAAT-1,1,Naοve_CD4_T_cells_helpers,,True
CCCTCATAGCATTAGC-1,3,Naοve_CD8_T_cells,,True
CCCTCATAGCTGTAAC-1,1,Naοve_CD4_T_cells_helpers,,True
CCCTCATAGGAAGCAC-1,2,T_cells_general_cd4 ambigouus,,False
CCCTCATAGTTCCCAC-1,8,Naοve_B_cells,,True
CCCTCATAGTTGGGCC-1,0,Monocytes_CD14,,True
CCCTGGACACAGCCAT-1,3,Naοve_CD8_T_cells,,True
CCCTGGACACCTCACC-1,3,Naοve_CD8_T_cells,,True
CCCTGGACAGCTAATT-1,2,T_cells_general_cd4 ambigouus,,False
CCCTGGACAGGATTAA-1,0,Monocytes_CD14,,True
CCCTGGACAGGCGAGT-1,3,Naοve_CD8_T_cells,,True
CCCTGTTAGAGGGACT-1,8,Naοve_B_cells,,True
CCCTGTTAGCACAGAA-1,11,pDC,,False
CCCTGTTAGCTTCCCG-1,2,T_cells_general_cd4 ambigouus,,False
CCCTGTTAGGTTACGT-1,1,Naοve_CD4_T_cells_helpers,,True
CCCTGTTAGTTGCGTG-1,9,Dendritic cells,,True
CCCTTAATCAATGACC-1,3,Naοve_CD8_T_cells,,True
CCCTTAATCATTGTTC-1,2,T_cells_general_cd4 ambigouus,,False
CCCTTAATCCCGTTAC-1,3,Naοve_CD8_T_cells,,True
CCCTTAATCGCAGGCT-1,4,Cytotoxic_T_cell,,True
CCGACAGGTACTTAGG-1,4,Cytotoxic_T_cell,,True
CCGACAGGTCCTTAGT-1,0,Monocytes_CD14,,True
CCGACAGGTTCAAGAT-1,1,Naοve_CD4_T_cells_helpers,,True
CCGATGCAGACAGGCG-1,1,Naοve_CD4_T_cells_helpers,,True
CCGATGCAGCAACATC-1,3,Naοve_CD8_T_cells,,True
CCGATGCAGCCTGTGA-1,3,Naοve_CD8_T_cells,,True
CCGATGCAGCGATAGA-1,6,Memory_B_cells,,True
CCGATGCAGGCCATCA-1,1,Naοve_CD4_T_cells_helpers,,True
CCGATGCAGGTCAAAG-1,0,Monocytes_CD14,,True
CCGATGCAGTAATCCA-1,3,Naοve_CD8_T_cells,,True
CCGCAAATCAAGCCTG-1,2,T_cells_general_cd4 ambigouus,,False
CCGCAAATCAGCACGC-1,0,Monocytes_CD14,,True
CCGCAAATCATTTGTC-1,0,Monocytes_CD14,,True
CCGCAAATCCTAATGA-1,1,Naοve_CD4_T_cells_helpers,,True
CCGCAAATCGCATTAA-1,0,Monocytes_CD14,,True
CCGCAAATCGTTACAA-1,0,Monocytes_CD14,,True
CCGCAAATCTCCTCAA-1,10,Cytotoxic_T_NK,,False
CCGCAAGGTCACGGAT-1,0,Monocytes_CD14,,True
CCGCAAGGTCCAAATG-1,1,Naοve_CD4_T_cells_helpers,,True
CCGCAAGGTGCAATAT-1,0,Monocytes_CD14,,True
CCGCAAGGTGGTGAGA-1,1,Naοve_CD4_T_cells_helpers,,True
CCGCAAGGTTAGAGGG-1,2,T_cells_general_cd4 ambigouus,,False
CCGCAAGGTTGCACGG-1,2,T_cells_general_cd4 ambigouus,,False
CCGCACACAACCCTAA-1,3,Naοve_CD8_T_cells,,True
CCGCACACACAATGTT-1,2,T_cells_general_cd4 ambigouus,,False
CCGCACACACCCTCAC-1,0,Monocytes_CD14,,True
CCGCACACAGGACACA-1,4,Cytotoxic_T_cell,,True
CCGCACACAGGCCATT-1,2,T_cells_general_cd4 ambigouus,,False
CCGCACACAGGTTAAA-1,0,Monocytes_CD14,,True
CCGCACACATACCCGG-1,11,pDC,,False
CCGCACACATGAATAG-1,0,Monocytes_CD14,,True
CCGCACACATGAGTTT-1,6,Memory_B_cells,,True
CCGCACACATGTCAAT-1,4,Cytotoxic_T_cell,,True
CCGCCAACAAACTGCC-1,2,T_cells_general_cd4 ambigouus,,False
CCGCCAACAATCCTGA-1,0,Monocytes_CD14,,True
CCGCCAACAGAATGAC-1,2,T_cells_general_cd4 ambigouus,,False
CCGCCAACAGTGAACG-1,1,Naοve_CD4_T_cells_helpers,,True
CCGCCAACATAAGGAC-1,3,Naοve_CD8_T_cells,,True
CCGCCAACATTGACAT-1,2,T_cells_general_cd4 ambigouus,,False
CCGCTAAAGCAATAGG-1,1,Naοve_CD4_T_cells_helpers,,True
CCGCTAAAGCAGGCCT-1,1,Naοve_CD4_T_cells_helpers,,True
CCGCTAAAGCATGTCG-1,0,Monocytes_CD14,,True
CCGCTAAAGCGAGCGA-1,2,T_cells_general_cd4 ambigouus,,False
CCGCTAAAGCTAAGTC-1,0,Monocytes_CD14,,True
CCGCTAAAGGGCCACT-1,2,T_cells_general_cd4 ambigouus,,False
CCGCTAAAGTGGCGGA-1,2,T_cells_general_cd4 ambigouus,,False
CCGCTAGCAAACGCGA-1,0,Monocytes_CD14,,True
CCGCTAGCAACGTGCT-1,2,T_cells_general_cd4 ambigouus,,False
CCGCTAGCAAGTTATC-1,2,T_cells_general_cd4 ambigouus,,False
CCGCTAGCACAAAGCG-1,2,T_cells_general_cd4 ambigouus,,False
CCGCTAGCACCGGTAT-1,1,Naοve_CD4_T_cells_helpers,,True
CCGCTAGCAGTTATCG-1,10,Cytotoxic_T_NK,,False
CCGCTTAGTTACAAAC-1,0,Monocytes_CD14,,True
CCGCTTAGTTACAACG-1,1,Naοve_CD4_T_cells_helpers,,True
CCGCTTAGTTGCATCT-1,1,Naοve_CD4_T_cells_helpers,,True
CCGGTAGGTGCAATGC-1,0,Monocytes_CD14,,True
CCGGTAGGTGCACGCA-1,1,Naοve_CD4_T_cells_helpers,,True
CCGGTAGGTGCATCGG-1,2,T_cells_general_cd4 ambigouus,,False
CCGGTAGGTGGAGCAA-1,2,T_cells_general_cd4 ambigouus,,False
CCGGTAGGTGGCTTCC-1,3,Naοve_CD8_T_cells,,True
CCGGTTAAGAACCTGT-1,10,Cytotoxic_T_NK,,False
CCGGTTAAGCCGCTAA-1,1,Naοve_CD4_T_cells_helpers,,True
CCGGTTAAGGAGCATA-1,1,Naοve_CD4_T_cells_helpers,,True
CCGGTTAAGGCCCAGT-1,0,Monocytes_CD14,,True
CCGGTTAAGTAAAGGT-1,4,Cytotoxic_T_cell,,True
CCGGTTAAGTGAGGTA-1,9,Dendritic cells,,True
CCGGTTAAGTTGTCCC-1,8,Naοve_B_cells,,True
CCGTGCTGTCCGTAGG-1,1,Naοve_CD4_T_cells_helpers,,True
CCGTGCTGTCTTGCTG-1,6,Memory_B_cells,,True
CCGTGCTGTGCTTACT-1,4,Cytotoxic_T_cell,,True
CCGTGCTGTTAGAGGG-1,0,Monocytes_CD14,,True
CCGTGCTGTTAGCTGA-1,7,Non_classical_Monocytes,,True
CCGTTAACAATCCTGA-1,0,Monocytes_CD14,,True
CCGTTAACACCAGCAT-1,0,Monocytes_CD14,,True
CCGTTAACAGTTTCTC-1,2,T_cells_general_cd4 ambigouus,,False
CCGTTAACATGCAACC-1,3,Naοve_CD8_T_cells,,True
CCGTTAACATTGTGAT-1,2,T_cells_general_cd4 ambigouus,,False
CCGTTACTCATGCCTC-1,3,Naοve_CD8_T_cells,,True
CCGTTACTCCAGGGAG-1,2,T_cells_general_cd4 ambigouus,,False
CCGTTACTCGAGCAAA-1,2,T_cells_general_cd4 ambigouus,,False
CCGTTACTCGTTAAGC-1,6,Memory_B_cells,,True
CCGTTACTCTATCGCC-1,0,Monocytes_CD14,,True
CCGTTACTCTGGTCCT-1,0,Monocytes_CD14,,True
CCGTTACTCTTAGTCT-1,1,Naοve_CD4_T_cells_helpers,,True
CCGTTATGTAACCAGC-1,0,Monocytes_CD14,,True
CCGTTATGTCAATACG-1,4,Cytotoxic_T_cell,,True
CCGTTATGTCATTACC-1,2,T_cells_general_cd4 ambigouus,,False
CCGTTATGTGATCAGC-1,0,Monocytes_CD14,,True
CCGTTATGTGCAACTA-1,8,Naοve_B_cells,,True
CCGTTATGTGCAATGC-1,1,Naοve_CD4_T_cells_helpers,,True
CCGTTATGTTTCCACG-1,3,Naοve_CD8_T_cells,,True
CCGTTATGTTTGAGCA-1,2,T_cells_general_cd4 ambigouus,,False
CCGTTGCGTACGATTG-1,0,Monocytes_CD14,,True
CCGTTGCGTACGTTTC-1,2,T_cells_general_cd4 ambigouus,,False
CCGTTGCGTACTGAAT-1,0,Monocytes_CD14,,True
CCGTTGCGTCCTTCTC-1,2,T_cells_general_cd4 ambigouus,,False
CCGTTGCGTGAGACTC-1,3,Naοve_CD8_T_cells,,True
CCGTTGCGTGGATTCA-1,1,Naοve_CD4_T_cells_helpers,,True
CCGTTGCGTTTGTCTA-1,1,Naοve_CD4_T_cells_helpers,,True
CCGTTTGGTCACAGAC-1,10,Cytotoxic_T_NK,,False
CCGTTTGGTCATGCAA-1,1,Naοve_CD4_T_cells_helpers,,True
CCGTTTGGTCCACAAA-1,3,Naοve_CD8_T_cells,,True
CCGTTTGGTCGCAAAC-1,0,Monocytes_CD14,,True
CCGTTTGGTGCCGCAA-1,2,T_cells_general_cd4 ambigouus,,False
CCGTTTGGTGTTAAAC-1,3,Naοve_CD8_T_cells,,True
CCGTTTGGTTCGCTCA-1,7,Non_classical_Monocytes,,True
CCGTTTGGTTTGCAGA-1,1,Naοve_CD4_T_cells_helpers,,True
CCTAAAGGTCAATACG-1,3,Naοve_CD8_T_cells,,True
CCTAAAGGTCATAAGT-1,2,T_cells_general_cd4 ambigouus,,False
CCTAAATCAAGGTAAC-1,1,Naοve_CD4_T_cells_helpers,,True
CCTAAGCCAAATGCCC-1,1,Naοve_CD4_T_cells_helpers,,True
CCTAAGGTCAAATCGC-1,3,Naοve_CD8_T_cells,,True
CCTAAGGTCCCATAAA-1,1,Naοve_CD4_T_cells_helpers,,True
CCTAAGGTCGCTATAA-1,0,Monocytes_CD14,,True
CCTAAGTAGAGAAGGG-1,4,Cytotoxic_T_cell,,True
CCTAAGTAGCCTAATA-1,1,Naοve_CD4_T_cells_helpers,,True
CCTAAGTAGGCTACAT-1,1,Naοve_CD4_T_cells_helpers,,True
CCTAAGTAGGGACGCA-1,0,Monocytes_CD14,,True
CCTAATAAGAACAAGT-1,4,Cytotoxic_T_cell,,True
CCTAATCGTCAGTAAT-1,2,T_cells_general_cd4 ambigouus,,False
CCTAATCGTCATCAAG-1,1,Naοve_CD4_T_cells_helpers,,True
CCTAATCGTCCTTTAA-1,0,Monocytes_CD14,,True
CCTAATCGTTAAGCCA-1,0,Monocytes_CD14,,True
CCTAATCGTTTACTTG-1,0,Monocytes_CD14,,True
CCTACTGGTGCAATAT-1,1,Naοve_CD4_T_cells_helpers,,True
CCTACTGGTGCCGCAA-1,0,Monocytes_CD14,,True
CCTACTGGTTCGCGCT-1,0,Monocytes_CD14,,True
CCTACTGGTTGCGGAT-1,3,Naοve_CD8_T_cells,,True
CCTACTTCAACTAGAA-1,2,T_cells_general_cd4 ambigouus,,False
CCTACTTCAAGTGTTT-1,4,Cytotoxic_T_cell,,True
CCTACTTCAATTTAGC-1,1,Naοve_CD4_T_cells_helpers,,True
CCTACTTCATGTGGGA-1,8,Naοve_B_cells,,True
CCTAGTTGTAATGGCC-1,3,Naοve_CD8_T_cells,,True
CCTAGTTGTACTTCAC-1,7,Non_classical_Monocytes,,True
CCTAGTTGTAGTAAGA-1,0,Monocytes_CD14,,True
CCTAGTTGTGGATGTC-1,0,Monocytes_CD14,,True
CCTAGTTGTTGGATCA-1,0,Monocytes_CD14,,True
CCTATAGCAGCACCAT-1,0,Monocytes_CD14,,True
CCTATAGCAGTAAAGC-1,0,Monocytes_CD14,,True
CCTATAGCAGTAAGTA-1,5,NK_cells,,True
CCTATAGCAGTTGCGT-1,1,Naοve_CD4_T_cells_helpers,,True
CCTATAGCAGTTTACG-1,2,T_cells_general_cd4 ambigouus,,False
CCTATAGCATTAAGTC-1,0,Monocytes_CD14,,True
CCTATATTCAAGTGTC-1,0,Monocytes_CD14,,True
CCTATATTCCTAATAG-1,0,Monocytes_CD14,,True
CCTATATTCCTTAGGG-1,1,Naοve_CD4_T_cells_helpers,,True
CCTATATTCGCTTCTA-1,11,pDC,,False
CCTATATTCTTAGGGT-1,2,T_cells_general_cd4 ambigouus,,False
CCTATTGTCAAGCTTA-1,6,Memory_B_cells,,True
CCTATTGTCCCTTGCG-1,2,T_cells_general_cd4 ambigouus,,False
CCTATTGTCTCACTAT-1,2,T_cells_general_cd4 ambigouus,,False
CCTATTTAGATGGACA-1,3,Naοve_CD8_T_cells,,True
CCTATTTAGCAAGACA-1,0,Monocytes_CD14,,True
CCTATTTAGGAGTAAT-1,10,Cytotoxic_T_NK,,False
CCTATTTAGGCTAGAA-1,0,Monocytes_CD14,,True
CCTATTTAGGGTGGAT-1,0,Monocytes_CD14,,True
CCTATTTAGGGTTAGA-1,6,Memory_B_cells,,True
CCTATTTAGTTATCTC-1,0,Monocytes_CD14,,True
CCTCAAACAAGGTCCT-1,3,Naοve_CD8_T_cells,,True
CCTCAAACAAGTGTTT-1,3,Naοve_CD8_T_cells,,True
CCTCAAACACTAAGTT-1,0,Monocytes_CD14,,True
CCTCAAACACTGACTA-1,6,Memory_B_cells,,True
CCTCAAACACTTGTTC-1,0,Monocytes_CD14,,True
CCTCAAACAGTTTACG-1,1,Naοve_CD4_T_cells_helpers,,True
CCTCAAACATAGACCC-1,3,Naοve_CD8_T_cells,,True
CCTCAATGTACTGAAT-1,10,Cytotoxic_T_NK,,False
CCTCAGTTCAAGCTAC-1,4,Cytotoxic_T_cell,,True
CCTCAGTTCCGGTTGA-1,1,Naοve_CD4_T_cells_helpers,,True
CCTCCTCTCATCCTCA-1,1,Naοve_CD4_T_cells_helpers,,True
CCTCCTCTCATGCATA-1,1,Naοve_CD4_T_cells_helpers,,True
CCTCCTCTCGATTTGA-1,6,Memory_B_cells,,True
CCTCCTGAGGACGTAA-1,0,Monocytes_CD14,,True
CCTCCTGAGGCAAGTA-1,9,Dendritic cells,,True
CCTCCTGAGGCTTAGT-1,9,Dendritic cells,,True
CCTCCTGAGTCAGTAC-1,2,T_cells_general_cd4 ambigouus,,False
CCTGAATAGAGAGGCT-1,2,T_cells_general_cd4 ambigouus,,False
CCTGAATAGAGGAGGA-1,0,Monocytes_CD14,,True
CCTGAATAGCAAGATG-1,5,NK_cells,,True
CCTGAATAGGTGCGGA-1,2,T_cells_general_cd4 ambigouus,,False
CCTGACTTCCAAGTGT-1,2,T_cells_general_cd4 ambigouus,,False
CCTGACTTCCTTAGGG-1,3,Naοve_CD8_T_cells,,True
CCTGAGTCACCCACCT-1,2,T_cells_general_cd4 ambigouus,,False
CCTGAGTCAGAAATTG-1,3,Naοve_CD8_T_cells,,True
CCTGAGTCAGCGCTTG-1,1,Naοve_CD4_T_cells_helpers,,True
CCTGAGTCATAAGGAC-1,9,Dendritic cells,,True
CCTGAGTCATCGCTCC-1,1,Naοve_CD4_T_cells_helpers,,True
CCTGAGTCATGAGCAG-1,2,T_cells_general_cd4 ambigouus,,False
CCTGAGTCATTAGCCA-1,9,Dendritic cells,,True
CCTGATGAGCTAATTG-1,3,Naοve_CD8_T_cells,,True
CCTGATGAGCTCAAAC-1,3,Naοve_CD8_T_cells,,True
CCTGCTCCACAACAAA-1,3,Naοve_CD8_T_cells,,True
CCTGCTCCACCTACTT-1,0,Monocytes_CD14,,True
CCTGCTCCACTTAGGC-1,7,Non_classical_Monocytes,,True
CCTGCTCCAGCATGTC-1,6,Memory_B_cells,,True
CCTGCTCCAGGCCTTG-1,7,Non_classical_Monocytes,,True
CCTGGATCAACAACAA-1,0,Monocytes_CD14,,True
CCTGGATCAGGCCAAA-1,4,Cytotoxic_T_cell,,True
CCTGGATCAGTTTGGC-1,1,Naοve_CD4_T_cells_helpers,,True
CCTGGATCATAAGCAA-1,11,pDC,,False
CCTGGATCATTGTGTG-1,1,Naοve_CD4_T_cells_helpers,,True
CCTGGTAAGCCTGATG-1,2,T_cells_general_cd4 ambigouus,,False
CCTGGTAAGCGAGGTG-1,4,Cytotoxic_T_cell,,True
CCTGGTAAGGATTGAG-1,3,Naοve_CD8_T_cells,,True
CCTGGTAAGGCCTAAT-1,0,Monocytes_CD14,,True
CCTGGTAAGGGTCCAC-1,3,Naοve_CD8_T_cells,,True
CCTGGTAAGTACTGGT-1,2,T_cells_general_cd4 ambigouus,,False
CCTGTAACAATTAAGG-1,13,Plasma_cells,,False
CCTGTAACACAACAAA-1,3,Naοve_CD8_T_cells,,True
CCTGTAACACTGACTA-1,2,T_cells_general_cd4 ambigouus,,False
CCTGTAACAGGAACCA-1,4,Cytotoxic_T_cell,,True
CCTGTAACAGGCCTTG-1,3,Naοve_CD8_T_cells,,True
CCTGTAACATCACTTC-1,5,NK_cells,,True
CCTGTAACATGTCGCG-1,3,Naοve_CD8_T_cells,,True
CCTGTAACATTAAGTC-1,3,Naοve_CD8_T_cells,,True
CCTGTATGTCACCTAT-1,0,Monocytes_CD14,,True
CCTGTATGTCCTTAGT-1,0,Monocytes_CD14,,True
CCTGTATGTGGGAACA-1,3,Naοve_CD8_T_cells,,True
CCTGTATGTTGCTGGG-1,0,Monocytes_CD14,,True
CCTGTATGTTTGCGAA-1,2,T_cells_general_cd4 ambigouus,,False
CCTGTTGGTCAATGTG-1,1,Naοve_CD4_T_cells_helpers,,True
CCTGTTGGTTATCGAG-1,3,Naοve_CD8_T_cells,,True
CCTGTTGGTTGTTCAC-1,3,Naοve_CD8_T_cells,,True
CCTTAACGTCAAGACC-1,3,Naοve_CD8_T_cells,,True
CCTTAACGTCAATAGT-1,1,Naοve_CD4_T_cells_helpers,,True
CCTTAACGTGACCTGG-1,3,Naοve_CD8_T_cells,,True
CCTTAACGTGCTAGAC-1,0,Monocytes_CD14,,True
CCTTAACGTGCTTTAC-1,0,Monocytes_CD14,,True
CCTTAACGTTAGGCTA-1,4,Cytotoxic_T_cell,,True
CCTTAACGTTGAGCCG-1,4,Cytotoxic_T_cell,,True
CCTTACTCAAGCGAGC-1,3,Naοve_CD8_T_cells,,True
CCTTACTCAATTAGGA-1,0,Monocytes_CD14,,True
CCTTACTCAATTTGGT-1,0,Monocytes_CD14,,True
CCTTACTCACTAAGCC-1,9,Dendritic cells,,True
CCTTACTCACTAGGTC-1,5,NK_cells,,True
CCTTACTCAGCACGTT-1,0,Monocytes_CD14,,True
CCTTACTCAGCCAGAA-1,1,Naοve_CD4_T_cells_helpers,,True
CCTTACTCAGGTTATT-1,1,Naοve_CD4_T_cells_helpers,,True
CCTTAGTGTACCAGGT-1,2,T_cells_general_cd4 ambigouus,,False
CCTTAGTGTATTGGAT-1,7,Non_classical_Monocytes,,True
CCTTATGTCCCTGGAA-1,2,T_cells_general_cd4 ambigouus,,False
CCTTATGTCCTTGCAC-1,1,Naοve_CD4_T_cells_helpers,,True
CCTTATGTCGCTATAA-1,2,T_cells_general_cd4 ambigouus,,False
CCTTATGTCGTAATCA-1,0,Monocytes_CD14,,True
CCTTCAATCATGCTAA-1,0,Monocytes_CD14,,True
CCTTCAATCCTCATGC-1,4,Cytotoxic_T_cell,,True
CCTTCAATCCTTAGGG-1,1,Naοve_CD4_T_cells_helpers,,True
CCTTCAATCGTCATTT-1,0,Monocytes_CD14,,True
CCTTCAATCTCAATGA-1,0,Monocytes_CD14,,True
CCTTCAATCTTAGTCT-1,2,T_cells_general_cd4 ambigouus,,False
CCTTCAGGTAGTTACG-1,4,Cytotoxic_T_cell,,True
CCTTCAGGTATACTGG-1,3,Naοve_CD8_T_cells,,True
CCTTCAGGTCCTTCTC-1,5,NK_cells,,True
CCTTCAGGTCTAGCTT-1,5,NK_cells,,True
CCTTCAGGTGTTAGCA-1,1,Naοve_CD4_T_cells_helpers,,True
CCTTCAGGTGTTTGTC-1,6,Memory_B_cells,,True
CCTTCAGGTTGAGGTC-1,1,Naοve_CD4_T_cells_helpers,,True
CCTTCAGGTTTGCAGA-1,3,Naοve_CD8_T_cells,,True
CCTTCGGTCAAGCCTG-1,1,Naοve_CD4_T_cells_helpers,,True
CCTTCGGTCAGCTAAC-1,0,Monocytes_CD14,,True
CCTTCGGTCATGGTTA-1,1,Naοve_CD4_T_cells_helpers,,True
CCTTCGGTCGCTAGCA-1,0,Monocytes_CD14,,True
CCTTCGGTCTCCATGC-1,0,Monocytes_CD14,,True
CCTTCGTAGATTGAGG-1,2,T_cells_general_cd4 ambigouus,,False
CCTTCGTAGCACTTGG-1,0,Monocytes_CD14,,True
CCTTCGTAGCCAGTAT-1,0,Monocytes_CD14,,True
CCTTCGTAGGCCGGAA-1,0,Monocytes_CD14,,True
CCTTCGTAGGTAAGCA-1,7,Non_classical_Monocytes,,True
CCTTCGTAGGTTTGCG-1,0,Monocytes_CD14,,True
CCTTCGTAGTATGTGC-1,2,T_cells_general_cd4 ambigouus,,False
CCTTCGTAGTTAGTTG-1,1,Naοve_CD4_T_cells_helpers,,True
CCTTCGTAGTTGTCAA-1,0,Monocytes_CD14,,True
CCTTGCGTCCTTGCGT-1,9,Dendritic cells,,True
CCTTGCGTCGCTAGTG-1,1,Naοve_CD4_T_cells_helpers,,True
CCTTGCGTCGCTTCTA-1,2,T_cells_general_cd4 ambigouus,,False
CCTTGCGTCGGCTAGC-1,0,Monocytes_CD14,,True
CCTTGCGTCTCCTCTT-1,3,Naοve_CD8_T_cells,,True
CCTTGCGTCTTAGGGT-1,1,Naοve_CD4_T_cells_helpers,,True
CCTTGTTCAAACCTTG-1,2,T_cells_general_cd4 ambigouus,,False
CCTTGTTCAACAGGAT-1,0,Monocytes_CD14,,True
CCTTGTTCACGAACAG-1,3,Naοve_CD8_T_cells,,True
CCTTGTTCATCCCGCT-1,2,T_cells_general_cd4 ambigouus,,False
CCTTGTTCATCTAGCA-1,7,Non_classical_Monocytes,,True
CCTTGTTCATGCTTAG-1,8,Naοve_B_cells,,True
CCTTGTTCATTGACAT-1,2,T_cells_general_cd4 ambigouus,,False
CCTTTAGTCATTGTCT-1,0,Monocytes_CD14,,True
CCTTTAGTCCAGGTTG-1,1,Naοve_CD4_T_cells_helpers,,True
CCTTTAGTCCCGCCTA-1,5,NK_cells,,True
CCTTTAGTCCCTCATA-1,0,Monocytes_CD14,,True
CCTTTAGTCCTCGATC-1,2,T_cells_general_cd4 ambigouus,,False
CCTTTAGTCCTGCGAA-1,2,T_cells_general_cd4 ambigouus,,False
CCTTTAGTCTGTGCCT-1,6,Memory_B_cells,,True
CCTTTAGTCTTGACCC-1,4,Cytotoxic_T_cell,,True
CGAAATGAGACCATAC-1,2,T_cells_general_cd4 ambigouus,,False
CGAAATGAGATTGAGG-1,1,Naοve_CD4_T_cells_helpers,,True
CGAAATGAGCTGCACA-1,0,Monocytes_CD14,,True
CGAAATGAGCTTACTT-1,0,Monocytes_CD14,,True
CGAAATGAGGACCTTG-1,0,Monocytes_CD14,,True
CGAAATGAGTGAGCAA-1,1,Naοve_CD4_T_cells_helpers,,True
CGAACAAAGCACTTGG-1,7,Non_classical_Monocytes,,True
CGAACAAAGCCTAATA-1,1,Naοve_CD4_T_cells_helpers,,True
CGAACAAAGCTAATCA-1,0,Monocytes_CD14,,True
CGAACAAAGCTCCTAC-1,3,Naοve_CD8_T_cells,,True
CGAACAAAGGACTTAC-1,0,Monocytes_CD14,,True
CGAACAAAGGCGGGTA-1,3,Naοve_CD8_T_cells,,True
CGAACAAAGGTCCTGA-1,4,Cytotoxic_T_cell,,True
CGAACAAAGTAACTCA-1,0,Monocytes_CD14,,True
CGAACAAAGTTTCCGC-1,0,Monocytes_CD14,,True
CGAACCGGTACCGGAT-1,2,T_cells_general_cd4 ambigouus,,False
CGAACCGGTAGCCATA-1,2,T_cells_general_cd4 ambigouus,,False
CGAACCGGTCAATACG-1,3,Naοve_CD8_T_cells,,True
CGAACCGGTCACGAAC-1,0,Monocytes_CD14,,True
CGAACCGGTCACGGAT-1,0,Monocytes_CD14,,True
CGAACCGGTGAGACTC-1,0,Monocytes_CD14,,True
CGAACCGGTGGATTAT-1,4,Cytotoxic_T_cell,,True
CGAACCGGTGGCTTCC-1,3,Naοve_CD8_T_cells,,True
CGAACCGGTTAGGCTA-1,2,T_cells_general_cd4 ambigouus,,False
CGAACCGGTTCAAGCA-1,1,Naοve_CD4_T_cells_helpers,,True
CGAAGAATCACTAAGC-1,3,Naοve_CD8_T_cells,,True
CGAAGAATCACTCGCT-1,9,Dendritic cells,,True
CGAAGAATCATTTAGG-1,8,Naοve_B_cells,,True
CGAAGAATCCGGTTAG-1,8,Naοve_B_cells,,True
CGAAGAATCGAAGCGG-1,0,Monocytes_CD14,,True
CGAAGAATCGCATTAA-1,7,Non_classical_Monocytes,,True
CGAAGCCTCATGCTAA-1,7,Non_classical_Monocytes,,True
CGAAGCCTCATGTTTC-1,3,Naοve_CD8_T_cells,,True
CGAAGCCTCCGCTAGA-1,6,Memory_B_cells,,True
CGAAGCCTCTTAGCCC-1,6,Memory_B_cells,,True
CGAAGCGAGATGCCTG-1,0,Monocytes_CD14,,True
CGAAGCGAGGCAATAG-1,2,T_cells_general_cd4 ambigouus,,False
CGAAGCGAGGCGCTAC-1,1,Naοve_CD4_T_cells_helpers,,True
CGAAGCGAGGCTACAT-1,4,Cytotoxic_T_cell,,True
CGAAGCGAGGGCTAAA-1,0,Monocytes_CD14,,True
CGAAGCGAGGTGCTGC-1,0,Monocytes_CD14,,True
CGAAGCGAGGTTTGCG-1,3,Naοve_CD8_T_cells,,True
CGAAGCGAGTAGCGCC-1,2,T_cells_general_cd4 ambigouus,,False
CGAAGCGAGTTAGAGG-1,6,Memory_B_cells,,True
CGAAGGCCAACAACAA-1,0,Monocytes_CD14,,True
CGAAGGCCAAGCTTAT-1,10,Cytotoxic_T_NK,,False
CGAAGGCCACCTACGG-1,3,Naοve_CD8_T_cells,,True
CGAAGGCCACGCAACT-1,1,Naοve_CD4_T_cells_helpers,,True
CGAAGGCCAGGCGATA-1,0,Monocytes_CD14,,True
CGAAGTAAGCACGTTG-1,8,Naοve_B_cells,,True
CGAAGTAAGGACCGCT-1,2,T_cells_general_cd4 ambigouus,,False
CGAAGTAAGGGACGCA-1,2,T_cells_general_cd4 ambigouus,,False
CGAAGTAAGGTATTGC-1,7,Non_classical_Monocytes,,True
CGAAGTAAGTGGCGGA-1,0,Monocytes_CD14,,True
CGAATATGTCAGTAAT-1,1,Naοve_CD4_T_cells_helpers,,True
CGAATATGTCCCGAAG-1,0,Monocytes_CD14,,True
CGAATATGTCCTAGTT-1,3,Naοve_CD8_T_cells,,True
CGAATATGTGAAACAA-1,4,Cytotoxic_T_cell,,True
CGAATATGTGCAACTA-1,1,Naοve_CD4_T_cells_helpers,,True
CGAATATGTGGGTACT-1,0,Monocytes_CD14,,True
CGAATATGTGGTGAGA-1,0,Monocytes_CD14,,True
CGAATATGTTGTTGCT-1,0,Monocytes_CD14,,True
CGAATCTAGACACCGC-1,3,Naοve_CD8_T_cells,,True
CGAATCTAGCACCACA-1,3,Naοve_CD8_T_cells,,True
CGAATCTAGGCCAATT-1,3,Naοve_CD8_T_cells,,True
CGAATCTAGTAAGGGC-1,2,T_cells_general_cd4 ambigouus,,False
CGAATCTAGTCGCAAT-1,1,Naοve_CD4_T_cells_helpers,,True
CGAATCTAGTCTATGA-1,0,Monocytes_CD14,,True
CGAATCTAGTTAGACC-1,7,Non_classical_Monocytes,,True
CGACAAGCAAGCTAAA-1,1,Naοve_CD4_T_cells_helpers,,True
CGACAAGCACCTAATG-1,2,T_cells_general_cd4 ambigouus,,False
CGACAAGCAGGTTCAC-1,0,Monocytes_CD14,,True
CGACAAGCATAGGCGA-1,0,Monocytes_CD14,,True
CGACCTGCAAGACTCC-1,0,Monocytes_CD14,,True
CGACCTGCAAGGGTTG-1,2,T_cells_general_cd4 ambigouus,,False
CGACCTGCAAGGTGCA-1,3,Naοve_CD8_T_cells,,True
CGACCTGCACCTACGG-1,9,Dendritic cells,,True
CGACCTGCACCTCAGG-1,8,Naοve_B_cells,,True
CGACCTGCACTCAACA-1,0,Monocytes_CD14,,True
CGACCTGCAGGGAGCT-1,2,T_cells_general_cd4 ambigouus,,False
CGACCTGCATAAAGCA-1,1,Naοve_CD4_T_cells_helpers,,True
CGACCTGCATCGTTCT-1,2,T_cells_general_cd4 ambigouus,,False
CGACCTGCATTGACAT-1,3,Naοve_CD8_T_cells,,True
CGACTAAGTGCTAGCG-1,5,NK_cells,,True
CGACTAAGTGCTCCGT-1,0,Monocytes_CD14,,True
CGACTAAGTTACATCC-1,0,Monocytes_CD14,,True
CGACTAAGTTACTTCA-1,0,Monocytes_CD14,,True
CGACTAAGTTTGGGCG-1,1,Naοve_CD4_T_cells_helpers,,True
CGAGCGAAGCGAAGTA-1,3,Naοve_CD8_T_cells,,True
CGAGCGAAGGAACCAA-1,2,T_cells_general_cd4 ambigouus,,False
CGAGCGAAGTAAGTGG-1,1,Naοve_CD4_T_cells_helpers,,True
CGAGCGAAGTATTGTG-1,2,T_cells_general_cd4 ambigouus,,False
CGAGCTGGTAAGCACC-1,0,Monocytes_CD14,,True
CGAGCTGGTTAAGCCA-1,0,Monocytes_CD14,,True
CGAGCTGGTTTAACGG-1,0,Monocytes_CD14,,True
CGAGGAAGTAAGCTCA-1,8,Naοve_B_cells,,True
CGAGGAAGTTCATCTA-1,0,Monocytes_CD14,,True
CGAGGCAAGCTGTACG-1,0,Monocytes_CD14,,True
CGAGGCAAGGTCCAAT-1,5,NK_cells,,True
CGAGGCAAGTAACGAG-1,8,Naοve_B_cells,,True
CGAGGCAAGTAAGTCC-1,1,Naοve_CD4_T_cells_helpers,,True
CGAGGCAAGTGATTCA-1,1,Naοve_CD4_T_cells_helpers,,True
CGAGGCAAGTTAGTGC-1,1,Naοve_CD4_T_cells_helpers,,True
CGAGGCAAGTTGGCCA-1,8,Naοve_B_cells,,True
CGAGGTGAGACAACAG-1,4,Cytotoxic_T_cell,,True
CGAGGTGAGACTTACA-1,3,Naοve_CD8_T_cells,,True
CGAGGTGAGCCTCTCG-1,4,Cytotoxic_T_cell,,True
CGAGGTGAGGACCTCA-1,1,Naοve_CD4_T_cells_helpers,,True
CGAGGTGAGGAGGCAT-1,5,NK_cells,,True
CGAGGTGAGGCATTAC-1,0,Monocytes_CD14,,True
CGAGGTGAGTTATCTC-1,3,Naοve_CD8_T_cells,,True
CGAGTCGGTCATAGAT-1,0,Monocytes_CD14,,True
CGAGTCGGTGCCGCAA-1,1,Naοve_CD4_T_cells_helpers,,True
CGATATTCACACCAAC-1,3,Naοve_CD8_T_cells,,True
CGATATTCACTGGCCA-1,0,Monocytes_CD14,,True
CGATATTCAGCACCAT-1,3,Naοve_CD8_T_cells,,True
CGATATTCATGTCAAT-1,1,Naοve_CD4_T_cells_helpers,,True
CGATATTCATGTCGCG-1,2,T_cells_general_cd4 ambigouus,,False
CGATCCTTCACTAATG-1,0,Monocytes_CD14,,True
CGATCCTTCAGCAAGA-1,0,Monocytes_CD14,,True
CGATCCTTCTACCTGC-1,0,Monocytes_CD14,,True
CGATCCTTCTCTAGCC-1,1,Naοve_CD4_T_cells_helpers,,True
CGATGTCCAAACGCGA-1,1,Naοve_CD4_T_cells_helpers,,True
CGATGTCCAAAGGTAC-1,0,Monocytes_CD14,,True
CGATGTCCACTTCATC-1,0,Monocytes_CD14,,True
CGATGTCCAGTAGGTG-1,3,Naοve_CD8_T_cells,,True
CGATGTCCATGGCCTG-1,2,T_cells_general_cd4 ambigouus,,False
CGATTATCAAGGCCAA-1,8,Naοve_B_cells,,True
CGATTATCAATGCGCT-1,10,Cytotoxic_T_NK,,False
CGATTATCACAATACT-1,0,Monocytes_CD14,,True
CGATTATCACAGAACG-1,4,Cytotoxic_T_cell,,True
CGATTATCACTCAACA-1,0,Monocytes_CD14,,True
CGATTATCAGGTATTT-1,10,Cytotoxic_T_NK,,False
CGATTATCAGTCTAAT-1,7,Non_classical_Monocytes,,True
CGATTCCTCCGTGACA-1,0,Monocytes_CD14,,True
CGATTCCTCGATTATG-1,0,Monocytes_CD14,,True
CGATTCCTCGCGCTAA-1,0,Monocytes_CD14,,True
CGATTCCTCGTTAAGC-1,0,Monocytes_CD14,,True
CGATTCCTCTCCTCAA-1,2,T_cells_general_cd4 ambigouus,,False
CGATTCCTCTTGCTAT-1,3,Naοve_CD8_T_cells,,True
CGATTCCTCTTGTCTG-1,5,NK_cells,,True
CGATTCCTCTTTGACT-1,0,Monocytes_CD14,,True
CGATTGAGTAGCCTAA-1,0,Monocytes_CD14,,True
CGATTGAGTTAAGGTT-1,1,Naοve_CD4_T_cells_helpers,,True
CGATTTGCAAACATAG-1,2,T_cells_general_cd4 ambigouus,,False
CGATTTGCAAACGCGA-1,3,Naοve_CD8_T_cells,,True
CGATTTGCAAATACCT-1,2,T_cells_general_cd4 ambigouus,,False
CGATTTGCAATCCTGA-1,0,Monocytes_CD14,,True
CGATTTGCACAGACTC-1,3,Naοve_CD8_T_cells,,True
CGATTTGCAGTAAGTA-1,0,Monocytes_CD14,,True
CGATTTGCATTGCGTA-1,1,Naοve_CD4_T_cells_helpers,,True
CGATTTGCATTGTCAG-1,0,Monocytes_CD14,,True
CGCAAATTCGCTTGCT-1,3,Naοve_CD8_T_cells,,True
CGCAAATTCGTTAGTA-1,3,Naοve_CD8_T_cells,,True
CGCAAATTCTATTGTC-1,2,T_cells_general_cd4 ambigouus,,False
CGCAATAGTAGGTTGC-1,3,Naοve_CD8_T_cells,,True
CGCAATAGTCATTGTC-1,2,T_cells_general_cd4 ambigouus,,False
CGCAATAGTTGCGCGA-1,2,T_cells_general_cd4 ambigouus,,False
CGCAATCCAACTAGGG-1,1,Naοve_CD4_T_cells_helpers,,True
CGCAATCCAAGATTCT-1,5,NK_cells,,True
CGCAATCCAGGCTAGA-1,1,Naοve_CD4_T_cells_helpers,,True
CGCAATCCAGTATGTT-1,1,Naοve_CD4_T_cells_helpers,,True
CGCAATCCAGTTTCTC-1,0,Monocytes_CD14,,True
CGCAATCCATCCTGAA-1,3,Naοve_CD8_T_cells,,True
CGCAATCCATTATGAC-1,5,NK_cells,,True
CGCAATCCATTCCTGT-1,0,Monocytes_CD14,,True
CGCAATGTCAGGCTAT-1,2,T_cells_general_cd4 ambigouus,,False
CGCAATGTCATTACTC-1,1,Naοve_CD4_T_cells_helpers,,True
CGCAATGTCCAAATCA-1,9,Dendritic cells,,True
CGCAATGTCGCTTCTA-1,3,Naοve_CD8_T_cells,,True
CGCAATGTCGGTCAAT-1,0,Monocytes_CD14,,True
CGCAATGTCGTTATCT-1,5,NK_cells,,True
CGCAATTAGAAAGCAT-1,3,Naοve_CD8_T_cells,,True
CGCAATTAGCCAAATC-1,2,T_cells_general_cd4 ambigouus,,False
CGCAATTAGGAGTCTT-1,2,T_cells_general_cd4 ambigouus,,False
CGCAATTAGGTGAAAT-1,1,Naοve_CD4_T_cells_helpers,,True
CGCAATTAGTCTATGA-1,3,Naοve_CD8_T_cells,,True
CGCAATTAGTTTCCTG-1,3,Naοve_CD8_T_cells,,True
CGCACAATCACAGGAA-1,0,Monocytes_CD14,,True
CGCACAATCACCGGTA-1,0,Monocytes_CD14,,True
CGCACAATCAGCACGC-1,0,Monocytes_CD14,,True
CGCACAATCATAACGC-1,0,Monocytes_CD14,,True
CGCACAATCCCATAGG-1,0,Monocytes_CD14,,True
CGCACAATCCTAACGG-1,3,Naοve_CD8_T_cells,,True
CGCACACAGAGGAAGG-1,1,Naοve_CD4_T_cells_helpers,,True
CGCACACAGCTCAATA-1,0,Monocytes_CD14,,True
CGCACCACAGCAAGTG-1,5,NK_cells,,True
CGCACCACATAATTGC-1,0,Monocytes_CD14,,True
CGCACCACATTGCGTA-1,3,Naοve_CD8_T_cells,,True
CGCATATAGCATGCAT-1,2,T_cells_general_cd4 ambigouus,,False
CGCATATAGCTGGACC-1,6,Memory_B_cells,,True
CGCATATAGCTTAGTA-1,1,Naοve_CD4_T_cells_helpers,,True
CGCATATAGGTCTTGG-1,6,Memory_B_cells,,True
CGCATATAGGTTACGT-1,2,T_cells_general_cd4 ambigouus,,False
CGCATATAGTATTGCA-1,1,Naοve_CD4_T_cells_helpers,,True
CGCATGATCATGGCCA-1,5,NK_cells,,True
CGCATGATCCATCAGG-1,6,Memory_B_cells,,True
CGCATGATCCTGGTCT-1,4,Cytotoxic_T_cell,,True
CGCATTACAATAATCC-1,0,Monocytes_CD14,,True
CGCATTACAATAGCAA-1,0,Monocytes_CD14,,True
CGCATTACAATATAGG-1,9,Dendritic cells,,True
CGCATTACACATAACT-1,1,Naοve_CD4_T_cells_helpers,,True
CGCATTACACCTAATG-1,2,T_cells_general_cd4 ambigouus,,False
CGCATTACATAGCAGG-1,2,T_cells_general_cd4 ambigouus,,False
CGCATTACATGTGGGA-1,8,Naοve_B_cells,,True
CGCATTACATTGTTGG-1,3,Naοve_CD8_T_cells,,True
CGCATTTGTCACAAAT-1,2,T_cells_general_cd4 ambigouus,,False
CGCATTTGTGCTGGTG-1,0,Monocytes_CD14,,True
CGCATTTGTTAAGGTT-1,3,Naοve_CD8_T_cells,,True
CGCATTTGTTCCGGGA-1,1,Naοve_CD4_T_cells_helpers,,True
CGCCAAATCAATCTCT-1,0,Monocytes_CD14,,True
CGCCAAATCACTTTAC-1,2,T_cells_general_cd4 ambigouus,,False
CGCCAAATCCAATAGC-1,6,Memory_B_cells,,True
CGCCAAATCCCAGTAG-1,7,Non_classical_Monocytes,,True
CGCCAAATCCTTGTTG-1,6,Memory_B_cells,,True
CGCCAAATCGGTCATG-1,1,Naοve_CD4_T_cells_helpers,,True
CGCCACACAACCTGGT-1,1,Naοve_CD4_T_cells_helpers,,True
CGCCACACACCTAAGC-1,1,Naοve_CD4_T_cells_helpers,,True
CGCCACACACTTAACG-1,8,Naοve_B_cells,,True
CGCCACACAGAGAGCC-1,10,Cytotoxic_T_NK,,False
CGCCACACAGCTTAGC-1,0,Monocytes_CD14,,True
CGCCACACATAGACTT-1,0,Monocytes_CD14,,True
CGCCTCATCAACCAAC-1,0,Monocytes_CD14,,True
CGCCTCATCACTAGGT-1,1,Naοve_CD4_T_cells_helpers,,True
CGCCTCATCCGTCCAT-1,0,Monocytes_CD14,,True
CGCCTCATCCGTGACA-1,4,Cytotoxic_T_cell,,True
CGCCTCATCGAGCAAA-1,1,Naοve_CD4_T_cells_helpers,,True
CGCCTCATCGCATTAA-1,6,Memory_B_cells,,True
CGCCTCATCGCTATGG-1,3,Naοve_CD8_T_cells,,True
CGCCTCATCTCGCCCA-1,1,Naοve_CD4_T_cells_helpers,,True
CGCCTCATCTTAGTCT-1,0,Monocytes_CD14,,True
CGCCTCATCTTGGATA-1,0,Monocytes_CD14,,True
CGCCTGTGTAAGCTCA-1,0,Monocytes_CD14,,True
CGCCTGTGTCATGCAA-1,0,Monocytes_CD14,,True
CGCCTGTGTCATTAGG-1,6,Memory_B_cells,,True
CGCCTGTGTCCGTAGG-1,1,Naοve_CD4_T_cells_helpers,,True
CGCCTGTGTCTATCGT-1,0,Monocytes_CD14,,True
CGCCTGTGTGCACGCA-1,2,T_cells_general_cd4 ambigouus,,False
CGCCTGTGTGCTAGCG-1,0,Monocytes_CD14,,True
CGCCTGTGTGTGCAAC-1,2,T_cells_general_cd4 ambigouus,,False
CGCCTGTGTTGTCCAT-1,0,Monocytes_CD14,,True
CGCGATTCACATTAAC-1,1,Naοve_CD4_T_cells_helpers,,True
CGCGATTCAGGATGGC-1,5,NK_cells,,True
CGCGATTCATACCCGG-1,2,T_cells_general_cd4 ambigouus,,False
CGCGATTCATGTTGTG-1,3,Naοve_CD8_T_cells,,True
CGCGATTCATTGCAGC-1,0,Monocytes_CD14,,True
CGCGGATTCATGTTTC-1,0,Monocytes_CD14,,True
CGCGGATTCATTACAG-1,2,T_cells_general_cd4 ambigouus,,False
CGCGGATTCCAACTGG-1,1,Naοve_CD4_T_cells_helpers,,True
CGCGGATTCCTAGTCC-1,0,Monocytes_CD14,,True
CGCGGATTCTGTGCCT-1,5,NK_cells,,True
CGCTAACCAACTGGCT-1,2,T_cells_general_cd4 ambigouus,,False
CGCTAACCAATGAATG-1,0,Monocytes_CD14,,True
CGCTAACCACTAGCGT-1,5,NK_cells,,True
CGCTAACCAGCTAACC-1,1,Naοve_CD4_T_cells_helpers,,True
CGCTAACCATAATCGT-1,0,Monocytes_CD14,,True
CGCTAACCATAGCGGA-1,2,T_cells_general_cd4 ambigouus,,False
CGCTAACCATGTTGGC-1,0,Monocytes_CD14,,True
CGCTAATAGCACAGAA-1,0,Monocytes_CD14,,True
CGCTAATAGCTAGAAG-1,2,T_cells_general_cd4 ambigouus,,False
CGCTAATAGGAGGGTT-1,2,T_cells_general_cd4 ambigouus,,False
CGCTAATAGGGACTAA-1,3,Naοve_CD8_T_cells,,True
CGCTAATAGGTCGAGG-1,3,Naοve_CD8_T_cells,,True
CGCTACTTCAATGTCA-1,0,Monocytes_CD14,,True
CGCTACTTCCCTGATC-1,1,Naοve_CD4_T_cells_helpers,,True
CGCTACTTCCTAATAG-1,3,Naοve_CD8_T_cells,,True
CGCTACTTCGCTAGCA-1,0,Monocytes_CD14,,True
CGCTACTTCTAACCAA-1,6,Memory_B_cells,,True
CGCTACTTCTCGCCCA-1,0,Monocytes_CD14,,True
CGCTACTTCTTGATGA-1,2,T_cells_general_cd4 ambigouus,,False
CGCTACTTCTTGTCCA-1,4,Cytotoxic_T_cell,,True
CGCTATGAGACTTATG-1,6,Memory_B_cells,,True
CGCTATGAGCTGTACG-1,4,Cytotoxic_T_cell,,True
CGCTATGAGGTCCAAT-1,11,pDC,,False
CGCTCAGCAAACGGGC-1,7,Non_classical_Monocytes,,True
CGCTCAGCATAAGGAC-1,0,Monocytes_CD14,,True
CGCTCAGCATTAAACC-1,0,Monocytes_CD14,,True
CGCTCCATCAATGTGC-1,2,T_cells_general_cd4 ambigouus,,False
CGCTCCATCATCCTGC-1,0,Monocytes_CD14,,True
CGCTCCATCGGGACCT-1,1,Naοve_CD4_T_cells_helpers,,True
CGCTCCATCTAAGGTC-1,6,Memory_B_cells,,True
CGCTCCATCTTGCAGG-1,0,Monocytes_CD14,,True
CGCTGTGCAAAGCCTC-1,0,Monocytes_CD14,,True
CGCTGTGCACAGAAAC-1,7,Non_classical_Monocytes,,True
CGCTGTGCAGTTAGCC-1,0,Monocytes_CD14,,True
CGCTGTGCATTGTGGC-1,2,T_cells_general_cd4 ambigouus,,False
CGCTTAACACAGCCAT-1,3,Naοve_CD8_T_cells,,True
CGCTTAACAGCCGCTA-1,8,Naοve_B_cells,,True
CGCTTACTCCTAATTC-1,4,Cytotoxic_T_cell,,True
CGCTTACTCGCTATGG-1,1,Naοve_CD4_T_cells_helpers,,True
CGCTTACTCTGCAAAC-1,11,pDC,,False
CGCTTCTAGAGGATAT-1,0,Monocytes_CD14,,True
CGCTTCTAGCAGGTGG-1,0,Monocytes_CD14,,True
CGCTTCTAGCCGCAAC-1,7,Non_classical_Monocytes,,True
CGCTTCTAGGAAACTG-1,9,Dendritic cells,,True
CGCTTCTAGGCGAAAC-1,2,T_cells_general_cd4 ambigouus,,False
CGCTTCTAGGTCGATT-1,3,Naοve_CD8_T_cells,,True
CGCTTCTAGGTTTGCG-1,1,Naοve_CD4_T_cells_helpers,,True
CGCTTCTAGTTAGTTG-1,4,Cytotoxic_T_cell,,True
CGCTTCTAGTTTAACG-1,0,Monocytes_CD14,,True
CGCTTGCGTATTCGTC-1,4,Cytotoxic_T_cell,,True
CGCTTGCGTCCGCTGT-1,0,Monocytes_CD14,,True
CGCTTGCGTGCATTAG-1,5,NK_cells,,True
CGCTTGCGTGCGCAAT-1,0,Monocytes_CD14,,True
CGCTTGCGTGGAAACG-1,2,T_cells_general_cd4 ambigouus,,False
CGCTTGCGTGGCTTCC-1,4,Cytotoxic_T_cell,,True
CGCTTGCGTTACTAGG-1,2,T_cells_general_cd4 ambigouus,,False
CGCTTGCGTTAGCCAA-1,2,T_cells_general_cd4 ambigouus,,False
CGCTTGCGTTGTGACA-1,10,Cytotoxic_T_NK,,False
CGGAATCGTCAGGCAT-1,9,Dendritic cells,,True
CGGAATCGTGGAAACG-1,1,Naοve_CD4_T_cells_helpers,,True
CGGAATCGTTCACCCA-1,1,Naοve_CD4_T_cells_helpers,,True
CGGAATCGTTGCCTCA-1,2,T_cells_general_cd4 ambigouus,,False
CGGAATCGTTGTGATG-1,0,Monocytes_CD14,,True
CGGAATCGTTTGTGGA-1,3,Naοve_CD8_T_cells,,True
CGGACAACAAGGACCA-1,0,Monocytes_CD14,,True
CGGACAACACAAAGGT-1,0,Monocytes_CD14,,True
CGGACAACACCTGCCT-1,4,Cytotoxic_T_cell,,True
CGGACAACAGTGAACG-1,0,Monocytes_CD14,,True
CGGACAACATAGACCC-1,7,Non_classical_Monocytes,,True
CGGACAACATTCCTCG-1,1,Naοve_CD4_T_cells_helpers,,True
CGGACCTAGCTAAAGG-1,0,Monocytes_CD14,,True
CGGACCTAGGACCTGC-1,0,Monocytes_CD14,,True
CGGACCTAGGAGGACT-1,3,Naοve_CD8_T_cells,,True
CGGACCTAGGCAATAG-1,5,NK_cells,,True
CGGACCTAGGTACCGC-1,3,Naοve_CD8_T_cells,,True
CGGACCTAGTCACTCC-1,5,NK_cells,,True
CGGAGCAAGAGCAAGC-1,3,Naοve_CD8_T_cells,,True
CGGAGCAAGCCTTAAA-1,1,Naοve_CD4_T_cells_helpers,,True
CGGAGCAAGCGCATTG-1,4,Cytotoxic_T_cell,,True
CGGAGCAAGCTGAGGG-1,4,Cytotoxic_T_cell,,True
CGGAGCAAGGCGTAAA-1,0,Monocytes_CD14,,True
CGGAGCAAGGGCCACT-1,8,Naοve_B_cells,,True
CGGAGCAAGTCATTTC-1,3,Naοve_CD8_T_cells,,True
CGGAGCAAGTTGTCAA-1,10,Cytotoxic_T_NK,,False
CGGAGTCTCACACAGT-1,0,Monocytes_CD14,,True
CGGAGTCTCAGTTCCC-1,1,Naοve_CD4_T_cells_helpers,,True
CGGAGTCTCCTAGTTT-1,4,Cytotoxic_T_cell,,True
CGGAGTCTCTTAATGG-1,3,Naοve_CD8_T_cells,,True
CGGATAAAGAATGACG-1,4,Cytotoxic_T_cell,,True
CGGATAAAGAGAGGCT-1,1,Naοve_CD4_T_cells_helpers,,True
CGGATAAAGCACTAAC-1,2,T_cells_general_cd4 ambigouus,,False
CGGATAAAGCATGAAG-1,10,Cytotoxic_T_NK,,False
CGGATAAAGCGTGCAC-1,5,NK_cells,,True
CGGATAAAGGCCAATT-1,2,T_cells_general_cd4 ambigouus,,False
CGGATAAAGGTCGATT-1,2,T_cells_general_cd4 ambigouus,,False
CGGATAAAGTAGAGGC-1,3,Naοve_CD8_T_cells,,True
CGGATAAAGTCAGTAC-1,3,Naοve_CD8_T_cells,,True
CGGATTAGTAGCCTCC-1,0,Monocytes_CD14,,True
CGGATTAGTGAGGTAG-1,4,Cytotoxic_T_cell,,True
CGGCAATGTAGTTAAC-1,4,Cytotoxic_T_cell,,True
CGGCAATGTCGCGCAA-1,4,Cytotoxic_T_cell,,True
CGGCAATGTCGTTACT-1,3,Naοve_CD8_T_cells,,True
CGGCAATGTGCTCCGT-1,2,T_cells_general_cd4 ambigouus,,False
CGGCAATGTGTTAAAC-1,0,Monocytes_CD14,,True
CGGCCATAGAAGGTGC-1,0,Monocytes_CD14,,True
CGGCCATAGATGGAGC-1,2,T_cells_general_cd4 ambigouus,,False
CGGCCATAGCATCCAG-1,3,Naοve_CD8_T_cells,,True
CGGCCATAGGGACTAA-1,8,Naοve_B_cells,,True
CGGCCATAGTAAGTGG-1,0,Monocytes_CD14,,True
CGGCTAATCCAGGAAA-1,3,Naοve_CD8_T_cells,,True
CGGCTAATCGCCTGTT-1,0,Monocytes_CD14,,True
CGGCTAATCTAATCCT-1,5,NK_cells,,True
CGGCTAATCTAATCTC-1,3,Naοve_CD8_T_cells,,True
CGGCTAATCTTAGTGA-1,5,NK_cells,,True
CGGCTCACAAGGTGCA-1,0,Monocytes_CD14,,True
CGGCTCACACAAAGGT-1,3,Naοve_CD8_T_cells,,True
CGGCTCACAGGCATCT-1,0,Monocytes_CD14,,True
CGGGACAAGCCTGTTC-1,1,Naοve_CD4_T_cells_helpers,,True
CGGGACAAGCTAAAGG-1,3,Naοve_CD8_T_cells,,True
CGGGACAAGCTGCACA-1,10,Cytotoxic_T_NK,,False
CGGGACAAGTAAGAAC-1,4,Cytotoxic_T_cell,,True
CGGGACAAGTTACCGG-1,5,NK_cells,,True
CGGGCTTAGACTCGCA-1,1,Naοve_CD4_T_cells_helpers,,True
CGGGCTTAGAGGAGTC-1,0,Monocytes_CD14,,True
CGGGCTTAGCTCATAA-1,2,T_cells_general_cd4 ambigouus,,False
CGGGCTTAGGACAACA-1,3,Naοve_CD8_T_cells,,True
CGGGCTTAGGATTGCT-1,6,Memory_B_cells,,True
CGGGCTTAGTATTGTG-1,1,Naοve_CD4_T_cells_helpers,,True
CGGGCTTAGTCATTAG-1,5,NK_cells,,True
CGGGCTTAGTTATTCC-1,3,Naοve_CD8_T_cells,,True
CGGGTATGTGATTACG-1,1,Naοve_CD4_T_cells_helpers,,True
CGGGTCTAGTAACGGA-1,1,Naοve_CD4_T_cells_helpers,,True
CGGGTCTAGTGGCGGA-1,3,Naοve_CD8_T_cells,,True
CGGTAACGTAATCGCA-1,0,Monocytes_CD14,,True
CGGTAACGTCATTGTC-1,6,Memory_B_cells,,True
CGGTAACGTGAACAAA-1,7,Non_classical_Monocytes,,True
CGGTAACGTGATGGCT-1,7,Non_classical_Monocytes,,True
CGGTAACGTTACTAGG-1,1,Naοve_CD4_T_cells_helpers,,True
CGGTAACGTTAGACCA-1,1,Naοve_CD4_T_cells_helpers,,True
CGGTAACGTTTACTTG-1,1,Naοve_CD4_T_cells_helpers,,True
CGGTAACGTTTCCTCC-1,1,Naοve_CD4_T_cells_helpers,,True
CGGTGAACAAACCTTG-1,0,Monocytes_CD14,,True
CGGTGAACAAGCTACC-1,0,Monocytes_CD14,,True
CGGTGAACAATAAGCA-1,2,T_cells_general_cd4 ambigouus,,False
CGGTGAACAATGCCCG-1,3,Naοve_CD8_T_cells,,True
CGGTGAACACGAATTT-1,9,Dendritic cells,,True
CGGTGAACACGTTACA-1,2,T_cells_general_cd4 ambigouus,,False
CGGTGAACACTCGCTC-1,3,Naοve_CD8_T_cells,,True
CGGTGAACAGGCATCT-1,2,T_cells_general_cd4 ambigouus,,False
CGGTGAACAGTTTGTG-1,1,Naοve_CD4_T_cells_helpers,,True
CGGTGAACATTATGAC-1,5,NK_cells,,True
CGGTGAGAGGCCATCA-1,1,Naοve_CD4_T_cells_helpers,,True
CGGTGAGAGGTTTACA-1,1,Naοve_CD4_T_cells_helpers,,True
CGGTGAGAGGTTTGAC-1,0,Monocytes_CD14,,True
CGGTTATAGAACCTAC-1,2,T_cells_general_cd4 ambigouus,,False
CGGTTATAGATAGACG-1,1,Naοve_CD4_T_cells_helpers,,True
CGGTTATAGCAGGCCT-1,3,Naοve_CD8_T_cells,,True
CGGTTATAGTGGACAA-1,4,Cytotoxic_T_cell,,True
CGGTTATAGTTAGACC-1,2,T_cells_general_cd4 ambigouus,,False
CGGTTATAGTTCCTGC-1,3,Naοve_CD8_T_cells,,True
CGGTTATAGTTTGAGC-1,0,Monocytes_CD14,,True
CGGTTCCGTTAACACG-1,1,Naοve_CD4_T_cells_helpers,,True
CGGTTGGGTCCTAAGA-1,0,Monocytes_CD14,,True
CGGTTGGGTCCTCCAA-1,2,T_cells_general_cd4 ambigouus,,False
CGGTTGGGTTAAGGTT-1,0,Monocytes_CD14,,True
CGGTTGGGTTAATGCG-1,0,Monocytes_CD14,,True
CGGTTGGGTTCATTTG-1,5,NK_cells,,True
CGGTTGGGTTGTTGTC-1,0,Monocytes_CD14,,True
CGGTTGGGTTTAAAGC-1,7,Non_classical_Monocytes,,True
CGGTTGGGTTTACTTG-1,0,Monocytes_CD14,,True
CGGTTTCTCAAGCTTA-1,6,Memory_B_cells,,True
CGGTTTCTCAATGACC-1,4,Cytotoxic_T_cell,,True
CGGTTTCTCACTTTAC-1,0,Monocytes_CD14,,True
CGGTTTCTCAGTATTG-1,3,Naοve_CD8_T_cells,,True
CGGTTTCTCCCTGGAA-1,11,pDC,,False
CGGTTTCTCCGGAACC-1,1,Naοve_CD4_T_cells_helpers,,True
CGGTTTCTCCTGAATA-1,4,Cytotoxic_T_cell,,True
CGGTTTCTCCTTAATC-1,1,Naοve_CD4_T_cells_helpers,,True
CGGTTTCTCGTTATCT-1,7,Non_classical_Monocytes,,True
CGGTTTCTCTCTAGCC-1,7,Non_classical_Monocytes,,True
CGGTTTCTCTTAGTGA-1,3,Naοve_CD8_T_cells,,True
CGGTTTGAGCCTAACG-1,3,Naοve_CD8_T_cells,,True
CGGTTTGAGCTGAGGG-1,3,Naοve_CD8_T_cells,,True
CGGTTTGAGGAACACA-1,1,Naοve_CD4_T_cells_helpers,,True
CGGTTTGAGGAAGTAT-1,4,Cytotoxic_T_cell,,True
CGGTTTGAGTGAACAG-1,3,Naοve_CD8_T_cells,,True
CGGTTTGAGTTTGGTA-1,4,Cytotoxic_T_cell,,True
CGTAACCCAATCCTGA-1,2,T_cells_general_cd4 ambigouus,,False
CGTAACCCACCTGCTC-1,1,Naοve_CD4_T_cells_helpers,,True
CGTAACCCACGTAATT-1,7,Non_classical_Monocytes,,True
CGTAACCCAGGCGATA-1,0,Monocytes_CD14,,True
CGTAACCCAGGTTAAA-1,0,Monocytes_CD14,,True
CGTAACCCAGTTAAAG-1,2,T_cells_general_cd4 ambigouus,,False
CGTAACCCATGGCCCA-1,1,Naοve_CD4_T_cells_helpers,,True
CGTAACTAGAATCGCT-1,7,Non_classical_Monocytes,,True
CGTAACTAGCCGGTAC-1,2,T_cells_general_cd4 ambigouus,,False
CGTAACTAGCTAATCA-1,4,Cytotoxic_T_cell,,True
CGTAACTAGGATGATG-1,1,Naοve_CD4_T_cells_helpers,,True
CGTAACTAGTGTGATC-1,1,Naοve_CD4_T_cells_helpers,,True
CGTACGGGTTGGCCGA-1,1,Naοve_CD4_T_cells_helpers,,True
CGTAGCGGTACCGGAT-1,0,Monocytes_CD14,,True
CGTAGCGGTACGATTG-1,2,T_cells_general_cd4 ambigouus,,False
CGTAGCGGTATTGAGT-1,4,Cytotoxic_T_cell,,True
CGTAGCGGTCAGGCAT-1,8,Naοve_B_cells,,True
CGTAGCGGTCGTTACT-1,4,Cytotoxic_T_cell,,True
CGTAGCGGTGCTAGAC-1,8,Naοve_B_cells,,True
CGTAGTTAGCTTGCTC-1,1,Naοve_CD4_T_cells_helpers,,True
CGTAGTTAGGACCTGC-1,1,Naοve_CD4_T_cells_helpers,,True
CGTAGTTAGGCGCTAC-1,3,Naοve_CD8_T_cells,,True
CGTAGTTAGGCTAATC-1,0,Monocytes_CD14,,True
CGTAGTTAGGCTAGAA-1,1,Naοve_CD4_T_cells_helpers,,True
CGTAGTTAGGGTGAAC-1,1,Naοve_CD4_T_cells_helpers,,True
CGTAGTTAGGTTTACA-1,7,Non_classical_Monocytes,,True
CGTATTGCAAATACCT-1,2,T_cells_general_cd4 ambigouus,,False
CGTATTGCAAGCTAAA-1,3,Naοve_CD8_T_cells,,True
CGTATTGCAAGGAATC-1,0,Monocytes_CD14,,True
CGTATTGCAAGTGAAC-1,0,Monocytes_CD14,,True
CGTATTGCAGAGGGAG-1,2,T_cells_general_cd4 ambigouus,,False
CGTATTGCAGCTAATT-1,5,NK_cells,,True
CGTATTGCAGGAACCA-1,3,Naοve_CD8_T_cells,,True
CGTATTGCATAGACCC-1,0,Monocytes_CD14,,True
CGTATTGCATTCAGCA-1,3,Naοve_CD8_T_cells,,True
CGTATTGCATTGTGAT-1,2,T_cells_general_cd4 ambigouus,,False
CGTCAATAGCCTGATG-1,6,Memory_B_cells,,True
CGTCAATAGCGCTAAT-1,2,T_cells_general_cd4 ambigouus,,False
CGTCAATAGGACGTAA-1,3,Naοve_CD8_T_cells,,True
CGTCAATAGTAAGAAC-1,2,T_cells_general_cd4 ambigouus,,False
CGTCATTGTAACGAGG-1,2,T_cells_general_cd4 ambigouus,,False
CGTCATTGTCGTAAAT-1,2,T_cells_general_cd4 ambigouus,,False
CGTCATTGTGGAAGGC-1,1,Naοve_CD4_T_cells_helpers,,True
CGTCATTGTTAGACCA-1,3,Naοve_CD8_T_cells,,True
CGTCATTGTTGAGCCG-1,3,Naοve_CD8_T_cells,,True
CGTCATTGTTGCATCT-1,0,Monocytes_CD14,,True
CGTCCTAGTACAATGT-1,4,Cytotoxic_T_cell,,True
CGTCCTAGTATTGAGT-1,1,Naοve_CD4_T_cells_helpers,,True
CGTCCTAGTCAGGCCA-1,3,Naοve_CD8_T_cells,,True
CGTCCTAGTCTATCGT-1,8,Naοve_B_cells,,True
CGTCCTAGTGTTGTAG-1,1,Naοve_CD4_T_cells_helpers,,True
CGTCCTAGTTCCTCCT-1,0,Monocytes_CD14,,True
CGTCCTAGTTCGCGCT-1,0,Monocytes_CD14,,True
CGTCCTAGTTCGCTCA-1,1,Naοve_CD4_T_cells_helpers,,True
CGTCCTAGTTTGCTGT-1,1,Naοve_CD4_T_cells_helpers,,True
CGTGACATCATGACCG-1,3,Naοve_CD8_T_cells,,True
CGTGACATCCATAAGC-1,3,Naοve_CD8_T_cells,,True
CGTGACATCTAAATCG-1,0,Monocytes_CD14,,True
CGTGAGGAGAAAGCAT-1,3,Naοve_CD8_T_cells,,True
CGTGAGGAGACTTACA-1,3,Naοve_CD8_T_cells,,True
CGTGAGGAGCAGGTTT-1,1,Naοve_CD4_T_cells_helpers,,True
CGTGAGGAGCTAAGTC-1,3,Naοve_CD8_T_cells,,True
CGTGAGGAGCTCAAAC-1,4,Cytotoxic_T_cell,,True
CGTGAGGAGGAGCAAC-1,1,Naοve_CD4_T_cells_helpers,,True
CGTGAGGAGGATCCGC-1,2,T_cells_general_cd4 ambigouus,,False
CGTGAGGAGGGACTAA-1,11,pDC,,False
CGTGAGGAGGGTCCAC-1,3,Naοve_CD8_T_cells,,True
CGTGAGGAGGTCCTGA-1,2,T_cells_general_cd4 ambigouus,,False
CGTGCTGCAAACTGCC-1,0,Monocytes_CD14,,True
CGTGCTGCAAGATTCT-1,0,Monocytes_CD14,,True
CGTGCTGCAAGGTATA-1,3,Naοve_CD8_T_cells,,True
CGTGCTGCACCATATG-1,4,Cytotoxic_T_cell,,True
CGTGCTGCAGCAACCT-1,6,Memory_B_cells,,True
CGTGCTGCAGCTTACA-1,6,Memory_B_cells,,True
CGTGCTGCAGGCATGA-1,0,Monocytes_CD14,,True
CGTGCTGCAGGTTTGC-1,5,NK_cells,,True
CGTGCTGCAGTTAAAG-1,6,Memory_B_cells,,True
CGTGCTGCATTAAGCT-1,0,Monocytes_CD14,,True
CGTGCTGCATTATGGT-1,0,Monocytes_CD14,,True
CGTGCTGCATTGGGAG-1,1,Naοve_CD4_T_cells_helpers,,True
CGTGCTTTCAATCTCT-1,1,Naοve_CD4_T_cells_helpers,,True
CGTGCTTTCAATGACC-1,4,Cytotoxic_T_cell,,True
CGTGCTTTCCAGGAAA-1,6,Memory_B_cells,,True
CGTGCTTTCCATCAGG-1,9,Dendritic cells,,True
CGTGCTTTCCCGTTAC-1,4,Cytotoxic_T_cell,,True
CGTGCTTTCTAATCAG-1,1,Naοve_CD4_T_cells_helpers,,True
CGTGCTTTCTCACTAT-1,1,Naοve_CD4_T_cells_helpers,,True
CGTGGTTCAATAATGG-1,1,Naοve_CD4_T_cells_helpers,,True
CGTGGTTCACAACAGG-1,3,Naοve_CD8_T_cells,,True
CGTGGTTCAGTCTAGC-1,0,Monocytes_CD14,,True
CGTGGTTCATCTTGAG-1,1,Naοve_CD4_T_cells_helpers,,True
CGTGTGTCACAGAAAC-1,5,NK_cells,,True
CGTGTGTCACCGGCTA-1,3,Naοve_CD8_T_cells,,True
CGTGTGTCAGTTTGGC-1,1,Naοve_CD4_T_cells_helpers,,True
CGTGTGTCATAAAGCA-1,3,Naοve_CD8_T_cells,,True
CGTGTGTCATGATTGT-1,2,T_cells_general_cd4 ambigouus,,False
CGTGTTACAATCCTGA-1,1,Naοve_CD4_T_cells_helpers,,True
CGTGTTACAGCCAGAA-1,0,Monocytes_CD14,,True
CGTGTTACATCACAGC-1,1,Naοve_CD4_T_cells_helpers,,True
CGTGTTACATCCATCT-1,3,Naοve_CD8_T_cells,,True
CGTTAAATCAAGTGTC-1,3,Naοve_CD8_T_cells,,True
CGTTAAATCAATGAGG-1,2,T_cells_general_cd4 ambigouus,,False
CGTTAAATCACGCGGT-1,4,Cytotoxic_T_cell,,True
CGTTAACAGCATGTTA-1,1,Naοve_CD4_T_cells_helpers,,True
CGTTAACAGGACAACA-1,3,Naοve_CD8_T_cells,,True
CGTTAACAGGCTTAAC-1,2,T_cells_general_cd4 ambigouus,,False
CGTTAACAGTGAACGA-1,1,Naοve_CD4_T_cells_helpers,,True
CGTTAGGTCATCCTAT-1,0,Monocytes_CD14,,True
CGTTAGGTCCAGCACA-1,3,Naοve_CD8_T_cells,,True
CGTTAGGTCCTGGTGA-1,3,Naοve_CD8_T_cells,,True
CGTTAGTAGCTCGCTT-1,0,Monocytes_CD14,,True
CGTTAGTAGGAAGTAT-1,5,NK_cells,,True
CGTTAGTAGGCGGATG-1,0,Monocytes_CD14,,True
CGTTAGTAGGTGTTAC-1,2,T_cells_general_cd4 ambigouus,,False
CGTTAGTAGTGGCGGA-1,0,Monocytes_CD14,,True
CGTTATCGTAGGTGTC-1,1,Naοve_CD4_T_cells_helpers,,True
CGTTATCGTCAAACTG-1,0,Monocytes_CD14,,True
CGTTATCGTGGGTACT-1,2,T_cells_general_cd4 ambigouus,,False
CGTTATCGTTCCGGGA-1,0,Monocytes_CD14,,True
CGTTATTTCAAGGACA-1,0,Monocytes_CD14,,True
CGTTATTTCTTGCTAT-1,2,T_cells_general_cd4 ambigouus,,False
CGTTGCAAGCAGGTGG-1,2,T_cells_general_cd4 ambigouus,,False
CGTTGCAAGCATGAAG-1,3,Naοve_CD8_T_cells,,True
CGTTGCAAGCCGCAGT-1,2,T_cells_general_cd4 ambigouus,,False
CGTTGCAAGCTGTACG-1,4,Cytotoxic_T_cell,,True
CGTTGCAAGCTTAGTA-1,1,Naοve_CD4_T_cells_helpers,,True
CGTTGCAAGGACACTT-1,0,Monocytes_CD14,,True
CGTTGCAAGTCATTTC-1,5,NK_cells,,True
CGTTGCGCAAAGCGGC-1,6,Memory_B_cells,,True
CGTTGCGCAACAACAA-1,8,Naοve_B_cells,,True
CGTTGCGCACAGAAAC-1,2,T_cells_general_cd4 ambigouus,,False
CGTTGCGCAGGTTAAA-1,0,Monocytes_CD14,,True
CGTTGCGCAGTGAACG-1,2,T_cells_general_cd4 ambigouus,,False
CGTTGCGCATGATTGT-1,5,NK_cells,,True
CGTTGCGCATGTTGGC-1,3,Naοve_CD8_T_cells,,True
CGTTGCGCATTTAAGC-1,3,Naοve_CD8_T_cells,,True
CGTTTCTCAACACTTG-1,0,Monocytes_CD14,,True
CGTTTCTCACGAATTT-1,1,Naοve_CD4_T_cells_helpers,,True
CGTTTCTCATAGCAGG-1,1,Naοve_CD4_T_cells_helpers,,True
CGTTTCTCATGGTTAT-1,0,Monocytes_CD14,,True
CGTTTGGAGCGCAATT-1,0,Monocytes_CD14,,True
CGTTTGGAGGATTGCT-1,6,Memory_B_cells,,True
CGTTTGGAGGCCATCA-1,0,Monocytes_CD14,,True
CGTTTGGAGTCACGAT-1,4,Cytotoxic_T_cell,,True
CGTTTGGAGTCAGGCC-1,11,pDC,,False
CGTTTGGAGTTAGTTG-1,2,T_cells_general_cd4 ambigouus,,False
CGTTTGGAGTTGTCCC-1,0,Monocytes_CD14,,True
CGTTTGTGTCACCAAA-1,0,Monocytes_CD14,,True
CGTTTGTGTGCATTTC-1,4,Cytotoxic_T_cell,,True
CGTTTGTGTGGATTAT-1,6,Memory_B_cells,,True
CTAAAGCTCACCATTT-1,7,Non_classical_Monocytes,,True
CTAAAGCTCACTAGGT-1,3,Naοve_CD8_T_cells,,True
CTAAAGCTCGAGGAGT-1,1,Naοve_CD4_T_cells_helpers,,True
CTAAAGCTCGTCAAGT-1,6,Memory_B_cells,,True
CTAAAGCTCTCGCCTG-1,6,Memory_B_cells,,True
CTAAAGCTCTTTGAGA-1,0,Monocytes_CD14,,True
CTAAATGTCACAAGCT-1,4,Cytotoxic_T_cell,,True
CTAAATGTCCGTCCAT-1,3,Naοve_CD8_T_cells,,True
CTAAATGTCGTTCACC-1,0,Monocytes_CD14,,True
CTAAATGTCTAAGGTC-1,1,Naοve_CD4_T_cells_helpers,,True
CTAACCACAACAGCCT-1,3,Naοve_CD8_T_cells,,True
CTAACCACAAGACTCC-1,2,T_cells_general_cd4 ambigouus,,False
CTAACCACAAGATTCT-1,3,Naοve_CD8_T_cells,,True
CTAACCACAATTAAGG-1,4,Cytotoxic_T_cell,,True
CTAACCACAGTACCGT-1,7,Non_classical_Monocytes,,True
CTAACCACAGTTTGTG-1,0,Monocytes_CD14,,True
CTAACCACATGGCCTG-1,2,T_cells_general_cd4 ambigouus,,False
CTAACCACATTAAGTC-1,2,T_cells_general_cd4 ambigouus,,False
CTAACCCTCAAACTCA-1,1,Naοve_CD4_T_cells_helpers,,True
CTAACCCTCCCTGGAA-1,0,Monocytes_CD14,,True
CTAACCCTCCTCACAC-1,2,T_cells_general_cd4 ambigouus,,False
CTAACCCTCTCAATTC-1,5,NK_cells,,True
CTAACCCTCTCACAAA-1,3,Naοve_CD8_T_cells,,True
CTAACCCTCTCCATGC-1,3,Naοve_CD8_T_cells,,True
CTAACCCTCTGGCATG-1,0,Monocytes_CD14,,True
CTAACCCTCTTCAATC-1,4,Cytotoxic_T_cell,,True
CTAACCTGTACCAGGT-1,6,Memory_B_cells,,True
CTAACCTGTTAAGCTG-1,0,Monocytes_CD14,,True
CTAACCTGTTGCGTAA-1,0,Monocytes_CD14,,True
CTAAGGTTCATTTGCT-1,1,Naοve_CD4_T_cells_helpers,,True
CTAAGGTTCCAAGTGT-1,2,T_cells_general_cd4 ambigouus,,False
CTAAGTCAGAACCTAC-1,0,Monocytes_CD14,,True
CTAAGTCAGCATGAAG-1,0,Monocytes_CD14,,True
CTAAGTCAGCTTACTT-1,3,Naοve_CD8_T_cells,,True
CTAATAGTCAGAAACG-1,0,Monocytes_CD14,,True
CTAATAGTCCCTCACG-1,5,NK_cells,,True
CTAATAGTCTCTAGCC-1,5,NK_cells,,True
CTAATCCGTTGGATAT-1,1,Naοve_CD4_T_cells_helpers,,True
CTAATCCGTTGTTCAC-1,0,Monocytes_CD14,,True
CTAATCGCAATAATCC-1,1,Naοve_CD4_T_cells_helpers,,True
CTAATCGCACCCTCAC-1,5,NK_cells,,True
CTAATCGCACGTGCTG-1,3,Naοve_CD8_T_cells,,True
CTAATCGCAGCCAGTT-1,2,T_cells_general_cd4 ambigouus,,False
CTAATCGCAGGTTACC-1,0,Monocytes_CD14,,True
CTAATCGCATTAAAGG-1,0,Monocytes_CD14,,True
CTAATCGCATTGTGCA-1,6,Memory_B_cells,,True
CTAATCTTCATAACGC-1,7,Non_classical_Monocytes,,True
CTAATCTTCCACCTTA-1,0,Monocytes_CD14,,True
CTAATCTTCCTCAGCT-1,0,Monocytes_CD14,,True
CTAATCTTCTCGCCCA-1,0,Monocytes_CD14,,True
CTAATGTCAAACGGGC-1,8,Naοve_B_cells,,True
CTAATGTCAACAGCCT-1,1,Naοve_CD4_T_cells_helpers,,True
CTAATGTCAATCGCAC-1,3,Naοve_CD8_T_cells,,True
CTAATGTCAATGAATG-1,0,Monocytes_CD14,,True
CTAATGTCACATTGCA-1,3,Naοve_CD8_T_cells,,True
CTAATGTCAGAGAGCC-1,4,Cytotoxic_T_cell,,True
CTAATGTCAGGCGAGT-1,4,Cytotoxic_T_cell,,True
CTAATGTCATTAGCCA-1,1,Naοve_CD4_T_cells_helpers,,True
CTAATGTCATTATGGT-1,0,Monocytes_CD14,,True
CTAATTGAGAACAAGT-1,2,T_cells_general_cd4 ambigouus,,False
CTAATTGAGGATGATG-1,8,Naοve_B_cells,,True
CTAATTGAGGCTACAT-1,0,Monocytes_CD14,,True
CTAATTGAGGCTAGAA-1,2,T_cells_general_cd4 ambigouus,,False
CTAATTGAGTCGCAAT-1,1,Naοve_CD4_T_cells_helpers,,True
CTACAACAGCATGACT-1,0,Monocytes_CD14,,True
CTACAACAGCTATTAG-1,0,Monocytes_CD14,,True
CTACAACAGGACCGCT-1,4,Cytotoxic_T_cell,,True
CTACAACAGGAGGACT-1,2,T_cells_general_cd4 ambigouus,,False
CTACAACAGGCATTAC-1,7,Non_classical_Monocytes,,True
CTACAACAGGCCTAAT-1,2,T_cells_general_cd4 ambigouus,,False
CTACAACAGTCTATGA-1,2,T_cells_general_cd4 ambigouus,,False
CTACAACAGTTAACCA-1,1,Naοve_CD4_T_cells_helpers,,True
CTACCGGCACTTAGGC-1,0,Monocytes_CD14,,True
CTACCGGCATCCCTCA-1,7,Non_classical_Monocytes,,True
CTACCTCAGAGGCTAA-1,4,Cytotoxic_T_cell,,True
CTACCTCAGCTCCTTA-1,2,T_cells_general_cd4 ambigouus,,False
CTACCTCAGGTACCGC-1,1,Naοve_CD4_T_cells_helpers,,True
CTACCTCAGTCACTCC-1,1,Naοve_CD4_T_cells_helpers,,True
CTACCTCAGTTATGTG-1,4,Cytotoxic_T_cell,,True
CTACGAAGTACGCGCA-1,0,Monocytes_CD14,,True
CTACGAAGTAGTTAAC-1,0,Monocytes_CD14,,True
CTACGAAGTAGTTACG-1,0,Monocytes_CD14,,True
CTACGAAGTGCTAGAC-1,7,Non_classical_Monocytes,,True
CTACGAAGTGGACATC-1,5,NK_cells,,True
CTACGAAGTGTCCAGG-1,0,Monocytes_CD14,,True
CTACGAAGTTATCCTA-1,4,Cytotoxic_T_cell,,True
CTACGAAGTTCATTTG-1,3,Naοve_CD8_T_cells,,True
CTACGAAGTTCCGCAC-1,5,NK_cells,,True
CTACGAAGTTGCACGG-1,2,T_cells_general_cd4 ambigouus,,False
CTACGAAGTTGTGACA-1,0,Monocytes_CD14,,True
CTACGAAGTTTAAAGC-1,2,T_cells_general_cd4 ambigouus,,False
CTACTAAAGCCTTAAA-1,1,Naοve_CD4_T_cells_helpers,,True
CTACTAAAGCTTAACA-1,6,Memory_B_cells,,True
CTACTAAAGTGAGGGT-1,1,Naοve_CD4_T_cells_helpers,,True
CTACTAAAGTTAGCCG-1,4,Cytotoxic_T_cell,,True
CTACTTAGTCATAGAT-1,1,Naοve_CD4_T_cells_helpers,,True
CTACTTAGTCCTAGTT-1,6,Memory_B_cells,,True
CTAGATTCAAGGTACG-1,9,Dendritic cells,,True
CTAGATTCAATCCTGA-1,0,Monocytes_CD14,,True
CTAGATTCAATCTCTC-1,0,Monocytes_CD14,,True
CTAGATTCACCTGGTG-1,4,Cytotoxic_T_cell,,True
CTAGATTCAGGAACAT-1,0,Monocytes_CD14,,True
CTAGCGGGTATGGTGC-1,2,T_cells_general_cd4 ambigouus,,False
CTAGCGGGTCATTAGG-1,2,T_cells_general_cd4 ambigouus,,False
CTAGCGGGTGCTAGAC-1,4,Cytotoxic_T_cell,,True
CTAGCGGGTGCTGTAA-1,0,Monocytes_CD14,,True
CTAGCGGGTTGGCCGA-1,3,Naοve_CD8_T_cells,,True
CTAGCTGAGACAAGTG-1,3,Naοve_CD8_T_cells,,True
CTAGCTGAGACAGGCG-1,8,Naοve_B_cells,,True
CTAGCTGAGCACGTTG-1,0,Monocytes_CD14,,True
CTAGCTGAGCAGCTAT-1,1,Naοve_CD4_T_cells_helpers,,True
CTAGCTGAGCCACAAT-1,0,Monocytes_CD14,,True
CTAGCTGAGCTTTGGG-1,2,T_cells_general_cd4 ambigouus,,False
CTAGCTGAGGACCTGC-1,2,T_cells_general_cd4 ambigouus,,False
CTAGCTGAGGCACAGG-1,5,NK_cells,,True
CTAGCTGAGGCGAATA-1,2,T_cells_general_cd4 ambigouus,,False
CTAGCTGAGGCGGGTA-1,1,Naοve_CD4_T_cells_helpers,,True
CTAGCTGAGTAATCCA-1,0,Monocytes_CD14,,True
CTAGCTGAGTTGGATC-1,0,Monocytes_CD14,,True
CTAGCTTGTGCTAGAC-1,6,Memory_B_cells,,True
CTAGCTTGTGTGTCCC-1,8,Naοve_B_cells,,True
CTAGCTTGTTTATTCG-1,5,NK_cells,,True
CTAGGACGTAACTACG-1,5,NK_cells,,True
CTAGGACGTCAGGAAG-1,7,Non_classical_Monocytes,,True
CTAGGACGTCCGTAGG-1,0,Monocytes_CD14,,True
CTAGGACGTCTTGCAT-1,10,Cytotoxic_T_NK,,False
CTAGGACGTGCTGGTG-1,0,Monocytes_CD14,,True
CTAGGACGTGGTTCTT-1,2,T_cells_general_cd4 ambigouus,,False
CTAGGACGTTCGCGCT-1,2,T_cells_general_cd4 ambigouus,,False
CTAGGACGTTCGCTCA-1,4,Cytotoxic_T_cell,,True
CTAGGACGTTGTAACG-1,5,NK_cells,,True
CTAGGACGTTTCCTCC-1,7,Non_classical_Monocytes,,True
CTAGGCGGTACAATGT-1,0,Monocytes_CD14,,True
CTAGGCGGTAGACAAA-1,0,Monocytes_CD14,,True
CTAGGCGGTCATAGAT-1,2,T_cells_general_cd4 ambigouus,,False
CTAGGCGGTCCTAAGA-1,7,Non_classical_Monocytes,,True
CTAGGCGGTGTGCAAC-1,1,Naοve_CD4_T_cells_helpers,,True
CTAGGCGGTTAAGCTG-1,0,Monocytes_CD14,,True
CTAGGCGGTTGTGACA-1,1,Naοve_CD4_T_cells_helpers,,True
CTAGTAATCAAACCTA-1,0,Monocytes_CD14,,True
CTAGTAATCCCAGTAG-1,9,Dendritic cells,,True
CTAGTAATCTCTAGCC-1,1,Naοve_CD4_T_cells_helpers,,True
CTAGTAATCTGGTCCT-1,0,Monocytes_CD14,,True
CTAGTAGGTGCATTAG-1,0,Monocytes_CD14,,True
CTAGTCGAGACTCGCA-1,2,T_cells_general_cd4 ambigouus,,False
CTAGTCGAGATGGAGC-1,0,Monocytes_CD14,,True
CTAGTCGAGGCTACTG-1,5,NK_cells,,True
CTAGTCGAGTTATCTC-1,0,Monocytes_CD14,,True
CTAGTCGAGTTATTCC-1,4,Cytotoxic_T_cell,,True
CTAGTCGAGTTCCTCA-1,2,T_cells_general_cd4 ambigouus,,False
CTAGTGAGTCTTGCAT-1,0,Monocytes_CD14,,True
CTAGTGAGTGGATGTC-1,4,Cytotoxic_T_cell,,True
CTAGTTGCACAAAGAC-1,4,Cytotoxic_T_cell,,True
CTAGTTGCAGGACACA-1,1,Naοve_CD4_T_cells_helpers,,True
CTAGTTGCATTAGCCA-1,8,Naοve_B_cells,,True
CTATAACCAATAGTCT-1,0,Monocytes_CD14,,True
CTATAACCAGACAAAC-1,0,Monocytes_CD14,,True
CTATAACCAGCATGTC-1,3,Naοve_CD8_T_cells,,True
CTATAACCAGGTATTT-1,1,Naοve_CD4_T_cells_helpers,,True
CTATGACAGCTTCCCG-1,9,Dendritic cells,,True
CTATGACAGGAACGCG-1,0,Monocytes_CD14,,True
CTATGACAGGATTGAG-1,6,Memory_B_cells,,True
CTATGACAGTCAGTAC-1,1,Naοve_CD4_T_cells_helpers,,True
CTATGACAGTGCACGC-1,8,Naοve_B_cells,,True
CTATGACAGTTAGCCG-1,0,Monocytes_CD14,,True
CTATGAGGTGCATTAG-1,10,Cytotoxic_T_NK,,False
CTATGAGGTGTTTCAC-1,1,Naοve_CD4_T_cells_helpers,,True
CTATGAGGTTAACAGT-1,7,Non_classical_Monocytes,,True
CTATGATCACCATATG-1,0,Monocytes_CD14,,True
CTATGATCACTAAATC-1,1,Naοve_CD4_T_cells_helpers,,True
CTATGATCACTTGTTC-1,0,Monocytes_CD14,,True
CTATGGCCAAACGCGA-1,0,Monocytes_CD14,,True
CTATGGCCAAGGTATA-1,1,Naοve_CD4_T_cells_helpers,,True
CTATGGCCACTTAGGC-1,3,Naοve_CD8_T_cells,,True
CTATGGCCATTGTGCA-1,0,Monocytes_CD14,,True
CTATGTTTCAAGGACA-1,5,NK_cells,,True
CTATGTTTCAGGTTTA-1,0,Monocytes_CD14,,True
CTATGTTTCATGCTCC-1,3,Naοve_CD8_T_cells,,True
CTATGTTTCCTAAGAC-1,3,Naοve_CD8_T_cells,,True
CTATGTTTCGGCTAGC-1,2,T_cells_general_cd4 ambigouus,,False
CTATGTTTCTTTAGGA-1,7,Non_classical_Monocytes,,True
CTATTACTCCGGTTGA-1,12,Stress_response,,False
CTATTACTCCTCCATA-1,6,Memory_B_cells,,True
CTATTACTCGATATTG-1,2,T_cells_general_cd4 ambigouus,,False
CTATTACTCGCACACA-1,5,NK_cells,,True
CTATTACTCGTAACGT-1,1,Naοve_CD4_T_cells_helpers,,True
CTATTACTCTCAATGA-1,3,Naοve_CD8_T_cells,,True
CTATTACTCTGTAATG-1,1,Naοve_CD4_T_cells_helpers,,True
CTATTCAGTAGCAGCT-1,1,Naοve_CD4_T_cells_helpers,,True
CTATTCAGTGAGAAAC-1,3,Naοve_CD8_T_cells,,True
CTATTCAGTGTGCACG-1,1,Naοve_CD4_T_cells_helpers,,True
CTATTCAGTTCATCTA-1,1,Naοve_CD4_T_cells_helpers,,True
CTATTCAGTTGTGATG-1,2,T_cells_general_cd4 ambigouus,,False
CTATTGAAGCACTAAC-1,7,Non_classical_Monocytes,,True
CTATTGAAGCTGTAAC-1,4,Cytotoxic_T_cell,,True
CTATTGAAGGATCACT-1,2,T_cells_general_cd4 ambigouus,,False
CTCAATAAGCATGGTT-1,3,Naοve_CD8_T_cells,,True
CTCAATAAGCTATATG-1,4,Cytotoxic_T_cell,,True
CTCAATAAGTAACCCG-1,3,Naοve_CD8_T_cells,,True
CTCAATAAGTCATTAG-1,0,Monocytes_CD14,,True
CTCACAACAAGGTATA-1,1,Naοve_CD4_T_cells_helpers,,True
CTCACAACAATTAGCT-1,4,Cytotoxic_T_cell,,True
CTCACAACACCCACAG-1,1,Naοve_CD4_T_cells_helpers,,True
CTCACAACATATTGAC-1,8,Naοve_B_cells,,True
CTCACAACATCATGTG-1,1,Naοve_CD4_T_cells_helpers,,True
CTCACACTCGCTAGCA-1,6,Memory_B_cells,,True
CTCACACTCTTGGATA-1,8,Naοve_B_cells,,True
CTCACTCAGTATCGCG-1,4,Cytotoxic_T_cell,,True
CTCAGGATCACCGGTA-1,1,Naοve_CD4_T_cells_helpers,,True
CTCAGGATCGATTTGA-1,10,Cytotoxic_T_NK,,False
CTCAGGATCTCATCAT-1,1,Naοve_CD4_T_cells_helpers,,True
CTCAGGATCTGTGCCT-1,3,Naοve_CD8_T_cells,,True
CTCATCATCACTCAAA-1,0,Monocytes_CD14,,True
CTCATCATCCACAATA-1,2,T_cells_general_cd4 ambigouus,,False
CTCATCATCCAGGAAA-1,1,Naοve_CD4_T_cells_helpers,,True
CTCATCATCCCTCGCA-1,2,T_cells_general_cd4 ambigouus,,False
CTCATCATCCGGTTAG-1,2,T_cells_general_cd4 ambigouus,,False
CTCATCATCGCTATGG-1,0,Monocytes_CD14,,True
CTCATGACAACCCTCC-1,0,Monocytes_CD14,,True
CTCATGACAACTAACT-1,0,Monocytes_CD14,,True
CTCATGACAAGGTCGA-1,4,Cytotoxic_T_cell,,True
CTCATGACAATTGAAG-1,0,Monocytes_CD14,,True
CTCATGACACTAAGAA-1,13,Plasma_cells,,False
CTCATGACAGTAAGTA-1,0,Monocytes_CD14,,True
CTCATGACAGTTATGT-1,1,Naοve_CD4_T_cells_helpers,,True
CTCATGCTCACAGCCA-1,0,Monocytes_CD14,,True
CTCATGCTCATGCTTT-1,0,Monocytes_CD14,,True
CTCATGCTCCCTGGTT-1,1,Naοve_CD4_T_cells_helpers,,True
CTCATGCTCCTAATGA-1,0,Monocytes_CD14,,True
CTCATGCTCGCTAGTG-1,5,NK_cells,,True
CTCATGCTCTGTAATG-1,4,Cytotoxic_T_cell,,True
CTCATTAGTATCTGGA-1,4,Cytotoxic_T_cell,,True
CTCATTAGTGAGGTAG-1,1,Naοve_CD4_T_cells_helpers,,True
CTCATTAGTGATTACG-1,3,Naοve_CD8_T_cells,,True
CTCATTAGTTGCTGGG-1,2,T_cells_general_cd4 ambigouus,,False
CTCATTAGTTTATCGC-1,1,Naοve_CD4_T_cells_helpers,,True
CTCATTAGTTTGTCTA-1,3,Naοve_CD8_T_cells,,True
CTCATTGTCAAAGGCA-1,3,Naοve_CD8_T_cells,,True
CTCATTGTCATGGCTG-1,4,Cytotoxic_T_cell,,True
CTCATTGTCATGTGGT-1,7,Non_classical_Monocytes,,True
CTCATTGTCCCTGTTA-1,2,T_cells_general_cd4 ambigouus,,False
CTCATTGTCGAGGTGG-1,3,Naοve_CD8_T_cells,,True
CTCATTGTCGCACAAT-1,1,Naοve_CD4_T_cells_helpers,,True
CTCATTGTCTACTAAG-1,2,T_cells_general_cd4 ambigouus,,False
CTCATTTAGATGGAGC-1,3,Naοve_CD8_T_cells,,True
CTCATTTAGCATGTTA-1,2,T_cells_general_cd4 ambigouus,,False
CTCATTTAGGGTCTAT-1,0,Monocytes_CD14,,True
CTCATTTAGGTCGATT-1,7,Non_classical_Monocytes,,True
CTCATTTAGGTTACAC-1,4,Cytotoxic_T_cell,,True
CTCCAAACAAGTAAGC-1,3,Naοve_CD8_T_cells,,True
CTCCAACTCCGCCTAT-1,0,Monocytes_CD14,,True
CTCCAACTCCGGGACT-1,0,Monocytes_CD14,,True
CTCCAACTCCTACCTA-1,12,Stress_response,,False
CTCCAACTCCTAGTAA-1,3,Naοve_CD8_T_cells,,True
CTCCAACTCGGTACGC-1,6,Memory_B_cells,,True
CTCCATCAGAGAGGCT-1,6,Memory_B_cells,,True
CTCCATCAGCCTAACG-1,0,Monocytes_CD14,,True
CTCCATCAGCCTGAGC-1,2,T_cells_general_cd4 ambigouus,,False
CTCCATCAGCTTATGA-1,8,Naοve_B_cells,,True
CTCCATCAGGATGATG-1,4,Cytotoxic_T_cell,,True
CTCCATCAGGCTATGT-1,0,Monocytes_CD14,,True
CTCCATCAGTACTGGT-1,0,Monocytes_CD14,,True
CTCCATCAGTATTGTG-1,1,Naοve_CD4_T_cells_helpers,,True
CTCCATCAGTTATTCC-1,7,Non_classical_Monocytes,,True
CTCCCTGAGCTGTCAG-1,0,Monocytes_CD14,,True
CTCCCTGAGTCACGAT-1,1,Naοve_CD4_T_cells_helpers,,True
CTCCCTGAGTTCCCGT-1,0,Monocytes_CD14,,True
CTCCGGACACAAGCCT-1,5,NK_cells,,True
CTCCGGACATTCCTGT-1,1,Naοve_CD4_T_cells_helpers,,True
CTCCGTCCAATCGCAC-1,2,T_cells_general_cd4 ambigouus,,False
CTCCGTCCACCTATAG-1,2,T_cells_general_cd4 ambigouus,,False
CTCCGTCCACCTGCTC-1,5,NK_cells,,True
CTCCGTCCAGAGAGCC-1,0,Monocytes_CD14,,True
CTCCGTCCAGATAGAC-1,7,Non_classical_Monocytes,,True
CTCCGTCCAGCAAGTG-1,5,NK_cells,,True
CTCCGTCCAGGCTTGT-1,10,Cytotoxic_T_NK,,False
CTCCGTCCATATAACC-1,2,T_cells_general_cd4 ambigouus,,False
CTCCTAATCACACAGT-1,3,Naοve_CD8_T_cells,,True
CTCCTAATCACGCGGT-1,1,Naοve_CD4_T_cells_helpers,,True
CTCCTAATCATTTGTC-1,1,Naοve_CD4_T_cells_helpers,,True
CTCCTAATCCAATTAG-1,8,Naοve_B_cells,,True
CTCCTAATCCCTGATC-1,0,Monocytes_CD14,,True
CTCCTAATCCTCACTA-1,5,NK_cells,,True
CTCCTAATCCTGGTGA-1,5,NK_cells,,True
CTCCTAATCGATCAGT-1,0,Monocytes_CD14,,True
CTCCTAATCGTAACGT-1,3,Naοve_CD8_T_cells,,True
CTCCTAATCTAATCTC-1,0,Monocytes_CD14,,True
CTCCTAATCTCGCCTG-1,3,Naοve_CD8_T_cells,,True
CTCCTAATCTGTAATG-1,1,Naοve_CD4_T_cells_helpers,,True
CTCCTAATCTTGTTCG-1,5,NK_cells,,True
CTCCTCACAATTAAGG-1,1,Naοve_CD4_T_cells_helpers,,True
CTCCTCACAGGCATCT-1,2,T_cells_general_cd4 ambigouus,,False
CTCCTCACAGGCTAAG-1,3,Naοve_CD8_T_cells,,True
CTCCTGAGTCAAGTGC-1,3,Naοve_CD8_T_cells,,True
CTCCTGAGTGCTCCAC-1,0,Monocytes_CD14,,True
CTCCTGAGTTATCCTA-1,4,Cytotoxic_T_cell,,True
CTCCTGAGTTTCCGGC-1,1,Naοve_CD4_T_cells_helpers,,True
CTCCTGAGTTTCGCCA-1,0,Monocytes_CD14,,True
CTCGACAAGCGCATTG-1,0,Monocytes_CD14,,True
CTCGACAAGGCGAATA-1,4,Cytotoxic_T_cell,,True
CTCGACAAGTAACCAC-1,3,Naοve_CD8_T_cells,,True
CTCGACAAGTTACCGG-1,2,T_cells_general_cd4 ambigouus,,False
CTCGCTAGTACGTTTC-1,3,Naοve_CD8_T_cells,,True
CTCGCTAGTAGCCATA-1,1,Naοve_CD4_T_cells_helpers,,True
CTCGCTAGTAGCTGGT-1,1,Naοve_CD4_T_cells_helpers,,True
CTCGCTAGTAGTTAAC-1,4,Cytotoxic_T_cell,,True
CTCGCTAGTCCAAGAC-1,7,Non_classical_Monocytes,,True
CTCGCTAGTCTATCGT-1,2,T_cells_general_cd4 ambigouus,,False
CTCGCTAGTGGGTACT-1,0,Monocytes_CD14,,True
CTCGCTCCACAATTAC-1,2,T_cells_general_cd4 ambigouus,,False
CTCGCTCCAGTTGCGT-1,1,Naοve_CD4_T_cells_helpers,,True
CTCGCTCCATGTTGTG-1,9,Dendritic cells,,True
CTCGCTCCATTGTGTG-1,5,NK_cells,,True
CTCGTTATCAAGCGCC-1,2,T_cells_general_cd4 ambigouus,,False
CTCGTTATCATAACTG-1,3,Naοve_CD8_T_cells,,True
CTCGTTATCCACAATA-1,11,pDC,,False
CTCGTTATCCCTCGCA-1,5,NK_cells,,True
CTCGTTATCCTGGTGA-1,2,T_cells_general_cd4 ambigouus,,False
CTCGTTATCCTTGCAC-1,3,Naοve_CD8_T_cells,,True
CTCGTTATCGTTTCGC-1,2,T_cells_general_cd4 ambigouus,,False
CTCGTTATCTATTGTC-1,5,NK_cells,,True
CTCTAAGCAAACGCGA-1,1,Naοve_CD4_T_cells_helpers,,True
CTCTAAGCAACAACAA-1,3,Naοve_CD8_T_cells,,True
CTCTAAGCAATTGACT-1,1,Naοve_CD4_T_cells_helpers,,True
CTCTAAGCACAGCCTG-1,0,Monocytes_CD14,,True
CTCTAGCTCCAGGTCA-1,7,Non_classical_Monocytes,,True
CTCTAGCTCGAGGTGG-1,0,Monocytes_CD14,,True
CTCTAGCTCGGGACTC-1,2,T_cells_general_cd4 ambigouus,,False
CTCTATGTCAGGTTTA-1,3,Naοve_CD8_T_cells,,True
CTCTATGTCCAAATCA-1,6,Memory_B_cells,,True
CTCTATGTCCCTCAAC-1,0,Monocytes_CD14,,True
CTCTATGTCCGCAAGC-1,1,Naοve_CD4_T_cells_helpers,,True
CTCTATGTCGGTTCCT-1,3,Naοve_CD8_T_cells,,True
CTCTATGTCTCCTCAA-1,2,T_cells_general_cd4 ambigouus,,False
CTCTCACAGCGCATTG-1,0,Monocytes_CD14,,True
CTCTCACAGGCCAATT-1,1,Naοve_CD4_T_cells_helpers,,True
CTCTCACAGGTCCGTA-1,0,Monocytes_CD14,,True
CTCTCACAGTTGGATC-1,0,Monocytes_CD14,,True
CTCTGTTCACGTTACA-1,5,NK_cells,,True
CTCTGTTCAGCTTACA-1,0,Monocytes_CD14,,True
CTCTGTTCAGGTTCAC-1,1,Naοve_CD4_T_cells_helpers,,True
CTCTGTTCATAATCCG-1,10,Cytotoxic_T_NK,,False
CTCTTGATCAGGGCCT-1,6,Memory_B_cells,,True
CTCTTGATCATGCATA-1,2,T_cells_general_cd4 ambigouus,,False
CTCTTGATCATTTAGG-1,1,Naοve_CD4_T_cells_helpers,,True
CTCTTGATCGTTAACA-1,0,Monocytes_CD14,,True
CTCTTGATCTATCGCC-1,1,Naοve_CD4_T_cells_helpers,,True
CTCTTGATCTCCATAT-1,0,Monocytes_CD14,,True
CTGAAACTCACATTGA-1,5,NK_cells,,True
CTGAAACTCATTATGG-1,1,Naοve_CD4_T_cells_helpers,,True
CTGAAACTCGGCCAGT-1,0,Monocytes_CD14,,True
CTGAATATCCGGTATG-1,1,Naοve_CD4_T_cells_helpers,,True
CTGAATATCCTTAGTT-1,2,T_cells_general_cd4 ambigouus,,False
CTGAATATCGCCTAAG-1,1,Naοve_CD4_T_cells_helpers,,True
CTGAATATCTACCTGC-1,3,Naοve_CD8_T_cells,,True
CTGAATATCTCGCCTG-1,1,Naοve_CD4_T_cells_helpers,,True
CTGAATATCTTAGTGA-1,0,Monocytes_CD14,,True
CTGACATAGAGGATAT-1,3,Naοve_CD8_T_cells,,True
CTGACATAGCAAGGGT-1,0,Monocytes_CD14,,True
CTGACATAGGACCGCT-1,8,Naοve_B_cells,,True
CTGACATAGGATTGCT-1,5,NK_cells,,True
CTGACATAGTTATCTC-1,7,Non_classical_Monocytes,,True
CTGACCAAGCAGCTCA-1,8,Naοve_B_cells,,True
CTGACCAAGCCTTAAA-1,1,Naοve_CD4_T_cells_helpers,,True
CTGACCAAGCGCCTTT-1,0,Monocytes_CD14,,True
CTGACCAAGGACAACA-1,0,Monocytes_CD14,,True
CTGACCAAGTACTGGT-1,1,Naοve_CD4_T_cells_helpers,,True
CTGACCAAGTATTGCA-1,0,Monocytes_CD14,,True
CTGACCAAGTTGGGCC-1,4,Cytotoxic_T_cell,,True
CTGATCACAGCTTAGC-1,11,pDC,,False
CTGATCACAGGACCTT-1,3,Naοve_CD8_T_cells,,True
CTGATCACATGTCAAT-1,4,Cytotoxic_T_cell,,True
CTGCAATAGGATTGAG-1,0,Monocytes_CD14,,True
CTGCAATAGTTATCCT-1,3,Naοve_CD8_T_cells,,True
CTGCTACTCATTAGTG-1,3,Naοve_CD8_T_cells,,True
CTGCTACTCCCTCAGT-1,0,Monocytes_CD14,,True
CTGCTACTCTTGGACG-1,3,Naοve_CD8_T_cells,,True
CTGCTATGTCCCGGAA-1,2,T_cells_general_cd4 ambigouus,,False
CTGCTATGTGCAATAT-1,0,Monocytes_CD14,,True
CTGCTATGTTAGGCGT-1,0,Monocytes_CD14,,True
CTGCTCCCAAGCCACT-1,3,Naοve_CD8_T_cells,,True
CTGCTCCCAAGGTCCT-1,0,Monocytes_CD14,,True
CTGCTCCCAAGTTATC-1,3,Naοve_CD8_T_cells,,True
CTGCTCCCAATAGCAA-1,2,T_cells_general_cd4 ambigouus,,False
CTGCTCCCAATCCTAG-1,1,Naοve_CD4_T_cells_helpers,,True
CTGCTCCCAGGTTATT-1,1,Naοve_CD4_T_cells_helpers,,True
CTGGACCAGCCAAATC-1,0,Monocytes_CD14,,True
CTGGATGTCAATGACC-1,1,Naοve_CD4_T_cells_helpers,,True
CTGGATGTCACGCCAA-1,8,Naοve_B_cells,,True
CTGGATGTCATAACTG-1,5,NK_cells,,True
CTGGATGTCCATAATG-1,1,Naοve_CD4_T_cells_helpers,,True
CTGGATGTCGGGACCT-1,2,T_cells_general_cd4 ambigouus,,False
CTGGATGTCGGTCAAT-1,1,Naοve_CD4_T_cells_helpers,,True
CTGGATGTCGTCAAGT-1,4,Cytotoxic_T_cell,,True
CTGGATGTCGTTAAGC-1,9,Dendritic cells,,True
CTGGCTAAGACAACAG-1,0,Monocytes_CD14,,True
CTGGCTAAGGCTGTCA-1,1,Naοve_CD4_T_cells_helpers,,True
CTGGCTAAGGCTTAGT-1,4,Cytotoxic_T_cell,,True
CTGGCTAAGGTTAGAG-1,8,Naοve_B_cells,,True
CTGGCTAAGTCTCACC-1,7,Non_classical_Monocytes,,True
CTGGCTAAGTTAACCA-1,2,T_cells_general_cd4 ambigouus,,False
CTGGCTAAGTTTGCGG-1,1,Naοve_CD4_T_cells_helpers,,True
CTGGCTTTCAATTACG-1,6,Memory_B_cells,,True
CTGGCTTTCCTCATGC-1,0,Monocytes_CD14,,True
CTGGCTTTCGGGATTT-1,7,Non_classical_Monocytes,,True
CTGGCTTTCTCAATAG-1,0,Monocytes_CD14,,True
CTGGTAAGTAACCTAG-1,2,T_cells_general_cd4 ambigouus,,False
CTGGTAAGTACGGTAC-1,2,T_cells_general_cd4 ambigouus,,False
CTGGTAAGTCCTTTAA-1,8,Naοve_B_cells,,True
CTGGTAAGTGACATAT-1,5,NK_cells,,True
CTGGTAAGTTAGGCTA-1,0,Monocytes_CD14,,True
CTGGTCAAGCTCAATA-1,1,Naοve_CD4_T_cells_helpers,,True
CTGGTCAAGGCGCTAC-1,5,NK_cells,,True
CTGGTCAAGGCGCTTA-1,2,T_cells_general_cd4 ambigouus,,False
CTGGTCAAGGGACGCA-1,2,T_cells_general_cd4 ambigouus,,False
CTGGTCAAGTAAGTCC-1,0,Monocytes_CD14,,True
CTGGTCAAGTGAGCGG-1,1,Naοve_CD4_T_cells_helpers,,True
CTGGTCAAGTTAGACC-1,0,Monocytes_CD14,,True
CTGGTTACAATCTCTC-1,1,Naοve_CD4_T_cells_helpers,,True
CTGGTTACACCCACAG-1,0,Monocytes_CD14,,True
CTGGTTACACCTCACC-1,9,Dendritic cells,,True
CTGGTTACAGCTTACA-1,4,Cytotoxic_T_cell,,True
CTGGTTACAGGAATCG-1,2,T_cells_general_cd4 ambigouus,,False
CTGGTTACAGGCAAGC-1,3,Naοve_CD8_T_cells,,True
CTGGTTACAGGCGAGT-1,1,Naοve_CD4_T_cells_helpers,,True
CTGGTTACATAGCAGG-1,0,Monocytes_CD14,,True
CTGGTTTGTGATGATT-1,0,Monocytes_CD14,,True
CTGGTTTGTGCTCACC-1,5,NK_cells,,True
CTGGTTTGTTTACCGT-1,0,Monocytes_CD14,,True
CTGGTTTGTTTCCACG-1,0,Monocytes_CD14,,True
CTGTAACAGACAAACG-1,2,T_cells_general_cd4 ambigouus,,False
CTGTAACAGCCACATG-1,1,Naοve_CD4_T_cells_helpers,,True
CTGTAACAGTCAGGCC-1,3,Naοve_CD8_T_cells,,True
CTGTACCTCAACCAAC-1,0,Monocytes_CD14,,True
CTGTACCTCAAGCTTA-1,0,Monocytes_CD14,,True
CTGTACCTCCCTCGCA-1,0,Monocytes_CD14,,True
CTGTACCTCGGGACTC-1,8,Naοve_B_cells,,True
CTGTACCTCTTAGTCT-1,2,T_cells_general_cd4 ambigouus,,False
CTGTATTTCCAGGTTG-1,7,Non_classical_Monocytes,,True
CTGTATTTCCTAATTC-1,1,Naοve_CD4_T_cells_helpers,,True
CTGTATTTCGCTCCAT-1,2,T_cells_general_cd4 ambigouus,,False
CTGTATTTCGGTAACT-1,2,T_cells_general_cd4 ambigouus,,False
CTGTGTGAGACTTACA-1,1,Naοve_CD4_T_cells_helpers,,True
CTGTGTGAGCCGCTAA-1,0,Monocytes_CD14,,True
CTGTGTGAGCTCAATA-1,3,Naοve_CD8_T_cells,,True
CTGTGTGAGGACCAGG-1,1,Naοve_CD4_T_cells_helpers,,True
CTGTGTGAGTCGCAAT-1,2,T_cells_general_cd4 ambigouus,,False
CTGTGTGAGTCTTGAA-1,3,Naοve_CD8_T_cells,,True
CTGTTAAAGAATGACG-1,2,T_cells_general_cd4 ambigouus,,False
CTGTTAAAGACTTACA-1,5,NK_cells,,True
CTGTTAAAGCACAGCC-1,9,Dendritic cells,,True
CTGTTAAAGCACTAAC-1,3,Naοve_CD8_T_cells,,True
CTGTTAAAGCCTGTTC-1,0,Monocytes_CD14,,True
CTGTTAAAGCGCATTG-1,1,Naοve_CD4_T_cells_helpers,,True
CTGTTAAAGGAATAAC-1,2,T_cells_general_cd4 ambigouus,,False
CTGTTAAAGGGTCTAT-1,3,Naοve_CD8_T_cells,,True
CTGTTAAAGTTGTCAA-1,0,Monocytes_CD14,,True
CTGTTCATCGCATTAA-1,7,Non_classical_Monocytes,,True
CTGTTCATCTAATCTC-1,0,Monocytes_CD14,,True
CTGTTGGAGCTGCACA-1,2,T_cells_general_cd4 ambigouus,,False
CTGTTGGAGCTTTGTT-1,0,Monocytes_CD14,,True
CTGTTGGAGGACTAAG-1,6,Memory_B_cells,,True
CTGTTGGAGGAGTCTT-1,2,T_cells_general_cd4 ambigouus,,False
CTGTTGGAGTTCCTCA-1,1,Naοve_CD4_T_cells_helpers,,True
CTGTTTAGTACCGAAC-1,8,Naοve_B_cells,,True
CTGTTTAGTCAGTAAT-1,0,Monocytes_CD14,,True
CTGTTTAGTTGAGCCG-1,5,NK_cells,,True
CTTAACAAGCAACAAG-1,1,Naοve_CD4_T_cells_helpers,,True
CTTAACAAGCTAATTG-1,1,Naοve_CD4_T_cells_helpers,,True
CTTAAGATCAAACCGT-1,6,Memory_B_cells,,True
CTTAAGATCGTTTCTG-1,5,NK_cells,,True
CTTAAGATCTTGAGGT-1,0,Monocytes_CD14,,True
CTTAAGGGTCATAGAT-1,6,Memory_B_cells,,True
CTTAAGGGTTTACCGT-1,5,NK_cells,,True
CTTAATGAGAGGCTAA-1,0,Monocytes_CD14,,True
CTTAATGAGCAAACCT-1,3,Naοve_CD8_T_cells,,True
CTTAATGAGTATTGTG-1,1,Naοve_CD4_T_cells_helpers,,True
CTTAATGAGTCGCAAT-1,2,T_cells_general_cd4 ambigouus,,False
CTTACCGGTAAACAAG-1,1,Naοve_CD4_T_cells_helpers,,True
CTTACCGGTCACGGAT-1,1,Naοve_CD4_T_cells_helpers,,True
CTTACCGGTGGATTCA-1,2,T_cells_general_cd4 ambigouus,,False
CTTACCGGTGGTGAGA-1,3,Naοve_CD8_T_cells,,True
CTTACCGGTGTTCCCA-1,0,Monocytes_CD14,,True
CTTACCGGTTAGTACG-1,1,Naοve_CD4_T_cells_helpers,,True
CTTACCGGTTCAAGAT-1,2,T_cells_general_cd4 ambigouus,,False
CTTACCGGTTCCTGAT-1,0,Monocytes_CD14,,True
CTTACCGGTTGGATCA-1,8,Naοve_B_cells,,True
CTTACCGGTTGGTTCT-1,2,T_cells_general_cd4 ambigouus,,False
CTTACCTCAAACTAAG-1,3,Naοve_CD8_T_cells,,True
CTTACCTCAGCATGTC-1,9,Dendritic cells,,True
CTTACTAGTAATGACT-1,5,NK_cells,,True
CTTACTAGTACCGTTT-1,1,Naοve_CD4_T_cells_helpers,,True
CTTACTAGTATACTGG-1,6,Memory_B_cells,,True
CTTACTAGTGACCTGG-1,7,Non_classical_Monocytes,,True
CTTACTAGTTACAACG-1,0,Monocytes_CD14,,True
CTTACTAGTTATCGAG-1,1,Naοve_CD4_T_cells_helpers,,True
CTTACTAGTTCGCTCA-1,2,T_cells_general_cd4 ambigouus,,False
CTTACTAGTTGAGGTC-1,0,Monocytes_CD14,,True
CTTACTAGTTGGATCA-1,0,Monocytes_CD14,,True
CTTAGGAGTAATCGCA-1,5,NK_cells,,True
CTTAGGAGTCAGGAAG-1,0,Monocytes_CD14,,True
CTTAGGAGTTTAGTCC-1,1,Naοve_CD4_T_cells_helpers,,True
CTTAGTTTCCGCAAAT-1,3,Naοve_CD8_T_cells,,True
CTTAGTTTCCTAGTAA-1,6,Memory_B_cells,,True
CTTAGTTTCGTCAAGT-1,1,Naοve_CD4_T_cells_helpers,,True
CTTATGTTCATTGCGG-1,6,Memory_B_cells,,True
CTTATGTTCTAGCGTG-1,0,Monocytes_CD14,,True
CTTATGTTCTGTGAGT-1,0,Monocytes_CD14,,True
CTTATTGGTACGCGCA-1,0,Monocytes_CD14,,True
CTTATTGGTATTGGAT-1,0,Monocytes_CD14,,True
CTTATTGGTCAAACTG-1,1,Naοve_CD4_T_cells_helpers,,True
CTTATTGGTCACCAAA-1,9,Dendritic cells,,True
CTTATTGGTCATGAGC-1,3,Naοve_CD8_T_cells,,True
CTTATTGGTCCTAGTT-1,3,Naοve_CD8_T_cells,,True
CTTATTGGTTCGGGAT-1,1,Naοve_CD4_T_cells_helpers,,True
CTTCAAGCAATATGGA-1,3,Naοve_CD8_T_cells,,True
CTTCAAGCAATTGAGA-1,0,Monocytes_CD14,,True
CTTCAAGCACCAAAGG-1,8,Naοve_B_cells,,True
CTTCAAGCAGAAATTG-1,6,Memory_B_cells,,True
CTTCAAGCAGGACCTT-1,3,Naοve_CD8_T_cells,,True
CTTCAAGCAGGCCTTG-1,4,Cytotoxic_T_cell,,True
CTTCAAGCAGGCGATA-1,4,Cytotoxic_T_cell,,True
CTTCAAGCAGTTAAAG-1,2,T_cells_general_cd4 ambigouus,,False
CTTCAAGCATACTCCT-1,0,Monocytes_CD14,,True
CTTCAAGCATAGACCC-1,2,T_cells_general_cd4 ambigouus,,False
CTTCAATTCAAGACTC-1,4,Cytotoxic_T_cell,,True
CTTCAATTCACGTTAA-1,1,Naοve_CD4_T_cells_helpers,,True
CTTCAATTCACTAAGC-1,0,Monocytes_CD14,,True
CTTCAATTCAGCCAAT-1,4,Cytotoxic_T_cell,,True
CTTCAATTCCCTCTAA-1,9,Dendritic cells,,True
CTTCAATTCCTAGTAA-1,8,Naοve_B_cells,,True
CTTCAATTCCTGGCTT-1,1,Naοve_CD4_T_cells_helpers,,True
CTTCAATTCGACAAAG-1,1,Naοve_CD4_T_cells_helpers,,True
CTTCAATTCGGTTAGT-1,3,Naοve_CD8_T_cells,,True
CTTCAATTCTTGAGCG-1,7,Non_classical_Monocytes,,True
CTTCACTCAAAGCCTC-1,2,T_cells_general_cd4 ambigouus,,False
CTTCACTCAACTAGGG-1,2,T_cells_general_cd4 ambigouus,,False
CTTCACTCACCAAAGG-1,3,Naοve_CD8_T_cells,,True
CTTCACTCACCCTCAC-1,0,Monocytes_CD14,,True
CTTCACTCACGGTTTA-1,0,Monocytes_CD14,,True
CTTCACTCATTCAGCA-1,4,Cytotoxic_T_cell,,True
CTTCACTCATTGTCAG-1,0,Monocytes_CD14,,True
CTTCAGGAGAGCCGCT-1,2,T_cells_general_cd4 ambigouus,,False
CTTCAGGAGATAAAGC-1,1,Naοve_CD4_T_cells_helpers,,True
CTTCAGGAGGCATTGT-1,7,Non_classical_Monocytes,,True
CTTCAGGAGTAGAGGC-1,2,T_cells_general_cd4 ambigouus,,False
CTTCATCCAAATACCT-1,1,Naοve_CD4_T_cells_helpers,,True
CTTCATCCAACTGGCT-1,1,Naοve_CD4_T_cells_helpers,,True
CTTCATCCAAGGTCGA-1,1,Naοve_CD4_T_cells_helpers,,True
CTTCATCCACCTGCCT-1,2,T_cells_general_cd4 ambigouus,,False
CTTCATCCATAATCGT-1,1,Naοve_CD4_T_cells_helpers,,True
CTTCATCCATAATGTC-1,6,Memory_B_cells,,True
CTTCATCCATGAAGTA-1,0,Monocytes_CD14,,True
CTTCGCGTCCCGAAGC-1,1,Naοve_CD4_T_cells_helpers,,True
CTTCGCGTCGACAAAG-1,3,Naοve_CD8_T_cells,,True
CTTCGCGTCGTCAAGT-1,3,Naοve_CD8_T_cells,,True
CTTCGCGTCTATGACA-1,5,NK_cells,,True
CTTCTAAGTATTACCC-1,2,T_cells_general_cd4 ambigouus,,False
CTTCTAAGTCCAAGAC-1,2,T_cells_general_cd4 ambigouus,,False
CTTCTAAGTCCTAACT-1,1,Naοve_CD4_T_cells_helpers,,True
CTTCTAAGTCTAGCTT-1,1,Naοve_CD4_T_cells_helpers,,True
CTTCTAAGTGATTTGG-1,4,Cytotoxic_T_cell,,True
CTTCTCAAGAACAAGT-1,11,pDC,,False
CTTCTCAAGCTGCACA-1,2,T_cells_general_cd4 ambigouus,,False
CTTCTCAAGGGTGGAT-1,7,Non_classical_Monocytes,,True
CTTCTCAAGTAGCGGG-1,6,Memory_B_cells,,True
CTTCTCAAGTGTGATC-1,3,Naοve_CD8_T_cells,,True
CTTGAACAGGCTGTCA-1,0,Monocytes_CD14,,True
CTTGAACAGTTCCCGT-1,2,T_cells_general_cd4 ambigouus,,False
CTTGAATCAAGGTCCT-1,5,NK_cells,,True
CTTGAATCACATAACT-1,7,Non_classical_Monocytes,,True
CTTGAATCAGGCTACT-1,2,T_cells_general_cd4 ambigouus,,False
CTTGAATCAGGCTAGA-1,1,Naοve_CD4_T_cells_helpers,,True
CTTGAATCAGTATGTT-1,2,T_cells_general_cd4 ambigouus,,False
CTTGAATCATAATGAG-1,0,Monocytes_CD14,,True
CTTGACGAGCTGGACC-1,1,Naοve_CD4_T_cells_helpers,,True
CTTGACGAGTCAGTAC-1,2,T_cells_general_cd4 ambigouus,,False
CTTGACGAGTCATTTC-1,0,Monocytes_CD14,,True
CTTGACGAGTGAACAG-1,0,Monocytes_CD14,,True
CTTGACGAGTTACCGG-1,0,Monocytes_CD14,,True
CTTGACGAGTTATGTG-1,0,Monocytes_CD14,,True
CTTGCAACAACGTGCT-1,6,Memory_B_cells,,True
CTTGCAACAACTAGCC-1,2,T_cells_general_cd4 ambigouus,,False
CTTGCAACAAGCGATG-1,3,Naοve_CD8_T_cells,,True
CTTGCAACAGTTGCGT-1,2,T_cells_general_cd4 ambigouus,,False
CTTGCAACATGAGTTT-1,1,Naοve_CD4_T_cells_helpers,,True
CTTGCATGTAATGACT-1,1,Naοve_CD4_T_cells_helpers,,True
CTTGCATGTAGTCAAT-1,1,Naοve_CD4_T_cells_helpers,,True
CTTGCATGTATTGCAG-1,0,Monocytes_CD14,,True
CTTGCATGTTATCCTA-1,10,Cytotoxic_T_NK,,False
CTTGCGCGTATTACCC-1,0,Monocytes_CD14,,True
CTTGCGCGTCATAACG-1,8,Naοve_B_cells,,True
CTTGCGCGTGAACAAA-1,3,Naοve_CD8_T_cells,,True
CTTGCTCAGACAAACG-1,7,Non_classical_Monocytes,,True
CTTGCTCAGCAAGATG-1,2,T_cells_general_cd4 ambigouus,,False
CTTGCTCAGCACGATT-1,3,Naοve_CD8_T_cells,,True
CTTGCTCAGCGATAAG-1,2,T_cells_general_cd4 ambigouus,,False
CTTGCTCAGGCGGATG-1,5,NK_cells,,True
CTTGCTCAGTTGCCTC-1,2,T_cells_general_cd4 ambigouus,,False
CTTGCTCAGTTTGCGG-1,0,Monocytes_CD14,,True
CTTGGACCACAATGCC-1,4,Cytotoxic_T_cell,,True
CTTGGACCACAATTAC-1,0,Monocytes_CD14,,True
CTTGGACCACCGTTCC-1,4,Cytotoxic_T_cell,,True
CTTGGACCACGGTTTA-1,2,T_cells_general_cd4 ambigouus,,False
CTTGGACCAGGTTAAA-1,5,NK_cells,,True
CTTGGACCATAATCCG-1,1,Naοve_CD4_T_cells_helpers,,True
CTTGGACCATTGTTGG-1,1,Naοve_CD4_T_cells_helpers,,True
CTTGTAAAGCTTACTT-1,1,Naοve_CD4_T_cells_helpers,,True
CTTGTAAAGTCACCTC-1,0,Monocytes_CD14,,True
CTTGTCCAGCACGTTG-1,5,NK_cells,,True
CTTGTCCAGCGGATAA-1,3,Naοve_CD8_T_cells,,True
CTTGTCCAGCGTGCAC-1,0,Monocytes_CD14,,True
CTTGTCCAGCTGCACA-1,3,Naοve_CD8_T_cells,,True
CTTGTCCAGTAGCCAT-1,6,Memory_B_cells,,True
CTTGTTCCAACAGGAT-1,0,Monocytes_CD14,,True
CTTGTTCCACTTCATC-1,0,Monocytes_CD14,,True
CTTGTTCCAGCCAGAA-1,3,Naοve_CD8_T_cells,,True
CTTGTTCCATTAAACC-1,0,Monocytes_CD14,,True
CTTGTTTAGCAAGGAC-1,3,Naοve_CD8_T_cells,,True
CTTGTTTAGCAGGTTT-1,1,Naοve_CD4_T_cells_helpers,,True
CTTGTTTAGCTCAATA-1,0,Monocytes_CD14,,True
CTTGTTTAGTAAGGGC-1,0,Monocytes_CD14,,True
CTTGTTTAGTTAGACC-1,6,Memory_B_cells,,True
CTTTAGGCAAACTAAG-1,2,T_cells_general_cd4 ambigouus,,False
CTTTAGGCAATAGCAA-1,2,T_cells_general_cd4 ambigouus,,False
CTTTAGGCATGTTGGC-1,1,Naοve_CD4_T_cells_helpers,,True
CTTTAGGCATTTAAGC-1,3,Naοve_CD8_T_cells,,True
CTTTAGTTCGCATTAA-1,0,Monocytes_CD14,,True
CTTTAGTTCGCTAGTG-1,2,T_cells_general_cd4 ambigouus,,False
CTTTAGTTCGGGACTC-1,0,Monocytes_CD14,,True
CTTTAGTTCGGTAACT-1,4,Cytotoxic_T_cell,,True
CTTTATCAGACAGGCG-1,2,T_cells_general_cd4 ambigouus,,False
CTTTATCAGATGGACA-1,3,Naοve_CD8_T_cells,,True
CTTTATCAGCGCTAAT-1,6,Memory_B_cells,,True
CTTTATCAGTGAGGGT-1,4,Cytotoxic_T_cell,,True
CTTTATCAGTTCCCGT-1,0,Monocytes_CD14,,True
CTTTATGGTAAGCTCA-1,0,Monocytes_CD14,,True
CTTTATGGTGGTGAGA-1,3,Naοve_CD8_T_cells,,True
CTTTATGGTTCCATTA-1,5,NK_cells,,True
CTTTATGGTTTGTCTA-1,2,T_cells_general_cd4 ambigouus,,False
CTTTCTTGTAGTTAAC-1,6,Memory_B_cells,,True
CTTTCTTGTCATCATC-1,2,T_cells_general_cd4 ambigouus,,False
CTTTCTTGTGATGAAA-1,0,Monocytes_CD14,,True
CTTTCTTGTTTACGTC-1,0,Monocytes_CD14,,True
CTTTGAGCAAAGCGCA-1,1,Naοve_CD4_T_cells_helpers,,True
CTTTGAGCAACTGGCT-1,4,Cytotoxic_T_cell,,True
CTTTGAGCACAACAAA-1,6,Memory_B_cells,,True
CTTTGAGCACCTCGCT-1,2,T_cells_general_cd4 ambigouus,,False
CTTTGAGCAGGCTTCG-1,1,Naοve_CD4_T_cells_helpers,,True
CTTTGGGAGCATTATG-1,2,T_cells_general_cd4 ambigouus,,False
CTTTGGGAGCTTAGTA-1,0,Monocytes_CD14,,True
CTTTGGGAGCTTCCCG-1,0,Monocytes_CD14,,True
CTTTGGGAGGAGGCAT-1,8,Naοve_B_cells,,True
CTTTGGGAGGTTTGAC-1,5,NK_cells,,True
CTTTGGGAGTAACTCA-1,1,Naοve_CD4_T_cells_helpers,,True
CTTTGGTGTAAGGTTT-1,3,Naοve_CD8_T_cells,,True
CTTTGGTGTACGGTAC-1,0,Monocytes_CD14,,True
CTTTGGTGTCAAACTG-1,8,Naοve_B_cells,,True
CTTTGGTGTCACTCGC-1,0,Monocytes_CD14,,True
CTTTGGTGTCATTAGG-1,2,T_cells_general_cd4 ambigouus,,False
CTTTGGTGTCCTAAGA-1,3,Naοve_CD8_T_cells,,True
CTTTGGTGTTAATGAC-1,3,Naοve_CD8_T_cells,,True
CTTTGGTGTTCGCTCA-1,0,Monocytes_CD14,,True
CTTTGTCCAACTAGAA-1,3,Naοve_CD8_T_cells,,True
CTTTGTCCAAGTGAAC-1,3,Naοve_CD8_T_cells,,True
CTTTGTCCAATAAGCA-1,1,Naοve_CD4_T_cells_helpers,,True
CTTTGTCCATGACTAT-1,0,Monocytes_CD14,,True
GAAACCCGTAACAGGG-1,0,Monocytes_CD14,,True
GAAACCCGTACTTCAC-1,0,Monocytes_CD14,,True
GAAACCCGTATTGTGG-1,3,Naοve_CD8_T_cells,,True
GAAACCCGTCCTCCAA-1,0,Monocytes_CD14,,True
GAAACCCGTCTAACCT-1,2,T_cells_general_cd4 ambigouus,,False
GAAACCCGTTCCGCAC-1,7,Non_classical_Monocytes,,True
GAAACTGAGGATCACT-1,3,Naοve_CD8_T_cells,,True
GAAACTGAGTCTATGA-1,3,Naοve_CD8_T_cells,,True
GAAACTGAGTGATTCA-1,3,Naοve_CD8_T_cells,,True
GAAAGCCAGCAGGTGG-1,0,Monocytes_CD14,,True
GAAAGCCAGGTAACGA-1,2,T_cells_general_cd4 ambigouus,,False
GAAAGCCAGGTAGCTT-1,3,Naοve_CD8_T_cells,,True
GAAAGCCAGTCACCAG-1,2,T_cells_general_cd4 ambigouus,,False
GAAAGGCTCATGCATA-1,5,NK_cells,,True
GAAAGGCTCCTGAATA-1,2,T_cells_general_cd4 ambigouus,,False
GAAAGGCTCTTGAGGT-1,0,Monocytes_CD14,,True
GAACACAAGCAAGGGT-1,0,Monocytes_CD14,,True
GAACACAAGCAGGCCT-1,1,Naοve_CD4_T_cells_helpers,,True
GAACACAAGCTTAGTA-1,1,Naοve_CD4_T_cells_helpers,,True
GAACACAAGGTCCTAG-1,3,Naοve_CD8_T_cells,,True
GAACCAAAGTAACGGA-1,0,Monocytes_CD14,,True
GAACCAAAGTTTGAGC-1,2,T_cells_general_cd4 ambigouus,,False
GAACCAGCAAGATTCT-1,0,Monocytes_CD14,,True
GAACCAGCACACCAAC-1,7,Non_classical_Monocytes,,True
GAACCAGCAGGACCTT-1,5,NK_cells,,True
GAACCGCTCATGCGTG-1,0,Monocytes_CD14,,True
GAACCGCTCATGGTGT-1,6,Memory_B_cells,,True
GAACCGCTCCCTGACT-1,0,Monocytes_CD14,,True
GAACCGCTCCTGGCTT-1,0,Monocytes_CD14,,True
GAACCGCTCGAGGAAC-1,2,T_cells_general_cd4 ambigouus,,False
GAACCTGTCCAAGTTA-1,0,Monocytes_CD14,,True
GAACCTGTCCCTGGTT-1,3,Naοve_CD8_T_cells,,True
GAACCTGTCCGCCTCA-1,0,Monocytes_CD14,,True
GAACCTGTCTGGTCCT-1,2,T_cells_general_cd4 ambigouus,,False
GAACCTGTCTGTGAGT-1,1,Naοve_CD4_T_cells_helpers,,True
GAACCTTAGACAGGTA-1,9,Dendritic cells,,True
GAACCTTAGCTGGACC-1,4,Cytotoxic_T_cell,,True
GAACCTTAGCTTAGCG-1,0,Monocytes_CD14,,True
GAACCTTAGTTAGCTA-1,1,Naοve_CD4_T_cells_helpers,,True
GAACGAATCATAACCA-1,1,Naοve_CD4_T_cells_helpers,,True
GAACGAATCCTTAGTT-1,4,Cytotoxic_T_cell,,True
GAACGAATCGACCTGA-1,0,Monocytes_CD14,,True
GAACGAATCGCGCTAA-1,0,Monocytes_CD14,,True
GAACGAATCGTCCTTA-1,4,Cytotoxic_T_cell,,True
GAACTTATCAAGACTC-1,6,Memory_B_cells,,True
GAACTTATCACATTGA-1,2,T_cells_general_cd4 ambigouus,,False
GAACTTATCCAATTAG-1,11,pDC,,False
GAACTTATCCCAGTAG-1,0,Monocytes_CD14,,True
GAACTTATCCCTCAGT-1,1,Naοve_CD4_T_cells_helpers,,True
GAACTTATCGTTACAA-1,5,NK_cells,,True
GAAGCCTGTATTGTGG-1,5,NK_cells,,True
GAAGCCTGTGTTGCTT-1,1,Naοve_CD4_T_cells_helpers,,True
GAAGCCTGTTGGATAT-1,3,Naοve_CD8_T_cells,,True
GAAGCTAAGCTAGAAG-1,1,Naοve_CD4_T_cells_helpers,,True
GAAGCTAAGCTTAGCG-1,1,Naοve_CD4_T_cells_helpers,,True
GAAGCTAAGGACCTCA-1,1,Naοve_CD4_T_cells_helpers,,True
GAAGCTAAGGTATTGC-1,3,Naοve_CD8_T_cells,,True
GAAGGAACAACCGCCA-1,11,pDC,,False
GAAGGAACATTGTCCT-1,1,Naοve_CD4_T_cells_helpers,,True
GAAGGATGTAACGTGC-1,11,pDC,,False
GAAGGATGTAACTACG-1,3,Naοve_CD8_T_cells,,True
GAAGGATGTCATAGAT-1,0,Monocytes_CD14,,True
GAAGGATGTCTAGCTT-1,0,Monocytes_CD14,,True
GAAGGATGTTGTGATG-1,7,Non_classical_Monocytes,,True
GAAGGCCCACAACAGG-1,3,Naοve_CD8_T_cells,,True
GAAGGCCCACCACAAC-1,3,Naοve_CD8_T_cells,,True
GAAGGCCCACCTAATG-1,2,T_cells_general_cd4 ambigouus,,False
GAAGGCCCAGGATAAC-1,2,T_cells_general_cd4 ambigouus,,False
GAAGGCCCAGGCTAGA-1,2,T_cells_general_cd4 ambigouus,,False
GAAGGCCCATTATCCC-1,6,Memory_B_cells,,True
GAAGGCTAGGCGCTTA-1,4,Cytotoxic_T_cell,,True
GAAGGCTAGTCATTTC-1,2,T_cells_general_cd4 ambigouus,,False
GAAGGCTAGTGAACAG-1,2,T_cells_general_cd4 ambigouus,,False
GAAGGCTAGTTAGAGG-1,6,Memory_B_cells,,True
GAAGTAAGTCAATGTG-1,2,T_cells_general_cd4 ambigouus,,False
GAAGTAAGTTAAGCGC-1,11,pDC,,False
GAAGTAAGTTTATCTG-1,0,Monocytes_CD14,,True
GAAGTATAGACAGGTA-1,0,Monocytes_CD14,,True
GAAGTATAGACTATTG-1,8,Naοve_B_cells,,True
GAAGTATAGAGAAGGG-1,0,Monocytes_CD14,,True
GAAGTATAGCCTGTGA-1,2,T_cells_general_cd4 ambigouus,,False
GAAGTATAGGTTACGT-1,3,Naοve_CD8_T_cells,,True
GAAGTATAGTTTAACG-1,1,Naοve_CD4_T_cells_helpers,,True
GAAGTCAAGATAGACG-1,3,Naοve_CD8_T_cells,,True
GAAGTCAAGCACTTGG-1,6,Memory_B_cells,,True
GAAGTCAAGCATGACT-1,3,Naοve_CD8_T_cells,,True
GAAGTCAAGCCTGACA-1,2,T_cells_general_cd4 ambigouus,,False
GAAGTCAAGCGAGCGA-1,1,Naοve_CD4_T_cells_helpers,,True
GAAGTCAAGGCAAGTA-1,0,Monocytes_CD14,,True
GAAGTCAAGGGTGGAT-1,0,Monocytes_CD14,,True
GAAGTCAAGTCAGTAC-1,0,Monocytes_CD14,,True
GAAGTCAAGTTCCTCA-1,10,Cytotoxic_T_NK,,False
GAAGTCAAGTTTGTCT-1,1,Naοve_CD4_T_cells_helpers,,True
GAAGTGATCACATTGA-1,9,Dendritic cells,,True
GAAGTGATCACTAGGT-1,3,Naοve_CD8_T_cells,,True
GAAGTGATCCCATAGG-1,0,Monocytes_CD14,,True
GAAGTGATCCCTCATA-1,9,Dendritic cells,,True
GAAGTGATCCGTTATT-1,2,T_cells_general_cd4 ambigouus,,False
GAATTTGTCATTACGA-1,5,NK_cells,,True
GAATTTGTCGAGCAAA-1,5,NK_cells,,True
GACAATACAAACTGTT-1,0,Monocytes_CD14,,True
GACAATACAACCTAAT-1,2,T_cells_general_cd4 ambigouus,,False
GACAATACAATTGAGA-1,1,Naοve_CD4_T_cells_helpers,,True
GACAATACAGCTTAAT-1,0,Monocytes_CD14,,True
GACAATACATTAGCCA-1,0,Monocytes_CD14,,True
GACACCGGTATTGGAT-1,3,Naοve_CD8_T_cells,,True
GACACCGGTGCATTAG-1,3,Naοve_CD8_T_cells,,True
GACACCGGTTCGGGAT-1,0,Monocytes_CD14,,True
GACACCGGTTGAATCG-1,5,NK_cells,,True
GACACTAGTGAATCGC-1,3,Naοve_CD8_T_cells,,True
GACATAGAGCTGGCTA-1,2,T_cells_general_cd4 ambigouus,,False
GACATAGAGGATTTGC-1,1,Naοve_CD4_T_cells_helpers,,True
GACATAGAGGCGAATA-1,2,T_cells_general_cd4 ambigouus,,False
GACATTATCCTCAGTC-1,3,Naοve_CD8_T_cells,,True
GACATTATCGGGACCT-1,2,T_cells_general_cd4 ambigouus,,False
GACATTATCTTGAGCG-1,4,Cytotoxic_T_cell,,True
GACATTATCTTGCATT-1,1,Naοve_CD4_T_cells_helpers,,True
GACCGAACAACAGGAT-1,3,Naοve_CD8_T_cells,,True
GACCGAACAATATGGA-1,0,Monocytes_CD14,,True
GACCGAACAATGAATG-1,1,Naοve_CD4_T_cells_helpers,,True
GACCGAACACATAACT-1,3,Naοve_CD8_T_cells,,True
GACCGAACAGCACGAA-1,0,Monocytes_CD14,,True
GACCGAACAGGAACCA-1,3,Naοve_CD8_T_cells,,True
GACCGAACAGGAACTG-1,0,Monocytes_CD14,,True
GACCGTTCAAACTAAG-1,1,Naοve_CD4_T_cells_helpers,,True
GACCGTTCAAACTGTT-1,1,Naοve_CD4_T_cells_helpers,,True
GACCGTTCAGGTTATT-1,3,Naοve_CD8_T_cells,,True
GACCGTTCATAAGGAC-1,2,T_cells_general_cd4 ambigouus,,False
GACCGTTCATTAAACC-1,0,Monocytes_CD14,,True
GACCGTTCATTGTGTG-1,0,Monocytes_CD14,,True
GACCTAAGTAAGGTCC-1,4,Cytotoxic_T_cell,,True
GACCTAAGTACGTTTC-1,0,Monocytes_CD14,,True
GACCTAAGTCACAGCG-1,2,T_cells_general_cd4 ambigouus,,False
GACCTAAGTCATAGAT-1,0,Monocytes_CD14,,True
GACCTAAGTTAAGCTG-1,0,Monocytes_CD14,,True
GACCTAAGTTGTTGTC-1,11,pDC,,False
GACCTAGTCAATGTCA-1,1,Naοve_CD4_T_cells_helpers,,True
GACCTAGTCCTTGCAC-1,0,Monocytes_CD14,,True
GACCTAGTCTCAATGA-1,4,Cytotoxic_T_cell,,True
GACCTAGTCTTGCTAT-1,5,NK_cells,,True
GACCTCAAGCAGGTTT-1,8,Naοve_B_cells,,True
GACCTCAAGTGAACAG-1,0,Monocytes_CD14,,True
GACCTCAAGTTGTCCC-1,5,NK_cells,,True
GACCTGATCACGTTAA-1,1,Naοve_CD4_T_cells_helpers,,True
GACCTGATCACTCGCT-1,2,T_cells_general_cd4 ambigouus,,False
GACCTGATCAGCTAAC-1,2,T_cells_general_cd4 ambigouus,,False
GACCTGATCCTCAGTC-1,0,Monocytes_CD14,,True
GACCTGATCGCTCCAT-1,0,Monocytes_CD14,,True
GACCTGATCGGTTACG-1,4,Cytotoxic_T_cell,,True
GACCTGATCGTTAACA-1,1,Naοve_CD4_T_cells_helpers,,True
GACCTGATCTGTGCAG-1,0,Monocytes_CD14,,True
GACCTGATCTTAGTGA-1,0,Monocytes_CD14,,True
GACCTGATCTTGATGA-1,2,T_cells_general_cd4 ambigouus,,False
GACCTGCAGCAAGATG-1,5,NK_cells,,True
GACCTGCAGCTGTCAG-1,2,T_cells_general_cd4 ambigouus,,False
GACCTGCAGGCAGGTG-1,7,Non_classical_Monocytes,,True
GACCTGCAGGGATTAG-1,1,Naοve_CD4_T_cells_helpers,,True
GACCTGCAGTGAGCAA-1,0,Monocytes_CD14,,True
GACCTTTGTGCTGTAA-1,4,Cytotoxic_T_cell,,True
GACCTTTGTTAACACG-1,4,Cytotoxic_T_cell,,True
GACCTTTGTTTACCGT-1,5,NK_cells,,True
GACGCAACAAATGCCC-1,0,Monocytes_CD14,,True
GACGCAACAAGTGTTT-1,0,Monocytes_CD14,,True
GACGCAACAATCTCTC-1,4,Cytotoxic_T_cell,,True
GACGCAACACGTGCTG-1,1,Naοve_CD4_T_cells_helpers,,True
GACGCAACAGTGAACG-1,1,Naοve_CD4_T_cells_helpers,,True
GACGCAACATTAAAGG-1,0,Monocytes_CD14,,True
GACGCAACATTGTGCA-1,3,Naοve_CD8_T_cells,,True
GACGCCTAGCCAGGTC-1,0,Monocytes_CD14,,True
GACGCCTAGCGCCTAA-1,2,T_cells_general_cd4 ambigouus,,False
GACGCCTAGGACCAGG-1,1,Naοve_CD4_T_cells_helpers,,True
GACGCCTAGGGTGAGT-1,5,NK_cells,,True
GACGTAAAGCCAAATC-1,3,Naοve_CD8_T_cells,,True
GACGTAAAGCGCTCAA-1,3,Naοve_CD8_T_cells,,True
GACGTAAAGGGCCACT-1,2,T_cells_general_cd4 ambigouus,,False
GACGTAAAGTGCACGC-1,1,Naοve_CD4_T_cells_helpers,,True
GACTAATGTAATCGTG-1,1,Naοve_CD4_T_cells_helpers,,True
GACTAATGTTCACTGT-1,5,NK_cells,,True
GACTAATGTTTATCTG-1,6,Memory_B_cells,,True
GACTAATGTTTGCAGA-1,5,NK_cells,,True
GACTATTCAAATTCGT-1,0,Monocytes_CD14,,True
GACTATTCAGCTACGT-1,3,Naοve_CD8_T_cells,,True
GACTATTCATGTTGGC-1,7,Non_classical_Monocytes,,True
GACTCACCAGCTAACC-1,2,T_cells_general_cd4 ambigouus,,False
GACTCACCAGGAAGCC-1,3,Naοve_CD8_T_cells,,True
GACTCACCATAATCGT-1,2,T_cells_general_cd4 ambigouus,,False
GACTCACCATCAATCG-1,11,pDC,,False
GACTCACCATGTCGCG-1,0,Monocytes_CD14,,True
GACTCACCATGTGGGA-1,8,Naοve_B_cells,,True
GACTTACAGGGTGAAC-1,2,T_cells_general_cd4 ambigouus,,False
GACTTACAGTAGGATG-1,0,Monocytes_CD14,,True
GACTTACAGTCATCCC-1,1,Naοve_CD4_T_cells_helpers,,True
GACTTAGGTACGCGCA-1,0,Monocytes_CD14,,True
GACTTAGGTATCTGGA-1,8,Naοve_B_cells,,True
GACTTAGGTGCTCACC-1,1,Naοve_CD4_T_cells_helpers,,True
GACTTGGTCAAGCCTG-1,3,Naοve_CD8_T_cells,,True
GACTTGGTCATGTGGT-1,4,Cytotoxic_T_cell,,True
GACTTGGTCCGCAAGC-1,4,Cytotoxic_T_cell,,True
GACTTGGTCCGGCTAA-1,6,Memory_B_cells,,True
GACTTGGTCCGTCCAT-1,3,Naοve_CD8_T_cells,,True
GACTTGGTCGCCTAAG-1,4,Cytotoxic_T_cell,,True
GACTTGGTCGTTAGTA-1,5,NK_cells,,True
GACTTGGTCTAATCTC-1,0,Monocytes_CD14,,True
GAGAAACGTGCTTTAC-1,1,Naοve_CD4_T_cells_helpers,,True
GAGAACCAGCAATAGG-1,2,T_cells_general_cd4 ambigouus,,False
GAGAACCAGCCAGTAT-1,0,Monocytes_CD14,,True
GAGAACCAGCTTAACA-1,3,Naοve_CD8_T_cells,,True
GAGAGGCGTACGTTTC-1,1,Naοve_CD4_T_cells_helpers,,True
GAGAGGCGTCAAAGGG-1,1,Naοve_CD4_T_cells_helpers,,True
GAGAGGCGTGCATTTC-1,4,Cytotoxic_T_cell,,True
GAGAGGCGTTCTTTAG-1,4,Cytotoxic_T_cell,,True
GAGATAAGTAGCTAGC-1,2,T_cells_general_cd4 ambigouus,,False
GAGATAAGTCCGTAGG-1,0,Monocytes_CD14,,True
GAGATAAGTGAAACAA-1,7,Non_classical_Monocytes,,True
GAGATAAGTGGACATC-1,7,Non_classical_Monocytes,,True
GAGCAAATCACTAATG-1,0,Monocytes_CD14,,True
GAGCAAATCATAACTG-1,7,Non_classical_Monocytes,,True
GAGCAAATCCCATAAA-1,3,Naοve_CD8_T_cells,,True
GAGCAAGGTAACAGGG-1,1,Naοve_CD4_T_cells_helpers,,True
GAGCAAGGTACTGAAT-1,0,Monocytes_CD14,,True
GAGCAAGGTCGCAATA-1,0,Monocytes_CD14,,True
GAGCAAGGTTACGCAA-1,2,T_cells_general_cd4 ambigouus,,False
GAGCAAGGTTTAAAGC-1,1,Naοve_CD4_T_cells_helpers,,True
GAGCATGCAAGGTACG-1,0,Monocytes_CD14,,True
GAGCATGCACAATGTT-1,3,Naοve_CD8_T_cells,,True
GAGCATGCACTCAACA-1,0,Monocytes_CD14,,True
GAGCATGCACTTGTTC-1,1,Naοve_CD4_T_cells_helpers,,True
GAGCATGCAGGACCAA-1,1,Naοve_CD4_T_cells_helpers,,True
GAGCATGCAGTTATGT-1,1,Naοve_CD4_T_cells_helpers,,True
GAGCATGCATAATCAC-1,1,Naοve_CD4_T_cells_helpers,,True
GAGCATGCATGGCCTG-1,0,Monocytes_CD14,,True
GAGCCACTCACTCGCT-1,3,Naοve_CD8_T_cells,,True
GAGCCACTCATTTGCT-1,0,Monocytes_CD14,,True
GAGCCACTCGGTTACG-1,3,Naοve_CD8_T_cells,,True
GAGCCACTCTGCAACG-1,4,Cytotoxic_T_cell,,True
GAGCCTTCAAAGCCTC-1,11,pDC,,False
GAGCCTTCAACAGGTG-1,2,T_cells_general_cd4 ambigouus,,False
GAGCCTTCAACTAGGG-1,0,Monocytes_CD14,,True
GAGCCTTCAATTGAAG-1,11,pDC,,False
GAGCCTTCAGCTAATT-1,3,Naοve_CD8_T_cells,,True
GAGCGAAGTAATAACC-1,2,T_cells_general_cd4 ambigouus,,False
GAGCGAAGTCAAAGAA-1,2,T_cells_general_cd4 ambigouus,,False
GAGCGAAGTTAGGATT-1,3,Naοve_CD8_T_cells,,True
GAGCGAAGTTCGGGAT-1,2,T_cells_general_cd4 ambigouus,,False
GAGCGATAGCATGTCG-1,4,Cytotoxic_T_cell,,True
GAGCGATAGCCTAACG-1,0,Monocytes_CD14,,True
GAGCGATAGGATTGAG-1,2,T_cells_general_cd4 ambigouus,,False
GAGCGATAGGGCTTTG-1,4,Cytotoxic_T_cell,,True
GAGCGATAGGTGTCCA-1,6,Memory_B_cells,,True
GAGCGATAGTCATGCG-1,1,Naοve_CD4_T_cells_helpers,,True
GAGCGATAGTTTGAGC-1,0,Monocytes_CD14,,True
GAGCGGTCAAGGATTA-1,0,Monocytes_CD14,,True
GAGCGGTCACCCACCT-1,6,Memory_B_cells,,True
GAGCGGTCACTTAACG-1,8,Naοve_B_cells,,True
GAGCGGTCAGGACACA-1,4,Cytotoxic_T_cell,,True
GAGCGGTCATGGCCCA-1,3,Naοve_CD8_T_cells,,True
GAGCGGTCATGTCAAT-1,4,Cytotoxic_T_cell,,True
GAGCGGTCATTATGAC-1,1,Naοve_CD4_T_cells_helpers,,True
GAGCTAGCAAGACTCC-1,1,Naοve_CD4_T_cells_helpers,,True
GAGCTAGCAGACAAAC-1,4,Cytotoxic_T_cell,,True
GAGCTAGCAGCACGTT-1,1,Naοve_CD4_T_cells_helpers,,True
GAGCTAGCATTTGCTC-1,3,Naοve_CD8_T_cells,,True
GAGCTGCTCAAGCGCC-1,7,Non_classical_Monocytes,,True
GAGCTGCTCACCTGCT-1,1,Naοve_CD4_T_cells_helpers,,True
GAGCTGCTCATGACCG-1,1,Naοve_CD4_T_cells_helpers,,True
GAGCTGCTCGTTACAA-1,1,Naοve_CD4_T_cells_helpers,,True
GAGCTGCTCTTGCAGG-1,1,Naοve_CD4_T_cells_helpers,,True
GAGCTTAGTACCTTAC-1,3,Naοve_CD8_T_cells,,True
GAGCTTAGTATTGCAG-1,2,T_cells_general_cd4 ambigouus,,False
GAGCTTAGTGTAACCA-1,2,T_cells_general_cd4 ambigouus,,False
GAGCTTAGTTTAACGG-1,3,Naοve_CD8_T_cells,,True
GAGCTTGTCATGCCTC-1,3,Naοve_CD8_T_cells,,True
GAGCTTGTCCAAGTGT-1,1,Naοve_CD4_T_cells_helpers,,True
GAGCTTGTCCCTTGCG-1,0,Monocytes_CD14,,True
GAGCTTGTCCGCAAGC-1,0,Monocytes_CD14,,True
GAGCTTGTCCTCACAC-1,1,Naοve_CD4_T_cells_helpers,,True
GAGCTTGTCCTTCAAT-1,8,Naοve_B_cells,,True
GAGCTTGTCGACAAAG-1,4,Cytotoxic_T_cell,,True
GAGCTTGTCGATTTGA-1,3,Naοve_CD8_T_cells,,True
GAGCTTGTCGCGACAC-1,2,T_cells_general_cd4 ambigouus,,False
GAGGACTAGATACTTG-1,0,Monocytes_CD14,,True
GAGGACTAGCCTTAAA-1,4,Cytotoxic_T_cell,,True
GAGGACTAGCTGTCAG-1,0,Monocytes_CD14,,True
GAGGACTAGGAAACTG-1,10,Cytotoxic_T_NK,,False
GAGGACTAGGTGTCCA-1,1,Naοve_CD4_T_cells_helpers,,True
GAGGACTAGTTATTCC-1,2,T_cells_general_cd4 ambigouus,,False
GAGGAGGCACAGAAAC-1,4,Cytotoxic_T_cell,,True
GAGGAGGCACTGGCCA-1,2,T_cells_general_cd4 ambigouus,,False
GAGGAGGCAGCTCAAC-1,4,Cytotoxic_T_cell,,True
GAGGAGGCAGGCAAGC-1,0,Monocytes_CD14,,True
GAGGAGGCATCCATCT-1,6,Memory_B_cells,,True
GAGGAGGCATGAATCT-1,0,Monocytes_CD14,,True
GAGGCAAGTCAAACTG-1,0,Monocytes_CD14,,True
GAGGCAAGTCGCATAA-1,3,Naοve_CD8_T_cells,,True
GAGGCAAGTGCTCACC-1,5,NK_cells,,True
GAGGCCTTCGAGGAGT-1,5,NK_cells,,True
GAGGCCTTCGTTAGTA-1,0,Monocytes_CD14,,True
GAGGCCTTCTGTGCCT-1,0,Monocytes_CD14,,True
GAGGCTACACCAAAGG-1,3,Naοve_CD8_T_cells,,True
GAGGCTACAGCAACCT-1,0,Monocytes_CD14,,True
GAGGCTACATCAGCAC-1,1,Naοve_CD4_T_cells_helpers,,True
GAGGCTACATTGTGGC-1,0,Monocytes_CD14,,True
GAGGCTACATTGTGTG-1,2,T_cells_general_cd4 ambigouus,,False
GAGGCTTGTAAAGCGG-1,1,Naοve_CD4_T_cells_helpers,,True
GAGGCTTGTATCTGGA-1,0,Monocytes_CD14,,True
GAGGCTTGTATTGTCC-1,1,Naοve_CD4_T_cells_helpers,,True
GAGGCTTGTGCAATGC-1,4,Cytotoxic_T_cell,,True
GAGGGAGCAAACCTTG-1,10,Cytotoxic_T_NK,,False
GAGGGAGCAACCTGGT-1,1,Naοve_CD4_T_cells_helpers,,True
GAGGGAGCAATTAAGG-1,0,Monocytes_CD14,,True
GAGGGAGCACAGAACG-1,0,Monocytes_CD14,,True
GAGGGAGCACCCTCAC-1,0,Monocytes_CD14,,True
GAGGGAGCAGAGGGAG-1,3,Naοve_CD8_T_cells,,True
GAGGGAGCAGCTAACC-1,1,Naοve_CD4_T_cells_helpers,,True
GAGGGAGCATTAGGCC-1,1,Naοve_CD4_T_cells_helpers,,True
GAGGGAGCATTATCCC-1,0,Monocytes_CD14,,True
GAGGTACAGCGGATAA-1,2,T_cells_general_cd4 ambigouus,,False
GAGGTACAGGAACGCG-1,2,T_cells_general_cd4 ambigouus,,False
GAGGTACAGTAACAGG-1,1,Naοve_CD4_T_cells_helpers,,True
GAGGTACAGTAAGTGG-1,3,Naοve_CD8_T_cells,,True
GAGGTAGGTCAAACTG-1,3,Naοve_CD8_T_cells,,True
GAGGTAGGTTACATCC-1,1,Naοve_CD4_T_cells_helpers,,True
GAGGTGAGTAAGCTTG-1,12,Stress_response,,False
GAGGTGAGTAATGGAA-1,1,Naοve_CD4_T_cells_helpers,,True
GAGGTGAGTACGATTG-1,0,Monocytes_CD14,,True
GAGGTGAGTATACTGG-1,7,Non_classical_Monocytes,,True
GAGGTGAGTCAAAGGG-1,0,Monocytes_CD14,,True
GAGGTGAGTGATGAAA-1,3,Naοve_CD8_T_cells,,True
GAGGTGAGTGGTTCTT-1,3,Naοve_CD8_T_cells,,True
GAGGTGAGTTGTAACG-1,1,Naοve_CD4_T_cells_helpers,,True
GAGGTGAGTTGTTGGA-1,2,T_cells_general_cd4 ambigouus,,False
GAGGTGAGTTTAACGG-1,0,Monocytes_CD14,,True
GAGGTTAAGCTGTAAC-1,0,Monocytes_CD14,,True
GAGGTTAAGCTTAGCG-1,0,Monocytes_CD14,,True
GAGGTTAAGTGAACAG-1,2,T_cells_general_cd4 ambigouus,,False
GAGTAACCACTTAGGC-1,2,T_cells_general_cd4 ambigouus,,False
GAGTAACCAGTTTGGC-1,2,T_cells_general_cd4 ambigouus,,False
GAGTAACCATCAGTAT-1,0,Monocytes_CD14,,True
GAGTAACCATTATGGT-1,4,Cytotoxic_T_cell,,True
GAGTAATAGAGAGCCG-1,3,Naοve_CD8_T_cells,,True
GAGTAATAGCTAATCA-1,0,Monocytes_CD14,,True
GAGTAATAGGCTACTG-1,3,Naοve_CD8_T_cells,,True
GAGTAATAGTTTGAGC-1,2,T_cells_general_cd4 ambigouus,,False
GAGTATCTCCTGTTCA-1,1,Naοve_CD4_T_cells_helpers,,True
GAGTATCTCGGCTATG-1,6,Memory_B_cells,,True
GAGTCAAAGCAAGGTA-1,2,T_cells_general_cd4 ambigouus,,False
GAGTCAAAGCCAAATC-1,0,Monocytes_CD14,,True
GAGTCAAAGCCAGGTC-1,0,Monocytes_CD14,,True
GAGTCAAAGCTGTAAC-1,1,Naοve_CD4_T_cells_helpers,,True
GAGTCAAAGGCTAAGA-1,3,Naοve_CD8_T_cells,,True
GAGTCAAAGTCACCAG-1,2,T_cells_general_cd4 ambigouus,,False
GAGTCATTCACTCAAA-1,9,Dendritic cells,,True
GAGTCATTCATGTCAA-1,2,T_cells_general_cd4 ambigouus,,False
GAGTCATTCCGTTAAA-1,0,Monocytes_CD14,,True
GAGTCATTCTCGACCT-1,0,Monocytes_CD14,,True
GAGTCATTCTCTAGCC-1,0,Monocytes_CD14,,True
GAGTGAGGTATTGTGG-1,1,Naοve_CD4_T_cells_helpers,,True
GAGTGAGGTTTGTTGC-1,7,Non_classical_Monocytes,,True
GAGTGATCAAAGCGGC-1,1,Naοve_CD4_T_cells_helpers,,True
GAGTGATCAAAGCTAA-1,1,Naοve_CD4_T_cells_helpers,,True
GAGTGATCAGCATGGA-1,5,NK_cells,,True
GAGTGATCAGCCAGAA-1,1,Naοve_CD4_T_cells_helpers,,True
GAGTGATCATAATCCG-1,3,Naοve_CD8_T_cells,,True
GAGTGTTTCATCCTAT-1,3,Naοve_CD8_T_cells,,True
GAGTGTTTCATGCAAC-1,2,T_cells_general_cd4 ambigouus,,False
GAGTGTTTCATGTCAA-1,9,Dendritic cells,,True
GAGTGTTTCGAAGTGA-1,2,T_cells_general_cd4 ambigouus,,False
GAGTGTTTCGCTAAGT-1,3,Naοve_CD8_T_cells,,True
GAGTGTTTCGGTTTGG-1,5,NK_cells,,True
GAGTGTTTCTCACATT-1,3,Naοve_CD8_T_cells,,True
GAGTTACTCAAACCGT-1,2,T_cells_general_cd4 ambigouus,,False
GAGTTACTCAAAGGCA-1,3,Naοve_CD8_T_cells,,True
GAGTTACTCAGCACCA-1,2,T_cells_general_cd4 ambigouus,,False
GAGTTACTCCAATAGC-1,0,Monocytes_CD14,,True
GAGTTACTCCGCATGA-1,2,T_cells_general_cd4 ambigouus,,False
GAGTTACTCCTCACAC-1,0,Monocytes_CD14,,True
GAGTTACTCGGCCAGT-1,6,Memory_B_cells,,True
GAGTTGCGTAACAGGG-1,0,Monocytes_CD14,,True
GAGTTGCGTTAATCGG-1,6,Memory_B_cells,,True
GAGTTTGGTCATGAGC-1,6,Memory_B_cells,,True
GAGTTTGGTCGACTAA-1,3,Naοve_CD8_T_cells,,True
GAGTTTGGTGGTGAGA-1,0,Monocytes_CD14,,True
GAGTTTGGTGTTGTGA-1,1,Naοve_CD4_T_cells_helpers,,True
GAGTTTGGTTACTTGC-1,0,Monocytes_CD14,,True
GAGTTTGGTTGACTTC-1,2,T_cells_general_cd4 ambigouus,,False
GAGTTTGGTTTGAGGC-1,8,Naοve_B_cells,,True
GATAAAGGTCAAACTG-1,4,Cytotoxic_T_cell,,True
GATAAAGGTCCTGATT-1,2,T_cells_general_cd4 ambigouus,,False
GATAAAGGTGACATAT-1,0,Monocytes_CD14,,True
GATAAAGGTGTGTCCC-1,0,Monocytes_CD14,,True
GATAAAGGTTACGCGG-1,3,Naοve_CD8_T_cells,,True
GATAAAGGTTGCATCT-1,2,T_cells_general_cd4 ambigouus,,False
GATAAAGGTTTGCTGT-1,2,T_cells_general_cd4 ambigouus,,False
GATAACGAGCGAGGTG-1,0,Monocytes_CD14,,True
GATAACGAGGTCCTAG-1,0,Monocytes_CD14,,True
GATAACGAGTCGCTAG-1,0,Monocytes_CD14,,True
GATAAGCCAAGGACCA-1,6,Memory_B_cells,,True
GATAAGCCAAGTAAGC-1,2,T_cells_general_cd4 ambigouus,,False
GATAAGCCACAACAGG-1,0,Monocytes_CD14,,True
GATAAGCCACCTAAGC-1,6,Memory_B_cells,,True
GATAAGCCAGCTAATT-1,3,Naοve_CD8_T_cells,,True
GATAAGCCAGCTTAGC-1,1,Naοve_CD4_T_cells_helpers,,True
GATAAGCCAGTCTAAT-1,1,Naοve_CD4_T_cells_helpers,,True
GATAATCGTGAACAAA-1,1,Naοve_CD4_T_cells_helpers,,True
GATAATCGTGGTTCCC-1,0,Monocytes_CD14,,True
GATAATCGTTACTTCA-1,8,Naοve_B_cells,,True
GATAATCGTTGCACGG-1,0,Monocytes_CD14,,True
GATAGACCAGGCCTTG-1,6,Memory_B_cells,,True
GATAGACCATCAGTAT-1,2,T_cells_general_cd4 ambigouus,,False
GATAGACCATGAAGTA-1,8,Naοve_B_cells,,True
GATAGACCATTAAGCT-1,2,T_cells_general_cd4 ambigouus,,False
GATCAAGAGACAAGTG-1,3,Naοve_CD8_T_cells,,True
GATCAAGAGCCAGTAT-1,1,Naοve_CD4_T_cells_helpers,,True
GATCAAGAGCGGGCAA-1,0,Monocytes_CD14,,True
GATCAAGAGCTCCTAC-1,6,Memory_B_cells,,True
GATCAAGAGGAGGTTA-1,2,T_cells_general_cd4 ambigouus,,False
GATCAAGAGGTGAAGC-1,1,Naοve_CD4_T_cells_helpers,,True
GATCAAGAGTAGCTTA-1,1,Naοve_CD4_T_cells_helpers,,True
GATCACTAGCAGGTTT-1,3,Naοve_CD8_T_cells,,True
GATCACTAGCGTGCGT-1,5,NK_cells,,True
GATCACTAGCTAAAGG-1,7,Non_classical_Monocytes,,True
GATCACTAGGATGATG-1,3,Naοve_CD8_T_cells,,True
GATCACTAGGGTCCAC-1,4,Cytotoxic_T_cell,,True
GATCACTAGTAGGCGG-1,5,NK_cells,,True
GATCACTAGTATGTGC-1,1,Naοve_CD4_T_cells_helpers,,True
GATCAGGCACAATGCC-1,1,Naοve_CD4_T_cells_helpers,,True
GATCAGGCACCTACTT-1,0,Monocytes_CD14,,True
GATCAGGCACTGGCTG-1,2,T_cells_general_cd4 ambigouus,,False
GATCAGGCAGGCAAGC-1,8,Naοve_B_cells,,True
GATCAGGCAGTACCGT-1,1,Naοve_CD4_T_cells_helpers,,True
GATCAGGCATTAGGTT-1,0,Monocytes_CD14,,True
GATCAGGCATTGTGGC-1,4,Cytotoxic_T_cell,,True
GATCAGTTCAGCTAAC-1,0,Monocytes_CD14,,True
GATCAGTTCATAATCG-1,3,Naοve_CD8_T_cells,,True
GATCAGTTCATTTGCT-1,2,T_cells_general_cd4 ambigouus,,False
GATCAGTTCCTCAGTC-1,1,Naοve_CD4_T_cells_helpers,,True
GATCAGTTCTAACTGA-1,7,Non_classical_Monocytes,,True
GATCAGTTCTCCATGC-1,3,Naοve_CD8_T_cells,,True
GATCCGTCACAAAGCG-1,0,Monocytes_CD14,,True
GATCCGTCACAACAAA-1,0,Monocytes_CD14,,True
GATCCGTCAGCAACCT-1,4,Cytotoxic_T_cell,,True
GATCCGTCATAGCGGA-1,0,Monocytes_CD14,,True
GATCGAGCAGCATGAG-1,11,pDC,,False
GATCGAGCAGCCAGTT-1,1,Naοve_CD4_T_cells_helpers,,True
GATCGAGCAGGCCAAA-1,0,Monocytes_CD14,,True
GATCGAGCAGGTCCTG-1,1,Naοve_CD4_T_cells_helpers,,True
GATCGATTCCCGAAGC-1,4,Cytotoxic_T_cell,,True
GATCGATTCGGTCATG-1,4,Cytotoxic_T_cell,,True
GATCGATTCGGTTTGG-1,0,Monocytes_CD14,,True
GATCGATTCTCGACCT-1,3,Naοve_CD8_T_cells,,True
GATCGCTCAAGCGAGC-1,0,Monocytes_CD14,,True
GATCGCTCAAGGTCCT-1,3,Naοve_CD8_T_cells,,True
GATCGCTCAGCGCTTG-1,2,T_cells_general_cd4 ambigouus,,False
GATCGCTCAGGCCTTG-1,3,Naοve_CD8_T_cells,,True
GATCGCTCAGTATGTT-1,1,Naοve_CD4_T_cells_helpers,,True
GATCGCTCAGTTAAAG-1,1,Naοve_CD4_T_cells_helpers,,True
GATCGCTCATAAGGAC-1,1,Naοve_CD4_T_cells_helpers,,True
GATGACTTCAAACCGT-1,3,Naοve_CD8_T_cells,,True
GATGACTTCATTGACA-1,1,Naοve_CD4_T_cells_helpers,,True
GATGACTTCGATAACC-1,7,Non_classical_Monocytes,,True
GATGACTTCGGTTTCC-1,0,Monocytes_CD14,,True
GATGAGGGTCAATACG-1,4,Cytotoxic_T_cell,,True
GATGAGGGTTAAATGC-1,2,T_cells_general_cd4 ambigouus,,False
GATGAGGGTTAATGCG-1,6,Memory_B_cells,,True
GATGAGGGTTAGCAGC-1,0,Monocytes_CD14,,True
GATGAGGGTTGTTCAC-1,3,Naοve_CD8_T_cells,,True
GATGCAGCACATGCTA-1,0,Monocytes_CD14,,True
GATGCAGCACCAGGTT-1,2,T_cells_general_cd4 ambigouus,,False
GATGCAGCAGTTAGCC-1,2,T_cells_general_cd4 ambigouus,,False
GATGCAGCAGTTTCTC-1,0,Monocytes_CD14,,True
GATGCAGCATAATCAC-1,0,Monocytes_CD14,,True
GATGCAGCATAGGCGA-1,0,Monocytes_CD14,,True
GATGCAGCATTTAAGC-1,5,NK_cells,,True
GATGCATTCAAGCCTG-1,6,Memory_B_cells,,True
GATGCGACAAATTGCT-1,2,T_cells_general_cd4 ambigouus,,False
GATGCGACAACTCGCG-1,1,Naοve_CD4_T_cells_helpers,,True
GATGCGACACACCAAC-1,1,Naοve_CD4_T_cells_helpers,,True
GATGCGACACTGACTA-1,2,T_cells_general_cd4 ambigouus,,False
GATGCGACAGAAATGC-1,0,Monocytes_CD14,,True
GATGCGACAGGAACTG-1,8,Naοve_B_cells,,True
GATGCGACATCCATCT-1,8,Naοve_B_cells,,True
GATGCTTAGCACGATT-1,0,Monocytes_CD14,,True
GATGCTTAGCGATACT-1,11,pDC,,False
GATGCTTAGCGGATTT-1,0,Monocytes_CD14,,True
GATGCTTAGGCAAGTA-1,1,Naοve_CD4_T_cells_helpers,,True
GATGCTTAGTTGTCAA-1,3,Naοve_CD8_T_cells,,True
GATGGACAGCACAGCC-1,0,Monocytes_CD14,,True
GATGGACAGCGAGTAA-1,0,Monocytes_CD14,,True
GATGGACAGGGCTAAA-1,1,Naοve_CD4_T_cells_helpers,,True
GATGGCTGTATTACCC-1,6,Memory_B_cells,,True
GATGGCTGTATTGTGG-1,8,Naοve_B_cells,,True
GATGGCTGTGTTAAAC-1,0,Monocytes_CD14,,True
GATGGCTGTTTGCTGT-1,1,Naοve_CD4_T_cells_helpers,,True
GATTAAGCAATAATCC-1,0,Monocytes_CD14,,True
GATTAAGCAGTAATAG-1,1,Naοve_CD4_T_cells_helpers,,True
GATTACGGTCGTAATG-1,1,Naοve_CD4_T_cells_helpers,,True
GATTACGGTCTTACTA-1,3,Naοve_CD8_T_cells,,True
GATTACGGTCTTTATG-1,0,Monocytes_CD14,,True
GATTACGGTTGTTGGA-1,4,Cytotoxic_T_cell,,True
GATTACTCAACAACAA-1,6,Memory_B_cells,,True
GATTACTCACAAAGAC-1,0,Monocytes_CD14,,True
GATTACTCATGTCAGC-1,1,Naοve_CD4_T_cells_helpers,,True
GATTACTCATTGCAGC-1,8,Naοve_B_cells,,True
GATTAGCTCAGCAAGA-1,2,T_cells_general_cd4 ambigouus,,False
GATTAGCTCAGCCAAT-1,3,Naοve_CD8_T_cells,,True
GATTAGCTCCCGCAAA-1,5,NK_cells,,True
GATTAGCTCCCTTGCG-1,0,Monocytes_CD14,,True
GATTAGCTCCTCAGTC-1,2,T_cells_general_cd4 ambigouus,,False
GATTAGCTCGGTCATG-1,8,Naοve_B_cells,,True
GATTAGCTCTCAATAG-1,0,Monocytes_CD14,,True
GATTAGCTCTGCAAGT-1,4,Cytotoxic_T_cell,,True
GATTAGTGTACCGGAT-1,6,Memory_B_cells,,True
GATTAGTGTCATGAGC-1,3,Naοve_CD8_T_cells,,True
GATTAGTGTGATGAGG-1,0,Monocytes_CD14,,True
GATTAGTGTGTGTCCC-1,2,T_cells_general_cd4 ambigouus,,False
GATTAGTGTTACATCC-1,1,Naοve_CD4_T_cells_helpers,,True
GATTATGTCATTAGGC-1,6,Memory_B_cells,,True
GATTATGTCCCTGGAA-1,5,NK_cells,,True
GATTATGTCGAGGAGT-1,2,T_cells_general_cd4 ambigouus,,False
GATTATGTCGCGCTAA-1,3,Naοve_CD8_T_cells,,True
GATTATGTCGCTTGCT-1,0,Monocytes_CD14,,True
GATTATGTCGGCCAGT-1,0,Monocytes_CD14,,True
GATTATGTCGGGACCT-1,3,Naοve_CD8_T_cells,,True
GATTCAATCGATCAGT-1,5,NK_cells,,True
GATTCAATCTTGTTCG-1,2,T_cells_general_cd4 ambigouus,,False
GATTCAGGTATGGTGC-1,3,Naοve_CD8_T_cells,,True
GATTCAGGTCCGGTTC-1,2,T_cells_general_cd4 ambigouus,,False
GATTCAGGTGAGGTAG-1,8,Naοve_B_cells,,True
GATTCAGGTTCGCTTG-1,7,Non_classical_Monocytes,,True
GATTCAGGTTTGCGAA-1,2,T_cells_general_cd4 ambigouus,,False
GATTCATCAACTAACT-1,0,Monocytes_CD14,,True
GATTCATCAATAAGCA-1,3,Naοve_CD8_T_cells,,True
GATTCATCATAATGTC-1,1,Naοve_CD4_T_cells_helpers,,True
GATTCATCATCATGTG-1,3,Naοve_CD8_T_cells,,True
GATTCATCATGCTATG-1,0,Monocytes_CD14,,True
GATTCCTGTCATAAGT-1,1,Naοve_CD4_T_cells_helpers,,True
GATTCCTGTGTTTGTC-1,2,T_cells_general_cd4 ambigouus,,False
GATTCCTGTTATAGCG-1,1,Naοve_CD4_T_cells_helpers,,True
GATTCCTGTTGGATCA-1,8,Naοve_B_cells,,True
GATTCCTGTTTACTTG-1,3,Naοve_CD8_T_cells,,True
GATTCGCCAAGCGATG-1,7,Non_classical_Monocytes,,True
GATTCGCCACCTGCTC-1,2,T_cells_general_cd4 ambigouus,,False
GATTCGCCAGGCTTCG-1,1,Naοve_CD4_T_cells_helpers,,True
GATTCGCCAGTAAAGC-1,4,Cytotoxic_T_cell,,True
GATTCGCCAGTATGTT-1,4,Cytotoxic_T_cell,,True
GATTCGCCATGCATAT-1,3,Naοve_CD8_T_cells,,True
GATTGATGTACGGTAC-1,2,T_cells_general_cd4 ambigouus,,False
GATTGATGTAGGATTT-1,0,Monocytes_CD14,,True
GATTGATGTCAGGCCA-1,5,NK_cells,,True
GATTGATGTGGGAACA-1,2,T_cells_general_cd4 ambigouus,,False
GATTGATGTGTAACCA-1,0,Monocytes_CD14,,True
GATTGATGTTAGCCAA-1,9,Dendritic cells,,True
GATTGATGTTGACTTC-1,0,Monocytes_CD14,,True
GATTGATGTTTATGGG-1,3,Naοve_CD8_T_cells,,True
GATTGCAGTAACGTGC-1,2,T_cells_general_cd4 ambigouus,,False
GATTGCAGTGCTGTAA-1,1,Naοve_CD4_T_cells_helpers,,True
GATTGCAGTTGGATCA-1,0,Monocytes_CD14,,True
GATTGCGTCCCTCACG-1,9,Dendritic cells,,True
GATTGCGTCGATATTG-1,3,Naοve_CD8_T_cells,,True
GATTGGCGTACTTAGG-1,0,Monocytes_CD14,,True
GATTGGCGTGCATTAG-1,0,Monocytes_CD14,,True
GATTGGCGTTTATGGG-1,0,Monocytes_CD14,,True
GATTGGTTCAGGCTAT-1,2,T_cells_general_cd4 ambigouus,,False
GATTGGTTCATTGTCT-1,0,Monocytes_CD14,,True
GATTGGTTCTACTAAG-1,4,Cytotoxic_T_cell,,True
GATTGGTTCTAGCTTT-1,3,Naοve_CD8_T_cells,,True
GATTGTTCACAGACTC-1,3,Naοve_CD8_T_cells,,True
GATTGTTCAGCCGCTA-1,0,Monocytes_CD14,,True
GATTGTTCATCGCTCC-1,1,Naοve_CD4_T_cells_helpers,,True
GATTGTTCATTGACAT-1,6,Memory_B_cells,,True
GATTTGCAGACACTTA-1,4,Cytotoxic_T_cell,,True
GATTTGCAGCGGGCAA-1,4,Cytotoxic_T_cell,,True
GATTTGCAGGCTAAGA-1,2,T_cells_general_cd4 ambigouus,,False
GCAAACAAGGCTTAAC-1,2,T_cells_general_cd4 ambigouus,,False
GCAAACAAGTGAGGGT-1,1,Naοve_CD4_T_cells_helpers,,True
GCAAACCGTACTTCAC-1,1,Naοve_CD4_T_cells_helpers,,True
GCAAACCGTCATTAGG-1,8,Naοve_B_cells,,True
GCAAACCGTCTAACAG-1,1,Naοve_CD4_T_cells_helpers,,True
GCAAACCGTGTGCAAC-1,1,Naοve_CD4_T_cells_helpers,,True
GCAAACCGTTCCTGAT-1,1,Naοve_CD4_T_cells_helpers,,True
GCAAACTTCACAGACT-1,6,Memory_B_cells,,True
GCAAACTTCATAACTG-1,5,NK_cells,,True
GCAAACTTCCAATTAG-1,9,Dendritic cells,,True
GCAAACTTCCTAAGAC-1,0,Monocytes_CD14,,True
GCAAACTTCCTCAGCT-1,0,Monocytes_CD14,,True
GCAAACTTCGAAGTAG-1,2,T_cells_general_cd4 ambigouus,,False
GCAACAGCAAGGTATA-1,2,T_cells_general_cd4 ambigouus,,False
GCAAGCCTCACGCCAA-1,6,Memory_B_cells,,True
GCAAGCCTCCTCACTA-1,1,Naοve_CD4_T_cells_helpers,,True
GCAAGCCTCCTGGTCT-1,0,Monocytes_CD14,,True
GCAAGCCTCTTTAAGG-1,1,Naοve_CD4_T_cells_helpers,,True
GCAAGTCGTAATAGCT-1,4,Cytotoxic_T_cell,,True
GCAAGTCGTCAATAGT-1,2,T_cells_general_cd4 ambigouus,,False
GCAAGTCGTCACTCGC-1,3,Naοve_CD8_T_cells,,True
GCAAGTCGTGGAAGGC-1,11,pDC,,False
GCAAGTGCACAAACTT-1,4,Cytotoxic_T_cell,,True
GCAAGTGCACACAATT-1,9,Dendritic cells,,True
GCAAGTGCACCACAAC-1,2,T_cells_general_cd4 ambigouus,,False
GCAAGTGCACGCAACT-1,1,Naοve_CD4_T_cells_helpers,,True
GCAAGTGCACTAAGCC-1,3,Naοve_CD8_T_cells,,True
GCAAGTGCAGCCAGAA-1,4,Cytotoxic_T_cell,,True
GCAAGTGCATAAGCAA-1,3,Naοve_CD8_T_cells,,True
GCAATAGAGGACCTCA-1,3,Naοve_CD8_T_cells,,True
GCAATAGAGGCGGATG-1,1,Naοve_CD4_T_cells_helpers,,True
GCAATAGAGTTGTCTT-1,3,Naοve_CD8_T_cells,,True
GCAATATGTAATGGAA-1,7,Non_classical_Monocytes,,True
GCAATATGTAGCAGCT-1,1,Naοve_CD4_T_cells_helpers,,True
GCAATATGTAGCTGGT-1,10,Cytotoxic_T_NK,,False
GCAATATGTATTCGCT-1,0,Monocytes_CD14,,True
GCAATATGTCAAAGGG-1,5,NK_cells,,True
GCAATATGTGAAACAA-1,0,Monocytes_CD14,,True
GCAATATGTGACATGC-1,0,Monocytes_CD14,,True
GCAATATGTGCTAGCG-1,3,Naοve_CD8_T_cells,,True
GCAATATGTGTGTGGT-1,1,Naοve_CD4_T_cells_helpers,,True
GCAATATGTTAAGGCC-1,2,T_cells_general_cd4 ambigouus,,False
GCAATATGTTCCATTA-1,0,Monocytes_CD14,,True
GCAATATGTTCGCGCT-1,0,Monocytes_CD14,,True
GCAATCTAGCCTAACG-1,1,Naοve_CD4_T_cells_helpers,,True
GCAATCTAGCGGGCAA-1,2,T_cells_general_cd4 ambigouus,,False
GCAATCTAGGAGGTTA-1,9,Dendritic cells,,True
GCAATCTAGGATTGCT-1,1,Naοve_CD4_T_cells_helpers,,True
GCAATCTAGTTAGCCG-1,9,Dendritic cells,,True
GCAATGAAGATTGAGG-1,3,Naοve_CD8_T_cells,,True
GCAATGAAGCGAGCGA-1,4,Cytotoxic_T_cell,,True
GCAATGAAGCGCATTG-1,2,T_cells_general_cd4 ambigouus,,False
GCAATGAAGGTGTTAC-1,2,T_cells_general_cd4 ambigouus,,False
GCAATGAAGGTTAGCT-1,5,NK_cells,,True
GCAATGAAGTGAGCGG-1,4,Cytotoxic_T_cell,,True
GCAATGTTCAAACCGT-1,3,Naοve_CD8_T_cells,,True
GCAATGTTCAAGGACA-1,1,Naοve_CD4_T_cells_helpers,,True
GCAATGTTCACTCAAA-1,9,Dendritic cells,,True
GCAATGTTCAGAAACG-1,0,Monocytes_CD14,,True
GCAATGTTCAGCACCA-1,6,Memory_B_cells,,True
GCAATGTTCCCATAGG-1,3,Naοve_CD8_T_cells,,True
GCAATGTTCCCTTGCG-1,3,Naοve_CD8_T_cells,,True
GCAATGTTCCGCAAGC-1,2,T_cells_general_cd4 ambigouus,,False
GCAATGTTCCTAAGTA-1,3,Naοve_CD8_T_cells,,True
GCAATGTTCTGTTCAT-1,0,Monocytes_CD14,,True
GCACATTAGAAGCTAG-1,5,NK_cells,,True
GCACATTAGAATCGCT-1,0,Monocytes_CD14,,True
GCACATTAGCATCCAG-1,0,Monocytes_CD14,,True
GCACATTAGGCGCATC-1,0,Monocytes_CD14,,True
GCACATTAGTATGTGC-1,0,Monocytes_CD14,,True
GCACCTAAGACACTTA-1,3,Naοve_CD8_T_cells,,True
GCACCTAAGAGCAAGC-1,0,Monocytes_CD14,,True
GCACCTAAGCCTGATG-1,0,Monocytes_CD14,,True
GCACCTAAGGAGCAAC-1,4,Cytotoxic_T_cell,,True
GCACCTAAGTTAGTGC-1,3,Naοve_CD8_T_cells,,True
GCACCTAAGTTCCCGT-1,3,Naοve_CD8_T_cells,,True
GCACGAACAGAGGGAG-1,3,Naοve_CD8_T_cells,,True
GCACGAACAGCAAATA-1,0,Monocytes_CD14,,True
GCACGAACATGTTGGC-1,0,Monocytes_CD14,,True
GCACGAACATTGTCAG-1,3,Naοve_CD8_T_cells,,True
GCACGCTAGCTTTGTT-1,4,Cytotoxic_T_cell,,True
GCACGCTAGGGCTAAA-1,1,Naοve_CD4_T_cells_helpers,,True
GCACGGTTCATGGCTG-1,2,T_cells_general_cd4 ambigouus,,False
GCACGGTTCCATTACT-1,0,Monocytes_CD14,,True
GCACGGTTCGCTAAAC-1,5,NK_cells,,True
GCACTAAGTAACCAGC-1,2,T_cells_general_cd4 ambigouus,,False
GCACTAAGTGTTCCCA-1,3,Naοve_CD8_T_cells,,True
GCACTAAGTTACCGGG-1,1,Naοve_CD4_T_cells_helpers,,True
GCACTAAGTTAGCAGC-1,0,Monocytes_CD14,,True
GCACTAAGTTCCGCAC-1,0,Monocytes_CD14,,True
GCACTTACACAGAACG-1,0,Monocytes_CD14,,True
GCACTTACACCTATAG-1,2,T_cells_general_cd4 ambigouus,,False
GCACTTACAGCAGGTA-1,6,Memory_B_cells,,True
GCACTTACAGGCCTTG-1,5,NK_cells,,True
GCAGCAACAAGATTCT-1,3,Naοve_CD8_T_cells,,True
GCAGCAACACTAAGCC-1,2,T_cells_general_cd4 ambigouus,,False
GCAGCAACACTATGGC-1,1,Naοve_CD4_T_cells_helpers,,True
GCAGCAACAGACAAAC-1,0,Monocytes_CD14,,True
GCAGCAACAGGGAGGA-1,4,Cytotoxic_T_cell,,True
GCAGCAACATAAGTCT-1,0,Monocytes_CD14,,True
GCAGCAACATGGCCTG-1,0,Monocytes_CD14,,True
GCAGCAACATTGACAT-1,3,Naοve_CD8_T_cells,,True
GCAGCCAGTCTTGCAT-1,1,Naοve_CD4_T_cells_helpers,,True
GCAGCCAGTGATGAGG-1,0,Monocytes_CD14,,True
GCAGCCAGTGGCTTCC-1,10,Cytotoxic_T_NK,,False
GCAGCCAGTTTACTTG-1,2,T_cells_general_cd4 ambigouus,,False
GCAGCCAGTTTCAGGA-1,0,Monocytes_CD14,,True
GCAGCTATCAGCACCA-1,6,Memory_B_cells,,True
GCAGCTATCATTATGG-1,6,Memory_B_cells,,True
GCAGCTATCCCTGATC-1,1,Naοve_CD4_T_cells_helpers,,True
GCAGCTATCCGCCTAT-1,2,T_cells_general_cd4 ambigouus,,False
GCAGCTATCCGTTATT-1,8,Naοve_B_cells,,True
GCAGCTATCGTTAACA-1,3,Naοve_CD8_T_cells,,True
GCAGGAAGTCATAGAT-1,3,Naοve_CD8_T_cells,,True
GCAGGAAGTTGTAACG-1,2,T_cells_general_cd4 ambigouus,,False
GCAGGACCAAGGACCA-1,0,Monocytes_CD14,,True
GCAGGACCAATATACC-1,5,NK_cells,,True
GCAGGACCACAATGCC-1,3,Naοve_CD8_T_cells,,True
GCAGGACCAGAATGAC-1,2,T_cells_general_cd4 ambigouus,,False
GCAGGACCAGCATGAG-1,5,NK_cells,,True
GCAGGACCAGTTGCGT-1,0,Monocytes_CD14,,True
GCAGGACCATTAAACC-1,1,Naοve_CD4_T_cells_helpers,,True
GCAGGACCATTAGCCA-1,5,NK_cells,,True
GCAGGATAGCGAAGTA-1,0,Monocytes_CD14,,True
GCAGGATAGGTACCGC-1,1,Naοve_CD4_T_cells_helpers,,True
GCAGGCAAGACAACGA-1,3,Naοve_CD8_T_cells,,True
GCAGGCAAGATAGACG-1,0,Monocytes_CD14,,True
GCAGGCAAGCGTGCGT-1,3,Naοve_CD8_T_cells,,True
GCAGGCAAGCTAAAGG-1,4,Cytotoxic_T_cell,,True
GCAGGCAAGGCTGTGC-1,4,Cytotoxic_T_cell,,True
GCAGGCAAGTATTGTG-1,2,T_cells_general_cd4 ambigouus,,False
GCAGGCTTCACTCAAA-1,2,T_cells_general_cd4 ambigouus,,False
GCAGGCTTCAGCACGC-1,1,Naοve_CD4_T_cells_helpers,,True
GCAGGCTTCATAACCA-1,0,Monocytes_CD14,,True
GCAGGCTTCATGGTTA-1,10,Cytotoxic_T_NK,,False
GCAGGCTTCGGTTAGT-1,4,Cytotoxic_T_cell,,True
GCAGGCTTCTAATCAG-1,0,Monocytes_CD14,,True
GCAGGTGAGGACTTAC-1,1,Naοve_CD4_T_cells_helpers,,True
GCAGGTGAGGTCGAGG-1,4,Cytotoxic_T_cell,,True
GCAGGTTGTCACAAAT-1,6,Memory_B_cells,,True
GCAGGTTGTCACGAAC-1,1,Naοve_CD4_T_cells_helpers,,True
GCAGGTTGTGCTGGTG-1,8,Naοve_B_cells,,True
GCATATATCAATGAGG-1,11,pDC,,False
GCATATATCACGCATG-1,0,Monocytes_CD14,,True
GCATATATCATGCATA-1,0,Monocytes_CD14,,True
GCATATATCATGCTCC-1,0,Monocytes_CD14,,True
GCATATATCCCATAGG-1,3,Naοve_CD8_T_cells,,True
GCATATATCCTCCTAA-1,2,T_cells_general_cd4 ambigouus,,False
GCATATATCCTGGTCT-1,0,Monocytes_CD14,,True
GCATATATCCTTCTAG-1,7,Non_classical_Monocytes,,True
GCATATATCGCCTAAG-1,0,Monocytes_CD14,,True
GCATATATCTTAGGAC-1,0,Monocytes_CD14,,True
GCATCCTTCAATCATG-1,4,Cytotoxic_T_cell,,True
GCATCCTTCAATCTCT-1,4,Cytotoxic_T_cell,,True
GCATCCTTCACTTCAT-1,2,T_cells_general_cd4 ambigouus,,False
GCATCCTTCCTTAGTT-1,7,Non_classical_Monocytes,,True
GCATCCTTCGGTCAGC-1,1,Naοve_CD4_T_cells_helpers,,True
GCATCCTTCGTTATCT-1,2,T_cells_general_cd4 ambigouus,,False
GCATCCTTCTAACCTT-1,2,T_cells_general_cd4 ambigouus,,False
GCATCCTTCTCCATAT-1,7,Non_classical_Monocytes,,True
GCATGAAAGAAAGCAT-1,1,Naοve_CD4_T_cells_helpers,,True
GCATGAAAGCCACATG-1,4,Cytotoxic_T_cell,,True
GCATGAAAGGACACTT-1,0,Monocytes_CD14,,True
GCATGAAAGGATAAAC-1,3,Naοve_CD8_T_cells,,True
GCATGAGCAATATACC-1,2,T_cells_general_cd4 ambigouus,,False
GCATGAGCACACCAAC-1,2,T_cells_general_cd4 ambigouus,,False
GCATGAGCACGAATCC-1,2,T_cells_general_cd4 ambigouus,,False
GCATGAGCATAATGTC-1,5,NK_cells,,True
GCATGAGCATCATGTG-1,3,Naοve_CD8_T_cells,,True
GCATTAGGTAATGGCC-1,1,Naοve_CD4_T_cells_helpers,,True
GCATTAGGTCATAAGT-1,6,Memory_B_cells,,True
GCATTAGGTCATGCAA-1,7,Non_classical_Monocytes,,True
GCATTAGGTCCTTCAG-1,7,Non_classical_Monocytes,,True
GCATTAGGTGTTCCCA-1,3,Naοve_CD8_T_cells,,True
GCATTAGGTTAGGTTG-1,8,Naοve_B_cells,,True
GCATTAGGTTGGCCGA-1,0,Monocytes_CD14,,True
GCATTGCCAAGTGTTT-1,2,T_cells_general_cd4 ambigouus,,False
GCATTGCCACACTAAT-1,2,T_cells_general_cd4 ambigouus,,False
GCATTGCCACATACTG-1,3,Naοve_CD8_T_cells,,True
GCATTGCCACTGACTA-1,2,T_cells_general_cd4 ambigouus,,False
GCATTGCCATTCCTGT-1,0,Monocytes_CD14,,True
GCATTGCCATTGTCCT-1,2,T_cells_general_cd4 ambigouus,,False
GCCAACATCAGCAAAG-1,2,T_cells_general_cd4 ambigouus,,False
GCCAACATCAGGAAGC-1,1,Naοve_CD4_T_cells_helpers,,True
GCCAACATCAGGTTTA-1,1,Naοve_CD4_T_cells_helpers,,True
GCCAACATCCAGGAAA-1,3,Naοve_CD8_T_cells,,True
GCCAACATCCTGTTCA-1,0,Monocytes_CD14,,True
GCCAACATCTAATCAG-1,1,Naοve_CD4_T_cells_helpers,,True
GCCAACATCTCAATGA-1,2,T_cells_general_cd4 ambigouus,,False
GCCAATAGTAACTACG-1,3,Naοve_CD8_T_cells,,True
GCCAATAGTGATGAAA-1,0,Monocytes_CD14,,True
GCCAATAGTGCTCACC-1,8,Naοve_B_cells,,True
GCCAATAGTTGGCGTG-1,4,Cytotoxic_T_cell,,True
GCCAATAGTTTGGGTA-1,3,Naοve_CD8_T_cells,,True
GCCAATTAGGAACCGG-1,0,Monocytes_CD14,,True
GCCAATTAGGCGGGTA-1,1,Naοve_CD4_T_cells_helpers,,True
GCCAATTAGGTAAGGC-1,0,Monocytes_CD14,,True
GCCAATTAGGTCCTGA-1,6,Memory_B_cells,,True
GCCAATTAGGTTACGT-1,0,Monocytes_CD14,,True
GCCAATTAGTCATGCG-1,1,Naοve_CD4_T_cells_helpers,,True
GCCACAATCAGTTCCC-1,1,Naοve_CD4_T_cells_helpers,,True
GCCACAATCCGCATGA-1,3,Naοve_CD8_T_cells,,True
GCCACAATCTAACTGA-1,1,Naοve_CD4_T_cells_helpers,,True
GCCACACAGCTAAGTC-1,0,Monocytes_CD14,,True
GCCACACAGCTCGCTT-1,0,Monocytes_CD14,,True
GCCACACAGGACCTGC-1,13,Plasma_cells,,False
GCCACACAGGCAATAG-1,1,Naοve_CD4_T_cells_helpers,,True
GCCACACAGGTCCTGA-1,2,T_cells_general_cd4 ambigouus,,False
GCCACACAGGTGTTAC-1,1,Naοve_CD4_T_cells_helpers,,True
GCCACACAGTAACGAG-1,7,Non_classical_Monocytes,,True
GCCACTAAGCCTGTGA-1,2,T_cells_general_cd4 ambigouus,,False
GCCACTAAGGCCTTAG-1,2,T_cells_general_cd4 ambigouus,,False
GCCACTAAGGCGCACT-1,6,Memory_B_cells,,True
GCCACTAAGGTTTGCG-1,0,Monocytes_CD14,,True
GCCACTAAGTCAATTG-1,1,Naοve_CD4_T_cells_helpers,,True
GCCACTAAGTCATTTC-1,6,Memory_B_cells,,True
GCCAGGAAGCCTTAAA-1,8,Naοve_B_cells,,True
GCCAGGAAGCTATTAG-1,2,T_cells_general_cd4 ambigouus,,False
GCCAGGAAGGCAAGTA-1,5,NK_cells,,True
GCCAGGAAGTCAGTAC-1,3,Naοve_CD8_T_cells,,True
GCCAGGAAGTTGCGTG-1,2,T_cells_general_cd4 ambigouus,,False
GCCAGGTTCATTGCGG-1,5,NK_cells,,True
GCCAGGTTCCCTCAGT-1,0,Monocytes_CD14,,True
GCCAGGTTCCTAATAG-1,3,Naοve_CD8_T_cells,,True
GCCAGGTTCCTTCAAT-1,0,Monocytes_CD14,,True
GCCAGGTTCTTAGTCT-1,0,Monocytes_CD14,,True
GCCATGATCAAGGACA-1,6,Memory_B_cells,,True
GCCATGATCATCCACC-1,2,T_cells_general_cd4 ambigouus,,False
GCCATTACAACCTAAT-1,4,Cytotoxic_T_cell,,True
GCCATTACACAAACTT-1,1,Naοve_CD4_T_cells_helpers,,True
GCCATTACACTGGCTG-1,4,Cytotoxic_T_cell,,True
GCCATTACAGAGGCTA-1,5,NK_cells,,True
GCCATTACAGGAACAT-1,0,Monocytes_CD14,,True
GCCCAAATCCAACTGG-1,0,Monocytes_CD14,,True
GCCCAAATCCATAATG-1,4,Cytotoxic_T_cell,,True
GCCCAAATCCGCACAA-1,2,T_cells_general_cd4 ambigouus,,False
GCCCAAATCTACCTGC-1,2,T_cells_general_cd4 ambigouus,,False
GCCCATAAGCAAGGTA-1,0,Monocytes_CD14,,True
GCCCATAAGGATCACT-1,3,Naοve_CD8_T_cells,,True
GCCCATAAGTCTTGAA-1,0,Monocytes_CD14,,True
GCCCGTTGTAGTTACG-1,2,T_cells_general_cd4 ambigouus,,False
GCCCGTTGTCTTGCAT-1,1,Naοve_CD4_T_cells_helpers,,True
GCCCGTTGTGAGGTAG-1,7,Non_classical_Monocytes,,True
GCCCGTTGTGCAATGC-1,3,Naοve_CD8_T_cells,,True
GCCCGTTGTTAGCTGA-1,2,T_cells_general_cd4 ambigouus,,False
GCCCGTTGTTTCCGGC-1,1,Naοve_CD4_T_cells_helpers,,True
GCCCTCATCAGGTCCA-1,2,T_cells_general_cd4 ambigouus,,False
GCCCTCATCCACAATA-1,0,Monocytes_CD14,,True
GCCCTCATCCCGAACA-1,1,Naοve_CD4_T_cells_helpers,,True
GCCCTCATCCGCATGA-1,1,Naοve_CD4_T_cells_helpers,,True
GCCCTCATCGACAAAG-1,4,Cytotoxic_T_cell,,True
GCCCTCATCGCACACA-1,1,Naοve_CD4_T_cells_helpers,,True
GCCCTCATCGTTACTT-1,3,Naοve_CD8_T_cells,,True
GCCGTGAGTAAAGCGG-1,0,Monocytes_CD14,,True
GCCGTGAGTTGCCTCA-1,8,Naοve_B_cells,,True
GCCTAATAGCCTGGTA-1,1,Naοve_CD4_T_cells_helpers,,True
GCCTAATAGCTTCCCG-1,3,Naοve_CD8_T_cells,,True
GCCTAATAGCTTGCTC-1,1,Naοve_CD4_T_cells_helpers,,True
GCCTACTTCCGCAACA-1,8,Naοve_B_cells,,True
GCCTACTTCGCTAAAC-1,3,Naοve_CD8_T_cells,,True
GCCTACTTCTTAGTGA-1,10,Cytotoxic_T_NK,,False
GCCTATTGTGTCACGG-1,0,Monocytes_CD14,,True
GCCTCAAAGAGGAAGG-1,4,Cytotoxic_T_cell,,True
GCCTCAAAGCCAAATC-1,0,Monocytes_CD14,,True
GCCTCAAAGGAACGCG-1,2,T_cells_general_cd4 ambigouus,,False
GCCTCAAAGGACCTGC-1,0,Monocytes_CD14,,True
GCCTCAAAGGACTTAC-1,0,Monocytes_CD14,,True
GCCTCCATCGAGGAGT-1,6,Memory_B_cells,,True
GCCTCCATCGATTCTT-1,0,Monocytes_CD14,,True
GCCTCGACAAACCTAT-1,3,Naοve_CD8_T_cells,,True
GCCTCGACACCTGGTG-1,0,Monocytes_CD14,,True
GCCTCGACAGGAACCA-1,0,Monocytes_CD14,,True
GCCTCGACAGTCTAAT-1,0,Monocytes_CD14,,True
GCCTCGACATGCTCCC-1,0,Monocytes_CD14,,True
GCCTCGACATTGTGTG-1,3,Naοve_CD8_T_cells,,True
GCCTGACAGATTGAGG-1,6,Memory_B_cells,,True
GCCTGACAGCCAAATC-1,1,Naοve_CD4_T_cells_helpers,,True
GCCTGACAGCCGCAGT-1,1,Naοve_CD4_T_cells_helpers,,True
GCCTGACAGCTAGAAG-1,0,Monocytes_CD14,,True
GCCTGACAGCTATGAC-1,8,Naοve_B_cells,,True
GCCTGACAGGACCTCA-1,9,Dendritic cells,,True
GCCTGACAGGTGTCCA-1,2,T_cells_general_cd4 ambigouus,,False
GCCTGACAGTCACCTC-1,4,Cytotoxic_T_cell,,True
GCCTGACAGTCATGCG-1,8,Naοve_B_cells,,True
GCCTGACAGTGGACAA-1,0,Monocytes_CD14,,True
GCCTGAGGTCGTTACT-1,0,Monocytes_CD14,,True
GCCTGAGGTGGTTCCC-1,0,Monocytes_CD14,,True
GCCTGAGGTTGCATCT-1,3,Naοve_CD8_T_cells,,True
GCCTGAGGTTGCGCGA-1,4,Cytotoxic_T_cell,,True
GCCTGCTGTAGCCTAA-1,1,Naοve_CD4_T_cells_helpers,,True
GCCTGCTGTAGGTTAT-1,3,Naοve_CD8_T_cells,,True
GCCTGCTGTATTGGAT-1,1,Naοve_CD4_T_cells_helpers,,True
GCCTGCTGTCATTGTC-1,2,T_cells_general_cd4 ambigouus,,False
GCCTGCTGTCTTTATG-1,0,Monocytes_CD14,,True
GCCTGCTGTGTTTGTC-1,5,NK_cells,,True
GCCTGCTGTTAGCATG-1,0,Monocytes_CD14,,True
GCCTGCTGTTAGCCAA-1,0,Monocytes_CD14,,True
GCCTGCTGTTCAAGAT-1,3,Naοve_CD8_T_cells,,True
GCCTGCTGTTCACTGT-1,8,Naοve_B_cells,,True
GCCTGTGCACTAAGAA-1,0,Monocytes_CD14,,True
GCCTGTGCATCACTTC-1,2,T_cells_general_cd4 ambigouus,,False
GCCTTAACAAATTCGT-1,4,Cytotoxic_T_cell,,True
GCCTTAACAACCCTAA-1,1,Naοve_CD4_T_cells_helpers,,True
GCCTTAACAAGCTAAA-1,1,Naοve_CD4_T_cells_helpers,,True
GCCTTAACACAGCCTG-1,0,Monocytes_CD14,,True
GCCTTAACACATAACT-1,5,NK_cells,,True
GCCTTAACACATACTG-1,3,Naοve_CD8_T_cells,,True
GCCTTAACACATTGCA-1,7,Non_classical_Monocytes,,True
GCCTTAACATGCATAT-1,1,Naοve_CD4_T_cells_helpers,,True
GCCTTAACATTGTGTG-1,0,Monocytes_CD14,,True
GCCTTACTCACATTGA-1,0,Monocytes_CD14,,True
GCCTTACTCACCAATA-1,0,Monocytes_CD14,,True
GCCTTACTCATGGCTG-1,2,T_cells_general_cd4 ambigouus,,False
GCCTTACTCCCTGTTA-1,0,Monocytes_CD14,,True
GCCTTACTCCTCACTA-1,2,T_cells_general_cd4 ambigouus,,False
GCCTTACTCCTGGTGA-1,1,Naοve_CD4_T_cells_helpers,,True
GCCTTACTCCTTAGTT-1,1,Naοve_CD4_T_cells_helpers,,True
GCCTTAGAGCATGGTT-1,1,Naοve_CD4_T_cells_helpers,,True
GCCTTAGAGCATTAGC-1,4,Cytotoxic_T_cell,,True
GCCTTAGAGGTCCTGA-1,1,Naοve_CD4_T_cells_helpers,,True
GCCTTGCGTACCAGGT-1,0,Monocytes_CD14,,True
GCCTTGCGTGCTAGAC-1,7,Non_classical_Monocytes,,True
GCCTTGCGTGCTCACC-1,2,T_cells_general_cd4 ambigouus,,False
GCCTTGCGTGGGAACA-1,0,Monocytes_CD14,,True
GCCTTGCGTTCCTGAT-1,8,Naοve_B_cells,,True
GCCTTGCGTTGAGCCG-1,0,Monocytes_CD14,,True
GCCTTGCGTTTATTCG-1,0,Monocytes_CD14,,True
GCCTTTATCCTAAGAC-1,3,Naοve_CD8_T_cells,,True
GCCTTTATCGAGCAAA-1,1,Naοve_CD4_T_cells_helpers,,True
GCCTTTATCGTGCTTC-1,4,Cytotoxic_T_cell,,True
GCCTTTGGTAACAGGG-1,8,Naοve_B_cells,,True
GCCTTTGGTCAAGTGC-1,2,T_cells_general_cd4 ambigouus,,False
GCCTTTGGTGCCTCAC-1,1,Naοve_CD4_T_cells_helpers,,True
GCCTTTGGTGTGCACG-1,3,Naοve_CD8_T_cells,,True
GCCTTTGGTTCGGGAT-1,2,T_cells_general_cd4 ambigouus,,False
GCCTTTGGTTGGTTAG-1,1,Naοve_CD4_T_cells_helpers,,True
GCCTTTGGTTGGTTGA-1,2,T_cells_general_cd4 ambigouus,,False
GCGAAGCCAGGAACTG-1,0,Monocytes_CD14,,True
GCGAAGCCAGGCTAGA-1,6,Memory_B_cells,,True
GCGAAGTAGGAGGTTA-1,2,T_cells_general_cd4 ambigouus,,False
GCGAAGTAGGCAACAA-1,4,Cytotoxic_T_cell,,True
GCGAAGTAGGTGTTAC-1,0,Monocytes_CD14,,True
GCGAAGTAGTAGCCAT-1,9,Dendritic cells,,True
GCGAAGTAGTGACCTG-1,4,Cytotoxic_T_cell,,True
GCGAAGTAGTGATTCA-1,1,Naοve_CD4_T_cells_helpers,,True
GCGAGTGAGCATGAAG-1,5,NK_cells,,True
GCGAGTGAGCTGGACC-1,3,Naοve_CD8_T_cells,,True
GCGAGTGAGGACCAGG-1,0,Monocytes_CD14,,True
GCGATATTCACATTGA-1,9,Dendritic cells,,True
GCGATATTCACTCAAA-1,3,Naοve_CD8_T_cells,,True
GCGATATTCCGCCTCA-1,10,Cytotoxic_T_NK,,False
GCGATATTCCTAATGA-1,9,Dendritic cells,,True
GCGATATTCTTTGTAC-1,2,T_cells_general_cd4 ambigouus,,False
GCGATTAGTAGTAAGA-1,8,Naοve_B_cells,,True
GCGATTAGTATTGCAG-1,0,Monocytes_CD14,,True
GCGATTAGTGCAACTA-1,3,Naοve_CD8_T_cells,,True
GCGATTAGTGGATTCA-1,1,Naοve_CD4_T_cells_helpers,,True
GCGATTAGTTACTTGC-1,2,T_cells_general_cd4 ambigouus,,False
GCGATTTAGCATGGTT-1,6,Memory_B_cells,,True
GCGATTTAGGCTACAT-1,5,NK_cells,,True
GCGATTTAGGCTACTG-1,0,Monocytes_CD14,,True
GCGATTTAGTCACTAA-1,0,Monocytes_CD14,,True
GCGATTTAGTCTCACC-1,0,Monocytes_CD14,,True
GCGATTTAGTTGTCAA-1,10,Cytotoxic_T_NK,,False
GCGCAAACAACTGGGA-1,0,Monocytes_CD14,,True
GCGCAAACAATGCCCG-1,1,Naοve_CD4_T_cells_helpers,,True
GCGCAAACACTAAGTT-1,3,Naοve_CD8_T_cells,,True
GCGCAAACACTTCATC-1,2,T_cells_general_cd4 ambigouus,,False
GCGCAAACAGGCTTCG-1,5,NK_cells,,True
GCGCAAACATTATGGT-1,0,Monocytes_CD14,,True
GCGCAATGTCCACAAA-1,1,Naοve_CD4_T_cells_helpers,,True
GCGCAATGTTAACGGC-1,3,Naοve_CD8_T_cells,,True
GCGCAATGTTACATCC-1,7,Non_classical_Monocytes,,True
GCGCCTTGTTACCGGG-1,6,Memory_B_cells,,True
GCGCCTTGTTCGCTCA-1,3,Naοve_CD8_T_cells,,True
GCGCCTTGTTGGTTCT-1,4,Cytotoxic_T_cell,,True
GCGCCTTGTTTGGCGG-1,2,T_cells_general_cd4 ambigouus,,False
GCGCGATTCAAGCTAC-1,1,Naοve_CD4_T_cells_helpers,,True
GCGCGATTCAATCTCT-1,0,Monocytes_CD14,,True
GCGCGATTCACGCATG-1,1,Naοve_CD4_T_cells_helpers,,True
GCGCGATTCAGTATTG-1,0,Monocytes_CD14,,True
GCGCGATTCCGCAAGC-1,1,Naοve_CD4_T_cells_helpers,,True
GCGCGATTCCTCCCTC-1,8,Naοve_B_cells,,True
GCGCGATTCCTGGCTT-1,0,Monocytes_CD14,,True
GCGCGATTCCTTGAGG-1,0,Monocytes_CD14,,True
GCGCGATTCTTGACCC-1,3,Naοve_CD8_T_cells,,True
GCGCTAGGTCAATAGT-1,4,Cytotoxic_T_cell,,True
GCGCTAGGTCCTAAGA-1,2,T_cells_general_cd4 ambigouus,,False
GCGCTAGGTTTGCAGA-1,2,T_cells_general_cd4 ambigouus,,False
GCGCTTAAGCCTGATG-1,4,Cytotoxic_T_cell,,True
GCGCTTAAGTCATGCG-1,2,T_cells_general_cd4 ambigouus,,False
GCGCTTAAGTGAAGTG-1,2,T_cells_general_cd4 ambigouus,,False
GCGCTTGCAATTAGCT-1,0,Monocytes_CD14,,True
GCGCTTGCACATGCTA-1,0,Monocytes_CD14,,True
GCGCTTGCACCGTTCC-1,0,Monocytes_CD14,,True
GCGCTTGCACCTAAGC-1,1,Naοve_CD4_T_cells_helpers,,True
GCGCTTGCATAATTGC-1,2,T_cells_general_cd4 ambigouus,,False
GCGCTTGCATGAAGTA-1,3,Naοve_CD8_T_cells,,True
GCGGAACCAACTAGCC-1,3,Naοve_CD8_T_cells,,True
GCGGAACCACATTAAC-1,0,Monocytes_CD14,,True
GCGGAACCATCATGTG-1,4,Cytotoxic_T_cell,,True
GCGGAACCATGTCAAT-1,3,Naοve_CD8_T_cells,,True
GCGGATACAAAGGTAC-1,3,Naοve_CD8_T_cells,,True
GCGGATACACGTAAGG-1,1,Naοve_CD4_T_cells_helpers,,True
GCGGATACATGACTAT-1,2,T_cells_general_cd4 ambigouus,,False
GCGGGTTTCGAGGAGT-1,3,Naοve_CD8_T_cells,,True
GCGGTTATCAGCATTA-1,2,T_cells_general_cd4 ambigouus,,False
GCGGTTATCAGGCTAT-1,8,Naοve_B_cells,,True
GCGGTTATCATGCATA-1,0,Monocytes_CD14,,True
GCGGTTATCCTGATGG-1,2,T_cells_general_cd4 ambigouus,,False
GCGGTTATCGATTTAG-1,3,Naοve_CD8_T_cells,,True
GCGGTTATCGTTAACA-1,5,NK_cells,,True
GCGGTTATCTAATTGG-1,3,Naοve_CD8_T_cells,,True
GCGGTTATCTAGCTAA-1,3,Naοve_CD8_T_cells,,True
GCGGTTGGTAAGGTTT-1,1,Naοve_CD4_T_cells_helpers,,True
GCGGTTGGTAATGACT-1,3,Naοve_CD8_T_cells,,True
GCGGTTGGTTCACCCA-1,5,NK_cells,,True
GCGGTTGGTTCCTCCT-1,1,Naοve_CD4_T_cells_helpers,,True
GCGGTTGGTTTATTCG-1,8,Naοve_B_cells,,True
GCGTAACGTAACCTAG-1,0,Monocytes_CD14,,True
GCGTAACGTCCAAATG-1,6,Memory_B_cells,,True
GCGTAACGTGATCATG-1,4,Cytotoxic_T_cell,,True
GCGTAACGTGATTTGG-1,1,Naοve_CD4_T_cells_helpers,,True
GCGTAACGTTAGACCA-1,4,Cytotoxic_T_cell,,True
GCGTAACGTTCAAGAT-1,2,T_cells_general_cd4 ambigouus,,False
GCGTAACGTTCACTGT-1,1,Naοve_CD4_T_cells_helpers,,True
GCGTAACGTTTCGCGC-1,5,NK_cells,,True
GCGTGCTAGACTAAGG-1,2,T_cells_general_cd4 ambigouus,,False
GCGTGCTAGCAAGACA-1,2,T_cells_general_cd4 ambigouus,,False
GCGTGCTAGGAACACA-1,3,Naοve_CD8_T_cells,,True
GCGTGCTAGGCCTAAT-1,2,T_cells_general_cd4 ambigouus,,False
GCGTGCTAGGGTGAGT-1,1,Naοve_CD4_T_cells_helpers,,True
GCGTGCTAGGTTTACA-1,3,Naοve_CD8_T_cells,,True
GCGTGCTAGTCATCCC-1,0,Monocytes_CD14,,True
GCGTTTCTCCAGGAAA-1,3,Naοve_CD8_T_cells,,True
GCGTTTCTCCTAAGGT-1,1,Naοve_CD4_T_cells_helpers,,True
GCGTTTCTCGCTTCTA-1,7,Non_classical_Monocytes,,True
GCTAACAGTAAGTCGC-1,0,Monocytes_CD14,,True
GCTAACAGTACCGTAA-1,2,T_cells_general_cd4 ambigouus,,False
GCTAACAGTAGGTTAT-1,1,Naοve_CD4_T_cells_helpers,,True
GCTAACCCAGTAGGTG-1,10,Cytotoxic_T_NK,,False
GCTAAGAAGCTAAGTC-1,0,Monocytes_CD14,,True
GCTAAGAAGCTGTACG-1,5,NK_cells,,True
GCTAAGAAGGTGCGGA-1,2,T_cells_general_cd4 ambigouus,,False
GCTAAGAAGTTGTCCC-1,9,Dendritic cells,,True
GCTAAGCGTCAGGAAG-1,1,Naοve_CD4_T_cells_helpers,,True
GCTAAGCGTTAGTTGG-1,3,Naοve_CD8_T_cells,,True
GCTAAGTTCAAACACC-1,2,T_cells_general_cd4 ambigouus,,False
GCTAAGTTCAAATCGC-1,2,T_cells_general_cd4 ambigouus,,False
GCTAAGTTCCTAAGTA-1,3,Naοve_CD8_T_cells,,True
GCTAAGTTCGCTTCTA-1,3,Naοve_CD8_T_cells,,True
GCTAATATCAGGTCCA-1,3,Naοve_CD8_T_cells,,True
GCTAATATCCAAGTTA-1,0,Monocytes_CD14,,True
GCTAATATCCTTGCGT-1,3,Naοve_CD8_T_cells,,True
GCTAATATCTTGGATA-1,0,Monocytes_CD14,,True
GCTAGCCAGACAACAG-1,7,Non_classical_Monocytes,,True
GCTAGCCAGGCTAGAA-1,0,Monocytes_CD14,,True
GCTAGCCAGGCTCATG-1,0,Monocytes_CD14,,True
GCTAGCGGTAGTAAGA-1,1,Naοve_CD4_T_cells_helpers,,True
GCTAGCGGTCCTTTAA-1,5,NK_cells,,True
GCTAGCGGTCTAACAG-1,5,NK_cells,,True
GCTAGCGGTTAAGTGT-1,0,Monocytes_CD14,,True
GCTAGCGGTTGACTTC-1,1,Naοve_CD4_T_cells_helpers,,True
GCTAGCGGTTTAACCC-1,3,Naοve_CD8_T_cells,,True
GCTAGCGGTTTATGGG-1,1,Naοve_CD4_T_cells_helpers,,True
GCTAGCTCAACCTAAT-1,4,Cytotoxic_T_cell,,True
GCTAGCTCATAAGGAC-1,1,Naοve_CD4_T_cells_helpers,,True
GCTAGCTCATGTCAAT-1,6,Memory_B_cells,,True
GCTAGCTCATGTGGGA-1,1,Naοve_CD4_T_cells_helpers,,True
GCTAGCTCATTAAACC-1,0,Monocytes_CD14,,True
GCTAGTGTCACGAATC-1,2,T_cells_general_cd4 ambigouus,,False
GCTAGTGTCCCGAACA-1,3,Naοve_CD8_T_cells,,True
GCTAGTGTCCGCATGA-1,2,T_cells_general_cd4 ambigouus,,False
GCTAGTGTCCGCCTAT-1,1,Naοve_CD4_T_cells_helpers,,True
GCTATAGGTAGGATCC-1,0,Monocytes_CD14,,True
GCTATAGGTCACGAAC-1,1,Naοve_CD4_T_cells_helpers,,True
GCTATAGGTCAGGCCA-1,2,T_cells_general_cd4 ambigouus,,False
GCTATAGGTCCTAAGA-1,4,Cytotoxic_T_cell,,True
GCTATAGGTGGTTCCC-1,5,NK_cells,,True
GCTATCCTCAGCACGC-1,0,Monocytes_CD14,,True
GCTATCCTCATGGCTG-1,2,T_cells_general_cd4 ambigouus,,False
GCTATCCTCCGCAAGC-1,0,Monocytes_CD14,,True
GCTATCCTCCTTAGTT-1,1,Naοve_CD4_T_cells_helpers,,True
GCTATCCTCGATAACC-1,3,Naοve_CD8_T_cells,,True
GCTATCCTCGCTAAGT-1,0,Monocytes_CD14,,True
GCTATCCTCTTGCAAA-1,2,T_cells_general_cd4 ambigouus,,False
GCTATTGCAACAGGAT-1,5,NK_cells,,True
GCTATTGCAACTGGCT-1,2,T_cells_general_cd4 ambigouus,,False
GCTATTGCAAGGTACG-1,0,Monocytes_CD14,,True
GCTATTGCAAGTGTCC-1,0,Monocytes_CD14,,True
GCTATTGCAATAGCAA-1,0,Monocytes_CD14,,True
GCTATTGCAATCCTGA-1,1,Naοve_CD4_T_cells_helpers,,True
GCTATTGCACATAACT-1,7,Non_classical_Monocytes,,True
GCTATTGCACTAAGCC-1,3,Naοve_CD8_T_cells,,True
GCTATTGCAGTACCGT-1,4,Cytotoxic_T_cell,,True
GCTATTGCAGTTTGTG-1,7,Non_classical_Monocytes,,True
GCTCAACCAGGACCTT-1,4,Cytotoxic_T_cell,,True
GCTCACAAGACAAAGT-1,1,Naοve_CD4_T_cells_helpers,,True
GCTCACAAGACAAGTG-1,0,Monocytes_CD14,,True
GCTCACAAGATGGAGC-1,1,Naοve_CD4_T_cells_helpers,,True
GCTCACAAGGCTGGCT-1,3,Naοve_CD8_T_cells,,True
GCTCACAAGTATCGCG-1,3,Naοve_CD8_T_cells,,True
GCTCACAAGTGGCGGA-1,2,T_cells_general_cd4 ambigouus,,False
GCTCACAAGTGTGATC-1,6,Memory_B_cells,,True
GCTCATTGTCATCAAG-1,0,Monocytes_CD14,,True
GCTCATTGTCTAACAG-1,5,NK_cells,,True
GCTCATTGTGAGAAAC-1,4,Cytotoxic_T_cell,,True
GCTCATTGTGCATTTC-1,0,Monocytes_CD14,,True
GCTCATTGTTAAATGC-1,0,Monocytes_CD14,,True
GCTCATTGTTCACCAT-1,3,Naοve_CD8_T_cells,,True
GCTCATTGTTGTGACA-1,2,T_cells_general_cd4 ambigouus,,False
GCTCATTGTTTGTTGC-1,0,Monocytes_CD14,,True
GCTCCTTAGTCAATCA-1,0,Monocytes_CD14,,True
GCTCCTTAGTTAGTTG-1,11,pDC,,False
GCTCGATCAACTGGGA-1,2,T_cells_general_cd4 ambigouus,,False
GCTCGATCAAGATTCT-1,1,Naοve_CD4_T_cells_helpers,,True
GCTCGATCAGCTAATT-1,4,Cytotoxic_T_cell,,True
GCTCGATCAGGCAAGC-1,4,Cytotoxic_T_cell,,True
GCTCGATCAGGCATCT-1,6,Memory_B_cells,,True
GCTCGATCAGGCTAAG-1,1,Naοve_CD4_T_cells_helpers,,True
GCTCGATCATAGACTT-1,0,Monocytes_CD14,,True
GCTCGATCATGCTTAG-1,3,Naοve_CD8_T_cells,,True
GCTCGATCATGTTGGC-1,5,NK_cells,,True
GCTCGATCATTGGGAG-1,1,Naοve_CD4_T_cells_helpers,,True
GCTCTGGCAACCCTAA-1,0,Monocytes_CD14,,True
GCTCTGGCACAATGCC-1,2,T_cells_general_cd4 ambigouus,,False
GCTCTGGCACCTCGCT-1,2,T_cells_general_cd4 ambigouus,,False
GCTCTGGCAGCTAACC-1,2,T_cells_general_cd4 ambigouus,,False
GCTCTGGCATCTTGAG-1,1,Naοve_CD4_T_cells_helpers,,True
GCTCTGGCATGGCCTG-1,5,NK_cells,,True
GCTCTGGCATGTTTGG-1,3,Naοve_CD8_T_cells,,True
GCTCTGGCATTATGCG-1,4,Cytotoxic_T_cell,,True
GCTCTGTTCAAACCTA-1,1,Naοve_CD4_T_cells_helpers,,True
GCTCTGTTCACTAAGC-1,2,T_cells_general_cd4 ambigouus,,False
GCTCTGTTCCACAATA-1,1,Naοve_CD4_T_cells_helpers,,True
GCTCTGTTCCCGAACA-1,1,Naοve_CD4_T_cells_helpers,,True
GCTCTGTTCCGCTAGA-1,0,Monocytes_CD14,,True
GCTCTGTTCCTTTACG-1,0,Monocytes_CD14,,True
GCTGACATCATGGCCA-1,3,Naοve_CD8_T_cells,,True
GCTGACATCCATAAGC-1,0,Monocytes_CD14,,True
GCTGACATCGATATTG-1,10,Cytotoxic_T_NK,,False
GCTGACCAGCACGATT-1,0,Monocytes_CD14,,True
GCTGACCAGGAGGACT-1,1,Naοve_CD4_T_cells_helpers,,True
GCTGACCAGGCGCACT-1,1,Naοve_CD4_T_cells_helpers,,True
GCTGACCAGGGATGAC-1,3,Naοve_CD8_T_cells,,True
GCTGAGGAGATTCCTT-1,0,Monocytes_CD14,,True
GCTGAGGAGGCACAGG-1,1,Naοve_CD4_T_cells_helpers,,True
GCTGAGGAGGCCCAGT-1,1,Naοve_CD4_T_cells_helpers,,True
GCTGATCCAACCTAAT-1,4,Cytotoxic_T_cell,,True
GCTGATCCAGCAGGTA-1,5,NK_cells,,True
GCTGATCCAGTTTGTG-1,1,Naοve_CD4_T_cells_helpers,,True
GCTGATCCATCCCTCA-1,3,Naοve_CD8_T_cells,,True
GCTGATCCATGATTGT-1,9,Dendritic cells,,True
GCTGCAATCATCAGTA-1,1,Naοve_CD4_T_cells_helpers,,True
GCTGCAATCATGCATA-1,2,T_cells_general_cd4 ambigouus,,False
GCTGCAATCCTGGTGA-1,3,Naοve_CD8_T_cells,,True
GCTGCAATCGAGGTGG-1,13,Plasma_cells,,False
GCTGCAATCGATTTGA-1,2,T_cells_general_cd4 ambigouus,,False
GCTGCAATCGTTTCCA-1,0,Monocytes_CD14,,True
GCTGCAATCTTGAGGT-1,0,Monocytes_CD14,,True
GCTGCACAGCCATCAG-1,10,Cytotoxic_T_NK,,False
GCTGCACAGCCGCTAA-1,0,Monocytes_CD14,,True
GCTGCACAGGCCGGAA-1,0,Monocytes_CD14,,True
GCTGCACAGGGACTAA-1,0,Monocytes_CD14,,True
GCTGCACAGGTCCTGA-1,2,T_cells_general_cd4 ambigouus,,False
GCTGCACAGTAGAGGC-1,0,Monocytes_CD14,,True
GCTGCACAGTGACCTG-1,2,T_cells_general_cd4 ambigouus,,False
GCTGCATCAACCCTAA-1,1,Naοve_CD4_T_cells_helpers,,True
GCTGCATCACTTCACT-1,8,Naοve_B_cells,,True
GCTGCATCATAGACCC-1,0,Monocytes_CD14,,True
GCTGGATGTGACCTGG-1,3,Naοve_CD8_T_cells,,True
GCTGGATGTGAGAAAC-1,2,T_cells_general_cd4 ambigouus,,False
GCTGGATGTTAGTACG-1,0,Monocytes_CD14,,True
GCTGGATGTTTACGTC-1,1,Naοve_CD4_T_cells_helpers,,True
GCTGGATGTTTAGTCC-1,2,T_cells_general_cd4 ambigouus,,False
GCTGGTTCAAGTGAAC-1,4,Cytotoxic_T_cell,,True
GCTGGTTCAAGTGTCC-1,0,Monocytes_CD14,,True
GCTGGTTCAATTAAGG-1,2,T_cells_general_cd4 ambigouus,,False
GCTGGTTCAATTGACT-1,1,Naοve_CD4_T_cells_helpers,,True
GCTGGTTCACAAAGAC-1,0,Monocytes_CD14,,True
GCTGGTTCACAATTAC-1,0,Monocytes_CD14,,True
GCTGGTTCACCACAAC-1,5,NK_cells,,True
GCTGGTTCACTCAACA-1,2,T_cells_general_cd4 ambigouus,,False
GCTGGTTCAGGAAGCC-1,0,Monocytes_CD14,,True
GCTGGTTCAGGTTCAC-1,1,Naοve_CD4_T_cells_helpers,,True
GCTGGTTCATAAACCT-1,8,Naοve_B_cells,,True
GCTGGTTCATGAATCT-1,8,Naοve_B_cells,,True
GCTGGTTCATGGCCTG-1,0,Monocytes_CD14,,True
GCTGTAAGTAAACAAG-1,7,Non_classical_Monocytes,,True
GCTGTAAGTATTCGCT-1,1,Naοve_CD4_T_cells_helpers,,True
GCTGTAAGTCCACAAA-1,2,T_cells_general_cd4 ambigouus,,False
GCTGTAAGTTACAACG-1,1,Naοve_CD4_T_cells_helpers,,True
GCTGTAAGTTGTTGGA-1,3,Naοve_CD8_T_cells,,True
GCTGTAAGTTTGGCGG-1,4,Cytotoxic_T_cell,,True
GCTGTACCAATTAAGG-1,4,Cytotoxic_T_cell,,True
GCTGTACCACAAACTT-1,1,Naοve_CD4_T_cells_helpers,,True
GCTGTACCACAGAACG-1,3,Naοve_CD8_T_cells,,True
GCTGTACCACCAACCG-1,0,Monocytes_CD14,,True
GCTGTACCACCCTCAC-1,0,Monocytes_CD14,,True
GCTGTACCACTAGGTC-1,9,Dendritic cells,,True
GCTGTACCAGCGCTTG-1,4,Cytotoxic_T_cell,,True
GCTGTACCATCCCGCT-1,0,Monocytes_CD14,,True
GCTGTGATCAATCTCT-1,0,Monocytes_CD14,,True
GCTGTGATCGCACACA-1,0,Monocytes_CD14,,True
GCTGTGATCTAAGTCA-1,1,Naοve_CD4_T_cells_helpers,,True
GCTGTGCAGCAACAAG-1,2,T_cells_general_cd4 ambigouus,,False
GCTGTGCAGCTTACTT-1,0,Monocytes_CD14,,True
GCTGTGCAGGACAACA-1,3,Naοve_CD8_T_cells,,True
GCTGTGCAGGATTGCT-1,1,Naοve_CD4_T_cells_helpers,,True
GCTGTGCAGTTCCTGC-1,4,Cytotoxic_T_cell,,True
GCTGTGCAGTTTGCGG-1,6,Memory_B_cells,,True
GCTTAAATCCCGCCTA-1,0,Monocytes_CD14,,True
GCTTAAATCGAAGTGA-1,1,Naοve_CD4_T_cells_helpers,,True
GCTTAAATCGGCTAGC-1,3,Naοve_CD8_T_cells,,True
GCTTAACAGAAACTGG-1,1,Naοve_CD4_T_cells_helpers,,True
GCTTAACAGAACCTAC-1,0,Monocytes_CD14,,True
GCTTAACAGACTCGCA-1,2,T_cells_general_cd4 ambigouus,,False
GCTTAACAGATGGACA-1,3,Naοve_CD8_T_cells,,True
GCTTAACAGGACACTT-1,0,Monocytes_CD14,,True
GCTTAACAGGCATTGT-1,3,Naοve_CD8_T_cells,,True
GCTTAACAGGTGAAGC-1,8,Naοve_B_cells,,True
GCTTAACAGTACTGGT-1,7,Non_classical_Monocytes,,True
GCTTAACAGTGAGCAA-1,0,Monocytes_CD14,,True
GCTTACCTCCGCAAGC-1,7,Non_classical_Monocytes,,True
GCTTACCTCCTAAGTA-1,2,T_cells_general_cd4 ambigouus,,False
GCTTACCTCCTGAGTG-1,3,Naοve_CD8_T_cells,,True
GCTTACCTCCTGCGAA-1,0,Monocytes_CD14,,True
GCTTACCTCGGCTAGC-1,0,Monocytes_CD14,,True
GCTTACCTCGTGCTTC-1,0,Monocytes_CD14,,True
GCTTAGTAGAGAGGCT-1,8,Naοve_B_cells,,True
GCTTAGTAGGCAAGTA-1,3,Naοve_CD8_T_cells,,True
GCTTAGTAGGCGCTAC-1,8,Naοve_B_cells,,True
GCTTAGTAGGTCCACA-1,0,Monocytes_CD14,,True
GCTTAGTAGTTAGCCG-1,1,Naοve_CD4_T_cells_helpers,,True
GCTTAGTAGTTAGCTA-1,3,Naοve_CD8_T_cells,,True
GCTTAGTAGTTAGTGC-1,2,T_cells_general_cd4 ambigouus,,False
GCTTATCGTAGTTACG-1,0,Monocytes_CD14,,True
GCTTATCGTCACACCC-1,2,T_cells_general_cd4 ambigouus,,False
GCTTATCGTGAGAAAC-1,1,Naοve_CD4_T_cells_helpers,,True
GCTTATCGTTAAGTGT-1,5,NK_cells,,True
GCTTATCGTTACTTGC-1,2,T_cells_general_cd4 ambigouus,,False
GCTTATCGTTGCTGGG-1,3,Naοve_CD8_T_cells,,True
GCTTATCGTTGTAAAC-1,0,Monocytes_CD14,,True
GCTTCGCGTCAAGACC-1,3,Naοve_CD8_T_cells,,True
GCTTCGCGTCATCATC-1,0,Monocytes_CD14,,True
GCTTCGCGTCTAGCTT-1,1,Naοve_CD4_T_cells_helpers,,True
GCTTCGCGTGACATAT-1,3,Naοve_CD8_T_cells,,True
GCTTCGCGTGTTGTAG-1,2,T_cells_general_cd4 ambigouus,,False
GCTTCGCGTTGCTGGG-1,1,Naοve_CD4_T_cells_helpers,,True
GCTTGACCACCTAATG-1,2,T_cells_general_cd4 ambigouus,,False
GCTTGACCACCTGCCT-1,1,Naοve_CD4_T_cells_helpers,,True
GCTTGACCAGCAACCT-1,1,Naοve_CD4_T_cells_helpers,,True
GCTTGACCATCATGGC-1,3,Naοve_CD8_T_cells,,True
GCTTGACCATCTAGCA-1,1,Naοve_CD4_T_cells_helpers,,True
GCTTGTTGTAATCGCA-1,4,Cytotoxic_T_cell,,True
GCTTGTTGTCCTTCAG-1,4,Cytotoxic_T_cell,,True
GCTTGTTGTTCATTTG-1,10,Cytotoxic_T_NK,,False
GCTTGTTGTTCTTTAG-1,6,Memory_B_cells,,True
GCTTGTTGTTTATCGC-1,0,Monocytes_CD14,,True
GCTTTACGTCACCTAT-1,0,Monocytes_CD14,,True
GCTTTACGTCTCAGCC-1,0,Monocytes_CD14,,True
GCTTTACGTGAGGTAG-1,0,Monocytes_CD14,,True
GCTTTACGTTTCCGGC-1,8,Naοve_B_cells,,True
GCTTTCATCAATCATG-1,9,Dendritic cells,,True
GCTTTCATCATGTGGT-1,1,Naοve_CD4_T_cells_helpers,,True
GCTTTCATCGCTCACT-1,2,T_cells_general_cd4 ambigouus,,False
GCTTTGTGTACCGTAA-1,0,Monocytes_CD14,,True
GGAAACTCAAAGCCTC-1,7,Non_classical_Monocytes,,True
GGAAACTCACAAGCCT-1,1,Naοve_CD4_T_cells_helpers,,True
GGAAACTCACAGCCTG-1,0,Monocytes_CD14,,True
GGAAACTCACCTGGTG-1,4,Cytotoxic_T_cell,,True
GGAAACTCACGTAATT-1,2,T_cells_general_cd4 ambigouus,,False
GGAAACTCAGGCCAAA-1,1,Naοve_CD4_T_cells_helpers,,True
GGAAACTCATAGCTTG-1,1,Naοve_CD4_T_cells_helpers,,True
GGAAACTCATCAATCG-1,0,Monocytes_CD14,,True
GGAACAATCATGGCCA-1,3,Naοve_CD8_T_cells,,True
GGAACAATCCGTTAAA-1,0,Monocytes_CD14,,True
GGAACAATCGCATTAA-1,10,Cytotoxic_T_NK,,False
GGAACAATCGCTCACT-1,9,Dendritic cells,,True
GGAACCACAAAGCCTC-1,2,T_cells_general_cd4 ambigouus,,False
GGAACCACAAAGCTCC-1,3,Naοve_CD8_T_cells,,True
GGAACCACAACCCTCC-1,1,Naοve_CD4_T_cells_helpers,,True
GGAACCACAATCTCTC-1,2,T_cells_general_cd4 ambigouus,,False
GGAACCACATTGTGGC-1,0,Monocytes_CD14,,True
GGAACCTGTTGGCCGA-1,1,Naοve_CD4_T_cells_helpers,,True
GGAACCTGTTTACGTC-1,10,Cytotoxic_T_NK,,False
GGAACCTGTTTCAGGA-1,0,Monocytes_CD14,,True
GGAACGGTCAATGAGG-1,2,T_cells_general_cd4 ambigouus,,False
GGAACGGTCCGCCTAT-1,0,Monocytes_CD14,,True
GGAACGGTCCTTGCGT-1,1,Naοve_CD4_T_cells_helpers,,True
GGAACTAAGAAAGCAT-1,11,pDC,,False
GGAACTAAGGGTGGAT-1,0,Monocytes_CD14,,True
GGAACTAAGGGTTATC-1,8,Naοve_B_cells,,True
GGAACTAAGTGGACAA-1,2,T_cells_general_cd4 ambigouus,,False
GGAAGCTAGATAAAGC-1,2,T_cells_general_cd4 ambigouus,,False
GGAAGCTAGCACGTTG-1,5,NK_cells,,True
GGAAGCTAGCATCCAG-1,3,Naοve_CD8_T_cells,,True
GGAAGCTAGCTGTAAC-1,3,Naοve_CD8_T_cells,,True
GGAAGCTAGGGACTAA-1,0,Monocytes_CD14,,True
GGAAGCTAGGGCCACT-1,1,Naοve_CD4_T_cells_helpers,,True
GGAAGCTAGTGAGCAA-1,0,Monocytes_CD14,,True
GGAAGCTAGTGAGGGT-1,1,Naοve_CD4_T_cells_helpers,,True
GGAAGCTAGTTGGATC-1,1,Naοve_CD4_T_cells_helpers,,True
GGAAGTATCAGAAACG-1,0,Monocytes_CD14,,True
GGAAGTATCCTCACTA-1,5,NK_cells,,True
GGAAGTATCGCTCCAT-1,2,T_cells_general_cd4 ambigouus,,False
GGAAGTATCTGCAAAC-1,1,Naοve_CD4_T_cells_helpers,,True
GGAAGTATCTTGGATA-1,2,T_cells_general_cd4 ambigouus,,False
GGAATCTTCAAAGGCA-1,2,T_cells_general_cd4 ambigouus,,False
GGAATCTTCACAGCGC-1,1,Naοve_CD4_T_cells_helpers,,True
GGAATCTTCACAGGAA-1,0,Monocytes_CD14,,True
GGAATCTTCTACCTAT-1,2,T_cells_general_cd4 ambigouus,,False
GGACAGCCAAGGTGGC-1,3,Naοve_CD8_T_cells,,True
GGACAGCCAATCGCAC-1,7,Non_classical_Monocytes,,True
GGACAGCCACGAATCC-1,2,T_cells_general_cd4 ambigouus,,False
GGACAGCCACTGACCG-1,6,Memory_B_cells,,True
GGACAGCCAGATTCAT-1,1,Naοve_CD4_T_cells_helpers,,True
GGACAGCCAGCGCTTG-1,5,NK_cells,,True
GGACAGCCATACTCCT-1,6,Memory_B_cells,,True
GGACAGCCATAGCTGC-1,0,Monocytes_CD14,,True
GGACATAAGGAGGGTT-1,5,NK_cells,,True
GGACATAAGGGATGCG-1,0,Monocytes_CD14,,True
GGACATAAGTTAGTTG-1,2,T_cells_general_cd4 ambigouus,,False
GGACATAAGTTGCGTG-1,2,T_cells_general_cd4 ambigouus,,False
GGACCGAAGACTCGCA-1,1,Naοve_CD4_T_cells_helpers,,True
GGACCGAAGCGCTAAT-1,3,Naοve_CD8_T_cells,,True
GGACCGAAGCTGAGGG-1,0,Monocytes_CD14,,True
GGACCGAAGGCGCACT-1,3,Naοve_CD8_T_cells,,True
GGACCGAAGTTGCGTG-1,1,Naοve_CD4_T_cells_helpers,,True
GGACCTCAGACCATAC-1,2,T_cells_general_cd4 ambigouus,,False
GGACCTCAGATAAAGC-1,5,NK_cells,,True
GGACCTCAGGGCTTTG-1,7,Non_classical_Monocytes,,True
GGACCTCAGTCTTGAA-1,1,Naοve_CD4_T_cells_helpers,,True
GGACGAAGTACGGGTT-1,6,Memory_B_cells,,True
GGACGAAGTTAGGATT-1,1,Naοve_CD4_T_cells_helpers,,True
GGACGAAGTTTAACGG-1,0,Monocytes_CD14,,True
GGACGGATCAGGCTAT-1,6,Memory_B_cells,,True
GGACGGATCGGCTATG-1,4,Cytotoxic_T_cell,,True
GGACGGATCTAATTGG-1,3,Naοve_CD8_T_cells,,True
GGACGGATCTCAATAG-1,3,Naοve_CD8_T_cells,,True
GGACGGATCTCCTCTT-1,7,Non_classical_Monocytes,,True
GGACGGATCTGGCTTC-1,4,Cytotoxic_T_cell,,True
GGACGGATCTTGAGCG-1,0,Monocytes_CD14,,True
GGACTAAAGCTACTGG-1,4,Cytotoxic_T_cell,,True
GGACTAAAGCTTAACA-1,2,T_cells_general_cd4 ambigouus,,False
GGACTAAAGGAACACA-1,6,Memory_B_cells,,True
GGACTAAAGGCTTAAC-1,1,Naοve_CD4_T_cells_helpers,,True
GGACTAAAGGTCATTA-1,5,NK_cells,,True
GGACTAAAGTCAATCA-1,4,Cytotoxic_T_cell,,True
GGACTAAAGTCCTTCA-1,4,Cytotoxic_T_cell,,True
GGACTAAAGTGAGGTA-1,2,T_cells_general_cd4 ambigouus,,False
GGACTAAAGTGTGATC-1,2,T_cells_general_cd4 ambigouus,,False
GGAGCAAGTACCAGGT-1,0,Monocytes_CD14,,True
GGAGCAAGTCTTTGAC-1,4,Cytotoxic_T_cell,,True
GGAGCAAGTTATAGCG-1,1,Naοve_CD4_T_cells_helpers,,True
GGAGCATAGACAACGA-1,10,Cytotoxic_T_NK,,False
GGAGCATAGGACAATG-1,3,Naοve_CD8_T_cells,,True
GGAGCATAGGCCGGAA-1,1,Naοve_CD4_T_cells_helpers,,True
GGAGCATAGTCTGGGC-1,4,Cytotoxic_T_cell,,True
GGAGCATAGTTAGACC-1,2,T_cells_general_cd4 ambigouus,,False
GGAGCGATCACGCATG-1,0,Monocytes_CD14,,True
GGAGCGATCACTTTAC-1,3,Naοve_CD8_T_cells,,True
GGAGCGATCAGCATTA-1,0,Monocytes_CD14,,True
GGAGCGATCCACCTGT-1,0,Monocytes_CD14,,True
GGAGCGATCGATTTGA-1,1,Naοve_CD4_T_cells_helpers,,True
GGAGCGATCTACTAAG-1,2,T_cells_general_cd4 ambigouus,,False
GGAGCGATCTTTAGGA-1,0,Monocytes_CD14,,True
GGAGGTTAGATAGACG-1,0,Monocytes_CD14,,True
GGAGGTTAGCATGTTA-1,1,Naοve_CD4_T_cells_helpers,,True
GGAGGTTAGGAAGCTA-1,4,Cytotoxic_T_cell,,True
GGAGGTTAGGCCGGAA-1,2,T_cells_general_cd4 ambigouus,,False
GGAGGTTAGGTAACGA-1,0,Monocytes_CD14,,True
GGAGGTTAGTCACTAA-1,4,Cytotoxic_T_cell,,True
GGAGTCTGTGAGCAAG-1,3,Naοve_CD8_T_cells,,True
GGAGTCTGTTGGTTGA-1,2,T_cells_general_cd4 ambigouus,,False
GGAGTCTGTTGTAAAC-1,2,T_cells_general_cd4 ambigouus,,False
GGAGTCTGTTTAGCTC-1,1,Naοve_CD4_T_cells_helpers,,True
GGAGTGAGTCATAACG-1,3,Naοve_CD8_T_cells,,True
GGAGTGAGTGACATAT-1,0,Monocytes_CD14,,True
GGAGTGAGTTGGTGAC-1,10,Cytotoxic_T_NK,,False
GGATAACCAATCTCTC-1,2,T_cells_general_cd4 ambigouus,,False
GGATAACCAATGCCCG-1,2,T_cells_general_cd4 ambigouus,,False
GGATAACCAATTAGGA-1,4,Cytotoxic_T_cell,,True
GGATAACCACTGACTA-1,1,Naοve_CD4_T_cells_helpers,,True
GGATAACCAGTTAAAG-1,2,T_cells_general_cd4 ambigouus,,False
GGATAACCATGCTTAG-1,0,Monocytes_CD14,,True
GGATACTTCACGCATG-1,0,Monocytes_CD14,,True
GGATACTTCATAACGC-1,5,NK_cells,,True
GGATACTTCCATAAGC-1,0,Monocytes_CD14,,True
GGATACTTCGAGGAAC-1,2,T_cells_general_cd4 ambigouus,,False
GGATACTTCGGGATTT-1,0,Monocytes_CD14,,True
GGATACTTCTCATCAT-1,5,NK_cells,,True
GGATACTTCTGTGCAG-1,3,Naοve_CD8_T_cells,,True
GGATGAATCATGCAAC-1,2,T_cells_general_cd4 ambigouus,,False
GGATGAATCATGGCCA-1,0,Monocytes_CD14,,True
GGATGAATCCATAAGC-1,0,Monocytes_CD14,,True
GGATGAATCCTAATTC-1,4,Cytotoxic_T_cell,,True
GGATGAATCTGGCAAT-1,0,Monocytes_CD14,,True
GGATGGCCAACCTAAT-1,1,Naοve_CD4_T_cells_helpers,,True
GGATGGCCAACCTGGT-1,4,Cytotoxic_T_cell,,True
GGATGGCCAATTAGCT-1,1,Naοve_CD4_T_cells_helpers,,True
GGATGGCCACCTCAGG-1,1,Naοve_CD4_T_cells_helpers,,True
GGATGGCCAGGCATCT-1,4,Cytotoxic_T_cell,,True
GGATGGCCAGTAGGTG-1,3,Naοve_CD8_T_cells,,True
GGATGGCCATCGCTCC-1,4,Cytotoxic_T_cell,,True
GGATGGCCATGAGCAG-1,0,Monocytes_CD14,,True
GGATGTAAGACACTTA-1,0,Monocytes_CD14,,True
GGATGTAAGGGCCACT-1,0,Monocytes_CD14,,True
GGATGTAAGGGTGAAC-1,3,Naοve_CD8_T_cells,,True
GGATGTAAGTCATTAG-1,0,Monocytes_CD14,,True
GGATTATGTAATCCCT-1,5,NK_cells,,True
GGATTATGTACCCACC-1,3,Naοve_CD8_T_cells,,True
GGATTATGTATTGTCC-1,4,Cytotoxic_T_cell,,True
GGATTATGTGCAATAT-1,1,Naοve_CD4_T_cells_helpers,,True
GGATTATGTGCTCACC-1,1,Naοve_CD4_T_cells_helpers,,True
GGATTATGTGGCTTCC-1,3,Naοve_CD8_T_cells,,True
GGATTATGTTGCCTCA-1,1,Naοve_CD4_T_cells_helpers,,True
GGATTATGTTTCCTCC-1,0,Monocytes_CD14,,True
GGATTCAGTATTCGTC-1,2,T_cells_general_cd4 ambigouus,,False
GGATTCAGTGCTCCAC-1,2,T_cells_general_cd4 ambigouus,,False
GGATTCAGTTATTGCC-1,0,Monocytes_CD14,,True
GGATTCAGTTTAGCGA-1,6,Memory_B_cells,,True
GGATTCAGTTTGGGCG-1,2,T_cells_general_cd4 ambigouus,,False
GGATTGCGTAATAACC-1,8,Naοve_B_cells,,True
GGATTGCGTGGGAACA-1,3,Naοve_CD8_T_cells,,True
GGATTGCGTTGCAATG-1,3,Naοve_CD8_T_cells,,True
GGATTTATCAAGACTC-1,2,T_cells_general_cd4 ambigouus,,False
GGATTTATCCCTCACG-1,5,NK_cells,,True
GGATTTATCGTACCGA-1,13,Plasma_cells,,False
GGCAAATCAAATGCCC-1,2,T_cells_general_cd4 ambigouus,,False
GGCAAATCAACAGGAT-1,4,Cytotoxic_T_cell,,True
GGCAAATCAATCTCTC-1,1,Naοve_CD4_T_cells_helpers,,True
GGCAAATCACAAAGAC-1,3,Naοve_CD8_T_cells,,True
GGCAAATCACCCACAG-1,0,Monocytes_CD14,,True
GGCAAATCACTCAACA-1,1,Naοve_CD4_T_cells_helpers,,True
GGCAAATCAGAACCGA-1,0,Monocytes_CD14,,True
GGCAAATCAGAGGGAG-1,1,Naοve_CD4_T_cells_helpers,,True
GGCAAATCAGGAATCG-1,3,Naοve_CD8_T_cells,,True
GGCAAATCATATTGAC-1,4,Cytotoxic_T_cell,,True
GGCAAATCATGATTGT-1,3,Naοve_CD8_T_cells,,True
GGCAAATCATTATGCG-1,1,Naοve_CD4_T_cells_helpers,,True
GGCAAGCCAATCCCTT-1,0,Monocytes_CD14,,True
GGCAAGCCACAGGATG-1,2,T_cells_general_cd4 ambigouus,,False
GGCAAGCCAGAATGAC-1,0,Monocytes_CD14,,True
GGCAAGCCAGCTAACC-1,3,Naοve_CD8_T_cells,,True
GGCAATCGTCAGGAAG-1,3,Naοve_CD8_T_cells,,True
GGCAATCGTCATAACG-1,0,Monocytes_CD14,,True
GGCAATCGTGAGGTAG-1,0,Monocytes_CD14,,True
GGCAATCGTGATGAGG-1,0,Monocytes_CD14,,True
GGCAATCGTGTGAGAG-1,4,Cytotoxic_T_cell,,True
GGCAATCGTTGCCTCA-1,4,Cytotoxic_T_cell,,True
GGCAATCGTTTGACCT-1,0,Monocytes_CD14,,True
GGCAGGATCAACAAGG-1,3,Naοve_CD8_T_cells,,True
GGCAGGATCCTTGTTG-1,2,T_cells_general_cd4 ambigouus,,False
GGCATGGAGCTATGAC-1,0,Monocytes_CD14,,True
GGCATGGAGCTTCCCG-1,3,Naοve_CD8_T_cells,,True
GGCATGGAGGCTTAGT-1,1,Naοve_CD4_T_cells_helpers,,True
GGCATGGAGTAAGAAC-1,3,Naοve_CD8_T_cells,,True
GGCATGGAGTTCCCAC-1,0,Monocytes_CD14,,True
GGCATTAGTAGCCTAA-1,4,Cytotoxic_T_cell,,True
GGCATTAGTGATCATG-1,0,Monocytes_CD14,,True
GGCATTAGTGCTGGTG-1,0,Monocytes_CD14,,True
GGCATTAGTTGTGATG-1,1,Naοve_CD4_T_cells_helpers,,True
GGCATTAGTTTAACGG-1,10,Cytotoxic_T_NK,,False
GGCATTGTCAGGTTTA-1,3,Naοve_CD8_T_cells,,True
GGCATTGTCATTACGA-1,2,T_cells_general_cd4 ambigouus,,False
GGCATTGTCGTCCTTA-1,1,Naοve_CD4_T_cells_helpers,,True
GGCATTGTCTTAGGAC-1,2,T_cells_general_cd4 ambigouus,,False
GGCCAACTCAATGTCA-1,11,pDC,,False
GGCCAACTCCTCATGC-1,0,Monocytes_CD14,,True
GGCCAACTCGCTCCAT-1,4,Cytotoxic_T_cell,,True
GGCCAACTCTTAGTCT-1,0,Monocytes_CD14,,True
GGCCAGTTCTTGTCCA-1,0,Monocytes_CD14,,True
GGCCATCAGGCTAGAA-1,2,T_cells_general_cd4 ambigouus,,False
GGCCATCAGTCACCTC-1,3,Naοve_CD8_T_cells,,True
GGCCGTTAGCAACAAG-1,1,Naοve_CD4_T_cells_helpers,,True
GGCCGTTAGCATGGTT-1,4,Cytotoxic_T_cell,,True
GGCCGTTAGGCCTAAT-1,2,T_cells_general_cd4 ambigouus,,False
GGCCGTTAGTCTTGAA-1,11,pDC,,False
GGCCTAATCCAGGTCA-1,0,Monocytes_CD14,,True
GGCCTAATCCCTCACG-1,4,Cytotoxic_T_cell,,True
GGCCTAATCCCTGTTA-1,2,T_cells_general_cd4 ambigouus,,False
GGCCTAATCCGTCCAT-1,0,Monocytes_CD14,,True
GGCCTAATCGATATTG-1,0,Monocytes_CD14,,True
GGCCTAATCTAGCTTT-1,4,Cytotoxic_T_cell,,True
GGCCTCTGTAGTTACG-1,2,T_cells_general_cd4 ambigouus,,False
GGCCTCTGTCCTCCAA-1,1,Naοve_CD4_T_cells_helpers,,True
GGCCTCTGTCTTTGAC-1,2,T_cells_general_cd4 ambigouus,,False
GGCCTCTGTTATGTGG-1,3,Naοve_CD8_T_cells,,True
GGCCTCTGTTGGATCA-1,0,Monocytes_CD14,,True
GGCCTCTGTTGTTGTC-1,0,Monocytes_CD14,,True
GGCCTTAAGATAGACG-1,1,Naοve_CD4_T_cells_helpers,,True
GGCCTTAAGCTTCCCG-1,0,Monocytes_CD14,,True
GGCCTTCGTCACAGCG-1,2,T_cells_general_cd4 ambigouus,,False
GGCCTTCGTCACCAAA-1,4,Cytotoxic_T_cell,,True
GGCCTTCGTGCACGCA-1,2,T_cells_general_cd4 ambigouus,,False
GGCGATACAAGCGAGC-1,8,Naοve_B_cells,,True
GGCGATACACGCAACT-1,2,T_cells_general_cd4 ambigouus,,False
GGCGATACAGCTCATA-1,2,T_cells_general_cd4 ambigouus,,False
GGCGATACAGTATGTT-1,2,T_cells_general_cd4 ambigouus,,False
GGCGATACATAATCCG-1,8,Naοve_B_cells,,True
GGCGATACATAATGTC-1,0,Monocytes_CD14,,True
GGCGATACATCACTTC-1,0,Monocytes_CD14,,True
GGCGATACATTGCAGC-1,1,Naοve_CD4_T_cells_helpers,,True
GGCGCTAGTCCGGTTC-1,2,T_cells_general_cd4 ambigouus,,False
GGCGCTAGTGGACATC-1,8,Naοve_B_cells,,True
GGCGCTAGTGTAATAC-1,0,Monocytes_CD14,,True
GGCGCTAGTTCGCGCT-1,0,Monocytes_CD14,,True
GGCGGTAAGCTTACTT-1,0,Monocytes_CD14,,True
GGCGGTAAGGCTATGT-1,3,Naοve_CD8_T_cells,,True
GGCGGTAAGGGCCACT-1,1,Naοve_CD4_T_cells_helpers,,True
GGCGGTAAGTACCGCA-1,2,T_cells_general_cd4 ambigouus,,False
GGCGGTAAGTAGCGCC-1,2,T_cells_general_cd4 ambigouus,,False
GGCGGTAAGTCATTAG-1,2,T_cells_general_cd4 ambigouus,,False
GGCGGTTTCAAACCGT-1,1,Naοve_CD4_T_cells_helpers,,True
GGCGGTTTCAGCACGC-1,0,Monocytes_CD14,,True
GGCGGTTTCAGGTTTA-1,4,Cytotoxic_T_cell,,True
GGCGGTTTCGATTTAG-1,0,Monocytes_CD14,,True
GGCGGTTTCGGGACTC-1,4,Cytotoxic_T_cell,,True
GGCGGTTTCTTCAATC-1,0,Monocytes_CD14,,True
GGCGTTATCACGAATC-1,5,NK_cells,,True
GGCGTTATCGCTATAA-1,0,Monocytes_CD14,,True
GGCGTTATCGGTTTGG-1,5,NK_cells,,True
GGCTAGACAAAGCTAA-1,2,T_cells_general_cd4 ambigouus,,False
GGCTAGACACAAAGCG-1,7,Non_classical_Monocytes,,True
GGCTAGACAGACAAAC-1,2,T_cells_general_cd4 ambigouus,,False
GGCTAGACATCACAGC-1,5,NK_cells,,True
GGCTAGACATTGTGAT-1,0,Monocytes_CD14,,True
GGCTAGTGTCACGGAT-1,5,NK_cells,,True
GGCTAGTGTGAGGTAG-1,1,Naοve_CD4_T_cells_helpers,,True
GGCTAGTGTGGAAGGC-1,0,Monocytes_CD14,,True
GGCTAGTGTGTCCAAA-1,4,Cytotoxic_T_cell,,True
GGCTATGTCACTAGGT-1,7,Non_classical_Monocytes,,True
GGCTATGTCCCGAAGC-1,1,Naοve_CD4_T_cells_helpers,,True
GGCTATGTCCGTGACA-1,3,Naοve_CD8_T_cells,,True
GGCTATGTCGCAGGCT-1,11,pDC,,False
GGCTATGTCGCTTCTA-1,1,Naοve_CD4_T_cells_helpers,,True
GGCTATGTCGGTCAAT-1,0,Monocytes_CD14,,True
GGCTATGTCTCGCCTG-1,0,Monocytes_CD14,,True
GGCTATGTCTTTAGGA-1,1,Naοve_CD4_T_cells_helpers,,True
GGCTATTAGCCACAAT-1,1,Naοve_CD4_T_cells_helpers,,True
GGCTATTAGCTCAATA-1,0,Monocytes_CD14,,True
GGCTATTAGGGACTAA-1,6,Memory_B_cells,,True
GGCTATTAGGGCCACT-1,3,Naοve_CD8_T_cells,,True
GGCTATTAGTCATTGA-1,3,Naοve_CD8_T_cells,,True
GGCTCAATCACAGCGC-1,4,Cytotoxic_T_cell,,True
GGCTCAATCCCTCTAA-1,1,Naοve_CD4_T_cells_helpers,,True
GGCTCAATCGAGCAAA-1,3,Naοve_CD8_T_cells,,True
GGCTCAATCGCAACAT-1,8,Naοve_B_cells,,True
GGCTCAATCTTGGACG-1,3,Naοve_CD8_T_cells,,True
GGCTCACAGTTGGCCA-1,2,T_cells_general_cd4 ambigouus,,False
GGCTGAGAGAAGGTGC-1,1,Naοve_CD4_T_cells_helpers,,True
GGCTGAGAGCCTCTGT-1,7,Non_classical_Monocytes,,True
GGCTGAGAGGACCGCT-1,4,Cytotoxic_T_cell,,True
GGCTGAGAGGCATTGT-1,1,Naοve_CD4_T_cells_helpers,,True
GGCTGAGAGTCATTGA-1,3,Naοve_CD8_T_cells,,True
GGCTGTCAGCTGGAAA-1,0,Monocytes_CD14,,True
GGCTGTCAGCTTACTT-1,3,Naοve_CD8_T_cells,,True
GGCTGTCAGGAGGCAT-1,0,Monocytes_CD14,,True
GGCTGTCAGGGATGAC-1,4,Cytotoxic_T_cell,,True
GGCTGTCAGGGTGGAT-1,4,Cytotoxic_T_cell,,True
GGCTGTCAGTCCTTCA-1,0,Monocytes_CD14,,True
GGCTTAAGTAGGATCC-1,1,Naοve_CD4_T_cells_helpers,,True
GGCTTAAGTCAATACG-1,4,Cytotoxic_T_cell,,True
GGCTTAAGTCATCCTG-1,2,T_cells_general_cd4 ambigouus,,False
GGCTTAAGTCATGCAA-1,2,T_cells_general_cd4 ambigouus,,False
GGCTTAAGTCCTTCAG-1,2,T_cells_general_cd4 ambigouus,,False
GGCTTAAGTTAGCAGC-1,0,Monocytes_CD14,,True
GGCTTCAAGCTATATG-1,2,T_cells_general_cd4 ambigouus,,False
GGCTTCAAGCTCAATA-1,0,Monocytes_CD14,,True
GGCTTCAAGCTTTGTT-1,1,Naοve_CD4_T_cells_helpers,,True
GGCTTCAAGGAAGCAC-1,1,Naοve_CD4_T_cells_helpers,,True
GGCTTCAAGGAGTCTT-1,0,Monocytes_CD14,,True
GGCTTCAAGGCGGGTA-1,5,NK_cells,,True
GGGAATATCATCCTCA-1,1,Naοve_CD4_T_cells_helpers,,True
GGGAATATCATTACTC-1,2,T_cells_general_cd4 ambigouus,,False
GGGAATATCCAATAGC-1,2,T_cells_general_cd4 ambigouus,,False
GGGAATATCCTCATGC-1,0,Monocytes_CD14,,True
GGGAATATCGTTTCGC-1,1,Naοve_CD4_T_cells_helpers,,True
GGGAATATCTGCAAGT-1,3,Naοve_CD8_T_cells,,True
GGGAATATCTTAATGG-1,8,Naοve_B_cells,,True
GGGAGTAGTACCCACC-1,1,Naοve_CD4_T_cells_helpers,,True
GGGAGTAGTACCGTTT-1,5,NK_cells,,True
GGGAGTAGTAGGTTGC-1,0,Monocytes_CD14,,True
GGGAGTAGTATGGTGC-1,3,Naοve_CD8_T_cells,,True
GGGAGTAGTCCTCCAA-1,3,Naοve_CD8_T_cells,,True
GGGAGTAGTTAATGCG-1,4,Cytotoxic_T_cell,,True
GGGAGTAGTTCCAGGG-1,2,T_cells_general_cd4 ambigouus,,False
GGGATAATCAGAAACG-1,4,Cytotoxic_T_cell,,True
GGGATAATCAGCAAGA-1,9,Dendritic cells,,True
GGGATAATCGAGGAAC-1,0,Monocytes_CD14,,True
GGGATAATCGAGGAGT-1,1,Naοve_CD4_T_cells_helpers,,True
GGGATAATCGCGCTAA-1,2,T_cells_general_cd4 ambigouus,,False
GGGATAATCGGTTTGG-1,0,Monocytes_CD14,,True
GGGATAATCGTTAGTA-1,6,Memory_B_cells,,True
GGGATTAAGACAAAGT-1,8,Naοve_B_cells,,True
GGGATTAAGCATGAAG-1,3,Naοve_CD8_T_cells,,True
GGGATTAAGCGCAATT-1,5,NK_cells,,True
GGGATTAAGGATCACT-1,3,Naοve_CD8_T_cells,,True
GGGATTAAGTATTGGC-1,1,Naοve_CD4_T_cells_helpers,,True
GGGATTAAGTCACTAA-1,3,Naοve_CD8_T_cells,,True
GGGCAATAGACAAGTG-1,0,Monocytes_CD14,,True
GGGCAATAGTAAGTCC-1,0,Monocytes_CD14,,True
GGGCAATAGTTAGAGG-1,0,Monocytes_CD14,,True
GGGCAATAGTTCCTCA-1,2,T_cells_general_cd4 ambigouus,,False
GGGCATGAGTAAGTGG-1,3,Naοve_CD8_T_cells,,True
GGGCATGAGTAGCTTA-1,6,Memory_B_cells,,True
GGGCATTGTAACCACA-1,4,Cytotoxic_T_cell,,True
GGGCATTGTAGGTTTG-1,0,Monocytes_CD14,,True
GGGCATTGTAGTTACG-1,3,Naοve_CD8_T_cells,,True
GGGCATTGTATTCGCT-1,1,Naοve_CD4_T_cells_helpers,,True
GGGCATTGTCCTAACT-1,5,NK_cells,,True
GGGCATTGTGCATTAG-1,1,Naοve_CD4_T_cells_helpers,,True
GGGCATTGTGCGCGTA-1,4,Cytotoxic_T_cell,,True
GGGCCTAGTAACCACA-1,2,T_cells_general_cd4 ambigouus,,False
GGGCCTAGTACCGTAA-1,4,Cytotoxic_T_cell,,True
GGGCCTAGTGTCCAGG-1,2,T_cells_general_cd4 ambigouus,,False
GGGCCTAGTTGAGGTC-1,2,T_cells_general_cd4 ambigouus,,False
GGGCCTAGTTGCTTCG-1,2,T_cells_general_cd4 ambigouus,,False
GGGCCTAGTTTGTGGA-1,1,Naοve_CD4_T_cells_helpers,,True
GGGCGAATCAGGTCCA-1,1,Naοve_CD4_T_cells_helpers,,True
GGGCGAATCATGGCCA-1,6,Memory_B_cells,,True
GGGCGAATCCAGGGAG-1,3,Naοve_CD8_T_cells,,True
GGGCGAATCGGCCAGT-1,1,Naοve_CD4_T_cells_helpers,,True
GGGCGAATCGGCTAGC-1,2,T_cells_general_cd4 ambigouus,,False
GGGCGAATCTGTGCAG-1,0,Monocytes_CD14,,True
GGGCTAACAACAGGTG-1,1,Naοve_CD4_T_cells_helpers,,True
GGGCTAACAACCCTCC-1,2,T_cells_general_cd4 ambigouus,,False
GGGCTAACAACTAGCC-1,2,T_cells_general_cd4 ambigouus,,False
GGGCTAACACAGGGAC-1,1,Naοve_CD4_T_cells_helpers,,True
GGGCTAACACCTAAGC-1,0,Monocytes_CD14,,True
GGGCTAACACCTGCTC-1,10,Cytotoxic_T_NK,,False
GGGCTAACACTGGCTG-1,3,Naοve_CD8_T_cells,,True
GGGCTAACAGAAATGC-1,0,Monocytes_CD14,,True
GGGCTAACAGCAAGTG-1,0,Monocytes_CD14,,True
GGGCTAACAGCATGTC-1,2,T_cells_general_cd4 ambigouus,,False
GGGCTAACAGGACCAA-1,1,Naοve_CD4_T_cells_helpers,,True
GGGCTAACATTAAGCT-1,2,T_cells_general_cd4 ambigouus,,False
GGGTATTTCCATTACT-1,5,NK_cells,,True
GGGTATTTCCCATAAA-1,2,T_cells_general_cd4 ambigouus,,False
GGGTATTTCCCGCAAA-1,2,T_cells_general_cd4 ambigouus,,False
GGGTATTTCCTAATAG-1,8,Naοve_B_cells,,True
GGGTATTTCCTTAGTT-1,1,Naοve_CD4_T_cells_helpers,,True
GGGTATTTCGATTTAG-1,0,Monocytes_CD14,,True
GGGTATTTCTCACTAT-1,0,Monocytes_CD14,,True
GGGTCAACAATTAACC-1,4,Cytotoxic_T_cell,,True
GGGTCAACACATAGCC-1,11,pDC,,False
GGGTCAACATAGTCAT-1,3,Naοve_CD8_T_cells,,True
GGGTCAACATGACTAT-1,2,T_cells_general_cd4 ambigouus,,False
GGGTCACTCCCGTTGT-1,1,Naοve_CD4_T_cells_helpers,,True
GGGTCACTCGTGCTAG-1,1,Naοve_CD4_T_cells_helpers,,True
GGGTCACTCGTTAGCG-1,10,Cytotoxic_T_NK,,False
GGGTCACTCTAACTGA-1,2,T_cells_general_cd4 ambigouus,,False
GGGTCACTCTTGACCC-1,0,Monocytes_CD14,,True
GGGTGAAGTAGGATCC-1,5,NK_cells,,True
GGGTGAAGTATTTGCC-1,4,Cytotoxic_T_cell,,True
GGGTGAAGTCTAACAG-1,2,T_cells_general_cd4 ambigouus,,False
GGGTGAAGTGCATCGG-1,0,Monocytes_CD14,,True
GGGTGAAGTTGTAAAC-1,0,Monocytes_CD14,,True
GGGTGAAGTTGTTGCT-1,0,Monocytes_CD14,,True
GGGTGTTGTCAGGAAG-1,3,Naοve_CD8_T_cells,,True
GGGTGTTGTCATTAGG-1,5,NK_cells,,True
GGGTGTTGTCCCGGAA-1,1,Naοve_CD4_T_cells_helpers,,True
GGGTGTTGTCCTTCTC-1,0,Monocytes_CD14,,True
GGGTGTTGTGCAACTA-1,5,NK_cells,,True
GGGTGTTGTTCGCTCA-1,0,Monocytes_CD14,,True
GGGTGTTGTTGCATCT-1,4,Cytotoxic_T_cell,,True
GGGTGTTGTTTGACCT-1,0,Monocytes_CD14,,True
GGGTGTTGTTTGCTGT-1,0,Monocytes_CD14,,True
GGGTTACGTACCGTAA-1,3,Naοve_CD8_T_cells,,True
GGGTTACGTCAAGTGC-1,3,Naοve_CD8_T_cells,,True
GGGTTACGTGCATTTC-1,2,T_cells_general_cd4 ambigouus,,False
GGGTTACGTGGAAGGC-1,2,T_cells_general_cd4 ambigouus,,False
GGGTTACGTTACAACG-1,0,Monocytes_CD14,,True
GGGTTACGTTATAGCG-1,1,Naοve_CD4_T_cells_helpers,,True
GGGTTACGTTGTGACA-1,2,T_cells_general_cd4 ambigouus,,False
GGGTTACGTTTCCTCC-1,3,Naοve_CD8_T_cells,,True
GGGTTATTCCGTAAAC-1,0,Monocytes_CD14,,True
GGGTTATTCGAAGCGG-1,0,Monocytes_CD14,,True
GGGTTATTCGGTCATG-1,2,T_cells_general_cd4 ambigouus,,False
GGGTTATTCTTTAGGA-1,6,Memory_B_cells,,True
GGGTTTCCAAACTGCC-1,3,Naοve_CD8_T_cells,,True
GGGTTTCCAGTAGGTG-1,6,Memory_B_cells,,True
GGGTTTCCAGTTTACG-1,1,Naοve_CD4_T_cells_helpers,,True
GGGTTTGTCAAGGACA-1,0,Monocytes_CD14,,True
GGGTTTGTCACTTCAT-1,0,Monocytes_CD14,,True
GGGTTTGTCCGCAACA-1,11,pDC,,False
GGGTTTGTCTAAATCG-1,4,Cytotoxic_T_cell,,True
GGGTTTGTCTAGCTAA-1,6,Memory_B_cells,,True
GGGTTTGTCTCATCAT-1,2,T_cells_general_cd4 ambigouus,,False
GGGTTTGTCTCCTCTT-1,0,Monocytes_CD14,,True
GGGTTTGTCTTCAATC-1,3,Naοve_CD8_T_cells,,True
GGGTTTGTCTTGAGGT-1,1,Naοve_CD4_T_cells_helpers,,True
GGTAAACCAAGCTACC-1,2,T_cells_general_cd4 ambigouus,,False
GGTAAACCAATATGGA-1,2,T_cells_general_cd4 ambigouus,,False
GGTAAACCACAGCCAT-1,4,Cytotoxic_T_cell,,True
GGTAAACCAGGCCTTG-1,1,Naοve_CD4_T_cells_helpers,,True
GGTAACCGTCTTACTA-1,4,Cytotoxic_T_cell,,True
GGTAACCGTTTCCTCC-1,0,Monocytes_CD14,,True
GGTAACTTCAAACCGT-1,1,Naοve_CD4_T_cells_helpers,,True
GGTAACTTCCTTAAGA-1,3,Naοve_CD8_T_cells,,True
GGTAACTTCTTGGACG-1,0,Monocytes_CD14,,True
GGTAAGGGTACTTCAC-1,2,T_cells_general_cd4 ambigouus,,False
GGTAAGGGTTACGCAA-1,0,Monocytes_CD14,,True
GGTAAGGGTTAGACCA-1,2,T_cells_general_cd4 ambigouus,,False
GGTAAGGGTTGGATAT-1,0,Monocytes_CD14,,True
GGTAATTGTAGCCTCC-1,0,Monocytes_CD14,,True
GGTAATTGTTTGTCTA-1,4,Cytotoxic_T_cell,,True
GGTACAAAGCTGGAAA-1,0,Monocytes_CD14,,True
GGTACAAAGCTGGACC-1,0,Monocytes_CD14,,True
GGTACAAAGCTGTAAC-1,2,T_cells_general_cd4 ambigouus,,False
GGTACAAAGGCTGGCT-1,1,Naοve_CD4_T_cells_helpers,,True
GGTACAAAGTAAGTCC-1,1,Naοve_CD4_T_cells_helpers,,True
GGTACAAAGTTATTCC-1,0,Monocytes_CD14,,True
GGTACCGGTAAGCACC-1,4,Cytotoxic_T_cell,,True
GGTACCGGTAGGTTGC-1,6,Memory_B_cells,,True
GGTACCGGTATGGTGC-1,3,Naοve_CD8_T_cells,,True
GGTACCGGTTAACAGT-1,2,T_cells_general_cd4 ambigouus,,False
GGTACCGGTTGCGGAT-1,3,Naοve_CD8_T_cells,,True
GGTACCGGTTTCCGGC-1,4,Cytotoxic_T_cell,,True
GGTACTAGTACCAGGT-1,6,Memory_B_cells,,True
GGTACTAGTGACATGC-1,0,Monocytes_CD14,,True
GGTACTAGTGAGGTGA-1,6,Memory_B_cells,,True
GGTACTAGTTTAGCGA-1,0,Monocytes_CD14,,True
GGTACTTAGAAAGCAT-1,0,Monocytes_CD14,,True
GGTACTTAGCAAGGTA-1,2,T_cells_general_cd4 ambigouus,,False
GGTACTTAGCGGTTAT-1,3,Naοve_CD8_T_cells,,True
GGTACTTAGCTTAGTA-1,3,Naοve_CD8_T_cells,,True
GGTACTTAGTCATTAG-1,3,Naοve_CD8_T_cells,,True
GGTACTTAGTTCCCGT-1,3,Naοve_CD8_T_cells,,True
GGTACTTAGTTGCCTC-1,0,Monocytes_CD14,,True
GGTAGGAGTATTGTGG-1,4,Cytotoxic_T_cell,,True
GGTAGGAGTCTAGCTT-1,4,Cytotoxic_T_cell,,True
GGTAGGAGTGACATGC-1,3,Naοve_CD8_T_cells,,True
GGTAGGAGTTAAGTGT-1,2,T_cells_general_cd4 ambigouus,,False
GGTAGGAGTTAGTTGG-1,0,Monocytes_CD14,,True
GGTATGTTCAAACACC-1,5,NK_cells,,True
GGTATGTTCACAAGCT-1,1,Naοve_CD4_T_cells_helpers,,True
GGTATGTTCACAGCGC-1,2,T_cells_general_cd4 ambigouus,,False
GGTATGTTCCAAGTTA-1,9,Dendritic cells,,True
GGTATGTTCCAATTAG-1,7,Non_classical_Monocytes,,True
GGTATGTTCCATTACT-1,0,Monocytes_CD14,,True
GGTATGTTCCTAAGGT-1,1,Naοve_CD4_T_cells_helpers,,True
GGTATGTTCGGTTCCT-1,4,Cytotoxic_T_cell,,True
GGTATGTTCGTTAACA-1,1,Naοve_CD4_T_cells_helpers,,True
GGTATGTTCTGGTCCT-1,0,Monocytes_CD14,,True
GGTATTGGTATTGGAT-1,0,Monocytes_CD14,,True
GGTATTGGTCTATCGT-1,2,T_cells_general_cd4 ambigouus,,False
GGTATTGGTGATGAAA-1,8,Naοve_B_cells,,True
GGTATTGGTGCTGTAA-1,0,Monocytes_CD14,,True
GGTATTGGTGGGAACA-1,1,Naοve_CD4_T_cells_helpers,,True
GGTATTGGTGTGAGAG-1,1,Naοve_CD4_T_cells_helpers,,True
GGTATTGGTTACGCGG-1,4,Cytotoxic_T_cell,,True
GGTATTGGTTGCGCGA-1,2,T_cells_general_cd4 ambigouus,,False
GGTATTGGTTTCCTCC-1,2,T_cells_general_cd4 ambigouus,,False
GGTATTTCAACTGGGA-1,2,T_cells_general_cd4 ambigouus,,False
GGTATTTCAATAGCCC-1,1,Naοve_CD4_T_cells_helpers,,True
GGTATTTCAATATGGA-1,5,NK_cells,,True
GGTATTTCACAAAGCG-1,6,Memory_B_cells,,True
GGTATTTCACAAGCCT-1,3,Naοve_CD8_T_cells,,True
GGTATTTCAGACAAAC-1,8,Naοve_B_cells,,True
GGTATTTCATCTAGCA-1,9,Dendritic cells,,True
GGTATTTCATTAGGCC-1,2,T_cells_general_cd4 ambigouus,,False
GGTCAAGCAATCCTGA-1,5,NK_cells,,True
GGTCAAGCACATAGCC-1,10,Cytotoxic_T_NK,,False
GGTCAAGCACCTACTT-1,0,Monocytes_CD14,,True
GGTCAAGCAGCTTACA-1,6,Memory_B_cells,,True
GGTCAAGCATAGCGGA-1,4,Cytotoxic_T_cell,,True
GGTCAAGCATGGCCCA-1,3,Naοve_CD8_T_cells,,True
GGTCAATTCAGGCCTA-1,0,Monocytes_CD14,,True
GGTCAATTCATTTAGG-1,3,Naοve_CD8_T_cells,,True
GGTCAATTCCAATTAG-1,3,Naοve_CD8_T_cells,,True
GGTCAATTCTGTAAGC-1,3,Naοve_CD8_T_cells,,True
GGTCAGGAGAAACTGG-1,0,Monocytes_CD14,,True
GGTCAGGAGCGCATTG-1,3,Naοve_CD8_T_cells,,True
GGTCATTAGGACCAGG-1,6,Memory_B_cells,,True
GGTCATTAGGCATGTT-1,4,Cytotoxic_T_cell,,True
GGTCATTAGGCGCTTA-1,1,Naοve_CD4_T_cells_helpers,,True
GGTCATTAGGTGCGGA-1,0,Monocytes_CD14,,True
GGTCATTAGTTCCCGT-1,3,Naοve_CD8_T_cells,,True
GGTCATTAGTTCCTGC-1,0,Monocytes_CD14,,True
GGTCCATCAAGCGATG-1,3,Naοve_CD8_T_cells,,True
GGTCCATCAATAGTCT-1,3,Naοve_CD8_T_cells,,True
GGTCCATCAATGAATG-1,0,Monocytes_CD14,,True
GGTCCATCATCTAGCA-1,3,Naοve_CD8_T_cells,,True
GGTCCATCATTGCGTA-1,5,NK_cells,,True
GGTCCGTAGCAGGCCT-1,1,Naοve_CD4_T_cells_helpers,,True
GGTCCGTAGGACCGCT-1,3,Naοve_CD8_T_cells,,True
GGTCCGTAGTGAACGA-1,0,Monocytes_CD14,,True
GGTCCTGCAACAACAA-1,2,T_cells_general_cd4 ambigouus,,False
GGTCCTGCAACATAAG-1,1,Naοve_CD4_T_cells_helpers,,True
GGTCCTGCACACCAAC-1,0,Monocytes_CD14,,True
GGTCCTGCACCCTCAC-1,9,Dendritic cells,,True
GGTCCTGCACTAGCGT-1,3,Naοve_CD8_T_cells,,True
GGTCGGTTCAAACCGT-1,6,Memory_B_cells,,True
GGTCGGTTCATGCAAC-1,0,Monocytes_CD14,,True
GGTCGGTTCCGCCTAT-1,0,Monocytes_CD14,,True
GGTCGGTTCGCTAGCA-1,0,Monocytes_CD14,,True
GGTCGGTTCGGGATTT-1,8,Naοve_B_cells,,True
GGTCGGTTCTATCGCC-1,0,Monocytes_CD14,,True
GGTCTTGAGATACTTG-1,5,NK_cells,,True
GGTCTTGAGGCACAGG-1,6,Memory_B_cells,,True
GGTCTTGAGGTCGAGG-1,3,Naοve_CD8_T_cells,,True
GGTCTTGAGGTCGATT-1,5,NK_cells,,True
GGTCTTGAGTGTGATC-1,0,Monocytes_CD14,,True
GGTCTTGAGTTCCTGC-1,2,T_cells_general_cd4 ambigouus,,False
GGTCTTTGTAGACAAA-1,0,Monocytes_CD14,,True
GGTCTTTGTCCTAGTT-1,3,Naοve_CD8_T_cells,,True
GGTCTTTGTGACCTGG-1,5,NK_cells,,True
GGTCTTTGTGAGGTAG-1,2,T_cells_general_cd4 ambigouus,,False
GGTGAGCCAAACAACA-1,3,Naοve_CD8_T_cells,,True
GGTGAGCCACATAGCC-1,4,Cytotoxic_T_cell,,True
GGTGAGCCAGATAGAC-1,9,Dendritic cells,,True
GGTGAGCCAGGTTATT-1,6,Memory_B_cells,,True
GGTGAGCCATTGTGTG-1,1,Naοve_CD4_T_cells_helpers,,True
GGTGAGGTCACTTTAC-1,4,Cytotoxic_T_cell,,True
GGTGAGGTCAGCACGC-1,5,NK_cells,,True
GGTGAGGTCCCTCATA-1,4,Cytotoxic_T_cell,,True
GGTGAGGTCCTAGTCC-1,3,Naοve_CD8_T_cells,,True
GGTGAGGTCGCTATGG-1,3,Naοve_CD8_T_cells,,True
GGTGAGGTCGTCATTT-1,5,NK_cells,,True
GGTGAGGTCGTGCCTT-1,3,Naοve_CD8_T_cells,,True
GGTGAGGTCTCCATGC-1,6,Memory_B_cells,,True
GGTGAGTAGCCGCTTT-1,3,Naοve_CD8_T_cells,,True
GGTGAGTAGTAGCCAT-1,1,Naοve_CD4_T_cells_helpers,,True
GGTGAGTAGTCTTGAA-1,1,Naοve_CD4_T_cells_helpers,,True
GGTGAGTAGTGAGGGT-1,3,Naοve_CD8_T_cells,,True
GGTGAGTAGTTTCCTG-1,3,Naοve_CD8_T_cells,,True
GGTGATTTCAAGTGAG-1,1,Naοve_CD4_T_cells_helpers,,True
GGTGATTTCCATCAGG-1,0,Monocytes_CD14,,True
GGTGATTTCCCGAAGC-1,3,Naοve_CD8_T_cells,,True
GGTGATTTCCCTGTTA-1,1,Naοve_CD4_T_cells_helpers,,True
GGTGATTTCCTTCGTA-1,0,Monocytes_CD14,,True
GGTGATTTCTTGCTAT-1,2,T_cells_general_cd4 ambigouus,,False
GGTGCTGGTCGACTAA-1,1,Naοve_CD4_T_cells_helpers,,True
GGTGCTGGTCTAACAG-1,5,NK_cells,,True
GGTGCTGGTGCTGTAA-1,4,Cytotoxic_T_cell,,True
GGTGCTGGTTGCACGG-1,4,Cytotoxic_T_cell,,True
GGTGCTTCACGAATCC-1,2,T_cells_general_cd4 ambigouus,,False
GGTGCTTCAGAGGCTA-1,0,Monocytes_CD14,,True
GGTGCTTCAGATAGAC-1,6,Memory_B_cells,,True
GGTGCTTCATCACTTC-1,0,Monocytes_CD14,,True
GGTGCTTCATGACTAT-1,0,Monocytes_CD14,,True
GGTGCTTCATGTTGGC-1,2,T_cells_general_cd4 ambigouus,,False
GGTGTCCAGCCATCAG-1,0,Monocytes_CD14,,True
GGTGTCCAGGCCATCA-1,0,Monocytes_CD14,,True
GGTGTCCAGTGTTGTA-1,0,Monocytes_CD14,,True
GGTGTCCAGTTGCCTC-1,1,Naοve_CD4_T_cells_helpers,,True
GGTGTGACAAATACCT-1,6,Memory_B_cells,,True
GGTGTGACAATTAACC-1,1,Naοve_CD4_T_cells_helpers,,True
GGTGTGACACGTAAGG-1,2,T_cells_general_cd4 ambigouus,,False
GGTGTGACAGCTAACC-1,0,Monocytes_CD14,,True
GGTGTGACAGTCTAGC-1,4,Cytotoxic_T_cell,,True
GGTGTTGTCAAATCGC-1,0,Monocytes_CD14,,True
GGTGTTGTCAAGCGCC-1,0,Monocytes_CD14,,True
GGTGTTGTCCTTAAGA-1,3,Naοve_CD8_T_cells,,True
GGTGTTGTCGCAATCG-1,1,Naοve_CD4_T_cells_helpers,,True
GGTTAATGTAACTACG-1,7,Non_classical_Monocytes,,True
GGTTAATGTAAGGTCC-1,0,Monocytes_CD14,,True
GGTTAATGTCCTAGTT-1,0,Monocytes_CD14,,True
GGTTAATGTGCTTTAC-1,0,Monocytes_CD14,,True
GGTTAATGTTAGCCAA-1,3,Naοve_CD8_T_cells,,True
GGTTAATGTTGTAAAC-1,2,T_cells_general_cd4 ambigouus,,False
GGTTACCCAAATTCGT-1,5,NK_cells,,True
GGTTACCCAAGTTATC-1,9,Dendritic cells,,True
GGTTACCCAGTTATGT-1,4,Cytotoxic_T_cell,,True
GGTTACCCATAGCTGC-1,5,NK_cells,,True
GGTTACTAGAAAGGAA-1,2,T_cells_general_cd4 ambigouus,,False
GGTTACTAGACAGGTA-1,4,Cytotoxic_T_cell,,True
GGTTACTAGACTCGCA-1,0,Monocytes_CD14,,True
GGTTACTAGCAAGATG-1,2,T_cells_general_cd4 ambigouus,,False
GGTTACTAGCACTAGT-1,2,T_cells_general_cd4 ambigouus,,False
GGTTACTAGCCACAAT-1,1,Naοve_CD4_T_cells_helpers,,True
GGTTACTAGGAAGCTA-1,3,Naοve_CD8_T_cells,,True
GGTTACTAGGACCGCT-1,0,Monocytes_CD14,,True
GGTTACTAGGATTTGC-1,7,Non_classical_Monocytes,,True
GGTTACTAGGCGGGTA-1,0,Monocytes_CD14,,True
GGTTACTAGTAACCCG-1,3,Naοve_CD8_T_cells,,True
GGTTACTAGTAAGGGC-1,2,T_cells_general_cd4 ambigouus,,False
GGTTACTAGTCCTTCA-1,2,T_cells_general_cd4 ambigouus,,False
GGTTAGCGTAATGGAA-1,0,Monocytes_CD14,,True
GGTTAGCGTGACCTGG-1,1,Naοve_CD4_T_cells_helpers,,True
GGTTAGCGTGCAATGC-1,0,Monocytes_CD14,,True
GGTTAGCGTGCTTAGA-1,1,Naοve_CD4_T_cells_helpers,,True
GGTTAGCGTGGACATC-1,1,Naοve_CD4_T_cells_helpers,,True
GGTTAGCGTGGGAACA-1,4,Cytotoxic_T_cell,,True
GGTTATATCAAGCCTG-1,1,Naοve_CD4_T_cells_helpers,,True
GGTTATATCATGGTGT-1,0,Monocytes_CD14,,True
GGTTATATCGTGCTTC-1,3,Naοve_CD8_T_cells,,True
GGTTATGGTACAATGT-1,0,Monocytes_CD14,,True
GGTTATGGTCATTAGG-1,1,Naοve_CD4_T_cells_helpers,,True
GGTTATGGTGACCTGG-1,0,Monocytes_CD14,,True
GGTTATGGTTAGGACC-1,3,Naοve_CD8_T_cells,,True
GGTTATGGTTGGTTGA-1,1,Naοve_CD4_T_cells_helpers,,True
GGTTATGGTTTAAAGC-1,0,Monocytes_CD14,,True
GGTTCCCGTAACGTGC-1,11,pDC,,False
GGTTCCCGTACGCGCA-1,10,Cytotoxic_T_NK,,False
GGTTCCCGTACGGGTT-1,2,T_cells_general_cd4 ambigouus,,False
GGTTCCCGTTCAAGCA-1,4,Cytotoxic_T_cell,,True
GGTTCTTGTCCTTAGT-1,7,Non_classical_Monocytes,,True
GGTTCTTGTCGACTCC-1,7,Non_classical_Monocytes,,True
GGTTCTTGTGCTTACT-1,0,Monocytes_CD14,,True
GGTTCTTGTGTCACGG-1,3,Naοve_CD8_T_cells,,True
GGTTCTTGTGTCCTGC-1,3,Naοve_CD8_T_cells,,True
GGTTCTTGTTACAACG-1,9,Dendritic cells,,True
GGTTCTTGTTTAACCC-1,1,Naοve_CD4_T_cells_helpers,,True
GGTTGACGTACTGATG-1,6,Memory_B_cells,,True
GGTTGACGTACTTAGG-1,0,Monocytes_CD14,,True
GGTTGACGTATGTGGC-1,2,T_cells_general_cd4 ambigouus,,False
GGTTGACGTCCTTTAA-1,1,Naοve_CD4_T_cells_helpers,,True
GGTTGACGTGCTTAGA-1,4,Cytotoxic_T_cell,,True
GGTTGACGTGTCCAAA-1,1,Naοve_CD4_T_cells_helpers,,True
GGTTGACGTTCACCCA-1,0,Monocytes_CD14,,True
GGTTGAGCAATTAGGA-1,2,T_cells_general_cd4 ambigouus,,False
GGTTGAGCAGCACGAA-1,1,Naοve_CD4_T_cells_helpers,,True
GGTTGAGCAGTAAGTA-1,0,Monocytes_CD14,,True
GGTTGAGCATTGCAGC-1,2,T_cells_general_cd4 ambigouus,,False
GGTTGCATCCAACTGG-1,3,Naοve_CD8_T_cells,,True
GGTTGCATCCTTAGGG-1,2,T_cells_general_cd4 ambigouus,,False
GGTTGCATCTCAATTC-1,1,Naοve_CD4_T_cells_helpers,,True
GGTTGCGGTAAACAAG-1,0,Monocytes_CD14,,True
GGTTGCGGTCACACCC-1,0,Monocytes_CD14,,True
GGTTGCGGTCATTAGG-1,1,Naοve_CD4_T_cells_helpers,,True
GGTTGCGGTCGTTATC-1,0,Monocytes_CD14,,True
GGTTGCGGTGGGTACT-1,3,Naοve_CD8_T_cells,,True
GGTTGCGGTTAACAGT-1,2,T_cells_general_cd4 ambigouus,,False
GGTTGCTCAACCCTAA-1,2,T_cells_general_cd4 ambigouus,,False
GGTTGCTCAAGCCACT-1,0,Monocytes_CD14,,True
GGTTGCTCAAGGTGCA-1,6,Memory_B_cells,,True
GGTTGCTCACTCGCTC-1,3,Naοve_CD8_T_cells,,True
GGTTGCTCAGTAGGTG-1,0,Monocytes_CD14,,True
GGTTGCTCATAGCTGC-1,1,Naοve_CD4_T_cells_helpers,,True
GGTTGCTCATGAGTTT-1,0,Monocytes_CD14,,True
GGTTGGTGTAATAACC-1,3,Naοve_CD8_T_cells,,True
GGTTGGTGTAATCGCA-1,0,Monocytes_CD14,,True
GGTTGGTGTAGGTTTG-1,0,Monocytes_CD14,,True
GGTTGGTGTCCGTAGG-1,3,Naοve_CD8_T_cells,,True
GGTTGGTGTCCTAAGA-1,3,Naοve_CD8_T_cells,,True
GGTTGGTGTGGGAACA-1,1,Naοve_CD4_T_cells_helpers,,True
GGTTGGTGTTCAAGCA-1,2,T_cells_general_cd4 ambigouus,,False
GGTTGGTGTTTAACGG-1,1,Naοve_CD4_T_cells_helpers,,True
GGTTTAATCACATTGA-1,1,Naοve_CD4_T_cells_helpers,,True
GGTTTAATCACTAATG-1,3,Naοve_CD8_T_cells,,True
GGTTTAATCAGTTCCC-1,1,Naοve_CD4_T_cells_helpers,,True
GGTTTAATCGGCTAGC-1,4,Cytotoxic_T_cell,,True
GGTTTAATCGTCAAGT-1,6,Memory_B_cells,,True
GGTTTAATCTCACTAT-1,2,T_cells_general_cd4 ambigouus,,False
GGTTTAATCTGTGCCT-1,0,Monocytes_CD14,,True
GGTTTCCTCATGCATA-1,5,NK_cells,,True
GGTTTCCTCCAGGTCA-1,9,Dendritic cells,,True
GGTTTCCTCCGGGACT-1,0,Monocytes_CD14,,True
GGTTTCCTCCTACCTA-1,1,Naοve_CD4_T_cells_helpers,,True
GGTTTCCTCCTTGCGT-1,1,Naοve_CD4_T_cells_helpers,,True
GGTTTCCTCGTGCTTC-1,0,Monocytes_CD14,,True
GGTTTCCTCGTTACAA-1,7,Non_classical_Monocytes,,True
GGTTTCCTCTGTAATG-1,3,Naοve_CD8_T_cells,,True
GGTTTCTGTCTTGCAT-1,0,Monocytes_CD14,,True
GGTTTCTGTGCAACTA-1,0,Monocytes_CD14,,True
GGTTTCTGTGCTCCAC-1,3,Naοve_CD8_T_cells,,True
GGTTTCTGTGGTGAGA-1,0,Monocytes_CD14,,True
GGTTTCTGTTCCATTA-1,7,Non_classical_Monocytes,,True
GGTTTCTGTTTACGTC-1,3,Naοve_CD8_T_cells,,True
GGTTTGTAGGGCTAAA-1,2,T_cells_general_cd4 ambigouus,,False
GGTTTGTAGTCCTTCA-1,3,Naοve_CD8_T_cells,,True
GGTTTGTAGTTGTCTT-1,1,Naοve_CD4_T_cells_helpers,,True
GTAAAGCCAAAGCGCA-1,2,T_cells_general_cd4 ambigouus,,False
GTAAAGCCAATCTCTC-1,1,Naοve_CD4_T_cells_helpers,,True
GTAAAGCCACCACAAC-1,11,pDC,,False
GTAAAGCCAGCCGCTA-1,0,Monocytes_CD14,,True
GTAAAGCCAGTGAACG-1,8,Naοve_B_cells,,True
GTAAAGCCAGTTAGCC-1,3,Naοve_CD8_T_cells,,True
GTAAAGCCATCCTGAA-1,1,Naοve_CD4_T_cells_helpers,,True
GTAAAGCCATTAAGCT-1,0,Monocytes_CD14,,True
GTAAGCAAGAGAGGAG-1,0,Monocytes_CD14,,True
GTAAGCAAGGACCTGC-1,1,Naοve_CD4_T_cells_helpers,,True
GTAAGCAAGTAACTCA-1,0,Monocytes_CD14,,True
GTAAGCAAGTGTTGTA-1,1,Naοve_CD4_T_cells_helpers,,True
GTAAGCGCACTTAACG-1,0,Monocytes_CD14,,True
GTAAGCGCATAAGCAA-1,0,Monocytes_CD14,,True
GTAAGCTTCAATTACG-1,0,Monocytes_CD14,,True
GTAAGCTTCACGCCAA-1,1,Naοve_CD4_T_cells_helpers,,True
GTAAGCTTCAGGCCTA-1,7,Non_classical_Monocytes,,True
GTAAGCTTCCTAGTTT-1,3,Naοve_CD8_T_cells,,True
GTAAGCTTCCTTAGTT-1,2,T_cells_general_cd4 ambigouus,,False
GTAAGCTTCCTTGTTG-1,3,Naοve_CD8_T_cells,,True
GTAAGCTTCTGTAATG-1,0,Monocytes_CD14,,True
GTAAGGTCAATGCGCT-1,8,Naοve_B_cells,,True
GTAAGGTCATAAAGCA-1,2,T_cells_general_cd4 ambigouus,,False
GTAAGGTCATGCTATG-1,7,Non_classical_Monocytes,,True
GTAATAGCAATAACGA-1,8,Naοve_B_cells,,True
GTAATAGCACCTGGTG-1,0,Monocytes_CD14,,True
GTAATAGCAGGCTACT-1,4,Cytotoxic_T_cell,,True
GTAATAGCATGATTGT-1,0,Monocytes_CD14,,True
GTAATAGCATTGTGCA-1,7,Non_classical_Monocytes,,True
GTACAATGTATTTGCC-1,0,Monocytes_CD14,,True
GTACAATGTCCGCTGT-1,2,T_cells_general_cd4 ambigouus,,False
GTACAATGTGCTGTAA-1,4,Cytotoxic_T_cell,,True
GTACAATGTGGAAACG-1,2,T_cells_general_cd4 ambigouus,,False
GTACAATGTTAGTACG-1,1,Naοve_CD4_T_cells_helpers,,True
GTACAATGTTTAGTCC-1,0,Monocytes_CD14,,True
GTACACCCAAACCTTG-1,2,T_cells_general_cd4 ambigouus,,False
GTACACCCAAGTCGCT-1,6,Memory_B_cells,,True
GTACACCCACCGTTCC-1,2,T_cells_general_cd4 ambigouus,,False
GTACACCCAGGATGGC-1,2,T_cells_general_cd4 ambigouus,,False
GTACACCCAGTAAGTA-1,1,Naοve_CD4_T_cells_helpers,,True
GTACCGGGTACCTTAC-1,9,Dendritic cells,,True
GTACCGGGTATACTGG-1,0,Monocytes_CD14,,True
GTACCGGGTCAATACG-1,1,Naοve_CD4_T_cells_helpers,,True
GTACCGGGTGACATAT-1,0,Monocytes_CD14,,True
GTACCGGGTTCACCCA-1,8,Naοve_B_cells,,True
GTACCTTGTAACCACA-1,1,Naοve_CD4_T_cells_helpers,,True
GTACCTTGTACCTTAC-1,3,Naοve_CD8_T_cells,,True
GTACCTTGTAGACAAA-1,4,Cytotoxic_T_cell,,True
GTACCTTGTATGGTGC-1,0,Monocytes_CD14,,True
GTACCTTGTCCACAAA-1,3,Naοve_CD8_T_cells,,True
GTACCTTGTGTGCACG-1,1,Naοve_CD4_T_cells_helpers,,True
GTACCTTGTTAGGCTA-1,2,T_cells_general_cd4 ambigouus,,False
GTACCTTGTTTGAGCA-1,4,Cytotoxic_T_cell,,True
GTACGTAGTAACCAGC-1,8,Naοve_B_cells,,True
GTACGTAGTACCGTAA-1,0,Monocytes_CD14,,True
GTACGTAGTAGTAAGA-1,0,Monocytes_CD14,,True
GTACGTAGTCTTACTA-1,3,Naοve_CD8_T_cells,,True
GTACGTAGTGCATCGG-1,13,Plasma_cells,,False
GTACGTAGTGTCCAGG-1,0,Monocytes_CD14,,True
GTACGTAGTTCATTTG-1,0,Monocytes_CD14,,True
GTACTAATCACGTTAA-1,2,T_cells_general_cd4 ambigouus,,False
GTACTAATCACTAGGT-1,10,Cytotoxic_T_NK,,False
GTACTAATCTAATTGG-1,1,Naοve_CD4_T_cells_helpers,,True
GTACTAGGTTGCATCT-1,1,Naοve_CD4_T_cells_helpers,,True
GTACTGGTCAAGCGCC-1,1,Naοve_CD4_T_cells_helpers,,True
GTACTGGTCAATCATG-1,4,Cytotoxic_T_cell,,True
GTACTGGTCCCGCCTA-1,1,Naοve_CD4_T_cells_helpers,,True
GTACTGGTCGCATTAA-1,1,Naοve_CD4_T_cells_helpers,,True
GTACTGGTCTTAAGTG-1,4,Cytotoxic_T_cell,,True
GTACTTAAGAGGGACT-1,0,Monocytes_CD14,,True
GTACTTAAGCTAAGTC-1,0,Monocytes_CD14,,True
GTACTTAAGTGAGGGT-1,6,Memory_B_cells,,True
GTACTTCGTAGCCATA-1,0,Monocytes_CD14,,True
GTACTTCGTCATGCCC-1,8,Naοve_B_cells,,True
GTACTTCGTCATTAGG-1,11,pDC,,False
GTACTTCGTCGTAAAT-1,2,T_cells_general_cd4 ambigouus,,False
GTACTTCGTGGATTAT-1,2,T_cells_general_cd4 ambigouus,,False
GTACTTCGTTGCAATG-1,11,pDC,,False
GTACTTCGTTTAAAGC-1,12,Stress_response,,False
GTAGCCATCGGCCATA-1,3,Naοve_CD8_T_cells,,True
GTAGCCATCGTCCTTA-1,0,Monocytes_CD14,,True
GTAGCCATCTTACTCG-1,0,Monocytes_CD14,,True
GTAGCGCTCACAGGAA-1,3,Naοve_CD8_T_cells,,True
GTAGCTGTCACGTTAA-1,1,Naοve_CD4_T_cells_helpers,,True
GTAGCTGTCAGGCCTA-1,6,Memory_B_cells,,True
GTAGCTGTCCGGCTAA-1,4,Cytotoxic_T_cell,,True
GTAGCTGTCGGCTATG-1,0,Monocytes_CD14,,True
GTAGCTGTCGTGCTTC-1,4,Cytotoxic_T_cell,,True
GTAGGAGGTCAAGTAT-1,2,T_cells_general_cd4 ambigouus,,False
GTAGGAGGTTCATCTA-1,1,Naοve_CD4_T_cells_helpers,,True
GTAGGAGGTTTGCTGT-1,2,T_cells_general_cd4 ambigouus,,False
GTAGGAGGTTTGTGGA-1,5,NK_cells,,True
GTAGGATCAACTAACT-1,1,Naοve_CD4_T_cells_helpers,,True
GTAGGATCACAAAGGT-1,0,Monocytes_CD14,,True
GTAGGATCACAGGAAT-1,3,Naοve_CD8_T_cells,,True
GTAGGATCACCTACGG-1,1,Naοve_CD4_T_cells_helpers,,True
GTAGGATCAGCCTTGG-1,2,T_cells_general_cd4 ambigouus,,False
GTAGGATCAGCTAACC-1,0,Monocytes_CD14,,True
GTAGGATCAGGAATCG-1,0,Monocytes_CD14,,True
GTAGGCGAGAGAAGGG-1,3,Naοve_CD8_T_cells,,True
GTAGGCGAGAGGAAGG-1,1,Naοve_CD4_T_cells_helpers,,True
GTAGGCGAGGTGAAAT-1,1,Naοve_CD4_T_cells_helpers,,True
GTAGGTGCAACACCTA-1,11,pDC,,False
GTAGGTGCAACGTGCT-1,4,Cytotoxic_T_cell,,True
GTAGGTGCAACTGGGA-1,0,Monocytes_CD14,,True
GTAGGTGCAAGCCACT-1,7,Non_classical_Monocytes,,True
GTAGGTGCACGCAACT-1,2,T_cells_general_cd4 ambigouus,,False
GTAGGTGCATAAGCAA-1,2,T_cells_general_cd4 ambigouus,,False
GTAGGTGCATAATCCG-1,0,Monocytes_CD14,,True
GTAGGTGCATATAACC-1,1,Naοve_CD4_T_cells_helpers,,True
GTAGTTATCACCGGTA-1,4,Cytotoxic_T_cell,,True
GTAGTTATCGCTAAAC-1,3,Naοve_CD8_T_cells,,True
GTAGTTTCAATTAGCT-1,3,Naοve_CD8_T_cells,,True
GTAGTTTCAGCCGCTA-1,2,T_cells_general_cd4 ambigouus,,False
GTAGTTTCAGGAACAT-1,0,Monocytes_CD14,,True
GTATCGCCAAGTGTTT-1,0,Monocytes_CD14,,True
GTATCGCCAATAGCCC-1,2,T_cells_general_cd4 ambigouus,,False
GTATCGCCACAATGTT-1,1,Naοve_CD4_T_cells_helpers,,True
GTATCGCCATAAAGCA-1,0,Monocytes_CD14,,True
GTATCGCCATGCAACC-1,3,Naοve_CD8_T_cells,,True
GTATGTGGTCAATGTG-1,0,Monocytes_CD14,,True
GTATGTGGTCATAACG-1,6,Memory_B_cells,,True
GTATGTGGTCCCGAAG-1,1,Naοve_CD4_T_cells_helpers,,True
GTATGTGGTGGCTTCC-1,5,NK_cells,,True
GTATGTGGTTAGCAGC-1,3,Naοve_CD8_T_cells,,True
GTATGTTCAAGGGTTG-1,1,Naοve_CD4_T_cells_helpers,,True
GTATGTTCAATCCTAG-1,8,Naοve_B_cells,,True
GTATGTTCACCAACCG-1,4,Cytotoxic_T_cell,,True
GTATGTTCAGAGGGAG-1,4,Cytotoxic_T_cell,,True
GTATGTTCAGGTTATT-1,3,Naοve_CD8_T_cells,,True
GTATGTTCATGTTGCA-1,1,Naοve_CD4_T_cells_helpers,,True
GTATGTTCATTAGGTT-1,2,T_cells_general_cd4 ambigouus,,False
GTATTCAAGCCTGGTA-1,1,Naοve_CD4_T_cells_helpers,,True
GTATTCAAGGAAGTAT-1,0,Monocytes_CD14,,True
GTATTCAAGTTATCCT-1,2,T_cells_general_cd4 ambigouus,,False
GTATTGATCAAGCTAC-1,2,T_cells_general_cd4 ambigouus,,False
GTATTGATCACGTTAA-1,3,Naοve_CD8_T_cells,,True
GTATTGATCCAGGAAA-1,2,T_cells_general_cd4 ambigouus,,False
GTATTGATCCCATAAA-1,6,Memory_B_cells,,True
GTATTGATCGATTATG-1,4,Cytotoxic_T_cell,,True
GTATTGATCTATGACA-1,0,Monocytes_CD14,,True
GTATTGATCTCAATTC-1,1,Naοve_CD4_T_cells_helpers,,True
GTATTGCAGCAAGGAC-1,2,T_cells_general_cd4 ambigouus,,False
GTATTGCAGCCTTAAA-1,2,T_cells_general_cd4 ambigouus,,False
GTATTGCAGCGCTAAT-1,0,Monocytes_CD14,,True
GTATTGCAGTAGGATG-1,0,Monocytes_CD14,,True
GTATTGCAGTGAGCGG-1,2,T_cells_general_cd4 ambigouus,,False
GTATTGCAGTTATCCT-1,2,T_cells_general_cd4 ambigouus,,False
GTATTGTCACTGGCCA-1,1,Naοve_CD4_T_cells_helpers,,True
GTATTGTCATAAGGAC-1,1,Naοve_CD4_T_cells_helpers,,True
GTATTGTCATACCCGG-1,2,T_cells_general_cd4 ambigouus,,False
GTATTGTCATGGTTAT-1,1,Naοve_CD4_T_cells_helpers,,True
GTCAAACTCACTAATG-1,2,T_cells_general_cd4 ambigouus,,False
GTCAAACTCACTTCAT-1,3,Naοve_CD8_T_cells,,True
GTCAAACTCATCCTCA-1,0,Monocytes_CD14,,True
GTCAAACTCCTAAGGT-1,10,Cytotoxic_T_NK,,False
GTCAAACTCGACAAAG-1,5,NK_cells,,True
GTCAAACTCGCTATGG-1,0,Monocytes_CD14,,True
GTCAATATCACAGGAA-1,3,Naοve_CD8_T_cells,,True
GTCAATATCATCACTT-1,1,Naοve_CD4_T_cells_helpers,,True
GTCAATATCATGCAAC-1,1,Naοve_CD4_T_cells_helpers,,True
GTCAATATCATTTGTC-1,3,Naοve_CD8_T_cells,,True
GTCAATATCCCATAAA-1,6,Memory_B_cells,,True
GTCAATATCCGCAAGC-1,7,Non_classical_Monocytes,,True
GTCAATATCGCACACA-1,4,Cytotoxic_T_cell,,True
GTCAATATCGGGACCT-1,2,T_cells_general_cd4 ambigouus,,False
GTCAATATCTAATTGG-1,6,Memory_B_cells,,True
GTCAATATCTTGGACG-1,1,Naοve_CD4_T_cells_helpers,,True
GTCAATATCTTTGACT-1,0,Monocytes_CD14,,True
GTCAGGCTCAGTATTG-1,4,Cytotoxic_T_cell,,True
GTCAGGCTCCAGGAAA-1,1,Naοve_CD4_T_cells_helpers,,True
GTCAGGCTCCCAGTAG-1,6,Memory_B_cells,,True
GTCAGGCTCCCGTTTA-1,5,NK_cells,,True
GTCAGGCTCCGGTATG-1,0,Monocytes_CD14,,True
GTCAGGCTCTAAGTCA-1,0,Monocytes_CD14,,True
GTCAGGCTCTTAGGAC-1,4,Cytotoxic_T_cell,,True
GTCATCACACCGGTAT-1,3,Naοve_CD8_T_cells,,True
GTCATCACACGTGCTG-1,0,Monocytes_CD14,,True
GTCATCACACTGGCCA-1,0,Monocytes_CD14,,True
GTCATCACAGAGGGAG-1,0,Monocytes_CD14,,True
GTCATCACAGCCGCTA-1,4,Cytotoxic_T_cell,,True
GTCATCACAGGCTTGT-1,1,Naοve_CD4_T_cells_helpers,,True
GTCATCACATAAACCT-1,8,Naοve_B_cells,,True
GTCATCACATATTGAC-1,1,Naοve_CD4_T_cells_helpers,,True
GTCATCCTCCGCAAGC-1,3,Naοve_CD8_T_cells,,True
GTCATCCTCCTGATTT-1,8,Naοve_B_cells,,True
GTCATCCTCTTGAGCG-1,3,Naοve_CD8_T_cells,,True
GTCATGAGTAGCCATA-1,3,Naοve_CD8_T_cells,,True
GTCATGAGTATCTGGA-1,11,pDC,,False
GTCATGAGTCAAACTG-1,7,Non_classical_Monocytes,,True
GTCATGAGTGGATTAT-1,3,Naοve_CD8_T_cells,,True
GTCATGAGTTAACAGT-1,2,T_cells_general_cd4 ambigouus,,False
GTCATGAGTTACCTGT-1,1,Naοve_CD4_T_cells_helpers,,True
GTCATGAGTTCTTTAG-1,4,Cytotoxic_T_cell,,True
GTCATGAGTTGAATCG-1,6,Memory_B_cells,,True
GTCATGCCAATAACGA-1,1,Naοve_CD4_T_cells_helpers,,True
GTCATGCCAATCCTAG-1,5,NK_cells,,True
GTCATGCCACAATGTT-1,4,Cytotoxic_T_cell,,True
GTCATGCCAGCACCAT-1,5,NK_cells,,True
GTCATGCCAGGTTAAA-1,4,Cytotoxic_T_cell,,True
GTCATGCCAGTAGCCT-1,6,Memory_B_cells,,True
GTCATGCCATCCTGAA-1,0,Monocytes_CD14,,True
GTCATGCCATCGCTCC-1,3,Naοve_CD8_T_cells,,True
GTCATGCCATGGCCTG-1,3,Naοve_CD8_T_cells,,True
GTCATGCCATTCCTGT-1,1,Naοve_CD4_T_cells_helpers,,True
GTCATGCCATTGACAT-1,2,T_cells_general_cd4 ambigouus,,False
GTCATTAAGCCATCAG-1,2,T_cells_general_cd4 ambigouus,,False
GTCATTAAGCCTGTTC-1,9,Dendritic cells,,True
GTCATTAAGGACTTAC-1,7,Non_classical_Monocytes,,True
GTCATTAAGTCAATTG-1,3,Naοve_CD8_T_cells,,True
GTCATTAAGTTGGCCA-1,3,Naοve_CD8_T_cells,,True
GTCATTAAGTTTGCGG-1,2,T_cells_general_cd4 ambigouus,,False
GTCCAAGTCAGGGCCT-1,0,Monocytes_CD14,,True
GTCCAAGTCCCTTGCG-1,7,Non_classical_Monocytes,,True
GTCCAAGTCCTTCGTA-1,0,Monocytes_CD14,,True
GTCCAAGTCGTTTCCA-1,3,Naοve_CD8_T_cells,,True
GTCCAAGTCTAGCGTG-1,0,Monocytes_CD14,,True
GTCCAGGGTAATGGCC-1,7,Non_classical_Monocytes,,True
GTCCAGGGTATTTGCC-1,0,Monocytes_CD14,,True
GTCCAGGGTCAATAGT-1,2,T_cells_general_cd4 ambigouus,,False
GTCCAGGGTCCTCCAA-1,7,Non_classical_Monocytes,,True
GTCCAGGGTGAGCACT-1,10,Cytotoxic_T_NK,,False
GTCCAGGGTTCGGTAA-1,1,Naοve_CD4_T_cells_helpers,,True
GTCCATTGTAACCTAG-1,2,T_cells_general_cd4 ambigouus,,False
GTCCATTGTAGGATTT-1,2,T_cells_general_cd4 ambigouus,,False
GTCCATTGTCACAGCG-1,3,Naοve_CD8_T_cells,,True
GTCCATTGTGCTTAGA-1,3,Naοve_CD8_T_cells,,True
GTCCATTGTGTCCAGG-1,1,Naοve_CD4_T_cells_helpers,,True
GTCCATTGTTACAAAC-1,0,Monocytes_CD14,,True
GTCCATTGTTAGCCAA-1,2,T_cells_general_cd4 ambigouus,,False
GTCCATTGTTATGTGG-1,4,Cytotoxic_T_cell,,True
GTCCATTGTTGCACAA-1,11,pDC,,False
GTCCATTGTTGGCCGA-1,0,Monocytes_CD14,,True
GTCCGTAAGCGAGGTG-1,0,Monocytes_CD14,,True
GTCCGTAAGGACACTT-1,3,Naοve_CD8_T_cells,,True
GTCCGTAAGGTCTTGG-1,7,Non_classical_Monocytes,,True
GTCCTAGAGACTTATG-1,0,Monocytes_CD14,,True
GTCCTAGAGCATTATG-1,4,Cytotoxic_T_cell,,True
GTCCTAGAGCCTGTGA-1,2,T_cells_general_cd4 ambigouus,,False
GTCCTAGAGCTGTCAG-1,4,Cytotoxic_T_cell,,True
GTCCTAGAGGACCTCA-1,5,NK_cells,,True
GTCCTAGAGGGTCCAC-1,0,Monocytes_CD14,,True
GTCCTAGAGTACCGCA-1,4,Cytotoxic_T_cell,,True
GTCCTAGAGTCACCAG-1,2,T_cells_general_cd4 ambigouus,,False
GTCCTCAGTGCAACTA-1,3,Naοve_CD8_T_cells,,True
GTCCTCAGTGCGCAAT-1,4,Cytotoxic_T_cell,,True
GTCCTCAGTGTGCACG-1,2,T_cells_general_cd4 ambigouus,,False
GTCCTCAGTTAGAGGG-1,1,Naοve_CD4_T_cells_helpers,,True
GTCCTCAGTTATAGCG-1,2,T_cells_general_cd4 ambigouus,,False
GTCCTCAGTTCCATTA-1,3,Naοve_CD8_T_cells,,True
GTCCTCAGTTGTAAAC-1,4,Cytotoxic_T_cell,,True
GTCCTCCCAAGGAATC-1,6,Memory_B_cells,,True
GTCCTCCCACCACAAC-1,2,T_cells_general_cd4 ambigouus,,False
GTCCTCCCACCTATAG-1,0,Monocytes_CD14,,True
GTCCTCCCAGAAATTG-1,0,Monocytes_CD14,,True
GTCCTCCCAGGCGATA-1,2,T_cells_general_cd4 ambigouus,,False
GTCCTCCCAGTTTACG-1,6,Memory_B_cells,,True
GTCCTCCCATTGCGGT-1,2,T_cells_general_cd4 ambigouus,,False
GTCGAAGCAATTAGGA-1,5,NK_cells,,True
GTCGAAGCACTAAGAA-1,0,Monocytes_CD14,,True
GTCGAAGCACTGGCCA-1,5,NK_cells,,True
GTCGAAGCAGGTTAAA-1,0,Monocytes_CD14,,True
GTCGAGGAGACTTACA-1,2,T_cells_general_cd4 ambigouus,,False
GTCGAGGAGCTCAAAC-1,7,Non_classical_Monocytes,,True
GTCGAGGAGGATGATG-1,0,Monocytes_CD14,,True
GTCGAGGAGGGCCATC-1,1,Naοve_CD4_T_cells_helpers,,True
GTCGAGGAGTAACCCG-1,2,T_cells_general_cd4 ambigouus,,False
GTCGAGGAGTTATTCC-1,1,Naοve_CD4_T_cells_helpers,,True
GTCGAGGAGTTTGGGT-1,3,Naοve_CD8_T_cells,,True
GTCGCAATCATGCAAC-1,2,T_cells_general_cd4 ambigouus,,False
GTCGCAATCCGTGACA-1,3,Naοve_CD8_T_cells,,True
GTCGCAATCTCAATAG-1,3,Naοve_CD8_T_cells,,True
GTCGGTTCAGCCAGTT-1,1,Naοve_CD4_T_cells_helpers,,True
GTCGGTTCAGTTTGGC-1,0,Monocytes_CD14,,True
GTCGGTTCATAATCAC-1,7,Non_classical_Monocytes,,True
GTCGGTTCATCTTGAG-1,8,Naοve_B_cells,,True
GTCGGTTCATTGACAT-1,0,Monocytes_CD14,,True
GTCTAACAGGCCCAGT-1,1,Naοve_CD4_T_cells_helpers,,True
GTCTAACAGGGACTAA-1,0,Monocytes_CD14,,True
GTCTAACAGTGATTCA-1,1,Naοve_CD4_T_cells_helpers,,True
GTCTAACAGTTGGATC-1,0,Monocytes_CD14,,True
GTCTAATCAAACTGCC-1,10,Cytotoxic_T_NK,,False
GTCTAATCAATAACCT-1,3,Naοve_CD8_T_cells,,True
GTCTAATCAATAGCAA-1,2,T_cells_general_cd4 ambigouus,,False
GTCTAATCAATTGACT-1,8,Naοve_B_cells,,True
GTCTAATCAGCTTAAT-1,5,NK_cells,,True
GTCTAATCATAGCGGA-1,6,Memory_B_cells,,True
GTCTAGCCAAAGCGGC-1,8,Naοve_B_cells,,True
GTCTAGCCACTAGCGT-1,0,Monocytes_CD14,,True
GTCTAGCCATAGCTGC-1,7,Non_classical_Monocytes,,True
GTCTAGCCATAGTCAT-1,0,Monocytes_CD14,,True
GTCTAGCCATCGCTCC-1,3,Naοve_CD8_T_cells,,True
GTCTAGCCATGTTGTG-1,2,T_cells_general_cd4 ambigouus,,False
GTCTATCGTAGCCTAA-1,8,Naοve_B_cells,,True
GTCTATCGTATTGTCC-1,0,Monocytes_CD14,,True
GTCTATCGTCAGTAAT-1,3,Naοve_CD8_T_cells,,True
GTCTATCGTGAGGTAG-1,0,Monocytes_CD14,,True
GTCTATCGTGTCCTGC-1,0,Monocytes_CD14,,True
GTCTATCGTTATGTGG-1,5,NK_cells,,True
GTCTATCGTTGTTGCT-1,2,T_cells_general_cd4 ambigouus,,False
GTCTATGCAAGCTAAA-1,3,Naοve_CD8_T_cells,,True
GTCTATGCAATAACCT-1,0,Monocytes_CD14,,True
GTCTATGCACGAATCC-1,0,Monocytes_CD14,,True
GTCTATGCAGACAAAC-1,2,T_cells_general_cd4 ambigouus,,False
GTCTATGCAGTAAAGC-1,0,Monocytes_CD14,,True
GTCTATGCAGTAGCCT-1,0,Monocytes_CD14,,True
GTCTATGCATTGTGTG-1,0,Monocytes_CD14,,True
GTCTCACTCAAATCGC-1,3,Naοve_CD8_T_cells,,True
GTCTCACTCAGGTTTA-1,7,Non_classical_Monocytes,,True
GTCTCACTCATCACTT-1,11,pDC,,False
GTCTCACTCATGAAGG-1,0,Monocytes_CD14,,True
GTCTCACTCCCGAAGC-1,2,T_cells_general_cd4 ambigouus,,False
GTCTCACTCCGGGACT-1,3,Naοve_CD8_T_cells,,True
GTCTCACTCGTACCGA-1,4,Cytotoxic_T_cell,,True
GTCTCACTCTAATCAG-1,3,Naοve_CD8_T_cells,,True
GTCTCACTCTTGTCTG-1,2,T_cells_general_cd4 ambigouus,,False
GTCTCACTCTTTGTAC-1,4,Cytotoxic_T_cell,,True
GTCTTGCTCACATTGA-1,0,Monocytes_CD14,,True
GTCTTGCTCAGAAACG-1,7,Non_classical_Monocytes,,True
GTCTTGCTCCGTCCAT-1,1,Naοve_CD4_T_cells_helpers,,True
GTCTTGCTCGATATTG-1,2,T_cells_general_cd4 ambigouus,,False
GTCTTGCTCTTTAGGA-1,0,Monocytes_CD14,,True
GTCTTTAGTACTTCAC-1,8,Naοve_B_cells,,True
GTCTTTAGTCAAAGAA-1,0,Monocytes_CD14,,True
GTCTTTAGTGATGAAA-1,2,T_cells_general_cd4 ambigouus,,False
GTCTTTAGTTGCACAA-1,3,Naοve_CD8_T_cells,,True
GTCTTTAGTTTGGGCG-1,0,Monocytes_CD14,,True
GTCTTTGTCAATACGC-1,0,Monocytes_CD14,,True
GTCTTTGTCCACAATA-1,1,Naοve_CD4_T_cells_helpers,,True
GTCTTTGTCCTCACTA-1,3,Naοve_CD8_T_cells,,True
GTCTTTGTCTCACAAA-1,9,Dendritic cells,,True
GTCTTTGTCTCCTCTT-1,6,Memory_B_cells,,True
GTCTTTGTCTTGAGGT-1,3,Naοve_CD8_T_cells,,True
GTGAACAAGCTATGAC-1,3,Naοve_CD8_T_cells,,True
GTGAACAAGGCTTAGT-1,1,Naοve_CD4_T_cells_helpers,,True
GTGAACAAGTAACGGA-1,0,Monocytes_CD14,,True
GTGAACAAGTAGCGCC-1,4,Cytotoxic_T_cell,,True
GTGAACAAGTCAATTG-1,2,T_cells_general_cd4 ambigouus,,False
GTGAACAAGTTAGCCG-1,1,Naοve_CD4_T_cells_helpers,,True
GTGAATCTCACTAGGT-1,1,Naοve_CD4_T_cells_helpers,,True
GTGAGCGAGCTAGAAG-1,0,Monocytes_CD14,,True
GTGAGCGAGGCCTGGT-1,3,Naοve_CD8_T_cells,,True
GTGAGGAGTAACGTGC-1,2,T_cells_general_cd4 ambigouus,,False
GTGAGGAGTAATAACC-1,1,Naοve_CD4_T_cells_helpers,,True
GTGAGGAGTAGGTTAT-1,0,Monocytes_CD14,,True
GTGAGGAGTGCTCACC-1,2,T_cells_general_cd4 ambigouus,,False
GTGAGGAGTGTGAGAG-1,10,Cytotoxic_T_NK,,False
GTGAGGAGTGTTCCCA-1,2,T_cells_general_cd4 ambigouus,,False
GTGAGGAGTTACGCAA-1,1,Naοve_CD4_T_cells_helpers,,True
GTGAGGAGTTGCGGAT-1,1,Naοve_CD4_T_cells_helpers,,True
GTGAGGAGTTTGCAGA-1,0,Monocytes_CD14,,True
GTGATCAGTAATCGTG-1,3,Naοve_CD8_T_cells,,True
GTGATCAGTATTTGCC-1,0,Monocytes_CD14,,True
GTGATCAGTCCGTGAG-1,0,Monocytes_CD14,,True
GTGATCAGTGATCATG-1,0,Monocytes_CD14,,True
GTGATCAGTGTTTGCT-1,0,Monocytes_CD14,,True
GTGATCAGTTCGCTTG-1,0,Monocytes_CD14,,True
GTGATCAGTTGCTTCG-1,0,Monocytes_CD14,,True
GTGATGAAGAAAGCAT-1,7,Non_classical_Monocytes,,True
GTGATGAAGACCATAC-1,8,Naοve_B_cells,,True
GTGATGAAGACTCGCA-1,0,Monocytes_CD14,,True
GTGATGAAGAGGCTAA-1,0,Monocytes_CD14,,True
GTGATGAAGGTTTGAC-1,0,Monocytes_CD14,,True
GTGATGAAGTACCGCA-1,1,Naοve_CD4_T_cells_helpers,,True
GTGATGAAGTTTGGGT-1,3,Naοve_CD8_T_cells,,True
GTGCAAGCAAGGTGCA-1,0,Monocytes_CD14,,True
GTGCAAGCAATGAGGT-1,5,NK_cells,,True
GTGCAAGCACCTGGTG-1,0,Monocytes_CD14,,True
GTGCAAGCAGGATGGC-1,6,Memory_B_cells,,True
GTGCAAGCATGAATAG-1,0,Monocytes_CD14,,True
GTGCAAGCATGCTTAG-1,5,NK_cells,,True
GTGCACGGTATGTGGC-1,0,Monocytes_CD14,,True
GTGCACGGTATTGAGT-1,6,Memory_B_cells,,True
GTGCACGGTCAAGTAT-1,1,Naοve_CD4_T_cells_helpers,,True
GTGCACGGTCAATACG-1,9,Dendritic cells,,True
GTGCACGGTGATGATT-1,3,Naοve_CD8_T_cells,,True
GTGCACGGTGGTTATG-1,1,Naοve_CD4_T_cells_helpers,,True
GTGCACGGTTGTAAAC-1,0,Monocytes_CD14,,True
GTGCACGGTTTACCGT-1,2,T_cells_general_cd4 ambigouus,,False
GTGCACGGTTTCCACG-1,1,Naοve_CD4_T_cells_helpers,,True
GTGCATTAGCACGTTG-1,0,Monocytes_CD14,,True
GTGCATTAGCCTTAAA-1,0,Monocytes_CD14,,True
GTGCATTAGGACGTAA-1,0,Monocytes_CD14,,True
GTGCATTAGGGCCACT-1,2,T_cells_general_cd4 ambigouus,,False
GTGCATTAGGTCATTA-1,0,Monocytes_CD14,,True
GTGCATTAGGTCGAGG-1,1,Naοve_CD4_T_cells_helpers,,True
GTGCCTTTCACAGACT-1,8,Naοve_B_cells,,True
GTGCCTTTCCTGCGAA-1,1,Naοve_CD4_T_cells_helpers,,True
GTGCCTTTCGTTACAA-1,4,Cytotoxic_T_cell,,True
GTGCCTTTCTGGCAAT-1,0,Monocytes_CD14,,True
GTGCCTTTCTGTAATG-1,4,Cytotoxic_T_cell,,True
GTGCGCAGTGACATAT-1,6,Memory_B_cells,,True
GTGCGCAGTGCATTAG-1,11,pDC,,False
GTGCGCAGTTTCGCCA-1,1,Naοve_CD4_T_cells_helpers,,True
GTGCGGTTCAAACACC-1,5,NK_cells,,True
GTGCGGTTCCACCCTG-1,0,Monocytes_CD14,,True
GTGCGGTTCCGCAAGC-1,0,Monocytes_CD14,,True
GTGCGGTTCCTCACTA-1,4,Cytotoxic_T_cell,,True
GTGCGGTTCCTTAAGA-1,1,Naοve_CD4_T_cells_helpers,,True
GTGCGGTTCGAAGCGG-1,1,Naοve_CD4_T_cells_helpers,,True
GTGCTCAAGCAATAGG-1,2,T_cells_general_cd4 ambigouus,,False
GTGCTCAAGCTATATG-1,1,Naοve_CD4_T_cells_helpers,,True
GTGCTCAAGGCTGGCT-1,2,T_cells_general_cd4 ambigouus,,False
GTGCTCAAGTATCGCG-1,0,Monocytes_CD14,,True
GTGCTCCGTACGATTG-1,3,Naοve_CD8_T_cells,,True
GTGCTCCGTACGTTTC-1,1,Naοve_CD4_T_cells_helpers,,True
GTGCTCCGTACTTCAC-1,0,Monocytes_CD14,,True
GTGCTCCGTTACAAAC-1,0,Monocytes_CD14,,True
GTGCTGATCCTCACAC-1,3,Naοve_CD8_T_cells,,True
GTGCTGATCCTTAATC-1,0,Monocytes_CD14,,True
GTGCTGATCCTTCGTA-1,0,Monocytes_CD14,,True
GTGCTGATCGACAAAG-1,9,Dendritic cells,,True
GTGCTGATCGTAATCA-1,2,T_cells_general_cd4 ambigouus,,False
GTGCTGATCTAAGTCA-1,8,Naοve_B_cells,,True
GTGCTGATCTTGAGCG-1,9,Dendritic cells,,True
GTGCTGGGTATTGCAG-1,1,Naοve_CD4_T_cells_helpers,,True
GTGCTGGGTATTGTCC-1,8,Naοve_B_cells,,True
GTGCTGGGTCATCAAG-1,3,Naοve_CD8_T_cells,,True
GTGCTGGGTTAGCATG-1,2,T_cells_general_cd4 ambigouus,,False
GTGCTGGGTTGAGGTC-1,2,T_cells_general_cd4 ambigouus,,False
GTGCTTACAAGATTCT-1,2,T_cells_general_cd4 ambigouus,,False
GTGCTTACAATAGTCT-1,3,Naοve_CD8_T_cells,,True
GTGCTTACAATTGACT-1,0,Monocytes_CD14,,True
GTGCTTACAGCAACCT-1,3,Naοve_CD8_T_cells,,True
GTGCTTACAGGAAGCC-1,2,T_cells_general_cd4 ambigouus,,False
GTGCTTCTCCTGGTGA-1,2,T_cells_general_cd4 ambigouus,,False
GTGCTTCTCCTTAATC-1,5,NK_cells,,True
GTGGACACAAGCGAGC-1,0,Monocytes_CD14,,True
GTGGACACAATGCCTA-1,0,Monocytes_CD14,,True
GTGGACACACAAAGAC-1,2,T_cells_general_cd4 ambigouus,,False
GTGGACACACTGACTA-1,11,pDC,,False
GTGGACACAGCCAGTT-1,3,Naοve_CD8_T_cells,,True
GTGGACACAGGACCTT-1,5,NK_cells,,True
GTGGACACAGGCGATA-1,0,Monocytes_CD14,,True
GTGGATGCACCGGTAT-1,4,Cytotoxic_T_cell,,True
GTGGATGCAGTAGCCT-1,3,Naοve_CD8_T_cells,,True
GTGGATGCATAAAGCA-1,2,T_cells_general_cd4 ambigouus,,False
GTGGATGCATAGTCAT-1,3,Naοve_CD8_T_cells,,True
GTGGATGCATCTAGCA-1,3,Naοve_CD8_T_cells,,True
GTGGTTAGTAGGTGTC-1,1,Naοve_CD4_T_cells_helpers,,True
GTGGTTAGTGGAGCAA-1,1,Naοve_CD4_T_cells_helpers,,True
GTGGTTAGTTGCATCT-1,3,Naοve_CD8_T_cells,,True
GTGTAACTCAAGTGTC-1,3,Naοve_CD8_T_cells,,True
GTGTAACTCAATGACC-1,6,Memory_B_cells,,True
GTGTAACTCAATGAGG-1,0,Monocytes_CD14,,True
GTGTAACTCAATGTCA-1,1,Naοve_CD4_T_cells_helpers,,True
GTGTAACTCCTGCGAA-1,0,Monocytes_CD14,,True
GTGTAACTCGGCTAGC-1,6,Memory_B_cells,,True
GTGTCCAAGAACCTAC-1,3,Naοve_CD8_T_cells,,True
GTGTCCAAGGCAAGTA-1,5,NK_cells,,True
GTGTCCAAGGGATGAC-1,0,Monocytes_CD14,,True
GTGTCCAAGGGTGAAC-1,0,Monocytes_CD14,,True
GTGTCCAAGGTCTTGG-1,4,Cytotoxic_T_cell,,True
GTGTCCAAGTGTGATC-1,0,Monocytes_CD14,,True
GTGTGAGCAAATTCGT-1,0,Monocytes_CD14,,True
GTGTGAGCAACTAACT-1,3,Naοve_CD8_T_cells,,True
GTGTGAGCAAGCTACC-1,5,NK_cells,,True
GTGTGAGCAGTAGGTG-1,2,T_cells_general_cd4 ambigouus,,False
GTGTGCGGTACCAGGT-1,4,Cytotoxic_T_cell,,True
GTGTGCGGTACCGAAC-1,0,Monocytes_CD14,,True
GTGTGCGGTACCGGAT-1,8,Naοve_B_cells,,True
GTGTGCGGTCGCGCAA-1,6,Memory_B_cells,,True
GTGTGCGGTTAATGAC-1,3,Naοve_CD8_T_cells,,True
GTGTGTTAGAAGGTGC-1,3,Naοve_CD8_T_cells,,True
GTGTGTTAGCTATATG-1,2,T_cells_general_cd4 ambigouus,,False
GTGTGTTAGGAACCGG-1,2,T_cells_general_cd4 ambigouus,,False
GTGTGTTAGGACAACA-1,5,NK_cells,,True
GTGTGTTAGGATAAAC-1,2,T_cells_general_cd4 ambigouus,,False
GTGTTACAGCTTATGA-1,2,T_cells_general_cd4 ambigouus,,False
GTGTTACAGGAAACTG-1,2,T_cells_general_cd4 ambigouus,,False
GTGTTACAGGCTGTGC-1,1,Naοve_CD4_T_cells_helpers,,True
GTGTTACAGGCTTAAC-1,4,Cytotoxic_T_cell,,True
GTGTTACAGTTCCTGC-1,0,Monocytes_CD14,,True
GTGTTCCTCAAACCTA-1,3,Naοve_CD8_T_cells,,True
GTGTTCCTCACGAATC-1,1,Naοve_CD4_T_cells_helpers,,True
GTGTTCCTCCCGAAGC-1,2,T_cells_general_cd4 ambigouus,,False
GTGTTCCTCTAAGTCA-1,0,Monocytes_CD14,,True
GTGTTCCTCTGTGCCT-1,2,T_cells_general_cd4 ambigouus,,False
GTTAAACGTACAAAGA-1,10,Cytotoxic_T_NK,,False
GTTAAACGTAGCCTAA-1,2,T_cells_general_cd4 ambigouus,,False
GTTAAACGTCAAGTGC-1,4,Cytotoxic_T_cell,,True
GTTAAACGTCGCAATA-1,0,Monocytes_CD14,,True
GTTAAACGTTGGTTAG-1,0,Monocytes_CD14,,True
GTTAAACGTTTCCACG-1,2,T_cells_general_cd4 ambigouus,,False
GTTAACCAGAATGACG-1,0,Monocytes_CD14,,True
GTTAACCAGAGGCTAA-1,10,Cytotoxic_T_NK,,False
GTTAACCAGCTGCACA-1,3,Naοve_CD8_T_cells,,True
GTTAACCAGGGATGAC-1,0,Monocytes_CD14,,True
GTTAACCAGGTAACGA-1,1,Naοve_CD4_T_cells_helpers,,True
GTTAACCAGGTAGCTT-1,3,Naοve_CD8_T_cells,,True
GTTAACCAGTAAGAAC-1,0,Monocytes_CD14,,True
GTTAACGGTACCTTAC-1,2,T_cells_general_cd4 ambigouus,,False
GTTAACGGTATTACCC-1,2,T_cells_general_cd4 ambigouus,,False
GTTAACGGTCATAACG-1,3,Naοve_CD8_T_cells,,True
GTTAACGGTGAGGTGA-1,8,Naοve_B_cells,,True
GTTAACGGTTAGCCAA-1,3,Naοve_CD8_T_cells,,True
GTTAACGGTTCCAGGG-1,7,Non_classical_Monocytes,,True
GTTAAGCTCATTAGGC-1,1,Naοve_CD4_T_cells_helpers,,True
GTTAAGCTCATTTGCT-1,0,Monocytes_CD14,,True
GTTAAGCTCCTGTTCA-1,3,Naοve_CD8_T_cells,,True
GTTAAGCTCCTTCAAT-1,0,Monocytes_CD14,,True
GTTAAGCTCGGGATTT-1,3,Naοve_CD8_T_cells,,True
GTTAAGCTCGTTATAG-1,6,Memory_B_cells,,True
GTTAAGCTCTCCTCAA-1,0,Monocytes_CD14,,True
GTTAAGTGTCAAAGAA-1,2,T_cells_general_cd4 ambigouus,,False
GTTAAGTGTCACTCGC-1,6,Memory_B_cells,,True
GTTAAGTGTCCGCTGT-1,1,Naοve_CD4_T_cells_helpers,,True
GTTAAGTGTCTTTATG-1,0,Monocytes_CD14,,True
GTTAAGTGTTAGGCGT-1,0,Monocytes_CD14,,True
GTTAATGTCAAACCTA-1,9,Dendritic cells,,True
GTTAATGTCGCATCCT-1,7,Non_classical_Monocytes,,True
GTTACAGGTAGGTTAT-1,2,T_cells_general_cd4 ambigouus,,False
GTTACAGGTATTGTGG-1,0,Monocytes_CD14,,True
GTTACAGGTCAATAGT-1,7,Non_classical_Monocytes,,True
GTTACAGGTGTTGTAG-1,8,Naοve_B_cells,,True
GTTACCTGTAACCAGC-1,1,Naοve_CD4_T_cells_helpers,,True
GTTACCTGTACGATTG-1,6,Memory_B_cells,,True
GTTACCTGTAGTTAAC-1,0,Monocytes_CD14,,True
GTTACCTGTATCTGGA-1,11,pDC,,False
GTTACCTGTCCGTGAG-1,3,Naοve_CD8_T_cells,,True
GTTACCTGTCTTGCAT-1,8,Naοve_B_cells,,True
GTTACCTGTGAAACAA-1,0,Monocytes_CD14,,True
GTTACCTGTGGTTATG-1,2,T_cells_general_cd4 ambigouus,,False
GTTACGCCAATTGAGA-1,1,Naοve_CD4_T_cells_helpers,,True
GTTACGCCACCTGCTC-1,7,Non_classical_Monocytes,,True
GTTACGCCAGAAATGC-1,1,Naοve_CD4_T_cells_helpers,,True
GTTACGCCAGCCAGAA-1,6,Memory_B_cells,,True
GTTACGCCAGCTAACC-1,0,Monocytes_CD14,,True
GTTACGTAGAACCTAC-1,0,Monocytes_CD14,,True
GTTACGTAGCGAAGTA-1,6,Memory_B_cells,,True
GTTACGTAGCTAGAAG-1,4,Cytotoxic_T_cell,,True
GTTACGTAGCTATATG-1,2,T_cells_general_cd4 ambigouus,,False
GTTACGTAGCTTTGGG-1,4,Cytotoxic_T_cell,,True
GTTACGTAGCTTTGTT-1,6,Memory_B_cells,,True
GTTACGTAGTGATTCA-1,0,Monocytes_CD14,,True
GTTACGTAGTTATCTC-1,1,Naοve_CD4_T_cells_helpers,,True
GTTACTAAGGCCATCA-1,3,Naοve_CD8_T_cells,,True
GTTACTCGTAATCACG-1,7,Non_classical_Monocytes,,True
GTTACTCGTACGGGTT-1,1,Naοve_CD4_T_cells_helpers,,True
GTTACTCGTCGTAAAT-1,1,Naοve_CD4_T_cells_helpers,,True
GTTACTCGTCTTTATG-1,1,Naοve_CD4_T_cells_helpers,,True
GTTACTCGTTCTTTAG-1,1,Naοve_CD4_T_cells_helpers,,True
GTTACTCGTTGCTTCG-1,0,Monocytes_CD14,,True
GTTACTCGTTTGAGGC-1,0,Monocytes_CD14,,True
GTTAGACTCCGCAAGC-1,0,Monocytes_CD14,,True
GTTAGACTCGTTAGTA-1,5,NK_cells,,True
GTTAGGCGTAAGCTTG-1,4,Cytotoxic_T_cell,,True
GTTAGGCGTAGCAGCT-1,11,pDC,,False
GTTAGGCGTGGTTCCC-1,4,Cytotoxic_T_cell,,True
GTTAGGCGTGTGCAAC-1,1,Naοve_CD4_T_cells_helpers,,True
GTTAGGCGTTGCGCGA-1,2,T_cells_general_cd4 ambigouus,,False
GTTCACCTCGGTAACT-1,1,Naοve_CD4_T_cells_helpers,,True
GTTCACCTCTAACCTT-1,1,Naοve_CD4_T_cells_helpers,,True
GTTCATTTCTTGGATA-1,1,Naοve_CD4_T_cells_helpers,,True
GTTCCCAGTCCTGATT-1,3,Naοve_CD8_T_cells,,True
GTTCCCAGTGGGTGAA-1,0,Monocytes_CD14,,True
GTTCCCAGTTACATCC-1,0,Monocytes_CD14,,True
GTTCCTGGTAACGAGG-1,8,Naοve_B_cells,,True
GTTCCTGGTCCAAGAC-1,0,Monocytes_CD14,,True
GTTCCTGGTCGCGCAA-1,2,T_cells_general_cd4 ambigouus,,False
GTTCCTGGTCGTAATG-1,0,Monocytes_CD14,,True
GTTCCTGGTCTCAGCC-1,0,Monocytes_CD14,,True
GTTCCTGGTGGATTAT-1,0,Monocytes_CD14,,True
GTTCCTGGTTAAGGCC-1,2,T_cells_general_cd4 ambigouus,,False
GTTCCTGGTTACCTGT-1,0,Monocytes_CD14,,True
GTTCCTGGTTCAAGCA-1,4,Cytotoxic_T_cell,,True
GTTCCTGGTTCACTGT-1,4,Cytotoxic_T_cell,,True
GTTCCTGGTTTACGTC-1,4,Cytotoxic_T_cell,,True
GTTCCTTCAAACTCAT-1,0,Monocytes_CD14,,True
GTTCCTTCAAATTGCT-1,0,Monocytes_CD14,,True
GTTCCTTCACAGGGAC-1,1,Naοve_CD4_T_cells_helpers,,True
GTTCCTTCAGGCTAAG-1,3,Naοve_CD8_T_cells,,True
GTTCCTTCATGAGTTT-1,1,Naοve_CD4_T_cells_helpers,,True
GTTCCTTCATTAGCCA-1,0,Monocytes_CD14,,True
GTTCGCGCAACCCTCC-1,1,Naοve_CD4_T_cells_helpers,,True
GTTCGCGCACAGGAAT-1,3,Naοve_CD8_T_cells,,True
GTTCGCGCAGGACCAA-1,2,T_cells_general_cd4 ambigouus,,False
GTTCGCGCAGTCTAGC-1,0,Monocytes_CD14,,True
GTTCGCGCATACTCCT-1,6,Memory_B_cells,,True
GTTCGCGCATCACTTC-1,2,T_cells_general_cd4 ambigouus,,False
GTTCGCTTCACGCATG-1,6,Memory_B_cells,,True
GTTCGCTTCAGTTCCC-1,3,Naοve_CD8_T_cells,,True
GTTCGCTTCATTAGGC-1,0,Monocytes_CD14,,True
GTTCGCTTCCAGGAAA-1,0,Monocytes_CD14,,True
GTTCGCTTCCCGCATT-1,1,Naοve_CD4_T_cells_helpers,,True
GTTCGCTTCCCTCATA-1,9,Dendritic cells,,True
GTTCGCTTCCGTTAAA-1,0,Monocytes_CD14,,True
GTTCGCTTCCTCATCA-1,3,Naοve_CD8_T_cells,,True
GTTCGCTTCGAGGAAC-1,4,Cytotoxic_T_cell,,True
GTTCGCTTCTCACTCA-1,0,Monocytes_CD14,,True
GTTCGCTTCTTAAGTG-1,2,T_cells_general_cd4 ambigouus,,False
GTTCTCATCAATGACC-1,5,NK_cells,,True
GTTCTCATCACGCCAA-1,1,Naοve_CD4_T_cells_helpers,,True
GTTCTCATCACGTTAA-1,3,Naοve_CD8_T_cells,,True
GTTCTCATCCTCACTA-1,1,Naοve_CD4_T_cells_helpers,,True
GTTCTCATCCTCATCA-1,0,Monocytes_CD14,,True
GTTCTCATCCTTAAGA-1,4,Cytotoxic_T_cell,,True
GTTCTCATCGGTAACT-1,7,Non_classical_Monocytes,,True
GTTCTCATCGTTCACC-1,4,Cytotoxic_T_cell,,True
GTTCTCATCTACCTCA-1,0,Monocytes_CD14,,True
GTTCTCATCTCCATAT-1,1,Naοve_CD4_T_cells_helpers,,True
GTTCTTAGTACCTTAC-1,0,Monocytes_CD14,,True
GTTCTTAGTTCACCCA-1,7,Non_classical_Monocytes,,True
GTTCTTAGTTGGCGTG-1,0,Monocytes_CD14,,True
GTTCTTAGTTGTAAAC-1,2,T_cells_general_cd4 ambigouus,,False
GTTCTTGTCACGAATC-1,2,T_cells_general_cd4 ambigouus,,False
GTTCTTGTCACTAAGC-1,3,Naοve_CD8_T_cells,,True
GTTCTTGTCAGAAACG-1,1,Naοve_CD4_T_cells_helpers,,True
GTTCTTGTCATTGCGG-1,0,Monocytes_CD14,,True
GTTCTTGTCCCGCAAA-1,0,Monocytes_CD14,,True
GTTCTTGTCCCTCACG-1,3,Naοve_CD8_T_cells,,True
GTTCTTGTCTGGCATG-1,3,Naοve_CD8_T_cells,,True
GTTCTTGTCTTGACCC-1,9,Dendritic cells,,True
GTTGCATAGCAGCTAT-1,0,Monocytes_CD14,,True
GTTGCATAGCGTGCGT-1,2,T_cells_general_cd4 ambigouus,,False
GTTGCCCGTAGTTAAC-1,0,Monocytes_CD14,,True
GTTGCCCGTCACAAAT-1,2,T_cells_general_cd4 ambigouus,,False
GTTGCCCGTCCTTTAA-1,4,Cytotoxic_T_cell,,True
GTTGCCCGTCGTAATG-1,3,Naοve_CD8_T_cells,,True
GTTGCCCGTTACAAAC-1,8,Naοve_B_cells,,True
GTTGCCCGTTACTTGC-1,3,Naοve_CD8_T_cells,,True
GTTGCCCGTTCGGTAA-1,1,Naοve_CD4_T_cells_helpers,,True
GTTGCCCGTTTCCTCC-1,6,Memory_B_cells,,True
GTTGCGGGTAGGTTTG-1,5,NK_cells,,True
GTTGCGGGTGAGCAAG-1,4,Cytotoxic_T_cell,,True
GTTGCGGGTGCTCACC-1,2,T_cells_general_cd4 ambigouus,,False
GTTGCGGGTTGCACGG-1,0,Monocytes_CD14,,True
GTTGCTGAGATAAAGC-1,1,Naοve_CD4_T_cells_helpers,,True
GTTGCTGAGCGAGGTG-1,1,Naοve_CD4_T_cells_helpers,,True
GTTGCTGAGTTTGGTA-1,0,Monocytes_CD14,,True
GTTGGAGCACGAACAG-1,3,Naοve_CD8_T_cells,,True
GTTGGAGCAGCAAGAT-1,1,Naοve_CD4_T_cells_helpers,,True
GTTGGAGCAGCAAGGC-1,1,Naοve_CD4_T_cells_helpers,,True
GTTGGAGCATTGTGAT-1,4,Cytotoxic_T_cell,,True
GTTGGCCAGCGTGCGT-1,0,Monocytes_CD14,,True
GTTGGCCAGCTGCACA-1,9,Dendritic cells,,True
GTTGGCCAGCTGGACC-1,0,Monocytes_CD14,,True
GTTGGCCAGCTTAGTA-1,2,T_cells_general_cd4 ambigouus,,False
GTTGGCCAGGCTACAT-1,2,T_cells_general_cd4 ambigouus,,False
GTTGGCGGTAAATTGC-1,2,T_cells_general_cd4 ambigouus,,False
GTTGGCGGTAGTCAAT-1,0,Monocytes_CD14,,True
GTTGGCGGTATTACCC-1,2,T_cells_general_cd4 ambigouus,,False
GTTGGCGGTATTGAGT-1,5,NK_cells,,True
GTTGGCGGTGCTAGAC-1,2,T_cells_general_cd4 ambigouus,,False
GTTGGCGGTGGTTCCC-1,0,Monocytes_CD14,,True
GTTGGCGGTTAGCCAA-1,0,Monocytes_CD14,,True
GTTGGCGGTTCAAGCA-1,1,Naοve_CD4_T_cells_helpers,,True
GTTGGCGGTTCATCTA-1,6,Memory_B_cells,,True
GTTGGCGGTTGGTTGA-1,4,Cytotoxic_T_cell,,True
GTTGTGAGTCACGAAC-1,3,Naοve_CD8_T_cells,,True
GTTGTGAGTTTCCTCC-1,7,Non_classical_Monocytes,,True
GTTGTGAGTTTGCGCC-1,7,Non_classical_Monocytes,,True
GTTGTTGCAGCAACCT-1,4,Cytotoxic_T_cell,,True
GTTGTTGCATCAGTAT-1,3,Naοve_CD8_T_cells,,True
GTTTAACCAAAGCGGC-1,1,Naοve_CD4_T_cells_helpers,,True
GTTTAACCAATTGAGA-1,3,Naοve_CD8_T_cells,,True
GTTTAACCAGGCTAGA-1,4,Cytotoxic_T_cell,,True
GTTTAACCAGTAAGTA-1,2,T_cells_general_cd4 ambigouus,,False
GTTTAACCAGTCTAAT-1,5,NK_cells,,True
GTTTAACCATAATGAG-1,3,Naοve_CD8_T_cells,,True
GTTTACCGTGAGCAAG-1,0,Monocytes_CD14,,True
GTTTAGCAGATGCCTG-1,3,Naοve_CD8_T_cells,,True
GTTTAGCAGGAGTCTT-1,0,Monocytes_CD14,,True
GTTTAGCAGGGATTAG-1,1,Naοve_CD4_T_cells_helpers,,True
GTTTAGCAGTAAACCC-1,1,Naοve_CD4_T_cells_helpers,,True
GTTTAGCAGTATTGGC-1,2,T_cells_general_cd4 ambigouus,,False
GTTTAGCAGTTCCTCA-1,1,Naοve_CD4_T_cells_helpers,,True
GTTTATCTCAATGTCA-1,2,T_cells_general_cd4 ambigouus,,False
GTTTATCTCTACCTGC-1,2,T_cells_general_cd4 ambigouus,,False
GTTTATCTCTTAATGG-1,0,Monocytes_CD14,,True
GTTTCAGCAAAGCCTC-1,0,Monocytes_CD14,,True
GTTTCAGCAACCTGGT-1,2,T_cells_general_cd4 ambigouus,,False
GTTTCAGCAATCTCTC-1,2,T_cells_general_cd4 ambigouus,,False
GTTTCAGCACAGGGAC-1,0,Monocytes_CD14,,True
GTTTCAGCAGGTATTT-1,4,Cytotoxic_T_cell,,True
GTTTCAGCATGGCCCA-1,3,Naοve_CD8_T_cells,,True
GTTTCAGCATTGCGAC-1,0,Monocytes_CD14,,True
GTTTCCTCAACATAAG-1,0,Monocytes_CD14,,True
GTTTCCTCAATAGCCC-1,0,Monocytes_CD14,,True
GTTTCCTCAATGAATG-1,9,Dendritic cells,,True
GTTTCCTCACAACAAA-1,1,Naοve_CD4_T_cells_helpers,,True
GTTTCCTCACATACTG-1,4,Cytotoxic_T_cell,,True
GTTTCCTCAGGCTAAG-1,0,Monocytes_CD14,,True
GTTTCCTCATGGCCTG-1,3,Naοve_CD8_T_cells,,True
GTTTCTAGTCAAAGGG-1,2,T_cells_general_cd4 ambigouus,,False
GTTTCTAGTCACAAAT-1,0,Monocytes_CD14,,True
GTTTCTAGTCACCAAA-1,0,Monocytes_CD14,,True
GTTTCTAGTCATGAGC-1,8,Naοve_B_cells,,True
GTTTCTAGTGAATCGC-1,2,T_cells_general_cd4 ambigouus,,False
GTTTCTAGTGATCAGC-1,2,T_cells_general_cd4 ambigouus,,False
GTTTCTAGTGTGCAAC-1,3,Naοve_CD8_T_cells,,True
GTTTCTAGTTAACGAT-1,2,T_cells_general_cd4 ambigouus,,False
GTTTCTAGTTAATGCG-1,1,Naοve_CD4_T_cells_helpers,,True
GTTTCTAGTTAGTTGG-1,0,Monocytes_CD14,,True
GTTTCTAGTTGCAGTA-1,3,Naοve_CD8_T_cells,,True
GTTTGCTGTCAAGTGC-1,0,Monocytes_CD14,,True
GTTTGCTGTCTTGCAT-1,5,NK_cells,,True
GTTTGCTGTGGAAGGC-1,1,Naοve_CD4_T_cells_helpers,,True
GTTTGCTGTGGACATC-1,3,Naοve_CD8_T_cells,,True
GTTTGCTGTGTTCCCA-1,5,NK_cells,,True
GTTTGCTGTTACCGGG-1,0,Monocytes_CD14,,True
GTTTGTAAGTTACTTC-1,3,Naοve_CD8_T_cells,,True
GTTTGTAAGTTTGAGC-1,0,Monocytes_CD14,,True
GTTTGTCGTGATGAGG-1,8,Naοve_B_cells,,True
GTTTGTCGTGTGCACG-1,9,Dendritic cells,,True
GTTTGTCGTTAGGCGT-1,5,NK_cells,,True
GTTTGTCGTTCACCAT-1,0,Monocytes_CD14,,True
GTTTGTCGTTCATTTG-1,2,T_cells_general_cd4 ambigouus,,False
GTTTGTTTCATGGCCA-1,3,Naοve_CD8_T_cells,,True
GTTTGTTTCATTAGGC-1,9,Dendritic cells,,True
GTTTGTTTCCCTGATC-1,5,NK_cells,,True
GTTTGTTTCCGGTATG-1,3,Naοve_CD8_T_cells,,True
GTTTGTTTCCTGGTGA-1,1,Naοve_CD4_T_cells_helpers,,True
GTTTGTTTCTACCTGC-1,4,Cytotoxic_T_cell,,True
GTTTGTTTCTGCAACG-1,0,Monocytes_CD14,,True
TAAACAGCAACCCTAA-1,2,T_cells_general_cd4 ambigouus,,False
TAAACAGCACCTAATG-1,1,Naοve_CD4_T_cells_helpers,,True
TAAACAGCACCTGCCT-1,2,T_cells_general_cd4 ambigouus,,False
TAAACAGCACTTCACT-1,6,Memory_B_cells,,True
TAAACAGCAGGATAAC-1,1,Naοve_CD4_T_cells_helpers,,True
TAAACAGCAGTAATAG-1,0,Monocytes_CD14,,True
TAAAGCCTCAATCATG-1,0,Monocytes_CD14,,True
TAAAGCCTCCCGCAAA-1,4,Cytotoxic_T_cell,,True
TAAAGCCTCCGTAAAC-1,1,Naοve_CD4_T_cells_helpers,,True
TAAAGCCTCGAGCTAT-1,7,Non_classical_Monocytes,,True
TAAAGCCTCTAAATCG-1,1,Naοve_CD4_T_cells_helpers,,True
TAACAAGCAAACTGTT-1,0,Monocytes_CD14,,True
TAACAAGCAATAGTCT-1,2,T_cells_general_cd4 ambigouus,,False
TAACAAGCACAGGGAC-1,1,Naοve_CD4_T_cells_helpers,,True
TAACAAGCACTTCATC-1,3,Naοve_CD8_T_cells,,True
TAACAAGCAGGCTAAG-1,1,Naοve_CD4_T_cells_helpers,,True
TAACAAGCATATTGAC-1,0,Monocytes_CD14,,True
TAACCAGGTATTGGTG-1,7,Non_classical_Monocytes,,True
TAACCAGGTTTGCAGA-1,0,Monocytes_CD14,,True
TAACCGGTCAAGGACA-1,1,Naοve_CD4_T_cells_helpers,,True
TAACCGGTCAATCTCT-1,3,Naοve_CD8_T_cells,,True
TAACCGGTCCTTCTAG-1,1,Naοve_CD4_T_cells_helpers,,True
TAACCGGTCGCTAAAC-1,0,Monocytes_CD14,,True
TAACCGGTCGGCTATG-1,2,T_cells_general_cd4 ambigouus,,False
TAACCGGTCGGTCAAT-1,2,T_cells_general_cd4 ambigouus,,False
TAACCGGTCTGGCATG-1,1,Naοve_CD4_T_cells_helpers,,True
TAACCTAAGCAACATC-1,3,Naοve_CD8_T_cells,,True
TAACCTAAGCTCCTTA-1,0,Monocytes_CD14,,True
TAACCTAAGTCACTCC-1,7,Non_classical_Monocytes,,True
TAACCTAAGTCCTTCA-1,1,Naοve_CD4_T_cells_helpers,,True
TAAGCCAGTAATGGAA-1,2,T_cells_general_cd4 ambigouus,,False
TAAGCCAGTACCGAAC-1,2,T_cells_general_cd4 ambigouus,,False
TAAGCCAGTGATGAAA-1,0,Monocytes_CD14,,True
TAAGCCAGTGATTACG-1,2,T_cells_general_cd4 ambigouus,,False
TAAGCCAGTGCCGCAA-1,3,Naοve_CD8_T_cells,,True
TAAGCCAGTGCTCCAC-1,4,Cytotoxic_T_cell,,True
TAAGCCAGTGGTGAGA-1,1,Naοve_CD4_T_cells_helpers,,True
TAAGCCAGTTGCTTCG-1,0,Monocytes_CD14,,True
TAAGCCTAGACAGGTA-1,3,Naοve_CD8_T_cells,,True
TAAGCCTAGCGGGCAA-1,4,Cytotoxic_T_cell,,True
TAAGCCTAGCTGGCTA-1,0,Monocytes_CD14,,True
TAAGCCTAGGCTACTG-1,5,NK_cells,,True
TAAGCCTAGTCACTAA-1,1,Naοve_CD4_T_cells_helpers,,True
TAAGCCTAGTTGGCCA-1,2,T_cells_general_cd4 ambigouus,,False
TAAGCTATCAAGCCTG-1,3,Naοve_CD8_T_cells,,True
TAAGCTATCAGCACCA-1,0,Monocytes_CD14,,True
TAAGCTATCGAGCTAT-1,1,Naοve_CD4_T_cells_helpers,,True
TAAGCTATCGCCTAAG-1,4,Cytotoxic_T_cell,,True
TAAGCTATCGCTAGCA-1,3,Naοve_CD8_T_cells,,True
TAAGCTATCGCTCCAT-1,0,Monocytes_CD14,,True
TAAGCTGGTCAATAGT-1,2,T_cells_general_cd4 ambigouus,,False
TAAGCTGGTTTATTCG-1,0,Monocytes_CD14,,True
TAAGGACCAACTAGAA-1,8,Naοve_B_cells,,True
TAAGGACCAATTGCGC-1,2,T_cells_general_cd4 ambigouus,,False
TAAGGACCACTTGTTC-1,7,Non_classical_Monocytes,,True
TAAGGACCAGGATTAA-1,1,Naοve_CD4_T_cells_helpers,,True
TAAGGACCATGCTATG-1,0,Monocytes_CD14,,True
TAAGGCTTCGTTCACC-1,2,T_cells_general_cd4 ambigouus,,False
TAAGGCTTCTGGCTTC-1,1,Naοve_CD4_T_cells_helpers,,True
TAAGTAGCAAGGAATC-1,3,Naοve_CD8_T_cells,,True
TAAGTAGCAATATACC-1,0,Monocytes_CD14,,True
TAAGTAGCAATTTAGC-1,3,Naοve_CD8_T_cells,,True
TAAGTAGCAGAAATGC-1,1,Naοve_CD4_T_cells_helpers,,True
TAAGTAGCAGGCATCT-1,3,Naοve_CD8_T_cells,,True
TAAGTAGCATAGGCGA-1,3,Naοve_CD8_T_cells,,True
TAAGTAGCATCCCTCA-1,0,Monocytes_CD14,,True
TAAGTAGCATTGACAT-1,0,Monocytes_CD14,,True
TAAGTAGCATTGTCCT-1,2,T_cells_general_cd4 ambigouus,,False
TAAGTGCTCAAACACC-1,3,Naοve_CD8_T_cells,,True
TAAGTGCTCACGTTAA-1,1,Naοve_CD4_T_cells_helpers,,True
TAAGTGCTCCGCAAAT-1,5,NK_cells,,True
TAAGTGCTCCTTGCAC-1,1,Naοve_CD4_T_cells_helpers,,True
TAAGTGCTCGCGACAC-1,1,Naοve_CD4_T_cells_helpers,,True
TAAGTGCTCGGGACCT-1,0,Monocytes_CD14,,True
TAAGTGCTCGTTTCTG-1,1,Naοve_CD4_T_cells_helpers,,True
TAATCACCAAACTGTT-1,1,Naοve_CD4_T_cells_helpers,,True
TAATCACCAAGCCAGA-1,0,Monocytes_CD14,,True
TAATCACCAATAATGG-1,0,Monocytes_CD14,,True
TAATCACCAATTGAGA-1,5,NK_cells,,True
TAATCACCACCCACCT-1,3,Naοve_CD8_T_cells,,True
TAATCACCACTCGCTC-1,0,Monocytes_CD14,,True
TAATCACCAGAGAGCC-1,0,Monocytes_CD14,,True
TAATCACCAGCAATAA-1,5,NK_cells,,True
TAATCACCAGTACCGT-1,1,Naοve_CD4_T_cells_helpers,,True
TAATCACCATACTCCT-1,7,Non_classical_Monocytes,,True
TAATCACCATCAGTAT-1,11,pDC,,False
TAATCCGCAAACGGGC-1,0,Monocytes_CD14,,True
TAATCCGCAGCAACCT-1,4,Cytotoxic_T_cell,,True
TAATCCGCAGTAGGAT-1,0,Monocytes_CD14,,True
TAATCCGCATGTGGGA-1,5,NK_cells,,True
TAATCCGCATTGACAT-1,2,T_cells_general_cd4 ambigouus,,False
TAATGCATCAATGTGC-1,2,T_cells_general_cd4 ambigouus,,False
TAATGCATCAATTACG-1,8,Naοve_B_cells,,True
TAATGCATCACCAATA-1,0,Monocytes_CD14,,True
TAATGCATCCAGCACA-1,0,Monocytes_CD14,,True
TAATGCATCCGCAACA-1,1,Naοve_CD4_T_cells_helpers,,True
TAATGCATCGGTTCCT-1,0,Monocytes_CD14,,True
TAATGCATCGTTTCCA-1,3,Naοve_CD8_T_cells,,True
TAATGCATCTAAGTGC-1,0,Monocytes_CD14,,True
TAATGCATCTCAATTC-1,1,Naοve_CD4_T_cells_helpers,,True
TAATGCATCTCCTCAA-1,4,Cytotoxic_T_cell,,True
TAATGCATCTCCTCTT-1,7,Non_classical_Monocytes,,True
TAATGCATCTTAATGG-1,1,Naοve_CD4_T_cells_helpers,,True
TAATGGACACCTGCCT-1,12,Stress_response,,False
TAATGGACATAGCAGG-1,0,Monocytes_CD14,,True
TAATGGTGTAACAGGG-1,0,Monocytes_CD14,,True
TAATGGTGTATGGTGC-1,8,Naοve_B_cells,,True
TAATGGTGTCAATAGT-1,0,Monocytes_CD14,,True
TAATGGTGTGTTTGTC-1,0,Monocytes_CD14,,True
TAATGGTGTTCAAGCA-1,3,Naοve_CD8_T_cells,,True
TAATGGTGTTCGGGAT-1,1,Naοve_CD4_T_cells_helpers,,True
TAATTGCCAAATGCCC-1,11,pDC,,False
TAATTGCCAACTAACT-1,1,Naοve_CD4_T_cells_helpers,,True
TAATTGCCAAGGTCCT-1,6,Memory_B_cells,,True
TAATTGCCAAGTTATC-1,2,T_cells_general_cd4 ambigouus,,False
TAATTGCCACCGGTAT-1,5,NK_cells,,True
TAATTGCCATAGGCGA-1,2,T_cells_general_cd4 ambigouus,,False
TAATTGCCATGATTGT-1,1,Naοve_CD4_T_cells_helpers,,True
TAATTGCCATGTCAAT-1,4,Cytotoxic_T_cell,,True
TACAACATCACAGACT-1,5,NK_cells,,True
TACAACATCATAATCG-1,1,Naοve_CD4_T_cells_helpers,,True
TACAACATCATTGCAA-1,6,Memory_B_cells,,True
TACAACATCCCTCAGT-1,3,Naοve_CD8_T_cells,,True
TACAACATCCCTGTTA-1,10,Cytotoxic_T_NK,,False
TACAACATCTACCTCA-1,0,Monocytes_CD14,,True
TACAACATCTACTAAG-1,4,Cytotoxic_T_cell,,True
TACAAGCTCGAAGTGA-1,4,Cytotoxic_T_cell,,True
TACAAGCTCTTGGATA-1,3,Naοve_CD8_T_cells,,True
TACAATGTCACCTGCT-1,0,Monocytes_CD14,,True
TACAATGTCTATGACA-1,3,Naοve_CD8_T_cells,,True
TACAGCTAGCAGGTGG-1,1,Naοve_CD4_T_cells_helpers,,True
TACAGCTAGGCAAGTA-1,2,T_cells_general_cd4 ambigouus,,False
TACAGCTAGTGTGATC-1,1,Naοve_CD4_T_cells_helpers,,True
TACAGGTTCATGGCTG-1,1,Naοve_CD4_T_cells_helpers,,True
TACAGGTTCCCGAAGC-1,1,Naοve_CD4_T_cells_helpers,,True
TACAGGTTCCCGTTGT-1,3,Naοve_CD8_T_cells,,True
TACAGGTTCGCAATCG-1,0,Monocytes_CD14,,True
TACAGGTTCGTGCCTT-1,3,Naοve_CD8_T_cells,,True
TACAGGTTCTAGCGTG-1,2,T_cells_general_cd4 ambigouus,,False
TACAGGTTCTGTTGCC-1,2,T_cells_general_cd4 ambigouus,,False
TACATCAAGACTCGCA-1,1,Naοve_CD4_T_cells_helpers,,True
TACATCAAGCGTGCAC-1,7,Non_classical_Monocytes,,True
TACATCAAGCTGAGGG-1,9,Dendritic cells,,True
TACATCAAGCTTAACA-1,2,T_cells_general_cd4 ambigouus,,False
TACATCAAGGAACGGT-1,6,Memory_B_cells,,True
TACATCAAGGAGGTTA-1,0,Monocytes_CD14,,True
TACATCAAGGATGATG-1,0,Monocytes_CD14,,True
TACATCAAGGTACCGC-1,3,Naοve_CD8_T_cells,,True
TACATCAAGTAACCCG-1,3,Naοve_CD8_T_cells,,True
TACATCAAGTGAACGA-1,0,Monocytes_CD14,,True
TACCAAATCGTTTCTG-1,0,Monocytes_CD14,,True
TACCAAATCTAAGTGC-1,1,Naοve_CD4_T_cells_helpers,,True
TACCAGGTCAATCATG-1,7,Non_classical_Monocytes,,True
TACCAGGTCAGGAAGC-1,2,T_cells_general_cd4 ambigouus,,False
TACCAGGTCATGGCCA-1,2,T_cells_general_cd4 ambigouus,,False
TACCAGGTCCCGCCTA-1,1,Naοve_CD4_T_cells_helpers,,True
TACCAGGTCCTGATGG-1,2,T_cells_general_cd4 ambigouus,,False
TACCAGGTCCTGGCTT-1,3,Naοve_CD8_T_cells,,True
TACCAGGTCTGCAACG-1,0,Monocytes_CD14,,True
TACCCGGCACACCAAC-1,5,NK_cells,,True
TACCCGGCACAGAACG-1,3,Naοve_CD8_T_cells,,True
TACCCGGCATTGCGTA-1,2,T_cells_general_cd4 ambigouus,,False
TACCGAAGTAACCACA-1,1,Naοve_CD4_T_cells_helpers,,True
TACCGAAGTAACGAGG-1,0,Monocytes_CD14,,True
TACCGAAGTGACCTGG-1,0,Monocytes_CD14,,True
TACCGAAGTGCCGCAA-1,9,Dendritic cells,,True
TACCGAAGTTAGGCTA-1,12,Stress_response,,False
TACCGAAGTTTGTCTA-1,2,T_cells_general_cd4 ambigouus,,False
TACCGCAAGGGACTAA-1,3,Naοve_CD8_T_cells,,True
TACCGCAAGGTAAGCA-1,4,Cytotoxic_T_cell,,True
TACCGCAAGTCAATTG-1,2,T_cells_general_cd4 ambigouus,,False
TACCGTTGTACTAAAC-1,0,Monocytes_CD14,,True
TACCGTTGTGTCCAAA-1,1,Naοve_CD4_T_cells_helpers,,True
TACCGTTGTGTTAGCA-1,1,Naοve_CD4_T_cells_helpers,,True
TACCGTTGTTAGTGAT-1,2,T_cells_general_cd4 ambigouus,,False
TACCGTTGTTCCTGAT-1,0,Monocytes_CD14,,True
TACCGTTGTTCGCGCT-1,4,Cytotoxic_T_cell,,True
TACCGTTGTTGTTGGA-1,2,T_cells_general_cd4 ambigouus,,False
TACCTCATCAAACACC-1,0,Monocytes_CD14,,True
TACCTCATCCACCCTG-1,4,Cytotoxic_T_cell,,True
TACCTCATCCCGCCTA-1,0,Monocytes_CD14,,True
TACCTCATCTCCATAT-1,0,Monocytes_CD14,,True
TACCTCATCTCTAGCC-1,3,Naοve_CD8_T_cells,,True
TACCTCATCTGTTGCC-1,5,NK_cells,,True
TACCTGCTCATTATGG-1,8,Naοve_B_cells,,True
TACCTGCTCCGGTTGA-1,1,Naοve_CD4_T_cells_helpers,,True
TACCTGCTCCGTCCAT-1,9,Dendritic cells,,True
TACCTGCTCCTAATAG-1,5,NK_cells,,True
TACCTGCTCTAGCGTG-1,11,pDC,,False
TACCTTAGTGGACCTG-1,13,Plasma_cells,,False
TACCTTAGTGTCCAGG-1,5,NK_cells,,True
TACCTTTAGCAGCTAT-1,4,Cytotoxic_T_cell,,True
TACCTTTAGCCTAATA-1,11,pDC,,False
TACCTTTAGGATAAAC-1,0,Monocytes_CD14,,True
TACCTTTAGGCGCACT-1,0,Monocytes_CD14,,True
TACGCACCAAAGCCTC-1,7,Non_classical_Monocytes,,True
TACGCACCAGAACCGA-1,4,Cytotoxic_T_cell,,True
TACGCACCAGGGAGCT-1,9,Dendritic cells,,True
TACGCACCATAAGTTC-1,2,T_cells_general_cd4 ambigouus,,False
TACGCACCATAGCTGC-1,0,Monocytes_CD14,,True
TACGCTTGTACCTTAC-1,1,Naοve_CD4_T_cells_helpers,,True
TACGCTTGTACGCGCA-1,10,Cytotoxic_T_NK,,False
TACGCTTGTGCATTAG-1,2,T_cells_general_cd4 ambigouus,,False
TACGCTTGTTAGTTGG-1,1,Naοve_CD4_T_cells_helpers,,True
TACGCTTGTTCTTTAG-1,3,Naοve_CD8_T_cells,,True
TACGCTTGTTTCGCCA-1,9,Dendritic cells,,True
TACGGATTCCATTACT-1,2,T_cells_general_cd4 ambigouus,,False
TACGGATTCCCTGGAA-1,3,Naοve_CD8_T_cells,,True
TACGGATTCTTGAGGT-1,5,NK_cells,,True
TACGGTTAGAGAAGGG-1,2,T_cells_general_cd4 ambigouus,,False
TACGGTTAGGATAAAC-1,0,Monocytes_CD14,,True
TACGGTTAGGCGCTTA-1,1,Naοve_CD4_T_cells_helpers,,True
TACGGTTAGTTATTCC-1,5,NK_cells,,True
TACGTAATCGCTTCTA-1,3,Naοve_CD8_T_cells,,True
TACGTAATCTAAGGTC-1,3,Naοve_CD8_T_cells,,True
TACGTACAGCTTACTT-1,2,T_cells_general_cd4 ambigouus,,False
TACGTACAGGTACCGC-1,7,Non_classical_Monocytes,,True
TACGTACAGTATGTGC-1,3,Naοve_CD8_T_cells,,True
TACGTACAGTTAGAGG-1,3,Naοve_CD8_T_cells,,True
TACGTTAAGGTCCGTA-1,1,Naοve_CD4_T_cells_helpers,,True
TACGTTAAGGTTAGCT-1,0,Monocytes_CD14,,True
TACTAAGTCAGGTTTA-1,1,Naοve_CD4_T_cells_helpers,,True
TACTAAGTCATGGCCA-1,2,T_cells_general_cd4 ambigouus,,False
TACTCAAAGCACAGAA-1,0,Monocytes_CD14,,True
TACTCAAAGTAAAGGT-1,3,Naοve_CD8_T_cells,,True
TACTCAAAGTAGCGGG-1,1,Naοve_CD4_T_cells_helpers,,True
TACTCAAAGTGCACGC-1,5,NK_cells,,True
TACTCGCTCGTGCTTC-1,2,T_cells_general_cd4 ambigouus,,False
TACTCGCTCGTTTCTG-1,1,Naοve_CD4_T_cells_helpers,,True
TACTGACAGCTGAGGG-1,5,NK_cells,,True
TACTGACAGTATCGCG-1,3,Naοve_CD8_T_cells,,True
TACTGAGGTACAAAGA-1,3,Naοve_CD8_T_cells,,True
TACTGAGGTCAATACG-1,2,T_cells_general_cd4 ambigouus,,False
TACTGAGGTGAGCGAA-1,8,Naοve_B_cells,,True
TACTGAGGTGCATCGG-1,2,T_cells_general_cd4 ambigouus,,False
TACTGAGGTGTGCAAC-1,0,Monocytes_CD14,,True
TACTGAGGTTAACAGT-1,4,Cytotoxic_T_cell,,True
TACTGAGGTTCCTGAT-1,0,Monocytes_CD14,,True
TACTGCACAAGGATTA-1,4,Cytotoxic_T_cell,,True
TACTGCACAATATAGG-1,3,Naοve_CD8_T_cells,,True
TACTGCACACCTGCCT-1,0,Monocytes_CD14,,True
TACTGCACAGCTTACA-1,3,Naοve_CD8_T_cells,,True
TACTGGCCACCTGCTC-1,2,T_cells_general_cd4 ambigouus,,False
TACTGGCCAGCATGTC-1,0,Monocytes_CD14,,True
TACTGGCCAGGCTTGT-1,0,Monocytes_CD14,,True
TACTGGCCATAATCGT-1,0,Monocytes_CD14,,True
TACTGGCCATAGCTGC-1,2,T_cells_general_cd4 ambigouus,,False
TACTGGCCATGAAGTA-1,4,Cytotoxic_T_cell,,True
TACTGGCCATTGTCAG-1,0,Monocytes_CD14,,True
TACTTCGTCACTCAAA-1,3,Naοve_CD8_T_cells,,True
TACTTCGTCATAAGCC-1,10,Cytotoxic_T_NK,,False
TACTTCGTCATGACCG-1,0,Monocytes_CD14,,True
TACTTCGTCATTGACA-1,0,Monocytes_CD14,,True
TACTTCGTCCGGTATG-1,3,Naοve_CD8_T_cells,,True
TACTTCGTCTCTAGCC-1,0,Monocytes_CD14,,True
TACTTGTTCGTCATTT-1,1,Naοve_CD4_T_cells_helpers,,True
TACTTGTTCTAGCGTG-1,1,Naοve_CD4_T_cells_helpers,,True
TAGACCAGTACCTTAC-1,6,Memory_B_cells,,True
TAGACCAGTATTGAGT-1,9,Dendritic cells,,True
TAGACCAGTCTTTATG-1,0,Monocytes_CD14,,True
TAGACCAGTGGACATC-1,6,Memory_B_cells,,True
TAGACCAGTTAACACG-1,0,Monocytes_CD14,,True
TAGACCAGTTAGTGAT-1,7,Non_classical_Monocytes,,True
TAGACCAGTTTAACCC-1,7,Non_classical_Monocytes,,True
TAGACCAGTTTCCTCC-1,8,Naοve_B_cells,,True
TAGACCAGTTTGCAGA-1,3,Naοve_CD8_T_cells,,True
TAGAGCCGTGCATCGG-1,3,Naοve_CD8_T_cells,,True
TAGAGCCGTGTTAAAC-1,2,T_cells_general_cd4 ambigouus,,False
TAGAGCCGTTAGAGCC-1,0,Monocytes_CD14,,True
TAGAGCCGTTAGGTTG-1,0,Monocytes_CD14,,True
TAGCAGGCAACCCTAA-1,5,NK_cells,,True
TAGCAGGCAACTCGCG-1,0,Monocytes_CD14,,True
TAGCAGGCAATCCCTT-1,2,T_cells_general_cd4 ambigouus,,False
TAGCAGGCAATCCTAG-1,2,T_cells_general_cd4 ambigouus,,False
TAGCAGGCAGGCGATA-1,7,Non_classical_Monocytes,,True
TAGCATATCCGTTAAA-1,1,Naοve_CD4_T_cells_helpers,,True
TAGCATATCTCACACC-1,6,Memory_B_cells,,True
TAGCATATCTTAGCCC-1,0,Monocytes_CD14,,True
TAGCCGGGTCGACTAA-1,1,Naοve_CD4_T_cells_helpers,,True
TAGCCGGGTCTTTATG-1,2,T_cells_general_cd4 ambigouus,,False
TAGCCGGGTGAATCGC-1,2,T_cells_general_cd4 ambigouus,,False
TAGCCGGGTGATTACG-1,6,Memory_B_cells,,True
TAGCCGGGTGTTTCAC-1,1,Naοve_CD4_T_cells_helpers,,True
TAGCCGGGTTATCGAG-1,0,Monocytes_CD14,,True
TAGCCTCTCAAGTGTC-1,13,Plasma_cells,,False
TAGCCTCTCATCCACC-1,4,Cytotoxic_T_cell,,True
TAGCCTCTCATCCTCA-1,4,Cytotoxic_T_cell,,True
TAGCCTCTCATTAGCA-1,1,Naοve_CD4_T_cells_helpers,,True
TAGCCTCTCATTAGTG-1,0,Monocytes_CD14,,True
TAGCCTCTCCACCTGT-1,1,Naοve_CD4_T_cells_helpers,,True
TAGCCTCTCCGCAACA-1,3,Naοve_CD8_T_cells,,True
TAGCCTCTCCTCCCTC-1,0,Monocytes_CD14,,True
TAGCCTCTCGATTTGA-1,1,Naοve_CD4_T_cells_helpers,,True
TAGCCTCTCTTAGCGG-1,4,Cytotoxic_T_cell,,True
TAGCCTGAGACAGGCG-1,2,T_cells_general_cd4 ambigouus,,False
TAGCCTGAGCAAACCT-1,0,Monocytes_CD14,,True
TAGCCTGAGCATTTCT-1,4,Cytotoxic_T_cell,,True
TAGCCTGAGGCTAAGA-1,0,Monocytes_CD14,,True
TAGCCTGAGGGTCCAC-1,0,Monocytes_CD14,,True
TAGCCTGAGGTCTTGG-1,4,Cytotoxic_T_cell,,True
TAGCCTTGTAGCTGGT-1,1,Naοve_CD4_T_cells_helpers,,True
TAGCCTTGTGCTAGAC-1,1,Naοve_CD4_T_cells_helpers,,True
TAGCCTTGTGTGCACG-1,5,NK_cells,,True
TAGCCTTGTTACCTGT-1,5,NK_cells,,True
TAGCCTTGTTGAGGTC-1,0,Monocytes_CD14,,True
TAGCCTTGTTTGCGCC-1,2,T_cells_general_cd4 ambigouus,,False
TAGCGCGGTCATCCTG-1,4,Cytotoxic_T_cell,,True
TAGCGCGGTCCTAAGA-1,3,Naοve_CD8_T_cells,,True
TAGCGCGGTCGTTATC-1,9,Dendritic cells,,True
TAGCGCGGTGATTACG-1,5,NK_cells,,True
TAGCGGACAAATGCCC-1,0,Monocytes_CD14,,True
TAGCGGACAACAGGAT-1,5,NK_cells,,True
TAGCGGACAATTGAGA-1,0,Monocytes_CD14,,True
TAGCGGACACTTACAG-1,0,Monocytes_CD14,,True
TAGCGGACACTTCACT-1,4,Cytotoxic_T_cell,,True
TAGCGGACAGAAATTG-1,2,T_cells_general_cd4 ambigouus,,False
TAGCGGACATGAAATG-1,1,Naοve_CD4_T_cells_helpers,,True
TAGCGGCTCAATTACG-1,6,Memory_B_cells,,True
TAGCGGCTCACACAGT-1,2,T_cells_general_cd4 ambigouus,,False
TAGCGGCTCAGTGAAG-1,1,Naοve_CD4_T_cells_helpers,,True
TAGCGGCTCCGGCTAA-1,4,Cytotoxic_T_cell,,True
TAGCGGCTCGCTAAAC-1,3,Naοve_CD8_T_cells,,True
TAGCGGCTCGCTAGCA-1,3,Naοve_CD8_T_cells,,True
TAGCGGCTCTTAGTGA-1,2,T_cells_general_cd4 ambigouus,,False
TAGCTAATCAATCATG-1,3,Naοve_CD8_T_cells,,True
TAGCTAATCCTTAATC-1,0,Monocytes_CD14,,True
TAGCTAATCGATAACC-1,0,Monocytes_CD14,,True
TAGCTAATCTAACTGA-1,3,Naοve_CD8_T_cells,,True
TAGCTAGGTCAAAGAA-1,4,Cytotoxic_T_cell,,True
TAGCTAGGTGTTGCTT-1,4,Cytotoxic_T_cell,,True
TAGCTAGGTTAAGTGT-1,2,T_cells_general_cd4 ambigouus,,False
TAGCTAGGTTATAGCG-1,3,Naοve_CD8_T_cells,,True
TAGCTAGGTTGACTTC-1,2,T_cells_general_cd4 ambigouus,,False
TAGCTAGGTTTCGCGC-1,7,Non_classical_Monocytes,,True
TAGCTTAAGAACAAGT-1,6,Memory_B_cells,,True
TAGCTTAAGGGCCACT-1,7,Non_classical_Monocytes,,True
TAGCTTAAGGGTTATC-1,2,T_cells_general_cd4 ambigouus,,False
TAGCTTAAGGTCCAAT-1,2,T_cells_general_cd4 ambigouus,,False
TAGCTTAAGTGAGGGT-1,1,Naοve_CD4_T_cells_helpers,,True
TAGCTTGCAACGTGCT-1,0,Monocytes_CD14,,True
TAGCTTGCACATTGCA-1,0,Monocytes_CD14,,True
TAGCTTGCACCTAAGC-1,7,Non_classical_Monocytes,,True
TAGCTTGCAGGCAAGC-1,1,Naοve_CD4_T_cells_helpers,,True
TAGGAACCAAACGCGA-1,7,Non_classical_Monocytes,,True
TAGGAACCAATATAGG-1,6,Memory_B_cells,,True
TAGGAACCACACTAAT-1,2,T_cells_general_cd4 ambigouus,,False
TAGGAACCACCTGCCT-1,0,Monocytes_CD14,,True
TAGGAACCAGCATGTC-1,6,Memory_B_cells,,True
TAGGAACCAGCCAGTT-1,0,Monocytes_CD14,,True
TAGGAACCATAGCTGC-1,2,T_cells_general_cd4 ambigouus,,False
TAGGAACCATCCATCT-1,1,Naοve_CD4_T_cells_helpers,,True
TAGGAACCATTGCGTA-1,2,T_cells_general_cd4 ambigouus,,False
TAGGAACCATTGTCAG-1,0,Monocytes_CD14,,True
TAGGAGGGTACCAGGT-1,0,Monocytes_CD14,,True
TAGGAGGGTGGACATC-1,0,Monocytes_CD14,,True
TAGGAGGGTTGGCCGA-1,0,Monocytes_CD14,,True
TAGGAGGGTTGGTTCT-1,2,T_cells_general_cd4 ambigouus,,False
TAGGAGTCAAAGCTAA-1,9,Dendritic cells,,True
TAGGAGTCAATATAGG-1,1,Naοve_CD4_T_cells_helpers,,True
TAGGAGTCAATTAAGG-1,0,Monocytes_CD14,,True
TAGGAGTCACTGACCG-1,2,T_cells_general_cd4 ambigouus,,False
TAGGAGTCAGGATTAA-1,1,Naοve_CD4_T_cells_helpers,,True
TAGGAGTCAGTCTAGC-1,3,Naοve_CD8_T_cells,,True
TAGGAGTCATGCAACC-1,2,T_cells_general_cd4 ambigouus,,False
TAGGCTAGTATTGTCC-1,3,Naοve_CD8_T_cells,,True
TAGGCTAGTCAATAGT-1,1,Naοve_CD4_T_cells_helpers,,True
TAGGCTAGTTAGGACC-1,3,Naοve_CD8_T_cells,,True
TAGGCTGTCAAGTGTC-1,1,Naοve_CD4_T_cells_helpers,,True
TAGGCTGTCAGGTCCA-1,5,NK_cells,,True
TAGGCTGTCATGTTTC-1,4,Cytotoxic_T_cell,,True
TAGGCTGTCCACCTGT-1,0,Monocytes_CD14,,True
TAGGCTGTCCCTGTTA-1,5,NK_cells,,True
TAGGCTGTCCTCAGTC-1,2,T_cells_general_cd4 ambigouus,,False
TAGGCTGTCCTTGCAC-1,3,Naοve_CD8_T_cells,,True
TAGGCTTAGAAGGTGC-1,2,T_cells_general_cd4 ambigouus,,False
TAGGCTTAGCGATAGA-1,5,NK_cells,,True
TAGGCTTAGGGTGAGT-1,6,Memory_B_cells,,True
TAGGGTTTCCAGCACA-1,3,Naοve_CD8_T_cells,,True
TAGGGTTTCCGCACAA-1,2,T_cells_general_cd4 ambigouus,,False
TAGGGTTTCCTGATGG-1,2,T_cells_general_cd4 ambigouus,,False
TAGGGTTTCTAACCAA-1,2,T_cells_general_cd4 ambigouus,,False
TAGGGTTTCTTGTCTG-1,1,Naοve_CD4_T_cells_helpers,,True
TAGGTGCGTCTTTGAC-1,1,Naοve_CD4_T_cells_helpers,,True
TAGGTGCGTGCTTACT-1,3,Naοve_CD8_T_cells,,True
TAGGTGCGTGGACCTG-1,4,Cytotoxic_T_cell,,True
TAGGTGCGTGGTTCCC-1,1,Naοve_CD4_T_cells_helpers,,True
TAGGTGCGTTGCCTCA-1,1,Naοve_CD4_T_cells_helpers,,True
TAGGTGCGTTTGAGGC-1,1,Naοve_CD4_T_cells_helpers,,True
TAGGTTATCAGCACCA-1,3,Naοve_CD8_T_cells,,True
TAGGTTATCAGGCCTA-1,6,Memory_B_cells,,True
TAGGTTATCATAACCA-1,2,T_cells_general_cd4 ambigouus,,False
TAGGTTATCCCTCTAA-1,1,Naοve_CD4_T_cells_helpers,,True
TAGGTTATCGATTCTT-1,3,Naοve_CD8_T_cells,,True
TAGGTTATCGGGCCAT-1,0,Monocytes_CD14,,True
TAGGTTATCTCGACCT-1,0,Monocytes_CD14,,True
TAGGTTATCTGCAAGT-1,0,Monocytes_CD14,,True
TAGGTTATCTTGCAGG-1,1,Naοve_CD4_T_cells_helpers,,True
TAGGTTATCTTGTCCA-1,0,Monocytes_CD14,,True
TAGGTTGGTCACCTAT-1,0,Monocytes_CD14,,True
TAGGTTGGTTTATCGC-1,0,Monocytes_CD14,,True
TAGTAACGTAAGTCGC-1,0,Monocytes_CD14,,True
TAGTAACGTAATCGTG-1,1,Naοve_CD4_T_cells_helpers,,True
TAGTAACGTCCGCTGT-1,7,Non_classical_Monocytes,,True
TAGTAACGTCTTACTA-1,0,Monocytes_CD14,,True
TAGTAACGTGAGACTC-1,0,Monocytes_CD14,,True
TAGTAACGTGTGCAAC-1,3,Naοve_CD8_T_cells,,True
TAGTAAGCAACTCGCG-1,3,Naοve_CD8_T_cells,,True
TAGTAAGCAGCAGGTA-1,0,Monocytes_CD14,,True
TAGTACGGTAATCGGC-1,7,Non_classical_Monocytes,,True
TAGTACGGTAGCCTAA-1,5,NK_cells,,True
TAGTACGGTAGCTAGC-1,6,Memory_B_cells,,True
TAGTAGGAGCTAAAGG-1,0,Monocytes_CD14,,True
TAGTAGGAGCTTCTCA-1,1,Naοve_CD4_T_cells_helpers,,True
TAGTAGGAGCTTTGGG-1,3,Naοve_CD8_T_cells,,True
TAGTAGGAGGAGTAAT-1,0,Monocytes_CD14,,True
TAGTAGGAGGCTAGAA-1,0,Monocytes_CD14,,True
TAGTAGGAGGTTACGT-1,1,Naοve_CD4_T_cells_helpers,,True
TAGTAGGAGTTGTCCC-1,0,Monocytes_CD14,,True
TAGTCAATCGATATTG-1,4,Cytotoxic_T_cell,,True
TAGTCAATCGATTCTT-1,0,Monocytes_CD14,,True
TAGTCAATCGCTAAGT-1,0,Monocytes_CD14,,True
TAGTCAATCTTGCAGG-1,2,T_cells_general_cd4 ambigouus,,False
TAGTGAGAGCGAGCGA-1,1,Naοve_CD4_T_cells_helpers,,True
TAGTGAGAGCTATGAC-1,2,T_cells_general_cd4 ambigouus,,False
TAGTGAGAGTAAGTCC-1,6,Memory_B_cells,,True
TAGTGAGAGTTTGGGT-1,2,T_cells_general_cd4 ambigouus,,False
TAGTGGCGTCCTAGTT-1,3,Naοve_CD8_T_cells,,True
TAGTGGCGTGGAAGGC-1,2,T_cells_general_cd4 ambigouus,,False
TAGTGGCGTGTTCCCA-1,1,Naοve_CD4_T_cells_helpers,,True
TAGTGGCGTTAAGCGC-1,1,Naοve_CD4_T_cells_helpers,,True
TAGTGGCGTTGGTTGA-1,2,T_cells_general_cd4 ambigouus,,False
TAGTGGCGTTTGACCT-1,0,Monocytes_CD14,,True
TAGTGTGGTAATCGTG-1,1,Naοve_CD4_T_cells_helpers,,True
TAGTGTGGTAGCTAAT-1,0,Monocytes_CD14,,True
TAGTGTGGTTAACGGC-1,0,Monocytes_CD14,,True
TAGTGTGGTTACAAAC-1,0,Monocytes_CD14,,True
TAGTTGTCACCACAAC-1,7,Non_classical_Monocytes,,True
TAGTTGTCACGAATCC-1,3,Naοve_CD8_T_cells,,True
TAGTTGTCATTAAACC-1,5,NK_cells,,True
TAGTTTGAGCCTAACG-1,1,Naοve_CD4_T_cells_helpers,,True
TAGTTTGAGCGAAGTA-1,9,Dendritic cells,,True
TAGTTTGAGGTTTGCG-1,2,T_cells_general_cd4 ambigouus,,False
TAGTTTGAGTCTGGGC-1,4,Cytotoxic_T_cell,,True
TATAACCCAGGTTATT-1,0,Monocytes_CD14,,True
TATAACCCATGTGGGA-1,2,T_cells_general_cd4 ambigouus,,False
TATAACCCATTGTTGG-1,1,Naοve_CD4_T_cells_helpers,,True
TATAGCCAGACAACAG-1,2,T_cells_general_cd4 ambigouus,,False
TATAGCCAGAGAGGCT-1,7,Non_classical_Monocytes,,True
TATAGCCAGCAGGTGG-1,2,T_cells_general_cd4 ambigouus,,False
TATAGCCAGCCACAAT-1,3,Naοve_CD8_T_cells,,True
TATAGCCAGGATTTGC-1,0,Monocytes_CD14,,True
TATAGCCAGTTCCCGT-1,3,Naοve_CD8_T_cells,,True
TATAGCTCACCTGCCT-1,0,Monocytes_CD14,,True
TATAGCTCAGCCTTGG-1,3,Naοve_CD8_T_cells,,True
TATAGCTCATCAGTAT-1,4,Cytotoxic_T_cell,,True
TATAGCTCATGTCGCG-1,2,T_cells_general_cd4 ambigouus,,False
TATAGGTGTAATCGCA-1,4,Cytotoxic_T_cell,,True
TATAGGTGTCAGGCCA-1,0,Monocytes_CD14,,True
TATAGGTGTCTAACAG-1,8,Naοve_B_cells,,True
TATAGGTGTGGATTCA-1,10,Cytotoxic_T_NK,,False
TATATCCTCAAGTGTC-1,3,Naοve_CD8_T_cells,,True
TATATCCTCAGCTAAC-1,1,Naοve_CD4_T_cells_helpers,,True
TATATCCTCTCCATAT-1,10,Cytotoxic_T_NK,,False
TATCACAAGACAGGTA-1,7,Non_classical_Monocytes,,True
TATCACAAGGACAACA-1,4,Cytotoxic_T_cell,,True
TATCACGCAAGGTCGA-1,9,Dendritic cells,,True
TATCACGCAATTAACC-1,4,Cytotoxic_T_cell,,True
TATCACGCACCAAAGG-1,1,Naοve_CD4_T_cells_helpers,,True
TATCACGCAGCAAATA-1,1,Naοve_CD4_T_cells_helpers,,True
TATCACGCAGGAATCG-1,7,Non_classical_Monocytes,,True
TATCACGCATTAAGCT-1,3,Naοve_CD8_T_cells,,True
TATCCAGCAACCTAAT-1,0,Monocytes_CD14,,True
TATCCAGCACAGAACG-1,7,Non_classical_Monocytes,,True
TATCCAGCAGCTCATA-1,0,Monocytes_CD14,,True
TATCCAGCATCAATCG-1,1,Naοve_CD4_T_cells_helpers,,True
TATCCGGAGATGGACA-1,0,Monocytes_CD14,,True
TATCCGGAGTCGCTAG-1,3,Naοve_CD8_T_cells,,True
TATCGAGGTTTACGTC-1,1,Naοve_CD4_T_cells_helpers,,True
TATCGAGGTTTGCGCC-1,2,T_cells_general_cd4 ambigouus,,False
TATCGCACACAACAAA-1,4,Cytotoxic_T_cell,,True
TATCGCACACCTGCTC-1,4,Cytotoxic_T_cell,,True
TATCGCACATACTCCT-1,2,T_cells_general_cd4 ambigouus,,False
TATCGCACATAGACTT-1,0,Monocytes_CD14,,True
TATCGCACATTGTGGC-1,2,T_cells_general_cd4 ambigouus,,False
TATCGCGAGAGAGGCT-1,9,Dendritic cells,,True
TATCGCGAGGCTACAT-1,3,Naοve_CD8_T_cells,,True
TATCGCGAGGCTGGCT-1,6,Memory_B_cells,,True
TATCGCGAGTTACTTC-1,0,Monocytes_CD14,,True
TATCGCGAGTTAGTTG-1,0,Monocytes_CD14,,True
TATGAAGCAATGAGGT-1,1,Naοve_CD4_T_cells_helpers,,True
TATGAAGCACAGCCAT-1,7,Non_classical_Monocytes,,True
TATGAAGCATAAGTCT-1,0,Monocytes_CD14,,True
TATGACATCATGAAGG-1,1,Naοve_CD4_T_cells_helpers,,True
TATGACATCGCAGGCT-1,1,Naοve_CD4_T_cells_helpers,,True
TATGACATCTACCTCA-1,1,Naοve_CD4_T_cells_helpers,,True
TATGACATCTTAGGGT-1,2,T_cells_general_cd4 ambigouus,,False
TATGACTCAATGAAGC-1,1,Naοve_CD4_T_cells_helpers,,True
TATGACTCACTAAGAA-1,1,Naοve_CD4_T_cells_helpers,,True
TATGACTCAGTTAGCC-1,2,T_cells_general_cd4 ambigouus,,False
TATGACTCAGTTATCG-1,0,Monocytes_CD14,,True
TATGACTCATCTTGAG-1,5,NK_cells,,True
TATGCATCATTAGCCA-1,7,Non_classical_Monocytes,,True
TATGGATGTAGCTAAT-1,4,Cytotoxic_T_cell,,True
TATGGATGTCAATAGT-1,1,Naοve_CD4_T_cells_helpers,,True
TATGGATGTGGATTGC-1,3,Naοve_CD8_T_cells,,True
TATGGATGTTAAGGTT-1,3,Naοve_CD8_T_cells,,True
TATGGATGTTGTTCAC-1,6,Memory_B_cells,,True
TATGGCCCACAGGGAC-1,2,T_cells_general_cd4 ambigouus,,False
TATGGCCCACCTATAG-1,0,Monocytes_CD14,,True
TATGGCCCACTTAGGC-1,4,Cytotoxic_T_cell,,True
TATGGCCCATAAGTTC-1,6,Memory_B_cells,,True
TATGGCCCATAATCCG-1,1,Naοve_CD4_T_cells_helpers,,True
TATGGCCCATGCTTAG-1,8,Naοve_B_cells,,True
TATGGGCGTAATAACC-1,3,Naοve_CD8_T_cells,,True
TATGGGCGTAGTTACG-1,11,pDC,,False
TATGGGCGTATTTGCC-1,9,Dendritic cells,,True
TATGGGCGTGTGCAAC-1,3,Naοve_CD8_T_cells,,True
TATGGGCGTTAATGCG-1,3,Naοve_CD8_T_cells,,True
TATGGGCGTTCAAGCA-1,0,Monocytes_CD14,,True
TATGGGCGTTGGATAT-1,3,Naοve_CD8_T_cells,,True
TATGGTCAGATTCCTT-1,4,Cytotoxic_T_cell,,True
TATGGTCAGCACCACA-1,0,Monocytes_CD14,,True
TATGGTCAGCTAAAGG-1,0,Monocytes_CD14,,True
TATGGTCAGGAATAAC-1,1,Naοve_CD4_T_cells_helpers,,True
TATGGTCAGGTCAAAG-1,2,T_cells_general_cd4 ambigouus,,False
TATGGTCAGTTTCCTG-1,3,Naοve_CD8_T_cells,,True
TATGTGATCAAACCGT-1,0,Monocytes_CD14,,True
TATGTGATCACATTGA-1,6,Memory_B_cells,,True
TATGTGATCGATTTGA-1,3,Naοve_CD8_T_cells,,True
TATGTGATCTCACTAT-1,3,Naοve_CD8_T_cells,,True
TATTACCTCATGGCCA-1,2,T_cells_general_cd4 ambigouus,,False
TATTACCTCCCGCAAA-1,7,Non_classical_Monocytes,,True
TATTACCTCCCTCGCA-1,0,Monocytes_CD14,,True
TATTACCTCCTAAGTA-1,12,Stress_response,,False
TATTACCTCGCTAAAC-1,10,Cytotoxic_T_NK,,False
TATTACCTCTGGCATG-1,4,Cytotoxic_T_cell,,True
TATTACCTCTTGAGGT-1,0,Monocytes_CD14,,True
TATTAGCCAATAATCC-1,4,Cytotoxic_T_cell,,True
TATTAGCCACCACAAC-1,0,Monocytes_CD14,,True
TATTAGCCACCATATG-1,2,T_cells_general_cd4 ambigouus,,False
TATTAGCCATTAGGCC-1,2,T_cells_general_cd4 ambigouus,,False
TATTAGGTCATCACTT-1,7,Non_classical_Monocytes,,True
TATTAGGTCGATAACC-1,8,Naοve_B_cells,,True
TATTAGGTCGCTAGCA-1,5,NK_cells,,True
TATTAGGTCGTTTCGC-1,3,Naοve_CD8_T_cells,,True
TATTCGTTCATGCAAC-1,0,Monocytes_CD14,,True
TATTCGTTCATTTGTC-1,3,Naοve_CD8_T_cells,,True
TATTCGTTCCACCTTA-1,1,Naοve_CD4_T_cells_helpers,,True
TATTCGTTCCCTCTAA-1,1,Naοve_CD4_T_cells_helpers,,True
TATTCGTTCCGCCTCA-1,0,Monocytes_CD14,,True
TATTCGTTCCTGTTCA-1,2,T_cells_general_cd4 ambigouus,,False
TATTCGTTCTGTGAGT-1,1,Naοve_CD4_T_cells_helpers,,True
TATTGACCAGTAATAG-1,2,T_cells_general_cd4 ambigouus,,False
TATTGACCATGTTGGC-1,1,Naοve_CD4_T_cells_helpers,,True
TATTTGCTCAGCTAAC-1,8,Naοve_B_cells,,True
TATTTGCTCGGTAACT-1,1,Naοve_CD4_T_cells_helpers,,True
TATTTGCTCTGGCAAT-1,1,Naοve_CD4_T_cells_helpers,,True
TATTTGGAGGGTGAAC-1,3,Naοve_CD8_T_cells,,True
TATTTGGAGTAACCAC-1,1,Naοve_CD4_T_cells_helpers,,True
TATTTGGAGTCACCAG-1,1,Naοve_CD4_T_cells_helpers,,True
TCAAACCAGAACCTAC-1,6,Memory_B_cells,,True
TCAAACCAGACAACGA-1,0,Monocytes_CD14,,True
TCAAACCAGCCACAAT-1,1,Naοve_CD4_T_cells_helpers,,True
TCAAACCAGGAAGCTA-1,3,Naοve_CD8_T_cells,,True
TCAAACCAGGAGGTTA-1,1,Naοve_CD4_T_cells_helpers,,True
TCAAACCAGTAGGATG-1,0,Monocytes_CD14,,True
TCAAACCAGTGAACGA-1,2,T_cells_general_cd4 ambigouus,,False
TCAACAATCAAGTGTC-1,1,Naοve_CD4_T_cells_helpers,,True
TCAACAATCCTACCTA-1,2,T_cells_general_cd4 ambigouus,,False
TCAACAATCCTCACAC-1,3,Naοve_CD8_T_cells,,True
TCAACAATCGCAATCG-1,12,Stress_response,,False
TCAACAATCTCCATGC-1,0,Monocytes_CD14,,True
TCAAGAACAAGCCAGA-1,1,Naοve_CD4_T_cells_helpers,,True
TCAAGAACACTTCACT-1,2,T_cells_general_cd4 ambigouus,,False
TCAAGAACAGGACCAA-1,4,Cytotoxic_T_cell,,True
TCAAGAACAGGCTAAG-1,8,Naοve_B_cells,,True
TCAAGAACAGGTCCTG-1,0,Monocytes_CD14,,True
TCAAGAACAGTAATAG-1,1,Naοve_CD4_T_cells_helpers,,True
TCAAGACTCCTGGTCT-1,3,Naοve_CD8_T_cells,,True
TCAAGACTCGCTATGG-1,0,Monocytes_CD14,,True
TCAAGCTAGAAACTGG-1,4,Cytotoxic_T_cell,,True
TCAAGCTAGGCCAATT-1,4,Cytotoxic_T_cell,,True
TCAAGCTAGGCCTTAG-1,3,Naοve_CD8_T_cells,,True
TCAAGCTAGTGACCTG-1,1,Naοve_CD4_T_cells_helpers,,True
TCAAGCTAGTTATTCC-1,2,T_cells_general_cd4 ambigouus,,False
TCAAGGAAGGATGATG-1,3,Naοve_CD8_T_cells,,True
TCAAGGTTCACAAGCT-1,2,T_cells_general_cd4 ambigouus,,False
TCAAGGTTCCCAGTAG-1,0,Monocytes_CD14,,True
TCAAGGTTCCTAAGTA-1,0,Monocytes_CD14,,True
TCAAGGTTCCTAGTCC-1,5,NK_cells,,True
TCAAGGTTCCTGGTGA-1,2,T_cells_general_cd4 ambigouus,,False
TCAAGGTTCGTTACAA-1,0,Monocytes_CD14,,True
TCAAGTATCAAGTGTC-1,2,T_cells_general_cd4 ambigouus,,False
TCAAGTATCCCTGATC-1,0,Monocytes_CD14,,True
TCAAGTATCCGCAACA-1,2,T_cells_general_cd4 ambigouus,,False
TCAAGTATCCGTAAAC-1,0,Monocytes_CD14,,True
TCAAGTATCGCCTGTT-1,11,pDC,,False
TCAAGTATCTATTGTC-1,8,Naοve_B_cells,,True
TCAAGTATCTCGCCTG-1,3,Naοve_CD8_T_cells,,True
TCAATCGCAACTAACT-1,3,Naοve_CD8_T_cells,,True
TCAATCGCAAGCTTAT-1,5,NK_cells,,True
TCAATCGCAATAGTCT-1,1,Naοve_CD4_T_cells_helpers,,True
TCAATCGCAATGCCCG-1,0,Monocytes_CD14,,True
TCAATCGCACGAATCC-1,2,T_cells_general_cd4 ambigouus,,False
TCAATCGCAGGAATCG-1,1,Naοve_CD4_T_cells_helpers,,True
TCAATCGCATAGACTT-1,0,Monocytes_CD14,,True
TCACATAAGAAAGCAT-1,0,Monocytes_CD14,,True
TCACATAAGCATGTTA-1,0,Monocytes_CD14,,True
TCACATAAGGATTTGC-1,2,T_cells_general_cd4 ambigouus,,False
TCACATAAGTGGCGGA-1,2,T_cells_general_cd4 ambigouus,,False
TCACCGGCACCATATG-1,3,Naοve_CD8_T_cells,,True
TCACCGGCAGTTTGGC-1,3,Naοve_CD8_T_cells,,True
TCACCGGCATGTCAGC-1,0,Monocytes_CD14,,True
TCACCGGCATTATGAC-1,9,Dendritic cells,,True
TCACCTCAGATAAAGC-1,1,Naοve_CD4_T_cells_helpers,,True
TCACCTCAGCGATAAG-1,4,Cytotoxic_T_cell,,True
TCACCTCAGGAGGTTA-1,6,Memory_B_cells,,True
TCACCTCAGGCTAGAA-1,0,Monocytes_CD14,,True
TCACCTCAGTTAGGCT-1,1,Naοve_CD4_T_cells_helpers,,True
TCACCTGGTAACCAGC-1,1,Naοve_CD4_T_cells_helpers,,True
TCACCTGGTCATAAGT-1,8,Naοve_B_cells,,True
TCACCTGGTGGAAACG-1,1,Naοve_CD4_T_cells_helpers,,True
TCACCTGGTTGGATAT-1,9,Dendritic cells,,True
TCACCTGGTTTCCTCC-1,5,NK_cells,,True
TCACGGATCCATTACT-1,4,Cytotoxic_T_cell,,True
TCACGGATCGAGCAAA-1,0,Monocytes_CD14,,True
TCACGGATCGGCTATG-1,6,Memory_B_cells,,True
TCACGGATCGTCATTT-1,0,Monocytes_CD14,,True
TCACGGATCTCACAAA-1,13,Plasma_cells,,False
TCACGGATCTTGGATA-1,2,T_cells_general_cd4 ambigouus,,False
TCACTGACACCAGGTT-1,4,Cytotoxic_T_cell,,True
TCACTGACACGCAACT-1,9,Dendritic cells,,True
TCACTGACAGCATGTC-1,0,Monocytes_CD14,,True
TCACTGACAGCTCATA-1,2,T_cells_general_cd4 ambigouus,,False
TCACTGACATTAGGCC-1,0,Monocytes_CD14,,True
TCAGCAAGTAATCGTG-1,0,Monocytes_CD14,,True
TCAGCAAGTACCGGAT-1,0,Monocytes_CD14,,True
TCAGCAAGTAGGTTAT-1,0,Monocytes_CD14,,True
TCAGCCTTCATGCCTC-1,0,Monocytes_CD14,,True
TCAGCCTTCCCTCACG-1,11,pDC,,False
TCAGCGATCATAATCG-1,0,Monocytes_CD14,,True
TCAGCGATCCCTCAGT-1,5,NK_cells,,True
TCAGCGATCGCTAAGT-1,8,Naοve_B_cells,,True
TCAGCGATCGGTAACT-1,1,Naοve_CD4_T_cells_helpers,,True
TCAGGAGCAAACAACA-1,1,Naοve_CD4_T_cells_helpers,,True
TCAGGAGCAACTAGCC-1,9,Dendritic cells,,True
TCAGGAGCACTGACTA-1,0,Monocytes_CD14,,True
TCAGGAGCAGCCTGCA-1,0,Monocytes_CD14,,True
TCAGGAGCAGTTAGCC-1,1,Naοve_CD4_T_cells_helpers,,True
TCAGGTCCAAACCTTG-1,0,Monocytes_CD14,,True
TCAGGTCCAACCGCCA-1,12,Stress_response,,False
TCAGGTCCACTGGCCA-1,2,T_cells_general_cd4 ambigouus,,False
TCAGGTCCACTTCACT-1,2,T_cells_general_cd4 ambigouus,,False
TCAGGTCCATAAGTCT-1,7,Non_classical_Monocytes,,True
TCAGGTCCATAATCAC-1,0,Monocytes_CD14,,True
TCAGGTTAGAACCTGT-1,7,Non_classical_Monocytes,,True
TCAGGTTAGGTGCTGC-1,0,Monocytes_CD14,,True
TCAGGTTAGTGAGCGG-1,2,T_cells_general_cd4 ambigouus,,False
TCAGGTTAGTGTTGCG-1,1,Naοve_CD4_T_cells_helpers,,True
TCAGGTTAGTTAGCCG-1,2,T_cells_general_cd4 ambigouus,,False
TCAGGTTAGTTATTCC-1,7,Non_classical_Monocytes,,True
TCAGTAATCACAGCGC-1,2,T_cells_general_cd4 ambigouus,,False
TCAGTAATCCGCATGA-1,3,Naοve_CD8_T_cells,,True
TCAGTAATCTACCTAT-1,1,Naοve_CD4_T_cells_helpers,,True
TCAGTAATCTCACAAA-1,2,T_cells_general_cd4 ambigouus,,False
TCAGTAGGTAGGTTAT-1,0,Monocytes_CD14,,True
TCAGTAGGTCATCCTG-1,0,Monocytes_CD14,,True
TCAGTAGGTGACATGC-1,3,Naοve_CD8_T_cells,,True
TCAGTAGGTGAGCACT-1,8,Naοve_B_cells,,True
TCAGTAGGTGCATTTC-1,5,NK_cells,,True
TCAGTAGGTGCTGTAA-1,0,Monocytes_CD14,,True
TCAGTAGGTGTTTGTC-1,6,Memory_B_cells,,True
TCAGTAGGTTGCTTCG-1,2,T_cells_general_cd4 ambigouus,,False
TCAGTGAGTCACCAAA-1,5,NK_cells,,True
TCAGTGAGTGGCTTCC-1,1,Naοve_CD4_T_cells_helpers,,True
TCATAACCAACCTGGT-1,1,Naοve_CD4_T_cells_helpers,,True
TCATAACCAACTCGCG-1,2,T_cells_general_cd4 ambigouus,,False
TCATAACCAAGTGTCC-1,0,Monocytes_CD14,,True
TCATAACCAATTGAGA-1,3,Naοve_CD8_T_cells,,True
TCATAACCACAATGCC-1,1,Naοve_CD4_T_cells_helpers,,True
TCATAACCAGAACCGA-1,3,Naοve_CD8_T_cells,,True
TCATAACCAGCGCTTG-1,3,Naοve_CD8_T_cells,,True
TCATAACCATTGCGAC-1,7,Non_classical_Monocytes,,True
TCATACTTCGCCTGTT-1,2,T_cells_general_cd4 ambigouus,,False
TCATACTTCTCAATGA-1,1,Naοve_CD4_T_cells_helpers,,True
TCATACTTCTCACTCA-1,0,Monocytes_CD14,,True
TCATACTTCTTAGCCC-1,4,Cytotoxic_T_cell,,True
TCATCCATCAGGAAGC-1,0,Monocytes_CD14,,True
TCATCCATCAGGTCCA-1,2,T_cells_general_cd4 ambigouus,,False
TCATCCATCCCGAACA-1,3,Naοve_CD8_T_cells,,True
TCATCCATCTGGCTTC-1,2,T_cells_general_cd4 ambigouus,,False
TCATGAGGTAAAGCGG-1,0,Monocytes_CD14,,True
TCATGAGGTGCATTTC-1,0,Monocytes_CD14,,True
TCATGAGGTGGCTTCC-1,0,Monocytes_CD14,,True
TCATGAGGTTAATGAC-1,0,Monocytes_CD14,,True
TCATGAGGTTAGCAGC-1,0,Monocytes_CD14,,True
TCATGAGGTTGGCGTG-1,3,Naοve_CD8_T_cells,,True
TCATGCCTCACAAGCT-1,2,T_cells_general_cd4 ambigouus,,False
TCATGCCTCCTAAGTA-1,4,Cytotoxic_T_cell,,True
TCATGTTTCAGGTCCA-1,1,Naοve_CD4_T_cells_helpers,,True
TCATGTTTCATCCTAT-1,4,Cytotoxic_T_cell,,True
TCATGTTTCATGTCAA-1,3,Naοve_CD8_T_cells,,True
TCATGTTTCATTGTCT-1,1,Naοve_CD4_T_cells_helpers,,True
TCATGTTTCCTCACAC-1,10,Cytotoxic_T_NK,,False
TCATGTTTCTTGGATA-1,3,Naοve_CD8_T_cells,,True
TCATGTTTCTTGTCCA-1,0,Monocytes_CD14,,True
TCATTACTCAAACCTA-1,0,Monocytes_CD14,,True
TCATTACTCACTAGGT-1,2,T_cells_general_cd4 ambigouus,,False
TCATTACTCCAAATCA-1,6,Memory_B_cells,,True
TCATTACTCCCGTTAC-1,12,Stress_response,,False
TCATTACTCCGGCTAA-1,1,Naοve_CD4_T_cells_helpers,,True
TCATTACTCGTAATCA-1,5,NK_cells,,True
TCATTACTCGTTAACA-1,0,Monocytes_CD14,,True
TCATTGCGTAACCTAG-1,2,T_cells_general_cd4 ambigouus,,False
TCATTGCGTACGTTTC-1,1,Naοve_CD4_T_cells_helpers,,True
TCATTGCGTCGTAAAT-1,3,Naοve_CD8_T_cells,,True
TCATTGTTCCTTGCGT-1,3,Naοve_CD8_T_cells,,True
TCATTGTTCGATTCTT-1,3,Naοve_CD8_T_cells,,True
TCATTGTTCTGGCAAT-1,0,Monocytes_CD14,,True
TCATTTGGTACTGATG-1,5,NK_cells,,True
TCATTTGGTCAAAGGG-1,0,Monocytes_CD14,,True
TCATTTGGTTAATGAC-1,2,T_cells_general_cd4 ambigouus,,False
TCATTTGGTTGTAACG-1,3,Naοve_CD8_T_cells,,True
TCCACAACAATCGCAC-1,2,T_cells_general_cd4 ambigouus,,False
TCCACAACACCCACCT-1,0,Monocytes_CD14,,True
TCCACAACAGAATGAC-1,3,Naοve_CD8_T_cells,,True
TCCACAACAGCATGAG-1,0,Monocytes_CD14,,True
TCCACAACAGGGAGGA-1,1,Naοve_CD4_T_cells_helpers,,True
TCCACAACAGTAAGTA-1,0,Monocytes_CD14,,True
TCCACAACATAATGAG-1,0,Monocytes_CD14,,True
TCCAGCAAGACAAACG-1,2,T_cells_general_cd4 ambigouus,,False
TCCAGCAAGCTAAGTC-1,0,Monocytes_CD14,,True
TCCAGCAAGCTTTGGG-1,4,Cytotoxic_T_cell,,True
TCCAGCAAGGCTATGT-1,4,Cytotoxic_T_cell,,True
TCCAGCAAGTTAGTGC-1,1,Naοve_CD4_T_cells_helpers,,True
TCCAGGATCACGCCAA-1,2,T_cells_general_cd4 ambigouus,,False
TCCAGGATCCGGTATG-1,9,Dendritic cells,,True
TCCAGGATCCTCAGTC-1,2,T_cells_general_cd4 ambigouus,,False
TCCAGGATCCTCCTAA-1,3,Naοve_CD8_T_cells,,True
TCCAGGATCTGCAAAC-1,5,NK_cells,,True
TCCAGGTCAAGTTATC-1,7,Non_classical_Monocytes,,True
TCCAGGTCAATCGCAC-1,2,T_cells_general_cd4 ambigouus,,False
TCCAGGTCACACAATT-1,1,Naοve_CD4_T_cells_helpers,,True
TCCAGGTCACAGCCAT-1,10,Cytotoxic_T_NK,,False
TCCAGGTCAGGAACCA-1,1,Naοve_CD4_T_cells_helpers,,True
TCCAGGTCATAAGTTC-1,4,Cytotoxic_T_cell,,True
TCCAGGTCATCATGTG-1,1,Naοve_CD4_T_cells_helpers,,True
TCCAGGTCATTGCGTA-1,2,T_cells_general_cd4 ambigouus,,False
TCCATAAAGACTAAGG-1,0,Monocytes_CD14,,True
TCCATAAAGAGCCGGA-1,2,T_cells_general_cd4 ambigouus,,False
TCCATAAAGCATGTCG-1,3,Naοve_CD8_T_cells,,True
TCCATAAAGCGAGCGA-1,1,Naοve_CD4_T_cells_helpers,,True
TCCATAAAGCTACTGG-1,4,Cytotoxic_T_cell,,True
TCCATAAAGGACCTTG-1,2,T_cells_general_cd4 ambigouus,,False
TCCATAAAGTAACCCG-1,1,Naοve_CD4_T_cells_helpers,,True
TCCATAAAGTAGGATG-1,0,Monocytes_CD14,,True
TCCATAAAGTGAGAGC-1,1,Naοve_CD4_T_cells_helpers,,True
TCCATATTCACACAGT-1,0,Monocytes_CD14,,True
TCCATATTCACAGGAA-1,2,T_cells_general_cd4 ambigouus,,False
TCCATATTCCTTAGTT-1,3,Naοve_CD8_T_cells,,True
TCCATATTCCTTCAAT-1,1,Naοve_CD4_T_cells_helpers,,True
TCCATATTCTAGCGAT-1,7,Non_classical_Monocytes,,True
TCCATATTCTGGTCCT-1,0,Monocytes_CD14,,True
TCCATCATCACGTTAA-1,4,Cytotoxic_T_cell,,True
TCCATCATCGCTATAA-1,0,Monocytes_CD14,,True
TCCATCATCGGCCATA-1,4,Cytotoxic_T_cell,,True
TCCATCATCGTTTCTG-1,0,Monocytes_CD14,,True
TCCATCATCTTGTCCA-1,1,Naοve_CD4_T_cells_helpers,,True
TCCATGCTCATGCCTC-1,3,Naοve_CD8_T_cells,,True
TCCATGCTCATTGACA-1,3,Naοve_CD8_T_cells,,True
TCCATGCTCATTTAGG-1,6,Memory_B_cells,,True
TCCATGCTCCGCCAAA-1,6,Memory_B_cells,,True
TCCATGCTCTTGGACG-1,1,Naοve_CD4_T_cells_helpers,,True
TCCATTGTCACCGGTA-1,0,Monocytes_CD14,,True
TCCATTGTCAGCAAAG-1,2,T_cells_general_cd4 ambigouus,,False
TCCATTGTCATGAAGG-1,4,Cytotoxic_T_cell,,True
TCCATTGTCCTAGTCC-1,1,Naοve_CD4_T_cells_helpers,,True
TCCATTGTCTAAATCG-1,0,Monocytes_CD14,,True
TCCATTGTCTTAGTCT-1,0,Monocytes_CD14,,True
TCCCGGACACAAAGGT-1,2,T_cells_general_cd4 ambigouus,,False
TCCCGGACACTTCATC-1,2,T_cells_general_cd4 ambigouus,,False
TCCCGGACATGCTCCC-1,4,Cytotoxic_T_cell,,True
TCCCGTTAGCACAGCC-1,3,Naοve_CD8_T_cells,,True
TCCCGTTAGCCACAAT-1,0,Monocytes_CD14,,True
TCCCGTTAGCTGGACC-1,0,Monocytes_CD14,,True
TCCCGTTAGGACAATG-1,6,Memory_B_cells,,True
TCCCGTTAGGACCAGG-1,5,NK_cells,,True
TCCCGTTAGGAGTAAT-1,1,Naοve_CD4_T_cells_helpers,,True
TCCCGTTAGGTTACAC-1,0,Monocytes_CD14,,True
TCCCGTTAGTAAGTGG-1,6,Memory_B_cells,,True
TCCCGTTAGTTGCGTG-1,2,T_cells_general_cd4 ambigouus,,False
TCCCTCACAATGCCCG-1,4,Cytotoxic_T_cell,,True
TCCCTCACAATTAGGA-1,7,Non_classical_Monocytes,,True
TCCCTCACACCACAAC-1,0,Monocytes_CD14,,True
TCCCTCACAGCAGGTA-1,3,Naοve_CD8_T_cells,,True
TCCCTCACAGCCGCTA-1,4,Cytotoxic_T_cell,,True
TCCCTCACATCATGGC-1,3,Naοve_CD8_T_cells,,True
TCCCTGGTCCGCCTAT-1,0,Monocytes_CD14,,True
TCCCTGGTCGAGGAGT-1,0,Monocytes_CD14,,True
TCCCTGGTCTTTGAGA-1,0,Monocytes_CD14,,True
TCCGCCATCAGCCAAT-1,1,Naοve_CD4_T_cells_helpers,,True
TCCGCCATCATGCCTC-1,6,Memory_B_cells,,True
TCCGCCATCATGCTCC-1,0,Monocytes_CD14,,True
TCCGCCATCTAATCTC-1,1,Naοve_CD4_T_cells_helpers,,True
TCCGGAATCACAAGCT-1,0,Monocytes_CD14,,True
TCCGGAATCCTGGCTT-1,0,Monocytes_CD14,,True
TCCGGAATCGCCTGTT-1,3,Naοve_CD8_T_cells,,True
TCCGGAATCTACCTGC-1,2,T_cells_general_cd4 ambigouus,,False
TCCGGAATCTTAATGG-1,1,Naοve_CD4_T_cells_helpers,,True
TCCGGAATCTTAGGAC-1,3,Naοve_CD8_T_cells,,True
TCCGGAATCTTGACCC-1,8,Naοve_B_cells,,True
TCCGGTAAGCAACATC-1,1,Naοve_CD4_T_cells_helpers,,True
TCCGGTAAGTAACGAG-1,4,Cytotoxic_T_cell,,True
TCCGGTTTCAATGTCA-1,2,T_cells_general_cd4 ambigouus,,False
TCCGGTTTCACTAATG-1,4,Cytotoxic_T_cell,,True
TCCGGTTTCACTTCAT-1,4,Cytotoxic_T_cell,,True
TCCGGTTTCCTAAGAC-1,9,Dendritic cells,,True
TCCGGTTTCTGCAACG-1,0,Monocytes_CD14,,True
TCCGGTTTCTTAGGAC-1,0,Monocytes_CD14,,True
TCCGGTTTCTTGCAGG-1,0,Monocytes_CD14,,True
TCCTAGTGTCCCGAAG-1,3,Naοve_CD8_T_cells,,True
TCCTAGTGTGCAATGC-1,3,Naοve_CD8_T_cells,,True
TCCTAGTGTTCTTTAG-1,0,Monocytes_CD14,,True
TCCTCAATCACGAATC-1,0,Monocytes_CD14,,True
TCCTCAATCACTCAAA-1,2,T_cells_general_cd4 ambigouus,,False
TCCTCAATCAGTATTG-1,5,NK_cells,,True
TCCTCAATCATTCATC-1,5,NK_cells,,True
TCCTCAATCATTTGTC-1,3,Naοve_CD8_T_cells,,True
TCCTCAATCCACCTGT-1,0,Monocytes_CD14,,True
TCCTCAATCCTTTACG-1,1,Naοve_CD4_T_cells_helpers,,True
TCCTCAATCGAAGTAG-1,0,Monocytes_CD14,,True
TCCTCAATCGCATTAA-1,2,T_cells_general_cd4 ambigouus,,False
TCCTCAATCGCTAGAT-1,2,T_cells_general_cd4 ambigouus,,False
TCCTCAATCTAATCTC-1,9,Dendritic cells,,True
TCCTCAATCTCACACC-1,2,T_cells_general_cd4 ambigouus,,False
TCCTCACAGGACCTCA-1,1,Naοve_CD4_T_cells_helpers,,True
TCCTCACAGGCCTGGT-1,2,T_cells_general_cd4 ambigouus,,False
TCCTCACAGGCGCACT-1,3,Naοve_CD8_T_cells,,True
TCCTCACAGTAACAGG-1,0,Monocytes_CD14,,True
TCCTCTAAGAGGAGGA-1,0,Monocytes_CD14,,True
TCCTCTAAGCATGTTA-1,3,Naοve_CD8_T_cells,,True
TCCTCTAAGCTCCTTA-1,0,Monocytes_CD14,,True
TCCTGGTTCACAGACT-1,2,T_cells_general_cd4 ambigouus,,False
TCCTGGTTCATCACTT-1,1,Naοve_CD4_T_cells_helpers,,True
TCCTGGTTCCGCACAA-1,4,Cytotoxic_T_cell,,True
TCCTGGTTCCTTAAGA-1,1,Naοve_CD4_T_cells_helpers,,True
TCCTGGTTCTTGCTAT-1,11,pDC,,False
TCCTGGTTCTTTGAGA-1,0,Monocytes_CD14,,True
TCCTGTTCAGGATAAC-1,6,Memory_B_cells,,True
TCCTGTTCAGTAAAGC-1,4,Cytotoxic_T_cell,,True
TCCTGTTCATGTCAAT-1,2,T_cells_general_cd4 ambigouus,,False
TCCTTAGTCAGCTAAC-1,0,Monocytes_CD14,,True
TCCTTAGTCATTATGG-1,0,Monocytes_CD14,,True
TCCTTAGTCCCTGATC-1,2,T_cells_general_cd4 ambigouus,,False
TCCTTAGTCCTGAGTG-1,1,Naοve_CD4_T_cells_helpers,,True
TCCTTAGTCGTTAGCG-1,4,Cytotoxic_T_cell,,True
TCCTTCAAGACTCGCA-1,2,T_cells_general_cd4 ambigouus,,False
TCCTTCAAGATGGAGC-1,2,T_cells_general_cd4 ambigouus,,False
TCCTTCAAGCTTACTT-1,3,Naοve_CD8_T_cells,,True
TCCTTCAAGGCGAATA-1,1,Naοve_CD4_T_cells_helpers,,True
TCCTTCAAGTTCCTCA-1,4,Cytotoxic_T_cell,,True
TCCTTGCAGACAAACG-1,4,Cytotoxic_T_cell,,True
TCCTTGCAGGCCCAGT-1,0,Monocytes_CD14,,True
TCCTTGCAGTGACCTG-1,1,Naοve_CD4_T_cells_helpers,,True
TCCTTTACAAACCTAT-1,3,Naοve_CD8_T_cells,,True
TCCTTTACAAACTGCC-1,1,Naοve_CD4_T_cells_helpers,,True
TCCTTTACAACAACAA-1,1,Naοve_CD4_T_cells_helpers,,True
TCCTTTACAACCGCCA-1,2,T_cells_general_cd4 ambigouus,,False
TCCTTTACAATTAGGA-1,2,T_cells_general_cd4 ambigouus,,False
TCCTTTACACAGCCTG-1,7,Non_classical_Monocytes,,True
TCCTTTACATCGCTTT-1,4,Cytotoxic_T_cell,,True
TCCTTTACATGCATAT-1,2,T_cells_general_cd4 ambigouus,,False
TCCTTTACATTGTGAT-1,3,Naοve_CD8_T_cells,,True
TCGACAAGTAGGTGTC-1,3,Naοve_CD8_T_cells,,True
TCGACAAGTAGTTAAC-1,6,Memory_B_cells,,True
TCGACAAGTCCTTCAG-1,4,Cytotoxic_T_cell,,True
TCGACAAGTGCGCGTA-1,1,Naοve_CD4_T_cells_helpers,,True
TCGACAAGTTGCAATG-1,1,Naοve_CD4_T_cells_helpers,,True
TCGATTAAGCTCAAAC-1,0,Monocytes_CD14,,True
TCGATTAAGTTAGTTG-1,0,Monocytes_CD14,,True
TCGCATTGTCAAACTG-1,2,T_cells_general_cd4 ambigouus,,False
TCGCATTGTCAGTAAT-1,2,T_cells_general_cd4 ambigouus,,False
TCGCATTGTGACATAT-1,0,Monocytes_CD14,,True
TCGCATTGTTCGCTTG-1,0,Monocytes_CD14,,True
TCGCCCATCTGTAAGC-1,0,Monocytes_CD14,,True
TCGCGAGGTAAATTGC-1,6,Memory_B_cells,,True
TCGCGAGGTACCGTAA-1,5,NK_cells,,True
TCGCGAGGTATTGTCC-1,3,Naοve_CD8_T_cells,,True
TCGCGAGGTGCTGGTG-1,2,T_cells_general_cd4 ambigouus,,False
TCGCGAGGTTATCCTA-1,4,Cytotoxic_T_cell,,True
TCGCGAGGTTGTTGCT-1,0,Monocytes_CD14,,True
TCGCGCACAATTAGGA-1,3,Naοve_CD8_T_cells,,True
TCGCGCACACCCACAG-1,2,T_cells_general_cd4 ambigouus,,False
TCGCTAACAATAGCAA-1,0,Monocytes_CD14,,True
TCGCTAACACAATGTT-1,7,Non_classical_Monocytes,,True
TCGCTAACAGTACCGT-1,3,Naοve_CD8_T_cells,,True
TCGCTAACATCCTGAA-1,3,Naοve_CD8_T_cells,,True
TCGCTAACATGCTTAG-1,10,Cytotoxic_T_NK,,False
TCGGTAAGTACGCGCA-1,1,Naοve_CD4_T_cells_helpers,,True
TCGGTAAGTAGTTAAC-1,5,NK_cells,,True
TCGGTAAGTCCTTAGT-1,1,Naοve_CD4_T_cells_helpers,,True
TCGGTAAGTTATCCTA-1,0,Monocytes_CD14,,True
TCGGTAAGTTCCGGCT-1,1,Naοve_CD4_T_cells_helpers,,True
TCGGTAAGTTTCCACG-1,3,Naοve_CD8_T_cells,,True
TCGGTTACAAAGCTAA-1,12,Stress_response,,False
TCGGTTACACCGGTAT-1,4,Cytotoxic_T_cell,,True
TCGGTTACATTAAACC-1,0,Monocytes_CD14,,True
TCGGTTCTCAATCATG-1,1,Naοve_CD4_T_cells_helpers,,True
TCGGTTCTCCCGTTTA-1,6,Memory_B_cells,,True
TCGGTTCTCCTAAGGT-1,0,Monocytes_CD14,,True
TCGGTTCTCGACAAAG-1,2,T_cells_general_cd4 ambigouus,,False
TCGGTTCTCTTGAGCG-1,9,Dendritic cells,,True
TCGGTTTGTAAAGCGG-1,0,Monocytes_CD14,,True
TCGGTTTGTATGGTGC-1,8,Naοve_B_cells,,True
TCGGTTTGTATTCGTC-1,2,T_cells_general_cd4 ambigouus,,False
TCGGTTTGTCATCCTG-1,2,T_cells_general_cd4 ambigouus,,False
TCGGTTTGTCCTTCTC-1,7,Non_classical_Monocytes,,True
TCGGTTTGTTAGGTGC-1,9,Dendritic cells,,True
TCGGTTTGTTTACGTC-1,2,T_cells_general_cd4 ambigouus,,False
TCGTAATCAATATGGA-1,1,Naοve_CD4_T_cells_helpers,,True
TCGTAATCACGCAACT-1,7,Non_classical_Monocytes,,True
TCGTAATCAGCAAGAT-1,2,T_cells_general_cd4 ambigouus,,False
TCGTAATCAGCATTAT-1,0,Monocytes_CD14,,True
TCGTAATCAGCCTTGG-1,0,Monocytes_CD14,,True
TCGTAATCAGCGCTTG-1,3,Naοve_CD8_T_cells,,True
TCGTAATCAGGTATTT-1,3,Naοve_CD8_T_cells,,True
TCGTAATCAGGTTCAC-1,0,Monocytes_CD14,,True
TCGTAATCAGTAAGTA-1,4,Cytotoxic_T_cell,,True
TCGTCAACACATTGCA-1,3,Naοve_CD8_T_cells,,True
TCGTCAACAGGAATCG-1,3,Naοve_CD8_T_cells,,True
TCGTCAACAGGCGAGT-1,8,Naοve_B_cells,,True
TCGTGCTTCAATCATG-1,3,Naοve_CD8_T_cells,,True
TCGTGCTTCACTAAGC-1,0,Monocytes_CD14,,True
TCGTGCTTCGAGGTGG-1,0,Monocytes_CD14,,True
TCGTGCTTCTCCTCAA-1,4,Cytotoxic_T_cell,,True
TCGTGCTTCTTAGTGA-1,2,T_cells_general_cd4 ambigouus,,False
TCGTGCTTCTTGCTAT-1,4,Cytotoxic_T_cell,,True
TCGTTAAAGACAAGTG-1,0,Monocytes_CD14,,True
TCGTTAAAGAGGAGGA-1,2,T_cells_general_cd4 ambigouus,,False
TCGTTAAAGATGCCTG-1,0,Monocytes_CD14,,True
TCGTTAAAGCATTATG-1,4,Cytotoxic_T_cell,,True
TCGTTAAAGCCGCAAC-1,0,Monocytes_CD14,,True
TCGTTAAAGCGCTAAT-1,4,Cytotoxic_T_cell,,True
TCGTTAAAGGGATGCG-1,5,NK_cells,,True
TCGTTAAAGGTCCACA-1,1,Naοve_CD4_T_cells_helpers,,True
TCGTTAAAGTCATTGA-1,1,Naοve_CD4_T_cells_helpers,,True
TCGTTAAAGTTCCTGC-1,0,Monocytes_CD14,,True
TCGTTACGTAATCCCT-1,3,Naοve_CD8_T_cells,,True
TCGTTACGTACGGGTT-1,0,Monocytes_CD14,,True
TCGTTACGTCATGAGC-1,0,Monocytes_CD14,,True
TCGTTACGTCTAGCTT-1,0,Monocytes_CD14,,True
TCGTTACGTTGCGGAT-1,2,T_cells_general_cd4 ambigouus,,False
TCGTTAGCAAACTCAT-1,7,Non_classical_Monocytes,,True
TCGTTAGCAAGCTACC-1,0,Monocytes_CD14,,True
TCGTTAGCACAGCCAT-1,0,Monocytes_CD14,,True
TCGTTAGCACGTAATT-1,2,T_cells_general_cd4 ambigouus,,False
TCGTTAGCACTAAGCC-1,2,T_cells_general_cd4 ambigouus,,False
TCGTTAGCACTAGCGT-1,2,T_cells_general_cd4 ambigouus,,False
TCGTTAGCAGAGGCTA-1,3,Naοve_CD8_T_cells,,True
TCGTTAGCAGCTTAGC-1,2,T_cells_general_cd4 ambigouus,,False
TCGTTAGCATTAAACC-1,7,Non_classical_Monocytes,,True
TCGTTAGCATTGTGCA-1,1,Naοve_CD4_T_cells_helpers,,True
TCGTTATTCAAGGACA-1,1,Naοve_CD4_T_cells_helpers,,True
TCGTTATTCCTTAGGG-1,5,NK_cells,,True
TCGTTATTCCTTAGTT-1,10,Cytotoxic_T_NK,,False
TCGTTATTCGTTAAGC-1,3,Naοve_CD8_T_cells,,True
TCGTTATTCTACCTGC-1,4,Cytotoxic_T_cell,,True
TCGTTTCCAAGGTAAC-1,1,Naοve_CD4_T_cells_helpers,,True
TCGTTTCCACGCAACT-1,3,Naοve_CD8_T_cells,,True
TCTAACCGTAGTCAAT-1,2,T_cells_general_cd4 ambigouus,,False
TCTAACCGTCATAACG-1,3,Naοve_CD8_T_cells,,True
TCTAACCGTCGCGCAA-1,5,NK_cells,,True
TCTAACCGTGCGCGTA-1,3,Naοve_CD8_T_cells,,True
TCTAACCGTGCTTAGA-1,1,Naοve_CD4_T_cells_helpers,,True
TCTAACCGTTTAGTCC-1,0,Monocytes_CD14,,True
TCTAACCGTTTCGCCA-1,1,Naοve_CD4_T_cells_helpers,,True
TCTAACTTCAAGGACA-1,1,Naοve_CD4_T_cells_helpers,,True
TCTAACTTCATGTCAA-1,2,T_cells_general_cd4 ambigouus,,False
TCTAACTTCCTCACAC-1,8,Naοve_B_cells,,True
TCTAACTTCCTTGCAC-1,3,Naοve_CD8_T_cells,,True
TCTAACTTCGATTTGA-1,10,Cytotoxic_T_NK,,False
TCTAACTTCTTGTCTG-1,2,T_cells_general_cd4 ambigouus,,False
TCTAAGGGTCCTTTAA-1,0,Monocytes_CD14,,True
TCTAAGGGTTACAAAC-1,3,Naοve_CD8_T_cells,,True
TCTAAGGGTTTATCGC-1,2,T_cells_general_cd4 ambigouus,,False
TCTAATCTCAGCATTA-1,0,Monocytes_CD14,,True
TCTAATCTCCCTCATA-1,2,T_cells_general_cd4 ambigouus,,False
TCTAATCTCTACTAAG-1,0,Monocytes_CD14,,True
TCTAATCTCTTGCAAA-1,0,Monocytes_CD14,,True
TCTACCTCAATGAATG-1,6,Memory_B_cells,,True
TCTACTAGTAGGTTAT-1,10,Cytotoxic_T_NK,,False
TCTACTAGTATTCGTC-1,1,Naοve_CD4_T_cells_helpers,,True
TCTACTAGTGTTAAAC-1,0,Monocytes_CD14,,True
TCTACTAGTTGGCCGA-1,8,Naοve_B_cells,,True
TCTAGCACACCTATAG-1,3,Naοve_CD8_T_cells,,True
TCTAGCACAGCCAGAA-1,2,T_cells_general_cd4 ambigouus,,False
TCTAGCACATAAAGCA-1,9,Dendritic cells,,True
TCTAGCACATAAGTTC-1,1,Naοve_CD4_T_cells_helpers,,True
TCTAGCCTCAATCTAG-1,13,Plasma_cells,,False
TCTAGCCTCACTTCAT-1,2,T_cells_general_cd4 ambigouus,,False
TCTAGCCTCCTACCTA-1,1,Naοve_CD4_T_cells_helpers,,True
TCTAGCCTCCTAGTCC-1,4,Cytotoxic_T_cell,,True
TCTAGCCTCTTTGAGA-1,4,Cytotoxic_T_cell,,True
TCTAGCGAGCAGCTAT-1,1,Naοve_CD4_T_cells_helpers,,True
TCTAGCGAGCTGAGGG-1,0,Monocytes_CD14,,True
TCTAGCGAGCTTACTT-1,3,Naοve_CD8_T_cells,,True
TCTAGCGAGGGCTAAA-1,3,Naοve_CD8_T_cells,,True
TCTAGCGAGGGTGAGT-1,2,T_cells_general_cd4 ambigouus,,False
TCTAGCGAGTAATCCA-1,7,Non_classical_Monocytes,,True
TCTATGTTCAAAGGCA-1,1,Naοve_CD4_T_cells_helpers,,True
TCTATGTTCAACAAGG-1,1,Naοve_CD4_T_cells_helpers,,True
TCTATGTTCATCCTGC-1,1,Naοve_CD4_T_cells_helpers,,True
TCTATGTTCCATAAGC-1,3,Naοve_CD8_T_cells,,True
TCTATGTTCCGGTTAG-1,0,Monocytes_CD14,,True
TCTATGTTCCTTGCGT-1,11,pDC,,False
TCTATGTTCGGCCATA-1,0,Monocytes_CD14,,True
TCTATGTTCGGTAACT-1,3,Naοve_CD8_T_cells,,True
TCTATGTTCGGTTAGT-1,0,Monocytes_CD14,,True
TCTATGTTCTCGCCCA-1,0,Monocytes_CD14,,True
TCTATGTTCTTGCAGG-1,2,T_cells_general_cd4 ambigouus,,False
TCTCAAGCATACCCGG-1,4,Cytotoxic_T_cell,,True
TCTCAAGCATCGCTTT-1,0,Monocytes_CD14,,True
TCTCAATTCAATCTAG-1,1,Naοve_CD4_T_cells_helpers,,True
TCTCAATTCACAGCGC-1,0,Monocytes_CD14,,True
TCTCAATTCAGCCAAT-1,0,Monocytes_CD14,,True
TCTCAATTCATGCTAA-1,0,Monocytes_CD14,,True
TCTCAATTCATGCTCC-1,0,Monocytes_CD14,,True
TCTCAATTCCCAGTAG-1,1,Naοve_CD4_T_cells_helpers,,True
TCTCAATTCCCTGTTA-1,1,Naοve_CD4_T_cells_helpers,,True
TCTCAATTCTATTGTC-1,0,Monocytes_CD14,,True
TCTCAATTCTCACTCA-1,4,Cytotoxic_T_cell,,True
TCTCACCAGAAAGCAT-1,2,T_cells_general_cd4 ambigouus,,False
TCTCACCAGATAAAGC-1,0,Monocytes_CD14,,True
TCTCACCAGATACTTG-1,2,T_cells_general_cd4 ambigouus,,False
TCTCACCAGGAGCAAC-1,12,Stress_response,,False
TCTCACCAGGCCTTAG-1,0,Monocytes_CD14,,True
TCTCACCAGGTGAGAC-1,6,Memory_B_cells,,True
TCTCACCAGTAGGATG-1,2,T_cells_general_cd4 ambigouus,,False
TCTCACCAGTGAGGGT-1,0,Monocytes_CD14,,True
TCTCACCAGTTATGTG-1,0,Monocytes_CD14,,True
TCTCACCAGTTTCCGC-1,4,Cytotoxic_T_cell,,True
TCTCCTCGTAGTTACG-1,1,Naοve_CD4_T_cells_helpers,,True
TCTCCTCGTGGAGCAA-1,0,Monocytes_CD14,,True
TCTCCTCGTTAATCGG-1,6,Memory_B_cells,,True
TCTCCTCGTTAGGCTA-1,3,Naοve_CD8_T_cells,,True
TCTCGCCCAACCTGGT-1,2,T_cells_general_cd4 ambigouus,,False
TCTCGCCCACAGCCAT-1,2,T_cells_general_cd4 ambigouus,,False
TCTCGCCCACATTAAC-1,4,Cytotoxic_T_cell,,True
TCTCGCCCACTAAATC-1,3,Naοve_CD8_T_cells,,True
TCTCGCCCACTATGGC-1,6,Memory_B_cells,,True
TCTCGCCCAGCAACCT-1,7,Non_classical_Monocytes,,True
TCTCGCCCAGCATGTC-1,2,T_cells_general_cd4 ambigouus,,False
TCTCGCCCAGGATTAA-1,1,Naοve_CD4_T_cells_helpers,,True
TCTCGCCCATGAAATG-1,1,Naοve_CD4_T_cells_helpers,,True
TCTCGCCCATGTGGGA-1,3,Naοve_CD8_T_cells,,True
TCTCGCCCATTAAGCT-1,5,NK_cells,,True
TCTGGCTTCAAACACC-1,1,Naοve_CD4_T_cells_helpers,,True
TCTGGCTTCCTACCTA-1,5,NK_cells,,True
TCTGGCTTCTTTGACT-1,5,NK_cells,,True
TCTGTGACAATTAAGG-1,3,Naοve_CD8_T_cells,,True
TCTGTGACACAAACTT-1,2,T_cells_general_cd4 ambigouus,,False
TCTGTGACACAGAACG-1,2,T_cells_general_cd4 ambigouus,,False
TCTGTGACAGGAAGCC-1,9,Dendritic cells,,True
TCTGTGACATAGCGGA-1,8,Naοve_B_cells,,True
TCTGTGACATAGTCAT-1,8,Naοve_B_cells,,True
TCTGTGACATTGTCAG-1,6,Memory_B_cells,,True
TCTTAGCGTCCGTGAG-1,0,Monocytes_CD14,,True
TCTTAGCGTCTTGCTG-1,1,Naοve_CD4_T_cells_helpers,,True
TCTTAGCGTGTTGCAA-1,2,T_cells_general_cd4 ambigouus,,False
TCTTAGCGTTCACCAT-1,2,T_cells_general_cd4 ambigouus,,False
TCTTAGTTCCGCAACA-1,1,Naοve_CD4_T_cells_helpers,,True
TCTTAGTTCCGGCTAA-1,1,Naοve_CD4_T_cells_helpers,,True
TCTTAGTTCGTCATTT-1,3,Naοve_CD8_T_cells,,True
TCTTAGTTCTTCAATC-1,0,Monocytes_CD14,,True
TCTTCAAGTCAAGTGC-1,6,Memory_B_cells,,True
TCTTCAAGTTCCTCCT-1,7,Non_classical_Monocytes,,True
TCTTCAAGTTTCAGGA-1,5,NK_cells,,True
TCTTGACGTAGCTAAT-1,3,Naοve_CD8_T_cells,,True
TCTTGACGTCCAAATG-1,0,Monocytes_CD14,,True
TCTTGACGTGACCTGG-1,1,Naοve_CD4_T_cells_helpers,,True
TCTTGACGTTCAAGCA-1,3,Naοve_CD8_T_cells,,True
TCTTGACGTTGACTTC-1,2,T_cells_general_cd4 ambigouus,,False
TCTTGACGTTGTCATC-1,6,Memory_B_cells,,True
TCTTGACGTTGTGATG-1,4,Cytotoxic_T_cell,,True
TCTTGACGTTTAAAGC-1,0,Monocytes_CD14,,True
TCTTGTCCAAAGGTAC-1,3,Naοve_CD8_T_cells,,True
TCTTGTCCAATGCGCT-1,3,Naοve_CD8_T_cells,,True
TCTTGTCCACATACTG-1,1,Naοve_CD4_T_cells_helpers,,True
TCTTGTCCATAAGCAA-1,9,Dendritic cells,,True
TCTTGTCCATGATTGT-1,3,Naοve_CD8_T_cells,,True
TCTTTGTAGGAGGACT-1,1,Naοve_CD4_T_cells_helpers,,True
TCTTTGTAGGGTCTAT-1,3,Naοve_CD8_T_cells,,True
TCTTTGTAGGTAGCTT-1,2,T_cells_general_cd4 ambigouus,,False
TCTTTGTAGTAACGAG-1,3,Naοve_CD8_T_cells,,True
TCTTTGTAGTCGCAAT-1,11,pDC,,False
TCTTTGTAGTTGGCCA-1,1,Naοve_CD4_T_cells_helpers,,True
TGAAACTGTCCAAATG-1,0,Monocytes_CD14,,True
TGAAACTGTTAATCGG-1,0,Monocytes_CD14,,True
TGAAACTGTTCCTCCT-1,3,Naοve_CD8_T_cells,,True
TGAACAACACTGACTA-1,3,Naοve_CD8_T_cells,,True
TGAACAACAGCTCAAC-1,1,Naοve_CD4_T_cells_helpers,,True
TGAACAACAGGTTATT-1,6,Memory_B_cells,,True
TGAACAGAGAAGCTAG-1,1,Naοve_CD4_T_cells_helpers,,True
TGAACAGAGCCATCAG-1,0,Monocytes_CD14,,True
TGAACAGAGCTCAAAC-1,3,Naοve_CD8_T_cells,,True
TGAACAGAGGACCTCA-1,0,Monocytes_CD14,,True
TGAACAGAGGCTCATG-1,0,Monocytes_CD14,,True
TGAACAGAGGTCGAGG-1,1,Naοve_CD4_T_cells_helpers,,True
TGAACAGAGTAACGAG-1,4,Cytotoxic_T_cell,,True
TGAAGCAAGCCGCTAA-1,3,Naοve_CD8_T_cells,,True
TGAAGCAAGGCGAATA-1,11,pDC,,False
TGAAGGATCATTGACA-1,4,Cytotoxic_T_cell,,True
TGAAGGATCATTGCGG-1,0,Monocytes_CD14,,True
TGAAGGATCCCAGTAG-1,3,Naοve_CD8_T_cells,,True
TGAAGGATCCGTCCAT-1,0,Monocytes_CD14,,True
TGAAGGATCCTACCTA-1,2,T_cells_general_cd4 ambigouus,,False
TGAAGGATCCTTTACG-1,5,NK_cells,,True
TGAAGGATCTTTGACT-1,2,T_cells_general_cd4 ambigouus,,False
TGAAGTGAGGAAGTAT-1,3,Naοve_CD8_T_cells,,True
TGAAGTGAGGACTTAC-1,2,T_cells_general_cd4 ambigouus,,False
TGAAGTGAGGCGCTTA-1,5,NK_cells,,True
TGAAGTGAGTATGTGC-1,1,Naοve_CD4_T_cells_helpers,,True
TGAAGTGAGTTTGGTA-1,2,T_cells_general_cd4 ambigouus,,False
TGACCAAGTTGTTGTC-1,3,Naοve_CD8_T_cells,,True
TGACCAAGTTTGGCGG-1,1,Naοve_CD4_T_cells_helpers,,True
TGACCTTGTAAATTGC-1,1,Naοve_CD4_T_cells_helpers,,True
TGACCTTGTATTGTCC-1,4,Cytotoxic_T_cell,,True
TGACCTTGTTGCGTAA-1,0,Monocytes_CD14,,True
TGACCTTGTTTGCAGA-1,2,T_cells_general_cd4 ambigouus,,False
TGACCTTGTTTGTCTA-1,3,Naοve_CD8_T_cells,,True
TGACTCCTCACATTGA-1,7,Non_classical_Monocytes,,True
TGACTCCTCCATAATG-1,3,Naοve_CD8_T_cells,,True
TGACTCCTCCTTAAGA-1,1,Naοve_CD4_T_cells_helpers,,True
TGACTCCTCCTTAATC-1,9,Dendritic cells,,True
TGACTCCTCGCTATGG-1,4,Cytotoxic_T_cell,,True
TGACTCCTCGGCCAGT-1,0,Monocytes_CD14,,True
TGACTCCTCGTTACAA-1,4,Cytotoxic_T_cell,,True
TGACTCCTCTTGTCCA-1,0,Monocytes_CD14,,True
TGACTTAAGACTCGCA-1,6,Memory_B_cells,,True
TGACTTAAGATGCCTG-1,1,Naοve_CD4_T_cells_helpers,,True
TGACTTAAGCAAGACA-1,0,Monocytes_CD14,,True
TGACTTAAGCACCACA-1,4,Cytotoxic_T_cell,,True
TGACTTAAGCGCTAAT-1,1,Naοve_CD4_T_cells_helpers,,True
TGACTTAAGGATTGAG-1,4,Cytotoxic_T_cell,,True
TGACTTAAGGCTACAT-1,2,T_cells_general_cd4 ambigouus,,False
TGACTTAAGGTTTGAC-1,1,Naοve_CD4_T_cells_helpers,,True
TGACTTAAGTTATGTG-1,0,Monocytes_CD14,,True
TGACTTCGTAGCTAAT-1,11,pDC,,False
TGACTTCGTAGGTTTG-1,2,T_cells_general_cd4 ambigouus,,False
TGACTTCGTGGTGAGA-1,1,Naοve_CD4_T_cells_helpers,,True
TGACTTCGTTAGCGTA-1,1,Naοve_CD4_T_cells_helpers,,True
TGACTTCGTTAGGACC-1,1,Naοve_CD4_T_cells_helpers,,True
TGAGAACCAACCTAAT-1,1,Naοve_CD4_T_cells_helpers,,True
TGAGAACCAAGGTCCT-1,3,Naοve_CD8_T_cells,,True
TGAGAACCACCGGCTA-1,0,Monocytes_CD14,,True
TGAGAACCACGAATTT-1,0,Monocytes_CD14,,True
TGAGAACCAGCAGGTA-1,2,T_cells_general_cd4 ambigouus,,False
TGAGAACCAGGAACAT-1,0,Monocytes_CD14,,True
TGAGCAAAGACAAGTG-1,1,Naοve_CD4_T_cells_helpers,,True
TGAGCACGTAATGGAA-1,1,Naοve_CD4_T_cells_helpers,,True
TGAGCACGTCTATCGT-1,2,T_cells_general_cd4 ambigouus,,False
TGAGCACGTGACATGC-1,1,Naοve_CD4_T_cells_helpers,,True
TGAGCACGTTCTTTAG-1,1,Naοve_CD4_T_cells_helpers,,True
TGAGCCGGTAGCCTAA-1,1,Naοve_CD4_T_cells_helpers,,True
TGAGCCGGTCAAAGGG-1,1,Naοve_CD4_T_cells_helpers,,True
TGAGCCGGTCAGGCAT-1,3,Naοve_CD8_T_cells,,True
TGAGCCGGTGCACGCA-1,7,Non_classical_Monocytes,,True
TGAGCCGGTTCGCGCT-1,6,Memory_B_cells,,True
TGAGCTTAGCATGTTA-1,3,Naοve_CD8_T_cells,,True
TGAGCTTAGCGGATTT-1,0,Monocytes_CD14,,True
TGAGCTTAGCTATGAC-1,0,Monocytes_CD14,,True
TGAGCTTAGCTCAATA-1,0,Monocytes_CD14,,True
TGAGCTTAGGCCAATT-1,2,T_cells_general_cd4 ambigouus,,False
TGAGCTTAGGCTGTCA-1,2,T_cells_general_cd4 ambigouus,,False
TGAGCTTAGGGTCTAT-1,4,Cytotoxic_T_cell,,True
TGAGCTTAGGTAGCTT-1,7,Non_classical_Monocytes,,True
TGAGCTTAGGTCGAGG-1,2,T_cells_general_cd4 ambigouus,,False
TGAGCTTAGTCACGAT-1,3,Naοve_CD8_T_cells,,True
TGAGCTTAGTGAGAGC-1,3,Naοve_CD8_T_cells,,True
TGAGGAGGTATTTGGG-1,1,Naοve_CD4_T_cells_helpers,,True
TGAGGAGGTGCTTACT-1,0,Monocytes_CD14,,True
TGAGGAGGTGGAAGGC-1,7,Non_classical_Monocytes,,True
TGAGGCACAAACTGCC-1,1,Naοve_CD4_T_cells_helpers,,True
TGAGGCACAACAGGTG-1,0,Monocytes_CD14,,True
TGAGGCACAAGGTACG-1,0,Monocytes_CD14,,True
TGAGGCACAGCAGGTA-1,6,Memory_B_cells,,True
TGAGGCACAGTCTATG-1,0,Monocytes_CD14,,True
TGAGGGAGTAGCTGGT-1,4,Cytotoxic_T_cell,,True
TGAGGGAGTGGATTCA-1,1,Naοve_CD4_T_cells_helpers,,True
TGAGGGAGTTGCAGTA-1,3,Naοve_CD8_T_cells,,True
TGAGGGCCAACTCGCG-1,1,Naοve_CD4_T_cells_helpers,,True
TGAGGGCCACAACCTA-1,4,Cytotoxic_T_cell,,True
TGAGGGCCACAATGTT-1,0,Monocytes_CD14,,True
TGAGGGCCAGTTGCGT-1,7,Non_classical_Monocytes,,True
TGAGGGCCATCATGGC-1,2,T_cells_general_cd4 ambigouus,,False
TGAGGTGCAACAGCCT-1,1,Naοve_CD4_T_cells_helpers,,True
TGAGGTGCAACTGGCT-1,3,Naοve_CD8_T_cells,,True
TGAGGTGCAAGGTATA-1,2,T_cells_general_cd4 ambigouus,,False
TGAGGTGCAAGTAAGC-1,8,Naοve_B_cells,,True
TGAGGTGCAGAATGAC-1,0,Monocytes_CD14,,True
TGAGGTGCATTGGGAG-1,3,Naοve_CD8_T_cells,,True
TGAGTGAAGACAGGCG-1,6,Memory_B_cells,,True
TGAGTGAAGCTCGCTT-1,1,Naοve_CD4_T_cells_helpers,,True
TGAGTGAAGGAGTCGG-1,2,T_cells_general_cd4 ambigouus,,False
TGAGTGAAGGCCTTAG-1,11,pDC,,False
TGAGTGAAGGTTAGAG-1,4,Cytotoxic_T_cell,,True
TGAGTGAAGTCAGGCC-1,1,Naοve_CD4_T_cells_helpers,,True
TGAGTTTCAAAGCCTC-1,9,Dendritic cells,,True
TGAGTTTCACCTGGTG-1,0,Monocytes_CD14,,True
TGAGTTTCAGGTTCAC-1,7,Non_classical_Monocytes,,True
TGAGTTTCAGTTAGCC-1,3,Naοve_CD8_T_cells,,True
TGATCAATCAAGTGTC-1,5,NK_cells,,True
TGATCAATCAATCTCT-1,0,Monocytes_CD14,,True
TGATCAATCATAACGC-1,2,T_cells_general_cd4 ambigouus,,False
TGATCAATCCCTGACT-1,0,Monocytes_CD14,,True
TGATCAATCCTCCCTC-1,8,Naοve_B_cells,,True
TGATCAATCGTAATCA-1,0,Monocytes_CD14,,True
TGATCACAGCGATAGA-1,1,Naοve_CD4_T_cells_helpers,,True
TGATCACAGGCGCTTA-1,0,Monocytes_CD14,,True
TGATCACAGTTTGAGC-1,5,NK_cells,,True
TGATCAGGTACGGGTT-1,4,Cytotoxic_T_cell,,True
TGATCAGGTATTGTGG-1,1,Naοve_CD4_T_cells_helpers,,True
TGATCAGGTCATCAAG-1,0,Monocytes_CD14,,True
TGATCAGGTCATCATC-1,3,Naοve_CD8_T_cells,,True
TGATCAGGTCCTAAGA-1,4,Cytotoxic_T_cell,,True
TGATCAGGTCTTTGAC-1,2,T_cells_general_cd4 ambigouus,,False
TGATCAGGTGCTTAGA-1,0,Monocytes_CD14,,True
TGATCAGGTTAAGTGT-1,1,Naοve_CD4_T_cells_helpers,,True
TGATCCTGTAGACAAA-1,3,Naοve_CD8_T_cells,,True
TGATCCTGTAGCCTCC-1,4,Cytotoxic_T_cell,,True
TGATCCTGTTAACAGT-1,1,Naοve_CD4_T_cells_helpers,,True
TGATCCTGTTGACTTC-1,5,NK_cells,,True
TGATCCTGTTGTGACA-1,2,T_cells_general_cd4 ambigouus,,False
TGATCGAGTAGGATTT-1,0,Monocytes_CD14,,True
TGATCGAGTCAACAAT-1,1,Naοve_CD4_T_cells_helpers,,True
TGATGAACAAAGCTAA-1,3,Naοve_CD8_T_cells,,True
TGATGAACAATGAAGC-1,5,NK_cells,,True
TGATGAACAATTGAAG-1,0,Monocytes_CD14,,True
TGATGAACACAGACTC-1,1,Naοve_CD4_T_cells_helpers,,True
TGATGAACACCAGGTT-1,0,Monocytes_CD14,,True
TGATGAACACTAGGTC-1,0,Monocytes_CD14,,True
TGATGAACAGAATGAC-1,0,Monocytes_CD14,,True
TGATGAACAGCGCTTG-1,5,NK_cells,,True
TGATGAACATGTTGCA-1,5,NK_cells,,True
TGATGACTCAGCATTA-1,2,T_cells_general_cd4 ambigouus,,False
TGATGACTCAGTATTG-1,2,T_cells_general_cd4 ambigouus,,False
TGATGACTCCAAGTTA-1,0,Monocytes_CD14,,True
TGATGACTCCTTGAGG-1,4,Cytotoxic_T_cell,,True
TGATGACTCTAATCCT-1,1,Naοve_CD4_T_cells_helpers,,True
TGATGATGTCGTAATG-1,0,Monocytes_CD14,,True
TGATGATGTGTCCTGC-1,0,Monocytes_CD14,,True
TGATGATGTTAGAGGG-1,0,Monocytes_CD14,,True
TGATGATGTTCACCAT-1,4,Cytotoxic_T_cell,,True
TGATGATGTTCCGGCT-1,2,T_cells_general_cd4 ambigouus,,False
TGATTAGTCAATTACG-1,1,Naοve_CD4_T_cells_helpers,,True
TGATTAGTCATTGTCT-1,3,Naοve_CD8_T_cells,,True
TGATTAGTCCAGGTTG-1,0,Monocytes_CD14,,True
TGATTAGTCCTGGCTT-1,1,Naοve_CD4_T_cells_helpers,,True
TGATTAGTCCTTAATC-1,2,T_cells_general_cd4 ambigouus,,False
TGATTAGTCGCTATGG-1,3,Naοve_CD8_T_cells,,True
TGATTAGTCTCACTAT-1,3,Naοve_CD8_T_cells,,True
TGATTCAAGAGGAGTC-1,3,Naοve_CD8_T_cells,,True
TGATTCAAGCTCAAAC-1,4,Cytotoxic_T_cell,,True
TGATTCAAGGCTAGAA-1,6,Memory_B_cells,,True
TGATTCAAGGTAAGCA-1,3,Naοve_CD8_T_cells,,True
TGATTGCAGCCTAATA-1,2,T_cells_general_cd4 ambigouus,,False
TGATTGCAGCGGATTT-1,3,Naοve_CD8_T_cells,,True
TGATTGCAGCTCATAA-1,0,Monocytes_CD14,,True
TGATTGCAGGAGCAAC-1,1,Naοve_CD4_T_cells_helpers,,True
TGATTGCAGTAAGTCC-1,1,Naοve_CD4_T_cells_helpers,,True
TGCAAGCGTACCCACC-1,8,Naοve_B_cells,,True
TGCAAGCGTATTGGTG-1,8,Naοve_B_cells,,True
TGCAAGCGTATTGTGG-1,3,Naοve_CD8_T_cells,,True
TGCAAGCGTCAAAGGG-1,4,Cytotoxic_T_cell,,True
TGCAAGCGTTCATCTA-1,1,Naοve_CD4_T_cells_helpers,,True
TGCAATATCAGGGCCT-1,6,Memory_B_cells,,True
TGCAATATCCAACTGG-1,2,T_cells_general_cd4 ambigouus,,False
TGCAATATCCAATTAG-1,0,Monocytes_CD14,,True
TGCAATATCGAGCTAT-1,1,Naοve_CD4_T_cells_helpers,,True
TGCAATATCGGTTACG-1,1,Naοve_CD4_T_cells_helpers,,True
TGCAATATCTCCTCTT-1,3,Naοve_CD8_T_cells,,True
TGCACACCACTAAGAA-1,0,Monocytes_CD14,,True
TGCACACCAGAGGCTA-1,6,Memory_B_cells,,True
TGCACACCATCTAGCA-1,0,Monocytes_CD14,,True
TGCACACCATTGTGGC-1,0,Monocytes_CD14,,True
TGCACCTTCAAACACC-1,7,Non_classical_Monocytes,,True
TGCACCTTCAGGTCCA-1,5,NK_cells,,True
TGCACCTTCCCTCATA-1,4,Cytotoxic_T_cell,,True
TGCACCTTCCGCCAAA-1,4,Cytotoxic_T_cell,,True
TGCACCTTCCGTTAAA-1,4,Cytotoxic_T_cell,,True
TGCACCTTCCTAAGGT-1,7,Non_classical_Monocytes,,True
TGCACCTTCTCTAGCC-1,0,Monocytes_CD14,,True
TGCACTTGTACCGTAA-1,0,Monocytes_CD14,,True
TGCACTTGTAGCAGCT-1,0,Monocytes_CD14,,True
TGCACTTGTGAGGTAG-1,6,Memory_B_cells,,True
TGCACTTGTGCTGTAA-1,3,Naοve_CD8_T_cells,,True
TGCACTTGTGTTGTGA-1,0,Monocytes_CD14,,True
TGCACTTGTTGCAATG-1,4,Cytotoxic_T_cell,,True
TGCACTTGTTTACGTC-1,6,Memory_B_cells,,True
TGCACTTGTTTGCGCC-1,1,Naοve_CD4_T_cells_helpers,,True
TGCAGGCTCAAATCGC-1,2,T_cells_general_cd4 ambigouus,,False
TGCAGGCTCGTAACGT-1,4,Cytotoxic_T_cell,,True
TGCAGGCTCTGGCTTC-1,0,Monocytes_CD14,,True
TGCAGGCTCTTAGGGT-1,4,Cytotoxic_T_cell,,True
TGCAGGCTCTTGTCTG-1,1,Naοve_CD4_T_cells_helpers,,True
TGCATCCTCACCGGTA-1,1,Naοve_CD4_T_cells_helpers,,True
TGCATCCTCCTAACGG-1,1,Naοve_CD4_T_cells_helpers,,True
TGCATCCTCCTTGCAC-1,7,Non_classical_Monocytes,,True
TGCATCCTCGTTCACC-1,3,Naοve_CD8_T_cells,,True
TGCATCCTCTGTGAGT-1,9,Dendritic cells,,True
TGCATGAGTAATAACC-1,2,T_cells_general_cd4 ambigouus,,False
TGCATGAGTAGGTTGC-1,6,Memory_B_cells,,True
TGCATGAGTCAGGCAT-1,4,Cytotoxic_T_cell,,True
TGCATGAGTGCGCATG-1,6,Memory_B_cells,,True
TGCATGAGTTGGATAT-1,1,Naοve_CD4_T_cells_helpers,,True
TGCATTAAGGCTTAGT-1,4,Cytotoxic_T_cell,,True
TGCCATTGTAAAGCAA-1,0,Monocytes_CD14,,True
TGCCATTGTAACTACG-1,0,Monocytes_CD14,,True
TGCCATTGTATTGTCC-1,5,NK_cells,,True
TGCCATTGTTAGGCTA-1,0,Monocytes_CD14,,True
TGCCATTGTTAGTACG-1,1,Naοve_CD4_T_cells_helpers,,True
TGCCGGTAGCTGTACG-1,2,T_cells_general_cd4 ambigouus,,False
TGCCGGTAGCTTGCTC-1,1,Naοve_CD4_T_cells_helpers,,True
TGCCGGTAGGAACGCG-1,7,Non_classical_Monocytes,,True
TGCCGGTAGGAGGCAT-1,1,Naοve_CD4_T_cells_helpers,,True
TGCCTGTTCATAACTG-1,1,Naοve_CD4_T_cells_helpers,,True
TGCCTGTTCATCAGTA-1,5,NK_cells,,True
TGCCTGTTCCGGAACC-1,0,Monocytes_CD14,,True
TGCCTGTTCCTGGTGA-1,0,Monocytes_CD14,,True
TGCGATTAGCGTGCAC-1,0,Monocytes_CD14,,True
TGCGATTAGCTTACTT-1,3,Naοve_CD8_T_cells,,True
TGCGATTAGGACTTAC-1,1,Naοve_CD4_T_cells_helpers,,True
TGCGATTAGTTTGGTA-1,2,T_cells_general_cd4 ambigouus,,False
TGCGCAGGTCACTCGC-1,2,T_cells_general_cd4 ambigouus,,False
TGCGCAGGTTAATCGG-1,0,Monocytes_CD14,,True
TGCGCAGGTTAGGCTA-1,3,Naοve_CD8_T_cells,,True
TGCGCAGGTTGCGCGA-1,7,Non_classical_Monocytes,,True
TGCGCAGGTTTGTGGA-1,0,Monocytes_CD14,,True
TGCGCGAGTCACAGCG-1,0,Monocytes_CD14,,True
TGCGCGAGTGAGGTGA-1,0,Monocytes_CD14,,True
TGCGCGAGTTAACACG-1,2,T_cells_general_cd4 ambigouus,,False
TGCGCGAGTTAGGCTA-1,3,Naοve_CD8_T_cells,,True
TGCGCGAGTTGCCTCA-1,1,Naοve_CD4_T_cells_helpers,,True
TGCGCGAGTTGGTTAG-1,2,T_cells_general_cd4 ambigouus,,False
TGCGGTTCAACCCTAA-1,1,Naοve_CD4_T_cells_helpers,,True
TGCGGTTCACTAAGTT-1,3,Naοve_CD8_T_cells,,True
TGCGGTTCAGGAATCG-1,6,Memory_B_cells,,True
TGCGGTTCAGGATAAC-1,4,Cytotoxic_T_cell,,True
TGCGGTTCATAAAGCA-1,0,Monocytes_CD14,,True
TGCGGTTCATGGCCTG-1,0,Monocytes_CD14,,True
TGCTAACAGATGGACA-1,0,Monocytes_CD14,,True
TGCTAACAGCGAGTAA-1,1,Naοve_CD4_T_cells_helpers,,True
TGCTAACAGGCGCACT-1,3,Naοve_CD8_T_cells,,True
TGCTAACAGTGGACAA-1,3,Naοve_CD8_T_cells,,True
TGCTAACAGTTATGTG-1,2,T_cells_general_cd4 ambigouus,,False
TGCTAGCCAGCAAGTG-1,3,Naοve_CD8_T_cells,,True
TGCTAGCCATCGCTTT-1,3,Naοve_CD8_T_cells,,True
TGCTATGCAACCTAAT-1,3,Naοve_CD8_T_cells,,True
TGCTATGCAATGCGCT-1,7,Non_classical_Monocytes,,True
TGCTATGCAATTTAGC-1,3,Naοve_CD8_T_cells,,True
TGCTATGCACGCAACT-1,4,Cytotoxic_T_cell,,True
TGCTATGCATAGCGGA-1,0,Monocytes_CD14,,True
TGCTATGCATCGCTCC-1,5,NK_cells,,True
TGCTATGCATCGCTTT-1,6,Memory_B_cells,,True
TGCTATGCATGAATAG-1,2,T_cells_general_cd4 ambigouus,,False
TGCTCAACAATAGTCT-1,0,Monocytes_CD14,,True
TGCTCAACACAACCTA-1,2,T_cells_general_cd4 ambigouus,,False
TGCTCAACAGGATTAA-1,3,Naοve_CD8_T_cells,,True
TGCTCACTCAATTACG-1,6,Memory_B_cells,,True
TGCTCACTCCCTCACG-1,9,Dendritic cells,,True
TGCTCACTCCGGTATG-1,1,Naοve_CD4_T_cells_helpers,,True
TGCTCACTCGCTAGAT-1,6,Memory_B_cells,,True
TGCTCCGTCTGTAAGC-1,9,Dendritic cells,,True
TGCTCTCAGGTCGATT-1,0,Monocytes_CD14,,True
TGCTCTCAGTGAGCAA-1,1,Naοve_CD4_T_cells_helpers,,True
TGCTGGATCACCATTT-1,3,Naοve_CD8_T_cells,,True
TGCTGGATCATGTCAA-1,1,Naοve_CD4_T_cells_helpers,,True
TGCTGGATCATTAGTG-1,3,Naοve_CD8_T_cells,,True
TGCTGGATCCACAATA-1,7,Non_classical_Monocytes,,True
TGCTGGATCCCTGGAA-1,2,T_cells_general_cd4 ambigouus,,False
TGCTGGATCCGGTATG-1,2,T_cells_general_cd4 ambigouus,,False
TGCTGGATCCTGGTGA-1,3,Naοve_CD8_T_cells,,True
TGCTGGATCTCCTCTT-1,5,NK_cells,,True
TGCTTAAAGACTAAGG-1,0,Monocytes_CD14,,True
TGCTTAAAGAGGATAT-1,2,T_cells_general_cd4 ambigouus,,False
TGCTTAAAGCAGGCCT-1,4,Cytotoxic_T_cell,,True
TGCTTAAAGCGTGCAC-1,0,Monocytes_CD14,,True
TGCTTAAAGCTATTAG-1,3,Naοve_CD8_T_cells,,True
TGCTTAAAGGACCTTG-1,0,Monocytes_CD14,,True
TGCTTAAAGTATCGCG-1,1,Naοve_CD4_T_cells_helpers,,True
TGCTTCATCCAAACAC-1,1,Naοve_CD4_T_cells_helpers,,True
TGCTTCATCCATCAGG-1,9,Dendritic cells,,True
TGCTTCATCGACAAAG-1,2,T_cells_general_cd4 ambigouus,,False
TGCTTCATCGCGCTAA-1,1,Naοve_CD4_T_cells_helpers,,True
TGCTTCCAGACAACAG-1,6,Memory_B_cells,,True
TGCTTCCAGCAGCTAT-1,2,T_cells_general_cd4 ambigouus,,False
TGCTTCCAGCTGTAAC-1,0,Monocytes_CD14,,True
TGCTTCCAGGACAACA-1,1,Naοve_CD4_T_cells_helpers,,True
TGCTTCCAGGGTGGAT-1,5,NK_cells,,True
TGCTTCCAGTAACCCG-1,0,Monocytes_CD14,,True
TGCTTCCAGTTATCTC-1,3,Naοve_CD8_T_cells,,True
TGCTTGCTCAATCTCT-1,0,Monocytes_CD14,,True
TGCTTGCTCACCGGTA-1,10,Cytotoxic_T_NK,,False
TGCTTGCTCAGCACGC-1,1,Naοve_CD4_T_cells_helpers,,True
TGCTTGCTCATCCTCA-1,0,Monocytes_CD14,,True
TGCTTGCTCATGAGCT-1,8,Naοve_B_cells,,True
TGCTTGCTCCCGAACA-1,2,T_cells_general_cd4 ambigouus,,False
TGCTTGCTCCTGGCTT-1,2,T_cells_general_cd4 ambigouus,,False
TGCTTGCTCTAAGTGC-1,0,Monocytes_CD14,,True
TGCTTGTGTAGCAGCT-1,0,Monocytes_CD14,,True
TGCTTGTGTAGGTTGC-1,3,Naοve_CD8_T_cells,,True
TGCTTGTGTCGCGCAA-1,0,Monocytes_CD14,,True
TGCTTGTGTGACATAT-1,3,Naοve_CD8_T_cells,,True
TGCTTGTGTGGCTTCC-1,2,T_cells_general_cd4 ambigouus,,False
TGCTTGTGTGTTGCAA-1,3,Naοve_CD8_T_cells,,True
TGCTTTAGTACGCGCA-1,1,Naοve_CD4_T_cells_helpers,,True
TGCTTTAGTGGTTCTT-1,3,Naοve_CD8_T_cells,,True
TGCTTTAGTTGCGGAT-1,2,T_cells_general_cd4 ambigouus,,False
TGGAACAAGACAGGTA-1,5,NK_cells,,True
TGGAACAAGCAAACCT-1,0,Monocytes_CD14,,True
TGGAACAAGCTAGAAG-1,8,Naοve_B_cells,,True
TGGACAAAGCTTAGCG-1,4,Cytotoxic_T_cell,,True
TGGACAAAGGCATGTT-1,11,pDC,,False
TGGACAAAGGCGAATA-1,3,Naοve_CD8_T_cells,,True
TGGACAAAGGCGCTAC-1,1,Naοve_CD4_T_cells_helpers,,True
TGGACAAAGTTCCCGT-1,3,Naοve_CD8_T_cells,,True
TGGACCGGTCAAACTG-1,3,Naοve_CD8_T_cells,,True
TGGACCGGTGGAAGGC-1,1,Naοve_CD4_T_cells_helpers,,True
TGGACCGGTGTAATAC-1,0,Monocytes_CD14,,True
TGGACCGGTGTTGTAG-1,4,Cytotoxic_T_cell,,True
TGGACGGAGAATGACG-1,0,Monocytes_CD14,,True
TGGACGGAGCTTGCTC-1,3,Naοve_CD8_T_cells,,True
TGGACGGAGGCCGGAA-1,6,Memory_B_cells,,True
TGGACGGAGGCGAAAC-1,3,Naοve_CD8_T_cells,,True
TGGACGGAGGCGCATC-1,1,Naοve_CD4_T_cells_helpers,,True
TGGACGGAGTGGACAA-1,1,Naοve_CD4_T_cells_helpers,,True
TGGACTAGTAATCGTG-1,2,T_cells_general_cd4 ambigouus,,False
TGGACTAGTAATGACT-1,1,Naοve_CD4_T_cells_helpers,,True
TGGACTAGTACCGAAC-1,3,Naοve_CD8_T_cells,,True
TGGACTAGTTGTAAAC-1,3,Naοve_CD8_T_cells,,True
TGGATTCAGAGAAGGG-1,4,Cytotoxic_T_cell,,True
TGGATTCAGCAAACCT-1,4,Cytotoxic_T_cell,,True
TGGATTCAGCGCTAAT-1,2,T_cells_general_cd4 ambigouus,,False
TGGATTCAGGAACGGT-1,1,Naοve_CD4_T_cells_helpers,,True
TGGATTCAGGACAATG-1,8,Naοve_B_cells,,True
TGGATTCAGGATTGAG-1,3,Naοve_CD8_T_cells,,True
TGGATTCAGGGCTTTG-1,0,Monocytes_CD14,,True
TGGATTCAGGTCATTA-1,0,Monocytes_CD14,,True
TGGATTCAGTCATGCG-1,11,pDC,,False
TGGATTGGTACAATGT-1,7,Non_classical_Monocytes,,True
TGGATTGGTACCGTAA-1,4,Cytotoxic_T_cell,,True
TGGATTGGTCAAAGAA-1,1,Naοve_CD4_T_cells_helpers,,True
TGGATTGGTGGCTTCC-1,5,NK_cells,,True
TGGATTGGTGGTGAGA-1,7,Non_classical_Monocytes,,True
TGGATTGGTTGTTGTC-1,1,Naοve_CD4_T_cells_helpers,,True
TGGATTGGTTTCCACG-1,1,Naοve_CD4_T_cells_helpers,,True
TGGATTGGTTTGAGGC-1,1,Naοve_CD4_T_cells_helpers,,True
TGGCCAATCCCTCGCA-1,10,Cytotoxic_T_NK,,False
TGGCCAATCCCTGTTA-1,2,T_cells_general_cd4 ambigouus,,False
TGGCCAATCCTGGTGA-1,9,Dendritic cells,,True
TGGCCAATCTAATCAG-1,0,Monocytes_CD14,,True
TGGCCATCAAATATCC-1,0,Monocytes_CD14,,True
TGGCCATCACCGGCTA-1,2,T_cells_general_cd4 ambigouus,,False
TGGCCATCACCTGGTG-1,2,T_cells_general_cd4 ambigouus,,False
TGGCCATCAGAAACGT-1,4,Cytotoxic_T_cell,,True
TGGCCATCAGGTATTT-1,1,Naοve_CD4_T_cells_helpers,,True
TGGCCATCATCGTTCT-1,2,T_cells_general_cd4 ambigouus,,False
TGGCCATCATGCAACC-1,7,Non_classical_Monocytes,,True
TGGCCATCATGTTGGC-1,1,Naοve_CD4_T_cells_helpers,,True
TGGCCATCATGTTTGG-1,8,Naοve_B_cells,,True
TGGCCTGCAAGTCGCT-1,3,Naοve_CD8_T_cells,,True
TGGCCTGCAATATACC-1,1,Naοve_CD4_T_cells_helpers,,True
TGGCCTGCAGAATGAC-1,0,Monocytes_CD14,,True
TGGCCTGCAGGCTGTT-1,3,Naοve_CD8_T_cells,,True
TGGCCTTTCCCGAACA-1,0,Monocytes_CD14,,True
TGGCCTTTCGCATTAA-1,1,Naοve_CD4_T_cells_helpers,,True
TGGCCTTTCTACTAAG-1,1,Naοve_CD4_T_cells_helpers,,True
TGGCCTTTCTTGCAAA-1,6,Memory_B_cells,,True
TGGCGGTTCATTAGCA-1,0,Monocytes_CD14,,True
TGGCGGTTCATTTGTC-1,7,Non_classical_Monocytes,,True
TGGCGGTTCCTACCTA-1,5,NK_cells,,True
TGGCGGTTCCTTGCAC-1,0,Monocytes_CD14,,True
TGGCGGTTCTTGCAAA-1,7,Non_classical_Monocytes,,True
TGGCTAAGTCAATAGT-1,3,Naοve_CD8_T_cells,,True
TGGCTAAGTGAGAAAC-1,1,Naοve_CD4_T_cells_helpers,,True
TGGCTAAGTTAGACCA-1,0,Monocytes_CD14,,True
TGGCTAAGTTAGGTTG-1,0,Monocytes_CD14,,True
TGGCTAAGTTATTGCC-1,1,Naοve_CD4_T_cells_helpers,,True
TGGCTATAGAACCTAC-1,0,Monocytes_CD14,,True
TGGCTATAGCCTCTCG-1,1,Naοve_CD4_T_cells_helpers,,True
TGGCTATAGGAGGACT-1,7,Non_classical_Monocytes,,True
TGGCTATAGGCAAGTA-1,1,Naοve_CD4_T_cells_helpers,,True
TGGCTATAGGCTATGT-1,3,Naοve_CD8_T_cells,,True
TGGCTATAGGGATGCG-1,4,Cytotoxic_T_cell,,True
TGGCTATAGGGCCATC-1,4,Cytotoxic_T_cell,,True
TGGCTATAGGTACCGC-1,10,Cytotoxic_T_NK,,False
TGGCTATAGGTCCAAT-1,7,Non_classical_Monocytes,,True
TGGCTATAGGTCTTGG-1,0,Monocytes_CD14,,True
TGGCTATAGTCACCAG-1,0,Monocytes_CD14,,True
TGGCTATAGTCGCAAT-1,0,Monocytes_CD14,,True
TGGCTATAGTTGCGTG-1,4,Cytotoxic_T_cell,,True
TGGCTATAGTTTAACG-1,3,Naοve_CD8_T_cells,,True
TGGCTTTGTAACCAGC-1,4,Cytotoxic_T_cell,,True
TGGCTTTGTCACGAAC-1,0,Monocytes_CD14,,True
TGGCTTTGTCCGGTTC-1,3,Naοve_CD8_T_cells,,True
TGGCTTTGTGAGAAAC-1,4,Cytotoxic_T_cell,,True
TGGCTTTGTTGCAATG-1,8,Naοve_B_cells,,True
TGGCTTTGTTTCGCCA-1,2,T_cells_general_cd4 ambigouus,,False
TGGGCATGTCAAGTGC-1,2,T_cells_general_cd4 ambigouus,,False
TGGGCATGTCGACTCC-1,0,Monocytes_CD14,,True
TGGGCATGTCTTTATG-1,0,Monocytes_CD14,,True
TGGGCATGTTAGTGAT-1,3,Naοve_CD8_T_cells,,True
TGGGCATGTTGGATAT-1,0,Monocytes_CD14,,True
TGGGCATGTTGTCCAT-1,0,Monocytes_CD14,,True
TGGGCATGTTGTTGTC-1,0,Monocytes_CD14,,True
TGGGCCTAGACTCGCA-1,3,Naοve_CD8_T_cells,,True
TGGGCCTAGCAACAAG-1,3,Naοve_CD8_T_cells,,True
TGGGCCTAGCCTCTCG-1,0,Monocytes_CD14,,True
TGGGCCTAGTCACGAT-1,0,Monocytes_CD14,,True
TGGGCCTAGTCACTAA-1,1,Naοve_CD4_T_cells_helpers,,True
TGGTAAACACACAATT-1,0,Monocytes_CD14,,True
TGGTAAACACAGGGAC-1,7,Non_classical_Monocytes,,True
TGGTAAACACCTCAGG-1,0,Monocytes_CD14,,True
TGGTAAACATTGCGTA-1,1,Naοve_CD4_T_cells_helpers,,True
TGGTCAAGTCTAACCT-1,3,Naοve_CD8_T_cells,,True
TGGTCAAGTGCATTTC-1,1,Naοve_CD4_T_cells_helpers,,True
TGGTCAAGTTCACCAT-1,10,Cytotoxic_T_NK,,False
TGGTCAAGTTGCTTCG-1,0,Monocytes_CD14,,True
TGGTCAAGTTGTTGGA-1,3,Naοve_CD8_T_cells,,True
TGGTCAGTCCGTGACA-1,2,T_cells_general_cd4 ambigouus,,False
TGGTCAGTCCTGATTT-1,0,Monocytes_CD14,,True
TGGTCAGTCCTTGTTG-1,0,Monocytes_CD14,,True
TGGTCAGTCGCGACAC-1,0,Monocytes_CD14,,True
TGGTCAGTCTTGCAGG-1,10,Cytotoxic_T_NK,,False
TGGTCATAGCGCTAAT-1,0,Monocytes_CD14,,True
TGGTCATAGGAGGGTT-1,0,Monocytes_CD14,,True
TGGTCATAGGATTGAG-1,13,Plasma_cells,,False
TGGTCATAGTCGCAAT-1,0,Monocytes_CD14,,True
TGGTCATAGTTTCCTG-1,0,Monocytes_CD14,,True
TGGTCCTTCAAGCTTA-1,7,Non_classical_Monocytes,,True
TGGTCCTTCAATGAGG-1,5,NK_cells,,True
TGGTCCTTCCAAGTTA-1,4,Cytotoxic_T_cell,,True
TGGTCCTTCCTAGTCC-1,8,Naοve_B_cells,,True
TGGTCCTTCCTCAGCT-1,1,Naοve_CD4_T_cells_helpers,,True
TGGTCCTTCGATAACC-1,8,Naοve_B_cells,,True
TGGTCCTTCGTCATTT-1,4,Cytotoxic_T_cell,,True
TGGTGATTCAATGACC-1,5,NK_cells,,True
TGGTGATTCCAATAGC-1,2,T_cells_general_cd4 ambigouus,,False
TGGTGATTCCCGCAAA-1,1,Naοve_CD4_T_cells_helpers,,True
TGGTGCATCAAGCCTG-1,10,Cytotoxic_T_NK,,False
TGGTGCATCAATGACC-1,2,T_cells_general_cd4 ambigouus,,False
TGGTGCATCCCTGTTA-1,2,T_cells_general_cd4 ambigouus,,False
TGGTTAATCATTAGCA-1,0,Monocytes_CD14,,True
TGGTTAATCGGTCAGC-1,3,Naοve_CD8_T_cells,,True
TGGTTAATCTCGCCCA-1,8,Naοve_B_cells,,True
TGGTTCCTCAAGCTAC-1,1,Naοve_CD4_T_cells_helpers,,True
TGGTTCCTCGGTTTCC-1,3,Naοve_CD8_T_cells,,True
TGGTTCTGTAATCGGC-1,0,Monocytes_CD14,,True
TGGTTCTGTACCGGAT-1,4,Cytotoxic_T_cell,,True
TGGTTCTGTACGATTG-1,3,Naοve_CD8_T_cells,,True
TGGTTCTGTACTTAGG-1,4,Cytotoxic_T_cell,,True
TGGTTCTGTCACCAAA-1,8,Naοve_B_cells,,True
TGGTTCTGTGAATCGC-1,6,Memory_B_cells,,True
TGGTTCTGTGCTCCAC-1,1,Naοve_CD4_T_cells_helpers,,True
TGGTTCTGTGTGCACG-1,3,Naοve_CD8_T_cells,,True
TGGTTCTGTTGCCTCA-1,5,NK_cells,,True
TGGTTCTGTTTAAAGC-1,0,Monocytes_CD14,,True
TGGTTGAGTACCGAAC-1,2,T_cells_general_cd4 ambigouus,,False
TGGTTGAGTACGCGCA-1,4,Cytotoxic_T_cell,,True
TGGTTGAGTGATCAGC-1,1,Naοve_CD4_T_cells_helpers,,True
TGGTTGAGTGCAATAT-1,6,Memory_B_cells,,True
TGGTTGAGTGCGCAAT-1,1,Naοve_CD4_T_cells_helpers,,True
TGGTTGAGTTACCTGT-1,1,Naοve_CD4_T_cells_helpers,,True
TGGTTGAGTTCACCCA-1,1,Naοve_CD4_T_cells_helpers,,True
TGGTTGAGTTGAGGTC-1,3,Naοve_CD8_T_cells,,True
TGGTTGAGTTTGAGGC-1,5,NK_cells,,True
TGTAAAGCAAACTAAG-1,3,Naοve_CD8_T_cells,,True
TGTAAAGCAAGGTCCT-1,1,Naοve_CD4_T_cells_helpers,,True
TGTAAAGCATCCTGAA-1,1,Naοve_CD4_T_cells_helpers,,True
TGTAACTCAATTGCGC-1,0,Monocytes_CD14,,True
TGTAACTCACACCAAC-1,1,Naοve_CD4_T_cells_helpers,,True
TGTAACTCACTAAGAA-1,2,T_cells_general_cd4 ambigouus,,False
TGTAACTCAGCTTAAT-1,1,Naοve_CD4_T_cells_helpers,,True
TGTAACTCATGTGGGA-1,8,Naοve_B_cells,,True
TGTAAGCTCAATAGCC-1,0,Monocytes_CD14,,True
TGTAAGCTCGCACAAT-1,1,Naοve_CD4_T_cells_helpers,,True
TGTAAGCTCTTAGGAC-1,10,Cytotoxic_T_NK,,False
TGTAAGTGTCATGCCC-1,3,Naοve_CD8_T_cells,,True
TGTAAGTGTTCATCTA-1,0,Monocytes_CD14,,True
TGTAAGTGTTGAGCCG-1,3,Naοve_CD8_T_cells,,True
TGTAATGTCCCGTTAC-1,0,Monocytes_CD14,,True
TGTAATGTCCTCACAC-1,2,T_cells_general_cd4 ambigouus,,False
TGTAATGTCCTGGTGA-1,4,Cytotoxic_T_cell,,True
TGTAATGTCGGCTATG-1,1,Naοve_CD4_T_cells_helpers,,True
TGTATCCGTAATCGTG-1,2,T_cells_general_cd4 ambigouus,,False
TGTATCCGTGCTCCAC-1,1,Naοve_CD4_T_cells_helpers,,True
TGTATCCGTTAGCAGC-1,0,Monocytes_CD14,,True
TGTATCCGTTCCAGGG-1,5,NK_cells,,True
TGTATCGCAAGCTAAA-1,3,Naοve_CD8_T_cells,,True
TGTATCGCAAGTAAGC-1,0,Monocytes_CD14,,True
TGTATCGCACTGACTA-1,0,Monocytes_CD14,,True
TGTATCGCATATTGAC-1,7,Non_classical_Monocytes,,True
TGTATCGCATGATTGT-1,0,Monocytes_CD14,,True
TGTCAATCACGTGCTG-1,3,Naοve_CD8_T_cells,,True
TGTCAATCACTGGCTG-1,2,T_cells_general_cd4 ambigouus,,False
TGTCAATCATTTGCTC-1,1,Naοve_CD4_T_cells_helpers,,True
TGTCAGTAGCATGACT-1,0,Monocytes_CD14,,True
TGTCAGTAGCCTTAAA-1,0,Monocytes_CD14,,True
TGTCAGTAGGACCAGG-1,2,T_cells_general_cd4 ambigouus,,False
TGTCAGTAGGAGGTTA-1,3,Naοve_CD8_T_cells,,True
TGTCAGTAGGCGGGTA-1,3,Naοve_CD8_T_cells,,True
TGTCAGTAGGCTAATC-1,7,Non_classical_Monocytes,,True
TGTCAGTAGGTCCTAG-1,2,T_cells_general_cd4 ambigouus,,False
TGTCATAAGCAAACCT-1,5,NK_cells,,True
TGTCATAAGCCTGGTA-1,5,NK_cells,,True
TGTCATAAGCGAGTAA-1,1,Naοve_CD4_T_cells_helpers,,True
TGTCATAAGGTATTGC-1,0,Monocytes_CD14,,True
TGTCCTGGTCATCAAG-1,4,Cytotoxic_T_cell,,True
TGTCCTGGTGTTAAAC-1,2,T_cells_general_cd4 ambigouus,,False
TGTCCTTCACACCAAC-1,3,Naοve_CD8_T_cells,,True
TGTCCTTCAGCATGGA-1,3,Naοve_CD8_T_cells,,True
TGTCCTTCATTAAGTC-1,1,Naοve_CD4_T_cells_helpers,,True
TGTGAAACACAAGCCT-1,1,Naοve_CD4_T_cells_helpers,,True
TGTGAAACATAGGCGA-1,2,T_cells_general_cd4 ambigouus,,False
TGTGATCAGCGCATTG-1,2,T_cells_general_cd4 ambigouus,,False
TGTGATCAGCTTAACA-1,2,T_cells_general_cd4 ambigouus,,False
TGTGATCAGTCACTAA-1,2,T_cells_general_cd4 ambigouus,,False
TGTGATCAGTCTGGGC-1,1,Naοve_CD4_T_cells_helpers,,True
TGTGATCAGTGAGGGT-1,1,Naοve_CD4_T_cells_helpers,,True
TGTGCAAGTACGGTAC-1,0,Monocytes_CD14,,True
TGTGCAAGTAGGTGTC-1,0,Monocytes_CD14,,True
TGTGCAAGTCACGAAC-1,0,Monocytes_CD14,,True
TGTGCAAGTCGTTATC-1,0,Monocytes_CD14,,True
TGTGCAAGTCTCAGCC-1,0,Monocytes_CD14,,True
TGTGCAAGTGACATGC-1,3,Naοve_CD8_T_cells,,True
TGTGCAAGTGACCTGG-1,3,Naοve_CD8_T_cells,,True
TGTGCAAGTGTTTGAG-1,3,Naοve_CD8_T_cells,,True
TGTGCAAGTTCGGGAT-1,2,T_cells_general_cd4 ambigouus,,False
TGTGCACCAGGAACAT-1,0,Monocytes_CD14,,True
TGTGCGCAGACCATAC-1,3,Naοve_CD8_T_cells,,True
TGTGCGCAGCATTATG-1,2,T_cells_general_cd4 ambigouus,,False
TGTGCGCAGGCGGATG-1,3,Naοve_CD8_T_cells,,True
TGTGCGCAGGTTTGCG-1,3,Naοve_CD8_T_cells,,True
TGTGCGCAGTCACCTC-1,4,Cytotoxic_T_cell,,True
TGTGCGGGTATGTGGC-1,4,Cytotoxic_T_cell,,True
TGTGCGGGTCAAAGGG-1,2,T_cells_general_cd4 ambigouus,,False
TGTGCGGGTCAGGCAT-1,2,T_cells_general_cd4 ambigouus,,False
TGTGCGGGTCCAAATG-1,4,Cytotoxic_T_cell,,True
TGTGCGGGTGGATTGC-1,0,Monocytes_CD14,,True
TGTGCTGAGACTTACA-1,3,Naοve_CD8_T_cells,,True
TGTGCTGAGCAAGGAC-1,1,Naοve_CD4_T_cells_helpers,,True
TGTGCTGAGCGATACT-1,3,Naοve_CD8_T_cells,,True
TGTGCTGAGGAACACA-1,0,Monocytes_CD14,,True
TGTGGAGCAACCTGGT-1,3,Naοve_CD8_T_cells,,True
TGTGGAGCAATGAAGC-1,8,Naοve_B_cells,,True
TGTGGAGCACAGAAAC-1,3,Naοve_CD8_T_cells,,True
TGTGGAGCACCGGCTA-1,2,T_cells_general_cd4 ambigouus,,False
TGTGGAGCATTCCTCG-1,5,NK_cells,,True
TGTGGAGCATTTGCTC-1,2,T_cells_general_cd4 ambigouus,,False
TGTGGCCAGAATCTCA-1,1,Naοve_CD4_T_cells_helpers,,True
TGTGGCCAGGATTGCT-1,3,Naοve_CD8_T_cells,,True
TGTGGCGGTACCCACC-1,4,Cytotoxic_T_cell,,True
TGTGGCGGTACTTCAC-1,5,NK_cells,,True
TGTGGCGGTTTGAGGC-1,0,Monocytes_CD14,,True
TGTGGCTCATACTCCT-1,3,Naοve_CD8_T_cells,,True
TGTGGCTCATTCCTCG-1,4,Cytotoxic_T_cell,,True
TGTGTGAGTAACGAGG-1,0,Monocytes_CD14,,True
TGTGTGAGTAATAGCT-1,0,Monocytes_CD14,,True
TGTGTGAGTACTTCAC-1,0,Monocytes_CD14,,True
TGTGTGAGTCCAAGAC-1,0,Monocytes_CD14,,True
TGTGTGAGTTCCAGGG-1,1,Naοve_CD4_T_cells_helpers,,True
TGTGTGAGTTCCTGAT-1,3,Naοve_CD8_T_cells,,True
TGTGTTAAGACACTTA-1,5,NK_cells,,True
TGTGTTAAGCCTGGTA-1,3,Naοve_CD8_T_cells,,True
TGTGTTAAGCGCCTTT-1,7,Non_classical_Monocytes,,True
TGTGTTAAGCTATGAC-1,2,T_cells_general_cd4 ambigouus,,False
TGTGTTAAGGCGGGTA-1,1,Naοve_CD4_T_cells_helpers,,True
TGTGTTAAGGCTGTGC-1,6,Memory_B_cells,,True
TGTGTTAAGTTAGACC-1,0,Monocytes_CD14,,True
TGTTACTTCCTTTACG-1,3,Naοve_CD8_T_cells,,True
TGTTACTTCGCCTAAG-1,8,Naοve_B_cells,,True
TGTTACTTCTTAATGG-1,0,Monocytes_CD14,,True
TGTTAGCAGCATGAAG-1,2,T_cells_general_cd4 ambigouus,,False
TGTTATGAGCGATACT-1,1,Naοve_CD4_T_cells_helpers,,True
TGTTATGAGCGCAATT-1,4,Cytotoxic_T_cell,,True
TGTTCATTCAAGCTAC-1,1,Naοve_CD4_T_cells_helpers,,True
TGTTCATTCAATCTCT-1,5,NK_cells,,True
TGTTCATTCCACAATA-1,1,Naοve_CD4_T_cells_helpers,,True
TGTTCATTCCCGCCTA-1,3,Naοve_CD8_T_cells,,True
TGTTCATTCGCTCCAT-1,3,Naοve_CD8_T_cells,,True
TGTTCCTCAAATACCT-1,4,Cytotoxic_T_cell,,True
TGTTCCTCAACCTGGT-1,1,Naοve_CD4_T_cells_helpers,,True
TGTTCCTCAATATGGA-1,0,Monocytes_CD14,,True
TGTTCCTCAGCAAGTG-1,0,Monocytes_CD14,,True
TGTTCCTCAGCCTGCA-1,4,Cytotoxic_T_cell,,True
TGTTCCTCATAAGTTC-1,0,Monocytes_CD14,,True
TGTTCCTCATACTCCT-1,8,Naοve_B_cells,,True
TGTTGCACAACTGGGA-1,5,NK_cells,,True
TGTTGCACAATTGAAG-1,3,Naοve_CD8_T_cells,,True
TGTTGCACACAAAGCG-1,0,Monocytes_CD14,,True
TGTTGCACACAACAGG-1,3,Naοve_CD8_T_cells,,True
TGTTGCACACAACCTA-1,2,T_cells_general_cd4 ambigouus,,False
TGTTGCACACACTAAT-1,4,Cytotoxic_T_cell,,True
TGTTGCACAGTAAGTA-1,3,Naοve_CD8_T_cells,,True
TGTTGGCCAACAGGAT-1,0,Monocytes_CD14,,True
TGTTGGCCACCATATG-1,0,Monocytes_CD14,,True
TGTTGGCCACCTCAGG-1,4,Cytotoxic_T_cell,,True
TGTTGTAAGAGGAGGA-1,4,Cytotoxic_T_cell,,True
TGTTGTAAGCCTTAAA-1,2,T_cells_general_cd4 ambigouus,,False
TGTTGTAAGCTAATCA-1,2,T_cells_general_cd4 ambigouus,,False
TGTTGTAAGGAGCACG-1,2,T_cells_general_cd4 ambigouus,,False
TGTTGTGCAAGTGTTT-1,1,Naοve_CD4_T_cells_helpers,,True
TGTTGTGCACACAATT-1,10,Cytotoxic_T_NK,,False
TGTTGTTTCACGTTAA-1,1,Naοve_CD4_T_cells_helpers,,True
TGTTGTTTCATCACTT-1,4,Cytotoxic_T_cell,,True
TGTTGTTTCATGCAAC-1,1,Naοve_CD4_T_cells_helpers,,True
TGTTGTTTCCGTCCAT-1,8,Naοve_B_cells,,True
TGTTTGTTCAATCTAG-1,0,Monocytes_CD14,,True
TGTTTGTTCATTAGGC-1,6,Memory_B_cells,,True
TGTTTGTTCATTGTTC-1,3,Naοve_CD8_T_cells,,True
TGTTTGTTCGCAGGCT-1,1,Naοve_CD4_T_cells_helpers,,True
TTAAAGGCAATTGAGA-1,7,Non_classical_Monocytes,,True
TTAAAGGCACGTAATT-1,8,Naοve_B_cells,,True
TTAAAGGCAGAGGGAG-1,2,T_cells_general_cd4 ambigouus,,False
TTAAAGGCAGCTACGT-1,1,Naοve_CD4_T_cells_helpers,,True
TTAAAGGCAGCTTAAT-1,3,Naοve_CD8_T_cells,,True
TTAAAGGCATTGTCAG-1,6,Memory_B_cells,,True
TTAACCAAGGAGCAAC-1,0,Monocytes_CD14,,True
TTAACCAAGGTTACAC-1,3,Naοve_CD8_T_cells,,True
TTAACTGAGCACTAAC-1,3,Naοve_CD8_T_cells,,True
TTAACTGAGCAGCTCA-1,8,Naοve_B_cells,,True
TTAACTGAGCCGCAGT-1,3,Naοve_CD8_T_cells,,True
TTAACTGAGCCGCTAA-1,4,Cytotoxic_T_cell,,True
TTAACTGAGCGTGCAC-1,2,T_cells_general_cd4 ambigouus,,False
TTAACTGAGGATGATG-1,2,T_cells_general_cd4 ambigouus,,False
TTAACTGAGGGACGCA-1,0,Monocytes_CD14,,True
TTAACTGAGTAACTCA-1,1,Naοve_CD4_T_cells_helpers,,True
TTAACTGAGTGAGAGC-1,6,Memory_B_cells,,True
TTAAGCCAGCACAGCC-1,4,Cytotoxic_T_cell,,True
TTAAGCCAGGCGCACT-1,1,Naοve_CD4_T_cells_helpers,,True
TTAAGCCAGGCGGATG-1,2,T_cells_general_cd4 ambigouus,,False
TTAAGCCAGGGATGCG-1,4,Cytotoxic_T_cell,,True
TTAAGGACAAGGCCAA-1,5,NK_cells,,True
TTAAGGACACCTATAG-1,1,Naοve_CD4_T_cells_helpers,,True
TTAAGGACACTAAATC-1,10,Cytotoxic_T_NK,,False
TTAAGGACATGATTGT-1,3,Naοve_CD8_T_cells,,True
TTAAGGTGTACCCACC-1,4,Cytotoxic_T_cell,,True
TTAAGGTGTTGTAAAC-1,0,Monocytes_CD14,,True
TTAAGTGTCAGCACGC-1,5,NK_cells,,True
TTAAGTGTCAGGCCTA-1,6,Memory_B_cells,,True
TTAAGTGTCCCGTTGT-1,0,Monocytes_CD14,,True
TTAAGTGTCTCTAGCC-1,3,Naοve_CD8_T_cells,,True
TTAATCGAGACACCGC-1,5,NK_cells,,True
TTAATCGAGCGATAAG-1,5,NK_cells,,True
TTAATCGAGCTATATG-1,2,T_cells_general_cd4 ambigouus,,False
TTAATCGAGTGAGGGT-1,0,Monocytes_CD14,,True
TTACACCGTAAGGTCC-1,0,Monocytes_CD14,,True
TTACACCGTACCGTAA-1,8,Naοve_B_cells,,True
TTACACCGTACTAAAC-1,3,Naοve_CD8_T_cells,,True
TTACACCGTGTAACCA-1,2,T_cells_general_cd4 ambigouus,,False
TTACACCGTTACTAGG-1,1,Naοve_CD4_T_cells_helpers,,True
TTACAGCAGCATTATG-1,0,Monocytes_CD14,,True
TTACAGCAGCCTGGTA-1,1,Naοve_CD4_T_cells_helpers,,True
TTACAGCAGGGTGAGT-1,4,Cytotoxic_T_cell,,True
TTACAGCAGGTTAGCT-1,2,T_cells_general_cd4 ambigouus,,False
TTACCGTGTACCGTAA-1,2,T_cells_general_cd4 ambigouus,,False
TTACCGTGTATTGCAG-1,4,Cytotoxic_T_cell,,True
TTACCGTGTTGCGGAT-1,2,T_cells_general_cd4 ambigouus,,False
TTACCTGTCAGTTCCC-1,1,Naοve_CD4_T_cells_helpers,,True
TTACCTGTCCGTGACA-1,8,Naοve_B_cells,,True
TTACCTGTCCTAAGGT-1,2,T_cells_general_cd4 ambigouus,,False
TTACCTGTCCTTCAAT-1,2,T_cells_general_cd4 ambigouus,,False
TTACGTTTCCTCAGCT-1,2,T_cells_general_cd4 ambigouus,,False
TTACGTTTCCTCGATC-1,0,Monocytes_CD14,,True
TTACGTTTCGTAACGT-1,0,Monocytes_CD14,,True
TTAGAAGCAAGATTCT-1,5,NK_cells,,True
TTAGAAGCAAGTCGCT-1,0,Monocytes_CD14,,True
TTAGAAGCACAAACTT-1,5,NK_cells,,True
TTAGAAGCAGGATGGC-1,6,Memory_B_cells,,True
TTAGACTCACGTGCTG-1,4,Cytotoxic_T_cell,,True
TTAGACTCACTTACAG-1,3,Naοve_CD8_T_cells,,True
TTAGACTCATCAATCG-1,1,Naοve_CD4_T_cells_helpers,,True
TTAGACTCATGCATAT-1,5,NK_cells,,True
TTAGACTCATTGGGAG-1,1,Naοve_CD4_T_cells_helpers,,True
TTAGACTCATTTAAGC-1,2,T_cells_general_cd4 ambigouus,,False
TTAGCAATCAAACCGT-1,2,T_cells_general_cd4 ambigouus,,False
TTAGCAATCCGGTATG-1,1,Naοve_CD4_T_cells_helpers,,True
TTAGCAATCCTAATGA-1,2,T_cells_general_cd4 ambigouus,,False
TTAGCAATCGTTCACC-1,0,Monocytes_CD14,,True
TTAGCAGGTGGAAGGC-1,2,T_cells_general_cd4 ambigouus,,False
TTAGCAGGTGGATTCA-1,2,T_cells_general_cd4 ambigouus,,False
TTAGCAGGTGGGAACA-1,5,NK_cells,,True
TTAGCCTGTCTAGCTT-1,3,Naοve_CD8_T_cells,,True
TTAGCCTGTTGCAATG-1,10,Cytotoxic_T_NK,,False
TTAGCCTGTTTGCAGA-1,3,Naοve_CD8_T_cells,,True
TTAGCTGCACATACTG-1,0,Monocytes_CD14,,True
TTAGCTGCACCTCACC-1,0,Monocytes_CD14,,True
TTAGCTGCATTGTGTG-1,3,Naοve_CD8_T_cells,,True
TTAGGAACAAGCCAGA-1,4,Cytotoxic_T_cell,,True
TTAGGAACAATCCTAG-1,3,Naοve_CD8_T_cells,,True
TTAGGAACACGAACAG-1,1,Naοve_CD4_T_cells_helpers,,True
TTAGGAACATAATCCG-1,7,Non_classical_Monocytes,,True
TTAGGAACATATAACC-1,7,Non_classical_Monocytes,,True
TTAGGAACATGCTATG-1,0,Monocytes_CD14,,True
TTAGGATGTACAAAGA-1,2,T_cells_general_cd4 ambigouus,,False
TTAGGATGTCATGAGC-1,5,NK_cells,,True
TTAGGATGTTACGCAA-1,1,Naοve_CD4_T_cells_helpers,,True
TTAGGATGTTTCGCCA-1,7,Non_classical_Monocytes,,True
TTAGGATGTTTGGCGG-1,3,Naοve_CD8_T_cells,,True
TTAGGCCCAACAGGTG-1,2,T_cells_general_cd4 ambigouus,,False
TTAGGCCCAAGTAAGC-1,9,Dendritic cells,,True
TTAGGCCCAATCTCTC-1,5,NK_cells,,True
TTAGGCCCACACCAAC-1,2,T_cells_general_cd4 ambigouus,,False
TTAGGCCCACCATATG-1,7,Non_classical_Monocytes,,True
TTAGGCCCAGCAAATA-1,3,Naοve_CD8_T_cells,,True
TTAGGCCCAGTTAAAG-1,0,Monocytes_CD14,,True
TTAGGCCCATAAGGAC-1,0,Monocytes_CD14,,True
TTAGGCCCATTGCGAC-1,1,Naοve_CD4_T_cells_helpers,,True
TTAGGCGTCACCGGTA-1,0,Monocytes_CD14,,True
TTAGGCGTCAGGAAGC-1,3,Naοve_CD8_T_cells,,True
TTAGGCGTCCGGCTAA-1,3,Naοve_CD8_T_cells,,True
TTAGGCGTCCTAAGAC-1,3,Naοve_CD8_T_cells,,True
TTAGGCGTCCTGGTGA-1,11,pDC,,False
TTAGGCGTCCTTCGTA-1,11,pDC,,False
TTAGGCGTCGCTATAA-1,10,Cytotoxic_T_NK,,False
TTAGGCTAGCGAGTAA-1,0,Monocytes_CD14,,True
TTAGGCTAGGTCTTGG-1,0,Monocytes_CD14,,True
TTAGTCAAGCCTGTTC-1,2,T_cells_general_cd4 ambigouus,,False
TTAGTCAAGGAGGGTT-1,5,NK_cells,,True
TTAGTCAAGGCATTGT-1,6,Memory_B_cells,,True
TTAGTCAAGGTGCTGC-1,0,Monocytes_CD14,,True
TTAGTCAAGTATCGCG-1,2,T_cells_general_cd4 ambigouus,,False
TTAGTCAAGTGTGATC-1,7,Non_classical_Monocytes,,True
TTATAGCCACCCTCAC-1,1,Naοve_CD4_T_cells_helpers,,True
TTATAGCCACGAATCC-1,0,Monocytes_CD14,,True
TTATAGCCACGGTTTA-1,1,Naοve_CD4_T_cells_helpers,,True
TTATAGCCAGCACGAA-1,2,T_cells_general_cd4 ambigouus,,False
TTATAGCCAGCCTGCA-1,3,Naοve_CD8_T_cells,,True
TTATAGCCAGGCTTGT-1,2,T_cells_general_cd4 ambigouus,,False
TTATAGCCATGAGCAG-1,0,Monocytes_CD14,,True
TTATCCGTCAGGAACA-1,4,Cytotoxic_T_cell,,True
TTATCCGTCAGGTTTA-1,4,Cytotoxic_T_cell,,True
TTATCCGTCATGCTAA-1,3,Naοve_CD8_T_cells,,True
TTATCCGTCCCATAGG-1,1,Naοve_CD4_T_cells_helpers,,True
TTATCCGTCCCTTGCG-1,1,Naοve_CD4_T_cells_helpers,,True
TTATCCGTCGCATCCT-1,7,Non_classical_Monocytes,,True
TTATCCGTCGCTAGCA-1,5,NK_cells,,True
TTATCCGTCTCCTCAA-1,8,Naοve_B_cells,,True
TTATCCTAGGGACTAA-1,0,Monocytes_CD14,,True
TTATGACCAAGTGTTT-1,0,Monocytes_CD14,,True
TTATGACCACTATGGC-1,2,T_cells_general_cd4 ambigouus,,False
TTATGACCAGCAAATA-1,5,NK_cells,,True
TTATGACCAGCAAGGC-1,1,Naοve_CD4_T_cells_helpers,,True
TTATGACCAGGCATGA-1,1,Naοve_CD4_T_cells_helpers,,True
TTATGACCAGTTTGTG-1,12,Stress_response,,False
TTATGACCATCAGCAC-1,4,Cytotoxic_T_cell,,True
TTATGCGCACATGCTA-1,9,Dendritic cells,,True
TTATGCGCACCCTCAC-1,0,Monocytes_CD14,,True
TTATGCGCAGAAATGC-1,5,NK_cells,,True
TTATTGCTCAATCATG-1,1,Naοve_CD4_T_cells_helpers,,True
TTATTGCTCATGCAAC-1,3,Naοve_CD8_T_cells,,True
TTATTGCTCATTGTTC-1,0,Monocytes_CD14,,True
TTATTGCTCCTAAGTA-1,0,Monocytes_CD14,,True
TTATTGCTCGCAAACT-1,2,T_cells_general_cd4 ambigouus,,False
TTATTGCTCGCCTGTT-1,3,Naοve_CD8_T_cells,,True
TTATTGCTCTAAGTCA-1,8,Naοve_B_cells,,True
TTATTGCTCTTTGAGA-1,1,Naοve_CD4_T_cells_helpers,,True
TTCACTGTCCAAATCA-1,3,Naοve_CD8_T_cells,,True
TTCACTGTCCACCTGT-1,6,Memory_B_cells,,True
TTCACTGTCCTCCTAA-1,4,Cytotoxic_T_cell,,True
TTCACTGTCGCAAACT-1,2,T_cells_general_cd4 ambigouus,,False
TTCACTGTCGGCTAGC-1,2,T_cells_general_cd4 ambigouus,,False
TTCACTGTCGTAATCA-1,5,NK_cells,,True
TTCACTGTCGTTTCGC-1,3,Naοve_CD8_T_cells,,True
TTCACTGTCTGGCTTC-1,4,Cytotoxic_T_cell,,True
TTCAGCACACCATATG-1,2,T_cells_general_cd4 ambigouus,,False
TTCAGCACATAATGTC-1,0,Monocytes_CD14,,True
TTCAGCACATCCATCT-1,3,Naοve_CD8_T_cells,,True
TTCAGCACATGAGTTT-1,2,T_cells_general_cd4 ambigouus,,False
TTCAGGTAGACAGGCG-1,10,Cytotoxic_T_NK,,False
TTCAGGTAGCGAGCGA-1,2,T_cells_general_cd4 ambigouus,,False
TTCAGGTAGCTTGCTC-1,6,Memory_B_cells,,True
TTCAGGTAGGACAATG-1,3,Naοve_CD8_T_cells,,True
TTCAGGTAGGACCTGC-1,3,Naοve_CD8_T_cells,,True
TTCAGGTAGGCCAATT-1,4,Cytotoxic_T_cell,,True
TTCAGGTAGGCCTTAG-1,1,Naοve_CD4_T_cells_helpers,,True
TTCAGGTAGGCTTAGT-1,3,Naοve_CD8_T_cells,,True
TTCAGTTTCACAGGAA-1,0,Monocytes_CD14,,True
TTCAGTTTCATCACTT-1,4,Cytotoxic_T_cell,,True
TTCAGTTTCCTGAATA-1,2,T_cells_general_cd4 ambigouus,,False
TTCAGTTTCCTGGTGA-1,7,Non_classical_Monocytes,,True
TTCAGTTTCGAAGCGG-1,0,Monocytes_CD14,,True
TTCATCCCAAGGGTTG-1,1,Naοve_CD4_T_cells_helpers,,True
TTCATCCCAATTAGCT-1,1,Naοve_CD4_T_cells_helpers,,True
TTCATCCCACGTAATT-1,2,T_cells_general_cd4 ambigouus,,False
TTCATCCCAGGTTACC-1,9,Dendritic cells,,True
TTCATTCAGAGGAGGA-1,3,Naοve_CD8_T_cells,,True
TTCATTCAGCACTAAC-1,2,T_cells_general_cd4 ambigouus,,False
TTCATTCAGCTATTAG-1,7,Non_classical_Monocytes,,True
TTCATTCAGGCATTGT-1,6,Memory_B_cells,,True
TTCATTCAGGCTGGCT-1,1,Naοve_CD4_T_cells_helpers,,True
TTCATTCAGTCACCTC-1,2,T_cells_general_cd4 ambigouus,,False
TTCCACGGTCAAGTGC-1,5,NK_cells,,True
TTCCACGGTGCTCCAC-1,1,Naοve_CD4_T_cells_helpers,,True
TTCCACGGTGTGTGGT-1,1,Naοve_CD4_T_cells_helpers,,True
TTCCACGGTTAGCGTA-1,8,Naοve_B_cells,,True
TTCCCACAGCCAAATC-1,0,Monocytes_CD14,,True
TTCCCACAGCTAAAGG-1,3,Naοve_CD8_T_cells,,True
TTCCCACAGGCATGAA-1,5,NK_cells,,True
TTCCCACAGTCTTGAA-1,3,Naοve_CD8_T_cells,,True
TTCCCACAGTGGCGGA-1,1,Naοve_CD4_T_cells_helpers,,True
TTCCCACAGTGTGATC-1,8,Naοve_B_cells,,True
TTCCCACAGTTGGCCA-1,0,Monocytes_CD14,,True
TTCCCGCCAAACCTAT-1,3,Naοve_CD8_T_cells,,True
TTCCCGCCAAACTCAT-1,0,Monocytes_CD14,,True
TTCCCGCCAAAGCTCC-1,11,pDC,,False
TTCCCGCCAATAACGA-1,0,Monocytes_CD14,,True
TTCCCGCCAATTTGGT-1,0,Monocytes_CD14,,True
TTCCCGCCACAAACTT-1,1,Naοve_CD4_T_cells_helpers,,True
TTCCCGCCATGGTTAT-1,3,Naοve_CD8_T_cells,,True
TTCCCGCCATGTGGGA-1,0,Monocytes_CD14,,True
TTCCTCAAGCACAGAA-1,0,Monocytes_CD14,,True
TTCCTCAAGCTATTAG-1,2,T_cells_general_cd4 ambigouus,,False
TTCCTCAAGGAGCACG-1,1,Naοve_CD4_T_cells_helpers,,True
TTCCTCAAGGTTTGAC-1,1,Naοve_CD4_T_cells_helpers,,True
TTCCTTCTCCTAATGA-1,4,Cytotoxic_T_cell,,True
TTCCTTCTCGGTTTCC-1,0,Monocytes_CD14,,True
TTCCTTCTCTAAGTGC-1,3,Naοve_CD8_T_cells,,True
TTCCTTGAGCTCCTTA-1,3,Naοve_CD8_T_cells,,True
TTCCTTGAGTAAGGGC-1,3,Naοve_CD8_T_cells,,True
TTCCTTGAGTCTTGAA-1,2,T_cells_general_cd4 ambigouus,,False
TTCGCAACAATTGACT-1,2,T_cells_general_cd4 ambigouus,,False
TTCGCAACACCATATG-1,3,Naοve_CD8_T_cells,,True
TTCGCAACACCTGTAA-1,1,Naοve_CD4_T_cells_helpers,,True
TTCGCAACAGCCAGTT-1,9,Dendritic cells,,True
TTCGCAACATAAGTCT-1,3,Naοve_CD8_T_cells,,True
TTCGGTACAAACAACA-1,0,Monocytes_CD14,,True
TTCGGTACACCCACAG-1,0,Monocytes_CD14,,True
TTCGGTACAGGAACTG-1,0,Monocytes_CD14,,True
TTCGGTACATAAGCAA-1,6,Memory_B_cells,,True
TTCGGTACATTGCAGC-1,4,Cytotoxic_T_cell,,True
TTCGTGCTCCCGTTGT-1,0,Monocytes_CD14,,True
TTCGTGCTCCTTAATC-1,2,T_cells_general_cd4 ambigouus,,False
TTCGTGCTCGAGCAAA-1,2,T_cells_general_cd4 ambigouus,,False
TTCGTGCTCGCTCCAT-1,1,Naοve_CD4_T_cells_helpers,,True
TTCGTGCTCGTTTCGC-1,10,Cytotoxic_T_NK,,False
TTCGTGCTCTATCGCC-1,1,Naοve_CD4_T_cells_helpers,,True
TTCGTTAGTCCTTCTC-1,7,Non_classical_Monocytes,,True
TTCGTTAGTCTCAGCC-1,0,Monocytes_CD14,,True
TTCGTTAGTTCCAGGG-1,0,Monocytes_CD14,,True
TTCTTAGGTATACTGG-1,2,T_cells_general_cd4 ambigouus,,False
TTCTTAGGTATTGCAG-1,3,Naοve_CD8_T_cells,,True
TTCTTAGGTCTTTGAC-1,6,Memory_B_cells,,True
TTCTTAGGTTCCATTA-1,2,T_cells_general_cd4 ambigouus,,False
TTCTTAGGTTCCTGTG-1,1,Naοve_CD4_T_cells_helpers,,True
TTCTTAGGTTTGCAGA-1,11,pDC,,False
TTGACATCAATAATGG-1,0,Monocytes_CD14,,True
TTGACATCAGCAAATA-1,2,T_cells_general_cd4 ambigouus,,False
TTGACATCAGGCCTTG-1,7,Non_classical_Monocytes,,True
TTGACATCATCCAGGT-1,4,Cytotoxic_T_cell,,True
TTGACATCATCCATCT-1,0,Monocytes_CD14,,True
TTGACGTAGCTAAGTC-1,3,Naοve_CD8_T_cells,,True
TTGACGTAGGATTGAG-1,1,Naοve_CD4_T_cells_helpers,,True
TTGACGTAGTGCTGTG-1,1,Naοve_CD4_T_cells_helpers,,True
TTGACGTAGTTAGCTA-1,1,Naοve_CD4_T_cells_helpers,,True
TTGACTAAGCACCACA-1,2,T_cells_general_cd4 ambigouus,,False
TTGACTAAGTGAAGTG-1,0,Monocytes_CD14,,True
TTGAGCTAGATGGAGC-1,4,Cytotoxic_T_cell,,True
TTGAGCTAGCAATAGG-1,0,Monocytes_CD14,,True
TTGAGCTAGCCGCTTT-1,4,Cytotoxic_T_cell,,True
TTGAGCTAGCGCATTG-1,6,Memory_B_cells,,True
TTGAGCTAGCTAAAGG-1,1,Naοve_CD4_T_cells_helpers,,True
TTGAGCTAGCTCATAA-1,3,Naοve_CD8_T_cells,,True
TTGAGCTAGCTTACTT-1,0,Monocytes_CD14,,True
TTGAGCTAGGAAGCAC-1,8,Naοve_B_cells,,True
TTGAGCTAGGAAGTAT-1,2,T_cells_general_cd4 ambigouus,,False
TTGAGCTAGGTGTCCA-1,0,Monocytes_CD14,,True
TTGAGCTAGTATTGTG-1,3,Naοve_CD8_T_cells,,True
TTGAGCTAGTCATGCG-1,7,Non_classical_Monocytes,,True
TTGAGCTAGTCGCAAT-1,9,Dendritic cells,,True
TTGAGGCGTCATCAAG-1,0,Monocytes_CD14,,True
TTGAGGCGTGTGCACG-1,2,T_cells_general_cd4 ambigouus,,False
TTGAGGCGTTAGCGTA-1,1,Naοve_CD4_T_cells_helpers,,True
TTGAGGCGTTAGGCTA-1,0,Monocytes_CD14,,True
TTGAGGCGTTAGTACG-1,3,Naοve_CD8_T_cells,,True
TTGAGGCGTTCTTTAG-1,3,Naοve_CD8_T_cells,,True
TTGAGGCGTTGAGCCG-1,1,Naοve_CD4_T_cells_helpers,,True
TTGAGGCGTTTGAGGC-1,10,Cytotoxic_T_NK,,False
TTGATGTCAAATTCGT-1,7,Non_classical_Monocytes,,True
TTGATGTCAAGGTATA-1,3,Naοve_CD8_T_cells,,True
TTGATGTCAAGTCGCT-1,1,Naοve_CD4_T_cells_helpers,,True
TTGATGTCACTATGGC-1,6,Memory_B_cells,,True
TTGATGTCAGCCAGTT-1,0,Monocytes_CD14,,True
TTGATGTCAGGCTACT-1,0,Monocytes_CD14,,True
TTGATGTCATAAACCT-1,5,NK_cells,,True
TTGATGTCATCCAGGT-1,6,Memory_B_cells,,True
TTGCAACAGGGCCACT-1,8,Naοve_B_cells,,True
TTGCAACAGTGAACGA-1,2,T_cells_general_cd4 ambigouus,,False
TTGCAAGGTAGCCTAA-1,3,Naοve_CD8_T_cells,,True
TTGCAAGGTAGTTGGC-1,1,Naοve_CD4_T_cells_helpers,,True
TTGCAAGGTCACCTAT-1,2,T_cells_general_cd4 ambigouus,,False
TTGCAAGGTCTATCGT-1,5,NK_cells,,True
TTGCAAGGTGCAACTA-1,5,NK_cells,,True
TTGCAAGGTGCACGCA-1,7,Non_classical_Monocytes,,True
TTGCAAGGTGGGAACA-1,8,Naοve_B_cells,,True
TTGCAAGGTTGGCGTG-1,4,Cytotoxic_T_cell,,True
TTGCAAGGTTTATCGC-1,1,Naοve_CD4_T_cells_helpers,,True
TTGCAATCACCGGCTA-1,1,Naοve_CD4_T_cells_helpers,,True
TTGCAATCACGGTACT-1,0,Monocytes_CD14,,True
TTGCAATCAGCTTAGC-1,3,Naοve_CD8_T_cells,,True
TTGCAATCAGGTTAAA-1,2,T_cells_general_cd4 ambigouus,,False
TTGCAATCAGTTATGT-1,11,pDC,,False
TTGCAATCAGTTTACG-1,1,Naοve_CD4_T_cells_helpers,,True
TTGCAATCATAATCGT-1,0,Monocytes_CD14,,True
TTGCAATCATGTCAAT-1,1,Naοve_CD4_T_cells_helpers,,True
TTGCAATCATTTGCTC-1,3,Naοve_CD8_T_cells,,True
TTGCACACAAGCCACT-1,1,Naοve_CD4_T_cells_helpers,,True
TTGCACACAGCCTTGG-1,0,Monocytes_CD14,,True
TTGCACACAGTAATAG-1,7,Non_classical_Monocytes,,True
TTGCACACATCACTTC-1,2,T_cells_general_cd4 ambigouus,,False
TTGCACACATCGTTCT-1,1,Naοve_CD4_T_cells_helpers,,True
TTGCACACATGAAATG-1,6,Memory_B_cells,,True
TTGCAGCCAACAGGAT-1,2,T_cells_general_cd4 ambigouus,,False
TTGCAGCCAATGCCCG-1,5,NK_cells,,True
TTGCAGCCACAACAAA-1,4,Cytotoxic_T_cell,,True
TTGCAGCCACCTCGCT-1,4,Cytotoxic_T_cell,,True
TTGCAGCCAGCAACCT-1,4,Cytotoxic_T_cell,,True
TTGCAGCCATACCCGG-1,4,Cytotoxic_T_cell,,True
TTGCATTTCATGGCTG-1,1,Naοve_CD4_T_cells_helpers,,True
TTGCATTTCCCAGTAG-1,0,Monocytes_CD14,,True
TTGCATTTCGCTAAGT-1,2,T_cells_general_cd4 ambigouus,,False
TTGCATTTCTAATCCT-1,3,Naοve_CD8_T_cells,,True
TTGCATTTCTCACAAA-1,7,Non_classical_Monocytes,,True
TTGCATTTCTGTAATG-1,8,Naοve_B_cells,,True
TTGCCCGTCCTCAGTC-1,1,Naοve_CD4_T_cells_helpers,,True
TTGCCCGTCGATTTGA-1,0,Monocytes_CD14,,True
TTGCGAGTCAGGAAGC-1,0,Monocytes_CD14,,True
TTGCGAGTCATGCGTG-1,7,Non_classical_Monocytes,,True
TTGCGAGTCATGCTCC-1,0,Monocytes_CD14,,True
TTGCGAGTCCGGTTAG-1,8,Naοve_B_cells,,True
TTGCGAGTCCTTCTAG-1,1,Naοve_CD4_T_cells_helpers,,True
TTGCGAGTCGCTTCTA-1,0,Monocytes_CD14,,True
TTGCGAGTCGTCAAGT-1,6,Memory_B_cells,,True
TTGCGTCTCCGCTAGA-1,1,Naοve_CD4_T_cells_helpers,,True
TTGCGTCTCCTCCATA-1,0,Monocytes_CD14,,True
TTGCGTCTCCTGCGAA-1,8,Naοve_B_cells,,True
TTGCGTCTCCTGGCTT-1,0,Monocytes_CD14,,True
TTGCGTCTCGGGACCT-1,2,T_cells_general_cd4 ambigouus,,False
TTGCGTCTCTACCTGC-1,0,Monocytes_CD14,,True
TTGCTCTCAATAGCAA-1,9,Dendritic cells,,True
TTGCTCTCACAAGCCT-1,3,Naοve_CD8_T_cells,,True
TTGCTCTCACGTAATT-1,1,Naοve_CD4_T_cells_helpers,,True
TTGCTCTCAGGGAGCT-1,0,Monocytes_CD14,,True
TTGCTTAGTGCTAGAC-1,3,Naοve_CD8_T_cells,,True
TTGCTTAGTGTGCAAC-1,4,Cytotoxic_T_cell,,True
TTGCTTAGTTTGCTGT-1,3,Naοve_CD8_T_cells,,True
TTGCTTTAGCCTAACG-1,9,Dendritic cells,,True
TTGCTTTAGCTTATGA-1,0,Monocytes_CD14,,True
TTGCTTTAGGCATTGT-1,2,T_cells_general_cd4 ambigouus,,False
TTGCTTTAGTATCGCG-1,0,Monocytes_CD14,,True
TTGCTTTAGTTACTTC-1,0,Monocytes_CD14,,True
TTGGAGGCACCTATAG-1,1,Naοve_CD4_T_cells_helpers,,True
TTGGAGGCAGACAAAC-1,5,NK_cells,,True
TTGGAGGCATAATCCG-1,1,Naοve_CD4_T_cells_helpers,,True
TTGGAGGCATTGTTGG-1,0,Monocytes_CD14,,True
TTGGATATCAGGAAGC-1,1,Naοve_CD4_T_cells_helpers,,True
TTGGATATCATTGCGG-1,7,Non_classical_Monocytes,,True
TTGGATATCCCATAGG-1,11,pDC,,False
TTGGATCAGCGGGCAA-1,1,Naοve_CD4_T_cells_helpers,,True
TTGGATCAGTAACCCG-1,3,Naοve_CD8_T_cells,,True
TTGGATCAGTCAGGCC-1,0,Monocytes_CD14,,True
TTGGATTCAATCTCTC-1,2,T_cells_general_cd4 ambigouus,,False
TTGGATTCACCATATG-1,1,Naοve_CD4_T_cells_helpers,,True
TTGGATTCAGTCTATG-1,11,pDC,,False
TTGGATTCATTGGGAG-1,2,T_cells_general_cd4 ambigouus,,False
TTGGCGGGTAATCGCA-1,2,T_cells_general_cd4 ambigouus,,False
TTGGCGGGTCACCTAT-1,1,Naοve_CD4_T_cells_helpers,,True
TTGGCGGGTGGACATC-1,4,Cytotoxic_T_cell,,True
TTGGCGGGTTGTTGTC-1,10,Cytotoxic_T_NK,,False
TTGGCTACAAGCTTTG-1,0,Monocytes_CD14,,True
TTGGCTACACCAAAGG-1,4,Cytotoxic_T_cell,,True
TTGGCTACAGGACACA-1,0,Monocytes_CD14,,True
TTGGCTGAGCCTCTCG-1,1,Naοve_CD4_T_cells_helpers,,True
TTGGCTGAGCCTGTTC-1,2,T_cells_general_cd4 ambigouus,,False
TTGGCTGAGCTGTAAC-1,2,T_cells_general_cd4 ambigouus,,False
TTGGCTGAGGACCGCT-1,3,Naοve_CD8_T_cells,,True
TTGGCTGAGGAGTAAT-1,2,T_cells_general_cd4 ambigouus,,False
TTGGCTGAGGTTTGCG-1,5,NK_cells,,True
TTGGCTGAGTCAGGCC-1,4,Cytotoxic_T_cell,,True
TTGGCTGAGTTGGATC-1,0,Monocytes_CD14,,True
TTGGCTTGTACCCACC-1,4,Cytotoxic_T_cell,,True
TTGGCTTGTGAGCGAA-1,3,Naοve_CD8_T_cells,,True
TTGGCTTGTGTTGTAG-1,4,Cytotoxic_T_cell,,True
TTGGCTTGTTAATGAC-1,10,Cytotoxic_T_NK,,False
TTGGCTTGTTTAACGG-1,4,Cytotoxic_T_cell,,True
TTGGGCCAGAGAGGCT-1,0,Monocytes_CD14,,True
TTGGGCCAGCCATCAG-1,3,Naοve_CD8_T_cells,,True
TTGGGCCAGCTGTAAC-1,0,Monocytes_CD14,,True
TTGGGCCAGTGAGAGC-1,0,Monocytes_CD14,,True
TTGGGCCAGTTGGATC-1,8,Naοve_B_cells,,True
TTGGGCGGTAATAGCT-1,5,NK_cells,,True
TTGGGCGGTAATGGCC-1,3,Naοve_CD8_T_cells,,True
TTGGGCGGTGGTTCCC-1,4,Cytotoxic_T_cell,,True
TTGGGCGGTGTTTGCT-1,0,Monocytes_CD14,,True
TTGGGTTAGACTTATG-1,0,Monocytes_CD14,,True
TTGGGTTAGCAAGGGT-1,2,T_cells_general_cd4 ambigouus,,False
TTGGGTTAGGCTTAGT-1,1,Naοve_CD4_T_cells_helpers,,True
TTGGGTTAGGTCGAGG-1,1,Naοve_CD4_T_cells_helpers,,True
TTGGTGAGTCTTGCAT-1,2,T_cells_general_cd4 ambigouus,,False
TTGGTGAGTGAGCGAA-1,1,Naοve_CD4_T_cells_helpers,,True
TTGGTGAGTGGTTCTT-1,2,T_cells_general_cd4 ambigouus,,False
TTGGTGAGTTGCGCGA-1,0,Monocytes_CD14,,True
TTGTAAGTCCAATAGC-1,3,Naοve_CD8_T_cells,,True
TTGTAAGTCCGGTTGA-1,3,Naοve_CD8_T_cells,,True
TTGTAAGTCCTTCGTA-1,0,Monocytes_CD14,,True
TTGTAAGTCGAAGCGG-1,5,NK_cells,,True
TTGTAAGTCTAATCCT-1,2,T_cells_general_cd4 ambigouus,,False
TTGTAAGTCTCACACC-1,3,Naοve_CD8_T_cells,,True
TTGTCAAAGCCTAATA-1,2,T_cells_general_cd4 ambigouus,,False
TTGTCAAAGGACTTAC-1,2,T_cells_general_cd4 ambigouus,,False
TTGTCAAAGGCAATAG-1,1,Naοve_CD4_T_cells_helpers,,True
TTGTCAAAGGGATGAC-1,3,Naοve_CD8_T_cells,,True
TTGTCAAAGTGAGCGG-1,2,T_cells_general_cd4 ambigouus,,False
TTGTCAAAGTTTGAGC-1,3,Naοve_CD8_T_cells,,True
TTGTCAAAGTTTGGTA-1,0,Monocytes_CD14,,True
TTGTCCATCAAAGGCA-1,3,Naοve_CD8_T_cells,,True
TTGTCCATCAACCAAC-1,0,Monocytes_CD14,,True
TTGTCCATCACTAATG-1,0,Monocytes_CD14,,True
TTGTCCATCAGTTCCC-1,4,Cytotoxic_T_cell,,True
TTGTCCATCCTCAGCT-1,11,pDC,,False
TTGTCCATCCTTGCAC-1,2,T_cells_general_cd4 ambigouus,,False
TTGTCCATCGAGCTAT-1,3,Naοve_CD8_T_cells,,True
TTGTCCCAGATGGAGC-1,0,Monocytes_CD14,,True
TTGTCCCAGGATTTGC-1,6,Memory_B_cells,,True
TTGTCCCAGGGCCACT-1,0,Monocytes_CD14,,True
TTGTCCCAGGTAACGA-1,0,Monocytes_CD14,,True
TTGTCCCAGTGCTGTG-1,2,T_cells_general_cd4 ambigouus,,False
TTGTCCCAGTGTTGCG-1,5,NK_cells,,True
TTGTCCGGTAATCGGC-1,0,Monocytes_CD14,,True
TTGTCCGGTACGATTG-1,3,Naοve_CD8_T_cells,,True
TTGTCCGGTATTACCC-1,1,Naοve_CD4_T_cells_helpers,,True
TTGTCCGGTCACAAAT-1,0,Monocytes_CD14,,True
TTGTCCGGTCACAGAC-1,1,Naοve_CD4_T_cells_helpers,,True
TTGTCCGGTTGCTGGG-1,3,Naοve_CD8_T_cells,,True
TTGTCCGGTTGGATCA-1,2,T_cells_general_cd4 ambigouus,,False
TTGTCCGGTTTATGGG-1,0,Monocytes_CD14,,True
TTGTGAGGTCGCAATA-1,2,T_cells_general_cd4 ambigouus,,False
TTGTGAGGTGAAGCCT-1,8,Naοve_B_cells,,True
TTGTGAGGTGCTTAGA-1,0,Monocytes_CD14,,True
TTGTGAGGTGGGAACA-1,1,Naοve_CD4_T_cells_helpers,,True
TTGTGAGGTTAGGTGC-1,0,Monocytes_CD14,,True
TTGTGAGGTTGGATCA-1,1,Naοve_CD4_T_cells_helpers,,True
TTGTGCCTCCGTTAAA-1,1,Naοve_CD4_T_cells_helpers,,True
TTGTGCGAGTATTGGC-1,2,T_cells_general_cd4 ambigouus,,False
TTGTGCGAGTGGACAA-1,2,T_cells_general_cd4 ambigouus,,False
TTGTGTGCACTGACCG-1,3,Naοve_CD8_T_cells,,True
TTGTGTGCAGTTTGGC-1,8,Naοve_B_cells,,True
TTGTGTGCATGCATAT-1,5,NK_cells,,True
TTGTTCCCAATAATCC-1,1,Naοve_CD4_T_cells_helpers,,True
TTGTTCCCACAGACTC-1,2,T_cells_general_cd4 ambigouus,,False
TTGTTCCCAGGACCTT-1,0,Monocytes_CD14,,True
TTGTTCCCAGTAAAGC-1,3,Naοve_CD8_T_cells,,True
TTGTTCCCATGGCCTG-1,7,Non_classical_Monocytes,,True
TTGTTCCCATTTAAGC-1,1,Naοve_CD4_T_cells_helpers,,True
TTGTTGCGTTTCCGGC-1,2,T_cells_general_cd4 ambigouus,,False
TTGTTGTTCATTACAG-1,2,T_cells_general_cd4 ambigouus,,False
TTGTTGTTCATTTGTC-1,8,Naοve_B_cells,,True
TTGTTGTTCTTAGTGA-1,1,Naοve_CD4_T_cells_helpers,,True
TTGTTTGGTCAAGACC-1,3,Naοve_CD8_T_cells,,True
TTGTTTGGTCATCCTG-1,0,Monocytes_CD14,,True
TTGTTTGGTTAAGCTG-1,3,Naοve_CD8_T_cells,,True
TTGTTTGGTTGTTGCT-1,0,Monocytes_CD14,,True
TTGTTTGGTTTAAAGC-1,2,T_cells_general_cd4 ambigouus,,False
TTGTTTGGTTTATCGC-1,1,Naοve_CD4_T_cells_helpers,,True
TTTAACCTCACAGCCA-1,12,Stress_response,,False
TTTAACCTCATTACGA-1,1,Naοve_CD4_T_cells_helpers,,True
TTTAACCTCCTAAGGT-1,2,T_cells_general_cd4 ambigouus,,False
TTTAACCTCCTGATGG-1,9,Dendritic cells,,True
TTTAACCTCGATATTG-1,2,T_cells_general_cd4 ambigouus,,False
TTTAACCTCGCTATAA-1,7,Non_classical_Monocytes,,True
TTTAACCTCGTTATAG-1,1,Naοve_CD4_T_cells_helpers,,True
TTTAACCTCTCACATT-1,3,Naοve_CD8_T_cells,,True
TTTAACGAGCGCTCAA-1,6,Memory_B_cells,,True
TTTAACGAGCTAATCA-1,0,Monocytes_CD14,,True
TTTAACGAGCTCAAAC-1,0,Monocytes_CD14,,True
TTTAACGAGTAAGAAC-1,4,Cytotoxic_T_cell,,True
TTTAACGAGTAAGTCC-1,7,Non_classical_Monocytes,,True
TTTAACGAGTGAACCT-1,1,Naοve_CD4_T_cells_helpers,,True
TTTAAGCCAACACCTA-1,0,Monocytes_CD14,,True
TTTAAGCCAAGTTATC-1,0,Monocytes_CD14,,True
TTTAAGCCACAGCCAT-1,2,T_cells_general_cd4 ambigouus,,False
TTTAAGCCACCGGCTA-1,7,Non_classical_Monocytes,,True
TTTAAGCCATGTCAAT-1,6,Memory_B_cells,,True
TTTAAGGTCACAGCCA-1,12,Stress_response,,False
TTTAAGGTCAGGAAGC-1,0,Monocytes_CD14,,True
TTTAAGGTCCCGAACA-1,1,Naοve_CD4_T_cells_helpers,,True
TTTAAGGTCCCTGGAA-1,8,Naοve_B_cells,,True
TTTAAGGTCCTTGTTG-1,1,Naοve_CD4_T_cells_helpers,,True
TTTAAGGTCGGGCCAT-1,9,Dendritic cells,,True
TTTAAGGTCTAAGTGC-1,0,Monocytes_CD14,,True
TTTAAGGTCTGTTCAT-1,1,Naοve_CD4_T_cells_helpers,,True
TTTACGAAGCACTAGT-1,2,T_cells_general_cd4 ambigouus,,False
TTTACGAAGCGGATTT-1,1,Naοve_CD4_T_cells_helpers,,True
TTTACGAAGCTTAACA-1,1,Naοve_CD4_T_cells_helpers,,True
TTTACGAAGGACCAGG-1,9,Dendritic cells,,True
TTTACGAAGGCCCAGT-1,9,Dendritic cells,,True
TTTACGAAGTCTGGGC-1,1,Naοve_CD4_T_cells_helpers,,True
TTTACGAAGTGAACGA-1,8,Naοve_B_cells,,True
TTTACGCGTCCTTCAG-1,8,Naοve_B_cells,,True
TTTACGCGTCTAGCTT-1,0,Monocytes_CD14,,True
TTTACGCGTGAGACTC-1,2,T_cells_general_cd4 ambigouus,,False
TTTACGCGTGTTGCTT-1,4,Cytotoxic_T_cell,,True
TTTACGCGTTTATCTG-1,4,Cytotoxic_T_cell,,True
TTTACGCGTTTGCTGT-1,0,Monocytes_CD14,,True
TTTAGCAAGGGACTAA-1,6,Memory_B_cells,,True
TTTAGCAAGTAACCCG-1,0,Monocytes_CD14,,True
TTTAGCAAGTAGGATG-1,2,T_cells_general_cd4 ambigouus,,False
TTTAGCTTCATGAGCT-1,3,Naοve_CD8_T_cells,,True
TTTAGCTTCATGCCTC-1,4,Cytotoxic_T_cell,,True
TTTAGCTTCCGCAACA-1,0,Monocytes_CD14,,True
TTTAGCTTCCTTAAGA-1,0,Monocytes_CD14,,True
TTTAGCTTCGATAACC-1,2,T_cells_general_cd4 ambigouus,,False
TTTAGGATCAAGTGAG-1,4,Cytotoxic_T_cell,,True
TTTAGGATCCTTGCAC-1,0,Monocytes_CD14,,True
TTTAGGATCGGTCAGC-1,3,Naοve_CD8_T_cells,,True
TTTAGGATCGTAATCA-1,3,Naοve_CD8_T_cells,,True
TTTAGGATCTAGCTAA-1,2,T_cells_general_cd4 ambigouus,,False
TTTAGGATCTAGCTTT-1,0,Monocytes_CD14,,True
TTTATGGAGAGAGGCT-1,0,Monocytes_CD14,,True
TTTATGGAGGAATAAC-1,2,T_cells_general_cd4 ambigouus,,False
TTTATGGAGGGTTATC-1,1,Naοve_CD4_T_cells_helpers,,True
TTTCACCCAAGCCAGA-1,3,Naοve_CD8_T_cells,,True
TTTCACCCAGCCAGAA-1,2,T_cells_general_cd4 ambigouus,,False
TTTCACCCATAGCAGG-1,1,Naοve_CD4_T_cells_helpers,,True
TTTCACCCATTAAGCT-1,1,Naοve_CD4_T_cells_helpers,,True
TTTCACCCATTAGCCA-1,1,Naοve_CD4_T_cells_helpers,,True
TTTCAGTTCATAACCA-1,4,Cytotoxic_T_cell,,True
TTTCAGTTCATCCTGC-1,1,Naοve_CD4_T_cells_helpers,,True
TTTCAGTTCATTACGA-1,10,Cytotoxic_T_NK,,False
TTTCAGTTCCAGGTCA-1,2,T_cells_general_cd4 ambigouus,,False
TTTCAGTTCGATCAGT-1,6,Memory_B_cells,,True
TTTCAGTTCGCTATAA-1,6,Memory_B_cells,,True
TTTCATCAGACAAACG-1,3,Naοve_CD8_T_cells,,True
TTTCATCAGCGATACT-1,6,Memory_B_cells,,True
TTTCATCAGCTCCTTA-1,0,Monocytes_CD14,,True
TTTCATCAGTGAGCAA-1,2,T_cells_general_cd4 ambigouus,,False
TTTCCACCAATAGTCT-1,1,Naοve_CD4_T_cells_helpers,,True
TTTCCACCACAGGAAT-1,0,Monocytes_CD14,,True
TTTCCACCACATGCTA-1,0,Monocytes_CD14,,True
TTTCCACCACCTAAGC-1,1,Naοve_CD4_T_cells_helpers,,True
TTTCCACCAGCAAGTG-1,6,Memory_B_cells,,True
TTTCCACCAGGCATCT-1,0,Monocytes_CD14,,True
TTTCCACCAGGCTACT-1,1,Naοve_CD4_T_cells_helpers,,True
TTTCCACCAGTTATCG-1,2,T_cells_general_cd4 ambigouus,,False
TTTCCACCATGCTCCC-1,4,Cytotoxic_T_cell,,True
TTTCCACCATGGCCCA-1,0,Monocytes_CD14,,True
TTTCCGGGTAATCACG-1,2,T_cells_general_cd4 ambigouus,,False
TTTCCGGGTGAGCAAG-1,6,Memory_B_cells,,True
TTTCCGGGTGGGTGAA-1,6,Memory_B_cells,,True
TTTCCTGAGCTAAGTC-1,3,Naοve_CD8_T_cells,,True
TTTCCTGAGCTTAGCG-1,0,Monocytes_CD14,,True
TTTCCTGAGCTTAGTA-1,11,pDC,,False
TTTCCTGAGGAACCGG-1,3,Naοve_CD8_T_cells,,True
TTTCCTGAGGCGGGTA-1,1,Naοve_CD4_T_cells_helpers,,True
TTTCCTGAGGTGAAGC-1,2,T_cells_general_cd4 ambigouus,,False
TTTCCTGAGTAACTCA-1,8,Naοve_B_cells,,True
TTTCCTGAGTCAGTAC-1,1,Naοve_CD4_T_cells_helpers,,True
TTTCGTCCACCTACGG-1,0,Monocytes_CD14,,True
TTTCGTCCACCTATAG-1,0,Monocytes_CD14,,True
TTTCGTCCAGGTATTT-1,2,T_cells_general_cd4 ambigouus,,False
TTTCGTCCAGTAAGTA-1,2,T_cells_general_cd4 ambigouus,,False
TTTCGTCCATAATGAG-1,1,Naοve_CD4_T_cells_helpers,,True
TTTCGTCCATGGCCCA-1,3,Naοve_CD8_T_cells,,True
TTTCGTCCATGTGGGA-1,5,NK_cells,,True
TTTCTCACAAACGCGA-1,0,Monocytes_CD14,,True
TTTCTCACAAGGAATC-1,3,Naοve_CD8_T_cells,,True
TTTCTCACACAATGTT-1,3,Naοve_CD8_T_cells,,True
TTTCTCACACACAATT-1,1,Naοve_CD4_T_cells_helpers,,True
TTTCTCACACACCAAC-1,3,Naοve_CD8_T_cells,,True
TTTCTCACACATACTG-1,0,Monocytes_CD14,,True
TTTCTCACAGGACCAA-1,0,Monocytes_CD14,,True
TTTCTCACAGGCAAGC-1,1,Naοve_CD4_T_cells_helpers,,True
TTTCTCACAGGTTTGC-1,6,Memory_B_cells,,True
TTTCTTGCACATTAAC-1,1,Naοve_CD4_T_cells_helpers,,True
TTTCTTGCAGGATAAC-1,1,Naοve_CD4_T_cells_helpers,,True
TTTCTTGCAGGCTTCG-1,1,Naοve_CD4_T_cells_helpers,,True
TTTGACCGTATTGTCC-1,2,T_cells_general_cd4 ambigouus,,False
TTTGACCGTCGTTACT-1,0,Monocytes_CD14,,True
TTTGACCGTGTAACCA-1,4,Cytotoxic_T_cell,,True
TTTGACTTCAATCTAG-1,0,Monocytes_CD14,,True
TTTGACTTCATTGTTC-1,1,Naοve_CD4_T_cells_helpers,,True
TTTGACTTCCAAATCA-1,0,Monocytes_CD14,,True
TTTGACTTCCCAGTAG-1,12,Stress_response,,False
TTTGACTTCCGTCCAT-1,4,Cytotoxic_T_cell,,True
TTTGACTTCTCGACCT-1,1,Naοve_CD4_T_cells_helpers,,True
TTTGACTTCTTGTCCA-1,1,Naοve_CD4_T_cells_helpers,,True
TTTGAGTCAATTAACC-1,4,Cytotoxic_T_cell,,True
TTTGAGTCACTTAACG-1,1,Naοve_CD4_T_cells_helpers,,True
TTTGAGTCAGGCCATT-1,0,Monocytes_CD14,,True
TTTGAGTCAGGGAGCT-1,0,Monocytes_CD14,,True
TTTGCATTCAAACCGT-1,2,T_cells_general_cd4 ambigouus,,False
TTTGCATTCAATGTGC-1,3,Naοve_CD8_T_cells,,True
TTTGCATTCACAAGCT-1,3,Naοve_CD8_T_cells,,True
TTTGCATTCATGAAGG-1,1,Naοve_CD4_T_cells_helpers,,True
TTTGCATTCCCGTTTA-1,4,Cytotoxic_T_cell,,True
TTTGCATTCCTCACAC-1,7,Non_classical_Monocytes,,True
TTTGCATTCGGTCATG-1,0,Monocytes_CD14,,True
TTTGCATTCTACTAAG-1,6,Memory_B_cells,,True
TTTGCGACACAAAGCG-1,0,Monocytes_CD14,,True
TTTGCGACACCCACAG-1,0,Monocytes_CD14,,True
TTTGCGACATAAGCAA-1,0,Monocytes_CD14,,True
TTTGCGACATGAGCAG-1,0,Monocytes_CD14,,True
TTTGCGGAGGCGGATG-1,3,Naοve_CD8_T_cells,,True
TTTGCGGAGGTATTGC-1,8,Naοve_B_cells,,True
TTTGCGGAGTCACCTC-1,1,Naοve_CD4_T_cells_helpers,,True
TTTGCGGAGTTAGAGG-1,7,Non_classical_Monocytes,,True
TTTGGCTGTAACCTAG-1,0,Monocytes_CD14,,True
TTTGGCTGTAGTAAGA-1,0,Monocytes_CD14,,True
TTTGGCTGTCCTAATC-1,2,T_cells_general_cd4 ambigouus,,False
TTTGGCTGTCGACTCC-1,2,T_cells_general_cd4 ambigouus,,False
TTTGGCTGTCGCAAAC-1,0,Monocytes_CD14,,True
TTTGGCTGTGAGGTAG-1,0,Monocytes_CD14,,True
TTTGGCTGTGCTGTAA-1,4,Cytotoxic_T_cell,,True
TTTGGCTGTGCTTACT-1,1,Naοve_CD4_T_cells_helpers,,True
TTTGGTAAGAGGAGTC-1,3,Naοve_CD8_T_cells,,True
TTTGGTAAGCACTAGT-1,4,Cytotoxic_T_cell,,True
TTTGGTAAGTCATGCG-1,6,Memory_B_cells,,True
TTTGGTGCAAACTGTT-1,1,Naοve_CD4_T_cells_helpers,,True
TTTGGTGCAAGATTCT-1,3,Naοve_CD8_T_cells,,True
TTTGGTGCAATTATGC-1,1,Naοve_CD4_T_cells_helpers,,True
TTTGGTGCACAGCCTG-1,4,Cytotoxic_T_cell,,True
TTTGGTGCAGAAATGC-1,0,Monocytes_CD14,,True
TTTGGTGCAGTTTGTG-1,0,Monocytes_CD14,,True
TTTGGTGCATAATCCG-1,0,Monocytes_CD14,,True
TTTGTCCCAATAGCAA-1,3,Naοve_CD8_T_cells,,True
TTTGTCCCACTTAACG-1,2,T_cells_general_cd4 ambigouus,,False
TTTGTCCCAGCTACGT-1,4,Cytotoxic_T_cell,,True
TTTGTCCCAGTAGGAT-1,0,Monocytes_CD14,,True
TTTGTCCCATAGCGAG-1,1,Naοve_CD4_T_cells_helpers,,True
TTTGTCTAGAGAGCCG-1,10,Cytotoxic_T_NK,,False
TTTGTCTAGCTATTAG-1,0,Monocytes_CD14,,True
TTTGTCTAGTAACCAC-1,1,Naοve_CD4_T_cells_helpers,,True
TTTGTCTAGTTCCTGC-1,2,T_cells_general_cd4 ambigouus,,False
TTTGTGAAGCGATACT-1,0,Monocytes_CD14,,True
TTTGTGAAGCTTAACA-1,3,Naοve_CD8_T_cells,,True
TTTGTGAAGGAACGGT-1,0,Monocytes_CD14,,True
TTTGTGAAGGGATTAG-1,2,T_cells_general_cd4 ambigouus,,False
TTTGTGGCAAACAACA-1,2,T_cells_general_cd4 ambigouus,,False
TTTGTGGCACAGACTC-1,2,T_cells_general_cd4 ambigouus,,False
TTTGTGGCAGCAACCT-1,0,Monocytes_CD14,,True
TTTGTGGCAGTTTGTG-1,0,Monocytes_CD14,,True
TTTGTGTTCAAACCTA-1,5,NK_cells,,True
TTTGTGTTCAATTACG-1,2,T_cells_general_cd4 ambigouus,,False
TTTGTGTTCCTCCTAA-1,7,Non_classical_Monocytes,,True
TTTGTGTTCGATAACC-1,8,Naοve_B_cells,,True
TTTGTGTTCGGGACCT-1,3,Naοve_CD8_T_cells,,True
TTTGTGTTCGTCAAGT-1,0,Monocytes_CD14,,True
TTTGTGTTCTCCATAT-1,0,Monocytes_CD14,,True
TTTGTTGGTCAGGAAG-1,0,Monocytes_CD14,,True
TTTGTTGGTCCACAAA-1,13,Plasma_cells,,False
TTTGTTGGTGACATGC-1,3,Naοve_CD8_T_cells,,True
TTTGTTGGTGTTAAAC-1,3,Naοve_CD8_T_cells,,True
TTTGTTGGTTAGGATT-1,5,NK_cells,,True
TTTGTTGGTTGGTTAG-1,2,T_cells_general_cd4 ambigouus,,False
TTTGTTGGTTTGCAGA-1,4,Cytotoxic_T_cell,,True
