cell_id,total_counts,n_genes_by_counts,pct_counts_mt,doublet_score,predicted_doublet,pass_min_genes,pass_max_pct_mito,pass_max_total_counts,pass_rna_qc,pass_singlet_filter
AAACAGCCACACTAAT-1,1733.0,846,18.003462,0.0385625431928127,False,True,False,True,False,True
AAACCAACAGGAACTG-1,5901.0,2434,15.590578,0.0225128644939965,False,True,False,True,False,True
AAACCGAAGCTGGACC-1,6621.0,2762,15.33001,0.0116349220029302,False,True,False,True,False,True
AAACCGCGTACTTCAC-1,10327.0,3919,12.307544,0.3881204231082177,True,True,True,True,True,False
AAACCGGCACATTAAC-1,10243.0,3989,8.561945,0.311584553928096,True,True,True,True,True,False
AAACGGATCATGGCTG-1,4382.0,2057,10.109539,0.1815920398009949,True,True,True,True,True,False
AAAGCAAGTGCTAGCG-1,1822.0,959,24.53348,0.0225128644939965,False,True,False,True,False,True
AAAGCAAGTTAACGGC-1,4662.0,2201,12.312312,0.3338058114812188,True,True,True,True,True,False
AAAGCACCACAATTAC-1,16062.0,4661,12.987174,0.2743467933491688,True,True,True,True,True,False
AAAGCACCAGCCTTGG-1,4519.0,2105,16.331047,0.007222179078978,False,True,False,True,False,True
AAAGCCCGTCACAGAC-1,11811.0,3976,8.060283,0.2919020715630885,True,True,True,True,True,False
AAAGCCCGTCCTTTAA-1,4164.0,1853,16.762728,0.1040508339952342,False,True,False,True,False,True
AAAGCCGCACATAACT-1,9647.0,3547,11.827512,0.311584553928096,True,True,True,True,True,False
AAAGCGGGTAAGGTCC-1,7166.0,3012,14.178063,0.421792618629174,True,True,True,True,True,False
AAAGGACGTCAATAGT-1,7126.0,2752,21.625034,0.0676779463243874,False,True,False,True,False,True
AAAGGAGCATTAAGTC-1,449.0,230,36.302895,0.1147260273972602,False,True,False,True,False,True
AAAGGAGCATTGTGAT-1,5274.0,2372,11.281759,0.2443729903536976,True,True,True,True,True,False
AAAGGCTCACTAGGTC-1,6483.0,2692,15.625482,0.0214511041009463,False,True,False,True,False,True
AAAGGTTAGGTTACGT-1,6738.0,2917,8.563372,0.3338058114812188,True,True,True,True,True,False
AAATCCGGTCATAACG-1,10496.0,3758,14.967607,0.2585915492957747,True,True,True,True,True,False
AAATGCCTCAAGCTTA-1,4367.0,1863,16.098007,0.0291821784556262,False,True,False,True,False,True
AACAAAGGTCCTAAGA-1,9030.0,3606,10.60908,0.2919020715630885,True,True,True,True,True,False
AACAAAGGTGTCCTGC-1,2705.0,1385,15.231053,0.007508212106992,False,True,False,True,False,True
AACAAGCCAACCTAAT-1,8851.0,3355,11.89696,0.3881204231082177,True,True,True,True,True,False
AACAGGATCAACAAGG-1,8686.0,3358,6.7234626,0.311584553928096,True,True,True,True,True,False
AACATAGCAACTAACT-1,1924.0,910,25.415798,0.0102782652293807,False,True,False,True,False,True
AACATAGCACCAAAGG-1,10879.0,3912,9.899807,0.2585915492957747,True,True,True,True,True,False
AACATCATCAGTGAAG-1,3145.0,1398,15.294118,0.0676779463243874,False,True,False,True,False,True
AACATCATCCGTGACA-1,3337.0,1494,15.103386,0.3338058114812188,True,True,False,True,False,False
AACATCATCTCAATGA-1,2062.0,1053,26.139671,0.0753453327752197,False,True,False,True,False,True
AACATTGTCTCGCCTG-1,3129.0,1529,17.449665,0.0538500251635631,False,True,False,True,False,True
AACCCGCAGCCAAATC-1,2063.0,1114,21.037323,0.0610243370868143,False,True,False,True,False,True
AACCCGCAGGACAACA-1,3456.0,1704,15.538195,0.0551959114139693,False,True,False,True,False,True
AACCCGCAGGCGGATG-1,10373.0,3837,12.677142,0.3338058114812188,True,True,True,True,True,False
AACCGCTCACTTAACG-1,7106.0,2763,10.287082,0.1815920398009949,True,True,True,True,True,False
AACCGCTCAGGTATTT-1,2273.0,1206,20.633524,0.0551959114139693,False,True,False,True,False,True
AACCGCTCATGTCAGC-1,13183.0,4259,16.12683,0.3338058114812188,True,True,False,True,False,False
AACCGGCTCAGGCCTA-1,9570.0,3687,12.549634,0.4613180515759315,True,True,True,True,True,False
AACCTAATCGCAACAT-1,3118.0,1362,17.190508,0.0580168776371308,False,True,False,True,False,True
AACCTCCTCGCAATCG-1,4354.0,1906,15.227377,0.0247657295850066,False,True,False,True,False,True
AACCTTAAGCGGCTGT-1,6180.0,2580,15.53398,0.0171362184141736,False,True,False,True,False,True
AACGACAAGCAAGGGT-1,9312.0,3479,16.698883,0.3881204231082177,True,True,False,True,False,False
AACGCCCAGTCATTAG-1,6441.0,2690,15.55659,0.0694911898633933,False,True,False,True,False,True
AACGGTAAGCTAAAGG-1,8233.0,3229,6.4860926,0.3338058114812188,True,True,True,True,True,False
AACGGTAAGGCCATCA-1,2938.0,1307,28.318584,0.0189663823381836,False,True,False,True,False,True
AACTACTCATAACGGG-1,7099.0,2808,7.1981964,0.2919020715630885,True,True,True,True,True,False
AACTAGTGTAAAGCGG-1,4006.0,1799,19.545681,0.0538500251635631,False,True,False,True,False,True
AACTAGTGTGGACCTG-1,5349.0,2388,15.068237,0.0659277660997515,False,True,False,True,False,True
AACTAGTGTGTTTCAC-1,3710.0,1767,17.061995,0.0351362021318594,False,True,False,True,False,True
AACTAGTGTTGTTGTC-1,462.0,125,67.09956,0.0127096204766107,False,False,False,True,False,True
AACTGTTCAACAGCCT-1,9747.0,3571,7.5920796,0.2197265624999999,True,True,True,True,True,False
AACTGTTCATCCCTCA-1,3101.0,1481,16.83328,0.0048189252336448,False,True,False,True,False,True
AAGAACAGTCTTTATG-1,2988.0,1533,18.875502,0.0285103349964362,False,True,False,True,False,True
AAGAATCAGTGAGCGG-1,6611.0,2807,13.6288,0.2919020715630885,True,True,True,True,True,False
AAGACATAGAGAAGGG-1,4145.0,1962,18.190592,0.0819089900110987,False,True,False,True,False,True
AAGACATAGGGCCATC-1,6562.0,2731,12.282841,0.3590909090909092,True,True,True,True,True,False
AAGACATAGGTGCTGC-1,154.0,121,15.584415,0.0130794554675682,False,False,False,True,False,True
AAGACATAGTTATGTG-1,1727.0,974,16.850029,0.0327743902439024,False,True,False,True,False,True
AAGACCAAGTCGCAAT-1,12449.0,4091,16.21817,0.2585915492957747,True,True,False,True,False,False
AAGACCAAGTTTGGGT-1,5247.0,2472,7.8521056,0.2314767501277466,True,True,True,True,True,False
AAGCATGAGAGAGCCG-1,5277.0,2321,8.053819,0.2197265624999999,True,True,True,True,True,False
AAGCATGAGGAACACA-1,5188.0,2163,15.439476,0.0659277660997515,False,True,False,True,False,True
AAGCCTCCAGTTAAAG-1,4858.0,2196,15.02676,0.0774482611478557,False,True,False,True,False,True
AAGCCTGTCCTCAGTC-1,1303.0,741,23.407522,0.0214511041009463,False,True,False,True,False,True
AAGCCTGTCGCAAACT-1,19257.0,5513,11.756763,0.2919020715630885,True,True,True,True,True,False
AAGCCTTAGGCCTTAG-1,6159.0,2605,16.0578,0.421792618629174,True,True,False,True,False,False
AAGCCTTAGTAACAGG-1,2362.0,1203,17.019474,0.0130794554675682,False,True,False,True,False,True
AAGCGAATCTAATCCT-1,3776.0,1816,15.889831,0.0158460667798528,False,True,False,True,False,True
AAGCGAGGTAGTAAGA-1,7708.0,3107,11.728074,0.5083682008368199,True,True,True,True,True,False
AAGCGAGGTTCAAGAT-1,4555.0,2022,18.792536,0.0512778772586684,False,True,False,True,False,True
AAGCGCTGTAAGCACC-1,3427.0,1685,15.903123,0.0626038781163434,False,True,False,True,False,True
AAGCGCTGTATGTGGC-1,2838.0,1338,18.957012,0.0214511041009463,False,True,False,True,False,True
AAGCGCTGTGCGCATG-1,4742.0,2135,19.696331,0.1109874826147426,False,True,False,True,False,True
AAGCGCTGTGTGCACG-1,2614.0,1253,13.198164,0.2443729903536976,True,True,True,True,True,False
AAGCGGGTCTATCGCC-1,1730.0,820,26.127169,0.0893194706994328,False,True,False,True,False,True
AAGCGGGTCTGCAAGT-1,5445.0,2445,15.886134,0.0343302990897269,False,True,False,True,False,True
AAGCTATGTTTAACGG-1,7827.0,3126,15.944806,0.0796344647519582,False,True,False,True,False,True
AAGCTCCCACAACAAA-1,6394.0,2817,9.743509,0.3590909090909092,True,True,True,True,True,False
AAGCTCCCATGCTTAG-1,4302.0,2026,15.086007,0.07332101047443,False,True,False,True,False,True
AAGGAAGCAGTTATCG-1,3217.0,1519,17.345352,0.0150222551928783,False,True,False,True,False,True
AAGGATCCACCTACTT-1,7497.0,3199,8.043218,0.2585915492957747,True,True,True,True,True,False
AAGGATGTCGTTAGCG-1,3725.0,1900,18.57718,0.0753453327752197,False,True,False,True,False,True
AAGGATTAGCTAAGTC-1,3650.0,1626,24.60274,0.0265792198826372,False,True,False,True,False,True
AAGTCTATCCCTGGTT-1,5006.0,2121,16.879745,0.0285103349964362,False,True,False,True,False,True
AAGTGAAGTTTACCGT-1,391.0,320,0.7672635,0.2443729903536976,True,True,True,True,True,False
AAGTGTTGTGTTTGAG-1,3043.0,1486,15.511009,0.0272093023255813,False,True,False,True,False,True
AAGTTACGTAAGCACC-1,4637.0,2114,15.699805,0.0977519575650416,False,True,False,True,False,True
AAGTTACGTAATGACT-1,4209.0,1955,9.289618,0.2197265624999999,True,True,True,True,True,False
AAGTTAGCACATAGCC-1,3811.0,1807,7.898189,0.1991031390134529,True,True,True,True,True,False
AAGTTTGTCACATTGA-1,6814.0,2827,8.02759,0.1815920398009949,True,True,True,True,True,False
AAGTTTGTCAGCACCA-1,163.0,124,12.883435,0.0184964200477326,False,False,True,True,False,True
AAGTTTGTCATTGACA-1,3017.0,1452,17.765993,0.0713709677419354,False,True,False,True,False,True
AAGTTTGTCCACCCTG-1,1048.0,716,15.171756,0.0594961586564231,False,True,False,True,False,True
AATAACCGTGGAAGGC-1,3718.0,1738,16.245293,0.0291821784556262,False,True,False,True,False,True
AATAGAGGTATCTGGA-1,3280.0,1617,9.573171,0.2314767501277466,True,True,True,True,True,False
AATAGCTGTCGCGCAA-1,5928.0,2529,14.861673,0.2919020715630885,True,True,True,True,True,False
AATAGCTGTGGAAGGC-1,6827.0,2928,9.945803,0.311584553928096,True,True,True,True,True,False
AATAGCTGTTTACCGT-1,10321.0,3699,6.8210444,0.3590909090909092,True,True,True,True,True,False
AATCAGGAGCTAAAGG-1,6248.0,2641,11.059539,0.208976157082749,True,True,True,True,True,False
AATCATCCAAATATCC-1,5033.0,2283,15.438108,0.0551959114139693,False,True,False,True,False,True
AATCATCCACGTAAGG-1,9802.0,3091,6.6823096,0.3590909090909092,True,True,True,True,True,False
AATCATGTCTTTGACT-1,2469.0,1315,15.147834,0.019932536031892,False,True,False,True,False,True
AATCCGTAGACAGGCG-1,9425.0,3555,9.877984,0.3590909090909092,True,True,True,True,True,False
AATCCGTAGGTTAGCT-1,1182.0,636,17.258883,0.0394736842105263,False,True,False,True,False,True
AATCCGTAGTAGGATG-1,4070.0,1915,16.142506,0.0977519575650416,False,True,False,True,False,True
AATCCTAAGCTTCCCG-1,5918.0,2617,16.982088,0.0465652374366067,False,True,False,True,False,True
AATCTCAAGGTTTACA-1,5101.0,2212,20.133308,0.041367423154266,False,True,False,True,False,True
AATGAAGGTACTTCAC-1,3797.0,1852,18.145905,0.0204292199752373,False,True,False,True,False,True
AATGAAGGTTAAGGTT-1,6642.0,2737,16.365551,0.0394736842105263,False,True,False,True,False,True
AATGCATGTATTGCAG-1,2782.0,1505,8.806614,0.2743467933491688,True,True,True,True,True,False
AATGCATGTTACTAGG-1,5201.0,2193,15.09325,0.0214511041009463,False,True,False,True,False,True
AATGGCGCAGCAACCT-1,3671.0,1747,6.8373737,0.2197265624999999,True,True,True,True,True,False
AATGTCCAGCTTAGTA-1,3371.0,1533,25.482052,0.0305709023941068,False,True,False,True,False,True
AATGTCCAGGTCATTA-1,10701.0,3835,11.727877,0.2197265624999999,True,True,True,True,True,False
AATTACCCACTAGCGT-1,1182.0,629,32.402706,0.1815920398009949,True,True,False,True,False,False
AATTAGCGTCATCCTG-1,2662.0,1435,15.214125,0.006940160394818,False,True,False,True,False,True
AATTAGCGTGTTGTAG-1,4796.0,2145,20.30859,0.0265792198826372,False,True,False,True,False,True
AATTAGGCATGTGGGA-1,5108.0,2328,15.113547,0.041367423154266,False,True,False,True,False,True
AATTCGTCACCGTTCC-1,4095.0,1857,17.216118,0.0713709677419354,False,True,False,True,False,True
AATTCGTCAGCTCATA-1,4308.0,1894,16.643454,0.0694911898633933,False,True,False,True,False,True
AATTCGTCATTGCAGC-1,6855.0,2816,15.871626,0.0171362184141736,False,True,False,True,False,True
AATTGACGTCACGAAC-1,9175.0,3647,9.689374,0.3590909090909092,True,True,True,True,True,False
AATTGACGTGCATCGG-1,7482.0,3066,13.205026,0.3338058114812188,True,True,True,True,True,False
AATTGCCAGCTGTAAC-1,9359.0,3714,4.722727,0.3590909090909092,True,True,True,True,True,False
AATTGCTCAACCGCCA-1,2179.0,1190,16.750803,0.0642374154770849,False,True,False,True,False,True
AATTGCTCAAGATTCT-1,4373.0,2004,15.229819,0.0142257888017508,False,True,False,True,False,True
AATTGCTCATAATTGC-1,4081.0,2053,6.4690022,0.208976157082749,True,True,True,True,True,False
AATTGCTCATTAAAGG-1,4571.0,1991,17.020346,0.3590909090909092,True,True,False,True,False,False
AATTGGACAACCTGGT-1,6973.0,2915,9.579807,0.2743467933491688,True,True,True,True,True,False
AATTGGACATAGACCC-1,4056.0,1893,15.113412,0.0565841841148987,False,True,False,True,False,True
AATTGTGTCGTAATCA-1,3515.0,1676,18.008535,0.0977519575650416,False,True,False,True,False,True
AATTTCCTCATGAGCT-1,6367.0,2520,11.104131,0.421792618629174,True,True,True,True,True,False
ACAACAGAGCTATTAG-1,1781.0,1058,20.044918,0.0394736842105263,False,True,False,True,False,True
ACAACATGTTTAACCC-1,11934.0,3607,4.407575,0.2314767501277466,True,True,True,True,True,False
ACACGGACACCCACAG-1,4738.0,2112,15.766147,0.041367423154266,False,True,False,True,False,True
ACACGGACAGTTTGGC-1,2288.0,1074,30.288462,0.0565841841148987,False,True,False,True,False,True
ACACGGACATGTTGGC-1,718.0,413,29.526463,0.07332101047443,False,True,False,True,False,True
ACACTAGGTGAACAAA-1,12717.0,4364,10.772981,0.5653179190751447,True,True,True,True,True,False
ACACTAGGTGTAACCA-1,2797.0,1355,17.76904,0.0043233895373973,False,True,False,True,False,True
ACACTTGCAAATTCGT-1,199.0,138,17.085426,0.0476932668329177,False,False,False,True,False,True
ACACTTGCAAGCCAGA-1,1048.0,354,36.83206,0.0189663823381836,False,True,False,True,False,True
ACACTTGCAGCGCTTG-1,207.0,138,16.908213,0.0219768552924938,False,False,False,True,False,True
ACACTTGCAGGCTAAG-1,8295.0,3123,11.091019,0.3590909090909092,True,True,True,True,True,False
ACAGCCGGTTGGCCGA-1,6846.0,2855,12.065439,0.2919020715630885,True,True,True,True,True,False
ACAGGATCACATAGCC-1,3280.0,1600,16.432928,0.0920067616517749,False,True,False,True,False,True
ACAGGATCAGTAGGTG-1,7060.0,3036,13.48442,0.2919020715630885,True,True,True,True,True,False
ACAGGCTGTCAAGACC-1,9310.0,3612,12.674543,0.3590909090909092,True,True,True,True,True,False
ACAGGTAAGGAGGACT-1,5659.0,2297,15.92154,0.016268670916183,False,True,False,True,False,True
ACATAGCTCCTAAGAC-1,7140.0,2984,12.408963,0.3881204231082177,True,True,True,True,True,False
ACATCATCAATAGCCC-1,6579.0,2768,16.30947,0.007508212106992,False,True,False,True,False,True
ACATCATCAATTAGCT-1,9701.0,3632,17.235336,0.3590909090909092,True,True,False,True,False,False
ACATTAGTCTTGTTCG-1,6460.0,2616,17.105263,0.0204292199752373,False,True,False,True,False,True
ACATTGCAGGCAAGTA-1,8967.0,3534,15.76893,0.3338058114812188,True,True,False,True,False,False
ACATTGCAGGTTAGAG-1,3747.0,1823,16.653324,0.0610243370868143,False,True,False,True,False,True
ACATTGCAGTAGGATG-1,5246.0,2298,15.421273,0.0214511041009463,False,True,False,True,False,True
ACATTGCAGTTAGCTA-1,8609.0,3331,13.938901,0.2314767501277466,True,True,True,True,True,False
ACCAAACTCCCATAGG-1,2922.0,1449,22.142368,0.0150222551928783,False,True,False,True,False,True
ACCAAACTCGCTCACT-1,1057.0,612,16.934721,0.0106096328730212,False,True,False,True,False,True
ACCAAGCGTAGCTAGC-1,2269.0,1104,29.704718,0.0538500251635631,False,True,False,True,False,True
ACCAAGCGTAGGTTGC-1,673.0,385,25.408617,0.3338058114812188,True,True,False,True,False,False
ACCAAGCGTCAGGCAT-1,4428.0,2042,17.95393,0.0385625431928127,False,True,False,True,False,True
ACCAAGCGTCATAAGT-1,6009.0,2648,15.976036,0.0394736842105263,False,True,False,True,False,True
ACCAAGCGTGGGTGAA-1,2257.0,1284,15.285778,0.0368073345018201,False,True,False,True,False,True
ACCAAGCGTGTAATAC-1,10516.0,3710,12.1814375,0.2197265624999999,True,True,True,True,True,False
ACCAAGTTCAGGTCCA-1,10383.0,3878,10.440143,0.2443729903536976,True,True,True,True,True,False
ACCAAGTTCTCACACC-1,1796.0,892,23.830736,0.1475409836065573,False,True,False,True,False,True
ACCAAGTTCTTACTCG-1,1052.0,656,17.490494,0.0368073345018201,False,True,False,True,False,True
ACCAATATCAGGTTTA-1,5004.0,2061,16.147083,0.0138373880799493,False,True,False,True,False,True
ACCACACCAACTGGCT-1,6488.0,2712,7.7219477,0.2585915492957747,True,True,True,True,True,False
ACCACACCACCACAAC-1,11468.0,3945,8.641437,0.3338058114812188,True,True,True,True,True,False
ACCAGGACATAAGCAA-1,5284.0,2325,16.72975,0.0291821784556262,False,True,False,True,False,True
ACCAGGCTCGCTAAAC-1,11517.0,3804,15.212295,0.0842772995015858,False,True,False,True,False,True
ACCAGGGAGACCATAC-1,503.0,159,59.24453,0.0171362184141736,False,False,False,True,False,True
ACCATTAAGCTGAGGG-1,2284.0,1160,23.77408,0.0285103349964362,False,True,False,True,False,True
ACCCAACCATAATGAG-1,6774.0,2799,9.167404,0.2585915492957747,True,True,True,True,True,False
ACCCAGGGTATTGCAG-1,1047.0,506,38.77746,0.016268670916183,False,True,False,True,False,True
ACCCAGGGTCGACTAA-1,5563.0,2530,10.983282,0.311584553928096,True,True,True,True,True,False
ACCCGGTAGCCTGATG-1,2788.0,1353,16.786226,0.0278528616758726,False,True,False,True,False,True
ACCCGGTAGCTCCCTG-1,2513.0,1330,16.394749,0.0061173627369534,False,True,False,True,False,True
ACCCGGTAGCTTAGTA-1,3113.0,1557,18.374557,0.0368073345018201,False,True,False,True,False,True
ACCCGGTAGTTCCTCA-1,6062.0,2514,16.529198,0.0171362184141736,False,True,False,True,False,True
ACCCTGTTCATGCTCC-1,6583.0,2610,15.5856,0.0404083368779242,False,True,False,True,False,True
ACCGCAATCGGCCAGT-1,3354.0,1653,8.407871,0.2197265624999999,True,True,True,True,True,False
ACCGGTTCAGCAACAG-1,3046.0,1565,9.290874,0.2585915492957747,True,True,True,True,True,False
ACCTACCTCAATGAGG-1,10522.0,3886,13.761642,0.3338058114812188,True,True,True,True,True,False
ACCTCACTCCCATAGG-1,2461.0,1284,22.592442,0.0351362021318594,False,True,False,True,False,True
ACCTGGTCAATAGCAA-1,7285.0,2975,11.393273,0.311584553928096,True,True,True,True,True,False
ACCTGGTCAGTAATAG-1,5040.0,2061,19.34524,0.0214511041009463,False,True,False,True,False,True
ACCTTCCAGGCCAATT-1,3218.0,1296,36.14046,0.0376740376740376,False,True,False,True,False,True
ACCTTCCAGGTCCGTA-1,2368.0,1226,15.75169,0.1272051996285979,False,True,False,True,False,True
ACCTTGCTCGTTAGCG-1,1634.0,891,17.44186,0.0368073345018201,False,True,False,True,False,True
ACCTTGTGTGTTTCAC-1,12778.0,4334,12.709345,0.2314767501277466,True,True,True,True,True,False
ACCTTGTGTTGCCTCA-1,7732.0,3049,7.5271597,0.3590909090909092,True,True,True,True,True,False
ACGAACAAGAATGACG-1,6708.0,2740,12.641623,0.5653179190751447,True,True,True,True,True,False
ACGAACAAGACACTTA-1,19727.0,5792,6.650783,0.311584553928096,True,True,True,True,True,False
ACGAACAAGCTATATG-1,8556.0,3392,9.782609,0.421792618629174,True,True,True,True,True,False
ACGAACAAGGCTACTG-1,229.0,137,22.270742,0.0444012557930931,False,False,False,True,False,True
ACGAAGTCAAATTGCT-1,4794.0,2336,7.7805595,0.3590909090909092,True,True,True,True,True,False
ACGACAAAGTGAACGA-1,11668.0,4256,8.3390465,0.1991031390134529,True,True,True,True,True,False
ACGACTTAGCAAGGTA-1,6210.0,2907,5.458937,0.3881204231082177,True,True,True,True,True,False
ACGAGTAAGTCAGGCC-1,4241.0,1871,16.977129,0.0565841841148987,False,True,False,True,False,True
ACGATTCAGTATGTGC-1,4088.0,1800,20.939335,0.04235191384078,False,True,False,True,False,True
ACGCAAGCAGCTCATA-1,7551.0,3083,15.362204,0.0385625431928127,False,True,False,True,False,True
ACGCAAGCATTGTGTG-1,4431.0,2027,17.625818,0.043362831858407,False,True,False,True,False,True
ACGCCACAGGCTGTGC-1,4514.0,2285,13.845814,0.2197265624999999,True,True,True,True,True,False
ACGCCACAGTTAGAGG-1,7540.0,3016,15.822281,0.2743467933491688,True,True,False,True,False,False
ACGCCTAAGCTCGCTT-1,3949.0,1907,15.725499,0.0610243370868143,False,True,False,True,False,True
ACGCCTAAGGATCCGC-1,12776.0,4343,11.685973,0.2314767501277466,True,True,True,True,True,False
ACGCCTTTCACAGCCA-1,7605.0,2952,5.6936226,0.1991031390134529,True,True,True,True,True,False
ACGCCTTTCAGCATTA-1,9712.0,3518,10.080313,0.3338058114812188,True,True,True,True,True,False
ACGCCTTTCCGGTATG-1,6655.0,2658,7.0773854,0.1991031390134529,True,True,True,True,True,False
ACGCTTGAGCGATACT-1,4293.0,2106,10.179361,0.2314767501277466,True,True,True,True,True,False
ACGCTTGAGCTCGCTT-1,5232.0,2255,19.495413,0.0194450070893255,False,True,False,True,False,True
ACGCTTGAGGACGTAA-1,5072.0,2268,17.764196,0.0189663823381836,False,True,False,True,False,True
ACGCTTGAGTATCGCG-1,5647.0,2526,15.300159,0.0312888005959771,False,True,False,True,False,True
ACGGTACGTATTGGTG-1,4808.0,2073,19.488352,0.0077983458054352,False,True,False,True,False,True
ACGGTTAGTCTTACTA-1,9100.0,3650,10.692307,0.2919020715630885,True,True,True,True,True,False
ACGGTTAGTTAACGAT-1,3982.0,1679,8.337519,0.2314767501277466,True,True,True,True,True,False
ACGGTTAGTTAATCGG-1,10264.0,3594,7.3070927,0.3590909090909092,True,True,True,True,True,False
ACGGTTTAGCAAGGTA-1,1081.0,676,21.369102,0.0259621953996811,False,True,False,True,False,True
ACGTACCCAAACTGTT-1,10207.0,3587,13.510336,0.2743467933491688,True,True,True,True,True,False
ACGTACCCAGCATGAG-1,6352.0,2905,6.9741817,0.3338058114812188,True,True,True,True,True,False
ACGTACCCAGGGAGCT-1,5704.0,2511,11.132538,0.3881204231082177,True,True,True,True,True,False
ACGTCCAAGCTCCTTA-1,5627.0,2177,22.569754,0.2743467933491688,True,True,False,True,False,False
ACGTCCAAGCTTTGGG-1,3709.0,1810,16.122944,0.0241855328547763,False,True,False,True,False,True
ACGTCCAAGTGATTCA-1,383.0,140,60.313313,0.0189663823381836,False,False,False,True,False,True
ACGTTACAGCCATCAG-1,8203.0,3171,3.815677,0.2585915492957747,True,True,True,True,True,False
ACGTTGTAGGACCGCT-1,3481.0,1597,15.914968,0.0204292199752373,False,True,False,True,False,True
ACGTTGTAGGCCTGGT-1,2248.0,1016,33.763348,0.0351362021318594,False,True,False,True,False,True
ACGTTGTAGTCACTCC-1,4603.0,2095,15.077123,0.0551959114139693,False,True,False,True,False,True
ACGTTGTAGTTATGTG-1,3447.0,1731,15.549753,0.0694911898633933,False,True,False,True,False,True
ACGTTGTAGTTTGCGG-1,4819.0,2267,11.599917,0.2443729903536976,True,True,True,True,True,False
ACTAACGGTTAAATGC-1,6219.0,2680,15.918959,0.0291821784556262,False,True,False,True,False,True
ACTAACGGTTCAAGCA-1,1167.0,744,20.051414,0.0359616409163558,False,True,False,True,False,True
ACTAACTCAAACAACA-1,10355.0,3902,10.622888,0.2743467933491688,True,True,True,True,True,False
ACTAACTCAAACCTTG-1,4497.0,2062,16.611074,0.07332101047443,False,True,False,True,False,True
ACTAACTCAGGAACCA-1,14017.0,4597,13.376615,0.421792618629174,True,True,True,True,True,False
ACTAATCCAATAGCCC-1,3472.0,1652,15.552996,0.0842772995015858,False,True,False,True,False,True
ACTAATCCACTCGCTC-1,5901.0,2696,8.727334,0.208976157082749,True,True,True,True,True,False
ACTAGGCGTACTGAAT-1,3133.0,1603,11.6182575,0.1900043084877208,True,True,True,True,True,False
ACTATGTCATTGGGAG-1,5465.0,2446,10.942361,0.2743467933491688,True,True,True,True,True,False
ACTCACCTCAAGTGAG-1,3416.0,1718,15.017565,0.0320231068692703,False,True,False,True,False,True
ACTCACTGTCCGTGAG-1,2581.0,1379,15.34289,0.0368073345018201,False,True,False,True,False,True
ACTCCTCAGGCGGGTA-1,4813.0,2323,12.383129,0.2919020715630885,True,True,True,True,True,False
ACTCGCGCATTGTTGG-1,5675.0,2528,9.762115,0.311584553928096,True,True,True,True,True,False
ACTCGCTTCCCATAGG-1,2565.0,1295,26.510721,0.0500481231953801,False,True,False,True,False,True
ACTCGCTTCGATTTGA-1,6195.0,2508,17.255852,0.0086942521333118,False,True,False,True,False,True
ACTCGCTTCGTGCCTT-1,1795.0,979,21.94986,0.0154306555690638,False,True,False,True,False,True
ACTCGCTTCTATCGCC-1,6945.0,2813,12.138228,0.311584553928096,True,True,True,True,True,False
ACTGAATGTGGATGTC-1,8259.0,3222,8.596683,0.3590909090909092,True,True,True,True,True,False
ACTTACTTCGGTCAAT-1,4269.0,2263,5.739049,0.3881204231082177,True,True,True,True,True,False
ACTTACTTCTGTGAGT-1,2541.0,1301,15.269579,0.0320231068692703,False,True,False,True,False,True
ACTTAGTCAGTTAGCC-1,2548.0,1270,9.065934,0.1900043084877208,True,True,True,True,True,False
ACTTATCTCAGGAAGC-1,437.0,160,55.14874,0.0465652374366067,False,False,False,True,False,True
ACTTATGAGCATGTCG-1,5779.0,2486,15.6947565,0.0610243370868143,False,True,False,True,False,True
ACTTCGCTCCGGTTGA-1,1175.0,678,19.914894,0.0551959114139693,False,True,False,True,False,True
ACTTGCACACAGGAAT-1,5675.0,2466,15.7709255,0.0580168776371308,False,True,False,True,False,True
ACTTGCACAGGCTTGT-1,1734.0,861,19.550173,0.0116349220029302,False,True,False,True,False,True
ACTTGCACAGGTTAAA-1,2533.0,1315,15.712593,0.0061173627369534,False,True,False,True,False,True
ACTTGTCGTGCTTAGA-1,6126.0,2424,20.421156,0.0867453157529493,False,True,False,True,False,True
ACTTGTCGTTAAGCTG-1,12300.0,4265,17.666666,0.3881204231082177,True,True,False,True,False,False
ACTTTGTTCATGACCG-1,5742.0,2632,3.6050155,0.1900043084877208,True,True,True,True,True,False
AGAAACCCAACTGGGA-1,1061.0,586,26.484447,0.1186639320246117,False,True,False,True,False,True
AGAAACCCACTTGTTC-1,11360.0,3780,6.4876757,0.2585915492957747,True,True,True,True,True,False
AGAAACCCAGTATGTT-1,915.0,489,20.874317,0.0241855328547763,False,True,False,True,False,True
AGAAACTAGCGCTCAA-1,1571.0,775,21.833227,0.0476932668329177,False,True,False,True,False,True
AGAACAAGTTGCAATG-1,5662.0,2565,11.056164,0.2743467933491688,True,True,True,True,True,False
AGAACAAGTTTATGGG-1,4105.0,1756,19.171741,0.0225128644939965,False,True,False,True,False,True
AGAACCAAGTCGCTAG-1,3287.0,1731,5.719501,0.1815920398009949,True,True,True,True,True,False
AGAACCGCAGAAATGC-1,5368.0,2268,16.4307,0.0241855328547763,False,True,False,True,False,True
AGAACCGCATAATCGT-1,772.0,365,40.284973,0.1272051996285979,False,True,False,True,False,True
AGAAGGTGTTGTCCAT-1,2420.0,1333,16.07438,0.0175815588982223,False,True,False,True,False,True
AGAATCTGTGAGGTAG-1,3511.0,1711,7.2059245,0.1900043084877208,True,True,True,True,True,False
AGAATCTGTGCGCGTA-1,6912.0,3077,12.398726,0.2919020715630885,True,True,True,True,True,False
AGAATCTGTTCAAGAT-1,7299.0,2882,18.851896,0.0291821784556262,False,True,False,True,False,True
AGACCCGGTCTAACCT-1,5094.0,2221,7.891637,0.2443729903536976,True,True,True,True,True,False
AGACCCGGTTAATGAC-1,1824.0,1108,15.625,0.0077983458054352,False,True,False,True,False,True
AGAGAAGCAAGGGTTG-1,4024.0,1977,17.171968,0.07332101047443,False,True,False,True,False,True
AGAGAAGCATGTCAAT-1,5382.0,2546,7.5436645,0.3338058114812188,True,True,True,True,True,False
AGAGATTAGGCTGTCA-1,3136.0,1489,10.905612,0.2197265624999999,True,True,True,True,True,False
AGAGATTAGGTAACGA-1,2980.0,1487,15.067114,0.0175815588982223,False,True,False,True,False,True
AGAGGAACAGGCATCT-1,5699.0,2538,15.037725,0.0209353192375794,False,True,False,True,False,True
AGAGGATGTGAGGTAG-1,7898.0,2984,15.510255,0.0209353192375794,False,True,False,True,False,True
AGAGGATGTGTGCACG-1,6509.0,2778,13.089569,0.311584553928096,True,True,True,True,True,False
AGAGGATGTTGGCCGA-1,582.0,241,43.814434,0.0265792198826372,False,True,False,True,False,True
AGATGCTTCGTTACTT-1,8621.0,3290,12.202761,0.311584553928096,True,True,True,True,True,False
AGCAAATAGCGAGGTG-1,5753.0,2467,16.165478,0.0112878399179066,False,True,False,True,False,True
AGCAAATAGGCGCACT-1,12454.0,4545,8.840533,0.311584553928096,True,True,True,True,True,False
AGCAAGGGTAATCACG-1,7698.0,3015,7.742271,0.1900043084877208,True,True,True,True,True,False
AGCAAGGGTGAAACAA-1,4463.0,2151,12.211517,0.2743467933491688,True,True,True,True,True,False
AGCACAGCACGAATCC-1,4724.0,1998,20.575783,0.0444012557930931,False,True,False,True,False,True
AGCACAGCAGGTTATT-1,4957.0,2191,15.049425,0.0236168816969166,False,True,False,True,False,True
AGCACTAGTTAACACG-1,2148.0,1111,18.947859,0.0796344647519582,False,True,False,True,False,True
AGCACTAGTTAGCAGC-1,8593.0,3499,10.008146,0.3590909090909092,True,True,True,True,True,False
AGCAGGTAGGACAACA-1,9680.0,3730,13.894628,0.2743467933491688,True,True,True,True,True,False
AGCAGGTAGTCACTAA-1,2614.0,1338,15.4169855,0.0204292199752373,False,True,False,True,False,True
AGCCAGTGTAGCAGCT-1,7364.0,2840,18.997828,0.0488537549407114,False,True,False,True,False,True
AGCCAGTGTGCTCCAC-1,5206.0,2053,20.26508,0.0351362021318594,False,True,False,True,False,True
AGCCAGTGTGTTTGCT-1,3236.0,1579,19.561186,0.0713709677419354,False,True,False,True,False,True
AGCCAGTGTTCCGCAC-1,858.0,498,16.550116,0.0394736842105263,False,True,False,True,False,True
AGCCGCTAGGATGATG-1,3954.0,1970,17.04603,0.0565841841148987,False,True,False,True,False,True
AGCCGGTTCAGGTTTA-1,9310.0,3772,8.496241,0.3881204231082177,True,True,True,True,True,False
AGCCTAAGTGCTTACT-1,7791.0,3195,11.2822485,0.2197265624999999,True,True,True,True,True,False
AGCCTAGTCAAAGGCA-1,2503.0,1479,5.833,0.208976157082749,True,True,True,True,True,False
AGCCTAGTCATGCTTT-1,6368.0,2904,7.035176,0.311584553928096,True,True,True,True,True,False
AGCCTCCGTAGCTGGT-1,5209.0,2495,8.75408,0.2443729903536976,True,True,True,True,True,False
AGCCTCCGTGTGAGAG-1,4413.0,2006,15.726264,0.0796344647519582,False,True,False,True,False,True
AGCCTCCGTTACATCC-1,2229.0,1255,15.253477,0.0090017030248966,False,True,False,True,False,True
AGCCTGGGTTAGAGCC-1,5267.0,2234,15.39776,0.0774482611478557,False,True,False,True,False,True
AGCGCTCAGGACTTAC-1,5821.0,2519,16.217146,0.0454683237344649,False,True,False,True,False,True
AGCGCTCAGTCAATCA-1,3408.0,1683,11.267606,0.1815920398009949,True,True,True,True,True,False
AGCGGATAGCCGCAAC-1,1683.0,825,24.420677,0.0819089900110987,False,True,False,True,False,True
AGCGGATAGCCTGGTA-1,1150.0,648,15.130435,0.0476932668329177,False,True,False,True,False,True
AGCGGATAGCTGTCAG-1,4332.0,1808,20.937212,0.0099518991540885,False,True,False,True,False,True
AGCGGATAGGAGGCAT-1,9500.0,3551,12.863157,0.3590909090909092,True,True,True,True,True,False
AGCGGATAGGAGTCGG-1,4130.0,1956,18.716707,0.043362831858407,False,True,False,True,False,True
AGCGGATAGGATGATG-1,4492.0,2090,15.983972,0.0376740376740376,False,True,False,True,False,True
AGCGGATAGGGTGAGT-1,1362.0,742,16.813509,0.009313725490196,False,True,False,True,False,True
AGCGGATAGGTTACAC-1,6244.0,2675,15.743114,0.3590909090909092,True,True,False,True,False,False
AGCGTGCTCTTCAATC-1,9189.0,3393,9.903145,0.3881204231082177,True,True,True,True,True,False
AGCTAGTTCGCTTCTA-1,8574.0,3342,10.53184,0.3881204231082177,True,True,True,True,True,False
AGCTATATCCTCCTAA-1,3244.0,1519,16.152897,0.0175815588982223,False,True,False,True,False,True
AGCTGCTCACAGCCTG-1,7973.0,3035,8.415904,0.3881204231082177,True,True,True,True,True,False
AGCTGCTCACATTAAC-1,6565.0,2810,12.383854,0.2443729903536976,True,True,True,True,True,False
AGCTTAATCGGTTTGG-1,11865.0,4313,12.583227,0.311584553928096,True,True,True,True,True,False
AGCTTGGTCCTGTTCA-1,3333.0,1772,7.110711,0.1815920398009949,True,True,True,True,True,False
AGCTTGGTCGACCTGA-1,6083.0,2749,10.997863,0.1991031390134529,True,True,True,True,True,False
AGCTTGGTCTCACAAA-1,9224.0,3674,6.732437,0.3590909090909092,True,True,True,True,True,False
AGCTTTAAGAAGCTAG-1,9713.0,3487,15.546176,0.3338058114812188,True,True,False,True,False,False
AGCTTTAAGCGATAGA-1,1296.0,608,26.234568,0.0146206896551724,False,True,False,True,False,True
AGCTTTAAGGCCTAAT-1,1594.0,803,26.913425,0.0090017030248966,False,True,False,True,False,True
AGGAAACGTAATTAGC-1,4289.0,2030,5.665656,0.2314767501277466,True,True,True,True,True,False
AGGAAACGTTGTAACG-1,6579.0,2807,13.725491,0.3338058114812188,True,True,True,True,True,False
AGGACGTAGATAACCC-1,11847.0,3997,7.605301,0.2743467933491688,True,True,True,True,True,False
AGGACGTAGGCCTAAT-1,4093.0,1862,15.587589,0.0867453157529493,False,True,False,True,False,True
AGGACGTAGTCAGGCC-1,3324.0,1564,22.382671,0.0351362021318594,False,True,False,True,False,True
AGGAGCTAGGACCTGC-1,7085.0,2872,15.2575865,0.006940160394818,False,True,False,True,False,True
AGGAGCTAGGGCCATC-1,2035.0,1155,21.179361,0.0253578271159697,False,True,False,True,False,True
AGGAGCTAGTATTGTG-1,5488.0,2572,11.279155,0.3338058114812188,True,True,True,True,True,False
AGGAGCTAGTTAGACC-1,4521.0,1795,7.3877463,0.3881204231082177,True,True,True,True,True,False
AGGATATAGGCATGTT-1,15322.0,5019,12.048036,0.2919020715630885,True,True,True,True,True,False
AGGATATAGGTAAGGC-1,172.0,117,20.930233,0.0146206896551724,False,False,False,True,False,True
AGGATATAGTGCTGTG-1,790.0,434,30.126583,0.0236168816969166,False,True,False,True,False,True
AGGATCCGTTAACAGT-1,7608.0,3015,9.897476,0.2919020715630885,True,True,True,True,True,False
AGGATGCAGAGGCTAA-1,1946.0,1044,15.056526,0.0465652374366067,False,True,False,True,False,True
AGGATGTCACAAAGAC-1,4033.0,1910,20.828169,0.1318471337579617,False,True,False,True,False,True
AGGATGTCATGTTTGG-1,10761.0,3845,6.9510264,0.2919020715630885,True,True,True,True,True,False
AGGATTGAGGCGCACT-1,3590.0,1707,18.133705,0.0454683237344649,False,True,False,True,False,True
AGGCAGGTCACAAGCT-1,12613.0,4089,8.855943,0.3338058114812188,True,True,True,True,True,False
AGGCCCAGTACCCACC-1,5758.0,2571,11.427579,0.208976157082749,True,True,True,True,True,False
AGGCCCAGTGCAACTA-1,10624.0,3688,7.7466116,0.2919020715630885,True,True,True,True,True,False
AGGCTAAAGCATCCAG-1,4842.0,2137,16.831888,0.0948148148148148,False,True,False,True,False,True
AGGCTAAAGGCCTTAG-1,1860.0,1035,4.032258,0.2443729903536976,True,True,True,True,True,False
AGGCTAAAGGGTCTAT-1,3836.0,1701,22.106361,0.0116349220029302,False,True,False,True,False,True
AGGCTAAAGTCATGCG-1,11253.0,3935,9.153115,0.3590909090909092,True,True,True,True,True,False
AGGCTAGCAAACTAAG-1,7998.0,3257,10.165041,0.3338058114812188,True,True,True,True,True,False
AGGCTAGCATGGCCTG-1,2629.0,1345,15.062761,0.0058505850585058,False,True,False,True,False,True
AGGGCCTTCTTTAAGG-1,1582.0,862,27.307207,0.0327743902439024,False,True,False,True,False,True
AGGGCTACATTATGAC-1,9295.0,3171,11.608391,0.2585915492957747,True,True,True,True,True,False
AGGGCTACATTGCGAC-1,6072.0,2572,15.645586,0.0676779463243874,False,True,False,True,False,True
AGGTATTGTTGCAGTA-1,4278.0,2087,15.474521,0.0713709677419354,False,True,False,True,False,True
AGGTATTGTTTAAAGC-1,5328.0,2251,15.653152,0.0694911898633933,False,True,False,True,False,True
AGGTCCGGTCCAAATG-1,4160.0,1926,17.692308,0.0102782652293807,False,True,False,True,False,True
AGGTCCGGTCTTTATG-1,5048.0,2280,15.035658,0.0359616409163558,False,True,False,True,False,True
AGGTCCGGTTAAGCCA-1,3883.0,1876,17.537985,0.0285103349964362,False,True,False,True,False,True
AGGTCTTAGTCACTCC-1,12600.0,4255,9.722222,0.2443729903536976,True,True,True,True,True,False
AGGTGAGGTGCATCGG-1,6304.0,2703,7.6618023,0.311584553928096,True,True,True,True,True,False
AGGTTAACACAATACT-1,3968.0,1777,18.44758,0.1008273009307135,False,True,False,True,False,True
AGGTTACTCCTTAAGA-1,4959.0,2184,16.414598,0.0565841841148987,False,True,False,True,False,True
AGGTTTATCATTTGCT-1,6765.0,2779,10.4656315,0.2919020715630885,True,True,True,True,True,False
AGGTTTATCCTAAGGT-1,8502.0,3385,7.7628794,0.1815920398009949,True,True,True,True,True,False
AGGTTTATCGCTTCTA-1,9044.0,3334,7.2092,0.2197265624999999,True,True,True,True,True,False
AGGTTTGGTCAATAGT-1,4407.0,1993,15.543453,0.019932536031892,False,True,False,True,False,True
AGTAAACAGCCGGTAC-1,3240.0,1606,15.401236,0.1228175797712221,False,True,False,True,False,True
AGTAAGTAGGATGATG-1,2187.0,1189,15.089163,0.1228175797712221,False,True,False,True,False,True
AGTAAGTAGTAACGAG-1,5956.0,2626,7.874412,0.2314767501277466,True,True,True,True,True,False
AGTAAGTAGTCACTAA-1,7733.0,3167,13.24195,0.2585915492957747,True,True,True,True,True,False
AGTACGCGTCGACTCC-1,4956.0,2265,8.192091,0.3338058114812188,True,True,True,True,True,False
AGTACGCGTGCTCCGT-1,9988.0,3722,7.478975,0.2314767501277466,True,True,True,True,True,False
AGTACGCGTTAGTGAT-1,4507.0,2131,11.182605,0.2443729903536976,True,True,True,True,True,False
AGTACGCGTTTGCGAA-1,2784.0,1366,20.114943,0.0184964200477326,False,True,False,True,False,True
AGTAGCTTCGGGATTT-1,8274.0,3227,12.388204,0.3881204231082177,True,True,True,True,True,False
AGTAGGATCATTGCAA-1,4504.0,2150,6.105684,0.2197265624999999,True,True,True,True,True,False
AGTATAGCAAACTAAG-1,2966.0,1384,19.925825,0.0063878326996197,False,True,False,True,False,True
AGTATAGCAAACTCAT-1,1258.0,654,18.918919,0.04235191384078,False,True,False,True,False,True
AGTATAGCAACTAACT-1,5820.0,2360,15.24055,0.0376740376740376,False,True,False,True,False,True
AGTCAAGAGCTTATGA-1,3457.0,1663,8.822679,0.1815920398009949,True,True,True,True,True,False
AGTCAATGTGATGAGG-1,10390.0,3779,12.319538,0.3881204231082177,True,True,True,True,True,False
AGTCAGGCATAGCGGA-1,2065.0,1148,15.060532,0.0180348871587661,False,True,False,True,False,True
AGTCCTGAGCCTGTTC-1,11061.0,4063,9.764036,0.421792618629174,True,True,True,True,True,False
AGTCCTTGTGCTTACT-1,8117.0,3065,15.707774,0.0610243370868143,False,True,False,True,False,True
AGTCTTGCAATAACCT-1,5650.0,2313,16.38938,0.0753453327752197,False,True,False,True,False,True
AGTCTTGCACCGGCTA-1,4103.0,2152,9.870827,0.2743467933491688,True,True,True,True,True,False
AGTCTTGCACCTGGTG-1,6371.0,2611,15.052583,0.0610243370868143,False,True,False,True,False,True
AGTCTTGCACTAAGCC-1,4915.0,2344,10.030519,0.2919020715630885,True,True,True,True,True,False
AGTCTTGCATTGTCCT-1,4730.0,2092,18.625793,0.0977519575650416,False,True,False,True,False,True
AGTGATGAGGCATGTT-1,8113.0,3236,7.3462343,0.2585915492957747,True,True,True,True,True,False
AGTGCCGGTATGGTGC-1,3431.0,1617,16.146894,0.0102782652293807,False,True,False,True,False,True
AGTGCCGGTCATCAAG-1,4216.0,1826,16.76945,0.0676779463243874,False,True,False,True,False,True
AGTGCCGGTTATCCTA-1,1121.0,657,26.137379,0.0359616409163558,False,True,False,True,False,True
AGTGCGGAGCACAGCC-1,2648.0,1381,16.465258,0.0048189252336448,False,True,False,True,False,True
AGTGCGGAGTACTGGT-1,8442.0,3198,9.997631,0.2743467933491688,True,True,True,True,True,False
AGTGTGGCAAGCCAGA-1,1063.0,553,27.375353,0.02986886838271,False,True,False,True,False,True
AGTGTTTCAATTATGC-1,4536.0,2101,15.9612,0.02986886838271,False,True,False,True,False,True
AGTGTTTCAGGACCTT-1,2615.0,1382,10.592734,0.2197265624999999,True,True,True,True,True,False
AGTGTTTCATTGTGTG-1,12034.0,4392,9.905269,0.3590909090909092,True,True,True,True,True,False
AGTTACATCCAATAGC-1,214.0,149,14.018692,0.0312888005959771,False,False,True,True,False,True
AGTTATGTCCCGCAAA-1,11854.0,4181,13.33727,0.2443729903536976,True,True,True,True,True,False
AGTTGCAGTCTTTGAC-1,5910.0,2274,10.862945,0.2919020715630885,True,True,True,True,True,False
AGTTGCGTCATGGCCA-1,1659.0,877,18.38457,0.0247657295850066,False,True,False,True,False,True
AGTTGGCGTCCTAACT-1,5224.0,2139,17.840736,0.0291821784556262,False,True,False,True,False,True
AGTTGGCGTTAAGCCA-1,2650.0,1391,15.811321,0.0525446133509583,False,True,False,True,False,True
AGTTGTCAGCAGCTCA-1,9930.0,3671,11.329306,0.311584553928096,True,True,True,True,True,False
AGTTGTCAGGAACGGT-1,36.0,21,69.44444,0.0134553283100107,False,False,False,True,False,True
AGTTTGATCCTAAGTA-1,5074.0,2317,8.395743,0.3881204231082177,True,True,True,True,True,False
AGTTTGATCTAAGGAG-1,4950.0,2180,17.11111,0.0454683237344649,False,True,False,True,False,True
AGTTTGCAGATAGACG-1,9555.0,3663,9.649398,0.421792618629174,True,True,True,True,True,False
AGTTTGCAGGTATTGC-1,3622.0,1719,7.067918,0.1815920398009949,True,True,True,True,True,False
ATAACGACACTAAGTT-1,7384.0,2967,9.804983,0.3590909090909092,True,True,True,True,True,False
ATAAGTCGTAAGCTTG-1,3644.0,1647,11.443469,0.1815920398009949,True,True,True,True,True,False
ATAAGTCGTGAAACAA-1,3806.0,1631,20.178665,0.0214511041009463,False,True,False,True,False,True
ATACCGGTCCTCAGCT-1,4435.0,2158,11.657271,0.2585915492957747,True,True,True,True,True,False
ATACCTGCATTTAAGC-1,5189.0,2244,6.0705338,0.2197265624999999,True,True,True,True,True,False
ATAGATGCAAGATTCT-1,5685.0,2402,16.48197,0.0404083368779242,False,True,False,True,False,True
ATAGCATGTCCCGAAG-1,9047.0,3419,10.268598,0.3590909090909092,True,True,True,True,True,False
ATATAGGCATAAACCT-1,3339.0,1584,22.731356,0.0312888005959771,False,True,False,True,False,True
ATATGCTCAGGATTAA-1,6549.0,2752,11.849137,0.3338058114812188,True,True,True,True,True,False
ATATGTCCAAGGTATA-1,6002.0,2435,20.609797,0.0368073345018201,False,True,False,True,False,True
ATCAAGACATTGTGCA-1,4820.0,2163,15.580914,0.0610243370868143,False,True,False,True,False,True
ATCACAATCCGCCTCA-1,164.0,136,0.60975605,0.107433532284319,False,False,True,True,False,True
ATCACAATCGCTATAA-1,3434.0,1647,15.055328,0.0116349220029302,False,True,False,True,False,True
ATCACCCTCCGCCTCA-1,5954.0,2461,15.821296,0.0404083368779242,False,True,False,True,False,True
ATCACTAAGAAAGCAT-1,1649.0,851,15.52456,0.0454683237344649,False,True,False,True,False,True
ATCAGGTTCGGCCAGT-1,5368.0,2415,16.412071,0.0265792198826372,False,True,False,True,False,True
ATCATCAAGATAACCC-1,3949.0,1735,17.903267,0.0565841841148987,False,True,False,True,False,True
ATCATCAAGCGAAGTA-1,6200.0,2615,19.048388,0.0920067616517749,False,True,False,True,False,True
ATCATCAAGGCGAATA-1,8283.0,3463,7.2196064,0.208976157082749,True,True,True,True,True,False
ATCCATAAGCAGCTCA-1,8090.0,3253,13.831891,0.3881204231082177,True,True,True,True,True,False
ATCCATAAGCCTGTTC-1,9371.0,3466,7.725963,0.3590909090909092,True,True,True,True,True,False
ATCCCGCGTGATCATG-1,5381.0,2349,15.350306,0.0977519575650416,False,True,False,True,False,True
ATCCGTGAGTTGGCCA-1,6469.0,2880,11.531921,0.2585915492957747,True,True,True,True,True,False
ATCCTCATCCCTGATC-1,8879.0,3521,7.8612456,0.2919020715630885,True,True,True,True,True,False
ATCCTGACAATGCCTA-1,9107.0,3437,13.3523655,0.2314767501277466,True,True,True,True,True,False
ATCCTTAGTGAGACTC-1,14505.0,4719,7.2940364,0.2197265624999999,True,True,True,True,True,False
ATCCTTAGTGCTTACT-1,7423.0,2961,9.995958,0.208976157082749,True,True,True,True,True,False
ATCCTTAGTTTATTCG-1,4509.0,2030,17.56487,0.0063878326996197,False,True,False,True,False,True
ATCGAGGCAACAGCCT-1,2440.0,1334,15.368852,0.0551959114139693,False,True,False,True,False,True
ATCGCCCGTCCTCCAA-1,1458.0,767,21.947874,0.0404083368779242,False,True,False,True,False,True
ATCGCCCGTGTTGTAG-1,9072.0,3448,10.030864,0.3881204231082177,True,True,True,True,True,False
ATCTTTGGTTCACCCA-1,6631.0,2757,6.4696126,0.2443729903536976,True,True,True,True,True,False
ATGAAGTAGATAGACG-1,4172.0,2016,16.371044,0.0454683237344649,False,True,False,True,False,True
ATGAAGTAGGATTTGC-1,6293.0,2527,16.98713,0.0175815588982223,False,True,False,True,False,True
ATGAAGTAGTGCACGC-1,3113.0,1586,19.755863,0.0444012557930931,False,True,False,True,False,True
ATGAATGCAAGGACCA-1,6150.0,2565,16.373983,0.0327743902439024,False,True,False,True,False,True
ATGAATGCACTGGCCA-1,6509.0,2768,14.549086,0.3338058114812188,True,True,True,True,True,False
ATGACAACAACAGGTG-1,4071.0,1920,15.229673,0.0842772995015858,False,True,False,True,False,True
ATGACAACAAGTTATC-1,6770.0,3004,7.488922,0.2919020715630885,True,True,True,True,True,False
ATGATGACAGTTTGTG-1,8059.0,3240,12.371263,0.3881204231082177,True,True,True,True,True,False
ATGCAGGCATTAGGCC-1,4418.0,1982,17.224989,0.0335432463693612,False,True,False,True,False,True
ATGCCTGAGTTATTCC-1,7037.0,2924,9.947421,0.421792618629174,True,True,True,True,True,False
ATGCTTAAGGTGTTAC-1,7884.0,3015,11.707255,0.2743467933491688,True,True,True,True,True,False
ATGGACAAGCGATACT-1,16537.0,5307,10.406966,0.3338058114812188,True,True,True,True,True,False
ATGGACAAGGTGAAAT-1,11908.0,4184,10.152839,0.3338058114812188,True,True,True,True,True,False
ATGGACAAGTCGCTAG-1,5630.0,2497,12.433393,0.3338058114812188,True,True,True,True,True,False
ATGGCCCAGGAAGCAC-1,4906.0,2084,18.834082,0.0626038781163434,False,True,False,True,False,True
ATGGCCCAGTCAGGCC-1,10223.0,3964,9.214516,0.2743467933491688,True,True,True,True,True,False
ATGGCCGGTAACAGGG-1,8014.0,3167,8.684801,0.311584553928096,True,True,True,True,True,False
ATGGCCGGTAGGATTT-1,6453.0,2884,10.429258,0.3881204231082177,True,True,True,True,True,False
ATGGCTAGTAATAACC-1,2317.0,1232,18.299526,0.0385625431928127,False,True,False,True,False,True
ATGGTGCGTTTCCACG-1,4112.0,1837,15.39397,0.0142257888017508,False,True,False,True,False,True
ATGGTTATCCGCACAA-1,14908.0,4751,6.42608,0.2314767501277466,True,True,True,True,True,False
ATGGTTATCCTAAGGT-1,5328.0,2318,15.221472,0.0214511041009463,False,True,False,True,False,True
ATGTAACGTAGTTAAC-1,10852.0,3981,9.279396,0.3338058114812188,True,True,True,True,True,False
ATGTAAGCAGCAAGGC-1,10475.0,3949,9.785203,0.3590909090909092,True,True,True,True,True,False
ATGTAAGCATGGCCTG-1,2220.0,1189,17.072073,0.0077983458054352,False,True,False,True,False,True
ATGTCAATCGTTAGCG-1,1441.0,816,16.30812,0.0610243370868143,False,True,False,True,False,True
ATGTCATCAAGGTGGC-1,2410.0,1257,17.095436,0.0580168776371308,False,True,False,True,False,True
ATGTCATCACAATGCC-1,3003.0,1493,15.517816,0.0253578271159697,False,True,False,True,False,True
ATGTCATCAGCCTGCA-1,5717.0,2360,15.2177725,0.0253578271159697,False,True,False,True,False,True
ATGTCATCATAACGGG-1,4013.0,1893,17.617743,0.0796344647519582,False,True,False,True,False,True
ATGTCATCATGCTTAG-1,2324.0,1160,11.617901,0.1991031390134529,True,True,True,True,True,False
ATGTCCACAGGACCAA-1,7222.0,2991,13.11271,0.311584553928096,True,True,True,True,True,False
ATGTGAGAGGCGCACT-1,7877.0,3323,12.6951885,0.3590909090909092,True,True,True,True,True,False
ATGTTCAAGCAGGCCT-1,9666.0,3653,8.659218,0.2585915492957747,True,True,True,True,True,False
ATGTTGTCAAGGAATC-1,18945.0,5273,10.989707,0.421792618629174,True,True,True,True,True,False
ATGTTGTCACAGCCTG-1,3002.0,1501,16.255829,0.0454683237344649,False,True,False,True,False,True
ATGTTTGAGCAAGGGT-1,5881.0,2416,18.024145,0.0127096204766107,False,True,False,True,False,True
ATGTTTGAGCGATACT-1,4039.0,1785,23.867294,0.0385625431928127,False,True,False,True,False,True
ATTAACCCATGGCCTG-1,2533.0,1280,16.89696,0.1475409836065573,False,True,False,True,False,True
ATTACCCGTAACGAGG-1,7373.0,2834,8.856639,0.1815920398009949,True,True,True,True,True,False
ATTACCCGTAGGTTAT-1,11902.0,4055,13.451521,0.3881204231082177,True,True,True,True,True,False
ATTACCGCAAGTGAAC-1,14542.0,4455,8.92587,0.2585915492957747,True,True,True,True,True,False
ATTACCGCAGCGCTTG-1,4265.0,1845,17.842907,0.009313725490196,False,True,False,True,False,True
ATTACGTCAGCAAGAT-1,4822.0,2230,16.362505,0.0247657295850066,False,True,False,True,False,True
ATTACTGAGTAACTCA-1,5631.0,2363,15.84088,0.0219768552924938,False,True,False,True,False,True
ATTACTGAGTTAGTGC-1,2933.0,1619,15.888169,0.0713709677419354,False,True,False,True,False,True
ATTAGCGGTGATGAAA-1,2180.0,1198,15.137614,0.0444012557930931,False,True,False,True,False,True
ATTAGCGGTGTCCAGG-1,3073.0,1466,16.335829,0.007222179078978,False,True,False,True,False,True
ATTAGCTCATTATGGT-1,6084.0,2679,12.672584,0.2919020715630885,True,True,True,True,True,False
ATTAGGTGTGTGAGGA-1,4199.0,1959,15.336985,0.0236168816969166,False,True,False,True,False,True
ATTAGGTGTTGGTTAG-1,5840.0,2593,11.952055,0.2585915492957747,True,True,True,True,True,False
ATTCAACCAAGACTCC-1,9736.0,3592,9.685702,0.2443729903536976,True,True,True,True,True,False
ATTCAACCAATGAAGC-1,8444.0,3209,9.414969,0.208976157082749,True,True,True,True,True,False
ATTCAACCAGTTAGCC-1,17887.0,5243,11.65092,0.3338058114812188,True,True,True,True,True,False
ATTCAACCATGGCCTG-1,1534.0,847,22.750978,0.0538500251635631,False,True,False,True,False,True
ATTCACTTCAAACTCA-1,2139.0,1207,9.069659,0.1815920398009949,True,True,True,True,True,False
ATTCACTTCCTCATGC-1,6517.0,2561,7.1505294,0.1991031390134529,True,True,True,True,True,False
ATTCATGAGCTTTGGG-1,4642.0,2007,18.3757,0.0659277660997515,False,True,False,True,False,True
ATTCGTTTCAGGTTTA-1,5835.0,2454,15.20137,0.0676779463243874,False,True,False,True,False,True
ATTCGTTTCATGCCTC-1,577.0,207,51.646446,0.0642374154770849,False,True,False,True,False,True
ATTCGTTTCTCGCCCA-1,1421.0,919,7.107671,0.2585915492957747,True,True,True,True,True,False
ATTGAAGCAACCCTAA-1,7907.0,3208,6.2982163,0.5083682008368199,True,True,True,True,True,False
ATTGACTCAATGCCCG-1,7314.0,3008,8.873393,0.311584553928096,True,True,True,True,True,False
ATTGCACAGCCATCAG-1,6371.0,2746,13.9224615,0.2919020715630885,True,True,True,True,True,False
ATTGCAGGTTAACAGT-1,7286.0,2900,15.60527,0.0130794554675682,False,True,False,True,False,True
ATTGCGCCAGTAGGAT-1,608.0,468,9.868422,0.1815920398009949,True,True,True,True,True,False
ATTGCTCGTCTTACTA-1,887.0,496,30.777905,0.0272093023255813,False,True,False,True,False,True
ATTGGCTAGGGATGAC-1,4974.0,2091,15.8423815,0.0842772995015858,False,True,False,True,False,True
ATTGGCTAGGTAAGCA-1,5535.0,2374,16.603432,0.0454683237344649,False,True,False,True,False,True
ATTGGCTAGTGAGGGT-1,8124.0,3314,10.0566225,0.2585915492957747,True,True,True,True,True,False
ATTGGTTCACCTCACC-1,8581.0,3276,11.257429,0.2743467933491688,True,True,True,True,True,False
ATTTAGCCAAATGCCC-1,5301.0,2397,9.375589,0.2314767501277466,True,True,True,True,True,False
ATTTAGCCACCTCGCT-1,6379.0,2613,16.146732,0.0565841841148987,False,True,False,True,False,True
ATTTAGGTCAGCACGC-1,5280.0,2503,2.9166667,0.2197265624999999,True,True,True,True,True,False
ATTTGCAAGCCGCAAC-1,18790.0,5521,13.602981,0.3338058114812188,True,True,True,True,True,False
ATTTGCAAGTTGGATC-1,5638.0,2480,15.377794,0.0525446133509583,False,True,False,True,False,True
ATTTGCGCATAGACCC-1,7804.0,3295,7.7524347,0.311584553928096,True,True,True,True,True,False
ATTTGTGAGGACAACA-1,3053.0,1523,18.11333,0.011987491313412,False,True,False,True,False,True
CAAACCGTCATTTGTC-1,1962.0,1089,20.846075,0.019932536031892,False,True,False,True,False,True
CAAACGCGTGCTCCGT-1,10576.0,3862,9.389183,0.2585915492957747,True,True,True,True,True,False
CAAAGCGCACAACCTA-1,5954.0,2515,15.015117,0.0134553283100107,False,True,False,True,False,True
CAAAGGATCACTCAAA-1,852.0,434,37.793427,0.0659277660997515,False,True,False,True,False,True
CAAAGTGAGATGGAGC-1,3308.0,1619,19.195889,0.0045695220134909,False,True,False,True,False,True
CAAAGTGAGCCGGTAC-1,3531.0,1645,17.388842,0.0359616409163558,False,True,False,True,False,True
CAACAATGTAAACAAG-1,3970.0,1912,17.581863,0.0465652374366067,False,True,False,True,False,True
CAACAATGTACTAAAC-1,7902.0,3225,6.365477,0.3881204231082177,True,True,True,True,True,False
CAACAATGTCATCCTG-1,10028.0,3862,9.443558,0.3590909090909092,True,True,True,True,True,False
CAACCGGGTAGGTGTC-1,6841.0,2906,11.825757,0.2197265624999999,True,True,True,True,True,False
CAACCGGGTTTAAAGC-1,5330.0,2541,11.275797,0.2197265624999999,True,True,True,True,True,False
CAACTAGGTCAAAGAA-1,5827.0,2551,16.69813,0.0225128644939965,False,True,False,True,False,True
CAAGAACCATCATGTG-1,2407.0,1315,15.330286,0.0376740376740376,False,True,False,True,False,True
CAAGACAAGTGAACAG-1,4116.0,2025,15.136054,0.0394736842105263,False,True,False,True,False,True
CAAGCTAGTTGTGACA-1,3371.0,1634,15.663009,0.019932536031892,False,True,False,True,False,True
CAAGGGAGTGGTTCCC-1,5879.0,2310,16.448376,0.0247657295850066,False,True,False,True,False,True
CAAGGGAGTTCGCTCA-1,2999.0,1442,18.772924,0.1008273009307135,False,True,False,True,False,True
CAAGGGAGTTGTAAAC-1,2982.0,1432,25.821596,0.0376740376740376,False,True,False,True,False,True
CAAGGGAGTTGTGATG-1,1816.0,956,22.577091,0.016268670916183,False,True,False,True,False,True
CAAGGTAAGCTTTGTT-1,2428.0,1191,15.485996,0.0204292199752373,False,True,False,True,False,True
CAAGGTAAGTAAGTGG-1,4785.0,2117,16.029259,0.0175815588982223,False,True,False,True,False,True
CAAGGTTTCAAGCGCC-1,2975.0,1520,17.579832,0.0594961586564231,False,True,False,True,False,True
CAAGGTTTCCCGCCTA-1,4669.0,2125,16.94153,0.043362831858407,False,True,False,True,False,True
CAAGTAACAAGTGTCC-1,3397.0,1633,18.516338,0.02986886838271,False,True,False,True,False,True
CAAGTAACACATGCTA-1,8355.0,3397,10.556553,0.2743467933491688,True,True,True,True,True,False
CAAGTGAAGATGGACA-1,1013.0,640,19.249754,0.0376740376740376,False,True,False,True,False,True
CAAGTTATCCAGGTTG-1,1534.0,748,18.774445,0.0247657295850066,False,True,False,True,False,True
CAATAAGCATTAGGTT-1,6228.0,2527,16.120745,0.041367423154266,False,True,False,True,False,True
CAATAGCTCATGCTCC-1,567.0,365,25.044092,0.0327743902439024,False,True,False,True,False,True
CAATCCCTCACTCAAA-1,1677.0,775,16.815742,0.0376740376740376,False,True,False,True,False,True
CAATCCCTCCTTAAGA-1,8993.0,3389,8.039586,0.2443729903536976,True,True,True,True,True,False
CAATCCTGTCACCTAT-1,3481.0,1628,18.241884,0.0130794554675682,False,True,False,True,False,True
CAATCTAAGGAACCGG-1,4289.0,1900,21.123806,0.0920067616517749,False,True,False,True,False,True
CAATGAACATAATCGT-1,5167.0,2298,15.289336,0.0694911898633933,False,True,False,True,False,True
CAATGAACATAATTGC-1,2257.0,1202,17.412495,0.0083912730760009,False,True,False,True,False,True
CAATGACTCACCAATA-1,6835.0,2612,15.303585,0.0320231068692703,False,True,False,True,False,True
CAATGACTCCCTGGAA-1,1320.0,686,18.939394,0.0335432463693612,False,True,False,True,False,True
CAATGACTCTACTAAG-1,4456.0,2025,15.664273,0.07332101047443,False,True,False,True,False,True
CAATGCCCAGGATTAA-1,10560.0,3601,18.47538,0.0610243370868143,False,True,False,True,False,True
CAATGTGGTGTGAGAG-1,4179.0,2069,17.133286,0.0659277660997515,False,True,False,True,False,True
CACAAGCGTCTAACAG-1,12037.0,4072,13.632965,0.1991031390134529,True,True,True,True,True,False
CACAATATCTTCAATC-1,4286.0,2050,5.272982,0.1991031390134529,True,True,True,True,True,False
CACAGGCTCGGCCAGT-1,2986.0,1477,16.811789,0.019932536031892,False,True,False,True,False,True
CACAGGGAGTAAGTCC-1,8191.0,3434,9.571481,0.2919020715630885,True,True,True,True,True,False
CACATGCCAGTACCGT-1,2877.0,1433,19.638514,0.0694911898633933,False,True,False,True,False,True
CACATTAAGGATTGCT-1,3004.0,1497,18.508656,0.0225128644939965,False,True,False,True,False,True
CACCGGTAGCCAGTAT-1,5479.0,2530,15.075743,0.0385625431928127,False,True,False,True,False,True
CACCGGTAGTAACGAG-1,2858.0,1382,16.93492,0.0359616409163558,False,True,False,True,False,True
CACCTCAGTTTGCGAA-1,6418.0,2863,9.052664,0.1991031390134529,True,True,True,True,True,False
CACGCAATCTGGCAAT-1,1643.0,990,15.155204,0.0106096328730212,False,True,False,True,False,True
CACGCTAAGGAGGTTA-1,1244.0,724,23.151125,0.02986886838271,False,True,False,True,False,True
CACTAAGGTCTAACAG-1,4957.0,2083,15.735324,0.0194450070893255,False,True,False,True,False,True
CACTAAGGTGAAACAA-1,9243.0,3413,10.245591,0.3338058114812188,True,True,True,True,True,False
CACTAAGGTTGGGTTA-1,927.0,723,1.1866236,0.2743467933491688,True,True,True,True,True,False
CACTAGCCACTAGCGT-1,8457.0,3363,7.8160105,0.3590909090909092,True,True,True,True,True,False
CACTGACCACTTAGGC-1,5757.0,2614,7.8339415,0.2197265624999999,True,True,True,True,True,False
CACTGACCACTTGTTC-1,7970.0,3296,8.030113,0.3881204231082177,True,True,True,True,True,False
CACTGACCATTAGCCA-1,9356.0,3458,8.839248,0.4613180515759315,True,True,True,True,True,False
CACTTTGTCACTAAGC-1,12005.0,4135,10.512286,0.3881204231082177,True,True,True,True,True,False
CACTTTGTCCTTCTAG-1,11867.0,3934,5.056038,0.3881204231082177,True,True,True,True,True,False
CAGAACCGTCAATGTG-1,11166.0,3985,10.943937,0.311584553928096,True,True,True,True,True,False
CAGAATCTCATTACAG-1,7987.0,3175,11.143107,0.3881204231082177,True,True,True,True,True,False
CAGAATCTCTTAGTGA-1,9386.0,3528,9.727253,0.2743467933491688,True,True,True,True,True,False
CAGCAAGCAATTAAGG-1,7427.0,3117,8.953817,0.2443729903536976,True,True,True,True,True,False
CAGCAAGCACTGACCG-1,7478.0,3233,10.470715,0.2919020715630885,True,True,True,True,True,False
CAGCATGTCAAGCTAC-1,8435.0,3187,6.8524013,0.2919020715630885,True,True,True,True,True,False
CAGCATTAGACACTTA-1,8233.0,3394,8.247297,0.2443729903536976,True,True,True,True,True,False
CAGCCTTTCAAACCTA-1,4228.0,1872,17.360455,0.0476932668329177,False,True,False,True,False,True
CAGCTAAGTGACATGC-1,1403.0,676,20.099787,0.0194450070893255,False,True,False,True,False,True
CAGCTCAAGTAGGCGG-1,5241.0,2411,8.509827,0.3590909090909092,True,True,True,True,True,False
CAGGAAGGTCCAAGAC-1,5919.0,2591,8.565636,0.2197265624999999,True,True,True,True,True,False
CAGGACCTCCTGAGTG-1,5057.0,2445,8.463516,0.2743467933491688,True,True,True,True,True,False
CAGGCTATCGTACCGA-1,3787.0,1805,15.579614,0.0796344647519582,False,True,False,True,False,True
CAGGCTGGTAACCAGC-1,5369.0,2393,15.533619,0.0488537549407114,False,True,False,True,False,True
CAGGCTGGTGCTTACT-1,9128.0,3636,9.881682,0.3338058114812188,True,True,True,True,True,False
CAGGGCTTCAAGACTC-1,3446.0,1644,9.692397,0.1815920398009949,True,True,True,True,True,False
CAGGGCTTCAATTGGC-1,5057.0,2169,16.82816,0.0580168776371308,False,True,False,True,False,True
CAGGGCTTCACGCGGT-1,4402.0,2035,15.515675,0.0099518991540885,False,True,False,True,False,True
CAGGGCTTCGTTATAG-1,2638.0,1373,16.41395,0.0236168816969166,False,True,False,True,False,True
CAGGGCTTCTGTGCCT-1,6291.0,2720,13.304721,0.2585915492957747,True,True,True,True,True,False
CAGGGTGAGTTGCCTC-1,2584.0,1365,17.221363,0.0610243370868143,False,True,False,True,False,True
CAGGTCCAGCTAATTG-1,2513.0,1247,17.429367,0.0063878326996197,False,True,False,True,False,True
CAGGTCCAGGATTGCT-1,1932.0,912,17.080746,0.0454683237344649,False,True,False,True,False,True
CAGGTGGAGCTTAGTA-1,3992.0,1926,15.656313,0.0626038781163434,False,True,False,True,False,True
CAGGTGGAGGCGCATC-1,8076.0,3199,12.890044,0.4613180515759315,True,True,True,True,True,False
CAGGTTAGTTTAACGG-1,10136.0,3614,12.855169,0.2919020715630885,True,True,True,True,True,False
CAGTACCCAAAGCGGC-1,6267.0,2724,16.850168,0.2743467933491688,True,True,False,True,False,False
CATAACGGTGGACATC-1,7124.0,2929,7.018529,0.311584553928096,True,True,True,True,True,False
CATAAGCTCGTCATTT-1,6336.0,2595,7.717803,0.2919020715630885,True,True,True,True,True,False
CATAATGTCGCAGGCT-1,224.0,180,14.732143,0.0444012557930931,False,False,True,True,False,True
CATAGACTCCCTGGAA-1,17237.0,5174,5.6332307,0.2743467933491688,True,True,True,True,True,False
CATAGACTCGTGCTTC-1,4096.0,1902,17.944336,0.0444012557930931,False,True,False,True,False,True
CATAGCTAGCGTGCGT-1,7763.0,3314,11.438876,0.311584553928096,True,True,True,True,True,False
CATAGCTAGGTCTTGG-1,8935.0,3401,12.512591,0.2743467933491688,True,True,True,True,True,False
CATAGCTAGTCACTAA-1,8551.0,3421,9.460882,0.3881204231082177,True,True,True,True,True,False
CATAGGCGTAATCCCT-1,9056.0,3408,11.738074,0.5083682008368199,True,True,True,True,True,False
CATAGGCGTTTGTTGC-1,2645.0,1329,8.99811,0.1991031390134529,True,True,True,True,True,False
CATAGGTTCGCTATAA-1,6875.0,2655,17.672728,0.0272093023255813,False,True,False,True,False,True
CATAGGTTCGGGACTC-1,508.0,263,29.724411,0.0580168776371308,False,True,False,True,False,True
CATAGTCAGGTCCAAT-1,4959.0,2172,16.75741,0.0404083368779242,False,True,False,True,False,True
CATATCGCATCCAGGT-1,14851.0,4955,4.841425,0.2919020715630885,True,True,True,True,True,False
CATCAATCACTAAATC-1,5083.0,2031,4.4658666,0.2314767501277466,True,True,True,True,True,False
CATCACACAAGGTAAC-1,12362.0,4000,10.564633,0.5083682008368199,True,True,True,True,True,False
CATCCTGGTTGGCGTG-1,4434.0,2066,15.448804,0.0376740376740376,False,True,False,True,False,True
CATCCTTCAAATTCGT-1,4147.0,1933,16.879671,0.0123456790123456,False,True,False,True,False,True
CATCGCTTCATAATCG-1,3787.0,1969,11.513071,0.311584553928096,True,True,True,True,True,False
CATGCATAGGGCCATC-1,9314.0,3560,13.4743395,0.3338058114812188,True,True,True,True,True,False
CATGCGCAGGGACTAA-1,8372.0,3365,13.3420925,0.3881204231082177,True,True,True,True,True,False
CATGCGCAGGTGAAGC-1,2013.0,907,19.622454,0.0154306555690638,False,True,False,True,False,True
CATGCGCAGTCATGCG-1,7472.0,2745,2.5428267,0.2919020715630885,True,True,True,True,True,False
CATGCGGGTCATGAGC-1,4118.0,1900,16.85284,0.0659277660997515,False,True,False,True,False,True
CATGCGGGTTAAGTGT-1,3956.0,1802,15.141557,0.02986886838271,False,True,False,True,False,True
CATGGCGGTCATCCTG-1,6345.0,2685,13.301812,0.1815920398009949,True,True,True,True,True,False
CATGGCGGTCGTAATG-1,3409.0,1580,15.576415,0.0285103349964362,False,True,False,True,False,True
CATGGCGGTGTTGTGA-1,3682.0,1772,15.04617,0.043362831858407,False,True,False,True,False,True
CATTCATTCAATACGC-1,11190.0,4012,8.150134,0.3881204231082177,True,True,True,True,True,False
CATTCATTCGTAATCA-1,4880.0,2236,17.459017,0.0610243370868143,False,True,False,True,False,True
CATTGCGAGCATGGTT-1,3603.0,1825,8.270885,0.1991031390134529,True,True,True,True,True,False
CATTGCGAGGAACACA-1,9790.0,3670,11.532175,0.3881204231082177,True,True,True,True,True,False
CATTGTAAGTCAGGCC-1,6536.0,2708,15.988372,0.023059434881455,False,True,False,True,False,True
CATTGTGCAGGTTAAA-1,11775.0,4109,13.503185,0.2743467933491688,True,True,True,True,True,False
CATTTGTTCATGCTAA-1,7446.0,3057,14.101531,0.2743467933491688,True,True,True,True,True,False
CATTTGTTCCTAATGA-1,6640.0,2911,8.70482,0.3338058114812188,True,True,True,True,True,False
CATTTGTTCTAAATCG-1,3921.0,1761,16.398878,0.0694911898633933,False,True,False,True,False,True
CCAAACCCAGGCGATA-1,1737.0,1023,16.062176,0.0146206896551724,False,True,False,True,False,True
CCAAATCAGACCATAC-1,14194.0,4450,15.182471,0.0335432463693612,False,True,False,True,False,True
CCAACATAGTTATCTC-1,9826.0,3902,7.28679,0.2919020715630885,True,True,True,True,True,False
CCAACCAAGCAAGACA-1,3529.0,1672,16.746954,0.0066620721341603,False,True,False,True,False,True
CCAACCCGTAGGTTTG-1,9211.0,3692,6.535664,0.4613180515759315,True,True,True,True,True,False
CCAAGGCTCGTCAAGT-1,1580.0,828,16.455696,0.0146206896551724,False,True,False,True,False,True
CCAATATCAGGCGAGT-1,11803.0,4089,10.658307,0.2919020715630885,True,True,True,True,True,False
CCACAATAGCGAGCGA-1,10685.0,4083,8.685073,0.2585915492957747,True,True,True,True,True,False
CCACACAAGCATGGTT-1,2190.0,1246,15.251142,0.0444012557930931,False,True,False,True,False,True
CCACACAAGTTATCCT-1,8731.0,3534,8.716069,0.311584553928096,True,True,True,True,True,False
CCACATTGTATTTGGG-1,1128.0,596,29.60993,0.0285103349964362,False,True,False,True,False,True
CCACATTGTGAGGTGA-1,6127.0,2740,9.074588,0.311584553928096,True,True,True,True,True,False
CCAGACTCAAGGACCA-1,13860.0,4576,12.914864,0.2919020715630885,True,True,True,True,True,False
CCAGACTCAGGAACAT-1,10155.0,3788,11.383555,0.3590909090909092,True,True,True,True,True,False
CCAGACTCAGGAACTG-1,132.0,97,12.878788,0.0189663823381836,False,False,True,True,False,True
CCAGACTCATGTCAAT-1,6286.0,2254,4.2793508,0.2919020715630885,True,True,True,True,True,False
CCAGCTAAGTTTCCTG-1,171.0,138,8.77193,0.0102782652293807,False,False,True,True,False,True
CCAGGAACATAAGTCT-1,6484.0,2869,6.153609,0.3881204231082177,True,True,True,True,True,False
CCAGTTTGTGAGAAAC-1,9062.0,3246,16.045023,0.421792618629174,True,True,False,True,False,False
CCATAAATCCCTCAAC-1,2277.0,1221,16.688625,0.0061173627369534,False,True,False,True,False,True
CCATAAGGTAACGTGC-1,9645.0,3887,11.124935,0.3590909090909092,True,True,True,True,True,False
CCATAGCCAAACTGTT-1,10181.0,3981,11.216972,0.3881204231082177,True,True,True,True,True,False
CCATAGCCACTGACTA-1,3750.0,2037,8.026667,0.2919020715630885,True,True,True,True,True,False
CCATAGCCAGACAAAC-1,9484.0,3432,10.143399,0.2743467933491688,True,True,True,True,True,False
CCATCATGTGATTTGG-1,2081.0,1201,18.212397,0.0465652374366067,False,True,False,True,False,True
CCATTGTGTGCTTAGA-1,6234.0,2684,8.838627,0.2314767501277466,True,True,True,True,True,False
CCCAAATAGCACAGCC-1,11142.0,4043,11.667564,0.311584553928096,True,True,True,True,True,False
CCCAATTGTGGGAACA-1,10870.0,3888,10.625575,0.3338058114812188,True,True,True,True,True,False
CCCAATTGTGTGCAAC-1,10952.0,3787,14.755295,0.3881204231082177,True,True,True,True,True,False
CCCAGCACAAACTAAG-1,11925.0,3855,8.486373,0.311584553928096,True,True,True,True,True,False
CCCAGTTTCATTCATC-1,4552.0,2053,17.047451,0.0109461179465422,False,True,False,True,False,True
CCCAGTTTCCTTCTAG-1,9494.0,3825,9.6903305,0.208976157082749,True,True,True,True,True,False
CCCAGTTTCGCTCCAT-1,5302.0,2288,16.729536,0.0525446133509583,False,True,False,True,False,True
CCCAGTTTCTAATCCT-1,5163.0,2404,8.7546,0.311584553928096,True,True,True,True,True,False
CCCGCAACAAACCCTA-1,9010.0,3489,9.733629,0.3590909090909092,True,True,True,True,True,False
CCCGCAACACAATGTT-1,9259.0,3586,8.057026,0.5083682008368199,True,True,True,True,True,False
CCCGCTTCATTAGCCA-1,8475.0,3211,10.513274,0.2585915492957747,True,True,True,True,True,False
CCCGCTTCATTGTGGC-1,7729.0,3194,8.52633,0.3338058114812188,True,True,True,True,True,False
CCCGTAAAGTTGTCCC-1,1342.0,661,17.511177,0.0236168816969166,False,True,False,True,False,True
CCCGTTGTCAATGAGG-1,5060.0,2209,16.264822,0.0642374154770849,False,True,False,True,False,True
CCCGTTGTCATAACTG-1,7074.0,3050,7.124682,0.3881204231082177,True,True,True,True,True,False
CCCTAATGTCAATGTG-1,4276.0,2081,8.676333,0.1815920398009949,True,True,True,True,True,False
CCCTAATGTTAGGCTA-1,8203.0,3141,15.408998,0.0335432463693612,False,True,False,True,False,True
CCCTCACCAGAATGAC-1,6467.0,2731,13.684861,0.2919020715630885,True,True,True,True,True,False
CCCTGTTAGCACTTGG-1,3954.0,1566,9.0288315,0.2919020715630885,True,True,True,True,True,False
CCCTGTTAGGACCTCA-1,251.0,170,11.155378,0.0134553283100107,False,False,True,True,False,True
CCCTTAATCCCTCAGT-1,6963.0,2752,15.137154,0.0454683237344649,False,True,False,True,False,True
CCCTTAATCGCCTGTT-1,5393.0,2411,11.440756,0.2585915492957747,True,True,True,True,True,False
CCGACAGGTCATCATC-1,8568.0,3250,13.02521,0.311584553928096,True,True,True,True,True,False
CCGACAGGTCCTTCAG-1,9215.0,3450,7.4226804,0.4613180515759315,True,True,True,True,True,False
CCGACAGGTCGTAATG-1,4971.0,2169,17.01871,0.0538500251635631,False,True,False,True,False,True
CCGATGCAGCTAAGTC-1,3863.0,1954,9.914574,0.2314767501277466,True,True,True,True,True,False
CCGATGCAGGATTGAG-1,6254.0,2414,22.177807,0.0112878399179066,False,True,False,True,False,True
CCGCAAATCCCATAGG-1,1962.0,1062,16.106014,0.0265792198826372,False,True,False,True,False,True
CCGCAAGGTAGCTGCG-1,6325.0,2668,15.114625,0.0253578271159697,False,True,False,True,False,True
CCGCAAGGTGGACATC-1,4564.0,2053,16.476774,0.0551959114139693,False,True,False,True,False,True
CCGCTAAAGCGATAAG-1,3296.0,1506,15.139564,0.0694911898633933,False,True,False,True,False,True
CCGCTAAAGGCCAATT-1,8696.0,3275,13.833946,0.2743467933491688,True,True,True,True,True,False
CCGGTTAAGACACTTA-1,7027.0,3275,2.3338552,0.2743467933491688,True,True,True,True,True,False
CCGGTTAAGCCTCTGT-1,5992.0,2776,7.3765016,0.311584553928096,True,True,True,True,True,False
CCGGTTAAGCGCATTG-1,11474.0,4092,12.2625065,0.3338058114812188,True,True,True,True,True,False
CCGTGCTGTAATCGCA-1,2559.0,1276,16.25635,0.0048189252336448,False,True,False,True,False,True
CCGTGCTGTATTGCAG-1,5363.0,2554,6.321089,0.2919020715630885,True,True,True,True,True,False
CCGTGCTGTCATGCAA-1,4961.0,2414,10.260029,0.311584553928096,True,True,True,True,True,False
CCGTGCTGTCGTTACT-1,2476.0,1493,4.321486,0.1991031390134529,True,True,True,True,True,False
CCGTTAACAAATGCCC-1,5909.0,2688,6.1600947,0.3338058114812188,True,True,True,True,True,False
CCGTTAACAGGCAAGC-1,3323.0,1612,16.671682,0.0713709677419354,False,True,False,True,False,True
CCGTTAACATCAGTAT-1,9375.0,3569,8.202667,0.421792618629174,True,True,True,True,True,False
CCGTTACTCAAGTGTC-1,11732.0,4388,9.214115,0.421792618629174,True,True,True,True,True,False
CCGTTACTCTGGCAAT-1,6304.0,2893,6.3134522,0.2585915492957747,True,True,True,True,True,False
CCGTTATGTTAAGCTG-1,4422.0,2072,16.892809,0.0265792198826372,False,True,False,True,False,True
CCGTTTGGTCCGTAGG-1,8835.0,3164,11.284663,0.3590909090909092,True,True,True,True,True,False
CCGTTTGGTTCACCAT-1,2623.0,1409,16.202822,0.0077983458054352,False,True,False,True,False,True
CCGTTTGGTTCCTGTG-1,5981.0,2539,16.368502,0.0500481231953801,False,True,False,True,False,True
CCTAAGGTCTGGCATG-1,8322.0,3338,10.598413,0.3338058114812188,True,True,True,True,True,False
CCTAAGTAGACTCGCA-1,3026.0,1599,13.978849,0.208976157082749,True,True,True,True,True,False
CCTAATCGTTTGGTTC-1,373.0,252,15.281502,0.041367423154266,False,True,False,True,False,True
CCTACTTCAGAATGAC-1,9093.0,3450,12.064225,0.421792618629174,True,True,True,True,True,False
CCTACTTCAGTAGGAT-1,3826.0,1711,26.398329,0.0175815588982223,False,True,False,True,False,True
CCTAGTTGTAGTTACG-1,7724.0,3102,6.9782495,0.3338058114812188,True,True,True,True,True,False
CCTATATTCACTCAAA-1,6913.0,2815,8.144076,0.2314767501277466,True,True,True,True,True,False
CCTATATTCCGGTTGA-1,5000.0,1987,5.6200004,0.208976157082749,True,True,True,True,True,False
CCTCAAACACCTAATG-1,2714.0,1379,19.675755,0.0376740376740376,False,True,False,True,False,True
CCTCAAACAGGATGGC-1,6990.0,2624,15.822604,0.0241855328547763,False,True,False,True,False,True
CCTCAATGTTCGCGCT-1,3757.0,1893,11.605004,0.2443729903536976,True,True,True,True,True,False
CCTCAATGTTGTGACA-1,693.0,477,15.728715,0.0194450070893255,False,True,False,True,False,True
CCTCCTGAGGATTGAG-1,5212.0,2332,15.8864155,0.0676779463243874,False,True,False,True,False,True
CCTCCTGAGGCTACAT-1,11939.0,4113,7.345674,0.2919020715630885,True,True,True,True,True,False
CCTCCTGAGTAGGATG-1,2677.0,1588,5.4538665,0.2743467933491688,True,True,True,True,True,False
CCTGAATAGCCGCAAC-1,3483.0,1669,15.331611,0.0154306555690638,False,True,False,True,False,True
CCTGACTTCATTAGGC-1,4469.0,1740,18.975163,0.0351362021318594,False,True,False,True,False,True
CCTGATGAGCGTGCAC-1,6001.0,2670,11.9146805,0.2585915492957747,True,True,True,True,True,False
CCTGATGAGCTTTGTT-1,10755.0,3851,9.232915,0.3590909090909092,True,True,True,True,True,False
CCTGCTCCACAAAGCG-1,6908.0,2857,13.9114065,0.208976157082749,True,True,True,True,True,False
CCTGGATCAGGTTATT-1,2228.0,1277,11.579892,0.1815920398009949,True,True,True,True,True,False
CCTGTATGTCCAAGAC-1,7078.0,2952,11.147217,0.2585915492957747,True,True,True,True,True,False
CCTGTATGTCCTTTAA-1,4105.0,1909,8.574909,0.1991031390134529,True,True,True,True,True,False
CCTGTATGTTAGACCA-1,493.0,289,30.020285,0.1109874826147426,False,True,False,True,False,True
CCTGTTGGTCAGGAAG-1,7556.0,2991,11.355214,0.3590909090909092,True,True,True,True,True,False
CCTTAGTGTAGACAAA-1,5388.0,2294,16.926502,0.04235191384078,False,True,False,True,False,True
CCTTAGTGTGATTACG-1,5996.0,2781,8.655771,0.2197265624999999,True,True,True,True,True,False
CCTTCAATCATTCATC-1,2812.0,1392,20.981508,0.0676779463243874,False,True,False,True,False,True
CCTTCAATCCGTTATT-1,7203.0,2982,8.940719,0.421792618629174,True,True,True,True,True,False
CCTTCAGGTAGACAAA-1,4843.0,2151,17.88148,0.0920067616517749,False,True,False,True,False,True
CCTTCGGTCACACAGT-1,2717.0,1268,20.20611,0.0061173627369534,False,True,False,True,False,True
CCTTCGTAGCAGCTAT-1,3320.0,1594,15.843373,0.0343302990897269,False,True,False,True,False,True
CCTTCGTAGCTAAGTC-1,2062.0,1003,31.959263,0.0272093023255813,False,True,False,True,False,True
CCTTGCGTCGCAATCG-1,6824.0,2994,11.181126,0.2585915492957747,True,True,True,True,True,False
CCTTGCGTCGTTTCTG-1,2746.0,1402,23.81646,0.043362831858407,False,True,False,True,False,True
CCTTGTTCATAAAGCA-1,2438.0,1129,16.529943,0.02986886838271,False,True,False,True,False,True
CCTTTAGTCAATACGC-1,9235.0,3652,8.955062,0.2743467933491688,True,True,True,True,True,False
CGAAATGAGCTAAGTC-1,782.0,517,7.0332484,0.2585915492957747,True,True,True,True,True,False
CGAACAAAGGAGTAAT-1,5159.0,2350,15.138594,0.0444012557930931,False,True,False,True,False,True
CGAACAAAGTCATGCG-1,5261.0,2352,13.210416,0.2919020715630885,True,True,True,True,True,False
CGAACCGGTTAGGTTG-1,7470.0,2963,9.223561,0.2743467933491688,True,True,True,True,True,False
CGAAGAATCAAGTGAG-1,4256.0,1972,15.507519,0.0130794554675682,False,True,False,True,False,True
CGAAGAATCCCGTTTA-1,6671.0,2669,15.76975,0.0209353192375794,False,True,False,True,False,True
CGAAGAATCGTTAGCG-1,3769.0,1877,17.299019,0.0948148148148148,False,True,False,True,False,True
CGAAGCGAGCGGCTGT-1,4744.0,2212,16.652615,0.0320231068692703,False,True,False,True,False,True
CGAAGTAAGCTGAGGG-1,7243.0,3050,10.120116,0.2197265624999999,True,True,True,True,True,False
CGAATATGTTAGACCA-1,10424.0,3899,11.252878,0.3881204231082177,True,True,True,True,True,False
CGACTAAGTAACGGGA-1,1336.0,553,41.167664,0.0676779463243874,False,True,False,True,False,True
CGACTAAGTGCTAGAC-1,5495.0,2478,13.557779,0.2743467933491688,True,True,True,True,True,False
CGACTAAGTTGTGATG-1,2499.0,1367,16.406563,0.0272093023255813,False,True,False,True,False,True
CGAGCTGGTTGCAGTA-1,2209.0,1155,19.69217,0.0454683237344649,False,True,False,True,False,True
CGAGGCAAGGATTGAG-1,15355.0,4956,8.817974,0.4613180515759315,True,True,True,True,True,False
CGAGGCAAGGCGAATA-1,3240.0,1483,17.438272,0.1475409836065573,False,True,False,True,False,True
CGAGTCGGTGTTAGCA-1,7443.0,3157,11.769447,0.311584553928096,True,True,True,True,True,False
CGATCCTTCAAGGACA-1,5417.0,2553,8.473325,0.1815920398009949,True,True,True,True,True,False
CGATCCTTCAATGTCA-1,5467.0,2309,15.310041,0.0465652374366067,False,True,False,True,False,True
CGATGTCCAACAGCCT-1,5346.0,2291,17.20913,0.0454683237344649,False,True,False,True,False,True
CGATTCCTCGTTAGCG-1,1753.0,922,21.04963,0.0154306555690638,False,True,False,True,False,True
CGATTGAGTACTTCAC-1,1274.0,752,21.428572,0.0291821784556262,False,True,False,True,False,True
CGATTGAGTTCCTCCT-1,16656.0,4648,9.191883,0.421792618629174,True,True,True,True,True,False
CGATTTGCACCTACTT-1,9419.0,3645,12.050112,0.3590909090909092,True,True,True,True,True,False
CGCAATCCACGTTACA-1,3751.0,1794,5.491869,0.2585915492957747,True,True,True,True,True,False
CGCAATGTCAAAGGCA-1,7868.0,3056,9.900865,0.3338058114812188,True,True,True,True,True,False
CGCAATTAGTCACGAT-1,1347.0,629,40.163326,0.0977519575650416,False,True,False,True,False,True
CGCACAATCCCTGGAA-1,8078.0,3134,12.441198,0.3590909090909092,True,True,True,True,True,False
CGCACAATCTGTAAGC-1,6167.0,2651,10.864278,0.2743467933491688,True,True,True,True,True,False
CGCACACAGGAGGCAT-1,6380.0,2858,12.335423,0.3881204231082177,True,True,True,True,True,False
CGCACCACAAATATCC-1,8698.0,3554,8.450218,0.2743467933491688,True,True,True,True,True,False
CGCATATAGGAGCAAC-1,11988.0,4228,10.70237,0.421792618629174,True,True,True,True,True,False
CGCATATAGTCAGGCC-1,11878.0,3807,15.297188,0.0580168776371308,False,True,False,True,False,True
CGCATGATCGCTATGG-1,5531.0,2621,8.841077,0.3338058114812188,True,True,True,True,True,False
CGCATTACAAGGATTA-1,8565.0,3246,8.13777,0.3338058114812188,True,True,True,True,True,False
CGCCAAATCATTAGTG-1,6160.0,2654,8.262987,0.3881204231082177,True,True,True,True,True,False
CGCCAAATCCTGGTGA-1,4213.0,1937,17.16117,0.02986886838271,False,True,False,True,False,True
CGCCACACAACAGCCT-1,7148.0,2802,18.620594,0.0225128644939965,False,True,False,True,False,True
CGCCACACAAGGTGGC-1,10012.0,3897,13.833401,0.3338058114812188,True,True,True,True,True,False
CGCCACACAGGCGATA-1,8050.0,2913,7.440994,0.208976157082749,True,True,True,True,True,False
CGCCACACATGAATAG-1,8530.0,3444,12.919108,0.3338058114812188,True,True,True,True,True,False
CGCCACACATTATCCC-1,1123.0,692,16.651825,0.0305709023941068,False,True,False,True,False,True
CGCCTCATCTTGCAGG-1,3573.0,1726,4.645956,0.1991031390134529,True,True,True,True,True,False
CGCGGATTCAATACGC-1,7382.0,3073,9.604444,0.2585915492957747,True,True,True,True,True,False
CGCGGATTCCTGGTGA-1,8154.0,3431,6.7574196,0.2743467933491688,True,True,True,True,True,False
CGCGGATTCTCGCCCA-1,12387.0,4147,11.528214,0.2585915492957747,True,True,True,True,True,False
CGCTAACCAACACCTA-1,11738.0,4136,10.163571,0.208976157082749,True,True,True,True,True,False
CGCTAACCACTTGTTC-1,9262.0,3582,12.56748,0.2919020715630885,True,True,True,True,True,False
CGCTAACCATTAGCCA-1,8022.0,3241,5.908751,0.3881204231082177,True,True,True,True,True,False
CGCTACTTCCTTGTTG-1,8986.0,3401,10.92811,0.2919020715630885,True,True,True,True,True,False
CGCTATGAGACAGGCG-1,8128.0,3181,14.628445,0.3590909090909092,True,True,True,True,True,False
CGCTCAGCAACTGGGA-1,3860.0,1845,16.554405,0.0626038781163434,False,True,False,True,False,True
CGCTCAGCAGCATGAG-1,8450.0,3251,11.56213,0.2197265624999999,True,True,True,True,True,False
CGCTCCATCGATATTG-1,3421.0,1666,16.5741,0.0209353192375794,False,True,False,True,False,True
CGCTTACTCATTTAGG-1,9406.0,3435,15.702743,0.2314767501277466,True,True,False,True,False,False
CGGAATCGTCTATCGT-1,2893.0,1500,15.658485,0.0050716648291069,False,True,False,True,False,True
CGGAATCGTTCCGGCT-1,6038.0,2557,11.228884,0.4613180515759315,True,True,True,True,True,False
CGGACCTAGCAATAGG-1,6502.0,2854,10.227622,0.2314767501277466,True,True,True,True,True,False
CGGACCTAGCACAGGG-1,169.0,140,1.183432,0.011987491313412,False,False,True,True,False,True
CGGAGCAAGCGAGCGA-1,980.0,541,22.551022,0.0500481231953801,False,True,False,True,False,True
CGGAGCAAGGCTATGT-1,1856.0,909,29.903019,0.0376740376740376,False,True,False,True,False,True
CGGAGTCTCAATGAGG-1,3620.0,1782,15.745856,0.0500481231953801,False,True,False,True,False,True
CGGAGTCTCGCATTAA-1,10610.0,3721,11.573987,0.421792618629174,True,True,True,True,True,False
CGGAGTCTCGGCCAGT-1,4154.0,1978,16.851229,0.0948148148148148,False,True,False,True,False,True
CGGCCATAGTTTCCGC-1,4126.0,1882,3.3204072,0.208976157082749,True,True,True,True,True,False
CGGCTAATCAATGTGC-1,7802.0,3028,15.43194,0.2919020715630885,True,True,False,True,False,False
CGGCTAATCCAATTAG-1,4536.0,1927,21.428572,0.3881204231082177,True,True,False,True,False,False
CGGCTCACAATGAGGT-1,4717.0,2158,16.366335,0.0774482611478557,False,True,False,True,False,True
CGGCTCACACCATATG-1,4851.0,2069,8.554937,0.1991031390134529,True,True,True,True,True,False
CGGGACAAGGAGGTTA-1,9516.0,3544,10.79235,0.3590909090909092,True,True,True,True,True,False
CGGGACAAGGCCTGGT-1,3938.0,1859,16.683596,0.311584553928096,True,True,False,True,False,False
CGGGCTTAGATAGACG-1,3433.0,1705,8.622196,0.2197265624999999,True,True,True,True,True,False
CGGGCTTAGATTGAGG-1,8884.0,3358,9.815398,0.2743467933491688,True,True,True,True,True,False
CGGGTATGTTAACGGC-1,4057.0,1835,17.03229,0.0265792198826372,False,True,False,True,False,True
CGGGTCTAGCTCCTAC-1,8378.0,3294,12.138935,0.2743467933491688,True,True,True,True,True,False
CGGGTCTAGTCCTGAG-1,2258.0,1186,21.966343,0.0343302990897269,False,True,False,True,False,True
CGGTAACGTTGAGGTC-1,2370.0,1155,29.662449,0.0320231068692703,False,True,False,True,False,True
CGGTAACGTTGGTTAG-1,3050.0,1414,17.508198,0.0351362021318594,False,True,False,True,False,True
CGGTGAACAGGCTAGA-1,6288.0,2867,8.524173,0.2314767501277466,True,True,True,True,True,False
CGGTGAGAGGGTTATC-1,2125.0,1123,24.611765,0.0247657295850066,False,True,False,True,False,True
CGGTTATAGGTTTGCG-1,5509.0,2438,15.665275,0.2919020715630885,True,True,False,True,False,False
CGGTTATAGTAACGGA-1,10392.0,3842,10.229022,0.2919020715630885,True,True,True,True,True,False
CGGTTGGGTCTAACAG-1,2502.0,1268,16.426859,0.0045695220134909,False,True,False,True,False,True
CGGTTGGGTGGACATC-1,4400.0,2063,8.386364,0.1815920398009949,True,True,True,True,True,False
CGGTTGGGTGTTGCAA-1,8663.0,3459,9.35011,0.2443729903536976,True,True,True,True,True,False
CGGTTTCTCCTTTACG-1,11100.0,3935,9.495495,0.3338058114812188,True,True,True,True,True,False
CGGTTTCTCGTTCACC-1,1563.0,881,19.129879,0.1186639320246117,False,True,False,True,False,True
CGGTTTGAGTTGCGTG-1,2723.0,1356,17.370548,0.0659277660997515,False,True,False,True,False,True
CGGTTTGAGTTGTCTT-1,1444.0,813,23.33795,0.0171362184141736,False,True,False,True,False,True
CGTAACCCAGCAACAG-1,2760.0,1277,26.34058,0.0241855328547763,False,True,False,True,False,True
CGTAACTAGCGGTTAT-1,7016.0,3062,10.290764,0.3881204231082177,True,True,True,True,True,False
CGTACGGGTCAGTAAT-1,1977.0,1022,27.010622,0.0194450070893255,False,True,False,True,False,True
CGTACGGGTCGACTAA-1,8901.0,3468,11.15605,0.2743467933491688,True,True,True,True,True,False
CGTAGCGGTTGTTGCT-1,4489.0,2086,7.3735795,0.1991031390134529,True,True,True,True,True,False
CGTAGCGGTTTACGTC-1,8414.0,3280,9.793201,0.421792618629174,True,True,True,True,True,False
CGTAGTTAGCGATACT-1,2490.0,1330,18.955824,0.0642374154770849,False,True,False,True,False,True
CGTAGTTAGGACGTAA-1,3332.0,1686,15.366146,0.0525446133509583,False,True,False,True,False,True
CGTATTGCAAAGCGCA-1,2020.0,1041,26.732674,0.0404083368779242,False,True,False,True,False,True
CGTATTGCACCTATAG-1,3320.0,1627,16.144579,0.0610243370868143,False,True,False,True,False,True
CGTATTGCAGCACGTT-1,17959.0,5355,10.089648,0.2443729903536976,True,True,True,True,True,False
CGTGCACAGACAACGA-1,4420.0,2058,17.511312,0.0512778772586684,False,True,False,True,False,True
CGTGCACAGCAACATC-1,4589.0,1914,7.757682,0.1991031390134529,True,True,True,True,True,False
CGTGCACAGCAAGACA-1,3956.0,1757,18.756319,0.0565841841148987,False,True,False,True,False,True
CGTGCACAGCAGCTCA-1,3912.0,1752,21.165644,0.0444012557930931,False,True,False,True,False,True
CGTGCACAGCGCAATT-1,4137.0,1969,16.557892,0.0404083368779242,False,True,False,True,False,True
CGTGCACAGCTAAAGG-1,2156.0,1173,18.413729,0.0219768552924938,False,True,False,True,False,True
CGTGCACAGTTAGCCG-1,2834.0,1481,15.808046,0.0796344647519582,False,True,False,True,False,True
CGTGCTGCAGTAGGAT-1,6115.0,2817,9.533933,0.2919020715630885,True,True,True,True,True,False
CGTGCTTTCAACAAGG-1,5614.0,2375,15.746349,0.0694911898633933,False,True,False,True,False,True
CGTGTGTCAAACCTAT-1,4781.0,2100,17.213972,0.0253578271159697,False,True,False,True,False,True
CGTGTGTCAATTGAAG-1,2502.0,1271,8.673061,0.2443729903536976,True,True,True,True,True,False
CGTGTGTCACAGCCTG-1,2945.0,1583,4.6519527,0.1900043084877208,True,True,True,True,True,False
CGTGTGTCAGCAAGGC-1,5151.0,2356,15.103863,0.2743467933491688,True,True,False,True,False,False
CGTGTGTCAGGAATCG-1,486.0,349,17.695473,0.0134553283100107,False,True,False,True,False,True
CGTGTTACACAAACTT-1,8407.0,3419,12.929702,0.2585915492957747,True,True,True,True,True,False
CGTTAAATCCACCCTG-1,89927.0,10880,4.344635,0.2443729903536976,True,True,True,False,False,False
CGTTAAATCCAGGTTG-1,7698.0,3070,12.146011,0.311584553928096,True,True,True,True,True,False
CGTTAAATCCTTGTTG-1,8854.0,3273,9.588886,0.421792618629174,True,True,True,True,True,False
CGTTAAATCTCCTCTT-1,1930.0,1074,9.067357,0.1815920398009949,True,True,True,True,True,False
CGTTAGTAGAGGAGGA-1,5880.0,2569,16.241497,0.0376740376740376,False,True,False,True,False,True
CGTTATCGTGCTAGAC-1,7169.0,3062,11.214952,0.2743467933491688,True,True,True,True,True,False
CGTTATCGTTAGGTTG-1,2328.0,1043,16.709621,0.0272093023255813,False,True,False,True,False,True
CGTTGCAAGCACGTTG-1,431.0,353,5.1044083,0.3338058114812188,True,True,True,True,True,False
CGTTGCGCAAAGCGCA-1,3778.0,1783,16.066702,0.0327743902439024,False,True,False,True,False,True
CGTTTGGAGAGGAAGG-1,5737.0,2459,15.983963,0.0086942521333118,False,True,False,True,False,True
CGTTTGTGTCCTAATC-1,7382.0,3108,12.137632,0.3338058114812188,True,True,True,True,True,False
CTAAAGCTCAACAAGG-1,1836.0,951,16.884531,0.0166986564299424,False,True,False,True,False,True
CTAACCACAAACTAAG-1,10738.0,3925,10.0763645,0.3338058114812188,True,True,True,True,True,False
CTAACCACAAGCGATG-1,1565.0,821,24.217253,0.2743467933491688,True,True,False,True,False,False
CTAACCCTCAAGCCTG-1,6477.0,2739,8.908445,0.2743467933491688,True,True,True,True,True,False
CTAACCCTCATGACCG-1,3973.0,1867,16.813492,0.0106096328730212,False,True,False,True,False,True
CTAACCCTCCCTTGCG-1,7753.0,3203,8.97717,0.2443729903536976,True,True,True,True,True,False
CTAACCTGTCTTGCTG-1,7780.0,3197,9.434447,0.5083682008368199,True,True,True,True,True,False
CTAACCTGTTTAAAGC-1,4840.0,2329,7.830579,0.2443729903536976,True,True,True,True,True,False
CTAAGTCAGGATGATG-1,3845.0,1804,15.838751,0.043362831858407,False,True,False,True,False,True
CTAATAGTCGTTTCGC-1,1638.0,713,15.079366,0.0194450070893255,False,True,False,True,False,True
CTAATCCGTAATCACG-1,11344.0,4046,8.32158,0.2919020715630885,True,True,True,True,True,False
CTAATCCGTCTTTATG-1,9587.0,3609,8.636696,0.2443729903536976,True,True,True,True,True,False
CTAATTGAGAGGAGTC-1,4384.0,2103,17.335766,0.0184964200477326,False,True,False,True,False,True
CTAATTGAGGGTGAGT-1,3611.0,1662,16.532816,0.07332101047443,False,True,False,True,False,True
CTACAACAGAGGATAT-1,7836.0,3011,15.377744,0.0320231068692703,False,True,False,True,False,True
CTACAACAGCACAGCC-1,17533.0,5401,13.140935,0.7247437774524157,True,True,True,True,True,False
CTACAACAGTGAGGGT-1,2425.0,1231,21.773195,0.0444012557930931,False,True,False,True,False,True
CTACCGGCAACCCTAA-1,4936.0,2178,16.0859,0.0154306555690638,False,True,False,True,False,True
CTACCTCAGGCTAGAA-1,9985.0,3664,9.594391,0.3590909090909092,True,True,True,True,True,False
CTACGAAGTACCTTAC-1,2455.0,1306,16.945011,0.0796344647519582,False,True,False,True,False,True
CTACTAAAGAACAAGT-1,4542.0,2021,16.182299,0.0327743902439024,False,True,False,True,False,True
CTACTAAAGTTATGGC-1,6532.0,2725,8.2210655,0.1815920398009949,True,True,True,True,True,False
CTACTAAAGTTATGTG-1,4312.0,1988,19.596476,0.0083912730760009,False,True,False,True,False,True
CTAGATTCAAATTGCT-1,4231.0,1959,15.362798,0.0774482611478557,False,True,False,True,False,True
CTAGCGGGTGATCAGC-1,1914.0,1006,19.958202,0.0142257888017508,False,True,False,True,False,True
CTAGCGGGTTTATCTG-1,939.0,468,34.611286,0.3590909090909092,True,True,False,True,False,False
CTAGGACGTAGCTGGT-1,4702.0,2266,12.505317,0.3338058114812188,True,True,True,True,True,False
CTAGGACGTGTTCCCA-1,7025.0,3108,8.327402,0.311584553928096,True,True,True,True,True,False
CTAGGACGTGTTGTAG-1,5184.0,2458,7.7739196,0.2585915492957747,True,True,True,True,True,False
CTAGGCGGTCCCGAAG-1,2336.0,1255,15.36815,0.0189663823381836,False,True,False,True,False,True
CTAGGCGGTCTTACTA-1,9438.0,3459,12.52384,0.2585915492957747,True,True,True,True,True,False
CTAGTAATCGTCATTT-1,13847.0,4356,9.77107,0.3590909090909092,True,True,True,True,True,False
CTAGTAGGTAGCAGCT-1,304.0,237,12.171052,0.2743467933491688,True,True,True,True,True,False
CTAGTAGGTCTAGCTT-1,7662.0,2980,11.929,0.3881204231082177,True,True,True,True,True,False
CTAGTCGAGCTTTGGG-1,7219.0,2856,9.419587,0.3881204231082177,True,True,True,True,True,False
CTAGTCGAGGCTATGT-1,6222.0,2712,14.641595,0.2919020715630885,True,True,True,True,True,False
CTAGTGAGTGTGCAAC-1,4918.0,2248,17.303783,0.0312888005959771,False,True,False,True,False,True
CTAGTGAGTTAGCAGC-1,4434.0,1942,16.418583,0.0138373880799493,False,True,False,True,False,True
CTATAACCACAGAAAC-1,5261.0,2326,18.494583,0.0351362021318594,False,True,False,True,False,True
CTATAACCAGAATGAC-1,1224.0,700,25.653595,0.0320231068692703,False,True,False,True,False,True
CTATGACAGGACCTCA-1,3338.0,1330,37.3577,0.043362831858407,False,True,False,True,False,True
CTATGACAGTTGCGTG-1,4679.0,2044,19.469973,0.1040508339952342,False,True,False,True,False,True
CTATGAGGTAGTAAGA-1,1342.0,756,18.256334,0.023059434881455,False,True,False,True,False,True
CTATGAGGTCAAGTAT-1,4172.0,1981,16.466923,0.0465652374366067,False,True,False,True,False,True
CTATGAGGTGAACAAA-1,5460.0,2287,16.410257,0.0343302990897269,False,True,False,True,False,True
CTATGAGGTGGATTAT-1,3168.0,1390,20.391413,0.0086942521333118,False,True,False,True,False,True
CTATGATCAAAGCGCA-1,566.0,350,29.681978,0.016268670916183,False,True,False,True,False,True
CTATGATCACTTACAG-1,4812.0,2050,15.440565,0.0335432463693612,False,True,False,True,False,True
CTATGGCCACTAAATC-1,1961.0,1059,20.856705,0.0247657295850066,False,True,False,True,False,True
CTATTACTCGATTTAG-1,3690.0,1741,11.463415,0.2443729903536976,True,True,True,True,True,False
CTATTACTCTAGCGAT-1,7404.0,3095,14.627229,0.2314767501277466,True,True,True,True,True,False
CTATTCAGTAATCGTG-1,2267.0,1178,18.173798,0.0512778772586684,False,True,False,True,False,True
CTATTCAGTTAGGTTG-1,12467.0,4563,8.454319,0.3881204231082177,True,True,True,True,True,False
CTATTGAAGGGTTATC-1,7193.0,3137,7.2709575,0.3881204231082177,True,True,True,True,True,False
CTCAATAAGTGAGGGT-1,3488.0,1628,16.083715,0.159776536312849,False,True,False,True,False,True
CTCACAACATGGCCTG-1,12497.0,4120,9.914379,0.3881204231082177,True,True,True,True,True,False
CTCACACTCTAGCGTG-1,6039.0,2625,16.857096,0.0500481231953801,False,True,False,True,False,True
CTCAGGATCATGCTAA-1,7078.0,2933,8.73128,0.2197265624999999,True,True,True,True,True,False
CTCATCATCTATGACA-1,10011.0,3614,7.022276,0.311584553928096,True,True,True,True,True,False
CTCATGACACAGCCAT-1,3085.0,1589,6.4181523,0.1991031390134529,True,True,True,True,True,False
CTCATGACATCGCTTT-1,154.0,120,13.636364,0.0090017030248966,False,False,True,True,False,True
CTCATGACATTAAAGG-1,6547.0,2652,18.00825,0.0404083368779242,False,True,False,True,False,True
CTCATTAGTCATCAAG-1,4541.0,2123,6.518388,0.1815920398009949,True,True,True,True,True,False
CTCATTAGTTACGCGG-1,3478.0,1642,16.158712,0.0048189252336448,False,True,False,True,False,True
CTCATTAGTTTCCGGC-1,2948.0,1397,21.09905,0.0048189252336448,False,True,False,True,False,True
CTCATTGTCCTCCTAA-1,9333.0,3552,8.711025,0.2585915492957747,True,True,True,True,True,False
CTCCAACTCCCTGGTT-1,1378.0,842,14.150943,0.2443729903536976,True,True,True,True,True,False
CTCCAACTCCGCACAA-1,12443.0,4089,4.556779,0.2314767501277466,True,True,True,True,True,False
CTCCAACTCTAATCTC-1,3817.0,1752,9.038511,0.1900043084877208,True,True,True,True,True,False
CTCCATCAGCTTAGTA-1,3295.0,1586,16.358118,0.0123456790123456,False,True,False,True,False,True
CTCCCTGAGTATCGCG-1,13383.0,4334,8.495853,0.2743467933491688,True,True,True,True,True,False
CTCCGGACAGGCGAGT-1,7837.0,3247,12.759985,0.2314767501277466,True,True,True,True,True,False
CTCCGGACAGGCTTCG-1,8115.0,3203,13.75231,0.311584553928096,True,True,True,True,True,False
CTCCTAATCATAGCCG-1,12535.0,4338,8.8711605,0.2314767501277466,True,True,True,True,True,False
CTCCTAATCTCGCCCA-1,6601.0,2803,12.589002,0.2585915492957747,True,True,True,True,True,False
CTCCTCACACTAGCGT-1,3610.0,1804,8.365651,0.3338058114812188,True,True,True,True,True,False
CTCGCTCCAATGAAGC-1,5017.0,2218,15.587004,0.0376740376740376,False,True,False,True,False,True
CTCGCTCCAATTGAGA-1,14857.0,4586,15.494379,0.3338058114812188,True,True,False,True,False,False
CTCGCTCCACTTCACT-1,3639.0,1708,16.652927,0.0525446133509583,False,True,False,True,False,True
CTCGTTATCACCGGTA-1,3154.0,1533,21.36969,0.0404083368779242,False,True,False,True,False,True
CTCGTTATCAGGTCCA-1,6201.0,2567,15.884535,0.023059434881455,False,True,False,True,False,True
CTCTAAGCAACTGGGA-1,3949.0,1805,17.548746,0.0642374154770849,False,True,False,True,False,True
CTCTAAGCAAGGTCGA-1,191.0,114,27.748692,0.0130794554675682,False,False,False,True,False,True
CTCTAAGCAGTTTACG-1,9103.0,3751,10.469076,0.5083682008368199,True,True,True,True,True,False
CTCTAGCTCGGTCAGC-1,7294.0,2756,8.678366,0.2314767501277466,True,True,True,True,True,False
CTCTCACAGCGATAAG-1,5901.0,2666,12.099644,0.3338058114812188,True,True,True,True,True,False
CTCTTGATCACAGCGC-1,5747.0,2465,15.45154,0.0465652374366067,False,True,False,True,False,True
CTGAAACTCGTTTCTG-1,3805.0,1785,15.821287,0.0320231068692703,False,True,False,True,False,True
CTGAATATCAAGCTTA-1,11168.0,3927,5.1307306,0.3881204231082177,True,True,True,True,True,False
CTGAATATCATCCTCA-1,6477.0,2754,18.681488,0.1109874826147426,False,True,False,True,False,True
CTGAATATCGATCAGT-1,2878.0,1503,15.496872,0.0796344647519582,False,True,False,True,False,True
CTGACATAGCTAAAGG-1,3423.0,1641,15.162139,0.0538500251635631,False,True,False,True,False,True
CTGACATAGGTTAGAG-1,4538.0,2032,16.372852,0.0676779463243874,False,True,False,True,False,True
CTGACCAAGTTATGTG-1,6697.0,2548,16.410334,0.0594961586564231,False,True,False,True,False,True
CTGCAATAGTCATGCG-1,4694.0,2093,15.78611,0.0626038781163434,False,True,False,True,False,True
CTGGATGTCAATGAGG-1,1635.0,772,17.247707,0.0278528616758726,False,True,False,True,False,True
CTGGATGTCTCCATGC-1,9010.0,3367,12.45283,0.421792618629174,True,True,True,True,True,False
CTGGATGTCTCCTCTT-1,4964.0,2284,15.169218,0.0158460667798528,False,True,False,True,False,True
CTGGATGTCTTAGCGG-1,6613.0,2759,9.587177,0.311584553928096,True,True,True,True,True,False
CTGGCTAAGTAAGAAC-1,4050.0,1814,13.703704,0.2743467933491688,True,True,True,True,True,False
CTGGTAAGTGGGAACA-1,8814.0,3227,19.33288,0.0512778772586684,False,True,False,True,False,True
CTGGTCAAGTTATGGC-1,3279.0,1824,7.8682528,0.1815920398009949,True,True,True,True,True,False
CTGGTTACAATAGCAA-1,4190.0,1851,16.181383,0.0320231068692703,False,True,False,True,False,True
CTGGTTACATGTTTGG-1,19888.0,5787,8.728882,0.3881204231082177,True,True,True,True,True,False
CTGGTTTGTTCCGGGA-1,6445.0,2952,7.3079906,0.3338058114812188,True,True,True,True,True,False
CTGTACCTCAGCAAGA-1,1632.0,682,37.990196,0.1419878296146043,False,True,False,True,False,True
CTGTACCTCCTTAGGG-1,11569.0,3800,8.929034,0.3881204231082177,True,True,True,True,True,False
CTGTACCTCGCTTCTA-1,1566.0,792,18.07152,0.0594961586564231,False,True,False,True,False,True
CTGTATTTCGGCCAGT-1,1473.0,819,21.792261,0.0214511041009463,False,True,False,True,False,True
CTGTATTTCGGTTTGG-1,8442.0,3426,12.662876,0.311584553928096,True,True,True,True,True,False
CTGTGTGAGGCTTAGT-1,7162.0,3053,8.433398,0.1991031390134529,True,True,True,True,True,False
CTGTTAAAGCGGATTT-1,4475.0,1928,17.519552,0.0291821784556262,False,True,False,True,False,True
CTGTTGGAGGACAATG-1,3756.0,1835,17.27902,0.107433532284319,False,True,False,True,False,True
CTGTTGGAGGCATGAA-1,3316.0,1632,15.4402895,0.0551959114139693,False,True,False,True,False,True
CTGTTGGAGTAGGCGG-1,3726.0,1610,15.700483,0.009313725490196,False,True,False,True,False,True
CTTAACAAGGTTACAC-1,6152.0,2554,17.311443,0.0676779463243874,False,True,False,True,False,True
CTTAAGATCCTAGTTT-1,2259.0,1231,15.095175,0.0351362021318594,False,True,False,True,False,True
CTTAAGATCCTGGTGA-1,9804.0,3764,7.037944,0.4613180515759315,True,True,True,True,True,False
CTTAAGGGTGAGGTAG-1,4321.0,2008,15.829669,0.0368073345018201,False,True,False,True,False,True
CTTACCGGTACAAAGA-1,8619.0,3467,10.430444,0.3881204231082177,True,True,True,True,True,False
CTTACCGGTACTAAAC-1,6106.0,2724,10.956436,0.3590909090909092,True,True,True,True,True,False
CTTACCGGTAGGATTT-1,3198.0,1590,15.165729,0.0099518991540885,False,True,False,True,False,True
CTTACCGGTTAAGCGC-1,1509.0,775,31.411531,0.0259621953996811,False,True,False,True,False,True
CTTAGGAGTAACGTGC-1,393.0,238,30.788803,0.0753453327752197,False,True,False,True,False,True
CTTAGGAGTCGCAAAC-1,5380.0,2426,15.408921,0.0214511041009463,False,True,False,True,False,True
CTTAGTTTCTAAGGAG-1,4330.0,1775,11.454966,0.2197265624999999,True,True,True,True,True,False
CTTATGTTCAGCCAAT-1,4285.0,1907,11.365228,0.1991031390134529,True,True,True,True,True,False
CTTATTGGTTAATGCG-1,4537.0,1916,19.396076,0.009313725490196,False,True,False,True,False,True
CTTCAAGCACGCAACT-1,8516.0,3101,4.33302,0.2585915492957747,True,True,True,True,True,False
CTTCAAGCACTTGTTC-1,19863.0,5419,6.6354527,0.3590909090909092,True,True,True,True,True,False
CTTCACTCAACCCTCC-1,3425.0,1672,16.379562,0.0343302990897269,False,True,False,True,False,True
CTTCACTCAGGAACAT-1,570.0,222,52.105267,0.1737914502596883,False,True,False,True,False,True
CTTCACTCATTAAACC-1,14092.0,4822,8.962532,0.3881204231082177,True,True,True,True,True,False
CTTCAGGAGTCTTGAA-1,5622.0,2482,15.581644,0.0312888005959771,False,True,False,True,False,True
CTTCAGGAGTTGCGTG-1,4205.0,1934,16.361475,0.0335432463693612,False,True,False,True,False,True
CTTCGCGTCATCCTCA-1,6843.0,2858,6.7221975,0.2919020715630885,True,True,True,True,True,False
CTTCTAAGTTAGTTGG-1,12853.0,4695,3.3066208,0.3590909090909092,True,True,True,True,True,False
CTTCTCAAGGCTTAGT-1,4602.0,2116,15.406344,0.0180348871587661,False,True,False,True,False,True
CTTGAACAGACAAACG-1,9505.0,3497,12.719621,0.2443729903536976,True,True,True,True,True,False
CTTGAACAGCCTTAAA-1,7943.0,3392,5.06106,0.2919020715630885,True,True,True,True,True,False
CTTGAATCAATTAACC-1,9261.0,3604,8.962316,0.2919020715630885,True,True,True,True,True,False
CTTGACGAGCCTAACG-1,7234.0,3077,11.210948,0.2443729903536976,True,True,True,True,True,False
CTTGACGAGGTGTCCA-1,12019.0,4065,9.310259,0.421792618629174,True,True,True,True,True,False
CTTGCAACATCATGTG-1,895.0,431,41.787712,0.2443729903536976,True,True,False,True,False,False
CTTGCATGTAGGATCC-1,5635.0,2464,16.379768,0.0343302990897269,False,True,False,True,False,True
CTTGCATGTTCCTGAT-1,11605.0,4100,14.631624,0.5083682008368199,True,True,True,True,True,False
CTTGCGCGTTTGGTTC-1,4546.0,2081,15.860097,0.0796344647519582,False,True,False,True,False,True
CTTGCTCAGCTGCACA-1,321.0,119,58.25545,0.0351362021318594,False,False,False,True,False,True
CTTGGACCAAACTAAG-1,5561.0,2509,12.353893,0.2443729903536976,True,True,True,True,True,False
CTTGGACCACAAAGCG-1,5892.0,2630,8.842498,0.2743467933491688,True,True,True,True,True,False
CTTGGACCACATAGCC-1,10784.0,4130,5.9625373,0.3338058114812188,True,True,True,True,True,False
CTTGTAAAGAGGAGTC-1,4997.0,2297,10.506304,0.2585915492957747,True,True,True,True,True,False
CTTGTAAAGCCTCTCG-1,7278.0,3313,4.0807915,0.4613180515759315,True,True,True,True,True,False
CTTGTCCAGCACAGAA-1,8997.0,3414,7.6692233,0.2197265624999999,True,True,True,True,True,False
CTTGTCCAGTTGTCCC-1,1405.0,773,15.729538,0.0385625431928127,False,True,False,True,False,True
CTTGTTCCACTAAATC-1,6280.0,2604,16.257961,0.0359616409163558,False,True,False,True,False,True
CTTGTTCCAGCAAATA-1,4562.0,1930,8.768084,0.2443729903536976,True,True,True,True,True,False
CTTTAGGCATGAGTTT-1,9239.0,3373,8.453296,0.3590909090909092,True,True,True,True,True,False
CTTTATCAGGTTAGCT-1,5940.0,2465,16.346802,0.0219768552924938,False,True,False,True,False,True
CTTTATGGTGTGAGGA-1,7235.0,2797,8.583276,0.2743467933491688,True,True,True,True,True,False
CTTTCTTGTCACTCGC-1,18749.0,5570,5.3602858,0.3881204231082177,True,True,True,True,True,False
CTTTGAGCAAGGAATC-1,3164.0,1549,14.8230095,0.1815920398009949,True,True,True,True,True,False
CTTTGAGCACATAACT-1,12089.0,4342,4.1525354,0.1815920398009949,True,True,True,True,True,False
CTTTGAGCATAAAGCA-1,9432.0,3259,9.658609,0.3338058114812188,True,True,True,True,True,False
CTTTGAGCATCTTGAG-1,2577.0,1381,15.017462,0.0327743902439024,False,True,False,True,False,True
CTTTGGGAGAAGCTAG-1,1665.0,989,17.837837,0.0134553283100107,False,True,False,True,False,True
CTTTGGGAGCGCCTAA-1,1032.0,680,15.600775,0.0376740376740376,False,True,False,True,False,True
CTTTGGGAGGAACGGT-1,4454.0,2084,17.130669,0.0753453327752197,False,True,False,True,False,True
CTTTGGGAGGGCTAAA-1,3490.0,1460,15.214899,0.0278528616758726,False,True,False,True,False,True
CTTTGGTGTCAAAGAA-1,7857.0,3062,8.20924,0.3338058114812188,True,True,True,True,True,False
CTTTGGTGTCCTTAGT-1,9993.0,3588,8.656059,0.311584553928096,True,True,True,True,True,False
CTTTGTCCAAGCTAAA-1,6391.0,2787,11.171961,0.3338058114812188,True,True,True,True,True,False
CTTTGTCCAGTCTATG-1,554.0,262,36.28159,0.0343302990897269,False,True,False,True,False,True
GAAACCCGTAGGTGTC-1,3063.0,1548,9.2719555,0.208976157082749,True,True,True,True,True,False
GAAAGGCTCCTCATGC-1,7592.0,2783,20.27134,0.007508212106992,False,True,False,True,False,True
GAACACAAGAGAAGGG-1,2117.0,1132,19.981106,0.007222179078978,False,True,False,True,False,True
GAACACAAGTCACTCC-1,245.0,176,7.3469386,0.0180348871587661,False,False,True,True,False,True
GAACACAAGTCCTGAG-1,3921.0,1943,10.07396,0.1991031390134529,True,True,True,True,True,False
GAACCAGCATTAGGCC-1,6229.0,2421,19.762402,0.0285103349964362,False,True,False,True,False,True
GAACCGCTCATTTGTC-1,12830.0,4209,11.792673,0.3338058114812188,True,True,True,True,True,False
GAACGAATCATGCAAC-1,3801.0,1806,15.259142,0.0488537549407114,False,True,False,True,False,True
GAACTTATCGGGACTC-1,6810.0,2881,6.270191,0.1900043084877208,True,True,True,True,True,False
GAAGCCTGTGCAATAT-1,3279.0,1681,6.9228425,0.1991031390134529,True,True,True,True,True,False
GAAGGAACAGCACGAA-1,6424.0,2718,16.531757,0.0312888005959771,False,True,False,True,False,True
GAAGGCTAGGGACTAA-1,2947.0,1532,9.229725,0.208976157082749,True,True,True,True,True,False
GAAGTAAGTTCGCTCA-1,3864.0,1899,19.591097,0.0209353192375794,False,True,False,True,False,True
GAAGTCAAGAGGAAGG-1,4291.0,2018,17.61827,0.0525446133509583,False,True,False,True,False,True
GAAGTGATCCACAATA-1,2382.0,1243,22.670025,0.0189663823381836,False,True,False,True,False,True
GAAGTGATCCGGAACC-1,9921.0,3670,17.61919,0.2585915492957747,True,True,False,True,False,False
GAATTTGTCCTAAGGT-1,8745.0,3317,5.4545455,0.3338058114812188,True,True,True,True,True,False
GACACCGGTCGCATAA-1,8097.0,3193,16.005928,0.2443729903536976,True,True,False,True,False,False
GACACTAGTACAAAGA-1,9282.0,3617,9.685412,0.2314767501277466,True,True,True,True,True,False
GACACTAGTGCTAGAC-1,9030.0,3554,8.737542,0.3590909090909092,True,True,True,True,True,False
GACCGTTCAACCCTCC-1,7367.0,3101,4.316547,0.2443729903536976,True,True,True,True,True,False
GACCGTTCAGTTTACG-1,9431.0,3341,9.29912,0.1991031390134529,True,True,True,True,True,False
GACCGTTCATGTTGGC-1,7137.0,2988,8.5470085,0.2443729903536976,True,True,True,True,True,False
GACCTAGTCCCTGATC-1,12780.0,4386,10.14867,0.1991031390134529,True,True,True,True,True,False
GACCTAGTCGCTTCTA-1,11048.0,3794,9.458726,0.2919020715630885,True,True,True,True,True,False
GACCTCAAGAAGGTGC-1,4725.0,2083,15.25926,0.0109461179465422,False,True,False,True,False,True
GACCTCAAGTGAGGGT-1,9518.0,3586,12.943895,0.5083682008368199,True,True,True,True,True,False
GACCTGATCCACAATA-1,2049.0,1125,15.861397,0.0259621953996811,False,True,False,True,False,True
GACCTGATCGCTTCTA-1,3414.0,1718,15.026362,0.0225128644939965,False,True,False,True,False,True
GACCTGATCGTTACTT-1,6915.0,2607,19.696312,0.011987491313412,False,True,False,True,False,True
GACCTGCAGACAACGA-1,4821.0,2093,7.239162,0.2743467933491688,True,True,True,True,True,False
GACCTGCAGCTTTGGG-1,7847.0,3106,15.547342,0.2314767501277466,True,True,False,True,False,False
GACCTGCAGGATCACT-1,11644.0,4115,8.974579,0.2919020715630885,True,True,True,True,True,False
GACGCAACAGTATGTT-1,13897.0,4583,11.426927,0.421792618629174,True,True,True,True,True,False
GACGCCTAGCGATAAG-1,3129.0,1501,20.134228,0.0610243370868143,False,True,False,True,False,True
GACGTAAAGGAAGTAT-1,6768.0,2858,11.731678,0.2585915492957747,True,True,True,True,True,False
GACTAATGTGAGCAAG-1,2872.0,1613,3.6908078,0.1900043084877208,True,True,True,True,True,False
GACTAATGTGGAAACG-1,8058.0,3319,8.910399,0.2443729903536976,True,True,True,True,True,False
GACTAATGTTCCATTA-1,7471.0,3096,9.249096,0.311584553928096,True,True,True,True,True,False
GACTATTCAAACTGTT-1,14342.0,4590,9.761539,0.5083682008368199,True,True,True,True,True,False
GACTATTCAGAACCGA-1,4178.0,1906,16.084251,0.0394736842105263,False,True,False,True,False,True
GACTCACCAGTAATAG-1,5225.0,2218,18.29665,0.0676779463243874,False,True,False,True,False,True
GACTTACAGGATGATG-1,4117.0,1879,16.176826,0.0713709677419354,False,True,False,True,False,True
GACTTACAGGCACAGG-1,4835.0,2121,16.31851,0.0659277660997515,False,True,False,True,False,True
GAGAAACGTGAATCGC-1,3262.0,1626,8.093195,0.1815920398009949,True,True,True,True,True,False
GAGAACCAGAGAGCCG-1,28756.0,6894,11.941855,0.421792618629174,True,True,True,True,True,False
GAGAACCAGCTAAGTC-1,6295.0,2662,15.266085,0.4613180515759315,True,True,False,True,False,False
GAGAACCAGGCCGGAA-1,722.0,368,28.254848,0.107433532284319,False,True,False,True,False,True
GAGAGGCGTACCGAAC-1,3346.0,1706,15.690376,0.0180348871587661,False,True,False,True,False,True
GAGAGGCGTTAGACCA-1,7338.0,3024,14.922322,0.3338058114812188,True,True,True,True,True,False
GAGATAAGTATACTGG-1,6000.0,2591,17.233334,0.0551959114139693,False,True,False,True,False,True
GAGATAAGTGCTGGTG-1,2352.0,967,22.57653,0.0194450070893255,False,True,False,True,False,True
GAGCAAATCGTTTCGC-1,6685.0,2615,15.542258,0.0043233895373973,False,True,False,True,False,True
GAGCAAATCTTGGATA-1,8303.0,3218,8.370469,0.3338058114812188,True,True,True,True,True,False
GAGCAAGGTGCTCACC-1,8957.0,3457,14.056045,0.421792618629174,True,True,True,True,True,False
GAGCAAGGTTACTAGG-1,3532.0,1762,16.95923,0.0538500251635631,False,True,False,True,False,True
GAGCAAGGTTCGCGCT-1,6775.0,2797,10.066421,0.2443729903536976,True,True,True,True,True,False
GAGCAAGGTTTCAGGA-1,8188.0,3289,16.6341,0.421792618629174,True,True,False,True,False,False
GAGCCTTCAATATACC-1,3830.0,1490,33.107048,0.0204292199752373,False,True,False,True,False,True
GAGCCTTCATTGTCCT-1,10174.0,3693,11.018282,0.2919020715630885,True,True,True,True,True,False
GAGCGAAGTAAACAAG-1,3995.0,1839,20.150188,0.0713709677419354,False,True,False,True,False,True
GAGCGATAGACAACAG-1,6815.0,2856,15.832722,0.0676779463243874,False,True,False,True,False,True
GAGCGATAGTAGGATG-1,4134.0,2069,15.287857,0.0920067616517749,False,True,False,True,False,True
GAGCGGTCAATGCCTA-1,4567.0,2134,19.881762,0.0454683237344649,False,True,False,True,False,True
GAGCGGTCACTTCATC-1,4515.0,2093,12.95681,0.208976157082749,True,True,True,True,True,False
GAGCTAGCATGTCGCG-1,2603.0,1330,15.674221,0.0080926689939701,False,True,False,True,False,True
GAGCTGCTCGGTTTGG-1,212.0,180,1.8867924,0.0106096328730212,False,False,True,True,False,True
GAGCTTAGTGGGTACT-1,13412.0,4340,15.538324,0.3338058114812188,True,True,False,True,False,False
GAGCTTGTCTCGCCCA-1,6656.0,2939,7.3467546,0.2585915492957747,True,True,True,True,True,False
GAGGACTAGAGCAAGC-1,4149.0,2078,11.76187,0.2585915492957747,True,True,True,True,True,False
GAGGACTAGCGAGGTG-1,210.0,162,19.047619,0.0204292199752373,False,False,False,True,False,True
GAGGACTAGTGAGCAA-1,5911.0,2524,15.462696,0.0842772995015858,False,True,False,True,False,True
GAGGAGGCAAGGGTTG-1,6905.0,2947,11.165821,0.3590909090909092,True,True,True,True,True,False
GAGGAGGCAGAGGCTA-1,5994.0,2657,10.11011,0.2743467933491688,True,True,True,True,True,False
GAGGCCTTCCACCTGT-1,3660.0,1900,6.47541,0.1991031390134529,True,True,True,True,True,False
GAGGCCTTCGTGCCTT-1,3850.0,1846,18.831167,0.0385625431928127,False,True,False,True,False,True
GAGGCTACAAATTCGT-1,11060.0,4167,9.014466,0.4613180515759315,True,True,True,True,True,False
GAGGGAGCATAAGCAA-1,7514.0,3052,16.1432,0.3590909090909092,True,True,False,True,False,False
GAGGGAGCATGGCCCA-1,4182.0,1911,16.905787,0.0626038781163434,False,True,False,True,False,True
GAGGTAGGTTTGCTGT-1,2649.0,1476,7.7010193,0.208976157082749,True,True,True,True,True,False
GAGGTGAGTTCGCGCT-1,2727.0,1356,15.548222,0.107433532284319,False,True,False,True,False,True
GAGGTGAGTTGTGACA-1,5147.0,2455,17.660772,0.0753453327752197,False,True,False,True,False,True
GAGGTTAAGGCGCTAC-1,5690.0,2479,15.307558,0.0219768552924938,False,True,False,True,False,True
GAGGTTAAGTAGCGGG-1,4971.0,2301,16.032991,0.0594961586564231,False,True,False,True,False,True
GAGGTTAAGTGCACGC-1,6312.0,2823,8.000634,0.3338058114812188,True,True,True,True,True,False
GAGTAACCAAGCGAGC-1,2387.0,1271,15.16548,0.0204292199752373,False,True,False,True,False,True
GAGTAACCATAATCGT-1,3871.0,1847,5.089124,0.1815920398009949,True,True,True,True,True,False
GAGTAACCATGAGTTT-1,3390.0,1779,6.4896755,0.1815920398009949,True,True,True,True,True,False
GAGTAATAGTTATGGC-1,7364.0,3040,12.262358,0.311584553928096,True,True,True,True,True,False
GAGTATCTCTTAGCGG-1,4915.0,2242,15.442523,0.0404083368779242,False,True,False,True,False,True
GAGTATCTCTTGCAGG-1,4404.0,2067,16.326067,0.0796344647519582,False,True,False,True,False,True
GAGTCAAAGGAATAAC-1,2295.0,1233,16.906319,0.0130794554675682,False,True,False,True,False,True
GAGTCAAAGGCATTGT-1,159.0,127,12.578617,0.0225128644939965,False,False,True,True,False,True
GAGTCATTCAATACGC-1,7584.0,3121,10.746307,0.421792618629174,True,True,True,True,True,False
GAGTGAGGTGATGATT-1,10173.0,3556,16.524134,0.2743467933491688,True,True,False,True,False,False
GAGTGAGGTTCAAGAT-1,7093.0,3055,11.800366,0.421792618629174,True,True,True,True,True,False
GAGTGATCAAGCTTAT-1,8897.0,3490,11.307182,0.311584553928096,True,True,True,True,True,False
GAGTTGCGTAATAACC-1,7709.0,3013,15.631082,0.421792618629174,True,True,False,True,False,False
GAGTTGCGTAGTAAGA-1,4287.0,1915,22.579891,0.0465652374366067,False,True,False,True,False,True
GAGTTTGGTGAGAAAC-1,3043.0,1502,15.2809725,0.0171362184141736,False,True,False,True,False,True
GATAACGAGTGGACAA-1,4635.0,2120,16.548004,0.0500481231953801,False,True,False,True,False,True
GATAACGAGTTGGGCC-1,1940.0,882,15.360825,0.0180348871587661,False,True,False,True,False,True
GATAATCGTCAAGTGC-1,5663.0,2439,7.381247,0.4613180515759315,True,True,True,True,True,False
GATAATCGTCACAGAC-1,2315.0,1197,19.179266,0.07332101047443,False,True,False,True,False,True
GATAATCGTGTGCAAC-1,1600.0,925,15.25,0.0404083368779242,False,True,False,True,False,True
GATCAGGCAATGCGCT-1,5101.0,2243,17.271124,0.0259621953996811,False,True,False,True,False,True
GATCAGTTCACACAGT-1,15226.0,4511,8.53146,0.208976157082749,True,True,True,True,True,False
GATCCGTCAGGCTAGA-1,7158.0,3113,12.014529,0.3338058114812188,True,True,True,True,True,False
GATCGAGCAAATTCGT-1,8515.0,3313,8.40869,0.4613180515759315,True,True,True,True,True,False
GATCGAGCACTAAGTT-1,10703.0,3770,12.127441,0.2743467933491688,True,True,True,True,True,False
GATCGCTCAACCCTAA-1,8953.0,3411,14.598459,0.3338058114812188,True,True,True,True,True,False
GATCGCTCATAAGTTC-1,11374.0,4110,9.178829,0.311584553928096,True,True,True,True,True,False
GATGACTTCAATGAGG-1,3718.0,1680,6.9123187,0.1900043084877208,True,True,True,True,True,False
GATGAGGGTGTGTGGT-1,2855.0,1394,18.143608,0.0146206896551724,False,True,False,True,False,True
GATGAGGGTTAAGGTT-1,6446.0,2825,7.399938,0.2743467933491688,True,True,True,True,True,False
GATGCAGCAGCTTAGC-1,7171.0,3126,9.3710785,0.2743467933491688,True,True,True,True,True,False
GATGCATTCCGCCAAA-1,5509.0,2476,16.064621,0.0713709677419354,False,True,False,True,False,True
GATGCATTCGTTTCTG-1,3192.0,1605,19.392231,0.0713709677419354,False,True,False,True,False,True
GATGCGACACGAATCC-1,5250.0,2285,16.590477,0.0676779463243874,False,True,False,True,False,True
GATGCTTAGCACTAGT-1,696.0,447,22.988506,0.043362831858407,False,True,False,True,False,True
GATGCTTAGTTTGAGC-1,5234.0,2297,15.017195,0.0659277660997515,False,True,False,True,False,True
GATGGACAGCCTAACG-1,1091.0,590,28.780933,0.1008273009307135,False,True,False,True,False,True
GATGGCTGTCCTAAGA-1,9772.0,3579,12.924683,0.2919020715630885,True,True,True,True,True,False
GATGGCTGTGTTTCAC-1,10187.0,3832,7.0776477,0.208976157082749,True,True,True,True,True,False
GATGGCTGTGTTTGAG-1,3411.0,1700,8.883025,0.2443729903536976,True,True,True,True,True,False
GATTAAGCAGCAAGGC-1,7857.0,3151,11.238386,0.3881204231082177,True,True,True,True,True,False
GATTAAGCATAATCCG-1,6321.0,2592,14.475557,0.3881204231082177,True,True,True,True,True,False
GATTAAGCATTGTGGC-1,6267.0,2546,18.972395,0.043362831858407,False,True,False,True,False,True
GATTACGGTAAGTCGC-1,3103.0,1503,17.33806,0.0291821784556262,False,True,False,True,False,True
GATTAGCTCACAGCCA-1,3507.0,1729,7.4707723,0.2919020715630885,True,True,True,True,True,False
GATTAGCTCTCACTAT-1,1656.0,999,15.036231,0.0305709023941068,False,True,False,True,False,True
GATTAGTGTTAGTTGG-1,1954.0,1021,16.78608,0.0454683237344649,False,True,False,True,False,True
GATTAGTGTTGGCGTG-1,4538.0,2113,15.469369,0.041367423154266,False,True,False,True,False,True
GATTCAATCCAATTAG-1,5165.0,2450,9.428848,0.2919020715630885,True,True,True,True,True,False
GATTCAATCGCAAACT-1,9930.0,3713,7.321249,0.3881204231082177,True,True,True,True,True,False
GATTCAGGTCGAAGTC-1,8332.0,3337,6.4330297,0.208976157082749,True,True,True,True,True,False
GATTCAGGTGGATTGC-1,2199.0,1176,15.234198,0.1665381649961449,False,True,False,True,False,True
GATTCAGGTTCCGGCT-1,2174.0,846,16.651335,0.0225128644939965,False,True,False,True,False,True
GATTCAGGTTGGTTAG-1,6258.0,2691,9.555769,0.2197265624999999,True,True,True,True,True,False
GATTCATCACGCAACT-1,8230.0,3261,6.707169,0.2743467933491688,True,True,True,True,True,False
GATTCATCAGTCTAGC-1,5255.0,2214,17.73549,0.0626038781163434,False,True,False,True,False,True
GATTCGCCAAATTGCT-1,5370.0,2308,16.312849,0.0351362021318594,False,True,False,True,False,True
GATTCGCCACAGGATG-1,363.0,129,57.575756,0.0676779463243874,False,False,False,True,False,True
GATTGATGTAAGGTCC-1,4822.0,2367,8.253837,0.1900043084877208,True,True,True,True,True,False
GATTGCAGTGGAGCAA-1,6294.0,2699,15.18907,0.2443729903536976,True,True,False,True,False,False
GATTGCGTCAAATCGC-1,2123.0,1155,16.674517,0.0580168776371308,False,True,False,True,False,True
GATTGCGTCATAGCCG-1,6678.0,2865,15.693322,0.0594961586564231,False,True,False,True,False,True
GATTGGCGTACAAAGA-1,4906.0,2210,17.36649,0.0565841841148987,False,True,False,True,False,True
GATTGGCGTGCTCACC-1,2770.0,1523,10.324909,0.2197265624999999,True,True,True,True,True,False
GATTGGTTCATTTGTC-1,2990.0,1535,11.003345,0.1991031390134529,True,True,True,True,True,False
GATTGGTTCCCGAACA-1,1127.0,682,18.54481,0.019932536031892,False,True,False,True,False,True
GCAAACAAGGTTACGT-1,4446.0,2084,15.677012,0.0867453157529493,False,True,False,True,False,True
GCAAACCGTACTAAAC-1,3691.0,1760,15.144947,0.0106096328730212,False,True,False,True,False,True
GCAAACCGTCAGGCCA-1,8292.0,3201,10.938254,0.311584553928096,True,True,True,True,True,False
GCAAACCGTTCGCGCT-1,5559.0,2325,15.722253,0.0774482611478557,False,True,False,True,False,True
GCAAACTTCAAGCGCC-1,1605.0,904,15.638629,0.0038406827880512,False,True,False,True,False,True
GCAAACTTCATCCTGC-1,999.0,453,43.043045,0.0551959114139693,False,True,False,True,False,True
GCAAACTTCATTGACA-1,4154.0,1920,18.151178,0.1228175797712221,False,True,False,True,False,True
GCAAACTTCTGGCAAT-1,585.0,293,37.77778,0.1991031390134529,True,True,False,True,False,False
GCAACAGCAAAGGTAC-1,3959.0,1833,20.358675,0.0241855328547763,False,True,False,True,False,True
GCAACAGCACTAAGTT-1,7522.0,2825,10.462644,0.3881204231082177,True,True,True,True,True,False
GCAACAGCAGGCCTTG-1,4232.0,2020,16.091682,0.0512778772586684,False,True,False,True,False,True
GCAACAGCAGTAGCCT-1,8873.0,3442,12.836697,0.3881204231082177,True,True,True,True,True,False
GCAAGCCTCTAGCTAA-1,3018.0,1534,15.109344,0.0512778772586684,False,True,False,True,False,True
GCAATCTAGTGAAGTG-1,4056.0,1944,16.888561,0.02986886838271,False,True,False,True,False,True
GCAATGTTCTGTTGCC-1,7551.0,3052,13.878957,0.2919020715630885,True,True,True,True,True,False
GCACATTAGCGCATTG-1,6122.0,2594,15.779157,0.0320231068692703,False,True,False,True,False,True
GCACCTAAGAATCGCT-1,4038.0,1941,6.4388313,0.2585915492957747,True,True,True,True,True,False
GCACGGTTCATGAGCT-1,390.0,133,61.28205,0.0819089900110987,False,False,False,True,False,True
GCACTAAGTAATGACT-1,2005.0,979,18.902742,0.0580168776371308,False,True,False,True,False,True
GCACTAAGTTGAGGTC-1,5918.0,2564,16.27239,0.0204292199752373,False,True,False,True,False,True
GCACTTACATAAAGCA-1,2653.0,1371,15.454203,0.0080926689939701,False,True,False,True,False,True
GCAGCAACAAGCGATG-1,6727.0,2995,9.513899,0.311584553928096,True,True,True,True,True,False
GCAGCTATCCTCGATC-1,278.0,179,10.791367,0.0194450070893255,False,False,True,True,False,True
GCAGGAAGTGCATTAG-1,4819.0,2205,15.708653,0.0753453327752197,False,True,False,True,False,True
GCAGGACCACTAAATC-1,8709.0,3338,10.05856,0.2919020715630885,True,True,True,True,True,False
GCAGGACCAGGAACCA-1,15541.0,4679,10.481951,0.2743467933491688,True,True,True,True,True,False
GCAGGACCATAGCTTG-1,10993.0,3797,12.034931,0.3338058114812188,True,True,True,True,True,False
GCAGGATAGTTTCCGC-1,7916.0,3084,9.487115,0.421792618629174,True,True,True,True,True,False
GCAGGCAAGCTAAGTC-1,4012.0,1765,18.84347,0.0351362021318594,False,True,False,True,False,True
GCAGGTGAGGACCTCA-1,2405.0,1172,24.199585,0.0368073345018201,False,True,False,True,False,True
GCAGGTGAGGTCGATT-1,4416.0,1996,17.957428,0.07332101047443,False,True,False,True,False,True
GCAGGTGAGGTGAGAC-1,4242.0,1944,17.774633,0.1109874826147426,False,True,False,True,False,True
GCAGGTTGTCCACAAA-1,8194.0,3458,14.864535,0.208976157082749,True,True,True,True,True,False
GCATGAAAGTCACTCC-1,3187.0,1649,15.029809,0.0058505850585058,False,True,False,True,False,True
GCATGAGCAGTAAAGC-1,4620.0,2289,7.380953,0.2314767501277466,True,True,True,True,True,False
GCATTAGGTGCTAGCG-1,3172.0,1556,9.709963,0.208976157082749,True,True,True,True,True,False
GCATTAGGTGGTTAGC-1,7987.0,3286,12.770753,0.2585915492957747,True,True,True,True,True,False
GCATTAGGTTTATCGC-1,11510.0,3953,9.730669,0.2919020715630885,True,True,True,True,True,False
GCATTGCCAGGCAAGC-1,4365.0,2042,16.471935,0.0077983458054352,False,True,False,True,False,True
GCATTGCCATCACAGC-1,5893.0,2671,16.103851,0.3881204231082177,True,True,False,True,False,False
GCCAATAGTCAAGTAT-1,10078.0,3788,9.376861,0.4613180515759315,True,True,True,True,True,False
GCCAATAGTGAGGTAG-1,2868.0,1594,6.903765,0.2743467933491688,True,True,True,True,True,False
GCCAATAGTTCCATTA-1,10830.0,3965,9.953832,0.311584553928096,True,True,True,True,True,False
GCCAATTAGGACCAGG-1,6284.0,2694,9.611712,0.3338058114812188,True,True,True,True,True,False
GCCACAATCCTTTACG-1,3495.0,1728,15.02146,0.0580168776371308,False,True,False,True,False,True
GCCACACAGGGATGCG-1,3853.0,1770,19.672983,0.0112878399179066,False,True,False,True,False,True
GCCACACAGTCATGCG-1,5858.0,2375,16.165928,0.0106096328730212,False,True,False,True,False,True
GCCAGGAAGGTGCGGA-1,4467.0,1985,17.886724,0.0659277660997515,False,True,False,True,False,True
GCCATGATCCAGGGAG-1,9287.0,3408,10.76774,0.208976157082749,True,True,True,True,True,False
GCCATTACAGAATGAC-1,5442.0,2333,15.582506,0.0774482611478557,False,True,False,True,False,True
GCCCGTTGTGTTGCTT-1,870.0,552,16.206896,0.0166986564299424,False,True,False,True,False,True
GCCGTGAGTACCGTAA-1,6017.0,2572,15.439588,0.0086942521333118,False,True,False,True,False,True
GCCGTGAGTGGTTAGC-1,6869.0,2851,13.262484,0.2919020715630885,True,True,True,True,True,False
GCCTATTGTCATGAGC-1,2072.0,1206,15.009652,0.1228175797712221,False,True,False,True,False,True
GCCTATTGTTGAGGTC-1,8433.0,3211,16.12712,0.0676779463243874,False,True,False,True,False,True
GCCTATTGTTGGATAT-1,2865.0,1532,6.0732985,0.2585915492957747,True,True,True,True,True,False
GCCTATTGTTTGAGGC-1,4384.0,1817,19.434305,0.0225128644939965,False,True,False,True,False,True
GCCTCAAAGCATGTCG-1,8527.0,3501,13.16993,0.3590909090909092,True,True,True,True,True,False
GCCTCGACAGGCATGA-1,7655.0,3035,12.658394,0.3590909090909092,True,True,True,True,True,False
GCCTGACAGATGGACA-1,3840.0,1814,14.401041,0.2743467933491688,True,True,True,True,True,False
GCCTGACAGCCTGAGC-1,4345.0,2051,16.777906,0.2197265624999999,True,True,False,True,False,False
GCCTGACAGCTAAAGG-1,9958.0,3490,11.920064,0.3590909090909092,True,True,True,True,True,False
GCCTGACAGGAACACA-1,1462.0,755,24.00821,0.0225128644939965,False,True,False,True,False,True
GCCTGACAGGATCACT-1,10623.0,3905,13.150711,0.421792618629174,True,True,True,True,True,False
GCCTGAGGTGGATTGC-1,2742.0,1425,7.439825,0.2585915492957747,True,True,True,True,True,False
GCCTGAGGTTATGTGG-1,6172.0,2599,8.992223,0.1991031390134529,True,True,True,True,True,False
GCCTGTGCAATGAAGC-1,452.0,325,15.929204,0.0241855328547763,False,True,False,True,False,True
GCCTGTGCACCTCAGG-1,9131.0,3474,5.97963,0.3338058114812188,True,True,True,True,True,False
GCCTTAGAGGACCTGC-1,5597.0,2595,8.522423,0.2585915492957747,True,True,True,True,True,False
GCCTTTGGTGTTAAAC-1,5037.0,2146,4.0103235,0.2314767501277466,True,True,True,True,True,False
GCGAAGTAGGACCTGC-1,1331.0,794,21.111946,0.006940160394818,False,True,False,True,False,True
GCGATATTCTCACTAT-1,10508.0,4015,10.087553,0.3338058114812188,True,True,True,True,True,False
GCGATTAGTTGGATAT-1,6416.0,2752,15.165212,0.0327743902439024,False,True,False,True,False,True
GCGATTTAGTATTGTG-1,1822.0,776,3.5675082,0.3881204231082177,True,True,True,True,True,False
GCGATTTAGTTAGACC-1,545.0,295,33.027523,0.1228175797712221,False,True,False,True,False,True
GCGCAATGTCACGAAC-1,2654.0,1537,10.28636,0.2314767501277466,True,True,True,True,True,False
GCGCAATGTTGCGGAT-1,2525.0,1281,15.089109,0.0320231068692703,False,True,False,True,False,True
GCGCTAGGTTGGGTTA-1,3073.0,1559,16.400911,0.0241855328547763,False,True,False,True,False,True
GCGCTTAAGGTGAGAC-1,5923.0,2763,8.441668,0.3338058114812188,True,True,True,True,True,False
GCGCTTAAGTTTGGGT-1,7027.0,2763,6.432332,0.2919020715630885,True,True,True,True,True,False
GCGCTTGCAACCGCCA-1,5838.0,2649,8.752998,0.2919020715630885,True,True,True,True,True,False
GCGCTTGCAGCAATAA-1,6864.0,2804,15.253496,0.0106096328730212,False,True,False,True,False,True
GCGCTTGCATGTCAGC-1,3285.0,1630,15.2207,0.0626038781163434,False,True,False,True,False,True
GCGGAACCAATATACC-1,9899.0,3705,9.788868,0.3881204231082177,True,True,True,True,True,False
GCGGAACCACTAGCGT-1,6760.0,3010,9.304733,0.2743467933491688,True,True,True,True,True,False
GCGGATACACCTCAGG-1,655.0,367,27.633587,0.0713709677419354,False,True,False,True,False,True
GCGGGTTTCCCGTTGT-1,4222.0,1857,18.640453,0.0842772995015858,False,True,False,True,False,True
GCGTAACGTCCTTCAG-1,4632.0,2191,17.681347,0.1147260273972602,False,True,False,True,False,True
GCGTGCTAGCATGTCG-1,10341.0,3755,9.912001,0.2443729903536976,True,True,True,True,True,False
GCGTTTCTCGTTAGCG-1,173.0,160,5.780347,0.0086942521333118,False,False,True,True,False,True
GCTAACCCAAGCCACT-1,10620.0,3942,7.7118645,0.311584553928096,True,True,True,True,True,False
GCTAAGAAGCTCAAAC-1,2700.0,1370,22.14815,0.0525446133509583,False,True,False,True,False,True
GCTAATATCGTAATCA-1,8951.0,3653,11.484751,0.2585915492957747,True,True,True,True,True,False
GCTAGCCAGTGAGGGT-1,732.0,467,21.857924,0.3881204231082177,True,True,False,True,False,False
GCTAGTGTCAATCTAG-1,6289.0,2546,17.013834,0.0189663823381836,False,True,False,True,False,True
GCTATCCTCCAGGTTG-1,9657.0,3709,6.1613336,0.2743467933491688,True,True,True,True,True,False
GCTCAACCAATAAGCA-1,6168.0,2797,12.240597,0.2919020715630885,True,True,True,True,True,False
GCTCAACCACAAACTT-1,8006.0,3301,12.328254,0.311584553928096,True,True,True,True,True,False
GCTCACAAGGAATAAC-1,8261.0,3422,10.301416,0.2197265624999999,True,True,True,True,True,False
GCTCACAAGTTATGTG-1,5978.0,2748,10.354633,0.2197265624999999,True,True,True,True,True,False
GCTCATTGTGCCGCAA-1,6362.0,2801,11.568689,0.2314767501277466,True,True,True,True,True,False
GCTCATTGTGCCTCAC-1,5029.0,2272,17.3792,0.0359616409163558,False,True,False,True,False,True
GCTCGATCAGCAATAA-1,6066.0,2744,9.198813,0.2743467933491688,True,True,True,True,True,False
GCTCGATCATCAGTAT-1,5064.0,2407,6.8522906,0.2585915492957747,True,True,True,True,True,False
GCTCGATCATCCCTCA-1,7479.0,3155,9.6403265,0.2197265624999999,True,True,True,True,True,False
GCTGACCAGCATTATG-1,4656.0,2040,17.525772,0.0320231068692703,False,True,False,True,False,True
GCTGACCAGCGTGCAC-1,9642.0,3605,10.205352,0.2197265624999999,True,True,True,True,True,False
GCTGAGGAGGTCCTGA-1,4584.0,2055,18.368237,0.2443729903536976,True,True,False,True,False,False
GCTGATCCAAAGGTAC-1,239.0,185,3.7656903,0.0920067616517749,False,False,True,True,False,True
GCTGCAATCATAACCA-1,7449.0,3081,11.6794195,0.3590909090909092,True,True,True,True,True,False
GCTGCAATCCGGAACC-1,4077.0,1894,7.3828793,0.1815920398009949,True,True,True,True,True,False
GCTGCAATCGCTAGTG-1,2962.0,1524,19.176233,0.0123456790123456,False,True,False,True,False,True
GCTGCACAGATGGAGC-1,7840.0,3279,11.683674,0.311584553928096,True,True,True,True,True,False
GCTGCACAGGCCAATT-1,8600.0,3194,15.5348835,0.0130794554675682,False,True,False,True,False,True
GCTGGATGTCAATGTG-1,3443.0,1741,15.887308,0.0500481231953801,False,True,False,True,False,True
GCTGTACCAATTAGGA-1,7386.0,3216,10.032494,0.2443729903536976,True,True,True,True,True,False
GCTGTACCAATTATGC-1,12064.0,4116,7.501658,0.2443729903536976,True,True,True,True,True,False
GCTGTGATCCCTGGAA-1,183.0,128,12.021858,0.0580168776371308,False,False,True,True,False,True
GCTGTGCAGGGCTTTG-1,5690.0,2596,8.840071,0.2743467933491688,True,True,True,True,True,False
GCTTAAATCGGCCATA-1,2511.0,1459,4.579849,0.1991031390134529,True,True,True,True,True,False
GCTTAACAGTGAGCGG-1,9068.0,3512,7.7745924,0.3881204231082177,True,True,True,True,True,False
GCTTAGTAGCGAAGTA-1,6355.0,2821,9.425649,0.311584553928096,True,True,True,True,True,False
GCTTATCGTGTTCCCA-1,4511.0,2340,10.59632,0.3338058114812188,True,True,True,True,True,False
GCTTATCGTTACCGGG-1,2723.0,1403,16.415718,0.0335432463693612,False,True,False,True,False,True
GCTTATCGTTTCAGGA-1,1130.0,639,16.19469,0.0594961586564231,False,True,False,True,False,True
GCTTCGCGTGGAGCAA-1,1676.0,985,15.930788,0.0642374154770849,False,True,False,True,False,True
GCTTGACCATTAAAGG-1,5386.0,2523,7.5937614,0.421792618629174,True,True,True,True,True,False
GCTTGTTGTTAGCATG-1,1505.0,913,17.475084,0.0753453327752197,False,True,False,True,False,True
GCTTTATTCGCTAGAT-1,4495.0,1894,4.4493885,0.2314767501277466,True,True,True,True,True,False
GCTTTCATCGGTTCCT-1,1943.0,1072,23.108595,0.107433532284319,False,True,False,True,False,True
GCTTTGTGTCCTTTAA-1,4965.0,2333,8.640483,0.2585915492957747,True,True,True,True,True,False
GCTTTGTGTGTAATAC-1,9115.0,3670,9.862864,0.3881204231082177,True,True,True,True,True,False
GGAAACTCAAGGGTTG-1,2516.0,1286,15.977742,0.0278528616758726,False,True,False,True,False,True
GGAAACTCACAGGATG-1,1710.0,1015,19.298244,0.0265792198826372,False,True,False,True,False,True
GGAAACTCAGCTAATT-1,2244.0,825,46.836006,0.041367423154266,False,True,False,True,False,True
GGAAACTCATCGCTTT-1,4843.0,2022,6.752013,0.2443729903536976,True,True,True,True,True,False
GGAACAATCGGTCAAT-1,6884.0,2915,11.2434635,0.3338058114812188,True,True,True,True,True,False
GGAACGGTCTGGCTTC-1,6719.0,2954,7.7690134,0.3881204231082177,True,True,True,True,True,False
GGAACGGTCTTAGCCC-1,13772.0,4405,7.936393,0.2919020715630885,True,True,True,True,True,False
GGAACTAAGTCTGGGC-1,5725.0,2735,5.048035,0.2743467933491688,True,True,True,True,True,False
GGACCTCAGACTTATG-1,2177.0,1017,30.68443,0.0189663823381836,False,True,False,True,False,True
GGACCTCAGGCACAGG-1,1061.0,516,31.479736,0.0150222551928783,False,True,False,True,False,True
GGACGGATCATGCTAA-1,1035.0,490,41.64251,0.0753453327752197,False,True,False,True,False,True
GGACGGATCCAATTAG-1,2614.0,1360,16.220352,0.0077983458054352,False,True,False,True,False,True
GGAGCAAGTGAGACTC-1,3133.0,1374,26.811365,0.0676779463243874,False,True,False,True,False,True
GGAGCAAGTGTGAGAG-1,2621.0,1307,24.380007,0.0335432463693612,False,True,False,True,False,True
GGAGCAAGTTTGGGCG-1,4331.0,1976,19.856846,0.0551959114139693,False,True,False,True,False,True
GGAGCATAGCCGCTTT-1,6877.0,2845,16.882362,0.0209353192375794,False,True,False,True,False,True
GGAGCATAGGTCCTGA-1,6021.0,2702,9.134695,0.421792618629174,True,True,True,True,True,False
GGAGCGATCCTAGTTT-1,6872.0,3009,7.8579745,0.208976157082749,True,True,True,True,True,False
GGAGCGATCCTTGCGT-1,3266.0,1531,16.932028,0.0610243370868143,False,True,False,True,False,True
GGAGGTTAGACACTTA-1,11376.0,4003,8.526723,0.2743467933491688,True,True,True,True,True,False
GGAGGTTAGGCCCAGT-1,1603.0,1011,17.155334,0.04235191384078,False,True,False,True,False,True
GGAGTCTGTCGTTATC-1,9348.0,3663,6.7287116,0.421792618629174,True,True,True,True,True,False
GGATAACCAGATTCAT-1,6582.0,2377,18.48982,0.0142257888017508,False,True,False,True,False,True
GGATATTGTGAACAAA-1,317.0,233,19.873817,0.0123456790123456,False,True,False,True,False,True
GGATGAATCGCGACAC-1,2199.0,1010,33.333336,0.0565841841148987,False,True,False,True,False,True
GGATGAATCTACTAAG-1,4724.0,2125,16.36325,0.0796344647519582,False,True,False,True,False,True
GGATGGCCACCTGTAA-1,6356.0,2764,16.425425,0.0580168776371308,False,True,False,True,False,True
GGATGTAAGGAACGCG-1,4873.0,2282,15.001026,0.1008273009307135,False,True,False,True,False,True
GGATTATGTGAACAAA-1,7833.0,3140,8.796119,0.311584553928096,True,True,True,True,True,False
GGATTATGTTGCTGGG-1,11353.0,3933,12.569365,0.311584553928096,True,True,True,True,True,False
GGATTTATCACTAATG-1,3129.0,1602,9.971237,0.1900043084877208,True,True,True,True,True,False
GGATTTATCTTCAATC-1,5014.0,2261,5.145592,0.208976157082749,True,True,True,True,True,False
GGCAAATCATCCAGGT-1,6651.0,2834,11.441889,0.2443729903536976,True,True,True,True,True,False
GGCAAGCCAACATAAG-1,3826.0,1838,16.544693,0.07332101047443,False,True,False,True,False,True
GGCAAGCCAGCCAGAA-1,2436.0,1296,15.270937,0.1665381649961449,False,True,False,True,False,True
GGCAAGCCATGAGTTT-1,6070.0,2533,18.023066,0.0454683237344649,False,True,False,True,False,True
GGCAGGATCATCCTAT-1,927.0,577,18.878101,0.0774482611478557,False,True,False,True,False,True
GGCAGGATCGTGCCTT-1,2700.0,1473,17.518518,0.0444012557930931,False,True,False,True,False,True
GGCAGGATCGTGCTTC-1,2482.0,1177,16.156326,0.0977519575650416,False,True,False,True,False,True
GGCATGGAGCAAGGTA-1,6011.0,2684,13.54184,0.4613180515759315,True,True,True,True,True,False
GGCATGGAGTTGGCCA-1,6353.0,2724,15.189674,0.1008273009307135,False,True,False,True,False,True
GGCATGGAGTTTGCGG-1,5470.0,2398,8.025594,0.311584553928096,True,True,True,True,True,False
GGCATTGTCCTCACAC-1,3450.0,1484,19.68116,0.019932536031892,False,True,False,True,False,True
GGCATTGTCTCACAAA-1,4467.0,2048,15.177971,0.0551959114139693,False,True,False,True,False,True
GGCCAACTCCCGTTTA-1,6282.0,2626,7.8478193,0.2197265624999999,True,True,True,True,True,False
GGCCAACTCCCTCACG-1,3342.0,1759,10.233394,0.2443729903536976,True,True,True,True,True,False
GGCCGTTAGTCTGGGC-1,124.0,98,10.4838705,0.0109461179465422,False,False,True,True,False,True
GGCCTAATCATCCTCA-1,5417.0,2344,15.875946,0.0106096328730212,False,True,False,True,False,True
GGCCTAATCTTAGGGT-1,7803.0,3044,17.339485,0.1272051996285979,False,True,False,True,False,True
GGCCTCTGTCCGGTTC-1,8155.0,3090,15.193133,0.0594961586564231,False,True,False,True,False,True
GGCCTTAAGTTGTCCC-1,10331.0,3869,9.021392,0.2443729903536976,True,True,True,True,True,False
GGCCTTCGTAACAGGG-1,2145.0,1114,22.331003,0.0774482611478557,False,True,False,True,False,True
GGCGGTAAGAGAAGGG-1,1970.0,970,30.964466,0.0500481231953801,False,True,False,True,False,True
GGCGTTATCTGTAATG-1,7037.0,2946,12.334802,0.311584553928096,True,True,True,True,True,False
GGCTAGTGTACGCGCA-1,379.0,160,48.548813,0.0376740376740376,False,False,False,True,False,True
GGCTATGTCCCTGGTT-1,11867.0,4135,9.758153,0.2585915492957747,True,True,True,True,True,False
GGCTCAATCCACAATA-1,2121.0,1142,16.50165,0.0893194706994328,False,True,False,True,False,True
GGCTCACAGTAACCCG-1,6811.0,2598,19.307003,0.009313725490196,False,True,False,True,False,True
GGCTGAGAGGATAAAC-1,4180.0,2014,7.5598083,0.1991031390134529,True,True,True,True,True,False
GGCTGGTTCCAGGAAA-1,9421.0,3401,14.2341585,0.2919020715630885,True,True,True,True,True,False
GGCTTAAGTGTTGCTT-1,3643.0,1788,16.167994,0.0819089900110987,False,True,False,True,False,True
GGGAATATCAAACCTA-1,5760.0,2625,10.052083,0.2314767501277466,True,True,True,True,True,False
GGGATAATCCAAGTTA-1,5772.0,2695,11.815662,0.2919020715630885,True,True,True,True,True,False
GGGATTAAGCCTCTGT-1,10226.0,3690,7.7840796,0.2314767501277466,True,True,True,True,True,False
GGGCATTGTGCAATAT-1,7657.0,3185,11.192373,0.421792618629174,True,True,True,True,True,False
GGGCATTGTTTCAGGA-1,2658.0,1390,15.387509,0.0444012557930931,False,True,False,True,False,True
GGGCTAACACTAGCGT-1,208.0,153,6.7307696,0.0166986564299424,False,False,True,True,False,True
GGGTATTTCGGCCATA-1,4273.0,2013,8.98666,0.2443729903536976,True,True,True,True,True,False
GGGTCAACAACTAGAA-1,9522.0,3575,12.329342,0.2919020715630885,True,True,True,True,True,False
GGGTCACTCCTAAATG-1,2362.0,1264,15.664691,0.0134553283100107,False,True,False,True,False,True
GGGTGAAGTCGCAAAC-1,7583.0,3217,11.354345,0.3338058114812188,True,True,True,True,True,False
GGGTGAAGTGTGAGGA-1,6323.0,2642,18.013601,0.0259621953996811,False,True,False,True,False,True
GGGTGAAGTGTTGTGA-1,8825.0,3460,11.580736,0.3881204231082177,True,True,True,True,True,False
GGGTGAAGTTAGGCTA-1,2957.0,1586,5.951978,0.2919020715630885,True,True,True,True,True,False
GGGTGAAGTTCGCTCA-1,4085.0,1932,17.086905,0.0565841841148987,False,True,False,True,False,True
GGGTGTTGTTAATCGG-1,606.0,228,46.039604,0.0214511041009463,False,True,False,True,False,True
GGGTTATTCACAGCGC-1,7393.0,3046,8.413364,0.311584553928096,True,True,True,True,True,False
GGGTTATTCGGTACGC-1,20211.0,5523,12.562466,0.3881204231082177,True,True,True,True,True,False
GGGTTATTCGTGCCTT-1,6916.0,2968,17.799305,0.3881204231082177,True,True,False,True,False,False
GGGTTTCCAAGACTCC-1,6208.0,2767,8.778995,0.2919020715630885,True,True,True,True,True,False
GGGTTTCCAGCTTAAT-1,199.0,150,11.055277,0.0166986564299424,False,False,True,True,False,True
GGTAACCGTTAGGTTG-1,5404.0,2337,20.68838,0.0278528616758726,False,True,False,True,False,True
GGTAAGGGTCACAAAT-1,7263.0,2910,9.748038,0.3590909090909092,True,True,True,True,True,False
GGTAAGGGTCACACCC-1,1995.0,1121,18.947369,0.0610243370868143,False,True,False,True,False,True
GGTAATTGTAACGTGC-1,8601.0,3312,11.196373,0.3881204231082177,True,True,True,True,True,False
GGTACAAAGTTATCTC-1,3449.0,1611,8.930124,0.1815920398009949,True,True,True,True,True,False
GGTACCGGTACGGTAC-1,9278.0,3648,9.894374,0.2743467933491688,True,True,True,True,True,False
GGTACCGGTGGGTACT-1,9491.0,3615,15.267095,0.2197265624999999,True,True,False,True,False,False
GGTACTTAGACAAGTG-1,16387.0,4952,10.618173,0.208976157082749,True,True,True,True,True,False
GGTACTTAGTTAACCA-1,5051.0,2212,16.788755,0.0394736842105263,False,True,False,True,False,True
GGTAGGAGTTAGCTGA-1,6571.0,2643,15.568407,0.006940160394818,False,True,False,True,False,True
GGTATGTTCCTCATGC-1,3130.0,1417,26.325878,0.0343302990897269,False,True,False,True,False,True
GGTATTTCAGGCCATT-1,4801.0,2076,15.434284,0.0525446133509583,False,True,False,True,False,True
GGTATTTCAGTCTATG-1,5240.0,2275,15.419847,0.0305709023941068,False,True,False,True,False,True
GGTCAAGCAAGTGAAC-1,935.0,518,18.609625,0.0259621953996811,False,True,False,True,False,True
GGTCAATTCAAAGGCA-1,1309.0,732,20.550037,0.0154306555690638,False,True,False,True,False,True
GGTCATTAGACAAGTG-1,9310.0,3544,11.503759,0.3590909090909092,True,True,True,True,True,False
GGTCCATCAATAATCC-1,14337.0,4848,8.969799,0.3881204231082177,True,True,True,True,True,False
GGTCCATCATAGCAGG-1,7220.0,3097,9.847646,0.3881204231082177,True,True,True,True,True,False
GGTCCGTAGAACCTGT-1,6654.0,2748,15.960325,0.04235191384078,False,True,False,True,False,True
GGTCCGTAGCGAGTAA-1,3225.0,1383,19.379845,0.02986886838271,False,True,False,True,False,True
GGTCCTGCACCTAATG-1,8312.0,3212,11.092397,0.3338058114812188,True,True,True,True,True,False
GGTCTTGAGACACTTA-1,917.0,575,20.719738,0.0465652374366067,False,True,False,True,False,True
GGTGAGCCAGGGAGCT-1,3365.0,1693,15.39376,0.0327743902439024,False,True,False,True,False,True
GGTGAGCCATACCCGG-1,3036.0,1572,15.94203,0.0551959114139693,False,True,False,True,False,True
GGTGAGTAGCAAGATG-1,5085.0,2338,14.355948,0.2197265624999999,True,True,True,True,True,False
GGTGAGTAGCGGCTGT-1,2147.0,1145,20.586864,0.04235191384078,False,True,False,True,False,True
GGTGAGTAGGCGTAAA-1,4144.0,2011,17.374517,0.2919020715630885,True,True,False,True,False,False
GGTGAGTAGTCAGTAC-1,4088.0,1896,17.147749,0.0150222551928783,False,True,False,True,False,True
GGTGAGTAGTCCTGAG-1,7843.0,3086,15.8995285,0.0977519575650416,False,True,False,True,False,True
GGTGATTTCAGCATTA-1,8551.0,3107,18.418898,0.0209353192375794,False,True,False,True,False,True
GGTGATTTCCGGTATG-1,14599.0,4721,8.527982,0.2743467933491688,True,True,True,True,True,False
GGTGATTTCGAAGCGG-1,2083.0,1167,15.602496,0.0138373880799493,False,True,False,True,False,True
GGTGCTGGTGGATTAT-1,5488.0,2594,7.2886295,0.421792618629174,True,True,True,True,True,False
GGTGCTTCATAAACCT-1,7179.0,3024,10.293913,0.2585915492957747,True,True,True,True,True,False
GGTGCTTCATTATGAC-1,7924.0,3130,12.405351,0.2743467933491688,True,True,True,True,True,False
GGTGTCCAGCCAGTAT-1,6144.0,2722,9.147135,0.3590909090909092,True,True,True,True,True,False
GGTGTCCAGCGTGCGT-1,1143.0,732,15.6605425,0.0150222551928783,False,True,False,True,False,True
GGTGTCCAGGAACCGG-1,3321.0,1622,15.718158,0.0130794554675682,False,True,False,True,False,True
GGTGTGACAGCCTAAC-1,6084.0,2607,15.2859955,0.0214511041009463,False,True,False,True,False,True
GGTTAATGTAAGCTCA-1,3465.0,1626,16.536797,0.1008273009307135,False,True,False,True,False,True
GGTTAATGTTCACCCA-1,7936.0,3303,9.866431,0.2743467933491688,True,True,True,True,True,False
GGTTATATCCACCTGT-1,8880.0,3402,10.461712,0.2919020715630885,True,True,True,True,True,False
GGTTATATCGCAACAT-1,5350.0,2408,15.308412,0.0343302990897269,False,True,False,True,False,True
GGTTATGGTTAGCCAA-1,3797.0,1816,15.090862,0.0320231068692703,False,True,False,True,False,True
GGTTCCCGTCAGGCAT-1,11084.0,4000,10.149766,0.2443729903536976,True,True,True,True,True,False
GGTTCCCGTTCACCAT-1,3876.0,1760,16.20227,0.0610243370868143,False,True,False,True,False,True
GGTTGCATCCTGGCTT-1,1577.0,828,27.14014,0.0343302990897269,False,True,False,True,False,True
GGTTGCATCGCGCTAA-1,4209.0,1939,15.965788,0.0204292199752373,False,True,False,True,False,True
GGTTGCATCGTTTCTG-1,882.0,454,24.14966,0.0204292199752373,False,True,False,True,False,True
GGTTGCGGTGCGCAAT-1,6904.0,2900,16.671495,0.0580168776371308,False,True,False,True,False,True
GGTTGCGGTTAGCATG-1,1614.0,886,15.799257,0.0278528616758726,False,True,False,True,False,True
GGTTGCGGTTCACCAT-1,8597.0,3127,15.261137,0.0278528616758726,False,True,False,True,False,True
GGTTGCGGTTTGCAGA-1,5597.0,2468,15.133106,0.0512778772586684,False,True,False,True,False,True
GGTTGCTCAACTAACT-1,2009.0,1101,15.380786,0.0175815588982223,False,True,False,True,False,True
GGTTGCTCACTTCATC-1,314.0,170,32.484074,0.0359616409163558,False,False,False,True,False,True
GGTTGGTGTTGTAACG-1,4884.0,2256,13.677314,0.2443729903536976,True,True,True,True,True,False
GGTTTAATCATGCGTG-1,2240.0,1252,13.660714,0.2314767501277466,True,True,True,True,True,False
GGTTTCTGTAGGTTGC-1,4827.0,2155,17.588564,0.0236168816969166,False,True,False,True,False,True
GGTTTCTGTGAGACTC-1,5739.0,2329,6.2728696,0.2743467933491688,True,True,True,True,True,False
GGTTTGTAGGTCCTAG-1,2578.0,972,17.765709,0.016268670916183,False,True,False,True,False,True
GGTTTGTAGTGGCGGA-1,6453.0,2737,18.93693,0.311584553928096,True,True,False,True,False,False
GGTTTGTAGTTATGGC-1,8676.0,3569,8.114339,0.2743467933491688,True,True,True,True,True,False
GTAAGCGCAAGTGTTT-1,4553.0,2032,15.681969,0.0150222551928783,False,True,False,True,False,True
GTAAGCGCACCTATAG-1,2729.0,1407,17.662148,0.0376740376740376,False,True,False,True,False,True
GTAAGCGCAGGACACA-1,3361.0,1803,15.620351,0.0123456790123456,False,True,False,True,False,True
GTAAGCTTCACCATTT-1,10110.0,3691,10.336301,0.2443729903536976,True,True,True,True,True,False
GTAAGGTCAGGCAAGC-1,5202.0,2251,13.417916,0.208976157082749,True,True,True,True,True,False
GTAAGGTCATCGCTTT-1,11544.0,4014,10.507623,0.2585915492957747,True,True,True,True,True,False
GTAATAGCAGCTTAGC-1,3160.0,1588,19.20886,0.0259621953996811,False,True,False,True,False,True
GTAATAGCAGGATGGC-1,4134.0,1730,21.456217,0.0394736842105263,False,True,False,True,False,True
GTAATAGCAGGTTATT-1,5595.0,2394,15.853441,0.07332101047443,False,True,False,True,False,True
GTACCGGGTCGTTATC-1,8732.0,3353,9.883188,0.2314767501277466,True,True,True,True,True,False
GTACGTAGTTAGTGAT-1,1237.0,700,24.97979,0.2919020715630885,True,True,False,True,False,False
GTACTAATCAGGATGA-1,3086.0,1557,15.845755,0.0063878326996197,False,True,False,True,False,True
GTACTAGGTGGTGAGA-1,2965.0,1439,23.17032,0.0538500251635631,False,True,False,True,False,True
GTACTGGTCTAGCTAA-1,3301.0,1674,15.480158,0.0253578271159697,False,True,False,True,False,True
GTAGCCATCTTTAAGG-1,5348.0,2280,15.6881075,0.0154306555690638,False,True,False,True,False,True
GTAGCGCTCAAATCGC-1,583.0,207,50.25729,0.0253578271159697,False,True,False,True,False,True
GTAGCGCTCGAAGTGA-1,4990.0,2520,7.47495,0.2919020715630885,True,True,True,True,True,False
GTAGCGCTCGCTAGAT-1,3321.0,1616,15.085818,0.016268670916183,False,True,False,True,False,True
GTAGCGCTCGTTAACA-1,6792.0,2788,15.547703,0.0376740376740376,False,True,False,True,False,True
GTAGGAGGTGGAAGGC-1,3469.0,1643,15.105218,0.0404083368779242,False,True,False,True,False,True
GTAGGATCACTAGGTC-1,7177.0,2919,16.037342,0.0214511041009463,False,True,False,True,False,True
GTAGTTATCAATAGCC-1,3001.0,1539,15.894702,0.0055874245697683,False,True,False,True,False,True
GTAGTTATCTGCAAAC-1,9549.0,3612,13.373128,0.2314767501277466,True,True,True,True,True,False
GTAGTTTCAAACTCAT-1,10321.0,3845,12.547234,0.2919020715630885,True,True,True,True,True,False
GTAGTTTCAGTTTGGC-1,1637.0,747,21.380573,0.0194450070893255,False,True,False,True,False,True
GTAGTTTCATAGGCGA-1,5320.0,2487,7.1240606,0.2585915492957747,True,True,True,True,True,False
GTATTGCAGCACTAGT-1,3046.0,1589,8.8969145,0.1991031390134529,True,True,True,True,True,False
GTATTGTCAGGCTTCG-1,551.0,162,62.068962,0.0214511041009463,False,False,False,True,False,True
GTCAAACTCCCTCAAC-1,9360.0,3485,18.995726,0.311584553928096,True,True,False,True,False,False
GTCAATATCACAGACT-1,6464.0,2617,15.006187,0.011987491313412,False,True,False,True,False,True
GTCAGGCTCCGCCTAT-1,9511.0,3600,9.147303,0.311584553928096,True,True,True,True,True,False
GTCAGGCTCCGTGACA-1,9863.0,3708,7.786678,0.3338058114812188,True,True,True,True,True,False
GTCATCACAACTAGGG-1,10815.0,3977,10.6611185,0.421792618629174,True,True,True,True,True,False
GTCATCACAAGACTCC-1,3601.0,1715,10.858095,0.3881204231082177,True,True,True,True,True,False
GTCATCCTCGATCAGT-1,3664.0,1656,18.040394,0.0236168816969166,False,True,False,True,False,True
GTCATGAGTAAGCTCA-1,4134.0,1952,15.408805,0.0253578271159697,False,True,False,True,False,True
GTCATGAGTGCGCGTA-1,2579.0,1265,27.142303,0.0659277660997515,False,True,False,True,False,True
GTCATGAGTGTTGTGA-1,3777.0,1808,16.944664,0.0580168776371308,False,True,False,True,False,True
GTCATGCCACTAGCGT-1,6495.0,2818,10.669746,0.311584553928096,True,True,True,True,True,False
GTCATTAAGCGCCTAA-1,3678.0,1731,17.754213,0.0184964200477326,False,True,False,True,False,True
GTCATTAAGTAAGTGG-1,6788.0,2789,9.192694,0.2314767501277466,True,True,True,True,True,False
GTCCAAGTCAAGTGAG-1,4967.0,2260,16.146568,0.0253578271159697,False,True,False,True,False,True
GTCCATTGTAATCGCA-1,10175.0,3955,7.773956,0.2197265624999999,True,True,True,True,True,False
GTCCGTAAGCACAGGG-1,5917.0,2579,16.900455,0.0920067616517749,False,True,False,True,False,True
GTCCTCAGTATTGCAG-1,1839.0,1155,8.754758,0.1991031390134529,True,True,True,True,True,False
GTCGCAATCACTCAAA-1,1873.0,1073,17.992525,0.0642374154770849,False,True,False,True,False,True
GTCGCAATCATGCTAA-1,2921.0,1441,8.627182,0.1900043084877208,True,True,True,True,True,False
GTCGCAATCCCTCATA-1,8961.0,3383,10.657292,0.3881204231082177,True,True,True,True,True,False
GTCGCAATCTGTAAGC-1,5966.0,2653,16.34261,0.0204292199752373,False,True,False,True,False,True
GTCGCAATCTTGTTCG-1,13413.0,4486,7.0230374,0.2314767501277466,True,True,True,True,True,False
GTCTAACAGCGAGGTG-1,6040.0,2810,7.649007,0.3590909090909092,True,True,True,True,True,False
GTCTAATCACCCTCAC-1,5388.0,2288,15.905717,0.1008273009307135,False,True,False,True,False,True
GTCTAGCCACTGACTA-1,2777.0,1470,16.420599,0.0278528616758726,False,True,False,True,False,True
GTCTATCGTAAACAAG-1,135.0,107,6.666667,0.011987491313412,False,False,True,True,False,True
GTCTATCGTAAAGCGG-1,788.0,401,39.847717,0.0713709677419354,False,True,False,True,False,True
GTCTATCGTTGGATAT-1,16836.0,4992,9.954859,0.2919020715630885,True,True,True,True,True,False
GTCTCACTCCATTACT-1,12733.0,4378,7.955705,0.3338058114812188,True,True,True,True,True,False
GTCTTGCTCATGCGTG-1,2500.0,1368,16.52,0.0327743902439024,False,True,False,True,False,True
GTCTTGCTCTTTGACT-1,7405.0,2886,6.981769,0.1991031390134529,True,True,True,True,True,False
GTCTTTAGTCAATACG-1,5436.0,2303,17.696836,0.0320231068692703,False,True,False,True,False,True
GTCTTTAGTCCGCTGT-1,5104.0,2386,12.284483,0.2443729903536976,True,True,True,True,True,False
GTCTTTAGTTGCACGG-1,6133.0,2752,8.120007,0.421792618629174,True,True,True,True,True,False
GTCTTTGTCAGCTAAC-1,5130.0,2193,17.97271,0.0538500251635631,False,True,False,True,False,True
GTCTTTGTCCGTTAAA-1,393.0,127,59.79644,0.1109874826147426,False,False,False,True,False,True
GTGAACAAGTGAAGTG-1,7191.0,2837,17.035183,0.0394736842105263,False,True,False,True,False,True
GTGAACAAGTTATCCT-1,6803.0,2831,12.024107,0.2919020715630885,True,True,True,True,True,False
GTGAATCTCCGGTTAG-1,2010.0,1064,18.109453,0.0138373880799493,False,True,False,True,False,True
GTGAATCTCGCTAGAT-1,12153.0,4312,10.993171,0.3590909090909092,True,True,True,True,True,False
GTGATCAGTCCTCCAA-1,10588.0,3899,11.76804,0.2743467933491688,True,True,True,True,True,False
GTGATGAAGATTGAGG-1,6408.0,2844,9.144819,0.2743467933491688,True,True,True,True,True,False
GTGATGAAGTGTTGTA-1,4064.0,1898,17.691929,0.0551959114139693,False,True,False,True,False,True
GTGATGAAGTTAGTGC-1,1976.0,1112,16.24494,0.0259621953996811,False,True,False,True,False,True
GTGCAAGCAACTAACT-1,4608.0,2058,7.6822915,0.1815920398009949,True,True,True,True,True,False
GTGCACGGTTCACCAT-1,3898.0,1790,14.828117,0.1900043084877208,True,True,True,True,True,False
GTGCATTAGTTAGACC-1,16422.0,4940,8.025819,0.2919020715630885,True,True,True,True,True,False
GTGCATTAGTTAGCCG-1,2756.0,1487,7.656023,0.2197265624999999,True,True,True,True,True,False
GTGCCTTTCGCTCCAT-1,8497.0,3129,15.228905,0.0676779463243874,False,True,False,True,False,True
GTGCCTTTCTCCATAT-1,5844.0,2413,16.444216,0.0368073345018201,False,True,False,True,False,True
GTGCGCAGTACCCACC-1,2518.0,1071,36.060368,0.0694911898633933,False,True,False,True,False,True
GTGCGGTTCGCTAAGT-1,4964.0,2242,15.310234,0.0272093023255813,False,True,False,True,False,True
GTGCTCAAGAGGAAGG-1,2453.0,1274,16.551163,0.0083912730760009,False,True,False,True,False,True
GTGCTCAAGGCTAAGA-1,4270.0,2049,17.587822,0.1534582132564841,False,True,False,True,False,True
GTGCTGATCCCGCATT-1,4507.0,1866,11.315731,0.208976157082749,True,True,True,True,True,False
GTGGACACACCAACCG-1,6795.0,3038,5.916115,0.3338058114812188,True,True,True,True,True,False
GTGGATGCACCAGCAT-1,7848.0,3214,12.296126,0.3338058114812188,True,True,True,True,True,False
GTGGCTTCAAGGAATC-1,727.0,439,25.997248,0.0053278081989048,False,True,False,True,False,True
GTGGTTAGTCATAGAT-1,11601.0,4159,12.455823,0.1991031390134529,True,True,True,True,True,False
GTGTAACTCCACCCTG-1,1939.0,1088,15.936049,0.0063878326996197,False,True,False,True,False,True
GTGTAACTCGTTAAGC-1,3771.0,1795,12.755238,0.1815920398009949,True,True,True,True,True,False
GTGTCCAAGCCGGTAC-1,2651.0,1386,16.220293,0.0713709677419354,False,True,False,True,False,True
GTGTCCAAGTCATTGA-1,13066.0,4544,10.347466,0.2197265624999999,True,True,True,True,True,False
GTGTCCAAGTCATTTC-1,5073.0,2294,10.112359,0.3338058114812188,True,True,True,True,True,False
GTGTGCGGTAAAGCAA-1,5018.0,2287,16.978876,0.0189663823381836,False,True,False,True,False,True
GTGTGTTAGGCATGTT-1,6961.0,2833,13.518172,0.311584553928096,True,True,True,True,True,False
GTGTTACAGGACCGCT-1,3774.0,1753,18.865925,0.0219768552924938,False,True,False,True,False,True
GTGTTACAGTGTGATC-1,6560.0,2837,16.204268,0.2919020715630885,True,True,False,True,False,False
GTGTTCCTCAGTGAAG-1,8188.0,3555,9.855886,0.2314767501277466,True,True,True,True,True,False
GTTAAACGTTCGGTAA-1,2296.0,1358,5.792683,0.1900043084877208,True,True,True,True,True,False
GTTAACGGTTAGTACG-1,111.0,85,18.018017,0.0184964200477326,False,False,False,True,False,True
GTTAACGGTTTATCGC-1,3162.0,1513,16.57179,0.0180348871587661,False,True,False,True,False,True
GTTAAGCTCTTACTCG-1,7244.0,3035,15.0607395,0.041367423154266,False,True,False,True,False,True
GTTAAGTGTATTGGTG-1,5315.0,2358,15.841956,0.0335432463693612,False,True,False,True,False,True
GTTAAGTGTGGAGCAA-1,3553.0,1785,15.113989,0.0312888005959771,False,True,False,True,False,True
GTTAATGTCCTAGTTT-1,7688.0,2892,7.5312176,0.3338058114812188,True,True,True,True,True,False
GTTACAGGTAGTTAAC-1,10538.0,3537,8.085026,0.2919020715630885,True,True,True,True,True,False
GTTACAGGTTTGGGCG-1,4996.0,2353,13.110489,0.311584553928096,True,True,True,True,True,False
GTTACGCCAAGTAAGC-1,10330.0,3927,8.189738,0.3590909090909092,True,True,True,True,True,False
GTTACGCCACCGGCTA-1,2954.0,1479,15.267435,0.0343302990897269,False,True,False,True,False,True
GTTACGCCACTGGCCA-1,8518.0,3437,16.506222,0.5653179190751447,True,True,False,True,False,False
GTTACGTAGCTGGAAA-1,2246.0,1178,15.805878,0.0106096328730212,False,True,False,True,False,True
GTTACTCGTCAAAGGG-1,4480.0,2133,15.044643,0.0610243370868143,False,True,False,True,False,True
GTTACTCGTGATTTGG-1,3756.0,1673,2.662407,0.1815920398009949,True,True,True,True,True,False
GTTACTCGTTAGGTTG-1,5652.0,2365,16.825903,0.0146206896551724,False,True,False,True,False,True
GTTAGGCGTCCTCCAA-1,2679.0,1340,15.229564,0.0312888005959771,False,True,False,True,False,True
GTTAGGCGTTAAGCCA-1,9092.0,3531,9.128904,0.421792618629174,True,True,True,True,True,False
GTTCACCTCTGGCTTC-1,10726.0,3985,7.756852,0.3590909090909092,True,True,True,True,True,False
GTTCATTTCAAACTCA-1,5299.0,2389,11.605963,0.1815920398009949,True,True,True,True,True,False
GTTCATTTCAATCATG-1,9472.0,3413,8.456504,0.208976157082749,True,True,True,True,True,False
GTTCATTTCGCCTGTT-1,1849.0,1075,16.27907,0.0626038781163434,False,True,False,True,False,True
GTTCCCAGTAGCCATA-1,6411.0,2612,16.549679,0.0175815588982223,False,True,False,True,False,True
GTTCCCAGTGTCCAGG-1,7240.0,2852,9.005525,0.2585915492957747,True,True,True,True,True,False
GTTCCTTCACCAACCG-1,21343.0,5720,2.272408,0.1815920398009949,True,True,True,True,True,False
GTTCGCTTCAGCACCA-1,9803.0,3536,8.528002,0.3881204231082177,True,True,True,True,True,False
GTTCTCATCCATAAGC-1,3537.0,1710,15.238903,0.0106096328730212,False,True,False,True,False,True
GTTCTCATCTATGACA-1,14490.0,4682,11.62871,0.421792618629174,True,True,True,True,True,False
GTTCTCATCTGTAAGC-1,2512.0,1256,19.86465,0.0327743902439024,False,True,False,True,False,True
GTTGCATAGCTCGCTT-1,8076.0,3230,10.35166,0.3338058114812188,True,True,True,True,True,False
GTTGCATAGGAACGGT-1,5615.0,2478,16.687445,0.0626038781163434,False,True,False,True,False,True
GTTGCCCGTAAACAAG-1,4167.0,2018,18.886488,0.0642374154770849,False,True,False,True,False,True
GTTGCCCGTGATTACG-1,627.0,275,37.480064,0.0444012557930931,False,True,False,True,False,True
GTTGCCCGTGTGCAAC-1,3280.0,1613,16.036585,0.0066620721341603,False,True,False,True,False,True
GTTGGAGCAAGGTCCT-1,4201.0,1978,18.757439,0.0565841841148987,False,True,False,True,False,True
GTTGGCCAGGTGTTAC-1,5696.0,2389,15.063202,0.0538500251635631,False,True,False,True,False,True
GTTGGCGGTGGATGTC-1,5203.0,2307,15.414185,0.0312888005959771,False,True,False,True,False,True
GTTGGCGGTTTGGTTC-1,957.0,574,20.376175,0.0175815588982223,False,True,False,True,False,True
GTTGTGAGTAAGGTCC-1,2331.0,1271,18.833118,0.0359616409163558,False,True,False,True,False,True
GTTGTGAGTAATCGTG-1,3845.0,1831,17.243172,0.0642374154770849,False,True,False,True,False,True
GTTGTGAGTAGCTGCG-1,2458.0,1362,21.358828,0.0977519575650416,False,True,False,True,False,True
GTTTAACCAATCGCAC-1,5714.0,2334,16.0133,0.0626038781163434,False,True,False,True,False,True
GTTTAACCATAAGCAA-1,1817.0,1000,23.44524,0.0327743902439024,False,True,False,True,False,True
GTTTAACCATAATCCG-1,11940.0,4071,13.031825,0.2919020715630885,True,True,True,True,True,False
GTTTACCGTTGAGGTC-1,5661.0,2287,18.053347,0.0676779463243874,False,True,False,True,False,True
GTTTAGCAGGGATGCG-1,6893.0,2762,15.987234,0.02986886838271,False,True,False,True,False,True
GTTTATCTCCGCTAGA-1,6388.0,2864,8.155917,0.311584553928096,True,True,True,True,True,False
GTTTCCTCAATTGACT-1,11048.0,4019,10.010861,0.421792618629174,True,True,True,True,True,False
GTTTCTAGTAGCCTAA-1,2304.0,1141,22.65625,0.0842772995015858,False,True,False,True,False,True
GTTTCTAGTGCCTCAC-1,10894.0,3793,9.711768,0.2919020715630885,True,True,True,True,True,False
GTTTCTAGTGTGAGAG-1,3085.0,1545,15.494328,0.0180348871587661,False,True,False,True,False,True
GTTTCTAGTTGAAGCC-1,2275.0,1227,15.032967,0.0058505850585058,False,True,False,True,False,True
GTTTGCTGTGGATGTC-1,1851.0,1035,18.800648,0.0241855328547763,False,True,False,True,False,True
GTTTGCTGTTTGGGCG-1,792.0,465,18.939394,0.0184964200477326,False,True,False,True,False,True
GTTTGTAAGAGGCTAA-1,5917.0,2483,15.565321,0.0327743902439024,False,True,False,True,False,True
GTTTGTAAGATGGAGC-1,4326.0,2027,16.920944,0.0385625431928127,False,True,False,True,False,True
GTTTGTAAGGAGGCAT-1,7874.0,3163,11.341123,0.421792618629174,True,True,True,True,True,False
GTTTGTAAGGATTGAG-1,6083.0,2746,6.444189,0.1900043084877208,True,True,True,True,True,False
GTTTGTAAGGCCTGGT-1,8880.0,3619,9.921171,0.3881204231082177,True,True,True,True,True,False
GTTTGTAAGTGAGCAA-1,1567.0,851,16.719847,0.0285103349964362,False,True,False,True,False,True
GTTTGTCGTATGGTGC-1,8663.0,3421,9.269306,0.3590909090909092,True,True,True,True,True,False
GTTTGTCGTCTAGCTT-1,4659.0,2110,17.965229,0.019932536031892,False,True,False,True,False,True
GTTTGTTTCCACCCTG-1,2697.0,1481,9.269559,0.2197265624999999,True,True,True,True,True,False
TAACAAGCAACAGCCT-1,2210.0,1237,20.769232,0.0166986564299424,False,True,False,True,False,True
TAACCGGTCTAACTGA-1,7792.0,3095,10.112936,0.2197265624999999,True,True,True,True,True,False
TAACCTAAGAGGAGTC-1,6526.0,2847,11.186026,0.3881204231082177,True,True,True,True,True,False
TAAGCTATCACTAATG-1,6800.0,2946,8.838236,0.2919020715630885,True,True,True,True,True,False
TAAGCTATCCTAAGAC-1,106.0,92,4.7169814,0.0116349220029302,False,False,True,True,False,True
TAAGCTATCTCGCCCA-1,2771.0,1378,15.806568,0.0253578271159697,False,True,False,True,False,True
TAAGCTGGTTGTTGTC-1,4739.0,2266,16.416965,0.0214511041009463,False,True,False,True,False,True
TAAGGACCACCTCACC-1,2866.0,1679,4.640614,0.1900043084877208,True,True,True,True,True,False
TAAGGACCACTGACCG-1,6836.0,2896,12.302516,0.3338058114812188,True,True,True,True,True,False
TAAGGACCAGCTAACC-1,12798.0,4285,11.111112,0.3590909090909092,True,True,True,True,True,False
TAAGTAGCACGTGCTG-1,4503.0,2056,21.829891,0.2197265624999999,True,True,False,True,False,False
TAAGTAGCATGACTAT-1,3753.0,1728,10.844658,0.2443729903536976,True,True,True,True,True,False
TAAGTGCTCACTTTAC-1,1170.0,681,24.358974,0.0320231068692703,False,True,False,True,False,True
TAATCACCAAAGGCCA-1,1098.0,673,18.579235,0.04235191384078,False,True,False,True,False,True
TAATCCGCAAGACTCC-1,11589.0,4116,8.56847,0.5653179190751447,True,True,True,True,True,False
TAATGCATCTATTGTC-1,150.0,124,12.666666,0.0099518991540885,False,False,True,True,False,True
TAATGGTGTGACATAT-1,1121.0,614,25.780552,0.0500481231953801,False,True,False,True,False,True
TAATGGTGTTAAGTGT-1,6381.0,2672,16.063313,0.0610243370868143,False,True,False,True,False,True
TAATGGTGTTTGGTTC-1,1677.0,918,20.512821,0.3338058114812188,True,True,False,True,False,False
TAATTGCCAGGCGAGT-1,1390.0,687,17.338129,0.0219768552924938,False,True,False,True,False,True
TACAAGCTCGCTATAA-1,5550.0,2485,16.018019,0.0272093023255813,False,True,False,True,False,True
TACAAGCTCTGTGAGT-1,12710.0,4112,9.488591,0.4613180515759315,True,True,True,True,True,False
TACAATGTCAAACTCA-1,11730.0,4174,7.817562,0.311584553928096,True,True,True,True,True,False
TACAATGTCGCAATCG-1,5830.0,2696,7.186964,0.2585915492957747,True,True,True,True,True,False
TACAATGTCTTGTTCG-1,6106.0,2696,8.565346,0.2443729903536976,True,True,True,True,True,False
TACAGCTAGGCATTGT-1,6006.0,2421,18.431568,0.0594961586564231,False,True,False,True,False,True
TACAGGTTCCAGGAAA-1,2776.0,1406,15.706052,0.0500481231953801,False,True,False,True,False,True
TACCAAATCTTACTCG-1,6829.0,2909,7.907453,0.3590909090909092,True,True,True,True,True,False
TACCGAAGTACCTTAC-1,3001.0,1378,28.257248,0.0659277660997515,False,True,False,True,False,True
TACCGCAAGGTGAAGC-1,5067.0,2194,17.426485,0.1040508339952342,False,True,False,True,False,True
TACCGCAAGTGAGAGC-1,1051.0,555,37.107513,0.0285103349964362,False,True,False,True,False,True
TACCGTTGTAACGAGG-1,2814.0,1367,12.224591,0.2197265624999999,True,True,True,True,True,False
TACCTCATCAGCACCA-1,12383.0,4048,6.8642497,0.2919020715630885,True,True,True,True,True,False
TACCTTAGTTCAAGAT-1,4855.0,2183,16.354273,0.0694911898633933,False,True,False,True,False,True
TACGCTTGTCATGAGC-1,5918.0,2421,10.037175,0.2314767501277466,True,True,True,True,True,False
TACGCTTGTCTAGCTT-1,11750.0,4184,8.782978,0.3590909090909092,True,True,True,True,True,False
TACGCTTGTGAGCGAA-1,6128.0,2574,17.575066,0.0189663823381836,False,True,False,True,False,True
TACGCTTGTGGCTTCC-1,6638.0,2814,9.23471,0.2919020715630885,True,True,True,True,True,False
TACGCTTGTTGGTTCT-1,9928.0,3643,7.6248994,0.3881204231082177,True,True,True,True,True,False
TACGGATTCCTGAGTG-1,3487.0,1718,9.693146,0.208976157082749,True,True,True,True,True,False
TACGGATTCTCACATT-1,2587.0,1177,19.366062,0.0175815588982223,False,True,False,True,False,True
TACGTACAGAAAGGAA-1,9033.0,3517,9.620281,0.2743467933491688,True,True,True,True,True,False
TACGTACAGGCATGTT-1,192.0,134,14.583333,0.0112878399179066,False,False,True,True,False,True
TACTGACAGGCTGTCA-1,5311.0,2297,15.044249,0.0278528616758726,False,True,False,True,False,True
TACTGACAGTAAGTCC-1,5859.0,2628,16.129032,0.043362831858407,False,True,False,True,False,True
TACTGAGGTGAGACTC-1,3758.0,1773,18.041512,0.0694911898633933,False,True,False,True,False,True
TACTGAGGTTACTAGG-1,1327.0,785,18.38734,0.0236168816969166,False,True,False,True,False,True
TACTGCACATCTTGAG-1,11619.0,3850,8.976676,0.3338058114812188,True,True,True,True,True,False
TACTGGCCATCGCTTT-1,6898.0,2895,6.219194,0.311584553928096,True,True,True,True,True,False
TACTTCGTCCCTCGCA-1,5835.0,2419,15.886889,0.0525446133509583,False,True,False,True,False,True
TACTTCGTCCTCAGTC-1,4205.0,1965,8.894174,0.2443729903536976,True,True,True,True,True,False
TACTTCGTCTAATTGG-1,7764.0,3174,10.162287,0.2443729903536976,True,True,True,True,True,False
TAGAGCCGTAACGTGC-1,10721.0,3964,9.737898,0.2743467933491688,True,True,True,True,True,False
TAGAGCCGTCGCAATA-1,7326.0,3161,8.176358,0.3590909090909092,True,True,True,True,True,False
TAGAGCCGTCTTGCAT-1,852.0,540,17.018778,0.0134553283100107,False,True,False,True,False,True
TAGCAGGCATCGCTTT-1,3230.0,1593,15.108358,0.0359616409163558,False,True,False,True,False,True
TAGCCGGGTGTTAGCA-1,7876.0,3238,11.439817,0.3338058114812188,True,True,True,True,True,False
TAGCCGGGTTTAGCGA-1,5774.0,2509,11.62106,0.2197265624999999,True,True,True,True,True,False
TAGCCGGGTTTGGCGG-1,2151.0,1238,7.345421,0.1900043084877208,True,True,True,True,True,False
TAGCCTTGTAGGATTT-1,1898.0,1007,23.603794,0.0154306555690638,False,True,False,True,False,True
TAGCCTTGTCGACTCC-1,12309.0,4005,8.928427,0.2919020715630885,True,True,True,True,True,False
TAGCGCGGTAGGTTGC-1,8123.0,3222,12.790841,0.2314767501277466,True,True,True,True,True,False
TAGCGCGGTTACAAAC-1,4416.0,2063,16.508152,0.0189663823381836,False,True,False,True,False,True
TAGCGGACAGAAACGT-1,2528.0,1203,26.81962,0.0194450070893255,False,True,False,True,False,True
TAGCGGCTCATGCGTG-1,2667.0,1352,17.397825,0.0055874245697683,False,True,False,True,False,True
TAGCGGCTCCTGGTGA-1,5568.0,2469,14.098419,0.2585915492957747,True,True,True,True,True,False
TAGCGGCTCGTGCTTC-1,4239.0,1923,22.505306,0.0394736842105263,False,True,False,True,False,True
TAGCTAGGTAGCTGGT-1,7177.0,2880,10.018113,0.2314767501277466,True,True,True,True,True,False
TAGCTAGGTTTCCTCC-1,4417.0,1887,7.3126554,0.1815920398009949,True,True,True,True,True,False
TAGCTAGGTTTGGGTA-1,6211.0,2775,9.917888,0.2443729903536976,True,True,True,True,True,False
TAGCTTAAGGACAACA-1,12243.0,4365,11.688312,0.3881204231082177,True,True,True,True,True,False
TAGCTTAAGTACCGCA-1,10355.0,3765,11.801063,0.2443729903536976,True,True,True,True,True,False
TAGCTTGCAATTAGGA-1,2347.0,1256,16.531744,0.0099518991540885,False,True,False,True,False,True
TAGGAACCAGCTAACC-1,4155.0,1859,21.684717,0.0343302990897269,False,True,False,True,False,True
TAGGAGGGTAGTAAGA-1,2250.0,1233,15.288889,0.0327743902439024,False,True,False,True,False,True
TAGGAGTCAGCGCTTG-1,3301.0,1922,5.149955,0.311584553928096,True,True,True,True,True,False
TAGGCTGTCCTGCGAA-1,5711.0,2284,20.801962,0.0551959114139693,False,True,False,True,False,True
TAGGCTTAGCGGTTAT-1,3479.0,1690,8.306985,0.2314767501277466,True,True,True,True,True,False
TAGGGTTTCTAAGTCA-1,7535.0,3180,13.351029,0.5083682008368199,True,True,True,True,True,False
TAGGTGCGTAACTACG-1,9578.0,3624,13.885988,0.311584553928096,True,True,True,True,True,False
TAGTAACGTAAGCTCA-1,6693.0,2842,6.066039,0.311584553928096,True,True,True,True,True,False
TAGTAACGTCACCTAT-1,4576.0,2057,15.734265,0.0272093023255813,False,True,False,True,False,True
TAGTAACGTTGGTTCT-1,1283.0,532,23.694466,0.0247657295850066,False,True,False,True,False,True
TAGTACGGTACCAGGT-1,2866.0,1486,17.376133,0.0150222551928783,False,True,False,True,False,True
TAGTACGGTCACTCGC-1,4846.0,2114,16.28147,0.0842772995015858,False,True,False,True,False,True
TAGTACGGTCTAGCTT-1,4421.0,2083,15.923999,0.0512778772586684,False,True,False,True,False,True
TAGTACGGTTCGCTTG-1,4263.0,1924,16.63148,0.0214511041009463,False,True,False,True,False,True
TAGTAGGAGGCTACAT-1,3373.0,1598,17.99585,0.0194450070893255,False,True,False,True,False,True
TAGTGAGAGTTGTCTT-1,9128.0,3254,9.826906,0.311584553928096,True,True,True,True,True,False
TAGTGGCGTGTTGCAA-1,5694.0,2655,12.135582,0.311584553928096,True,True,True,True,True,False
TAGTGGCGTTTAACGG-1,3986.0,1855,19.719017,0.0368073345018201,False,True,False,True,False,True
TAGTGTGGTAATAACC-1,7429.0,2970,11.912774,0.2585915492957747,True,True,True,True,True,False
TAGTGTGGTCATTAGG-1,6993.0,3076,11.082511,0.3590909090909092,True,True,True,True,True,False
TAGTGTGGTCCTAACT-1,6857.0,2963,9.30436,0.3881204231082177,True,True,True,True,True,False
TAGTGTGGTCCTAAGA-1,2227.0,1200,19.173777,0.0351362021318594,False,True,False,True,False,True
TAGTTGTCATAAGCAA-1,320.0,141,51.25,0.1147260273972602,False,False,False,True,False,True
TAGTTGTCATCGCTCC-1,3667.0,1797,10.853559,0.208976157082749,True,True,True,True,True,False
TAGTTTGAGCAAGACA-1,10476.0,3891,12.447498,0.2443729903536976,True,True,True,True,True,False
TAGTTTGAGCTTAACA-1,5756.0,2421,18.936762,0.0130794554675682,False,True,False,True,False,True
TAGTTTGAGGAACCAA-1,10606.0,3727,10.258345,0.3338058114812188,True,True,True,True,True,False
TATAACCCAAGGAATC-1,2831.0,1317,24.267044,0.0376740376740376,False,True,False,True,False,True
TATAGGTGTAAGGTCC-1,9296.0,3512,13.371343,0.2743467933491688,True,True,True,True,True,False
TATAGGTGTCATCAAG-1,16046.0,4966,9.198554,0.421792618629174,True,True,True,True,True,False
TATCACGCATAATCCG-1,15402.0,4717,9.661083,0.3881204231082177,True,True,True,True,True,False
TATCCGGAGCCGCAGT-1,7326.0,3027,14.469014,0.3881204231082177,True,True,True,True,True,False
TATCCGGAGGAACCGG-1,3919.0,1836,20.005104,0.0774482611478557,False,True,False,True,False,True
TATCGAGGTCCAAGAC-1,11300.0,3969,11.433628,0.3338058114812188,True,True,True,True,True,False
TATCGCACAGCACGTT-1,8201.0,3297,7.730765,0.3881204231082177,True,True,True,True,True,False
TATCGCGAGCGGATTT-1,1042.0,603,26.007675,0.0320231068692703,False,True,False,True,False,True
TATCGCGAGCTTGCTC-1,5626.0,2475,10.291503,0.2919020715630885,True,True,True,True,True,False
TATGAAGCATAACGGG-1,6901.0,3036,10.694102,0.2443729903536976,True,True,True,True,True,False
TATGACATCTGGCAAT-1,2788.0,1341,15.710187,0.0610243370868143,False,True,False,True,False,True
TATGACTCAGTGAACG-1,747.0,264,57.429718,0.3338058114812188,True,True,False,True,False,False
TATGGATGTAACGTGC-1,4963.0,2204,18.778965,0.016268670916183,False,True,False,True,False,True
TATGGATGTTTGTTGC-1,5780.0,2672,5.7958474,0.2919020715630885,True,True,True,True,True,False
TATGGCCCATGGTTAT-1,8494.0,3465,9.995291,0.2314767501277466,True,True,True,True,True,False
TATGGGCGTATTGCAG-1,4492.0,1941,19.412289,0.2743467933491688,True,True,False,True,False,False
TATGGGCGTCAAACTG-1,7245.0,2905,11.732229,0.3338058114812188,True,True,True,True,True,False
TATGGGCGTTATAGCG-1,45487.0,8163,8.510124,0.208976157082749,True,True,True,False,False,False
TATGGGCGTTGGCGTG-1,219.0,141,17.80822,0.0184964200477326,False,False,False,True,False,True
TATGGTCAGCTCATAA-1,5109.0,2245,15.169309,0.0112878399179066,False,True,False,True,False,True
TATTAGCCACAACCTA-1,7829.0,3120,10.665475,0.421792618629174,True,True,True,True,True,False
TATTAGCCACCAACCG-1,6236.0,2362,15.731237,0.0077983458054352,False,True,False,True,False,True
TATTAGCCAGCTACGT-1,1615.0,891,20.061918,0.0166986564299424,False,True,False,True,False,True
TATTAGGTCCCTCACG-1,14527.0,4623,10.174158,0.421792618629174,True,True,True,True,True,False
TATTGACCAATGAAGC-1,5169.0,2235,16.115303,0.107433532284319,False,True,False,True,False,True
TATTTGCTCATGCTCC-1,2988.0,1596,7.4631863,0.2443729903536976,True,True,True,True,True,False
TATTTGGAGAAAGCAT-1,4966.0,2413,11.095449,0.2743467933491688,True,True,True,True,True,False
TCAAACCAGTGAAGTG-1,3856.0,1803,16.182573,0.0171362184141736,False,True,False,True,False,True
TCAACAATCAAAGGCA-1,5210.0,2369,15.105566,0.0476932668329177,False,True,False,True,False,True
TCAACAATCCTGGTGA-1,11592.0,3915,8.074533,0.3338058114812188,True,True,True,True,True,False
TCAACAATCGATAACC-1,6096.0,2655,10.449475,0.2585915492957747,True,True,True,True,True,False
TCAAGAACACCTCAGG-1,2113.0,1088,23.946995,0.019932536031892,False,True,False,True,False,True
TCAAGAACAGGATGGC-1,4920.0,2310,15.691057,0.07332101047443,False,True,False,True,False,True
TCAAGCTAGCTTTGTT-1,11644.0,4106,8.390588,0.2585915492957747,True,True,True,True,True,False
TCAAGCTAGGAACACA-1,1141.0,485,47.85276,0.2585915492957747,True,True,False,True,False,False
TCAAGCTAGTTACTTC-1,4990.0,2156,18.116232,0.1272051996285979,False,True,False,True,False,True
TCAAGGAAGCAGCTCA-1,1839.0,1026,22.240349,0.0488537549407114,False,True,False,True,False,True
TCAAGGAAGGCTCATG-1,1717.0,1001,18.695398,0.0404083368779242,False,True,False,True,False,True
TCAAGGAAGTTCCCGT-1,1729.0,824,27.299017,0.0774482611478557,False,True,False,True,False,True
TCAAGGTTCACAGGAA-1,11231.0,4044,9.66076,0.2919020715630885,True,True,True,True,True,False
TCAAGGTTCACCTGCT-1,5438.0,2311,20.191246,0.0194450070893255,False,True,False,True,False,True
TCAAGTATCGTTTCTG-1,2458.0,1292,16.23271,0.0359616409163558,False,True,False,True,False,True
TCAAGTATCTCACTAT-1,7353.0,3157,12.593499,0.3881204231082177,True,True,True,True,True,False
TCAATCGCACAGAACG-1,3175.0,1529,15.149607,0.0259621953996811,False,True,False,True,False,True
TCACATAAGGCGGGTA-1,2834.0,1388,18.489767,0.0343302990897269,False,True,False,True,False,True
TCACCGGCAGGCCAAA-1,11196.0,3941,10.8967495,0.2443729903536976,True,True,True,True,True,False
TCACCTCAGCACAGCC-1,7871.0,3058,9.147503,0.2919020715630885,True,True,True,True,True,False
TCAGCCTTCATTATGG-1,9573.0,3526,8.565758,0.311584553928096,True,True,True,True,True,False
TCAGGAGCAGGTATTT-1,6779.0,2936,7.095442,0.311584553928096,True,True,True,True,True,False
TCAGTAGGTACGTTTC-1,5594.0,2351,19.520914,0.016268670916183,False,True,False,True,False,True
TCAGTAGGTCCTAATC-1,1739.0,879,15.928695,0.0594961586564231,False,True,False,True,False,True
TCAGTAGGTCGACTCC-1,4309.0,1882,15.0615,0.0109461179465422,False,True,False,True,False,True
TCAGTAGGTTAACGGC-1,7262.0,2835,15.4916,0.04235191384078,False,True,False,True,False,True
TCAGTGAGTAACCACA-1,6315.0,2476,10.91053,0.208976157082749,True,True,True,True,True,False
TCAGTGAGTGAGGTAG-1,3095.0,1492,15.670437,0.0594961586564231,False,True,False,True,False,True
TCAGTGAGTGTTGTGA-1,4536.0,2016,20.392416,0.0642374154770849,False,True,False,True,False,True
TCATAACCATAGCGGA-1,5980.0,2663,8.244147,0.3881204231082177,True,True,True,True,True,False
TCATACTTCAACAAGG-1,8166.0,3278,10.886602,0.2919020715630885,True,True,True,True,True,False
TCATACTTCGGTTAGT-1,5743.0,2413,17.482153,0.0867453157529493,False,True,False,True,False,True
TCATCCATCCTCACTA-1,6912.0,2911,9.73669,0.3590909090909092,True,True,True,True,True,False
TCATGCCTCCATCAGG-1,2901.0,1285,27.473286,0.0189663823381836,False,True,False,True,False,True
TCATGTTTCAAATCGC-1,4079.0,1963,16.866879,0.0676779463243874,False,True,False,True,False,True
TCATTACTCAACAAGG-1,8044.0,3324,11.872203,0.2585915492957747,True,True,True,True,True,False
TCATTACTCCCTCACG-1,7039.0,3000,8.935928,0.3590909090909092,True,True,True,True,True,False
TCATTACTCGTGCTTC-1,9264.0,3636,8.786701,0.3590909090909092,True,True,True,True,True,False
TCATTGCGTGAGCGAA-1,6598.0,2605,17.126402,0.0146206896551724,False,True,False,True,False,True
TCATTGCGTGGACCTG-1,4328.0,1950,16.843807,0.0241855328547763,False,True,False,True,False,True
TCATTGTTCGGTTCCT-1,12864.0,4103,6.3277364,0.3590909090909092,True,True,True,True,True,False
TCATTTGGTCAGGCAT-1,6669.0,3006,6.237817,0.3881204231082177,True,True,True,True,True,False
TCCAGCAAGCAAGACA-1,2734.0,1392,15.471835,0.009313725490196,False,True,False,True,False,True
TCCAGCAAGTTGCCTC-1,5792.0,2677,5.2831492,0.2443729903536976,True,True,True,True,True,False
TCCAGGTCACGAATCC-1,4241.0,2009,8.27635,0.2314767501277466,True,True,True,True,True,False
TCCAGGTCAGGATTAA-1,10195.0,3527,15.36047,0.3590909090909092,True,True,False,True,False,False
TCCATAAAGCAAGGAC-1,5924.0,2736,6.498987,0.208976157082749,True,True,True,True,True,False
TCCATAAAGGACTAAG-1,3838.0,1711,15.32048,0.0083912730760009,False,True,False,True,False,True
TCCATCATCACTAAGC-1,2187.0,1159,17.101053,0.0116349220029302,False,True,False,True,False,True
TCCATCATCCCTGATC-1,10104.0,3886,8.24426,0.2443729903536976,True,True,True,True,True,False
TCCATCATCCTAATAG-1,1561.0,863,23.318386,0.2197265624999999,True,True,False,True,False,False
TCCATCATCCTGATTT-1,378.0,316,1.0582011,0.3881204231082177,True,True,True,True,True,False
TCCATGCTCAGGTTTA-1,8453.0,3329,9.606056,0.3881204231082177,True,True,True,True,True,False
TCCATGCTCATAACCA-1,3392.0,1719,10.200472,0.208976157082749,True,True,True,True,True,False
TCCCGGACAAAGGCCA-1,9177.0,3545,11.507029,0.2443729903536976,True,True,True,True,True,False
TCCCGTTAGCTAAAGG-1,4036.0,1837,16.55104,0.0842772995015858,False,True,False,True,False,True
TCCCTCACAGTTAAAG-1,3598.0,1751,15.647583,0.0920067616517749,False,True,False,True,False,True
TCCCTGGTCCAAGTGT-1,7617.0,3232,9.583826,0.3881204231082177,True,True,True,True,True,False
TCCGCCATCTTTGAGA-1,1049.0,657,15.729266,0.0180348871587661,False,True,False,True,False,True
TCCGGTAAGTCAGTAC-1,1928.0,1029,24.533194,0.019932536031892,False,True,False,True,False,True
TCCGGTTTCAGCATTA-1,533.0,413,1.3133209,0.311584553928096,True,True,True,True,True,False
TCCGGTTTCCCGCATT-1,6741.0,2998,8.262869,0.3590909090909092,True,True,True,True,True,False
TCCTCAATCAAACACC-1,150.0,127,8.0,0.0454683237344649,False,False,True,True,False,True
TCCTCAATCATGTCAA-1,2643.0,1313,18.993568,0.0977519575650416,False,True,False,True,False,True
TCCTTTACATGCTCCC-1,9867.0,3741,9.202392,0.311584553928096,True,True,True,True,True,False
TCGATTAAGACAAGTG-1,1513.0,818,29.34567,0.4613180515759315,True,True,False,True,False,False
TCGATTAAGCCGCTTT-1,5288.0,2239,15.090771,0.0694911898633933,False,True,False,True,False,True
TCGATTAAGGCGGGTA-1,1380.0,796,21.73913,0.0376740376740376,False,True,False,True,False,True
TCGCGAGGTCAATAGT-1,7213.0,2912,9.371967,0.2919020715630885,True,True,True,True,True,False
TCGCGCACAAAGGCCA-1,11203.0,3971,11.246987,0.311584553928096,True,True,True,True,True,False
TCGCGCACAGCTCATA-1,4732.0,2092,18.892647,0.0694911898633933,False,True,False,True,False,True
TCGCTAACAGAATGAC-1,10938.0,3721,8.977875,0.3881204231082177,True,True,True,True,True,False
TCGGTAAGTGCTAGAC-1,5607.0,2453,15.213126,0.0694911898633933,False,True,False,True,False,True
TCGGTTCTCGCTAGCA-1,10477.0,3847,8.867042,0.3338058114812188,True,True,True,True,True,False
TCGGTTTGTTCCGCAC-1,3089.0,1476,15.280026,0.0189663823381836,False,True,False,True,False,True
TCGTAATCAGGAACTG-1,2744.0,1284,25.801748,0.0512778772586684,False,True,False,True,False,True
TCGTCAACAGGGAGCT-1,3814.0,1693,18.956476,0.0476932668329177,False,True,False,True,False,True
TCGTCAACATGTCGCG-1,6630.0,2826,16.063349,0.3338058114812188,True,True,False,True,False,False
TCGTGCTTCAGCTAAC-1,6269.0,2819,7.018663,0.3881204231082177,True,True,True,True,True,False
TCGTTACGTGGAGCAA-1,4262.0,1864,9.291412,0.2197265624999999,True,True,True,True,True,False
TCGTTACGTTGGCCGA-1,8015.0,3271,9.569557,0.2585915492957747,True,True,True,True,True,False
TCGTTAGCAAGTTATC-1,11352.0,4172,9.637068,0.2919020715630885,True,True,True,True,True,False
TCGTTAGCACCTACTT-1,1450.0,987,4.413793,0.311584553928096,True,True,True,True,True,False
TCGTTATTCACGCCAA-1,8881.0,3382,15.65139,0.0241855328547763,False,True,False,True,False,True
TCGTTATTCACTTTAC-1,4812.0,2057,18.536991,0.0285103349964362,False,True,False,True,False,True
TCGTTATTCGGTTTGG-1,2738.0,1378,16.252739,0.007508212106992,False,True,False,True,False,True
TCGTTTCCATAGCAGG-1,3873.0,1749,19.209915,0.0626038781163434,False,True,False,True,False,True
TCTAACTTCCTAACGG-1,6474.0,2716,10.256411,0.208976157082749,True,True,True,True,True,False
TCTACCTCAAACCTTG-1,1619.0,914,18.529957,0.1040508339952342,False,True,False,True,False,True
TCTAGCGAGCCTGGTA-1,952.0,550,20.483192,0.2919020715630885,True,True,False,True,False,False
TCTATGTTCGGGATTT-1,5177.0,2161,20.050222,0.0312888005959771,False,True,False,True,False,True
TCTCAAGCAATGCCCG-1,6220.0,2838,9.646302,0.2743467933491688,True,True,True,True,True,False
TCTCAAGCATTGCGGT-1,4342.0,1996,15.591892,0.0291821784556262,False,True,False,True,False,True
TCTCCTCGTATTGGTG-1,4040.0,1961,16.212872,0.0385625431928127,False,True,False,True,False,True
TCTCGCCCAGAACCGA-1,7656.0,3377,1.9461861,0.2919020715630885,True,True,True,True,True,False
TCTTAGCGTCACCTAT-1,5373.0,2343,16.30374,0.0066620721341603,False,True,False,True,False,True
TCTTAGCGTCCTGATT-1,5432.0,2412,14.009573,0.2443729903536976,True,True,True,True,True,False
TCTTAGCGTGTTGTGA-1,3960.0,1940,15.555556,0.0580168776371308,False,True,False,True,False,True
TCTTCAAGTTGCAATG-1,3593.0,1833,7.097133,0.208976157082749,True,True,True,True,True,False
TCTTCAAGTTGGTTGA-1,4651.0,2053,16.168566,0.0893194706994328,False,True,False,True,False,True
TCTTGACGTCATCAAG-1,2202.0,1024,27.429611,0.0488537549407114,False,True,False,True,False,True
TCTTTGTAGGGATTAG-1,4670.0,2065,15.1606,0.0694911898633933,False,True,False,True,False,True
TGAAACTGTCGCAAAC-1,6415.0,2706,15.728762,0.02986886838271,False,True,False,True,False,True
TGAACAACAAACCTTG-1,2871.0,1484,12.539186,0.1900043084877208,True,True,True,True,True,False
TGAACAACAGGCTTGT-1,6157.0,2657,10.410914,0.2919020715630885,True,True,True,True,True,False
TGAACAGAGCGTGCAC-1,3848.0,2002,11.096673,0.311584553928096,True,True,True,True,True,False
TGAAGCAAGGACAATG-1,9384.0,3627,9.729326,0.2314767501277466,True,True,True,True,True,False
TGAAGTGAGAGGAAGG-1,1745.0,831,21.088825,0.041367423154266,False,True,False,True,False,True
TGAGCACGTTCCTCCT-1,2828.0,1506,15.205091,0.0565841841148987,False,True,False,True,False,True
TGAGGAGGTGGGTACT-1,4957.0,2226,10.611257,0.4613180515759315,True,True,True,True,True,False
TGAGGAGGTTAACGAT-1,2032.0,972,15.846457,0.0285103349964362,False,True,False,True,False,True
TGAGGAGGTTTAGCTC-1,6295.0,2859,10.754567,0.2585915492957747,True,True,True,True,True,False
TGAGGCACAATTAGCT-1,3484.0,1781,8.524685,0.2743467933491688,True,True,True,True,True,False
TGAGGGAGTGTTTCAC-1,1972.0,994,25.152128,0.041367423154266,False,True,False,True,False,True
TGAGGTGCAGGTTTGC-1,4730.0,2301,5.3488374,0.311584553928096,True,True,True,True,True,False
TGAGGTGCATAATCGT-1,5767.0,2431,17.201319,0.0676779463243874,False,True,False,True,False,True
TGAGGTGCATAGCAGG-1,2237.0,931,19.445686,0.1109874826147426,False,True,False,True,False,True
TGAGTGAAGTGAGAGC-1,6707.0,2645,7.9469213,0.2743467933491688,True,True,True,True,True,False
TGAGTGAAGTTCCTCA-1,1523.0,796,29.415628,0.0394736842105263,False,True,False,True,False,True
TGATCGAGTACTGATG-1,3829.0,1806,16.479498,0.011987491313412,False,True,False,True,False,True
TGATCGAGTATTCGTC-1,3200.0,1545,16.34375,0.0146206896551724,False,True,False,True,False,True
TGATCGAGTTATAGCG-1,1695.0,1051,4.424779,0.1900043084877208,True,True,True,True,True,False
TGATGACTCACTCGCT-1,3897.0,1784,17.988195,0.0444012557930931,False,True,False,True,False,True
TGATGATGTCAGTAAT-1,611.0,251,40.098198,0.0327743902439024,False,True,False,True,False,True
TGATTAGTCCCGCAAA-1,2664.0,1404,15.39039,0.007222179078978,False,True,False,True,False,True
TGATTGCAGAGGAAGG-1,4658.0,2141,15.457278,0.0538500251635631,False,True,False,True,False,True
TGATTGCAGTGAGGGT-1,5836.0,2531,15.849897,0.0247657295850066,False,True,False,True,False,True
TGATTGCAGTTCCTGC-1,6536.0,2795,13.326194,0.3881204231082177,True,True,True,True,True,False
TGCACACCAAGCCAGA-1,3986.0,1894,15.755142,0.0116349220029302,False,True,False,True,False,True
TGCACCTTCCGTTATT-1,10064.0,3738,5.0377584,0.3338058114812188,True,True,True,True,True,False
TGCACTTGTTGCCTCA-1,577.0,295,40.207973,0.3881204231082177,True,True,False,True,False,False
TGCACTTGTTTCCACG-1,10112.0,3899,11.817642,0.3338058114812188,True,True,True,True,True,False
TGCATCCTCGCTAGAT-1,3146.0,1390,13.286713,0.311584553928096,True,True,True,True,True,False
TGCATGAGTGCCGCAA-1,2984.0,1454,22.017427,0.0626038781163434,False,True,False,True,False,True
TGCATGAGTTGCACGG-1,8377.0,3380,10.111018,0.421792618629174,True,True,True,True,True,False
TGCATTAAGCTCAATA-1,6897.0,2845,8.829926,0.4613180515759315,True,True,True,True,True,False
TGCATTAAGCTTTGTT-1,1656.0,959,16.727053,0.0184964200477326,False,True,False,True,False,True
TGCATTAAGGTCTTGG-1,8105.0,3092,15.533622,0.007222179078978,False,True,False,True,False,True
TGCCGGTAGCCAAATC-1,809.0,404,39.555008,0.0774482611478557,False,True,False,True,False,True
TGCCTGTTCGCAGGCT-1,349.0,260,15.472778,0.1900043084877208,True,True,False,True,False,False
TGCGATTAGCTAAAGG-1,7034.0,3032,6.369065,0.2585915492957747,True,True,True,True,True,False
TGCGCAGGTGGATTAT-1,7012.0,2689,19.03879,0.0204292199752373,False,True,False,True,False,True
TGCGCGAGTACGATTG-1,2335.0,1338,17.130621,0.0488537549407114,False,True,False,True,False,True
TGCGGTTCACGAATCC-1,1832.0,1063,15.120088,0.0465652374366067,False,True,False,True,False,True
TGCTAACAGCGGATTT-1,7010.0,2951,8.801712,0.1815920398009949,True,True,True,True,True,False
TGCTATGCAACTAACT-1,4020.0,1964,11.268657,0.1991031390134529,True,True,True,True,True,False
TGCTATGCACTAGCGT-1,4160.0,2025,15.168269,0.07332101047443,False,True,False,True,False,True
TGCTCAACACCTCACC-1,10099.0,3695,12.674522,0.311584553928096,True,True,True,True,True,False
TGCTCAACACTTCACT-1,6537.0,2736,10.998929,0.2919020715630885,True,True,True,True,True,False
TGCTCCGTCCCATAGG-1,4667.0,2279,16.670237,0.5083682008368199,True,True,False,True,False,False
TGCTCCGTCCTAGTCC-1,13044.0,4405,6.025759,0.4613180515759315,True,True,True,True,True,False
TGCTCTCAGGACCGCT-1,5511.0,2392,15.514426,0.0626038781163434,False,True,False,True,False,True
TGCTGGATCAAGTGAG-1,2603.0,1397,15.904724,0.0774482611478557,False,True,False,True,False,True
TGCTTAAAGAAAGGAA-1,11573.0,3875,9.738184,0.421792618629174,True,True,True,True,True,False
TGCTTCCAGCAGGTTT-1,1006.0,617,18.986084,0.2443729903536976,True,True,False,True,False,False
TGCTTCCAGGATTGCT-1,10895.0,4009,8.003672,0.421792618629174,True,True,True,True,True,False
TGCTTGCTCCCTGGTT-1,18629.0,5205,9.19534,0.2919020715630885,True,True,True,True,True,False
TGCTTGTGTCCTCCAA-1,35989.0,7914,2.1200924,0.4613180515759315,True,True,True,True,True,False
TGGAACAAGCTGGAAA-1,622.0,418,20.578777,0.0368073345018201,False,True,False,True,False,True
TGGAACAAGGAGGTTA-1,5300.0,2206,21.169811,0.0102782652293807,False,True,False,True,False,True
TGGACAAAGTGAGCGG-1,5757.0,2479,17.474379,0.5083682008368199,True,True,False,True,False,False
TGGACGGAGACAAGTG-1,2884.0,1432,17.198336,0.0048189252336448,False,True,False,True,False,True
TGGACGGAGTAAGTCC-1,4864.0,2123,16.467928,0.311584553928096,True,True,False,True,False,False
TGGACTAGTTTAGCTC-1,6667.0,2989,10.664467,0.311584553928096,True,True,True,True,True,False
TGGATTCAGAAAGCAT-1,6615.0,2683,15.389267,0.0291821784556262,False,True,False,True,False,True
TGGCCAATCATGCCTC-1,2134.0,1227,9.934396,0.1900043084877208,True,True,True,True,True,False
TGGCCAATCGGTTTGG-1,1565.0,956,16.230032,0.0676779463243874,False,True,False,True,False,True
TGGCCAATCTAACTGA-1,5152.0,2248,16.537268,0.0753453327752197,False,True,False,True,False,True
TGGCCTGCAGTTTCTC-1,3747.0,1804,16.333065,0.0180348871587661,False,True,False,True,False,True
TGGCCTTTCAGCACCA-1,8606.0,3417,5.414827,0.2919020715630885,True,True,True,True,True,False
TGGCCTTTCGTTACAA-1,5567.0,2440,17.100773,0.043362831858407,False,True,False,True,False,True
TGGCGGTTCTAAGTCA-1,8876.0,3355,13.418206,0.421792618629174,True,True,True,True,True,False
TGGCTTTGTAGTTACG-1,5794.0,2516,18.829824,0.0694911898633933,False,True,False,True,False,True
TGGGCATGTAACCACA-1,3184.0,1519,15.452261,0.3338058114812188,True,True,False,True,False,False
TGGGCATGTTTACTTG-1,1819.0,1068,17.482134,0.0225128644939965,False,True,False,True,False,True
TGGTCAAGTTGCACGG-1,9064.0,3452,8.484114,0.2919020715630885,True,True,True,True,True,False
TGGTGATTCAGGTTTA-1,3107.0,1576,15.288059,0.0048189252336448,False,True,False,True,False,True
TGGTGATTCATGCGTG-1,1862.0,909,29.591837,0.0327743902439024,False,True,False,True,False,True
TGGTGATTCATGGTGT-1,5151.0,2253,17.355854,0.0058505850585058,False,True,False,True,False,True
TGGTGATTCCCTGTTA-1,8703.0,3202,15.82213,0.2919020715630885,True,True,False,True,False,False
TGGTGATTCTAAGTCA-1,5042.0,2223,15.489885,0.0819089900110987,False,True,False,True,False,True
TGGTGCATCATGAGCT-1,9471.0,3771,10.885862,0.3881204231082177,True,True,True,True,True,False
TGGTGCATCTTGGATA-1,1270.0,720,23.464567,0.1147260273972602,False,True,False,True,False,True
TGGTTGAGTCACGAAC-1,6279.0,2580,19.222807,0.0385625431928127,False,True,False,True,False,True
TGTAACTCAATTAGCT-1,4510.0,2184,16.252771,0.0753453327752197,False,True,False,True,False,True
TGTAACTCACTTGTTC-1,1533.0,924,17.482061,0.0150222551928783,False,True,False,True,False,True
TGTAAGCTCCACCTGT-1,10659.0,3663,13.13444,0.4613180515759315,True,True,True,True,True,False
TGTAAGTGTACCGTAA-1,3113.0,1619,17.250242,0.0694911898633933,False,True,False,True,False,True
TGTAAGTGTGCAATAT-1,1720.0,953,21.046513,0.0335432463693612,False,True,False,True,False,True
TGTAAGTGTGTTAGCA-1,5181.0,2401,16.039375,0.0867453157529493,False,True,False,True,False,True
TGTAAGTGTTCGCTCA-1,5695.0,2488,18.366987,0.421792618629174,True,True,False,True,False,False
TGTAATGTCCATCAGG-1,1714.0,815,19.194866,0.0175815588982223,False,True,False,True,False,True
TGTATCCGTCATGCAA-1,1770.0,842,31.638416,0.0454683237344649,False,True,False,True,False,True
TGTATCCGTCCTAGTT-1,1352.0,768,24.112425,0.0278528616758726,False,True,False,True,False,True
TGTATCCGTTAGTTGG-1,8304.0,3221,12.2952795,0.3881204231082177,True,True,True,True,True,False
TGTCAATCATGAAGTA-1,3505.0,1898,6.9614835,0.3881204231082177,True,True,True,True,True,False
TGTCAGTAGCATTATG-1,9485.0,3648,9.204006,0.2743467933491688,True,True,True,True,True,False
TGTCATAAGCCGCAGT-1,6721.0,2863,11.352477,0.311584553928096,True,True,True,True,True,False
TGTCCTGGTTATCGAG-1,4392.0,2034,17.099272,0.0394736842105263,False,True,False,True,False,True
TGTGAAACAAGTCGCT-1,11040.0,3940,12.717392,0.3881204231082177,True,True,True,True,True,False
TGTGAAACAGGATAAC-1,2879.0,1365,25.460228,0.0404083368779242,False,True,False,True,False,True
TGTGCGCAGTAACAGG-1,3306.0,1570,16.878403,0.02986886838271,False,True,False,True,False,True
TGTGCGGGTACGTTTC-1,8840.0,3343,14.095023,0.3590909090909092,True,True,True,True,True,False
TGTGCGGGTGACATGC-1,6703.0,2999,7.7577205,0.2919020715630885,True,True,True,True,True,False
TGTGGAGCAGCATTAT-1,6815.0,2801,10.696992,0.3338058114812188,True,True,True,True,True,False
TGTGGAGCATGAAATG-1,7230.0,3068,8.658368,0.3338058114812188,True,True,True,True,True,False
TGTGTGAGTAGCTAAT-1,3399.0,1703,15.5045595,0.011987491313412,False,True,False,True,False,True
TGTGTGAGTTCATCTA-1,2871.0,1461,19.5054,0.0359616409163558,False,True,False,True,False,True
TGTGTGAGTTGCTTCG-1,1782.0,886,17.901234,0.0977519575650416,False,True,False,True,False,True
TGTTACTTCATGCTTT-1,2991.0,1385,26.746908,0.023059434881455,False,True,False,True,False,True
TGTTAGCAGCTAAGTC-1,5294.0,2395,6.1579146,0.2919020715630885,True,True,True,True,True,False
TGTTAGCAGGGCCACT-1,5403.0,2396,16.47233,0.0594961586564231,False,True,False,True,False,True
TGTTATGAGCATGCAT-1,251.0,139,31.87251,0.0659277660997515,False,False,False,True,False,True
TGTTCATTCAAAGGCA-1,1835.0,916,27.084469,0.1419878296146043,False,True,False,True,False,True
TGTTCCTCAAACCTAT-1,7943.0,3135,14.553695,0.2585915492957747,True,True,True,True,True,False
TGTTCCTCACAAACTT-1,4234.0,1997,16.698158,0.0376740376740376,False,True,False,True,False,True
TGTTCCTCAGAGAGCC-1,3074.0,1498,17.957058,0.0154306555690638,False,True,False,True,False,True
TGTTGCACAACGTGCT-1,475.0,223,35.57895,0.02986886838271,False,True,False,True,False,True
TGTTGCACAGCTAATT-1,5466.0,2467,17.581411,0.421792618629174,True,True,False,True,False,False
TGTTGTAAGCCTGGTA-1,5271.0,2537,7.854297,0.2585915492957747,True,True,True,True,True,False
TGTTGTTTCGCTAGAT-1,3443.0,1702,15.015975,0.041367423154266,False,True,False,True,False,True
TGTTGTTTCTAGCGTG-1,2866.0,1366,15.491974,0.0130794554675682,False,True,False,True,False,True
TGTTTGTTCACAAGCT-1,18154.0,5175,11.116008,0.1815920398009949,True,True,True,True,True,False
TTAAAGGCAATAAGCA-1,3066.0,1562,16.34051,0.041367423154266,False,True,False,True,False,True
TTAAAGGCACTGACCG-1,7878.0,3105,9.482102,0.2743467933491688,True,True,True,True,True,False
TTAAAGGCATTGTTGG-1,3819.0,1849,16.129877,0.0796344647519582,False,True,False,True,False,True
TTAACTGAGACAAAGT-1,3052.0,1487,15.923985,0.0130794554675682,False,True,False,True,False,True
TTAACTGAGTATTGTG-1,5434.0,2274,15.734265,0.023059434881455,False,True,False,True,False,True
TTAACTGAGTTAGACC-1,5914.0,2768,9.029422,0.2919020715630885,True,True,True,True,True,False
TTAAGTGTCCTCATCA-1,4129.0,1904,19.278276,0.0676779463243874,False,True,False,True,False,True
TTAAGTGTCTTGGACG-1,3197.0,1435,18.235846,0.0525446133509583,False,True,False,True,False,True
TTAATCGAGCTTAACA-1,5800.0,2317,16.310345,0.0476932668329177,False,True,False,True,False,True
TTAATCGAGGAGGACT-1,6783.0,2778,14.551084,0.3338058114812188,True,True,True,True,True,False
TTAATCGAGTTAGCCG-1,4369.0,1978,16.479744,0.0753453327752197,False,True,False,True,False,True
TTACACCGTTACAACG-1,5130.0,2298,9.317739,0.1900043084877208,True,True,True,True,True,False
TTACAGCAGCAACATC-1,9847.0,3828,6.215091,0.2919020715630885,True,True,True,True,True,False
TTACCGTGTTAATGCG-1,3230.0,1585,16.068111,0.0142257888017508,False,True,False,True,False,True
TTACCGTGTTCCGGGA-1,3093.0,1568,5.560944,0.2314767501277466,True,True,True,True,True,False
TTACCGTGTTGCACAA-1,6308.0,2618,16.391884,0.0134553283100107,False,True,False,True,False,True
TTACCTGTCTCCTCTT-1,20116.0,5430,5.1352158,0.3881204231082177,True,True,True,True,True,False
TTAGAAGCAAAGCTCC-1,3788.0,1919,3.5638862,0.1900043084877208,True,True,True,True,True,False
TTAGAAGCAGCGCTTG-1,3500.0,1692,15.6285715,0.0359616409163558,False,True,False,True,False,True
TTAGAAGCAGTAGGTG-1,5796.0,2424,17.494825,0.0154306555690638,False,True,False,True,False,True
TTAGACTCAATCCTGA-1,11357.0,4065,11.349829,0.2585915492957747,True,True,True,True,True,False
TTAGCCTGTAACTACG-1,6116.0,2817,8.747547,0.3590909090909092,True,True,True,True,True,False
TTAGCCTGTACGTTTC-1,426.0,158,57.276993,0.1318471337579617,False,False,False,True,False,True
TTAGCCTGTCTTTATG-1,11741.0,4148,9.317775,0.3338058114812188,True,True,True,True,True,False
TTAGCTGCAATGAAGC-1,2771.0,1501,15.156982,0.0385625431928127,False,True,False,True,False,True
TTAGGATGTTGGCCGA-1,3222.0,1322,21.104904,0.04235191384078,False,True,False,True,False,True
TTAGGCGTCCCAGTAG-1,3946.0,1816,16.16827,0.0327743902439024,False,True,False,True,False,True
TTAGGCTAGCGGCTGT-1,3092.0,1454,25.22639,0.0454683237344649,False,True,False,True,False,True
TTAGTCAAGTTACCGG-1,6138.0,2787,7.086999,0.3590909090909092,True,True,True,True,True,False
TTATCCGTCATTGTTC-1,10861.0,3814,11.232851,0.3881204231082177,True,True,True,True,True,False
TTATCCGTCGCAGGCT-1,5050.0,2546,12.712872,0.3590909090909092,True,True,True,True,True,False
TTATCCTAGCTATTAG-1,11978.0,4165,11.270663,0.1900043084877208,True,True,True,True,True,False
TTATCCTAGTTCCTCA-1,3700.0,1405,24.054054,0.0385625431928127,False,True,False,True,False,True
TTATGACCATTGTGCA-1,5499.0,2423,15.693763,0.0253578271159697,False,True,False,True,False,True
TTATGCGCACAACAGG-1,5062.0,2385,9.2453575,0.2585915492957747,True,True,True,True,True,False
TTATGCGCATGCTCCC-1,7718.0,3216,7.7092514,0.3590909090909092,True,True,True,True,True,False
TTATTGCTCATTACGA-1,23282.0,5992,10.243965,0.2314767501277466,True,True,True,True,True,False
TTCAGGTAGTGAGGGT-1,6335.0,2847,9.550118,0.2443729903536976,True,True,True,True,True,False
TTCATTCAGGCCTAAT-1,2982.0,1221,26.15694,0.0138373880799493,False,True,False,True,False,True
TTCCTTCTCCTAGTAA-1,338.0,168,42.60355,0.0158460667798528,False,False,False,True,False,True
TTCCTTCTCCTCACAC-1,12967.0,4358,7.835274,0.3338058114812188,True,True,True,True,True,False
TTCGTGCTCATTAGTG-1,5075.0,2205,18.187193,0.0376740376740376,False,True,False,True,False,True
TTCGTGCTCGAAGCGG-1,7093.0,3032,11.574792,0.2743467933491688,True,True,True,True,True,False
TTCGTGCTCTGCAAAC-1,7660.0,2974,8.563969,0.2585915492957747,True,True,True,True,True,False
TTCGTTAGTGGGAACA-1,6632.0,2615,17.249699,0.006940160394818,False,True,False,True,False,True
TTCTTAGGTCCTCCAA-1,9873.0,3724,12.691177,0.2919020715630885,True,True,True,True,True,False
TTGACATCAACAGCCT-1,5843.0,2439,15.129214,0.0920067616517749,False,True,False,True,False,True
TTGACGTAGCTTAGTA-1,10592.0,3808,13.689577,0.3881204231082177,True,True,True,True,True,False
TTGACGTAGTTACCGG-1,8900.0,3497,17.415731,0.0385625431928127,False,True,False,True,False,True
TTGACTAAGGCTGGCT-1,4833.0,2214,15.042417,0.0920067616517749,False,True,False,True,False,True
TTGACTAAGTGCACGC-1,3098.0,1673,5.4228535,0.1991031390134529,True,True,True,True,True,False
TTGACTAAGTGTTGTA-1,8167.0,3203,11.166891,0.208976157082749,True,True,True,True,True,False
TTGAGCTAGCGGCTGT-1,4687.0,1984,8.192874,0.1991031390134529,True,True,True,True,True,False
TTGAGGCGTCGTTATC-1,1194.0,607,28.978226,0.1534582132564841,False,True,False,True,False,True
TTGATGTCATTGTGGC-1,4755.0,2157,16.046268,0.0525446133509583,False,True,False,True,False,True
TTGCAACAGGAGGTTA-1,1653.0,749,18.511795,0.0189663823381836,False,True,False,True,False,True
TTGCAAGGTGGTTATG-1,2215.0,1106,28.12641,0.0291821784556262,False,True,False,True,False,True
TTGCAATCAAACTGCC-1,8820.0,3331,7.539683,0.4613180515759315,True,True,True,True,True,False
TTGCACACATTTAAGC-1,6367.0,2717,9.1408825,0.2443729903536976,True,True,True,True,True,False
TTGCAGCCAGGAATCG-1,5954.0,2710,9.724555,0.3338058114812188,True,True,True,True,True,False
TTGCAGCCATAATCAC-1,2031.0,917,26.83407,0.0525446133509583,False,True,False,True,False,True
TTGCATTTCATGGTTA-1,4630.0,2075,15.1403885,0.023059434881455,False,True,False,True,False,True
TTGCATTTCTCCTCTT-1,14526.0,4530,6.16825,0.2314767501277466,True,True,True,True,True,False
TTGCTCTCATAGTCAT-1,6492.0,2811,8.564387,0.3590909090909092,True,True,True,True,True,False
TTGCTTTAGCAGCTAT-1,8465.0,3428,8.706438,0.2585915492957747,True,True,True,True,True,False
TTGCTTTAGGCGGGTA-1,5949.0,2765,8.589679,0.2743467933491688,True,True,True,True,True,False
TTGGAGGCAGGCTTCG-1,16900.0,5180,10.83432,0.421792618629174,True,True,True,True,True,False
TTGGAGGCATAATGTC-1,2452.0,1264,15.375204,0.0209353192375794,False,True,False,True,False,True
TTGGAGGCATCCCGCT-1,3811.0,1780,15.927579,0.0134553283100107,False,True,False,True,False,True
TTGGAGGCATCTTGAG-1,6357.0,2758,14.016046,0.2314767501277466,True,True,True,True,True,False
TTGGATATCCATCAGG-1,7632.0,3033,16.037735,0.0444012557930931,False,True,False,True,False,True
TTGGATCAGCAAGATG-1,3466.0,1666,8.742065,0.2443729903536976,True,True,True,True,True,False
TTGGATCAGCCACAAT-1,4706.0,2137,10.858479,0.3881204231082177,True,True,True,True,True,False
TTGGATCAGTTCCCAC-1,3645.0,1819,6.556927,0.2314767501277466,True,True,True,True,True,False
TTGGCGGGTAAACAAG-1,10070.0,3382,12.571997,0.421792618629174,True,True,True,True,True,False
TTGGCTACAATCGCAC-1,10778.0,3794,8.814251,0.3590909090909092,True,True,True,True,True,False
TTGGCTGAGCAGCTAT-1,4926.0,2099,7.673569,0.1815920398009949,True,True,True,True,True,False
TTGGCTGAGGACCTGC-1,1929.0,1107,15.241058,0.0312888005959771,False,True,False,True,False,True
TTGGCTGAGGCCTTAG-1,8851.0,3432,11.219071,0.3338058114812188,True,True,True,True,True,False
TTGGGTTAGGCGGGTA-1,4815.0,2184,18.213915,0.1109874826147426,False,True,False,True,False,True
TTGGGTTAGTTGGGCC-1,6510.0,2651,15.46851,0.0171362184141736,False,True,False,True,False,True
TTGTAAGTCAGTTCCC-1,6207.0,2838,9.424843,0.2585915492957747,True,True,True,True,True,False
TTGTAAGTCCCTCATA-1,7143.0,2993,9.9958,0.1815920398009949,True,True,True,True,True,False
TTGTCAAAGGACCTTG-1,8531.0,3217,7.818544,0.3338058114812188,True,True,True,True,True,False
TTGTCAAAGTATGTGC-1,8248.0,3566,7.7352085,0.5653179190751447,True,True,True,True,True,False
TTGTCCATCCCTGATC-1,10904.0,3904,8.272193,0.2585915492957747,True,True,True,True,True,False
TTGTCCCAGCACAGAA-1,6946.0,3038,6.9680395,0.2585915492957747,True,True,True,True,True,False
TTGTCCGGTGCGCAAT-1,1191.0,696,18.97565,0.2585915492957747,True,True,False,True,False,False
TTGTCCGGTGGATTAT-1,3360.0,1677,10.952381,0.1991031390134529,True,True,True,True,True,False
TTGTGAGGTGGATGTC-1,2379.0,1200,15.510718,0.0077983458054352,False,True,False,True,False,True
TTGTGAGGTTAACAGT-1,5106.0,2233,19.251862,0.1318471337579617,False,True,False,True,False,True
TTGTGCCTCAGGAAGC-1,5160.0,2438,10.290698,0.2585915492957747,True,True,True,True,True,False
TTGTGCGAGTTGCGTG-1,9497.0,3629,11.456249,0.2919020715630885,True,True,True,True,True,False
TTGTGTGCATTTGCTC-1,6496.0,2742,16.625616,0.0676779463243874,False,True,False,True,False,True
TTGTTCCCAGCTCATA-1,4877.0,2372,9.329506,0.1991031390134529,True,True,True,True,True,False
TTGTTGTTCGGTCAGC-1,3021.0,1487,23.07183,0.0819089900110987,False,True,False,True,False,True
TTGTTGTTCGTTTCTG-1,3364.0,1710,21.789536,0.043362831858407,False,True,False,True,False,True
TTGTTGTTCTGGCATG-1,15054.0,4651,9.5522785,0.5083682008368199,True,True,True,True,True,False
TTGTTTGGTCACAGAC-1,8061.0,3183,8.336434,0.2443729903536976,True,True,True,True,True,False
TTGTTTGGTTACCTGT-1,7102.0,2836,15.86877,0.019932536031892,False,True,False,True,False,True
TTTAACGAGTTAGTGC-1,8405.0,3408,10.089232,0.421792618629174,True,True,True,True,True,False
TTTAAGCCAGGACCAA-1,2075.0,1085,19.518072,0.0404083368779242,False,True,False,True,False,True
TTTAAGCCATTATCCC-1,4585.0,2055,7.044711,0.1815920398009949,True,True,True,True,True,False
TTTACGAAGAGAAGGG-1,1272.0,588,15.1729555,0.0171362184141736,False,True,False,True,False,True
TTTACGAAGATGCCTG-1,7496.0,3103,11.779616,0.3338058114812188,True,True,True,True,True,False
TTTACGCGTTAAGGTT-1,328.0,244,10.97561,0.2585915492957747,True,True,True,True,True,False
TTTACGCGTTATGTGG-1,1462.0,693,28.317373,0.0385625431928127,False,True,False,True,False,True
TTTAGCAAGGCGGGTA-1,5390.0,2345,13.302411,0.3881204231082177,True,True,True,True,True,False
TTTAGCTTCGTTTCGC-1,5679.0,2534,15.935904,0.0512778772586684,False,True,False,True,False,True
TTTATGGAGCGGATAA-1,4170.0,2016,16.642685,0.0610243370868143,False,True,False,True,False,True
TTTATGGAGTCGCAAT-1,6164.0,2915,10.123297,0.311584553928096,True,True,True,True,True,False
TTTCACCCAGGCGAGT-1,2701.0,1429,15.401703,0.0351362021318594,False,True,False,True,False,True
TTTCACCCATGAAATG-1,5876.0,2570,13.427502,0.2743467933491688,True,True,True,True,True,False
TTTCAGTTCTAATCCT-1,5366.0,2099,16.939993,0.0171362184141736,False,True,False,True,False,True
TTTCCACCAATAACCT-1,7655.0,3144,9.353363,0.2919020715630885,True,True,True,True,True,False
TTTCCGGGTAACCACA-1,6340.0,2803,7.492114,0.311584553928096,True,True,True,True,True,False
TTTCCGGGTTATAGCG-1,1629.0,821,15.531,0.0404083368779242,False,True,False,True,False,True
TTTCGTCCATTGACAT-1,7622.0,2910,15.258463,0.007222179078978,False,True,False,True,False,True
TTTGACCGTATTACCC-1,6390.0,2728,10.140845,0.311584553928096,True,True,True,True,True,False
TTTGACTTCTCATCAT-1,6421.0,2642,15.153403,0.0796344647519582,False,True,False,True,False,True
TTTGACTTCTTACTCG-1,4393.0,1935,7.534714,0.1900043084877208,True,True,True,True,True,False
TTTGAGTCATTGTGTG-1,6666.0,2708,16.89169,0.0465652374366067,False,True,False,True,False,True
TTTGCATTCCTTGTTG-1,7465.0,3093,8.265238,0.2743467933491688,True,True,True,True,True,False
TTTGCGACATCACTTC-1,10795.0,3831,7.7443266,0.2919020715630885,True,True,True,True,True,False
TTTGCGGAGGGACCTC-1,1897.0,1093,15.814445,0.0476932668329177,False,True,False,True,False,True
TTTGCGGAGTTTGGGT-1,3469.0,1624,15.191698,0.0351362021318594,False,True,False,True,False,True
TTTGGTAAGCGCCTTT-1,7468.0,2862,14.970541,0.5083682008368199,True,True,True,True,True,False
TTTGGTGCAGTATGTT-1,2924.0,1335,25.478796,0.1040508339952342,False,True,False,True,False,True
TTTGTCTAGACAACAG-1,6489.0,2937,8.707043,0.3338058114812188,True,True,True,True,True,False
TTTGTCTAGGACCTGC-1,10785.0,3967,10.709318,0.311584553928096,True,True,True,True,True,False
TTTGTGGCAAGTGTCC-1,5383.0,2447,9.7715025,0.311584553928096,True,True,True,True,True,False
TTTGTGTTCATTGACA-1,3877.0,1793,17.74568,0.0676779463243874,False,True,False,True,False,True
TTTGTGTTCGATTTAG-1,3471.0,1604,23.595507,0.0343302990897269,False,True,False,True,False,True
TTTGTGTTCGGTCAAT-1,5165.0,2189,21.936108,0.0893194706994328,False,True,False,True,False,True
TTTGTTGGTCTTTATG-1,6554.0,2792,6.499848,0.2443729903536976,True,True,True,True,True,False
TTTGTTGGTTGCAGTA-1,4834.0,2116,7.4265623,0.2314767501277466,True,True,True,True,True,False
