cell_id,total_counts,n_genes_by_counts,pct_counts_mt,doublet_score,predicted_doublet
AAACAGCCAAGGAATC-1,8380.0,3308,7.4701676,0.1665381649961449,False
AAACAGCCAATCCCTT-1,3771.0,1896,10.527711,0.13184713375796173,False
AAACAGCCAATGCGCT-1,6876.0,2904,6.4572425,0.10743353228431904,False
AAACAGCCACACTAAT-1,1733.0,846,18.003462,0.0385625431928127,False
AAACAGCCACCAACCG-1,5415.0,2282,6.5004616,0.08674531575294935,False
AAACAGCCAGGATAAC-1,2759.0,1353,6.9227977,0.14198782961460438,False
AAACAGCCAGTAGGTG-1,7614.0,3061,6.8951926,0.05004812319538016,False
AAACAGCCAGTTTACG-1,3633.0,1691,4.1838703,0.06102433708681438,False
AAACAGCCATCCAGGT-1,7782.0,3028,11.012593,0.010609632873021219,False
AAACATGCAAGGTCCT-1,3255.0,1783,9.278033,0.04040833687792429,False
AAACATGCACCGGCTA-1,2749.0,1442,10.985813,0.004569522013490969,False
AAACATGCACTTGTTC-1,2078.0,1144,6.881617,0.07332101047443006,False
AAACATGCAGCAAGTG-1,2125.0,1104,14.729412,0.0594961586564231,False
AAACATGCAGGGAGCT-1,2986.0,1569,5.2578697,0.013455328310010764,False
AAACCAACACAATGCC-1,5849.0,2449,11.027526,0.06423741547708492,False
AAACCAACACTAAGAA-1,10628.0,3727,10.331201,0.13184713375796173,False
AAACCAACAGGAACTG-1,5901.0,2434,15.590578,0.02251286449399657,False
AAACCAACAGGATGGC-1,3861.0,1784,7.174307,0.07534533277521976,False
AAACCAACATAATCCG-1,7975.0,3366,5.291536,0.17379145025968837,False
AAACCAACATTGTGCA-1,5525.0,2407,12.452488,0.03277439024390243,False
AAACCGAAGCTGGACC-1,6621.0,2762,15.33001,0.011634922002930278,False
AAACCGAAGTGAGCAA-1,1301.0,947,0.92236745,0.09775195756504167,False
AAACCGAAGTTGCGTG-1,2389.0,1298,8.162412,0.12281757977122211,False
AAACCGCGTACTTCAC-1,10327.0,3919,12.307544,0.38812042310821776,True
AAACCGCGTATGGTGC-1,2791.0,1409,9.781441,0.07137096774193549,False
AAACCGCGTCTAACCT-1,8622.0,3174,7.6548367,0.01234567901234568,False
AAACCGGCACATTAAC-1,10243.0,3989,8.561945,0.31158455392809603,True
AAACCGGCATAATCAC-1,7237.0,2895,11.828106,0.07332101047443006,False
AAACCGGCATTAGCCA-1,4839.0,2241,10.146725,0.10405083399523428,False
AAACGCGCACCTACTT-1,2462.0,1336,8.651504,0.052544613350958363,False
AAACGCGCAGCAAGAT-1,6340.0,2645,7.2239747,0.06423741547708492,False
AAACGGATCATGGCTG-1,4382.0,2057,10.109539,0.18159203980099492,True
AAACGGATCATTCATC-1,2552.0,1396,7.7586203,0.011634922002930278,False
AAACGGATCCACCCTG-1,2771.0,1425,8.805485,0.0580168776371308,False
AAACGGATCCCATAGG-1,3076.0,1693,13.003901,0.0594961586564231,False
AAACGGATCGGTAACT-1,435.0,346,2.5287356,0.03680733450182013,False
AAACGGATCGTTTCTG-1,2468.0,1202,6.685575,0.05519591141396934,False
AAACGTACAAGTGTTT-1,3026.0,1449,6.9729013,0.10405083399523428,False
AAACGTACACAACAGG-1,2708.0,1460,7.496307,0.09481481481481482,False
AAACGTACACAAGCCT-1,3278.0,1712,7.1690054,0.04040833687792429,False
AAACGTACAGCTAATT-1,3420.0,1630,11.25731,0.03513620213185945,False
AAACGTACAGGGAGGA-1,3282.0,1663,7.3126144,0.06949118986339338,False
AAAGCAAGTCCTTTAA-1,12348.0,4274,6.5678654,0.029868868382710054,False
AAAGCAAGTGCTAGCG-1,1822.0,959,24.53348,0.02251286449399657,False
AAAGCAAGTGTAATAC-1,3661.0,1786,5.6815076,0.0580168776371308,False
AAAGCAAGTTAACGGC-1,4662.0,2201,12.312312,0.33380581148121885,True
AAAGCACCAAATGCCC-1,5437.0,2058,8.239839,0.14198782961460438,False
AAAGCACCACAATTAC-1,16062.0,4661,12.987174,0.27434679334916884,True
AAAGCACCAGCCTTGG-1,4519.0,2105,16.331047,0.007222179078978022,False
AAAGCACCATGGCCCA-1,4039.0,1936,7.947512,0.1367661528369957,False
AAAGCACCATTGTGGC-1,7581.0,3057,9.774436,0.025962195399681167,False
AAAGCCCGTATTGAGT-1,4459.0,1944,5.4272256,0.03277439024390243,False
AAAGCCCGTCACAGAC-1,11811.0,3976,8.060283,0.2919020715630885,True
AAAGCCCGTCCTTTAA-1,4164.0,1853,16.762728,0.10405083399523428,False
AAAGCCCGTGAGAAAC-1,2172.0,1201,12.8453045,0.06767794632438741,False
AAAGCCCGTGCTAGAC-1,7398.0,2986,7.9616113,0.030570902394106814,False
AAAGCCCGTGGAAGGC-1,3908.0,1796,7.7021494,0.1367661528369957,False
AAAGCCCGTGTTGCTT-1,2642.0,1452,12.528388,0.007222179078978022,False
AAAGCCCGTTATCCTA-1,3060.0,1525,14.117648,0.03767403767403767,False
AAAGCCCGTTGGTTGA-1,2425.0,1313,9.113402,0.013837388079949352,False
AAAGCCGCACATAACT-1,9647.0,3547,11.827512,0.31158455392809603,True
AAAGCCGCACTGACTA-1,2543.0,1354,11.089265,0.03513620213185945,False
AAAGCCGCACTGGCTG-1,3401.0,1695,9.99706,0.07534533277521976,False
AAAGCCGCAGGAACTG-1,7160.0,2896,13.128492,0.030570902394106814,False
AAAGCCGCAGTTAAAG-1,3450.0,1783,7.449275,0.01803488715876614,False
AAAGCCGCATAGACTT-1,1941.0,1193,4.1731067,0.023616881696916687,False
AAAGCCGCATAGCTTG-1,2224.0,1262,6.0701437,0.021451104100946368,False
AAAGCCGCATGCAACC-1,3879.0,1976,4.8981695,0.052544613350958363,False
AAAGCCGCATTAAGCT-1,5138.0,2246,14.149475,0.02657921988263721,False
AAAGCCGCATTGTTGG-1,3795.0,1735,6.5876155,0.13184713375796173,False
AAAGCGGGTAAGGTCC-1,7166.0,3012,14.178063,0.421792618629174,True
AAAGCGGGTAGCCTCC-1,3615.0,1631,11.230982,0.039473684210526314,False
AAAGCGGGTCATCCTG-1,8569.0,2494,7.375423,0.05004812319538016,False
AAAGCGGGTGATCAGC-1,2435.0,1268,9.691992,0.03767403767403767,False
AAAGCGGGTTAACACG-1,3166.0,1624,8.370183,0.1367661528369957,False
AAAGCGGGTTCCGGGA-1,3444.0,1687,12.078979,0.07963446475195822,False
AAAGCGGGTTGAATCG-1,2587.0,1359,13.181292,0.052544613350958363,False
AAAGCGGGTTGCACAA-1,5169.0,1993,6.2100987,0.052544613350958363,False
AAAGCGGGTTTACCGT-1,3964.0,1843,7.114026,0.06102433708681438,False
AAAGCTTGTCAATACG-1,3594.0,1732,9.321091,0.025357827115969796,False
AAAGCTTGTCGACTAA-1,4096.0,1967,4.8095703,0.06592776609975157,False
AAAGCTTGTTAGAGGG-1,2412.0,1294,14.386402,0.01993253603189206,False
AAAGGACGTCAATAGT-1,7126.0,2752,21.625034,0.06767794632438741,False
AAAGGACGTCCTTCTC-1,4099.0,1936,14.296169,0.051277877258668406,False
AAAGGACGTTGGATCA-1,2480.0,1340,12.096774,0.04546832373446498,False
AAAGGAGCACAGAAAC-1,4538.0,2025,11.326575,0.013079455467568288,False
AAAGGAGCACCTGTAA-1,3710.0,1842,7.0889487,0.06423741547708492,False
AAAGGAGCAGGTTAAA-1,3418.0,1746,6.377999,0.04040833687792429,False
AAAGGAGCATTAAGTC-1,449.0,230,36.302895,0.11472602739726025,False
AAAGGAGCATTGTCCT-1,3290.0,1652,12.553191,0.02093531923757942,False
AAAGGAGCATTGTGAT-1,5274.0,2372,11.281759,0.24437299035369767,True
AAAGGCTCAATCCTAG-1,3317.0,1624,10.973772,0.04546832373446498,False
AAAGGCTCAATGCCCG-1,2049.0,1154,10.590531,0.010946117946542214,False
AAAGGCTCACAACAAA-1,3198.0,1717,9.287054,0.009951899154088572,False
AAAGGCTCACAGCCAT-1,5003.0,2309,4.4973016,0.03767403767403767,False
AAAGGCTCACCTACGG-1,5130.0,2116,14.91228,0.032023106869270374,False
AAAGGCTCACTAGGTC-1,6483.0,2692,15.625482,0.021451104100946368,False
AAAGGCTCACTTCACT-1,5852.0,2240,5.6903625,0.0594961586564231,False
AAAGGCTCAGGACACA-1,3243.0,1616,11.594203,0.010278265229380797,False
AAAGGCTCAGGATAAC-1,3925.0,1818,9.197452,0.04546832373446498,False
AAAGGTTAGCGATAAG-1,2345.0,1237,11.982943,0.12720519962859794,False
AAAGGTTAGGACGTAA-1,4301.0,1935,8.602651,0.12720519962859794,False
AAAGGTTAGGCGAAAC-1,2605.0,1370,9.366603,0.008391273076000958,False
AAAGGTTAGGTGAAAT-1,6216.0,2722,12.033462,0.03433029908972692,False
AAAGGTTAGGTTACGT-1,6738.0,2917,8.563372,0.33380581148121885,True
AAAGGTTAGTTAGCCG-1,5686.0,2463,14.720366,0.07534533277521976,False
AAATCCGGTAAACAAG-1,4602.0,2173,14.189484,0.07137096774193549,False
AAATCCGGTCAGGCAT-1,6798.0,2856,12.165343,0.011634922002930278,False
AAATCCGGTCATAACG-1,10496.0,3758,14.967607,0.2585915492957747,True
AAATCCGGTCTAGCTT-1,2394.0,1299,13.324979,0.0053278081989048395,False
AAATCCGGTCTCAGCC-1,1913.0,1128,8.154731,0.0594961586564231,False
AAATCCGGTGAGACTC-1,3957.0,1915,12.206217,0.04235191384078009,False
AAATCCGGTGTTGTGA-1,2750.0,1452,10.0,0.04546832373446498,False
AAATCCGGTTATCGAG-1,2417.0,1358,8.067853,0.03680733450182013,False
AAATGCCTCAAGCTTA-1,4367.0,1863,16.098007,0.029182178455626276,False
AAATGCCTCCTAGTCC-1,5727.0,2332,9.533788,0.02851033499643621,False
AAATGCCTCCTCACAC-1,4327.0,1878,12.84955,0.051277877258668406,False
AAATGCCTCGATTTAG-1,3672.0,1871,7.4618735,0.03354324636936127,False
AAATGCCTCGATTTGA-1,3468.0,1820,7.9873123,0.09481481481481482,False
AAATGCCTCTAGCTTT-1,3186.0,1739,6.936598,0.032023106869270374,False
AAATGGCCAAGGTACG-1,6969.0,2815,10.632803,0.010946117946542214,False
AAATGGCCACATAGCC-1,3360.0,1675,5.7738094,0.10743353228431904,False
AAATGGCCACGAACAG-1,3069.0,1554,10.068426,0.032023106869270374,False
AAATGGCCAGAGAGCC-1,6794.0,2946,8.492788,0.021451104100946368,False
AAATGGCCAGCCTTGG-1,4732.0,2291,11.3694,0.010278265229380797,False
AAATGGCCAGTTATGT-1,2697.0,1480,9.158323,0.01234567901234568,False
AAATGGCCATCACTTC-1,7566.0,3121,9.555908,0.03680733450182013,False
AACAAAGGTACTTCAC-1,3194.0,1608,10.551033,0.03680733450182013,False
AACAAAGGTAGCTGGT-1,3148.0,1378,3.8437102,0.032023106869270374,False
AACAAAGGTCCTAAGA-1,9030.0,3606,10.60908,0.2919020715630885,True
AACAAAGGTGTCCTGC-1,2705.0,1385,15.231053,0.007508212106992022,False
AACAAAGGTTAATCGG-1,3858.0,1923,7.905651,0.00481892523364486,False
AACAAAGGTTATAGCG-1,5609.0,2512,13.638794,0.06592776609975157,False
AACAAGCCAAATATCC-1,3637.0,1612,7.5611773,0.04040833687792429,False
AACAAGCCAACCGCCA-1,2434.0,1290,7.847165,0.03433029908972692,False
AACAAGCCAACCTAAT-1,8851.0,3355,11.89696,0.38812042310821776,True
AACAAGCCACAGACTC-1,4029.0,1906,9.704641,0.015430655569063874,False
AACAAGCCATCAGTAT-1,2772.0,1489,5.266955,0.05385002516356318,False
AACAAGCCATCTTGAG-1,5193.0,2210,7.9530134,0.029182178455626276,False
AACAAGCCATTAAACC-1,4922.0,2172,11.783828,0.09200676165177493,False
AACAGATAGACTAAGG-1,3739.0,1768,12.5969515,0.08674531575294935,False
AACAGATAGCCGCTAA-1,3641.0,1815,10.848668,0.04546832373446498,False
AACAGATAGCTATTGA-1,4773.0,2108,9.071863,0.019445007089325502,False
AACAGATAGCTTAGTA-1,6337.0,2658,13.066119,0.025962195399681167,False
AACAGATAGGAACGCG-1,4133.0,1968,13.33172,0.052544613350958363,False
AACAGATAGGTCCTAG-1,5731.0,2429,13.749782,0.10405083399523428,False
AACAGATAGTAACCCG-1,4361.0,2347,10.112359,0.023616881696916687,False
AACAGATAGTCAGGCC-1,6460.0,2750,9.334365,0.05385002516356318,False
AACAGATAGTGACCTG-1,3239.0,1764,7.5640626,0.01626867091618305,False
AACAGCAAGCGCAATT-1,2790.0,1437,8.673835,0.009313725490196078,False
AACAGCAAGGAACACA-1,3281.0,1674,8.564462,0.09481481481481482,False
AACAGCAAGTAAACCC-1,2290.0,1286,7.9039297,0.08931947069943286,False
AACAGGATCAACAAGG-1,8686.0,3358,6.7234626,0.31158455392809603,True
AACAGGATCATGCAAC-1,8804.0,3254,14.550204,0.025962195399681167,False
AACAGGATCATGCGTG-1,3569.0,1836,7.8453345,0.013079455467568288,False
AACAGGATCCTAATAG-1,2553.0,1360,10.732471,0.10082730093071354,False
AACAGGATCGAAGTAG-1,5611.0,2492,12.564606,0.05004812319538016,False
AACAGGATCGTTAGCG-1,4488.0,2156,14.928699,0.02093531923757942,False
AACAGGATCTGTGAGT-1,5358.0,2370,10.526316,0.029868868382710054,False
AACATAGCAACTAACT-1,1924.0,910,25.415798,0.010278265229380797,False
AACATAGCAATAATGG-1,3369.0,1760,5.9958444,0.03433029908972692,False
AACATAGCAATGAGGT-1,3512.0,1689,6.121868,0.09481481481481482,False
AACATAGCACCAAAGG-1,10879.0,3912,9.899807,0.2585915492957747,True
AACATAGCACCATATG-1,6682.0,2779,13.618676,0.014620689655172414,False
AACATAGCAGGCTAAG-1,3891.0,1658,3.3924441,0.051277877258668406,False
AACATAGCAGTCTAAT-1,2823.0,1486,9.31633,0.15977653631284908,False
AACATAGCATGAATAG-1,4226.0,1999,14.931377,0.04336283185840707,False
AACATAGCATGTGGGA-1,3666.0,1850,11.565739,0.032023106869270374,False
AACATCATCAGCATTA-1,2579.0,1346,13.299729,0.014225788801750865,False
AACATCATCAGTGAAG-1,3145.0,1398,15.294118,0.06767794632438741,False
AACATCATCCGTGACA-1,3337.0,1494,15.103386,0.33380581148121885,True
AACATCATCGCTAAGT-1,5841.0,2448,8.936826,0.06423741547708492,False
AACATCATCTCAATGA-1,2062.0,1053,26.139671,0.07534533277521976,False
AACATCATCTTGATGA-1,3106.0,1777,2.4790728,0.021451104100946368,False
AACATTGTCCCTGACT-1,2487.0,1418,5.106554,0.03767403767403767,False
AACATTGTCGCTAGAT-1,4594.0,2098,14.083587,0.08427729950158584,False
AACATTGTCTCGCCTG-1,3129.0,1529,17.449665,0.05385002516356318,False
AACCCGCAGCCAAATC-1,2063.0,1114,21.037323,0.06102433708681438,False
AACCCGCAGCCTAACG-1,4565.0,2334,8.718511,0.027209302325581396,False
AACCCGCAGCGGATTT-1,3837.0,1806,14.542611,0.13184713375796173,False
AACCCGCAGGACAACA-1,3456.0,1704,15.538195,0.05519591141396934,False
AACCCGCAGGCGGATG-1,10373.0,3837,12.677142,0.33380581148121885,True
AACCCGCAGGTAGCTT-1,7589.0,3061,10.343919,0.07332101047443006,False
AACCCGCAGGTCATTA-1,3092.0,1591,5.4980593,0.011987491313412093,False
AACCCGCAGGTGTCCA-1,6901.0,2796,13.650195,0.0053278081989048395,False
AACCCGCAGTATTGGC-1,4373.0,1879,8.598217,0.08674531575294935,False
AACCCGCAGTGGACAA-1,3280.0,1576,4.9695125,0.027209302325581396,False
AACCGCTCACCTCAGG-1,10093.0,3601,9.29357,0.1367661528369957,False
AACCGCTCACTAAATC-1,7034.0,2669,7.762297,0.1665381649961449,False
AACCGCTCACTTAACG-1,7106.0,2763,10.287082,0.18159203980099492,True
AACCGCTCAGCATGAG-1,3355.0,1712,12.608048,0.021976855292493894,False
AACCGCTCAGCTTACA-1,2841.0,1676,8.025343,0.047693266832917705,False
AACCGCTCAGGTATTT-1,2273.0,1206,20.633524,0.05519591141396934,False
AACCGCTCATATAACC-1,8961.0,3788,0.903917,0.14754098360655732,False
AACCGCTCATCTAGCA-1,3472.0,1698,8.58295,0.12720519962859794,False
AACCGCTCATGTCAGC-1,13183.0,4259,16.12683,0.33380581148121885,True
AACCGGCTCAGGCCTA-1,9570.0,3687,12.549634,0.46131805157593153,True
AACCGGCTCATAACTG-1,4580.0,1942,6.5065503,0.03596164091635589,False
AACCGGCTCCGCAACA-1,5016.0,2206,7.8349285,0.03128880059597715,False
AACCGGCTCTCCATGC-1,3225.0,1653,6.2325583,0.11098748261474266,False
AACCGGCTCTTAGCCC-1,4780.0,2149,12.196652,0.05385002516356318,False
AACCGGCTCTTGAGCG-1,4224.0,1647,4.3323865,0.05004812319538016,False
AACCTAATCATTGTTC-1,3697.0,1926,8.168785,0.03128880059597715,False
AACCTAATCCTGCGAA-1,3504.0,1802,8.219178,0.15345821325648415,False
AACCTAATCCTTGCAC-1,3810.0,1892,8.47769,0.02851033499643621,False
AACCTAATCGCAACAT-1,3118.0,1362,17.190508,0.0580168776371308,False
AACCTCACAACACCTA-1,3437.0,1785,7.652022,0.04885375494071145,False
AACCTCACACAAAGCG-1,4499.0,2150,11.735942,0.01993253603189206,False
AACCTCACAGTATGTT-1,4870.0,2256,13.613963,0.12720519962859794,False
AACCTCACAGTCTAAT-1,2559.0,1298,11.801485,0.05004812319538016,False
AACCTCACATACTCCT-1,4899.0,2289,5.5725656,0.02657921988263721,False
AACCTCACATAGACTT-1,6351.0,2621,6.5501494,0.14198782961460438,False
AACCTCACATGACTAT-1,4888.0,2136,14.709492,0.08931947069943286,False
AACCTCACATTTGCTC-1,3413.0,1803,8.702022,0.021451104100946368,False
AACCTCCTCATTACGA-1,4790.0,2142,9.791232,0.03277439024390243,False
AACCTCCTCCGCCAAA-1,4858.0,2278,5.2284894,0.04440125579309313,False
AACCTCCTCCTCAGTC-1,7000.0,2999,5.9428573,0.14754098360655732,False
AACCTCCTCCTCGATC-1,4978.0,2257,6.267577,0.12720519962859794,False
AACCTCCTCGCAAACT-1,1690.0,1049,9.881657,0.024185532854776367,False
AACCTCCTCGCAATCG-1,4354.0,1906,15.227377,0.02476572958500669,False
AACCTCCTCGCGCTAA-1,3702.0,1879,10.372771,0.11866393202461177,False
AACCTCCTCTCATCAT-1,2727.0,1467,7.2973967,0.005071664829106946,False
AACCTTAAGAGGAAGG-1,3082.0,1575,6.1323814,0.014620689655172414,False
AACCTTAAGCAAGGGT-1,4396.0,1875,11.988172,0.03354324636936127,False
AACCTTAAGCCTTAAA-1,9395.0,3408,9.888239,0.06767794632438741,False
AACCTTAAGCGGCTGT-1,6180.0,2580,15.53398,0.01713621841417369,False
AACCTTAAGTTATGTG-1,4504.0,2215,12.078153,0.03596164091635589,False
AACCTTGCAAACTGTT-1,8025.0,3132,12.448599,0.051277877258668406,False
AACCTTGCAAAGCGGC-1,2994.0,1655,6.847028,0.07744826114785579,False
AACCTTGCAAGGAATC-1,3579.0,1691,8.354289,0.0594961586564231,False
AACCTTGCACCTATAG-1,3884.0,1805,14.54686,0.04136742315426601,False
AACCTTGCAGTTTGTG-1,2281.0,1211,13.765892,0.0077983458054352115,False
AACCTTGCATCCCTCA-1,3041.0,1585,6.5439,0.03596164091635589,False
AACGACAAGCAAGGGT-1,9312.0,3479,16.698883,0.38812042310821776,True
AACGACAAGCCGGTAC-1,5757.0,2616,7.1391354,0.01993253603189206,False
AACGACAAGCTGGCTA-1,7111.0,2793,13.950218,0.009951899154088572,False
AACGACAAGGACACTT-1,7736.0,3006,14.503619,0.0385625431928127,False
AACGACAAGGGTCCAC-1,5322.0,2353,11.574596,0.051277877258668406,False
AACGACAAGGTGAAGC-1,2947.0,1567,8.958263,0.039473684210526314,False
AACGACAAGTAAGTCC-1,1864.0,1044,9.7103,0.02657921988263721,False
AACGCCCAGAGGAAGG-1,4192.0,1677,10.162213,0.02476572958500669,False
AACGCCCAGCCTGAGC-1,5169.0,2390,10.872509,0.10405083399523428,False
AACGCCCAGCTTTGGG-1,2401.0,1228,6.7471886,0.025357827115969796,False
AACGCCCAGTAGCCAT-1,5790.0,2619,10.932642,0.006117362736953402,False
AACGCCCAGTAGGATG-1,2937.0,1510,9.431393,0.05385002516356318,False
AACGCCCAGTCATTAG-1,6441.0,2690,15.55659,0.06949118986339338,False
AACGCTAGTAATAACC-1,8683.0,3376,8.764252,0.09481481481481482,False
AACGCTAGTACGGGTT-1,4284.0,1953,14.052288,0.04440125579309313,False
AACGCTAGTCACAAAT-1,3115.0,1600,7.897271,0.01669865642994242,False
AACGCTAGTCCTGATT-1,3869.0,1836,14.318946,0.029182178455626276,False
AACGCTAGTGTTGCTT-1,5306.0,2342,9.988692,0.03354324636936127,False
AACGCTAGTTTGTCTA-1,3497.0,1702,9.722619,0.07137096774193549,False
AACGGTAAGCTAAAGG-1,8233.0,3229,6.4860926,0.33380581148121885,True
AACGGTAAGGACCTCA-1,3779.0,1813,12.437153,0.019445007089325502,False
AACGGTAAGGCCATCA-1,2938.0,1307,28.318584,0.01896638233818364,False
AACTACTCAACCGCCA-1,6025.0,2547,10.804979,0.06767794632438741,False
AACTACTCAATAGCAA-1,3286.0,1656,11.168594,0.032023106869270374,False
AACTACTCACAATGTT-1,3189.0,1644,7.400439,0.01584606677985286,False
AACTACTCACTTCACT-1,3829.0,1945,5.0404806,0.01584606677985286,False
AACTACTCATAACGGG-1,7099.0,2808,7.1981964,0.2919020715630885,True
AACTACTCATAATCGT-1,6513.0,2658,11.100875,0.15345821325648415,False
AACTACTCATTAAGCT-1,8302.0,3056,8.817153,0.025962195399681167,False
AACTACTCATTCCTCG-1,5225.0,2364,10.105264,0.018496420047732696,False
AACTAGCTCAGGCCTA-1,3633.0,1746,11.010184,0.05519591141396934,False
AACTAGCTCGGTTAGT-1,4676.0,2041,6.4585114,0.06592776609975157,False
AACTAGCTCTTGCTAT-1,5645.0,2498,8.591674,0.01626867091618305,False
AACTAGTGTAAAGCGG-1,4006.0,1799,19.545681,0.05385002516356318,False
AACTAGTGTAATTAGC-1,2491.0,1331,10.558009,0.009630422256975885,False
AACTAGTGTCAATAGT-1,4496.0,1985,7.384342,0.03680733450182013,False
AACTAGTGTGGACCTG-1,5349.0,2388,15.068237,0.06592776609975157,False
AACTAGTGTGTTAGCA-1,3182.0,1722,6.882464,0.03767403767403767,False
AACTAGTGTGTTTCAC-1,3710.0,1767,17.061995,0.03513620213185945,False
AACTAGTGTTACGCAA-1,1790.0,1025,14.357541,0.024185532854776367,False
AACTAGTGTTCTTTAG-1,2712.0,1360,12.610619,0.019445007089325502,False
AACTAGTGTTGTTGTC-1,462.0,125,67.09956,0.012709620476610766,False
AACTCACAGAGAGGCT-1,2025.0,1105,9.827161,0.07534533277521976,False
AACTCACAGCAACATC-1,2880.0,1656,4.513889,0.052544613350958363,False
AACTCACAGCACAGAA-1,4197.0,1853,11.03169,0.0385625431928127,False
AACTGTTCAACAGCCT-1,9747.0,3571,7.5920796,0.21972656249999997,True
AACTGTTCAATAATCC-1,2944.0,1418,12.330163,0.029868868382710054,False
AACTGTTCACAAACTT-1,6245.0,2586,13.819056,0.02251286449399657,False
AACTGTTCAGCAACCT-1,4243.0,2020,10.982795,0.023616881696916687,False
AACTGTTCATCCCTCA-1,3101.0,1481,16.83328,0.00481892523364486,False
AACTTAGTCCCGTTAC-1,2673.0,1566,7.4074073,0.10405083399523428,False
AACTTAGTCCCTGACT-1,2421.0,1345,7.8893023,0.018496420047732696,False
AACTTAGTCCGGTTAG-1,5091.0,2263,12.355137,0.03277439024390243,False
AACTTAGTCGCATTAA-1,2896.0,1670,7.734807,0.01626867091618305,False
AACTTAGTCGGTAACT-1,2606.0,1416,9.5165,0.052544613350958363,False
AACTTAGTCGTACCGA-1,2967.0,1606,5.5274687,0.08190899001109879,False
AACTTAGTCGTCATTT-1,6713.0,2920,9.146433,0.047693266832917705,False
AAGAACAGTAGGTTGC-1,4226.0,1962,9.772835,0.06423741547708492,False
AAGAACAGTATTCGTC-1,5833.0,2512,7.663295,0.08427729950158584,False
AAGAACAGTCTTTATG-1,2988.0,1533,18.875502,0.02851033499643621,False
AAGAACAGTGGACCTG-1,2453.0,1382,11.088463,0.0580168776371308,False
AAGAACAGTGTTTGCT-1,2531.0,1419,6.0450416,0.008391273076000958,False
AAGAACAGTTAAGCTG-1,2827.0,1407,11.177927,0.04235191384078009,False
AAGAATCAGAAGCTAG-1,2619.0,1419,6.3764796,0.13184713375796173,False
AAGAATCAGAGCCGGA-1,2254.0,1307,12.244898,0.0058505850585058505,False
AAGAATCAGCCTAATA-1,5250.0,2181,14.666666,0.04040833687792429,False
AAGAATCAGCTAGAAG-1,3057.0,1656,3.5982988,0.03128880059597715,False
AAGAATCAGCTATATG-1,4620.0,1942,7.532468,0.04546832373446498,False
AAGAATCAGCTCCTTA-1,6050.0,2422,14.6280985,0.0594961586564231,False
AAGAATCAGCTTAGCG-1,4069.0,1860,9.265176,0.1665381649961449,False
AAGAATCAGGAGGGTT-1,3100.0,1445,14.290322,0.04440125579309313,False
AAGAATCAGTCCTTCA-1,3993.0,1959,10.242925,0.08427729950158584,False
AAGAATCAGTGACCTG-1,2241.0,1365,6.7826858,0.02476572958500669,False
AAGAATCAGTGAGCGG-1,6611.0,2807,13.6288,0.2919020715630885,True
AAGAATCAGTTCCCGT-1,688.0,527,4.360465,0.01758155889822231,False
AAGACAAGTCCTTTAA-1,2422.0,1289,10.693642,0.047693266832917705,False
AAGACAAGTGGACCTG-1,4798.0,2277,11.900792,0.052544613350958363,False
AAGACAAGTTAGAGCC-1,5301.0,2424,10.375401,0.15345821325648415,False
AAGACAAGTTCAAGCA-1,1759.0,943,13.757817,0.10082730093071354,False
AAGACAAGTTGGCGTG-1,2036.0,1197,7.269155,0.012709620476610766,False
AAGACAAGTTGTTGTC-1,2606.0,1456,13.315426,0.052544613350958363,False
AAGACATAGAGAAGGG-1,4145.0,1962,18.190592,0.08190899001109879,False
AAGACATAGCGGATAA-1,3491.0,1765,8.6794615,0.046565237436606725,False
AAGACATAGGACAACA-1,2819.0,1493,8.300816,0.02251286449399657,False
AAGACATAGGAGGTTA-1,2662.0,1441,6.799399,0.025962195399681167,False
AAGACATAGGATTTGC-1,3535.0,1887,6.5629425,0.010609632873021219,False
AAGACATAGGGCCATC-1,6562.0,2731,12.282841,0.3590909090909092,True
AAGACATAGGTGCTGC-1,154.0,121,15.584415,0.013079455467568288,False
AAGACATAGTAGGATG-1,3056.0,1597,11.191099,0.013837388079949352,False
AAGACATAGTTACCGG-1,4084.0,1999,7.7864842,0.010946117946542214,False
AAGACATAGTTATGTG-1,1727.0,974,16.850029,0.03277439024390243,False
AAGACCAAGTCGCAAT-1,12449.0,4091,16.21817,0.2585915492957747,True
AAGACCAAGTGTTGCG-1,7092.0,2768,9.390863,0.08427729950158584,False
AAGACCAAGTTAGACC-1,2895.0,1669,6.390328,0.014225788801750865,False
AAGACCAAGTTCCCAC-1,7723.0,3265,7.212223,0.06949118986339338,False
AAGACCAAGTTTGGGT-1,5247.0,2472,7.8521056,0.23147675012774666,True
AAGCAAGTCACGCCAA-1,3276.0,1601,11.660562,0.04136742315426601,False
AAGCAAGTCATGCTTT-1,5416.0,2294,11.170606,0.03354324636936127,False
AAGCAAGTCCCTCACG-1,4571.0,2014,8.007,0.021976855292493894,False
AAGCATGAGAGAGCCG-1,5277.0,2321,8.053819,0.21972656249999997,True
AAGCATGAGGAACACA-1,5188.0,2163,15.439476,0.06592776609975157,False
AAGCATGAGGCCTAAT-1,2986.0,1595,8.004019,0.07744826114785579,False
AAGCATGAGGGTTAGA-1,3239.0,1672,0.679222,0.02251286449399657,False
AAGCATGAGGTAGCTT-1,3409.0,1663,14.579055,0.05519591141396934,False
AAGCCACGTCATAACG-1,3381.0,1722,11.12097,0.01626867091618305,False
AAGCCACGTTTCAGGA-1,12133.0,4002,11.481085,0.01128783991790662,False
AAGCCACGTTTGGGCG-1,3515.0,1634,9.502133,0.015430655569063874,False
AAGCCTCCAAACCTTG-1,3730.0,1783,7.8016086,0.09481481481481482,False
AAGCCTCCAAGTGAAC-1,3375.0,1823,7.9703703,0.003603985584057664,False
AAGCCTCCACAGGAAT-1,2626.0,1449,8.834729,0.04040833687792429,False
AAGCCTCCAGAATGAC-1,1171.0,549,11.443212,0.025357827115969796,False
AAGCCTCCAGTATGTT-1,2604.0,1453,4.8387094,0.11866393202461177,False
AAGCCTCCAGTTAAAG-1,4858.0,2196,15.02676,0.07744826114785579,False
AAGCCTCCATGCTTAG-1,2845.0,1522,8.963093,0.01626867091618305,False
AAGCCTCCATTGTGTG-1,3464.0,1675,5.9468822,0.08931947069943286,False
AAGCCTGTCATGACCG-1,2944.0,1466,13.994566,0.01758155889822231,False
AAGCCTGTCATTACTC-1,5428.0,2253,11.901253,0.018496420047732696,False
AAGCCTGTCCGCAACA-1,3386.0,1422,5.2864738,0.052544613350958363,False
AAGCCTGTCCTCAGTC-1,1303.0,741,23.407522,0.021451104100946368,False
AAGCCTGTCGCAAACT-1,19257.0,5513,11.756763,0.2919020715630885,True
AAGCCTGTCGCGACAC-1,2929.0,1464,5.052919,0.05385002516356318,False
AAGCCTGTCTACCTCA-1,7040.0,2795,9.21875,0.09200676165177493,False
AAGCCTGTCTAGCGAT-1,4499.0,1993,8.335186,0.08931947069943286,False
AAGCCTGTCTAGCTAA-1,7681.0,3031,12.159875,0.009313725490196078,False
AAGCCTGTCTTAGCCC-1,2889.0,1496,6.853583,0.008694252133311868,False
AAGCCTTAGGCAACAA-1,4270.0,1987,12.412178,0.07137096774193549,False
AAGCCTTAGGCCTTAG-1,6159.0,2605,16.0578,0.421792618629174,True
AAGCCTTAGTAAACCC-1,2805.0,1461,7.5935826,0.03680733450182013,False
AAGCCTTAGTAACAGG-1,2362.0,1203,17.019474,0.013079455467568288,False
AAGCGAATCAGCAAGA-1,2663.0,1421,7.6980853,0.01669865642994242,False
AAGCGAATCCCGCATT-1,3051.0,1556,10.226155,0.02851033499643621,False
AAGCGAATCCCTCAAC-1,3991.0,1898,6.8403907,0.029182178455626276,False
AAGCGAATCTAATCCT-1,3776.0,1816,15.889831,0.01584606677985286,False
AAGCGAGGTAACCTAG-1,1630.0,929,9.018405,0.04235191384078009,False
AAGCGAGGTAAGCTCA-1,2514.0,1287,14.240254,0.052544613350958363,False
AAGCGAGGTAAGCTTG-1,2125.0,1202,14.964705,0.0385625431928127,False
AAGCGAGGTAGTAAGA-1,7708.0,3107,11.728074,0.5083682008368199,True
AAGCGAGGTCATCCTG-1,2245.0,1165,13.585747,0.03680733450182013,False
AAGCGAGGTGTCCTGC-1,4329.0,2079,14.529915,0.04040833687792429,False
AAGCGAGGTGTGCAAC-1,2729.0,1496,7.0355444,0.01896638233818364,False
AAGCGAGGTTCAAGAT-1,4555.0,2022,18.792536,0.051277877258668406,False
AAGCGAGGTTTAGCGA-1,3419.0,1748,11.231354,0.029182178455626276,False
AAGCGCTGTAAGCACC-1,3427.0,1685,15.903123,0.06260387811634349,False
AAGCGCTGTAGCTGCG-1,2887.0,1425,6.789055,0.08674531575294935,False
AAGCGCTGTATGTGGC-1,2838.0,1338,18.957012,0.021451104100946368,False
AAGCGCTGTCATAAGT-1,4062.0,1854,4.5297885,0.09200676165177493,False
AAGCGCTGTGCGCATG-1,4742.0,2135,19.696331,0.11098748261474266,False
AAGCGCTGTGGACCTG-1,3023.0,1411,8.038373,0.046565237436606725,False
AAGCGCTGTGTGCACG-1,2614.0,1253,13.198164,0.24437299035369767,True
AAGCGCTGTGTTGCAA-1,5168.0,2210,13.564241,0.0077983458054352115,False
AAGCGCTGTTAAGCCA-1,3445.0,1788,7.6052246,0.10743353228431904,False
AAGCGCTGTTATAGCG-1,2871.0,1567,7.906653,0.01128783991790662,False
AAGCGGGTCAATGTCA-1,2090.0,1173,12.631578,0.01234567901234568,False
AAGCGGGTCATGCTTT-1,4525.0,2134,13.21547,0.027209302325581396,False
AAGCGGGTCCGTCCAT-1,6778.0,2701,14.104456,0.01713621841417369,False
AAGCGGGTCCTCACAC-1,2224.0,1232,11.780576,0.046565237436606725,False
AAGCGGGTCCTTGTTG-1,1300.0,861,5.538461,0.09775195756504167,False
AAGCGGGTCGAGGAGT-1,2189.0,1343,4.0201006,0.014620689655172414,False
AAGCGGGTCGCCTAAG-1,3787.0,1689,8.529179,0.0594961586564231,False
AAGCGGGTCGCGCTAA-1,2479.0,1364,12.101654,0.00666207213416035,False
AAGCGGGTCGTTACAA-1,2781.0,1352,5.4297013,0.03767403767403767,False
AAGCGGGTCTATCGCC-1,1730.0,820,26.127169,0.08931947069943286,False
AAGCGGGTCTGCAAGT-1,5445.0,2445,15.886134,0.03433029908972692,False
AAGCGGGTCTTCAATC-1,4071.0,1897,10.071236,0.03354324636936127,False
AAGCGTTTCACAGGAA-1,2799.0,1501,8.538764,0.05385002516356318,False
AAGCGTTTCGTTTCTG-1,2163.0,1111,14.5631075,0.03354324636936127,False
AAGCTAGAGGAGGTTA-1,5180.0,2474,7.972973,0.039473684210526314,False
AAGCTAGAGGATCACT-1,1902.0,1105,7.6761303,0.06423741547708492,False
AAGCTAGAGGCACAGG-1,1208.0,835,6.5397353,0.04440125579309313,False
AAGCTAGAGGCCTGGT-1,2582.0,1530,0.92951196,0.04040833687792429,False
AAGCTAGAGTTAACCA-1,2253.0,1355,9.764758,0.02093531923757942,False
AAGCTAGAGTTCCTGC-1,2976.0,1541,9.543011,0.06102433708681438,False
AAGCTAGAGTTGTCAA-1,3598.0,1679,5.6698165,0.023616881696916687,False
AAGCTATGTATTACCC-1,4367.0,1903,6.2285323,0.14754098360655732,False
AAGCTATGTGAGGTGA-1,5325.0,2330,8.093897,0.06949118986339338,False
AAGCTATGTGCTGGTG-1,3040.0,1529,7.828947,0.14754098360655732,False
AAGCTATGTGGAAACG-1,2922.0,1613,10.540726,0.05658418411489879,False
AAGCTATGTGTTGTGA-1,4528.0,2281,10.24735,0.023059434881455017,False
AAGCTATGTTAACACG-1,5261.0,2376,12.393082,0.039473684210526314,False
AAGCTATGTTGCTTCG-1,5941.0,2610,10.368625,0.02251286449399657,False
AAGCTATGTTTAACGG-1,7827.0,3126,15.944806,0.07963446475195822,False
AAGCTATGTTTACTTG-1,2833.0,1472,10.024709,0.10082730093071354,False
AAGCTCCCAACACCTA-1,7880.0,3104,12.309645,0.023059434881455017,False
AAGCTCCCAATACTGT-1,3133.0,1702,8.77753,0.14198782961460438,False
AAGCTCCCACAACAAA-1,6394.0,2817,9.743509,0.3590909090909092,True
AAGCTCCCAGATAGAC-1,3040.0,1540,5.756579,0.0385625431928127,False
AAGCTCCCATGCTTAG-1,4302.0,2026,15.086007,0.07332101047443006,False
AAGCTCCCATTAAGCT-1,1973.0,1101,9.477952,0.03680733450182013,False
AAGCTTGGTGTTAAAC-1,3301.0,1641,12.844592,0.03596164091635589,False
AAGCTTGGTTAGTGAT-1,2332.0,1255,11.020583,0.04546832373446498,False
AAGGAAGCAAACCTTG-1,5731.0,2639,8.375502,0.02251286449399657,False
AAGGAAGCACTGGCTG-1,3890.0,1921,7.840617,0.02476572958500669,False
AAGGAAGCAGTTATCG-1,3217.0,1519,17.345352,0.015022255192878337,False
AAGGAAGCATTATGAC-1,5570.0,2420,11.328546,0.05004812319538016,False
AAGGATCCACCTACTT-1,7497.0,3199,8.043218,0.2585915492957747,True
AAGGATCCAGCAAGAT-1,3862.0,1932,11.988607,0.047693266832917705,False
AAGGATCCAGGCAAGC-1,2727.0,1572,9.717639,0.004569522013490969,False
AAGGATCCATACTCCT-1,3658.0,1944,4.7566977,0.06592776609975157,False
AAGGATCCATCAGTAT-1,3355.0,1662,8.435171,0.08190899001109879,False
AAGGATCCATTAAACC-1,4931.0,2167,13.222469,0.047693266832917705,False
AAGGATGTCCAGCACA-1,8209.0,3171,7.991229,0.008391273076000958,False
AAGGATGTCGCATTAA-1,8428.0,3312,10.963455,0.14754098360655732,False
AAGGATGTCGGTAACT-1,3317.0,1682,7.898704,0.052544613350958363,False
AAGGATGTCGTTAGCG-1,3725.0,1900,18.57718,0.07534533277521976,False
AAGGATGTCTTGAGCG-1,2098.0,1165,9.294566,0.15345821325648415,False
AAGGATTAGAGGGACT-1,4051.0,1957,10.31844,0.025357827115969796,False
AAGGATTAGATAAAGC-1,5201.0,2392,9.19054,0.027209302325581396,False
AAGGATTAGCAATAGG-1,2613.0,1387,11.595867,0.052544613350958363,False
AAGGATTAGCTAAGTC-1,3650.0,1626,24.60274,0.02657921988263721,False
AAGGATTAGGAGGGTT-1,3433.0,1859,6.787067,0.01993253603189206,False
AAGGATTAGGCTTAGT-1,3551.0,1902,9.602929,0.05658418411489879,False
AAGGATTAGTAGCTTA-1,3613.0,1569,0.9964019,0.06592776609975157,False
AAGGATTAGTCATTTC-1,5776.0,2505,10.612881,0.09200676165177493,False
AAGGATTAGTCTTGAA-1,3199.0,1701,8.440138,0.06102433708681438,False
AAGGCCCTCGCATTAA-1,7517.0,3013,6.8511376,0.05519591141396934,False
AAGGTATAGGAGCAAC-1,1986.0,1029,11.379658,0.07137096774193549,False
AAGGTATAGTTGGCCA-1,4257.0,2065,11.862814,0.08931947069943286,False
AAGGTCAAGCCTAACG-1,2939.0,1534,6.0224566,0.027209302325581396,False
AAGGTCAAGCTAAGTC-1,2221.0,1184,6.7086897,0.07137096774193549,False
AAGGTCAAGCTTAGCG-1,5136.0,2342,14.310747,0.03277439024390243,False
AAGGTCAAGGAAGTAT-1,3191.0,1684,5.766217,0.04440125579309313,False
AAGGTCAAGGGTCTAT-1,2586.0,1401,2.0108275,0.06949118986339338,False
AAGGTCAAGGTCGATT-1,4823.0,1894,8.936346,0.030570902394106814,False
AAGGTCAAGTAAGTGG-1,4852.0,2315,7.6669416,0.06260387811634349,False
AAGGTCAAGTCACCAG-1,3371.0,1706,10.442005,0.046565237436606725,False
AAGGTGCAGACTAAGG-1,2121.0,1167,12.2583685,0.01669865642994242,False
AAGGTGCAGCCACATG-1,2502.0,1512,9.352518,0.0594961586564231,False
AAGGTGCAGCTAATCA-1,4100.0,1933,6.0731707,0.04136742315426601,False
AAGGTGCAGCTAGAAG-1,3262.0,1689,10.515021,0.05519591141396934,False
AAGGTGCAGCTATGAC-1,6904.0,2736,8.502317,0.13184713375796173,False
AAGGTGCAGTATCGCG-1,4056.0,2012,12.5986185,0.06260387811634349,False
AAGGTGCAGTGCACGC-1,4095.0,1934,8.083029,0.06949118986339338,False
AAGGTGCAGTTATCCT-1,4211.0,1893,12.966042,0.06949118986339338,False
AAGTAGCCAAGTGAAC-1,3628.0,1790,12.568909,0.01669865642994242,False
AAGTAGCCAGCTCATA-1,3337.0,1632,11.926881,0.025962195399681167,False
AAGTAGCCAGGAACCA-1,8598.0,3407,10.525703,0.03680733450182013,False
AAGTAGCCATATAACC-1,2481.0,1265,4.8367596,0.04235191384078009,False
AAGTAGCCATTCAGCA-1,3447.0,1745,10.588918,0.03596164091635589,False
AAGTCTATCCATAAGC-1,5961.0,2427,12.950847,0.09481481481481482,False
AAGTCTATCCCTGGTT-1,5006.0,2121,16.879745,0.02851033499643621,False
AAGTCTATCCCTTGCG-1,3015.0,1521,7.4626865,0.07137096774193549,False
AAGTGAAGTACCGTAA-1,3368.0,1655,8.076009,0.06423741547708492,False
AAGTGAAGTATTCGCT-1,3600.0,1769,7.1666665,0.04336283185840707,False
AAGTGAAGTCACCAAA-1,6957.0,2909,13.784677,0.03433029908972692,False
AAGTGAAGTCGCGCAA-1,3179.0,1582,7.486631,0.07137096774193549,False
AAGTGAAGTGAGGTAG-1,3861.0,1826,13.131313,0.06592776609975157,False
AAGTGAAGTTCTTTAG-1,5564.0,2495,13.048167,0.03596164091635589,False
AAGTGAAGTTTACCGT-1,391.0,320,0.7672635,0.24437299035369767,True
AAGTGCAAGACAAGTG-1,3522.0,1737,11.158433,0.047693266832917705,False
AAGTGCAAGAGAGCCG-1,2063.0,1156,8.91905,0.003603985584057664,False
AAGTGCAAGCCAAATC-1,3398.0,1619,8.563861,0.12281757977122211,False
AAGTGCAAGGGTGGAT-1,2044.0,1128,6.5068493,0.046565237436606725,False
AAGTGTTGTAATCCCT-1,3142.0,1664,6.7791214,0.09775195756504167,False
AAGTGTTGTCACAAAT-1,2733.0,1386,12.69667,0.05385002516356318,False
AAGTGTTGTGTTTGAG-1,3043.0,1486,15.511009,0.027209302325581396,False
AAGTGTTGTTGCACGG-1,3201.0,1596,12.339893,0.03513620213185945,False
AAGTGTTGTTTGTGGA-1,4690.0,2125,10.106609,0.029182178455626276,False
AAGTTACGTAAGCACC-1,4637.0,2114,15.699805,0.09775195756504167,False
AAGTTACGTAATGACT-1,4209.0,1955,9.289618,0.21972656249999997,True
AAGTTACGTACTGAAT-1,2624.0,1396,13.605184,0.018496420047732696,False
AAGTTACGTTAGTGAT-1,3590.0,1787,6.880223,0.10743353228431904,False
AAGTTACGTTCATTTG-1,4352.0,1928,13.373162,0.02093531923757942,False
AAGTTAGCAACAGCCT-1,5205.0,1848,4.034582,0.039473684210526314,False
AAGTTAGCAAGGTGGC-1,4665.0,1890,6.0878882,0.05658418411489879,False
AAGTTAGCACATAGCC-1,3811.0,1807,7.898189,0.19910313901345295,True
AAGTTAGCACTAGCGT-1,8133.0,2515,8.238043,0.052544613350958363,False
AAGTTAGCACTGGCCA-1,2763.0,1484,9.916757,0.0594961586564231,False
AAGTTAGCAGGCGAGT-1,2375.0,1235,8.884211,0.04136742315426601,False
AAGTTAGCAGTTTACG-1,3135.0,1674,8.293461,0.029182178455626276,False
AAGTTAGCATAGACTT-1,5672.0,2349,12.940762,0.05385002516356318,False
AAGTTAGCATTGTGAT-1,2860.0,1459,8.741259,0.023616881696916687,False
AAGTTTGTCACATTGA-1,6814.0,2827,8.02759,0.18159203980099492,True
AAGTTTGTCAGCACCA-1,163.0,124,12.883435,0.018496420047732696,False
AAGTTTGTCATTGACA-1,3017.0,1452,17.765993,0.07137096774193549,False
AAGTTTGTCCACCCTG-1,1048.0,716,15.171756,0.0594961586564231,False
AAGTTTGTCCAGGTTG-1,3497.0,1844,8.635974,0.03128880059597715,False
AAGTTTGTCGCTAGAT-1,5417.0,2413,10.208602,0.06423741547708492,False
AAGTTTGTCGGTTAGT-1,6944.0,2785,10.15265,0.11098748261474266,False
AAGTTTGTCGTTATCT-1,2418.0,1337,11.497105,0.02093531923757942,False
AATAACCGTAATAGCT-1,2421.0,1390,5.9892607,0.02093531923757942,False
AATAACCGTCACCAAA-1,2772.0,1425,7.683983,0.12281757977122211,False
AATAACCGTGGAAGGC-1,3718.0,1738,16.245293,0.029182178455626276,False
AATAACCGTTACGCAA-1,3635.0,1893,9.050894,0.06949118986339338,False
AATAACCGTTCACCAT-1,3621.0,1762,11.433306,0.05385002516356318,False
AATACCGGTGGACCTG-1,8874.0,3151,7.5163403,0.06423741547708492,False
AATAGAGGTAAGCTTG-1,2301.0,1381,5.6931767,0.11866393202461177,False
AATAGAGGTAAGGTTT-1,3628.0,1777,5.2370453,0.15977653631284908,False
AATAGAGGTAGGATCC-1,3327.0,1468,5.0796514,0.08190899001109879,False
AATAGAGGTATCTGGA-1,3280.0,1617,9.573171,0.23147675012774666,True
AATAGAGGTCGACTCC-1,3315.0,1612,8.959276,0.032023106869270374,False
AATAGAGGTGCTCACC-1,9175.0,3311,11.662126,0.021451104100946368,False
AATAGAGGTGGTTATG-1,4128.0,1818,12.233527,0.04136742315426601,False
AATAGAGGTTAACGAT-1,2979.0,1653,8.794898,0.08427729950158584,False
AATAGAGGTTAATCGG-1,2213.0,1168,9.173068,0.051277877258668406,False
AATAGAGGTTTCAGGA-1,5193.0,2268,8.241864,0.17379145025968837,False
AATAGCTGTCACACCC-1,3404.0,1789,6.639248,0.010946117946542214,False
AATAGCTGTCCTAAGA-1,2315.0,1369,6.7386613,0.05519591141396934,False
AATAGCTGTCGCGCAA-1,5928.0,2529,14.861673,0.2919020715630885,True
AATAGCTGTGGAAGGC-1,6827.0,2928,9.945803,0.31158455392809603,True
AATAGCTGTTTACCGT-1,10321.0,3699,6.8210444,0.3590909090909092,True
AATATCCCAGCAAATA-1,5663.0,2559,13.738301,0.027209302325581396,False
AATATCCCATAGCTGC-1,1952.0,1147,4.9180326,0.05519591141396934,False
AATCAGGAGCTAAAGG-1,6248.0,2641,11.059539,0.20897615708274905,True
AATCAGGAGGCATGTT-1,4235.0,1798,5.7615113,0.06592776609975157,False
AATCAGGAGGTAAGGC-1,3735.0,1763,9.049532,0.02093531923757942,False
AATCAGGAGTATTGCA-1,2905.0,1456,6.05852,0.03767403767403767,False
AATCATCCAAACTAAG-1,1985.0,1226,1.8136021,0.0038406827880512096,False
AATCATCCAAATATCC-1,5033.0,2283,15.438108,0.05519591141396934,False
AATCATCCACATTGCA-1,4272.0,2023,7.3970037,0.08190899001109879,False
AATCATCCACCAAAGG-1,1816.0,1143,3.3039649,0.01128783991790662,False
AATCATCCACGTAAGG-1,9802.0,3091,6.6823096,0.3590909090909092,True
AATCATCCAGCACGAA-1,2685.0,1381,12.476723,0.006387832699619771,False
AATCATCCAGCATGGA-1,3255.0,1646,9.06298,0.06767794632438741,False
AATCATCCAGGCCTTG-1,3624.0,1659,7.0364237,0.07137096774193549,False
AATCATCCAGTTTGTG-1,4649.0,2113,14.626801,0.029868868382710054,False
AATCATCCATTAAGCT-1,2782.0,1476,10.244429,0.006940160394818014,False
AATCATGTCCAATAGC-1,5890.0,2470,8.404075,0.01896638233818364,False
AATCATGTCTAATCAG-1,2752.0,1539,8.321221,0.011987491313412093,False
AATCATGTCTCCATAT-1,3834.0,1847,8.39854,0.12281757977122211,False
AATCATGTCTTTGACT-1,2469.0,1315,15.147834,0.01993253603189206,False
AATCCATCAACGTGCT-1,4708.0,2089,13.232796,0.025962195399681167,False
AATCCATCACAGGAAT-1,4300.0,1928,10.023255,0.03354324636936127,False
AATCCATCACGAACAG-1,6434.0,2616,13.957103,0.04546832373446498,False
AATCCATCACTTAACG-1,4794.0,1975,7.092199,0.04040833687792429,False
AATCCCTGTAATGGCC-1,8324.0,3131,7.8808265,0.08427729950158584,False
AATCCCTGTAGGTGTC-1,4006.0,1960,14.752871,0.04336283185840707,False
AATCCCTGTATGGTGC-1,8575.0,3240,9.084548,0.007508212106992022,False
AATCCCTGTCGTAATG-1,3987.0,1912,7.3990474,0.02785286167587261,False
AATCCCTGTGAGCGAA-1,3765.0,1927,7.436919,0.0038406827880512096,False
AATCCCTGTGCGCAAT-1,4794.0,2163,9.678765,0.023616881696916687,False
AATCCCTGTGCGCGTA-1,3651.0,1798,13.064914,0.01896638233818364,False
AATCCCTGTTAACAGT-1,4795.0,2122,4.9009385,0.11098748261474266,False
AATCCGTAGACAGGCG-1,9425.0,3555,9.877984,0.3590909090909092,True
AATCCGTAGCACTAAC-1,4235.0,1939,10.672963,0.08427729950158584,False
AATCCGTAGCCATCAG-1,4064.0,1795,11.589566,0.06592776609975157,False
AATCCGTAGCTGGAAA-1,3081.0,1501,9.185329,0.11472602739726025,False
AATCCGTAGGGCTAAA-1,2188.0,1264,10.23766,0.03277439024390243,False
AATCCGTAGGTTAGCT-1,1182.0,636,17.258883,0.039473684210526314,False
AATCCGTAGTAGGATG-1,4070.0,1915,16.142506,0.09775195756504167,False
AATCCTAAGCACGTTG-1,3144.0,1664,10.178117,0.030570902394106814,False
AATCCTAAGCGAGTAA-1,4465.0,2148,12.900336,0.009630422256975885,False
AATCCTAAGCTAATTG-1,5723.0,2469,9.557924,0.05385002516356318,False
AATCCTAAGCTTCCCG-1,5918.0,2617,16.982088,0.046565237436606725,False
AATCCTAAGGTTAGCT-1,5896.0,2507,12.109904,0.05658418411489879,False
AATCGCCCAAGGTCCT-1,5506.0,2270,14.438794,0.04885375494071145,False
AATCGCCCAGGTTAAA-1,5250.0,2351,11.599999,0.06260387811634349,False
AATCGCCCATATTGAC-1,3731.0,1788,8.818011,0.14198782961460438,False
AATCTCAAGAAACTGG-1,10177.0,3746,7.7724276,0.029182178455626276,False
AATCTCAAGACAACGA-1,1875.0,1167,11.413334,0.02093531923757942,False
AATCTCAAGATGGACA-1,3318.0,1751,8.800482,0.018496420047732696,False
AATCTCAAGCAGCTCA-1,2452.0,1425,9.216966,0.047693266832917705,False
AATCTCAAGCTATATG-1,3728.0,1753,9.120172,0.01128783991790662,False
AATCTCAAGGCCTAAT-1,2507.0,1218,10.051855,0.0385625431928127,False
AATCTCAAGGCTTAGT-1,4370.0,1884,9.176202,0.04885375494071145,False
AATCTCAAGGTTTACA-1,5101.0,2212,20.133308,0.04136742315426601,False
AATCTCAAGTAACGGA-1,3049.0,1619,7.313874,0.013837388079949352,False
AATCTCAAGTTAGTTG-1,3017.0,1569,2.0218759,0.1367661528369957,False
AATCTTGAGAGAGGCT-1,2945.0,1535,10.424449,0.011634922002930278,False
AATCTTGAGCTCGCTT-1,2649.0,1433,10.230275,0.01758155889822231,False
AATCTTGAGTCACCAG-1,2381.0,1300,7.601848,0.0385625431928127,False
AATCTTGAGTCGCTAG-1,3750.0,1837,14.0,0.03277439024390243,False
AATGAAGGTACTTCAC-1,3797.0,1852,18.145905,0.02042921997523731,False
AATGAAGGTCATGCCC-1,4114.0,2019,11.716091,0.014620689655172414,False
AATGAAGGTGATCATG-1,3087.0,1628,11.435051,0.006117362736953402,False
AATGAAGGTGCAATGC-1,1559.0,1017,7.1199484,0.0580168776371308,False
AATGAAGGTTAAGGTT-1,6642.0,2737,16.365551,0.039473684210526314,False
AATGAAGGTTAGTGAT-1,3035.0,1554,8.929159,0.06949118986339338,False
AATGAAGGTTCACTGT-1,3276.0,1767,5.982906,0.06592776609975157,False
AATGAAGGTTTACCGT-1,3939.0,2045,12.008123,0.012709620476610766,False
AATGCAACAATGAATG-1,9059.0,3305,10.03422,0.006387832699619771,False
AATGCAACATGTCAGC-1,3219.0,1582,10.997204,0.08427729950158584,False
AATGCAACATTGTGTG-1,3436.0,1568,5.5587893,0.11472602739726025,False
AATGCATGTAAAGCGG-1,1674.0,959,9.796894,0.03513620213185945,False
AATGCATGTAGGATCC-1,3663.0,1792,13.622713,0.006940160394818014,False
AATGCATGTATTGCAG-1,2782.0,1505,8.806614,0.27434679334916884,True
AATGCATGTCAAGTAT-1,3311.0,1684,5.9498644,0.15977653631284908,False
AATGCATGTCAGGCAT-1,2927.0,1526,11.650154,0.10743353228431904,False
AATGCATGTCCGCTGT-1,4025.0,1754,12.521739,0.12720519962859794,False
AATGCATGTGTCCAAA-1,5244.0,2393,9.687262,0.046565237436606725,False
AATGCATGTTACTAGG-1,5201.0,2193,15.09325,0.021451104100946368,False
AATGCATGTTCGGGAT-1,2519.0,1317,11.909488,0.00481892523364486,False
AATGCGCGTACCGTAA-1,2945.0,1554,10.32258,0.01993253603189206,False
AATGCGCGTACGGGTT-1,3720.0,1957,10.107527,0.006387832699619771,False
AATGCGCGTCGTAATG-1,1263.0,848,9.422011,0.005587424569768309,False
AATGCGCGTTAGGCTA-1,3704.0,1572,8.882289,0.02851033499643621,False
AATGCGCGTTCATCTA-1,2352.0,1282,10.79932,0.029868868382710054,False
AATGCGCGTTTGAGGC-1,5769.0,2439,11.14578,0.0580168776371308,False
AATGGCGCAATTAGGA-1,6988.0,2538,7.741843,0.1367661528369957,False
AATGGCGCAGCAACCT-1,3671.0,1747,6.8373737,0.21972656249999997,True
AATGGCGCAGTATGTT-1,8655.0,3489,11.658001,0.13184713375796173,False
AATGTCATCAATGACC-1,6751.0,2774,10.102207,0.009630422256975885,False
AATGTCATCCAAACAC-1,4221.0,2003,4.64345,0.012709620476610766,False
AATGTCATCCGCAACA-1,4036.0,1855,5.4509416,0.01713621841417369,False
AATGTCATCCTCATGC-1,3533.0,1726,7.7837534,0.04235191384078009,False
AATGTCATCGCTCACT-1,2294.0,1318,5.7541413,0.04235191384078009,False
AATGTCCAGCCTGAGC-1,3129.0,1673,8.788751,0.03354324636936127,False
AATGTCCAGCGCCTTT-1,3076.0,1622,12.483745,0.011987491313412093,False
AATGTCCAGCGGTTAT-1,7623.0,3091,6.795225,0.15345821325648415,False
AATGTCCAGCTTAGTA-1,3371.0,1533,25.482052,0.030570902394106814,False
AATGTCCAGGCATGAA-1,4907.0,2111,9.21133,0.09200676165177493,False
AATGTCCAGGTCATTA-1,10701.0,3835,11.727877,0.21972656249999997,True
AATGTCCAGTTAGAGG-1,3828.0,1685,4.0752354,0.04136742315426601,False
AATTACCCAAAGCTAA-1,4619.0,2113,5.3474774,0.0580168776371308,False
AATTACCCAACACTTG-1,8353.0,2684,8.571771,0.03277439024390243,False
AATTACCCACCTGTAA-1,8233.0,3303,8.769586,0.04440125579309313,False
AATTACCCACGAACAG-1,2475.0,1276,8.969697,0.052544613350958363,False
AATTACCCACTAGCGT-1,1182.0,629,32.402706,0.18159203980099492,True
AATTACCCATCCTGAA-1,6175.0,2528,14.817813,0.03433029908972692,False
AATTAGCGTACCGGAT-1,6013.0,2465,6.4526854,0.07963446475195822,False
AATTAGCGTATTCGCT-1,3751.0,1840,5.678486,0.04336283185840707,False
AATTAGCGTCACAGCG-1,3172.0,1557,11.443884,0.06592776609975157,False
AATTAGCGTCATCCTG-1,2662.0,1435,15.214125,0.006940160394818014,False
AATTAGCGTGGACATC-1,3029.0,1619,6.7018814,0.052544613350958363,False
AATTAGCGTGTTGTAG-1,4796.0,2145,20.30859,0.02657921988263721,False
AATTAGCGTTAACGGC-1,3578.0,1754,11.514812,0.04336283185840707,False
AATTAGCGTTAGCAGC-1,1986.0,1109,12.134945,0.005071664829106946,False
AATTAGGCACTGACCG-1,7938.0,2936,12.962963,0.01758155889822231,False
AATTAGGCAGATAGAC-1,2418.0,1315,6.2448306,0.06592776609975157,False
AATTAGGCAGTAAGTA-1,4836.0,2205,10.773367,0.039473684210526314,False
AATTAGGCAGTAATAG-1,2767.0,1527,7.842429,0.06767794632438741,False
AATTAGGCATACTCCT-1,4942.0,2245,12.1206,0.019445007089325502,False
AATTAGGCATGTGGGA-1,5108.0,2328,15.113547,0.04136742315426601,False
AATTCGTCACCGTTCC-1,4095.0,1857,17.216118,0.07137096774193549,False
AATTCGTCAGCTCATA-1,4308.0,1894,16.643454,0.06949118986339338,False
AATTCGTCATCGCTTT-1,3603.0,1717,6.6333613,0.07137096774193549,False
AATTCGTCATTAGCGC-1,5653.0,2470,11.692906,0.052544613350958363,False
AATTCGTCATTATGCG-1,1056.0,706,9.469697,0.029868868382710054,False
AATTCGTCATTGCAGC-1,6855.0,2816,15.871626,0.01713621841417369,False
AATTGACGTCACGAAC-1,9175.0,3647,9.689374,0.3590909090909092,True
AATTGACGTGCATCGG-1,7482.0,3066,13.205026,0.33380581148121885,True
AATTGACGTGCTAGAC-1,3454.0,1689,10.451651,0.03433029908972692,False
AATTGACGTTAGGATT-1,6599.0,2722,13.153508,0.006117362736953402,False
AATTGCCAGCTGTAAC-1,9359.0,3714,4.722727,0.3590909090909092,True
AATTGCCAGGATGATG-1,2358.0,1327,6.10687,0.0594961586564231,False
AATTGCCAGTATTGCA-1,3700.0,1909,7.3243246,0.06949118986339338,False
AATTGCTCAAACTCAT-1,6611.0,2530,4.825291,0.01803488715876614,False
AATTGCTCAACCGCCA-1,2179.0,1190,16.750803,0.06423741547708492,False
AATTGCTCAAGATTCT-1,4373.0,2004,15.229819,0.014225788801750865,False
AATTGCTCAATTAGCT-1,5671.0,2496,7.406101,0.08427729950158584,False
AATTGCTCACAGACTC-1,2336.0,1349,6.849315,0.00432338953739732,False
AATTGCTCACCTGTAA-1,3520.0,1837,7.0454545,0.10082730093071354,False
AATTGCTCACTAAATC-1,9167.0,3491,11.421403,0.03433029908972692,False
AATTGCTCAGCGCTTG-1,5229.0,2236,8.433735,0.04235191384078009,False
AATTGCTCATAATTGC-1,4081.0,2053,6.4690022,0.20897615708274905,True
AATTGCTCATTAAAGG-1,4571.0,1991,17.020346,0.3590909090909092,True
AATTGGACAACCTGGT-1,6973.0,2915,9.579807,0.27434679334916884,True
AATTGGACAATCGCAC-1,5321.0,2296,10.543131,0.03277439024390243,False
AATTGGACAGTAGGTG-1,2500.0,1303,6.4,0.09481481481481482,False
AATTGGACATAGACCC-1,4056.0,1893,15.113412,0.05658418411489879,False
AATTGGACATCTTGAG-1,3140.0,1563,3.789809,0.047693266832917705,False
AATTGGACATGCTTAG-1,2275.0,1216,12.967033,0.027209302325581396,False
AATTGGGAGAGAGGCT-1,3020.0,1539,10.430464,0.10405083399523428,False
AATTGGGAGGACCGCT-1,2906.0,1520,5.987612,0.07332101047443006,False
AATTGGGAGTCACTAA-1,2404.0,1347,11.231281,0.04136742315426601,False
AATTGGGAGTTACTTC-1,1320.0,903,5.530303,0.030570902394106814,False
AATTGTGTCCAACTGG-1,6035.0,2722,10.439105,0.02251286449399657,False
AATTGTGTCCCTCACG-1,4404.0,1952,5.9264307,0.03680733450182013,False
AATTGTGTCCTAAGGT-1,2673.0,1409,14.852226,0.039473684210526314,False
AATTGTGTCCTCATCA-1,3711.0,1740,7.8684993,0.02093531923757942,False
AATTGTGTCCTTCGTA-1,2763.0,1260,7.057546,0.10082730093071354,False
AATTGTGTCGCCTAAG-1,1632.0,972,8.70098,0.052544613350958363,False
AATTGTGTCGTAATCA-1,3515.0,1676,18.008535,0.09775195756504167,False
AATTGTGTCGTCATTT-1,1983.0,1061,7.917297,0.03596164091635589,False
AATTGTGTCGTTTCCA-1,3169.0,1663,9.372042,0.025357827115969796,False
AATTTCCTCATGAGCT-1,6367.0,2520,11.104131,0.421792618629174,True
AATTTCCTCATGGCTG-1,3698.0,1972,5.5705786,0.00481892523364486,False
AATTTCCTCCCGTTAC-1,3132.0,1640,10.344828,0.021976855292493894,False
AATTTCCTCGGTCAAT-1,3007.0,1496,10.209511,0.10082730093071354,False
AATTTCCTCGTGCCTT-1,1739.0,935,10.465785,0.04136742315426601,False
AATTTCCTCTCGACCT-1,6658.0,2721,10.408531,0.07963446475195822,False
AATTTGCCAAGTTATC-1,2228.0,1267,9.290843,0.007508212106992022,False
AATTTGCCAATAATGG-1,2786.0,1417,7.2505383,0.039473684210526314,False
AATTTGCCAATACTGT-1,3751.0,1773,5.9984007,0.11866393202461177,False
AATTTGCCAATTGCGC-1,5180.0,2068,5.5984554,0.05385002516356318,False
AATTTGCCAGAGGGAG-1,3852.0,1627,9.63136,0.023616881696916687,False
AATTTGCCAGGGAGGA-1,4562.0,2010,12.056116,0.04040833687792429,False
AATTTGCCAGGTTATT-1,10050.0,3536,11.402985,0.04336283185840707,False
AATTTGCCAGTTAGCC-1,4098.0,1870,13.958028,0.05004812319538016,False
AATTTGCCATTATCCC-1,2910.0,1485,11.477663,0.012709620476610766,False
AATTTGGTCAATGTCA-1,3334.0,1776,4.8290343,0.01713621841417369,False
AATTTGGTCACATTGA-1,3354.0,1648,13.237925,0.02042921997523731,False
AATTTGGTCAGGAAGC-1,2332.0,1356,5.960549,0.08931947069943286,False
AATTTGGTCCCAGTAG-1,5357.0,2326,8.698898,0.03354324636936127,False
AATTTGGTCCCTGTTA-1,3715.0,1918,5.4643335,0.008391273076000958,False
AATTTGGTCCTTGAGG-1,2889.0,1423,9.830391,0.02785286167587261,False
AATTTGGTCGCACACA-1,4434.0,2029,9.69779,0.0594961586564231,False
AATTTGGTCTTGGACG-1,1838.0,1010,8.813928,0.0385625431928127,False
ACAAACTGTAACGAGG-1,5563.0,2553,14.057164,0.06767794632438741,False
ACAAACTGTAGGTTGC-1,8479.0,3322,7.960845,0.008391273076000958,False
ACAAACTGTCCAAATG-1,5255.0,2321,13.073264,0.07137096774193549,False
ACAAACTGTCCGTAGG-1,3214.0,1568,9.240822,0.11098748261474266,False
ACAAACTGTCTAGCTT-1,3722.0,1854,11.499194,0.0594961586564231,False
ACAAAGGTCAGCACCA-1,2872.0,1630,3.5863512,0.027209302325581396,False
ACAAAGGTCAGTTCCC-1,2063.0,1190,5.2350945,0.029182178455626276,False
ACAAAGGTCATAACCA-1,3349.0,1735,6.1809497,0.07744826114785579,False
ACAAAGGTCCCGAACA-1,2827.0,1546,8.666431,0.052544613350958363,False
ACAAAGGTCCCTCACG-1,2813.0,1541,8.81621,0.0077983458054352115,False
ACAAAGGTCCTCCATA-1,5815.0,2520,13.568358,0.018496420047732696,False
ACAAAGGTCGGTTCCT-1,2315.0,1272,12.311015,0.01234567901234568,False
ACAACAACAACAACAA-1,4304.0,1866,9.433085,0.024185532854776367,False
ACAACAACAACAGGTG-1,6086.0,2567,11.501808,0.0580168776371308,False
ACAACAACAGCCAGAA-1,7304.0,2790,11.117196,0.005071664829106946,False
ACAACAACAGTAGCCT-1,2006.0,1120,4.985045,0.03513620213185945,False
ACAACAACATAAGTTC-1,4436.0,2117,4.8016233,0.06592776609975157,False
ACAACAACATAATGTC-1,3012.0,1527,7.237716,0.05385002516356318,False
ACAACAACATAGCGAG-1,4362.0,2040,11.210454,0.05519591141396934,False
ACAACAACATGGCCTG-1,5232.0,2304,14.506881,0.024185532854776367,False
ACAACACTCCTAAATG-1,7283.0,2795,9.98215,0.047693266832917705,False
ACAACACTCGCATTAA-1,4793.0,2231,11.558523,0.07534533277521976,False
ACAACACTCTACCTAT-1,6364.0,2699,9.318039,0.05004812319538016,False
ACAACACTCTGTGAGT-1,3250.0,1625,14.246154,0.05658418411489879,False
ACAACACTCTTGGATA-1,3652.0,1790,11.117196,0.03680733450182013,False
ACAACAGAGCGCTCAA-1,2647.0,1440,9.369097,0.01713621841417369,False
ACAACAGAGCTATTAG-1,1781.0,1058,20.044918,0.039473684210526314,False
ACAACAGAGGAGGGTT-1,5068.0,2429,8.780583,0.046565237436606725,False
ACAACAGAGGCGCTTA-1,4351.0,2025,13.169387,0.03277439024390243,False
ACAACAGAGTAACCAC-1,8717.0,3221,11.380062,0.0077983458054352115,False
ACAACATGTATTACCC-1,4091.0,2126,3.959912,0.012709620476610766,False
ACAACATGTCATTAGG-1,4626.0,2196,10.527453,0.06260387811634349,False
ACAACATGTTTAACCC-1,11934.0,3607,4.407575,0.23147675012774666,True
ACACAATGTCAAGTAT-1,2184.0,1235,5.723443,0.027209302325581396,False
ACACAATGTCCAAGAC-1,4528.0,2029,14.377208,0.018496420047732696,False
ACACAATGTGATTTGG-1,4030.0,1774,11.91067,0.06949118986339338,False
ACACAATGTGGTGAGA-1,3378.0,1682,10.53878,0.029868868382710054,False
ACACAATGTTGAAGCC-1,2617.0,1392,11.922048,0.015430655569063874,False
ACACAATGTTTACGTC-1,4721.0,2110,13.980089,0.08931947069943286,False
ACACCTTGTAACCAGC-1,4015.0,1876,6.0772104,0.08674531575294935,False
ACACCTTGTAGACAAA-1,3128.0,1630,11.285167,0.14754098360655732,False
ACACCTTGTCATGCCC-1,4058.0,2012,5.3474617,0.015022255192878337,False
ACACCTTGTCGCAAAC-1,2517.0,1357,9.098133,0.006940160394818014,False
ACACCTTGTGACATGC-1,4425.0,2000,7.0734463,0.10405083399523428,False
ACACGGACAATTAGGA-1,3232.0,1578,11.47896,0.030570902394106814,False
ACACGGACACCCACAG-1,4738.0,2112,15.766147,0.04136742315426601,False
ACACGGACAGTACCGT-1,3248.0,1677,7.1428576,0.17379145025968837,False
ACACGGACAGTTTGGC-1,2288.0,1074,30.288462,0.05658418411489879,False
ACACGGACATGTTGGC-1,718.0,413,29.526463,0.07332101047443006,False
ACACGGACATTGCAGC-1,3696.0,1764,13.474027,0.01993253603189206,False
ACACTAATCCAACTGG-1,3931.0,1939,5.672857,0.07744826114785579,False
ACACTAATCCTAAGGT-1,4118.0,2026,12.603206,0.02251286449399657,False
ACACTAATCTTGCTAT-1,5392.0,2142,5.78635,0.06260387811634349,False
ACACTAGGTACCTTAC-1,6847.0,2724,11.9760475,0.06423741547708492,False
ACACTAGGTAGTAAGA-1,2030.0,1174,10.394089,0.02657921988263721,False
ACACTAGGTCCACAAA-1,8729.0,3357,11.857028,0.009630422256975885,False
ACACTAGGTGAACAAA-1,12717.0,4364,10.772981,0.5653179190751447,True
ACACTAGGTGTAACCA-1,2797.0,1355,17.76904,0.00432338953739732,False
ACACTTAAGACAGGCG-1,8356.0,3160,9.956917,0.00481892523364486,False
ACACTTAAGAGCAAGC-1,2670.0,1326,12.69663,0.03513620213185945,False
ACACTTAAGATAACCC-1,4150.0,1964,6.86747,0.04040833687792429,False
ACACTTAAGATGCCTG-1,3924.0,1923,9.021406,0.032023106869270374,False
ACACTTAAGCAGGTGG-1,3720.0,1881,8.763441,0.06592776609975157,False
ACACTTAAGCTATATG-1,2826.0,1553,5.909413,0.05519591141396934,False
ACACTTAAGCTCCTTA-1,12854.0,4345,12.182978,0.15977653631284908,False
ACACTTGCAAATTCGT-1,199.0,138,17.085426,0.047693266832917705,False
ACACTTGCAAGCCAGA-1,1048.0,354,36.83206,0.01896638233818364,False
ACACTTGCACAATGTT-1,6576.0,2763,10.416666,0.015022255192878337,False
ACACTTGCAGCAAGTG-1,2624.0,1430,6.897866,0.0385625431928127,False
ACACTTGCAGCGCTTG-1,207.0,138,16.908213,0.021976855292493894,False
ACACTTGCAGGCTAAG-1,8295.0,3123,11.091019,0.3590909090909092,True
ACACTTGCATAATCCG-1,1792.0,1110,6.25,0.01993253603189206,False
ACACTTGCATACCCGG-1,3342.0,1722,5.266308,0.06767794632438741,False
ACACTTGCATGAAATG-1,5768.0,2490,13.644244,0.09481481481481482,False
ACAGCCGGTCATCAAG-1,6677.0,2680,8.641605,0.03513620213185945,False
ACAGCCGGTGTCCAAA-1,2357.0,1196,14.934238,0.005587424569768309,False
ACAGCCGGTTGCGGAT-1,7016.0,2916,10.476055,0.08427729950158584,False
ACAGCCGGTTGGCCGA-1,6846.0,2855,12.065439,0.2919020715630885,True
ACAGCCGGTTGTTGTC-1,2891.0,1479,9.58146,0.039473684210526314,False
ACAGCGCTCCTAGTTT-1,3959.0,1976,6.011619,0.11098748261474266,False
ACAGCGCTCCTGTTCA-1,3511.0,1750,11.876958,0.05385002516356318,False
ACAGCGCTCTGTGAGT-1,4235.0,1731,7.107438,0.05519591141396934,False
ACAGGAATCATTACAG-1,8293.0,3396,5.185096,0.07137096774193549,False
ACAGGAATCCCGTTTA-1,4608.0,2167,11.393229,0.09481481481481482,False
ACAGGAATCGGCCAGT-1,6378.0,2789,6.694888,0.03680733450182013,False
ACAGGAATCGGGATTT-1,2071.0,1090,13.954611,0.014225788801750865,False
ACAGGAATCTAAGGTC-1,6583.0,2698,6.7294545,0.019445007089325502,False
ACAGGATCAACTAACT-1,4954.0,2249,10.819539,0.06423741547708492,False
ACAGGATCAATATAGG-1,4904.0,2393,8.911094,0.04440125579309313,False
ACAGGATCAATGAAGC-1,4087.0,1891,13.775386,0.05658418411489879,False
ACAGGATCACAAAGCG-1,2514.0,1355,12.927606,0.11472602739726025,False
ACAGGATCACATAGCC-1,3280.0,1600,16.432928,0.09200676165177493,False
ACAGGATCACTGGCCA-1,5032.0,2384,9.141495,0.023059434881455017,False
ACAGGATCAGTAGGTG-1,7060.0,3036,13.48442,0.2919020715630885,True
ACAGGATCATTGACAT-1,3721.0,1815,7.6323566,0.04440125579309313,False
ACAGGCTGTAGCTAAT-1,3492.0,1814,11.655212,0.06260387811634349,False
ACAGGCTGTCAAACTG-1,3407.0,1750,12.855885,0.02093531923757942,False
ACAGGCTGTCAAGACC-1,9310.0,3612,12.674543,0.3590909090909092,True
ACAGGCTGTTAATCGG-1,850.0,626,8.3529415,0.023059434881455017,False
ACAGGCTGTTAGTACG-1,4643.0,1836,9.713547,0.0385625431928127,False
ACAGGTAAGGACGTAA-1,3737.0,1779,6.0743914,0.08190899001109879,False
ACAGGTAAGGAGGACT-1,5659.0,2297,15.92154,0.01626867091618305,False
ACAGGTAAGTAACTCA-1,3244.0,1635,7.4907517,0.04136742315426601,False
ACAGGTAAGTCACTCC-1,3109.0,1530,13.412672,0.03277439024390243,False
ACAGGTAAGTTCCCAC-1,7372.0,3023,11.692892,0.04440125579309313,False
ACAGTATGTAATCGTG-1,3906.0,1839,12.211982,0.08427729950158584,False
ACAGTATGTACTGAAT-1,5425.0,2330,13.880184,0.05519591141396934,False
ACAGTATGTCACACCC-1,3310.0,1718,12.145015,0.08674531575294935,False
ACAGTATGTCGCAAAC-1,3501.0,1755,12.367895,0.01128783991790662,False
ACAGTATGTGGAAGGC-1,2287.0,1097,13.073895,0.04040833687792429,False
ACAGTATGTTACAACG-1,4421.0,1932,11.942999,0.019445007089325502,False
ACAGTATGTTATAGCG-1,2689.0,1500,10.673113,0.015022255192878337,False
ACAGTATGTTTCAGGA-1,2597.0,1348,10.396612,0.025357827115969796,False
ACATAGCTCCAAGTGT-1,4037.0,1875,9.933119,0.11472602739726025,False
ACATAGCTCCCTGACT-1,3757.0,1819,10.566941,0.0077983458054352115,False
ACATAGCTCCTAAGAC-1,7140.0,2984,12.408963,0.38812042310821776,True
ACATAGCTCGTTAAGC-1,5769.0,2404,6.2922516,0.07534533277521976,False
ACATCAATCATGCTCC-1,4775.0,2131,8.712042,0.06260387811634349,False
ACATCAATCATTTGTC-1,2671.0,1526,9.210033,0.00666207213416035,False
ACATCAATCCAAATCA-1,3155.0,1683,9.096672,0.02476572958500669,False
ACATCAATCCAATTAG-1,2975.0,1565,4.8739495,0.02251286449399657,False
ACATCAATCCTCAGTC-1,1535.0,698,12.703583,0.03128880059597715,False
ACATCAATCCTTAATC-1,1752.0,1093,2.4543378,0.014225788801750865,False
ACATCAATCGCTAAAC-1,3146.0,1588,6.5162106,0.015430655569063874,False
ACATCAATCTGTGCCT-1,5577.0,2450,13.842567,0.06423741547708492,False
ACATCATCAAACCTAT-1,6884.0,2765,13.219059,0.046565237436606725,False
ACATCATCAAGGCCAA-1,3924.0,2042,2.7268093,0.05004812319538016,False
ACATCATCAATAGCCC-1,6579.0,2768,16.30947,0.007508212106992022,False
ACATCATCAATTAGCT-1,9701.0,3632,17.235336,0.3590909090909092,True
ACATCATCAGCATGTC-1,6111.0,2667,8.558337,0.0385625431928127,False
ACATCATCATTAAAGG-1,3650.0,1756,6.0,0.04546832373446498,False
ACATTAGTCGACCTGA-1,2869.0,1484,9.097246,0.09200676165177493,False
ACATTAGTCTTGGATA-1,4165.0,1880,6.0744295,0.051277877258668406,False
ACATTAGTCTTGTTCG-1,6460.0,2616,17.105263,0.02042921997523731,False
ACATTGCAGACAGGTA-1,9461.0,2454,4.0481977,0.1367661528369957,False
ACATTGCAGCACTAAC-1,3662.0,1802,7.755325,0.15977653631284908,False
ACATTGCAGCCTGTTC-1,8416.0,3178,8.81654,0.006387832699619771,False
ACATTGCAGGCAAGTA-1,8967.0,3534,15.76893,0.33380581148121885,True
ACATTGCAGGGTTAGA-1,3055.0,1603,12.307693,0.0580168776371308,False
ACATTGCAGGGTTATC-1,3581.0,1741,13.1248255,0.06592776609975157,False
ACATTGCAGGTTAGAG-1,3747.0,1823,16.653324,0.06102433708681438,False
ACATTGCAGTAGGATG-1,5246.0,2298,15.421273,0.021451104100946368,False
ACATTGCAGTCGCAAT-1,2514.0,1391,7.398568,0.09200676165177493,False
ACATTGCAGTTAGCTA-1,8609.0,3331,13.938901,0.23147675012774666,True
ACCAAACTCAAGCCTG-1,5407.0,2365,10.708341,0.05519591141396934,False
ACCAAACTCACTCGCT-1,2385.0,1305,7.8825994,0.04336283185840707,False
ACCAAACTCAGCAAGA-1,2611.0,1318,9.651475,0.07332101047443006,False
ACCAAACTCATGCGTG-1,3314.0,1697,7.905854,0.02851033499643621,False
ACCAAACTCATTATGG-1,4636.0,2057,9.512511,0.047693266832917705,False
ACCAAACTCCCATAGG-1,2922.0,1449,22.142368,0.015022255192878337,False
ACCAAACTCCCGTTTA-1,4367.0,1818,5.58736,0.1367661528369957,False
ACCAAACTCGCTCACT-1,1057.0,612,16.934721,0.010609632873021219,False
ACCAAACTCTCCTCAA-1,9137.0,3158,9.160556,0.047693266832917705,False
ACCAAGCGTAATCGCA-1,3761.0,1841,8.40202,0.01713621841417369,False
ACCAAGCGTAATCGGC-1,3409.0,1506,11.11763,0.04336283185840707,False
ACCAAGCGTAGCTAGC-1,2269.0,1104,29.704718,0.05385002516356318,False
ACCAAGCGTAGGTTGC-1,673.0,385,25.408617,0.33380581148121885,True
ACCAAGCGTCAGGCAT-1,4428.0,2042,17.95393,0.0385625431928127,False
ACCAAGCGTCATAAGT-1,6009.0,2648,15.976036,0.039473684210526314,False
ACCAAGCGTGGGTGAA-1,2257.0,1284,15.285778,0.03680733450182013,False
ACCAAGCGTGTAATAC-1,10516.0,3710,12.1814375,0.21972656249999997,True
ACCAAGCGTTGTTGGA-1,2541.0,1300,12.672177,0.023059434881455017,False
ACCAAGTTCAGGTCCA-1,10383.0,3878,10.440143,0.24437299035369767,True
ACCAAGTTCATGCGTG-1,2759.0,1398,14.932947,0.009630422256975885,False
ACCAAGTTCCACCCTG-1,3737.0,1881,10.8910885,0.051277877258668406,False
ACCAAGTTCTCACACC-1,1796.0,892,23.830736,0.14754098360655732,False
ACCAAGTTCTCGCCTG-1,3533.0,1851,6.566657,0.04546832373446498,False
ACCAAGTTCTTACTCG-1,1052.0,656,17.490494,0.03680733450182013,False
ACCAAGTTCTTTGTAC-1,4408.0,2173,9.029038,0.004569522013490969,False
ACCAATATCACAGACT-1,4779.0,2221,12.052731,0.09200676165177493,False
ACCAATATCACATTGA-1,5424.0,2491,11.817846,0.08931947069943286,False
ACCAATATCAGGTTTA-1,5004.0,2061,16.147083,0.013837388079949352,False
ACCAATATCGAAGTGA-1,2909.0,1624,8.628394,0.0385625431928127,False
ACCAATATCGCATTAA-1,3322.0,1713,7.2546663,0.015430655569063874,False
ACCACACCAACTGGCT-1,6488.0,2712,7.7219477,0.2585915492957747,True
ACCACACCACATGCTA-1,1274.0,740,13.186814,0.010609632873021219,False
ACCACACCACCACAAC-1,11468.0,3945,8.641437,0.33380581148121885,True
ACCACACCACGAATTT-1,6194.0,2831,8.540524,0.021976855292493894,False
ACCACACCAGTTATGT-1,4508.0,2057,10.070985,0.08674531575294935,False
ACCACATAGCTAAGTC-1,5018.0,2137,6.935034,0.025962195399681167,False
ACCACATAGGAGGCAT-1,2457.0,1372,2.2792022,0.04235191384078009,False
ACCACATAGGGACTAA-1,2716.0,1401,10.051546,0.14198782961460438,False
ACCACATAGTCAATTG-1,4462.0,2109,8.135365,0.06260387811634349,False
ACCACATAGTGCACGC-1,6488.0,2777,8.261406,0.05658418411489879,False
ACCAGCTCAAAGGTAC-1,3119.0,1692,5.290157,0.01758155889822231,False
ACCAGCTCAACAGCCT-1,4179.0,1869,10.38526,0.025357827115969796,False
ACCAGCTCAACGTGCT-1,5106.0,2426,11.182922,0.021451104100946368,False
ACCAGGACAACTGGGA-1,3919.0,1936,9.645317,0.013079455467568288,False
ACCAGGACATAAGCAA-1,5284.0,2325,16.72975,0.029182178455626276,False
ACCAGGCTCCGTTATT-1,4237.0,2137,6.9152703,0.004569522013490969,False
ACCAGGCTCCTCCTAA-1,4692.0,2067,7.203751,0.07534533277521976,False
ACCAGGCTCCTTGCGT-1,3395.0,1787,13.136967,0.04440125579309313,False
ACCAGGCTCGAAGTAG-1,3447.0,1559,9.834639,0.07137096774193549,False
ACCAGGCTCGCTAAAC-1,11517.0,3804,15.212295,0.08427729950158584,False
ACCAGGCTCTTAGCGG-1,5876.0,2520,10.7726345,0.01669865642994242,False
ACCAGGCTCTTGTTCG-1,3904.0,1811,12.986681,0.023059434881455017,False
ACCAGGGAGAAAGGAA-1,4084.0,1769,7.541626,0.09200676165177493,False
ACCAGGGAGACCATAC-1,503.0,159,59.24453,0.01713621841417369,False
ACCAGGGAGACTAAGG-1,3330.0,1762,4.4444447,0.01803488715876614,False
ACCAGGGAGCGAAGTA-1,4152.0,1895,9.850674,0.03680733450182013,False
ACCAGGGAGCGCCTTT-1,3280.0,1652,6.9817076,0.013837388079949352,False
ACCAGGGAGGATTGCT-1,6469.0,2805,9.970629,0.01758155889822231,False
ACCAGGGAGTGAGCGG-1,3666.0,1683,12.165848,0.08427729950158584,False
ACCATAATCAAACTCA-1,7614.0,3028,14.644077,0.12281757977122211,False
ACCATAATCAATCATG-1,4920.0,2322,7.7032523,0.03277439024390243,False
ACCATAATCCCGAAGC-1,4524.0,2039,9.4827585,0.013837388079949352,False
ACCATTAAGCGAAGTA-1,2966.0,1610,11.800405,0.014225788801750865,False
ACCATTAAGCGGGCAA-1,8237.0,3235,12.322448,0.10082730093071354,False
ACCATTAAGCTAAGTC-1,4141.0,2034,11.108428,0.08190899001109879,False
ACCATTAAGCTGAGGG-1,2284.0,1160,23.77408,0.02851033499643621,False
ACCATTAAGGACTTAC-1,2498.0,1368,10.408327,0.11866393202461177,False
ACCATTAAGGCGCATC-1,3144.0,1580,10.782443,0.07744826114785579,False
ACCCAACCACATAACT-1,3591.0,1643,3.5923142,0.09481481481481482,False
ACCCAACCACCTACTT-1,2273.0,1287,7.039155,0.052544613350958363,False
ACCCAACCAGCATGGA-1,3669.0,1821,8.803489,0.015430655569063874,False
ACCCAACCATAATGAG-1,6774.0,2799,9.167404,0.2585915492957747,True
ACCCAGGGTAGCCATA-1,2105.0,1231,7.315914,0.05658418411489879,False
ACCCAGGGTATTGCAG-1,1047.0,506,38.77746,0.01626867091618305,False
ACCCAGGGTCGACTAA-1,5563.0,2530,10.983282,0.31158455392809603,True
ACCCGCTGTAACCAGC-1,3748.0,1785,13.767343,0.04136742315426601,False
ACCCGCTGTAATGGCC-1,5255.0,2205,10.599429,0.03680733450182013,False
ACCCGCTGTGGACATC-1,5408.0,2066,7.414941,0.04235191384078009,False
ACCCGCTGTGGGAACA-1,3370.0,1676,10.3857565,0.04546832373446498,False
ACCCGCTGTGTTTCAC-1,5545.0,2435,10.045086,0.10743353228431904,False
ACCCGCTGTTAGAGCC-1,8340.0,3201,11.318945,0.02042921997523731,False
ACCCGCTGTTAGGATT-1,5764.0,2517,13.254684,0.06102433708681438,False
ACCCGCTGTTTGAGGC-1,4937.0,2179,8.223618,0.08931947069943286,False
ACCCGGTAGCATGTTA-1,1834.0,980,11.286805,0.06423741547708492,False
ACCCGGTAGCCTGATG-1,2788.0,1353,16.786226,0.02785286167587261,False
ACCCGGTAGCTCCCTG-1,2513.0,1330,16.394749,0.006117362736953402,False
ACCCGGTAGCTTAGTA-1,3113.0,1557,18.374557,0.03680733450182013,False
ACCCGGTAGTACTGGT-1,3143.0,1628,7.922367,0.07744826114785579,False
ACCCGGTAGTAGGATG-1,3211.0,1722,4.9205856,0.02093531923757942,False
ACCCGGTAGTTCCTCA-1,6062.0,2514,16.529198,0.01713621841417369,False
ACCCGTAAGAGCCGGA-1,3219.0,1641,11.090401,0.02851033499643621,False
ACCCGTAAGAGGAGTC-1,2970.0,1443,13.703704,0.025357827115969796,False
ACCCGTAAGCATGTTA-1,6164.0,2337,8.711875,0.04885375494071145,False
ACCCGTAAGGATTGAG-1,2931.0,1604,6.789491,0.0580168776371308,False
ACCCGTAAGGCGTAAA-1,3592.0,1709,12.694878,0.0580168776371308,False
ACCCGTAAGGCTTAAC-1,4210.0,1880,7.577197,0.05519591141396934,False
ACCCGTAAGGTGAAGC-1,4867.0,2214,11.300596,0.014225788801750865,False
ACCCGTAAGTGAGGGT-1,1297.0,853,14.109484,0.02093531923757942,False
ACCCTCCCAAGCTACC-1,6837.0,2888,9.711862,0.04546832373446498,False
ACCCTCCCACCCTCAC-1,3562.0,1827,7.355418,0.01896638233818364,False
ACCCTCCCACCGGTAT-1,2950.0,1587,8.881356,0.006387832699619771,False
ACCCTCCCAGGAACTG-1,4151.0,1923,13.466634,0.06102433708681438,False
ACCCTCCCAGTAGGTG-1,3405.0,1736,12.2466955,0.10405083399523428,False
ACCCTCCCATAAGTTC-1,938.0,679,7.675906,0.03433029908972692,False
ACCCTGTTCAAACCGT-1,4078.0,1951,11.623344,0.0594961586564231,False
ACCCTGTTCATGCTCC-1,6583.0,2610,15.5856,0.04040833687792429,False
ACCCTGTTCCTCCCTC-1,1963.0,1128,7.94702,0.08674531575294935,False
ACCCTGTTCTGGCAAT-1,7490.0,3039,11.748999,0.04336283185840707,False
ACCGAAGCACAGGGAC-1,3367.0,1543,6.296406,0.08674531575294935,False
ACCGAAGCATAATTGC-1,2762.0,1434,10.572049,0.03680733450182013,False
ACCGAAGCATCCTGAA-1,3650.0,1878,8.657535,0.04040833687792429,False
ACCGCAATCAAGGACA-1,4387.0,2035,12.58263,0.04885375494071145,False
ACCGCAATCATTACAG-1,3107.0,1557,7.853235,0.03596164091635589,False
ACCGCAATCCCGAACA-1,3513.0,1727,8.938229,0.12720519962859794,False
ACCGCAATCGGCCAGT-1,3354.0,1653,8.407871,0.21972656249999997,True
ACCGCAATCGTTTCCA-1,2553.0,1439,6.854681,0.05658418411489879,False
ACCGCAATCTAATCAG-1,3864.0,1938,5.4606624,0.023616881696916687,False
ACCGCAATCTCAATTC-1,4818.0,2292,5.8322954,0.03354324636936127,False
ACCGGCTAGAGGCTAA-1,5754.0,2494,12.634688,0.0594961586564231,False
ACCGGCTAGGAATAAC-1,6076.0,2692,6.0566163,0.15977653631284908,False
ACCGGCTAGGACCTGC-1,3192.0,1653,8.803258,0.0077983458054352115,False
ACCGGCTAGTAGCGGG-1,4689.0,2161,12.731926,0.06767794632438741,False
ACCGGCTAGTGAGCAA-1,5480.0,2467,12.372263,0.04885375494071145,False
ACCGGTTCAGCAACAG-1,3046.0,1565,9.290874,0.2585915492957747,True
ACCTAAATCATTCATC-1,3063.0,1616,7.998694,0.08427729950158584,False
ACCTAAATCCTGAGTG-1,3421.0,1689,7.8339667,0.03433029908972692,False
ACCTAAATCGTTTCTG-1,2389.0,1308,8.162412,0.08190899001109879,False
ACCTAAATCTCCATAT-1,4937.0,2150,9.519951,0.029868868382710054,False
ACCTAAATCTGCAAAC-1,3843.0,1805,9.055426,0.06767794632438741,False
ACCTAAGGTCCCGAAG-1,3820.0,1728,4.712042,0.08931947069943286,False
ACCTAAGGTTCGGGAT-1,1998.0,1078,14.914915,0.013079455467568288,False
ACCTACCTCAATGAGG-1,10522.0,3886,13.761642,0.33380581148121885,True
ACCTACCTCAGGTTTA-1,5493.0,2525,11.432733,0.05658418411489879,False
ACCTACCTCGCTCACT-1,3582.0,1743,9.715242,0.021976855292493894,False
ACCTACCTCTAGCTTT-1,2421.0,1358,7.434944,0.051277877258668406,False
ACCTACCTCTTTAAGG-1,7754.0,3097,10.433325,0.02851033499643621,False
ACCTCACTCATGGCTG-1,3788.0,1777,14.202745,0.011987491313412093,False
ACCTCACTCCCATAGG-1,2461.0,1284,22.592442,0.03513620213185945,False
ACCTCACTCGGCCATA-1,5933.0,2365,10.129783,0.02657921988263721,False
ACCTCACTCGTGCTTC-1,6544.0,2757,12.056847,0.07137096774193549,False
ACCTCACTCTTGTCCA-1,6692.0,2588,12.806336,0.06767794632438741,False
ACCTGGATCAGGCCTA-1,2769.0,1532,7.367281,0.05385002516356318,False
ACCTGGATCCCTGTTA-1,4125.0,1814,9.454545,0.04885375494071145,False
ACCTGGATCCTCAGTC-1,5335.0,2410,12.371134,0.03433029908972692,False
ACCTGGATCGCGCTAA-1,3895.0,1669,5.622593,0.06592776609975157,False
ACCTGGATCGGCTAGC-1,2759.0,1451,9.169989,0.07963446475195822,False
ACCTGGATCTTGTCCA-1,5707.0,2479,8.515858,0.07744826114785579,False
ACCTGGTCAAGGTCCT-1,5089.0,2297,12.025938,0.04546832373446498,False
ACCTGGTCAATAGCAA-1,7285.0,2975,11.393273,0.31158455392809603,True
ACCTGGTCACGTAATT-1,6837.0,2652,7.5471697,0.04546832373446498,False
ACCTGGTCAGCAGGTA-1,5824.0,2605,12.946428,0.09200676165177493,False
ACCTGGTCAGGTTCAC-1,4031.0,1925,14.264451,0.06423741547708492,False
ACCTGGTCAGTAATAG-1,5040.0,2061,19.34524,0.021451104100946368,False
ACCTGGTCAGTGAACG-1,6845.0,2761,5.8875093,0.01993253603189206,False
ACCTGGTCATAATCAC-1,3176.0,1614,10.012594,0.02851033499643621,False
ACCTGGTCATACTCCT-1,7394.0,3355,6.1671624,0.010609632873021219,False
ACCTGGTCATGAAATG-1,2376.0,1472,0.16835016,0.04136742315426601,False
ACCTGTTGTCAAGTAT-1,3012.0,1615,5.9760957,0.02785286167587261,False
ACCTGTTGTCATGCCC-1,3725.0,1847,8.61745,0.09481481481481482,False
ACCTGTTGTCGCAAAC-1,3562.0,1720,8.534532,0.013837388079949352,False
ACCTGTTGTGACCTGG-1,307.0,232,1.6286645,0.03767403767403767,False
ACCTGTTGTGCAATGC-1,2526.0,1403,6.6508317,0.15977653631284908,False
ACCTGTTGTTAACGGC-1,5780.0,2786,6.1937714,0.03680733450182013,False
ACCTGTTGTTTGAGGC-1,4002.0,1966,3.9230385,0.025357827115969796,False
ACCTTCCAGCCTGTGA-1,4627.0,2030,10.719689,0.08190899001109879,False
ACCTTCCAGGAACGCG-1,2958.0,1557,10.784314,0.011987491313412093,False
ACCTTCCAGGACCGCT-1,7184.0,2896,6.6536746,0.10405083399523428,False
ACCTTCCAGGACCTCA-1,1533.0,880,11.089368,0.03596164091635589,False
ACCTTCCAGGACGTAA-1,2813.0,1421,11.908994,0.11472602739726025,False
ACCTTCCAGGCCAATT-1,3218.0,1296,36.14046,0.03767403767403767,False
ACCTTCCAGGTCCGTA-1,2368.0,1226,15.75169,0.12720519962859794,False
ACCTTCCAGTTAGCCG-1,2612.0,1404,9.762634,0.10743353228431904,False
ACCTTGCTCAATGACC-1,4275.0,2048,8.163743,0.04235191384078009,False
ACCTTGCTCACGTTAA-1,3392.0,1695,6.043632,0.06423741547708492,False
ACCTTGCTCACTAGGT-1,941.0,512,14.452709,0.025357827115969796,False
ACCTTGCTCCCATAAA-1,2281.0,1221,10.9162655,0.06949118986339338,False
ACCTTGCTCCGGTATG-1,5129.0,2142,9.183077,0.03433029908972692,False
ACCTTGCTCCTAATGA-1,4343.0,2040,9.601658,0.03128880059597715,False
ACCTTGCTCGCTCACT-1,6420.0,2649,10.482866,0.06949118986339338,False
ACCTTGCTCGTTAGCG-1,1634.0,891,17.44186,0.03680733450182013,False
ACCTTGCTCTAAGTGC-1,3138.0,1647,10.006373,0.04440125579309313,False
ACCTTGCTCTGCAAGT-1,3710.0,1859,7.1967654,0.046565237436606725,False
ACCTTGTGTCGCGCAA-1,3660.0,1893,9.945355,0.009951899154088572,False
ACCTTGTGTGTTTCAC-1,12778.0,4334,12.709345,0.23147675012774666,True
ACCTTGTGTTGCCTCA-1,7732.0,3049,7.5271597,0.3590909090909092,True
ACGAACAAGAATGACG-1,6708.0,2740,12.641623,0.5653179190751447,True
ACGAACAAGACACTTA-1,19727.0,5792,6.650783,0.31158455392809603,True
ACGAACAAGCAATAGG-1,3757.0,1913,6.2283735,0.02476572958500669,False
ACGAACAAGCACTTGG-1,3292.0,1644,11.8165245,0.06949118986339338,False
ACGAACAAGCCACAAT-1,3527.0,1626,8.9594555,0.051277877258668406,False
ACGAACAAGCTATATG-1,8556.0,3392,9.782609,0.421792618629174,True
ACGAACAAGGCGCATC-1,3308.0,1762,7.13422,0.052544613350958363,False
ACGAACAAGGCTACTG-1,229.0,137,22.270742,0.04440125579309313,False
ACGAACAAGTAACAGG-1,3783.0,1917,7.5601377,0.029182178455626276,False
ACGAACAAGTAAGTGG-1,3310.0,1820,1.6012083,0.03767403767403767,False
ACGAACAAGTCACTCC-1,3473.0,1690,8.177368,0.01669865642994242,False
ACGAAGTCAAATTGCT-1,4794.0,2336,7.7805595,0.3590909090909092,True
ACGAAGTCAACCCTCC-1,2308.0,1283,5.9358754,0.03513620213185945,False
ACGAAGTCAAGGAATC-1,3149.0,1631,11.241664,0.07137096774193549,False
ACGAAGTCACTGGCTG-1,2642.0,1506,6.73732,0.021451104100946368,False
ACGAAGTCAGGAACAT-1,3271.0,1662,5.716906,0.06592776609975157,False
ACGAAGTCATGCAACC-1,5975.0,2521,10.945607,0.02785286167587261,False
ACGAATCTCATTTGCT-1,4997.0,2165,12.487493,0.011987491313412093,False
ACGAATCTCCTCGATC-1,5877.0,2226,9.120299,0.07744826114785579,False
ACGACAAAGTCACCTC-1,5448.0,2297,8.553597,0.046565237436606725,False
ACGACAAAGTGAACGA-1,11668.0,4256,8.3390465,0.19910313901345295,True
ACGACAAAGTTTCCGC-1,3860.0,1934,8.678757,0.029868868382710054,False
ACGACTTAGCAAGGTA-1,6210.0,2907,5.458937,0.38812042310821776,True
ACGACTTAGCGGGCAA-1,5558.0,2338,14.771501,0.05004812319538016,False
ACGACTTAGGACCTCA-1,2720.0,1418,12.647059,0.14198782961460438,False
ACGACTTAGGTAAGCA-1,5106.0,2347,14.042303,0.06102433708681438,False
ACGACTTAGGTGTCCA-1,4662.0,2062,13.234663,0.03596164091635589,False
ACGACTTAGTTAGTGC-1,2955.0,1521,13.299492,0.025357827115969796,False
ACGAGTAAGGCTACAT-1,3452.0,1830,3.5052142,0.08674531575294935,False
ACGAGTAAGTAAGGGC-1,2720.0,1552,6.25,0.014620689655172414,False
ACGAGTAAGTCAGGCC-1,4241.0,1871,16.977129,0.05658418411489879,False
ACGAGTAAGTCATGCG-1,4496.0,2085,14.701958,0.08427729950158584,False
ACGAGTAAGTGGCGGA-1,3224.0,1594,9.367246,0.03680733450182013,False
ACGAGTAAGTTACCGG-1,7925.0,3117,10.018928,0.00666207213416035,False
ACGATTCAGAAAGGAA-1,3328.0,1581,5.528846,0.08674531575294935,False
ACGATTCAGAATCTCA-1,3387.0,1697,6.702096,0.03596164091635589,False
ACGATTCAGACTATTG-1,3720.0,1849,5.6182795,0.04546832373446498,False
ACGATTCAGCTAATTG-1,7608.0,2826,8.64879,0.005071664829106946,False
ACGATTCAGTATGTGC-1,4088.0,1800,20.939335,0.04235191384078009,False
ACGATTCAGTTATCTC-1,7264.0,3061,8.19108,0.018496420047732696,False
ACGCAAGCACCGGTAT-1,2118.0,1154,9.678943,0.03128880059597715,False
ACGCAAGCACGAACAG-1,1913.0,1050,6.847883,0.1665381649961449,False
ACGCAAGCACTGACTA-1,3293.0,1696,11.144853,0.17379145025968837,False
ACGCAAGCAGCTCATA-1,7551.0,3083,15.362204,0.0385625431928127,False
ACGCAAGCATAATTGC-1,5862.0,2546,4.7765265,0.018496420047732696,False
ACGCAAGCATTGTGTG-1,4431.0,2027,17.625818,0.04336283185840707,False
ACGCACGGTTAGCGTA-1,3018.0,1541,12.624255,0.06423741547708492,False
ACGCACGGTTGTAACG-1,3201.0,1585,9.0596695,0.06260387811634349,False
ACGCCACAGGCGCACT-1,3132.0,1620,8.461047,0.02042921997523731,False
ACGCCACAGGCTGTGC-1,4514.0,2285,13.845814,0.21972656249999997,True
ACGCCACAGTAGCTTA-1,3958.0,1907,9.348156,0.04040833687792429,False
ACGCCACAGTTAGAGG-1,7540.0,3016,15.822281,0.27434679334916884,True
ACGCCACAGTTATCTC-1,6522.0,2629,10.732904,0.006940160394818014,False
ACGCCTAAGAGGCTAA-1,2667.0,1363,9.373828,0.06767794632438741,False
ACGCCTAAGCTAGAAG-1,2828.0,1525,9.794908,0.04546832373446498,False
ACGCCTAAGCTATTAG-1,10803.0,3480,9.247431,0.025962195399681167,False
ACGCCTAAGCTCGCTT-1,3949.0,1907,15.725499,0.06102433708681438,False
ACGCCTAAGCTGAGGG-1,3499.0,1561,5.4872823,0.08427729950158584,False
ACGCCTAAGGACCTGC-1,1852.0,1097,8.153348,0.03680733450182013,False
ACGCCTAAGGATCCGC-1,12776.0,4343,11.685973,0.23147675012774666,True
ACGCCTAAGGGTGAAC-1,4949.0,2051,4.5867853,0.11472602739726025,False
ACGCCTAAGGTAGCTT-1,6033.0,2463,14.437262,0.07963446475195822,False
ACGCCTAAGTAAAGGT-1,3320.0,1669,6.5060244,0.06592776609975157,False
ACGCCTTTCACAGCCA-1,7605.0,2952,5.6936226,0.19910313901345295,True
ACGCCTTTCAGCATTA-1,9712.0,3518,10.080313,0.33380581148121885,True
ACGCCTTTCATGAAGG-1,6859.0,2803,12.33416,0.025357827115969796,False
ACGCCTTTCCGGGACT-1,5678.0,2301,14.600211,0.039473684210526314,False
ACGCCTTTCCGGTATG-1,6655.0,2658,7.0773854,0.19910313901345295,True
ACGCCTTTCCTAGTAA-1,6871.0,2863,9.358172,0.06592776609975157,False
ACGCCTTTCCTCGATC-1,4795.0,2228,9.718457,0.027209302325581396,False
ACGCCTTTCGTGCTTC-1,4524.0,2012,7.9354553,0.0594961586564231,False
ACGCTTGAGCATGTCG-1,7151.0,2878,13.326807,0.013837388079949352,False
ACGCTTGAGCGATAAG-1,3714.0,1905,7.431341,0.01584606677985286,False
ACGCTTGAGCGATACT-1,4293.0,2106,10.179361,0.23147675012774666,True
ACGCTTGAGCTCGCTT-1,5232.0,2255,19.495413,0.019445007089325502,False
ACGCTTGAGGACGTAA-1,5072.0,2268,17.764196,0.01896638233818364,False
ACGCTTGAGGCTACAT-1,2330.0,1220,9.098712,0.09775195756504167,False
ACGCTTGAGGTCCTGA-1,5103.0,2325,13.834999,0.03277439024390243,False
ACGCTTGAGTATCGCG-1,5647.0,2526,15.300159,0.03128880059597715,False
ACGCTTGAGTGAGCAA-1,2922.0,1472,14.134155,0.03433029908972692,False
ACGCTTGAGTTAGGCT-1,2734.0,1319,14.228237,0.0058505850585058505,False
ACGCTTGAGTTATCTC-1,3529.0,1738,10.9946165,0.05519591141396934,False
ACGCTTGAGTTCCTCA-1,3501.0,1851,9.96858,0.012709620476610766,False
ACGCTTGAGTTGTCCC-1,4702.0,2255,12.526586,0.01626867091618305,False
ACGGGAAGTGTTAGCA-1,3342.0,1436,9.934172,0.05519591141396934,False
ACGGTACGTATTGGTG-1,4808.0,2073,19.488352,0.0077983458054352115,False
ACGGTACGTGAATCGC-1,3174.0,1495,8.538122,0.08931947069943286,False
ACGGTACGTTACATCC-1,3457.0,1667,7.26063,0.010609632873021219,False
ACGGTACGTTACTAGG-1,3794.0,1937,9.277807,0.03767403767403767,False
ACGGTACGTTCCTCCT-1,3201.0,1613,2.9990628,0.011987491313412093,False
ACGGTACGTTGCAGTA-1,7546.0,2801,9.475219,0.013079455467568288,False
ACGGTACGTTGTTGCT-1,3632.0,1889,3.8821585,0.02042921997523731,False
ACGGTTAGTACGCGCA-1,2301.0,1305,11.820948,0.012709620476610766,False
ACGGTTAGTCTTACTA-1,9100.0,3650,10.692307,0.2919020715630885,True
ACGGTTAGTGTCACGG-1,3592.0,1780,12.026726,0.01234567901234568,False
ACGGTTAGTTAACGAT-1,3982.0,1679,8.337519,0.23147675012774666,True
ACGGTTAGTTAATCGG-1,10264.0,3594,7.3070927,0.3590909090909092,True
ACGGTTAGTTGTAAAC-1,2892.0,1535,8.471646,0.07744826114785579,False
ACGGTTTAGATGGACA-1,4505.0,2067,14.206438,0.06423741547708492,False
ACGGTTTAGCAAGGTA-1,1081.0,676,21.369102,0.025962195399681167,False
ACGGTTTAGCCTGAGC-1,6965.0,2793,11.600862,0.10405083399523428,False
ACGGTTTAGTTATCTC-1,2948.0,1547,8.412483,0.04546832373446498,False
ACGTACCCAAACTGTT-1,10207.0,3587,13.510336,0.27434679334916884,True
ACGTACCCAACAACAA-1,8672.0,3264,8.337177,0.01234567901234568,False
ACGTACCCAAGGCCAA-1,2465.0,1349,6.409736,0.05385002516356318,False
ACGTACCCACTCGCTC-1,2986.0,1568,11.888815,0.08427729950158584,False
ACGTACCCAGAGGCTA-1,3935.0,1702,9.224905,0.04040833687792429,False
ACGTACCCAGCATGAG-1,6352.0,2905,6.9741817,0.33380581148121885,True
ACGTACCCAGGCGATA-1,3266.0,1665,11.726883,0.07332101047443006,False
ACGTACCCAGGGAGCT-1,5704.0,2511,11.132538,0.38812042310821776,True
ACGTACCCAGTTTGGC-1,2892.0,1567,9.578147,0.04040833687792429,False
ACGTACCCATGAAATG-1,4772.0,1920,7.271584,0.04546832373446498,False
ACGTACCCATGAGCAG-1,3519.0,1779,9.7470875,0.09200676165177493,False
ACGTACCCATGCTTAG-1,1785.0,1025,10.8123255,0.02093531923757942,False
ACGTACCCATTAGGCC-1,3018.0,1532,13.419483,0.008694252133311868,False
ACGTCAAGTCACCAAA-1,6797.0,2708,11.946447,0.07744826114785579,False
ACGTCAAGTGCTCCAC-1,2745.0,1543,9.398908,0.07534533277521976,False
ACGTCAAGTTCCTGAT-1,2278.0,1243,12.3353815,0.17379145025968837,False
ACGTCCAAGCGATAAG-1,2753.0,1566,8.826735,0.007222179078978022,False
ACGTCCAAGCTATGAC-1,3308.0,1745,6.287787,0.025962195399681167,False
ACGTCCAAGCTCCTTA-1,5627.0,2177,22.569754,0.27434679334916884,True
ACGTCCAAGCTTTGGG-1,3709.0,1810,16.122944,0.024185532854776367,False
ACGTCCAAGTAACCCG-1,3373.0,1546,3.2611918,0.04440125579309313,False
ACGTCCAAGTGATTCA-1,383.0,140,60.313313,0.01896638233818364,False
ACGTCCAAGTTACCGG-1,2639.0,1388,11.519515,0.01669865642994242,False
ACGTCCTTCACCTGCT-1,3424.0,1681,10.952103,0.018496420047732696,False
ACGTCCTTCCAAATCA-1,4780.0,2127,10.6694565,0.052544613350958363,False
ACGTCCTTCCACCTGT-1,5471.0,2397,12.685066,0.032023106869270374,False
ACGTCCTTCCTTGTTG-1,2137.0,1227,6.364062,0.02042921997523731,False
ACGTCCTTCGACCTGA-1,5037.0,2128,5.3404803,0.02251286449399657,False
ACGTCCTTCGGTTACG-1,4379.0,2113,7.9698563,0.12720519962859794,False
ACGTCCTTCGGTTTCC-1,3842.0,1945,7.782405,0.08931947069943286,False
ACGTCCTTCTCAATAG-1,3502.0,1834,4.226156,0.052544613350958363,False
ACGTCCTTCTTAGTCT-1,5410.0,2360,10.739371,0.023616881696916687,False
ACGTTACAGCCACATG-1,2547.0,1369,7.6953278,0.047693266832917705,False
ACGTTACAGCCATCAG-1,8203.0,3171,3.815677,0.2585915492957747,True
ACGTTACAGTAAACCC-1,4778.0,2075,9.146086,0.021451104100946368,False
ACGTTACAGTTCCTGC-1,2800.0,1468,13.214286,0.013455328310010764,False
ACGTTGTAGAACCTGT-1,4859.0,2161,12.718667,0.10082730093071354,False
ACGTTGTAGGACCGCT-1,3481.0,1597,15.914968,0.02042921997523731,False
ACGTTGTAGGCAGGTG-1,2896.0,1426,4.8687844,0.06767794632438741,False
ACGTTGTAGGCCTGGT-1,2248.0,1016,33.763348,0.03513620213185945,False
ACGTTGTAGGGCCATC-1,3810.0,1858,6.3254595,0.02093531923757942,False
ACGTTGTAGTCACTCC-1,4603.0,2095,15.077123,0.05519591141396934,False
ACGTTGTAGTTATGTG-1,3447.0,1731,15.549753,0.06949118986339338,False
ACGTTGTAGTTTGCGG-1,4819.0,2267,11.599917,0.24437299035369767,True
ACTAAAGCAATTAGCT-1,4747.0,2274,5.2243524,0.02851033499643621,False
ACTAAAGCAATTGCGC-1,2657.0,1476,4.4787354,0.025357827115969796,False
ACTAAAGCACACCAAC-1,3460.0,1701,6.936416,0.032023106869270374,False
ACTAAAGCAGGACACA-1,7960.0,3191,12.826633,0.05519591141396934,False
ACTAAAGCAGTAGCCT-1,5294.0,2278,13.562525,0.025357827115969796,False
ACTAACCAGACAAGTG-1,6234.0,2691,12.319538,0.006387832699619771,False
ACTAACCAGCATGTCG-1,4008.0,1909,3.0189621,0.12720519962859794,False
ACTAACGGTACAAAGA-1,5896.0,2574,11.584125,0.06260387811634349,False
ACTAACGGTCAGGCCA-1,4741.0,2141,8.669058,0.07963446475195822,False
ACTAACGGTCCGGTTC-1,5758.0,2529,6.182702,0.09775195756504167,False
ACTAACGGTCCTTTAA-1,3374.0,1707,4.9792533,0.01669865642994242,False
ACTAACGGTGAAACAA-1,2365.0,1345,10.359408,0.02251286449399657,False
ACTAACGGTGTTGTGA-1,2663.0,1501,4.205783,0.03513620213185945,False
ACTAACGGTTAAATGC-1,6219.0,2680,15.918959,0.029182178455626276,False
ACTAACGGTTCAAGCA-1,1167.0,744,20.051414,0.03596164091635589,False
ACTAACGGTTGGCGTG-1,2749.0,1522,4.9472537,0.17379145025968837,False
ACTAACGGTTTAAAGC-1,4262.0,1987,7.555138,0.04235191384078009,False
ACTAACTCAAACAACA-1,10355.0,3902,10.622888,0.27434679334916884,True
ACTAACTCAAACCTTG-1,4497.0,2062,16.611074,0.07332101047443006,False
ACTAACTCAAGGCCAA-1,2909.0,1442,6.8064632,0.07963446475195822,False
ACTAACTCAAGGTATA-1,8171.0,3154,5.335944,0.00481892523364486,False
ACTAACTCAATTTGGT-1,3616.0,1719,4.950221,0.11472602739726025,False
ACTAACTCACCTAAGC-1,2554.0,1370,5.6382146,0.06423741547708492,False
ACTAACTCAGGAACAT-1,3573.0,1619,5.261685,0.027209302325581396,False
ACTAACTCAGGAACCA-1,14017.0,4597,13.376615,0.421792618629174,True
ACTAACTCATTGTCCT-1,6809.0,2746,8.958731,0.02042921997523731,False
ACTAATCCAAGGAATC-1,4982.0,2191,8.751506,0.023616881696916687,False
ACTAATCCAAGTAAGC-1,2366.0,1291,9.1715975,0.02093531923757942,False
ACTAATCCAATAAGCA-1,3001.0,1654,9.196934,0.015022255192878337,False
ACTAATCCAATAGCCC-1,3472.0,1652,15.552996,0.08427729950158584,False
ACTAATCCACTCGCTC-1,5901.0,2696,8.727334,0.20897615708274905,True
ACTAATCCAGGAACTG-1,7181.0,2762,8.355382,0.03680733450182013,False
ACTAATCCATAATTGC-1,1962.0,1112,8.8175335,0.05658418411489879,False
ACTAATCCATGAATCT-1,2443.0,1276,9.946787,0.05004812319538016,False
ACTAGGCGTACTGAAT-1,3133.0,1603,11.6182575,0.1900043084877208,True
ACTAGGCGTCCCGAAG-1,1693.0,995,10.986415,0.02042921997523731,False
ACTAGGCGTTAGACCA-1,2558.0,1417,12.939797,0.04336283185840707,False
ACTAGGCGTTATCCTA-1,3837.0,1847,10.476934,0.03680733450182013,False
ACTAGGCGTTTGGCGG-1,3111.0,1402,13.114754,0.0385625431928127,False
ACTATCCGTACAAAGA-1,2291.0,1282,6.5910087,0.04235191384078009,False
ACTATCCGTATTGGTG-1,2134.0,1266,7.169635,0.052544613350958363,False
ACTATCCGTGAGACTC-1,3818.0,1749,9.769513,0.08674531575294935,False
ACTATCCGTGATCATG-1,4938.0,2285,9.376266,0.0580168776371308,False
ACTATCCGTGTTAGCA-1,5632.0,2696,9.730113,0.02851033499643621,False
ACTATGTCAATAGCAA-1,10290.0,3476,11.156463,0.029868868382710054,False
ACTATGTCATTATCCC-1,4253.0,1834,7.524101,0.04235191384078009,False
ACTATGTCATTGGGAG-1,5465.0,2446,10.942361,0.27434679334916884,True
ACTCACCTCAAGTGAG-1,3416.0,1718,15.017565,0.032023106869270374,False
ACTCACCTCATGCTCC-1,2982.0,1486,12.676056,0.04546832373446498,False
ACTCACCTCCTGCGAA-1,5889.0,2634,13.669554,0.019445007089325502,False
ACTCACCTCGATCAGT-1,2573.0,1405,10.027206,0.12281757977122211,False
ACTCACTGTCAAGTAT-1,2880.0,1555,10.972222,0.03433029908972692,False
ACTCACTGTCCCGAAG-1,4172.0,2015,11.121764,0.07332101047443006,False
ACTCACTGTCCGTGAG-1,2581.0,1379,15.34289,0.03680733450182013,False
ACTCACTGTTACCTGT-1,4913.0,2208,7.5717487,0.07534533277521976,False
ACTCACTGTTACTAGG-1,3218.0,1746,8.017402,0.013455328310010764,False
ACTCACTGTTTCAGGA-1,4932.0,2136,12.388483,0.0385625431928127,False
ACTCACTGTTTGGCGG-1,2446.0,1418,3.9247751,0.025962195399681167,False
ACTCACTGTTTGGTTC-1,7330.0,3089,10.804911,0.09481481481481482,False
ACTCAGTAGCGAGTAA-1,4075.0,1957,10.552147,0.06592776609975157,False
ACTCAGTAGGACCGCT-1,2621.0,1384,11.5604725,0.03596164091635589,False
ACTCAGTAGGATTGAG-1,3898.0,1965,10.646485,0.03680733450182013,False
ACTCAGTAGGCACAGG-1,3929.0,1818,9.493509,0.06260387811634349,False
ACTCAGTAGTAGGATG-1,3342.0,1593,10.05386,0.03513620213185945,False
ACTCCTCAGCAGCTCA-1,4110.0,1867,10.802919,0.04336283185840707,False
ACTCCTCAGCTTACTT-1,8938.0,3371,9.252629,0.0053278081989048395,False
ACTCCTCAGGCATTAC-1,3321.0,1709,9.906654,0.14198782961460438,False
ACTCCTCAGGCGGGTA-1,4813.0,2323,12.383129,0.2919020715630885,True
ACTCGCGCAATCCTGA-1,1657.0,960,11.285456,0.05004812319538016,False
ACTCGCGCAATGCGCT-1,2792.0,1521,8.775072,0.025962195399681167,False
ACTCGCGCAATTAGCT-1,2321.0,1350,8.143042,0.04440125579309313,False
ACTCGCGCACGTTACA-1,4616.0,2065,9.142115,0.03596164091635589,False
ACTCGCGCACTGACTA-1,2258.0,1191,10.274579,0.01758155889822231,False
ACTCGCGCAGCAAGTG-1,4595.0,2100,10.794342,0.07744826114785579,False
ACTCGCGCAGGCCAAA-1,2645.0,1375,13.421551,0.05658418411489879,False
ACTCGCGCAGGTTTGC-1,2055.0,1178,7.055961,0.051277877258668406,False
ACTCGCGCAGTTTACG-1,2801.0,1500,9.746519,0.07963446475195822,False
ACTCGCGCATAGACTT-1,4635.0,2046,10.4422865,0.006940160394818014,False
ACTCGCGCATAGGCGA-1,3589.0,1627,4.87601,0.04546832373446498,False
ACTCGCGCATTGTTGG-1,5675.0,2528,9.762115,0.31158455392809603,True
ACTCGCTTCAGCAAGA-1,4296.0,1989,9.613594,0.03433029908972692,False
ACTCGCTTCCAAACAC-1,2793.0,1505,9.595417,0.03513620213185945,False
ACTCGCTTCCCATAGG-1,2565.0,1295,26.510721,0.05004812319538016,False
ACTCGCTTCGATTTGA-1,6195.0,2508,17.255852,0.008694252133311868,False
ACTCGCTTCGGTTCCT-1,5072.0,2095,10.922713,0.04136742315426601,False
ACTCGCTTCGTGCCTT-1,1795.0,979,21.94986,0.015430655569063874,False
ACTCGCTTCTATCGCC-1,6945.0,2813,12.138228,0.31158455392809603,True
ACTGAAACAAACGGGC-1,3156.0,1639,10.04436,0.09200676165177493,False
ACTGAAACAACCCTAA-1,3361.0,1646,12.6748,0.02093531923757942,False
ACTGAAACAACTAGCC-1,3025.0,1498,12.066115,0.008694252133311868,False
ACTGAAACAATCATGT-1,4085.0,2046,10.208078,0.010278265229380797,False
ACTGAAACATGACTAT-1,3601.0,1756,10.996945,0.09481481481481482,False
ACTGAAACATGATTGT-1,2748.0,1410,11.935953,0.06423741547708492,False
ACTGAAACATGCAACC-1,7800.0,3098,8.294871,0.04235191384078009,False
ACTGAATGTACCGTAA-1,2714.0,1420,8.732498,0.04885375494071145,False
ACTGAATGTCACCAAA-1,7602.0,3201,7.89266,0.03767403767403767,False
ACTGAATGTGAGCAAG-1,5242.0,2275,14.689051,0.09200676165177493,False
ACTGAATGTGGATGTC-1,8259.0,3222,8.596683,0.3590909090909092,True
ACTGAATGTTACGCAA-1,4221.0,1949,9.121061,0.021976855292493894,False
ACTGAATGTTAGCGTA-1,3783.0,1749,9.780598,0.02657921988263721,False
ACTGAATGTTTGAGGC-1,2224.0,1135,10.161871,0.02785286167587261,False
ACTTACAAGCAAGATG-1,6066.0,2826,9.347181,0.03354324636936127,False
ACTTACAAGGAGCACG-1,3637.0,1687,5.526533,0.03596164091635589,False
ACTTACAAGGATTTGC-1,3628.0,1773,8.59978,0.07332101047443006,False
ACTTACAAGGGATTAG-1,6962.0,2829,13.90405,0.04336283185840707,False
ACTTACAAGTTCCTGC-1,3485.0,1635,12.3099,0.05385002516356318,False
ACTTACTTCACAAGCT-1,11754.0,3970,10.821848,0.06260387811634349,False
ACTTACTTCCATAAGC-1,2392.0,1184,14.841138,0.009001703024896602,False
ACTTACTTCGCTTCTA-1,6132.0,2512,11.757991,0.06767794632438741,False
ACTTACTTCGGTCAAT-1,4269.0,2263,5.739049,0.38812042310821776,True
ACTTACTTCTGTGAGT-1,2541.0,1301,15.269579,0.032023106869270374,False
ACTTAGGGTATACTGG-1,8385.0,3224,8.56291,0.011987491313412093,False
ACTTAGGGTTCCTGTG-1,3108.0,1589,8.365508,0.046565237436606725,False
ACTTAGTCAAACTGCC-1,3756.0,1866,7.00213,0.04440125579309313,False
ACTTAGTCAACCGCCA-1,3223.0,1649,12.317717,0.015430655569063874,False
ACTTAGTCAATCTCTC-1,2174.0,1235,8.555657,0.0594961586564231,False
ACTTAGTCAATTGCGC-1,4446.0,1950,7.4224024,0.07744826114785579,False
ACTTAGTCACGTAAGG-1,3978.0,1911,13.02162,0.06260387811634349,False
ACTTAGTCAGCATTAT-1,7573.0,3165,9.428232,0.11472602739726025,False
ACTTAGTCAGGAACTG-1,3013.0,1520,12.180552,0.11472602739726025,False
ACTTAGTCAGGGAGCT-1,2920.0,1530,5.3424654,0.14198782961460438,False
ACTTAGTCAGTTAGCC-1,2548.0,1270,9.065934,0.1900043084877208,True
ACTTAGTCATCCTAGA-1,3069.0,1595,10.85044,0.02785286167587261,False
ACTTAGTCATTATGGT-1,6285.0,2669,12.060461,0.02093531923757942,False
ACTTATCTCAGGAAGC-1,437.0,160,55.14874,0.046565237436606725,False
ACTTATCTCATAATCG-1,3565.0,1733,6.227209,0.029868868382710054,False
ACTTATCTCCGTCCAT-1,4460.0,2012,10.0,0.03354324636936127,False
ACTTATCTCCTGAATA-1,3959.0,1939,9.396313,0.01758155889822231,False
ACTTATCTCGAAGTAG-1,1393.0,858,11.7013645,0.06102433708681438,False
ACTTATCTCGGTTTGG-1,4334.0,2098,7.3142595,0.09481481481481482,False
ACTTATCTCTTTGAGA-1,2050.0,1191,14.292683,0.030570902394106814,False
ACTTATGAGCATGTCG-1,5779.0,2486,15.6947565,0.06102433708681438,False
ACTTATGAGCTTAGCG-1,2104.0,1219,9.60076,0.025357827115969796,False
ACTTATGAGTTCCCGT-1,3341.0,1782,6.7045794,0.08190899001109879,False
ACTTCGCTCAAACACC-1,3478.0,1666,10.465785,0.03513620213185945,False
ACTTCGCTCAAGCGCC-1,2421.0,1291,8.591491,0.05385002516356318,False
ACTTCGCTCCAATAGC-1,8188.0,3168,7.4621396,0.11098748261474266,False
ACTTCGCTCCAGGTTG-1,2383.0,1296,9.6097355,0.01993253603189206,False
ACTTCGCTCCCAGTAG-1,8564.0,3265,11.933676,0.08931947069943286,False
ACTTCGCTCCGCCTCA-1,6094.0,2651,13.423039,0.07534533277521976,False
ACTTCGCTCCGGTTGA-1,1175.0,678,19.914894,0.05519591141396934,False
ACTTGAATCCCGCCTA-1,5249.0,2348,14.7456665,0.06592776609975157,False
ACTTGAATCCTCCTAA-1,5468.0,2329,4.663497,0.052544613350958363,False
ACTTGAATCTTTGAGA-1,2711.0,1299,5.34858,0.06102433708681438,False
ACTTGCACAATGAAGC-1,4916.0,2060,10.842148,0.06592776609975157,False
ACTTGCACAATTGAAG-1,5980.0,2516,12.123746,0.12720519962859794,False
ACTTGCACAATTTAGC-1,3828.0,1931,3.5527692,0.046565237436606725,False
ACTTGCACACAGGAAT-1,5675.0,2466,15.7709255,0.0580168776371308,False
ACTTGCACACGAATTT-1,4395.0,2144,8.646189,0.07332101047443006,False
ACTTGCACAGGCTTGT-1,1734.0,861,19.550173,0.011634922002930278,False
ACTTGCACAGGTTAAA-1,2533.0,1315,15.712593,0.006117362736953402,False
ACTTGCACATGAATCT-1,3747.0,1870,13.477449,0.008694252133311868,False
ACTTGCACATTAGGCC-1,2517.0,1390,9.098133,0.02476572958500669,False
ACTTGTAAGAACCTGT-1,5684.0,2504,9.183674,0.006940160394818014,False
ACTTGTAAGACAAACG-1,3437.0,1735,14.082048,0.03354324636936127,False
ACTTGTAAGGATCACT-1,7873.0,2925,10.783691,0.02093531923757942,False
ACTTGTAAGGCGGGTA-1,3707.0,1865,10.304829,0.015022255192878337,False
ACTTGTCGTCTAACCT-1,3659.0,1915,8.417601,0.06102433708681438,False
ACTTGTCGTGCTTAGA-1,6126.0,2424,20.421156,0.08674531575294935,False
ACTTGTCGTGTGCACG-1,2771.0,1510,8.119813,0.10405083399523428,False
ACTTGTCGTTAAGCTG-1,12300.0,4265,17.666666,0.38812042310821776,True
ACTTGTCGTTTATGGG-1,2563.0,1472,5.6574326,0.06767794632438741,False
ACTTGTCGTTTCAGGA-1,3804.0,1773,10.015773,0.03680733450182013,False
ACTTTGTTCAGGCCTA-1,3627.0,1901,6.2861867,0.01128783991790662,False
ACTTTGTTCATGACCG-1,5742.0,2632,3.6050155,0.1900043084877208,True
ACTTTGTTCCAGCACA-1,3734.0,1908,8.275308,0.09200676165177493,False
ACTTTGTTCCGCCAAA-1,3323.0,1713,6.77099,0.02851033499643621,False
ACTTTGTTCTAAGGAG-1,2688.0,1408,9.561012,0.10743353228431904,False
AGAAACCCAAAGGTAC-1,2583.0,1450,9.059234,0.00432338953739732,False
AGAAACCCAACTAACT-1,12309.0,3828,11.520026,0.02851033499643621,False
AGAAACCCAACTGGGA-1,1061.0,586,26.484447,0.11866393202461177,False
AGAAACCCACGTGCTG-1,2042.0,1154,6.8070517,0.06767794632438741,False
AGAAACCCACTTGTTC-1,11360.0,3780,6.4876757,0.2585915492957747,True
AGAAACCCAGTATGTT-1,915.0,489,20.874317,0.024185532854776367,False
AGAAACCCATGCTTAG-1,4535.0,2107,4.5424476,0.019445007089325502,False
AGAAACTAGCCTGGTA-1,5264.0,2081,8.301672,0.02251286449399657,False
AGAAACTAGCGCTCAA-1,1571.0,775,21.833227,0.047693266832917705,False
AGAAACTAGGTCCGTA-1,3927.0,1956,12.757831,0.06949118986339338,False
AGAAACTAGTCACGAT-1,2906.0,1573,14.900206,0.09481481481481482,False
AGAAACTAGTTCCTCA-1,3121.0,1699,9.676386,0.030570902394106814,False
AGAAAGGCAAAGCGCA-1,4105.0,1986,13.836784,0.14198782961460438,False
AGAAAGGCAATAATGG-1,4578.0,2172,9.807776,0.023616881696916687,False
AGAAAGGCAATCCCTT-1,1981.0,1179,8.581524,0.027209302325581396,False
AGAAAGGCACAGAACG-1,4047.0,1676,10.773412,0.08427729950158584,False
AGAAAGGCAGCTTAAT-1,7743.0,3028,12.191657,0.10405083399523428,False
AGAAAGGCATCCAGGT-1,2950.0,1557,9.796611,0.010946117946542214,False
AGAAAGGCATTGTCAG-1,5590.0,2387,14.973166,0.006387832699619771,False
AGAACAAGTAGCTGGT-1,3423.0,1766,10.6047325,0.06260387811634349,False
AGAACAAGTCAATACG-1,2631.0,1448,6.8415055,0.06423741547708492,False
AGAACAAGTCCTTCTC-1,6094.0,2420,14.998359,0.06423741547708492,False
AGAACAAGTTAGTGAT-1,3022.0,1539,8.438121,0.05519591141396934,False
AGAACAAGTTCCTCCT-1,4030.0,1816,7.7419357,0.04336283185840707,False
AGAACAAGTTGCAATG-1,5662.0,2565,11.056164,0.27434679334916884,True
AGAACAAGTTGGTTCT-1,4234.0,1995,11.667454,0.04546832373446498,False
AGAACAAGTTTATGGG-1,4105.0,1756,19.171741,0.02251286449399657,False
AGAACCAAGCTGTAAC-1,3356.0,1695,11.620977,0.03433029908972692,False
AGAACCAAGCTTACTT-1,5370.0,2138,3.8733706,0.01993253603189206,False
AGAACCAAGGCTACAT-1,2935.0,1636,6.950596,0.008694252133311868,False
AGAACCAAGGTCCTGA-1,3419.0,1732,7.955542,0.027209302325581396,False
AGAACCAAGTCGCTAG-1,3287.0,1731,5.719501,0.18159203980099492,True
AGAACCGCAAGTCGCT-1,4422.0,2030,10.357305,0.04546832373446498,False
AGAACCGCACATTAAC-1,3101.0,1485,7.932925,0.04885375494071145,False
AGAACCGCAGAAATGC-1,5368.0,2268,16.4307,0.024185532854776367,False
AGAACCGCAGGCGATA-1,4381.0,1969,13.695504,0.01584606677985286,False
AGAACCGCAGGCTAAG-1,4340.0,2042,6.221198,0.07137096774193549,False
AGAACCGCATAATCGT-1,772.0,365,40.284973,0.12720519962859794,False
AGAAGGTGTAGGTTGC-1,4323.0,2176,10.224381,0.023059434881455017,False
AGAAGGTGTCGCGCAA-1,2626.0,1425,9.9009905,0.01128783991790662,False
AGAAGGTGTGATCAGC-1,3766.0,1564,8.762613,0.1367661528369957,False
AGAAGGTGTTAGGCGT-1,554.0,432,4.693141,0.02851033499643621,False
AGAAGGTGTTGTCCAT-1,2420.0,1333,16.07438,0.01758155889822231,False
AGAATCGAGACAAGTG-1,4703.0,2205,14.458856,0.03128880059597715,False
AGAATCGAGTAATCCA-1,3511.0,1817,8.060382,0.025357827115969796,False
AGAATCGAGTCTTGAA-1,2060.0,1093,10.873786,0.051277877258668406,False
AGAATCTGTCAACAAT-1,5533.0,2352,13.356227,0.029868868382710054,False
AGAATCTGTGAGGTAG-1,3511.0,1711,7.2059245,0.1900043084877208,True
AGAATCTGTGCGCGTA-1,6912.0,3077,12.398726,0.2919020715630885,True
AGAATCTGTGTGAGGA-1,3949.0,1932,8.432514,0.012709620476610766,False
AGAATCTGTTCAAGAT-1,7299.0,2882,18.851896,0.029182178455626276,False
AGACAATAGCTAAAGG-1,2914.0,1560,6.4516125,0.052544613350958363,False
AGACAATAGGATCACT-1,6068.0,2749,11.535926,0.06102433708681438,False
AGACAATAGGTGCTGC-1,2933.0,1606,12.001364,0.05519591141396934,False
AGACAATAGTCATTGA-1,6312.0,2723,7.47782,0.008694252133311868,False
AGACAATAGTGACCTG-1,4822.0,2028,8.710079,0.06423741547708492,False
AGACACGCAGACAAAC-1,4793.0,2100,12.163572,0.030570902394106814,False
AGACACGCAGGATAAC-1,2868.0,1584,6.6945605,0.009001703024896602,False
AGACACGCATGTCAAT-1,2498.0,1339,7.846277,0.08931947069943286,False
AGACCCGGTAAGGTCC-1,3433.0,1552,10.34081,0.09200676165177493,False
AGACCCGGTATTGTCC-1,3836.0,1939,11.678832,0.01758155889822231,False
AGACCCGGTCTAACCT-1,5094.0,2221,7.891637,0.24437299035369767,True
AGACCCGGTTAATGAC-1,1824.0,1108,15.625,0.0077983458054352115,False
AGACCCGGTTAATGCG-1,1202.0,879,7.4875207,0.0077983458054352115,False
AGACCCGGTTACTAGG-1,2258.0,1261,12.2232065,0.06423741547708492,False
AGACTATGTAATCGCA-1,3003.0,1641,6.2937064,0.09481481481481482,False
AGACTATGTACCCACC-1,2716.0,1364,12.150221,0.025962195399681167,False
AGACTATGTGTGTCCC-1,1514.0,917,5.350066,0.03128880059597715,False
AGACTATGTTTAGCTC-1,3073.0,1569,4.653433,0.01993253603189206,False
AGAGAAGCAACTAGCC-1,6155.0,2609,7.1811533,0.02042921997523731,False
AGAGAAGCAAGGGTTG-1,4024.0,1977,17.171968,0.07332101047443006,False
AGAGAAGCACAACAAA-1,4847.0,2264,10.398185,0.06592776609975157,False
AGAGAAGCACTTGTTC-1,4534.0,2050,12.748125,0.07744826114785579,False
AGAGAAGCAGCTTAGC-1,3930.0,1911,8.167939,0.07744826114785579,False
AGAGAAGCAGTACCGT-1,4700.0,2176,5.8723407,0.039473684210526314,False
AGAGAAGCAGTAGCCT-1,4672.0,1961,12.414384,0.023059434881455017,False
AGAGAAGCATCCCGCT-1,4350.0,2011,9.471265,0.06592776609975157,False
AGAGAAGCATGGCCTG-1,5242.0,2369,10.244182,0.0580168776371308,False
AGAGAAGCATGTCAAT-1,5382.0,2546,7.5436645,0.33380581148121885,True
AGAGAGGAGAGCCGCT-1,4571.0,2271,11.922993,0.02251286449399657,False
AGAGAGGAGTTCCCGT-1,3423.0,1343,7.303535,0.03433029908972692,False
AGAGATTAGCATGGTT-1,2787.0,1544,4.628633,0.04440125579309313,False
AGAGATTAGGATCACT-1,2703.0,1433,9.803922,0.03767403767403767,False
AGAGATTAGGCTGTCA-1,3136.0,1489,10.905612,0.21972656249999997,True
AGAGATTAGGCTTAAC-1,4740.0,2092,13.755274,0.04885375494071145,False
AGAGATTAGGGATGCG-1,3645.0,1844,11.604938,0.10743353228431904,False
AGAGATTAGGTAACGA-1,2980.0,1487,15.067114,0.01758155889822231,False
AGAGATTAGTACTGGT-1,3029.0,1545,13.53582,0.03513620213185945,False
AGAGGAACAGGCATCT-1,5699.0,2538,15.037725,0.02093531923757942,False
AGAGGAACATTGTGAT-1,1800.0,1147,7.8888884,0.052544613350958363,False
AGAGGATGTCATCCTG-1,2018.0,1121,10.852328,0.04336283185840707,False
AGAGGATGTGAAACAA-1,2619.0,1227,6.032837,0.039473684210526314,False
AGAGGATGTGAGGTAG-1,7898.0,2984,15.510255,0.02093531923757942,False
AGAGGATGTGGGAACA-1,2484.0,1190,7.8904996,0.051277877258668406,False
AGAGGATGTGTGCACG-1,6509.0,2778,13.089569,0.31158455392809603,True
AGAGGATGTTACTTCA-1,2691.0,1535,10.144927,0.01993253603189206,False
AGAGGATGTTGCACAA-1,3510.0,1646,8.9743595,0.09200676165177493,False
AGAGGATGTTGGCCGA-1,582.0,241,43.814434,0.02657921988263721,False
AGATGAAGTCACTCGC-1,2719.0,1397,5.2225084,0.08674531575294935,False
AGATGAAGTGGATTCA-1,4822.0,2240,14.496059,0.08190899001109879,False
AGATGAAGTTTAACCC-1,3078.0,1512,13.157895,0.018496420047732696,False
AGATGCTTCCGGTTGA-1,2678.0,1427,8.215086,0.046565237436606725,False
AGATGCTTCGTCATTT-1,3691.0,1855,6.285559,0.047693266832917705,False
AGATGCTTCGTTACTT-1,8621.0,3290,12.202761,0.31158455392809603,True
AGATGCTTCTCCATAT-1,3712.0,1776,6.815733,0.03596164091635589,False
AGATGCTTCTTCAATC-1,3561.0,1891,6.1499577,0.021976855292493894,False
AGCAAATAGCGAGGTG-1,5753.0,2467,16.165478,0.01128783991790662,False
AGCAAATAGGACCTGC-1,2264.0,1184,10.777385,0.12281757977122211,False
AGCAAATAGGCGCACT-1,12454.0,4545,8.840533,0.31158455392809603,True
AGCAAATAGTACTGGT-1,4032.0,1967,9.573413,0.01993253603189206,False
AGCAACAAGACAACGA-1,3067.0,1497,11.118357,0.02851033499643621,False
AGCAACAAGACAGGTA-1,9200.0,3513,5.7826085,0.12281757977122211,False
AGCAACAAGCCGCTAA-1,7355.0,3116,9.517335,0.01896638233818364,False
AGCAACAAGGCTACTG-1,2571.0,1463,6.9622717,0.09775195756504167,False
AGCAACAAGGTAACGA-1,9783.0,3177,6.357968,0.052544613350958363,False
AGCAAGGGTAATCACG-1,7698.0,3015,7.742271,0.1900043084877208,True
AGCAAGGGTCTAACAG-1,10615.0,3510,10.390956,0.029868868382710054,False
AGCAAGGGTGAAACAA-1,4463.0,2151,12.211517,0.27434679334916884,True
AGCAAGGGTGCATTTC-1,2983.0,1513,10.760979,0.024185532854776367,False
AGCAAGGGTTATCGAG-1,4624.0,2092,14.7707615,0.06767794632438741,False
AGCAAGGGTTATGTGG-1,3066.0,1645,8.121331,0.046565237436606725,False
AGCAAGGGTTCCATTA-1,7587.0,2982,5.2458153,0.08190899001109879,False
AGCAAGGGTTTGAGGC-1,1923.0,1035,14.716588,0.03433029908972692,False
AGCAATACAACTGGCT-1,3736.0,1824,8.80621,0.051277877258668406,False
AGCAATACAATATACC-1,3469.0,1751,13.000865,0.005071664829106946,False
AGCAATACAATCGCAC-1,5102.0,2311,8.212466,0.02851033499643621,False
AGCAATACAGTACCGT-1,2763.0,1460,12.269273,0.02042921997523731,False
AGCAATACAGTCTATG-1,3186.0,1654,11.550533,0.06592776609975157,False
AGCAATACATAGACCC-1,3378.0,1691,9.887507,0.07534533277521976,False
AGCAATTGTAATCACG-1,4598.0,1862,8.329709,0.04440125579309313,False
AGCAATTGTACAAAGA-1,9304.0,3412,10.092434,0.019445007089325502,False
AGCAATTGTCTAACCT-1,3656.0,1905,5.71663,0.03680733450182013,False
AGCAATTGTGCAATGC-1,3042.0,1665,7.4950686,0.02042921997523731,False
AGCAATTGTTCCATTA-1,2377.0,1272,9.213294,0.047693266832917705,False
AGCAATTGTTTGCAGA-1,6254.0,2646,8.570515,0.04546832373446498,False
AGCACAGCACGAACAG-1,5539.0,2484,10.68785,0.03596164091635589,False
AGCACAGCACGAATCC-1,4724.0,1998,20.575783,0.04440125579309313,False
AGCACAGCACTGGCTG-1,3305.0,1729,6.172466,0.015022255192878337,False
AGCACAGCAGGTTATT-1,4957.0,2191,15.049425,0.023616881696916687,False
AGCACAGCATTGTTGG-1,4036.0,1778,7.879088,0.029182178455626276,False
AGCACTAGTACTGATG-1,2495.0,1228,5.210421,0.05658418411489879,False
AGCACTAGTCACCTAT-1,4117.0,1959,9.618654,0.07137096774193549,False
AGCACTAGTGGACATC-1,3921.0,1910,5.483295,0.14754098360655732,False
AGCACTAGTGTCACGG-1,1733.0,1007,12.060011,0.03277439024390243,False
AGCACTAGTGTGTCCC-1,2278.0,1292,12.86216,0.06102433708681438,False
AGCACTAGTTAACACG-1,2148.0,1111,18.947859,0.07963446475195822,False
AGCACTAGTTAAGCGC-1,2695.0,1412,10.760668,0.07137096774193549,False
AGCACTAGTTAATGCG-1,3322.0,1619,12.281758,0.03513620213185945,False
AGCACTAGTTACGCGG-1,2765.0,1474,4.267631,0.07137096774193549,False
AGCACTAGTTAGCAGC-1,8593.0,3499,10.008146,0.3590909090909092,True
AGCACTTAGCACTAAC-1,2770.0,1511,9.422382,0.14198782961460438,False
AGCACTTAGCGATAAG-1,2740.0,1553,8.649635,0.019445007089325502,False
AGCACTTAGCTTAGTA-1,5003.0,2177,8.674795,0.07963446475195822,False
AGCACTTAGGTGAGAC-1,4120.0,1866,3.6407769,0.08190899001109879,False
AGCACTTAGTAATCCA-1,5910.0,2559,12.622674,0.0385625431928127,False
AGCAGGTAGCGAGGTG-1,3221.0,1637,6.488668,0.17379145025968837,False
AGCAGGTAGCTCGCTT-1,2697.0,1439,7.5639596,0.15345821325648415,False
AGCAGGTAGGACAACA-1,9680.0,3730,13.894628,0.27434679334916884,True
AGCAGGTAGGCATGTT-1,2721.0,1467,7.754502,0.07332101047443006,False
AGCAGGTAGGGACCTC-1,3328.0,1652,7.5120196,0.025962195399681167,False
AGCAGGTAGGTAAGGC-1,13897.0,4486,11.772325,0.07332101047443006,False
AGCAGGTAGTCACTAA-1,2614.0,1338,15.4169855,0.02042921997523731,False
AGCAGGTAGTTCCCGT-1,3793.0,1866,10.203006,0.04440125579309313,False
AGCATCCCAATAACCT-1,4386.0,2283,8.80073,0.023059434881455017,False
AGCATCCCACAGCCTG-1,4691.0,2221,10.424217,0.07963446475195822,False
AGCATCCCAGATTCAT-1,4122.0,1935,8.709364,0.05385002516356318,False
AGCATCCCAGTAGCCT-1,8815.0,3316,9.914918,0.06102433708681438,False
AGCATCCCATCGTTCT-1,6407.0,2692,8.459497,0.01896638233818364,False
AGCATTTCAATGAATG-1,4236.0,2063,10.221908,0.06260387811634349,False
AGCATTTCACCGGTAT-1,4247.0,1955,6.8518953,0.021451104100946368,False
AGCATTTCACGAACAG-1,2643.0,1406,10.329171,0.07963446475195822,False
AGCATTTCATGGTTAT-1,12584.0,4228,4.044819,0.04235191384078009,False
AGCCAGTGTAGCAGCT-1,7364.0,2840,18.997828,0.04885375494071145,False
AGCCAGTGTCATAACG-1,2524.0,1354,6.695721,0.11472602739726025,False
AGCCAGTGTGCTCCAC-1,5206.0,2053,20.26508,0.03513620213185945,False
AGCCAGTGTGTTTGCT-1,3236.0,1579,19.561186,0.07137096774193549,False
AGCCAGTGTTACATCC-1,4803.0,2127,13.408287,0.05519591141396934,False
AGCCAGTGTTAGGATT-1,5117.0,2101,8.813758,0.030570902394106814,False
AGCCAGTGTTATAGCG-1,1573.0,907,10.108074,0.07744826114785579,False
AGCCAGTGTTCCGCAC-1,858.0,498,16.550116,0.039473684210526314,False
AGCCAGTGTTCCTCCT-1,3000.0,1460,8.5,0.11866393202461177,False
AGCCAGTGTTCGCGCT-1,4986.0,2395,14.741276,0.09775195756504167,False
AGCCAGTGTTTAGCGA-1,3445.0,1723,7.402032,0.013837388079949352,False
AGCCGCTAGCCGCAGT-1,3775.0,1849,11.89404,0.03513620213185945,False
AGCCGCTAGGAGGACT-1,5404.0,2410,10.7698,0.006117362736953402,False
AGCCGCTAGGATGATG-1,3954.0,1970,17.04603,0.05658418411489879,False
AGCCGCTAGGCGCTAC-1,2577.0,1412,7.6833525,0.09775195756504167,False
AGCCGCTAGTTCCTGC-1,2064.0,1145,6.8313956,0.039473684210526314,False
AGCCGGTTCAAGTGTC-1,2296.0,1299,7.229965,0.10082730093071354,False
AGCCGGTTCAATGTGC-1,2989.0,1521,14.65373,0.02476572958500669,False
AGCCGGTTCAGGAAGC-1,5607.0,2431,10.237204,0.07137096774193549,False
AGCCGGTTCAGGTTTA-1,9310.0,3772,8.496241,0.38812042310821776,True
AGCCGGTTCTGTTGCC-1,3227.0,1569,8.490858,0.06423741547708492,False
AGCCTAAGTACGTTTC-1,4414.0,2069,9.56049,0.025357827115969796,False
AGCCTAAGTATTACCC-1,3929.0,1845,11.529652,0.01993253603189206,False
AGCCTAAGTGCTTACT-1,7791.0,3195,11.2822485,0.21972656249999997,True
AGCCTAAGTTGGTTAG-1,2926.0,1582,11.107313,0.021976855292493894,False
AGCCTAAGTTTGCGAA-1,2880.0,1497,12.361111,0.052544613350958363,False
AGCCTAGTCAAAGGCA-1,2503.0,1479,5.833,0.20897615708274905,True
AGCCTAGTCATGCTTT-1,6368.0,2904,7.035176,0.31158455392809603,True
AGCCTAGTCATTACGA-1,6574.0,2746,13.477334,0.02657921988263721,False
AGCCTAGTCCATTACT-1,2960.0,1518,14.358108,0.02785286167587261,False
AGCCTAGTCCTAAATG-1,6853.0,2901,11.162994,0.029868868382710054,False
AGCCTAGTCTAAGGAG-1,4924.0,2165,9.382616,0.024185532854776367,False
AGCCTAGTCTGGCAAT-1,5249.0,2391,11.430749,0.10743353228431904,False
AGCCTCCGTAGCTGGT-1,5209.0,2495,8.75408,0.24437299035369767,True
AGCCTCCGTCGCAAAC-1,3183.0,1637,13.917687,0.013079455467568288,False
AGCCTCCGTCTTACTA-1,4311.0,2196,11.366272,0.01993253603189206,False
AGCCTCCGTGGACATC-1,5053.0,2214,4.670493,0.15345821325648415,False
AGCCTCCGTGTGAGAG-1,4413.0,2006,15.726264,0.07963446475195822,False
AGCCTCCGTTAATGCG-1,3967.0,1889,9.805899,0.029868868382710054,False
AGCCTCCGTTACATCC-1,2229.0,1255,15.253477,0.009001703024896602,False
AGCCTCCGTTGAAGCC-1,7472.0,2970,13.570663,0.030570902394106814,False
AGCCTGGGTGAGCGAA-1,3912.0,1806,14.00818,0.00666207213416035,False
AGCCTGGGTGCCGCAA-1,2873.0,1514,10.093978,0.07744826114785579,False
AGCCTGGGTGCTCCAC-1,2207.0,1310,8.38242,0.11098748261474266,False
AGCCTGGGTGGTGAGA-1,3274.0,1819,6.1392794,0.02657921988263721,False
AGCCTGGGTGTTGTGA-1,2027.0,1145,9.76813,0.03433029908972692,False
AGCCTGGGTTAAATGC-1,5486.0,2350,7.9110465,0.10082730093071354,False
AGCCTGGGTTAGAGCC-1,5267.0,2234,15.39776,0.07744826114785579,False
AGCCTGGGTTAGGATT-1,3384.0,1781,8.392435,0.01128783991790662,False
AGCCTGGGTTCCGCAC-1,2834.0,1341,5.39873,0.047693266832917705,False
AGCCTGGGTTCCTGAT-1,9728.0,3540,12.818667,0.01993253603189206,False
AGCCTGGGTTGGCGTG-1,2820.0,1403,10.780142,0.05658418411489879,False
AGCGATTTCCAGGAAA-1,3345.0,1740,7.503737,0.025962195399681167,False
AGCGATTTCCGCAAGC-1,1332.0,929,0.6756757,0.011634922002930278,False
AGCGATTTCGCTAAGT-1,4204.0,1996,12.416746,0.09775195756504167,False
AGCGATTTCGCTAGTG-1,3729.0,1850,9.814963,0.013079455467568288,False
AGCGATTTCGCTCCAT-1,10547.0,3702,12.3162985,0.05658418411489879,False
AGCGATTTCGGTTTCC-1,3334.0,1714,9.028194,0.0594961586564231,False
AGCGCCTAGAGGGACT-1,5037.0,1914,10.939052,0.023059434881455017,False
AGCGCCTAGCATGCAT-1,2784.0,1415,8.010057,0.0385625431928127,False
AGCGCCTAGCTTCTCA-1,9056.0,3385,11.517226,0.06592776609975157,False
AGCGCCTAGGACAACA-1,2844.0,1524,13.5372715,0.025357827115969796,False
AGCGCCTAGGTAACGA-1,5766.0,2723,7.4748526,0.06260387811634349,False
AGCGCCTAGTAGCGCC-1,679.0,547,0.2945508,0.03767403767403767,False
AGCGCCTAGTCATTTC-1,5267.0,2168,11.733435,0.06767794632438741,False
AGCGCTCAGAGGCTAA-1,3575.0,1834,9.706294,0.07332101047443006,False
AGCGCTCAGCATGCAT-1,8358.0,3099,8.829864,0.0053278081989048395,False
AGCGCTCAGCCTGTGA-1,2348.0,1291,4.770017,0.047693266832917705,False
AGCGCTCAGCTAAAGG-1,1913.0,1092,6.638787,0.052544613350958363,False
AGCGCTCAGCTACTGG-1,3379.0,1704,9.144717,0.08190899001109879,False
AGCGCTCAGGACAACA-1,2784.0,1495,11.206897,0.03433029908972692,False
AGCGCTCAGGACTTAC-1,5821.0,2519,16.217146,0.04546832373446498,False
AGCGCTCAGGCTACAT-1,3987.0,1767,5.79383,0.08427729950158584,False
AGCGCTCAGGTGCTGC-1,4591.0,2137,14.659116,0.015430655569063874,False
AGCGCTCAGTCAATCA-1,3408.0,1683,11.267606,0.18159203980099492,True
AGCGGACCAAGGGTTG-1,2210.0,1245,11.900453,0.08674531575294935,False
AGCGGACCAATGAAGC-1,6004.0,2620,13.8740835,0.02042921997523731,False
AGCGGACCACAACAGG-1,3623.0,1853,7.038366,0.03128880059597715,False
AGCGGATAGAAAGCAT-1,3222.0,1677,10.304159,0.06767794632438741,False
AGCGGATAGACTAAGG-1,3230.0,1713,11.26935,0.01128783991790662,False
AGCGGATAGCAAGGAC-1,3745.0,1889,7.743658,0.029182178455626276,False
AGCGGATAGCCGCAAC-1,1683.0,825,24.420677,0.08190899001109879,False
AGCGGATAGCCGCAGT-1,3677.0,1916,8.67555,0.04235191384078009,False
AGCGGATAGCCTGGTA-1,1150.0,648,15.130435,0.047693266832917705,False
AGCGGATAGCTGTCAG-1,4332.0,1808,20.937212,0.009951899154088572,False
AGCGGATAGGAACCAA-1,4868.0,2179,9.819227,0.04336283185840707,False
AGCGGATAGGAGGCAT-1,9500.0,3551,12.863157,0.3590909090909092,True
AGCGGATAGGAGTCGG-1,4130.0,1956,18.716707,0.04336283185840707,False
AGCGGATAGGATGATG-1,4492.0,2090,15.983972,0.03767403767403767,False
AGCGGATAGGGTGAGT-1,1362.0,742,16.813509,0.009313725490196078,False
AGCGGATAGGTTACAC-1,6244.0,2675,15.743114,0.3590909090909092,True
AGCGGATAGTCACTCC-1,4331.0,1932,7.5040407,0.1665381649961449,False
AGCGGATAGTTATGTG-1,4843.0,2013,8.279992,0.03513620213185945,False
AGCGTGCTCATGTCAA-1,2048.0,1161,14.160156,0.01803488715876614,False
AGCGTGCTCCGGTATG-1,3555.0,1852,6.413502,0.07332101047443006,False
AGCGTGCTCCGGTTGA-1,3353.0,1638,9.513868,0.046565237436606725,False
AGCGTGCTCCGTTATT-1,5618.0,2424,10.323958,0.010609632873021219,False
AGCGTGCTCGACAAAG-1,3262.0,1573,11.404046,0.12720519962859794,False
AGCGTGCTCGCTAGCA-1,2754.0,1372,7.6615834,0.10082730093071354,False
AGCGTGCTCTACTAAG-1,3541.0,1710,13.781418,0.029182178455626276,False
AGCGTGCTCTCAATGA-1,1976.0,1153,8.299595,0.023616881696916687,False
AGCGTGCTCTCATCAT-1,4678.0,2090,14.920907,0.027209302325581396,False
AGCGTGCTCTCTAGCC-1,5968.0,2592,14.4437,0.07963446475195822,False
AGCGTGCTCTTCAATC-1,9189.0,3393,9.903145,0.38812042310821776,True
AGCTAAACAAGACTCC-1,2855.0,1354,7.8809104,0.052544613350958363,False
AGCTAAACACCTCAGG-1,3599.0,1846,6.779661,0.04040833687792429,False
AGCTAAACACTAAGCC-1,2194.0,1243,7.748405,0.03767403767403767,False
AGCTAAACACTATGGC-1,3186.0,1662,5.021971,0.07963446475195822,False
AGCTAAACACTTACAG-1,5907.0,2556,9.700356,0.07332101047443006,False
AGCTAAACAGTCTATG-1,2631.0,1506,8.475864,0.014225788801750865,False
AGCTAAACAGTTATGT-1,2471.0,1304,10.036423,0.08190899001109879,False
AGCTAAACATTAAGTC-1,2553.0,1390,8.029769,0.051277877258668406,False
AGCTAACTCTGTGCCT-1,10712.0,3676,7.1321883,0.07332101047443006,False
AGCTACGTCAATGAGG-1,7866.0,3004,7.818459,0.15345821325648415,False
AGCTACGTCATAGACC-1,4024.0,1826,8.797216,0.04040833687792429,False
AGCTACGTCCCGAAGC-1,3867.0,1892,8.766486,0.07744826114785579,False
AGCTACGTCTAAGGAG-1,1521.0,953,8.086785,0.06592776609975157,False
AGCTACGTCTAATCCT-1,3361.0,1749,8.628385,0.04336283185840707,False
AGCTACGTCTCCTCTT-1,4692.0,2224,9.377665,0.01584606677985286,False
AGCTACTAGAAGGTGC-1,3144.0,1655,7.347328,0.10082730093071354,False
AGCTACTAGACTCGCA-1,4593.0,2067,6.1833224,0.10743353228431904,False
AGCTACTAGCAATAGG-1,4700.0,1894,10.510638,0.07332101047443006,False
AGCTACTAGGAAGCTA-1,6434.0,2891,6.1392603,0.02251286449399657,False
AGCTACTAGTGCTGTG-1,1689.0,807,13.380699,0.02093531923757942,False
AGCTACTAGTTATGTG-1,1803.0,989,12.756517,0.11098748261474266,False
AGCTAGTTCGCTAGCA-1,2902.0,1550,8.4769125,0.08427729950158584,False
AGCTAGTTCGCTTCTA-1,8574.0,3342,10.53184,0.38812042310821776,True
AGCTATATCAACCAAC-1,2849.0,1375,6.633907,0.047693266832917705,False
AGCTATATCAGAAACG-1,8911.0,3332,13.084951,0.019445007089325502,False
AGCTATATCCCTCAGT-1,4665.0,2007,7.909968,0.047693266832917705,False
AGCTATATCCTCCTAA-1,3244.0,1519,16.152897,0.01758155889822231,False
AGCTATATCCTTCGTA-1,3780.0,1846,9.4973545,0.06102433708681438,False
AGCTATATCGTTTCTG-1,3605.0,1573,10.374479,0.02251286449399657,False
AGCTATATCTAAGTGC-1,5672.0,2440,12.588152,0.06260387811634349,False
AGCTCATAGACAGGCG-1,3335.0,1744,5.5172415,0.009313725490196078,False
AGCTCATAGACTCGCA-1,5473.0,2413,14.379682,0.023059434881455017,False
AGCTCATAGGCCGGAA-1,5043.0,2321,11.282967,0.03680733450182013,False
AGCTCATAGGCTACTG-1,6211.0,2659,10.964418,0.06592776609975157,False
AGCTCATAGGCTGTGC-1,3257.0,1580,11.237335,0.03767403767403767,False
AGCTCATAGGGTTAGA-1,3369.0,1732,10.537251,0.10405083399523428,False
AGCTCATAGGTCCACA-1,2929.0,1575,5.735746,0.07744826114785579,False
AGCTCATAGTGAGAGC-1,4975.0,2307,13.266331,0.10405083399523428,False
AGCTGCTCACAGCCTG-1,7973.0,3035,8.415904,0.38812042310821776,True
AGCTGCTCACATTAAC-1,6565.0,2810,12.383854,0.24437299035369767,True
AGCTGCTCAGTAGGAT-1,1816.0,1052,6.993392,0.04136742315426601,False
AGCTGCTCAGTCTAGC-1,4351.0,1896,12.709722,0.014620689655172414,False
AGCTGCTCATGAATAG-1,5175.0,2326,9.990338,0.07744826114785579,False
AGCTTAATCACCGGTA-1,5857.0,2755,7.4782314,0.021976855292493894,False
AGCTTAATCATGCCTC-1,4541.0,2130,8.456287,0.14754098360655732,False
AGCTTAATCCATAATG-1,4441.0,2201,10.290475,0.021451104100946368,False
AGCTTAATCCCGAAGC-1,5872.0,2534,13.28338,0.023616881696916687,False
AGCTTAATCCCTGATC-1,2411.0,1335,7.2998753,0.03513620213185945,False
AGCTTAATCGATATTG-1,2423.0,1270,6.025588,0.032023106869270374,False
AGCTTAATCGGTTTGG-1,11865.0,4313,12.583227,0.31158455392809603,True
AGCTTAATCGTCATTT-1,3842.0,1898,6.819365,0.15977653631284908,False
AGCTTCCTCACTAAGC-1,3387.0,1732,10.008858,0.014225788801750865,False
AGCTTCCTCAGTATTG-1,3840.0,1818,11.822917,0.047693266832917705,False
AGCTTCCTCATGAAGG-1,3070.0,1562,8.045603,0.07137096774193549,False
AGCTTCCTCATTACGA-1,3748.0,1852,10.6723585,0.052544613350958363,False
AGCTTCCTCCCTGATC-1,4246.0,1935,6.8299575,0.04885375494071145,False
AGCTTCCTCGAGGTGG-1,4525.0,2043,12.994475,0.0580168776371308,False
AGCTTCCTCGTGCTTC-1,3407.0,1716,6.457294,0.11098748261474266,False
AGCTTCCTCTAGCGTG-1,4088.0,1823,9.760274,0.030570902394106814,False
AGCTTGGTCAACCAAC-1,2187.0,1227,9.053497,0.051277877258668406,False
AGCTTGGTCCTGTTCA-1,3333.0,1772,7.110711,0.18159203980099492,True
AGCTTGGTCCTTCTAG-1,8498.0,3366,6.6368556,0.17379145025968837,False
AGCTTGGTCGACCTGA-1,6083.0,2749,10.997863,0.19910313901345295,True
AGCTTGGTCGATAACC-1,1798.0,1062,13.737486,0.01713621841417369,False
AGCTTGGTCGCTAGTG-1,2676.0,1395,8.295964,0.08190899001109879,False
AGCTTGGTCTAACCTT-1,2966.0,1464,7.1139584,0.06260387811634349,False
AGCTTGGTCTCACAAA-1,9224.0,3674,6.732437,0.3590909090909092,True
AGCTTGGTCTCCTCAA-1,6579.0,2757,8.679131,0.0594961586564231,False
AGCTTTAAGAAGCTAG-1,9713.0,3487,15.546176,0.33380581148121885,True
AGCTTTAAGCGATAGA-1,1296.0,608,26.234568,0.014620689655172414,False
AGCTTTAAGCTGGACC-1,2907.0,1512,7.6023393,0.029182178455626276,False
AGCTTTAAGGAGGACT-1,8916.0,3428,10.015702,0.07534533277521976,False
AGCTTTAAGGCCTAAT-1,1594.0,803,26.913425,0.009001703024896602,False
AGCTTTAAGGCTACTG-1,2673.0,1482,6.5469513,0.07137096774193549,False
AGCTTTAAGTGGCGGA-1,4135.0,1909,7.0616684,0.021976855292493894,False
AGGAAACGTAATTAGC-1,4289.0,2030,5.665656,0.23147675012774666,True
AGGAAACGTGCTGTAA-1,3361.0,1662,6.7836957,0.11098748261474266,False
AGGAAACGTGGGTACT-1,5380.0,2262,6.152416,0.030570902394106814,False
AGGAAACGTGGTTATG-1,5671.0,2528,8.640451,0.04235191384078009,False
AGGAAACGTTGTAACG-1,6579.0,2807,13.725491,0.33380581148121885,True
AGGAAACGTTGTGATG-1,4758.0,2121,11.286255,0.01896638233818364,False
AGGAAACGTTTGCAGA-1,5408.0,2404,10.392012,0.009313725490196078,False
AGGAACCAGCAACAAG-1,2283.0,1372,3.022339,0.04546832373446498,False
AGGAACCAGGCAAGTA-1,3732.0,1704,13.826367,0.04336283185840707,False
AGGAACCAGGCATTAC-1,2151.0,1201,2.0920503,0.10743353228431904,False
AGGAACCAGGCCATCA-1,2532.0,1346,8.92575,0.04440125579309313,False
AGGAACCAGGGTTATC-1,2155.0,1183,6.728538,0.046565237436606725,False
AGGAACCAGTAACCAC-1,3791.0,1805,11.448167,0.01584606677985286,False
AGGAACCAGTTGTCAA-1,3661.0,1741,10.625512,0.13184713375796173,False
AGGAACGGTAAGCTTG-1,3798.0,1765,7.8199053,0.010278265229380797,False
AGGAACGGTACTGATG-1,3426.0,1709,8.493871,0.027209302325581396,False
AGGAACGGTGGAAACG-1,2471.0,1350,8.862808,0.07744826114785579,False
AGGAACGGTGTTAAAC-1,4110.0,1754,10.583941,0.04235191384078009,False
AGGAACGGTTTAAAGC-1,3654.0,2002,8.31965,0.03128880059597715,False
AGGAACGGTTTAACGG-1,3285.0,1702,7.6712327,0.06949118986339338,False
AGGACGTAGACTAAGG-1,8227.0,3231,7.96159,0.02476572958500669,False
AGGACGTAGATAACCC-1,11847.0,3997,7.605301,0.27434679334916884,True
AGGACGTAGATAGACG-1,4000.0,1953,10.9,0.06949118986339338,False
AGGACGTAGCGATAGA-1,2582.0,1459,8.597986,0.025357827115969796,False
AGGACGTAGGAATAAC-1,7119.0,2913,10.647563,0.10082730093071354,False
AGGACGTAGGCACAGG-1,4087.0,2097,3.9393198,0.07744826114785579,False
AGGACGTAGGCCTAAT-1,4093.0,1862,15.587589,0.08674531575294935,False
AGGACGTAGTCAGGCC-1,3324.0,1564,22.382671,0.03513620213185945,False
AGGACGTAGTCATGCG-1,3074.0,1681,6.2784643,0.0058505850585058505,False
AGGACTAAGACTTATG-1,5013.0,2222,10.6922,0.04885375494071145,False
AGGACTAAGCTGTAAC-1,4150.0,1969,10.385542,0.051277877258668406,False
AGGACTAAGTAGGATG-1,2385.0,1316,8.343816,0.14198782961460438,False
AGGAGCTAGCAAGATG-1,7162.0,2951,11.505166,0.02657921988263721,False
AGGAGCTAGCCTGAGC-1,2497.0,1318,13.936724,0.039473684210526314,False
AGGAGCTAGCCTGGTA-1,6092.0,2690,11.572554,0.03767403767403767,False
AGGAGCTAGGAAACTG-1,3957.0,2010,12.40839,0.03680733450182013,False
AGGAGCTAGGACCTGC-1,7085.0,2872,15.2575865,0.006940160394818014,False
AGGAGCTAGGGCCATC-1,2035.0,1155,21.179361,0.025357827115969796,False
AGGAGCTAGTATTGCA-1,2653.0,1373,12.250282,0.08190899001109879,False
AGGAGCTAGTATTGTG-1,5488.0,2572,11.279155,0.33380581148121885,True
AGGAGCTAGTGAGGGT-1,2584.0,1480,7.778638,0.03128880059597715,False
AGGAGCTAGTTAGACC-1,4521.0,1795,7.3877463,0.38812042310821776,True
AGGATATAGCCGCTAA-1,6531.0,2634,9.676925,0.12720519962859794,False
AGGATATAGGCATGTT-1,15322.0,5019,12.048036,0.2919020715630885,True
AGGATATAGGCTTAGT-1,4736.0,2080,14.88598,0.07534533277521976,False
AGGATATAGGTAAGGC-1,172.0,117,20.930233,0.014620689655172414,False
AGGATATAGTGCTGTG-1,790.0,434,30.126583,0.023616881696916687,False
AGGATCCGTACCCACC-1,4485.0,2022,9.788183,0.10082730093071354,False
AGGATCCGTAGGTGTC-1,2384.0,1294,8.892617,0.04040833687792429,False
AGGATCCGTCACGAAC-1,3275.0,1549,5.40458,0.05004812319538016,False
AGGATCCGTGAATCGC-1,3287.0,1654,11.712809,0.008391273076000958,False
AGGATCCGTGTTGCAA-1,3279.0,1581,8.996645,0.011987491313412093,False
AGGATCCGTTAACAGT-1,7608.0,3015,9.897476,0.2919020715630885,True
AGGATGCAGAACCTGT-1,2662.0,1392,12.396694,0.006387832699619771,False
AGGATGCAGAGGCTAA-1,1946.0,1044,15.056526,0.046565237436606725,False
AGGATGCAGGATGATG-1,3114.0,1520,3.1470776,0.09775195756504167,False
AGGATGCAGGGTTATC-1,3201.0,1592,8.965948,0.11472602739726025,False
AGGATGTCACAAAGAC-1,4033.0,1910,20.828169,0.13184713375796173,False
AGGATGTCACAACCTA-1,3202.0,1597,13.522798,0.030570902394106814,False
AGGATGTCACCCTCAC-1,6329.0,2663,8.89556,0.0580168776371308,False
AGGATGTCACGTGCTG-1,3249.0,1651,8.679593,0.15345821325648415,False
AGGATGTCAGGAACCA-1,2506.0,1344,8.938547,0.052544613350958363,False
AGGATGTCATGTTTGG-1,10761.0,3845,6.9510264,0.2919020715630885,True
AGGATTGAGACAAGTG-1,2570.0,1384,5.797665,0.023616881696916687,False
AGGATTGAGCACCACA-1,3472.0,1444,5.47235,0.04546832373446498,False
AGGATTGAGGCGCACT-1,3590.0,1707,18.133705,0.04546832373446498,False
AGGATTGAGGTGCGGA-1,2807.0,1369,9.8325615,0.032023106869270374,False
AGGATTGAGTCTTGAA-1,5234.0,2400,13.565151,0.025357827115969796,False
AGGATTGAGTGATTCA-1,4176.0,2029,13.242337,0.04546832373446498,False
AGGATTGAGTTATCTC-1,3732.0,1827,10.289389,0.07332101047443006,False
AGGCAATCAAACCCTA-1,4145.0,2150,6.489747,0.021976855292493894,False
AGGCAATCAAATTGCT-1,2566.0,1269,6.3912706,0.09481481481481482,False
AGGCAATCAGCAAGTG-1,3588.0,1833,10.340022,0.04235191384078009,False
AGGCAATCATGAATCT-1,3983.0,1900,7.657544,0.018496420047732696,False
AGGCAATCATGAGCAG-1,2711.0,1468,7.96754,0.10405083399523428,False
AGGCAATCATTGACAT-1,2397.0,1324,10.721736,0.0058505850585058505,False
AGGCAGGTCACAAGCT-1,12613.0,4089,8.855943,0.33380581148121885,True
AGGCAGGTCCCAGTAG-1,3594.0,1512,12.659989,0.02476572958500669,False
AGGCAGGTCCCGCATT-1,3680.0,1812,12.228261,0.06260387811634349,False
AGGCAGGTCCTAAGTA-1,8456.0,3339,10.974457,0.051277877258668406,False
AGGCAGGTCTACTAAG-1,6281.0,2613,7.737622,0.021451104100946368,False
AGGCCCAGTACCCACC-1,5758.0,2571,11.427579,0.20897615708274905,True
AGGCCCAGTCTCAGCC-1,3230.0,1663,7.399381,0.09481481481481482,False
AGGCCCAGTCTTGCTG-1,6745.0,2676,9.918458,0.03433029908972692,False
AGGCCCAGTGCAACTA-1,10624.0,3688,7.7466116,0.2919020715630885,True
AGGCCCAGTTACAACG-1,4169.0,1922,9.954426,0.07332101047443006,False
AGGCCCAGTTATCCTA-1,5706.0,2645,10.077112,0.029868868382710054,False
AGGCGGATCAATTGGC-1,2861.0,1505,9.891646,0.06102433708681438,False
AGGCGGATCAGTATTG-1,5330.0,2287,3.9212008,0.07332101047443006,False
AGGCTAAAGAGAGCCG-1,2808.0,1543,9.508547,0.018496420047732696,False
AGGCTAAAGCATCCAG-1,4842.0,2137,16.831888,0.09481481481481482,False
AGGCTAAAGCGCCTTT-1,2713.0,1344,13.306303,0.046565237436606725,False
AGGCTAAAGGCCTTAG-1,1860.0,1035,4.032258,0.24437299035369767,True
AGGCTAAAGGGTCTAT-1,3836.0,1701,22.106361,0.011634922002930278,False
AGGCTAAAGTAACAGG-1,3744.0,1777,4.407051,0.0594961586564231,False
AGGCTAAAGTCATGCG-1,11253.0,3935,9.153115,0.3590909090909092,True
AGGCTAAAGTTGCGTG-1,2125.0,1193,11.905883,0.01626867091618305,False
AGGCTAGCAAACTAAG-1,7998.0,3257,10.165041,0.33380581148121885,True
AGGCTAGCACAATGCC-1,3083.0,1605,12.260785,0.08427729950158584,False
AGGCTAGCACCTCACC-1,3747.0,1892,7.0990124,0.04885375494071145,False
AGGCTAGCAGCTTACA-1,6234.0,2545,12.929098,0.047693266832917705,False
AGGCTAGCAGGTTATT-1,2903.0,1467,12.676541,0.03513620213185945,False
AGGCTAGCAGTTGCGT-1,4985.0,2263,7.983952,0.07332101047443006,False
AGGCTAGCATCCTGAA-1,4115.0,2061,6.8043747,0.023616881696916687,False
AGGCTAGCATGGCCTG-1,2629.0,1345,15.062761,0.0058505850585058505,False
AGGCTAGCATTAAACC-1,3389.0,1653,9.4128065,0.027209302325581396,False
AGGCTAGCATTGTGAT-1,3957.0,1876,9.83068,0.01584606677985286,False
AGGGCCTTCAAACCGT-1,1473.0,730,14.867618,0.02251286449399657,False
AGGGCCTTCACGCATG-1,3552.0,1950,6.78491,0.00432338953739732,False
AGGGCCTTCAGCTAAC-1,4447.0,2071,4.7672586,0.06592776609975157,False
AGGGCCTTCATGCTAA-1,2467.0,1313,9.566275,0.03596164091635589,False
AGGGCCTTCCTCAGTC-1,5140.0,2307,10.019455,0.08190899001109879,False
AGGGCCTTCGAGGAAC-1,3593.0,1814,7.041469,0.011634922002930278,False
AGGGCCTTCTAACTGA-1,2260.0,1303,12.079646,0.04546832373446498,False
AGGGCCTTCTCACATT-1,2188.0,1172,9.186472,0.047693266832917705,False
AGGGCCTTCTTTAAGG-1,1582.0,862,27.307207,0.03277439024390243,False
AGGGCTACACAACCTA-1,3543.0,1834,9.031894,0.06260387811634349,False
AGGGCTACAGCATTAT-1,1980.0,1093,10.858585,0.03596164091635589,False
AGGGCTACAGTTTACG-1,4408.0,1769,3.9927404,0.032023106869270374,False
AGGGCTACATTATGAC-1,9295.0,3171,11.608391,0.2585915492957747,True
AGGGCTACATTGCGAC-1,6072.0,2572,15.645586,0.06767794632438741,False
AGGGTTGCAAGCTTAT-1,3558.0,1764,8.684654,0.046565237436606725,False
AGGGTTGCAAGGACCA-1,5606.0,2494,12.754191,0.051277877258668406,False
AGGGTTGCAATATGGA-1,3929.0,2056,5.268516,0.01626867091618305,False
AGGGTTGCACCTCACC-1,4272.0,1917,13.085206,0.03354324636936127,False
AGGGTTGCACGTAAGG-1,3042.0,1717,7.527942,0.06949118986339338,False
AGGGTTGCAGCAACAG-1,9883.0,3547,13.052717,0.029182178455626276,False
AGGGTTGCAGTTATGT-1,4393.0,2066,10.129752,0.04040833687792429,False
AGGTAACCACATTGCA-1,2940.0,1540,7.619048,0.029182178455626276,False
AGGTAACCAGAAATGC-1,5351.0,2355,10.951224,0.02042921997523731,False
AGGTAACCAGCCTTGG-1,2376.0,1243,8.249159,0.06592776609975157,False
AGGTACGCAAATTCGT-1,4470.0,2116,12.63982,0.01669865642994242,False
AGGTACGCAAGCTTTG-1,2496.0,1395,4.8477564,0.009313725490196078,False
AGGTACGCACCGGCTA-1,4901.0,2079,5.4682717,0.01713621841417369,False
AGGTACGCAGCCTTGG-1,3878.0,1856,8.071171,0.08931947069943286,False
AGGTACGCATAGCAGG-1,4584.0,1945,10.645724,0.0580168776371308,False
AGGTATTGTGTTTGTC-1,3412.0,1801,9.701056,0.029182178455626276,False
AGGTATTGTTAGTTGG-1,2699.0,1441,11.967395,0.0058505850585058505,False
AGGTATTGTTGCAGTA-1,4278.0,2087,15.474521,0.07137096774193549,False
AGGTATTGTTGCTTCG-1,5028.0,2408,11.774065,0.05004812319538016,False
AGGTATTGTTTAAAGC-1,5328.0,2251,15.653152,0.06949118986339338,False
AGGTATTGTTTCCACG-1,4734.0,2129,11.470216,0.0385625431928127,False
AGGTCAAAGAACAAGT-1,1563.0,971,12.284069,0.008391273076000958,False
AGGTCAAAGCGATAAG-1,6513.0,2802,14.632275,0.039473684210526314,False
AGGTCAAAGGATCCGC-1,3082.0,1679,7.5924726,0.0058505850585058505,False
AGGTCAAAGGCCAATT-1,10282.0,3709,14.831744,0.04336283185840707,False
AGGTCAAAGGCTGGCT-1,2286.0,1237,10.498688,0.02476572958500669,False
AGGTCAAAGTCGCTAG-1,2786.0,1521,5.4917445,0.04440125579309313,False
AGGTCAAAGTCTTGAA-1,2965.0,1491,6.846543,0.15345821325648415,False
AGGTCAAAGTTACTTC-1,6161.0,2630,12.790132,0.08427729950158584,False
AGGTCATTCCACCCTG-1,3636.0,1799,6.8756876,0.11472602739726025,False
AGGTCATTCCACCTTA-1,4580.0,2143,13.886462,0.013837388079949352,False
AGGTCATTCCAGGTCA-1,3744.0,1745,8.03953,0.10743353228431904,False
AGGTCATTCCGCAAGC-1,3962.0,2015,8.404846,0.025962195399681167,False
AGGTCATTCCTAATAG-1,5914.0,2525,3.567805,0.030570902394106814,False
AGGTCATTCCTCAGCT-1,6996.0,2941,9.20526,0.02251286449399657,False
AGGTCATTCGCCTGTT-1,4145.0,1817,9.191797,0.06260387811634349,False
AGGTCATTCGCTTGCT-1,3322.0,1643,11.619506,0.011987491313412093,False
AGGTCATTCTAACCAA-1,4240.0,2057,11.674528,0.04235191384078009,False
AGGTCATTCTGCAAGT-1,2611.0,1463,6.779012,0.08931947069943286,False
AGGTCCGGTAAAGCGG-1,2558.0,1381,10.046912,0.05385002516356318,False
AGGTCCGGTATCTGGA-1,3163.0,1658,8.283276,0.09200676165177493,False
AGGTCCGGTCCAAATG-1,4160.0,1926,17.692308,0.010278265229380797,False
AGGTCCGGTCTTTATG-1,5048.0,2280,15.035658,0.03596164091635589,False
AGGTCCGGTTAAGCCA-1,3883.0,1876,17.537985,0.02851033499643621,False
AGGTCCGGTTCACCAT-1,9231.0,3293,9.262268,0.023059434881455017,False
AGGTCTTAGCGAGCGA-1,2440.0,1314,13.5245905,0.005071664829106946,False
AGGTCTTAGCTCAAAC-1,3857.0,1650,5.6261344,0.02851033499643621,False
AGGTCTTAGGCAGGTG-1,3561.0,1791,13.423196,0.06592776609975157,False
AGGTCTTAGGCTGTGC-1,2834.0,1490,12.98518,0.05658418411489879,False
AGGTCTTAGGGACGCA-1,3192.0,1660,8.58396,0.006940160394818014,False
AGGTCTTAGTCACTCC-1,12600.0,4255,9.722222,0.24437299035369767,True
AGGTCTTAGTCAGTAC-1,2688.0,1530,9.561012,0.006387832699619771,False
AGGTGAATCAAGCTAC-1,4593.0,1944,7.380797,0.03596164091635589,False
AGGTGAATCACTCAAA-1,9547.0,3105,8.138682,0.030570902394106814,False
AGGTGAATCATTGTCT-1,3684.0,1781,10.586319,0.05385002516356318,False
AGGTGAATCCAGGTTG-1,2487.0,1361,7.8809814,0.03354324636936127,False
AGGTGAATCCTTCGTA-1,8076.0,3133,8.7543335,0.07332101047443006,False
AGGTGAATCGCTATGG-1,3824.0,1831,13.572176,0.01896638233818364,False
AGGTGAATCTGGTCCT-1,7981.0,2931,6.8287177,0.011634922002930278,False
AGGTGAATCTTGCAAA-1,3188.0,1704,6.9322457,0.06260387811634349,False
AGGTGAGGTACGTTTC-1,2153.0,1192,8.267534,0.032023106869270374,False
AGGTGAGGTCACGGAT-1,2783.0,1454,5.1742725,0.11866393202461177,False
AGGTGAGGTCGCATAA-1,2695.0,1494,8.7198515,0.10743353228431904,False
AGGTGAGGTGCATCGG-1,6304.0,2703,7.6618023,0.31158455392809603,True
AGGTGAGGTGGATTCA-1,9207.0,3390,9.699142,0.024185532854776367,False
AGGTGAGGTGGTTCCC-1,6775.0,2720,10.346864,0.10743353228431904,False
AGGTGAGGTTCACCAT-1,8010.0,3109,11.672909,0.11472602739726025,False
AGGTTAACAACCGCCA-1,5599.0,2487,12.91302,0.11472602739726025,False
AGGTTAACACAATACT-1,3968.0,1777,18.44758,0.10082730093071354,False
AGGTTAACACTTCACT-1,6401.0,2630,10.920169,0.01584606677985286,False
AGGTTAACAGCATGGA-1,2266.0,1262,9.443954,0.1665381649961449,False
AGGTTACTCCCTCACG-1,4219.0,1982,7.01588,0.12720519962859794,False
AGGTTACTCCTAAGTA-1,3198.0,1660,6.0350223,0.013837388079949352,False
AGGTTACTCCTTAAGA-1,4959.0,2184,16.414598,0.05658418411489879,False
AGGTTACTCGAAGCGG-1,3004.0,1349,6.5246334,0.04336283185840707,False
AGGTTACTCGAAGTAG-1,3783.0,1912,6.8464184,0.07137096774193549,False
AGGTTACTCGGTCATG-1,8180.0,3288,9.743277,0.023616881696916687,False
AGGTTAGAGCAGGTTT-1,2185.0,1221,7.2768884,0.06102433708681438,False
AGGTTAGAGCATGTCG-1,3006.0,1576,9.614105,0.06260387811634349,False
AGGTTAGAGGACCGCT-1,3969.0,1845,10.380448,0.052544613350958363,False
AGGTTAGAGGAGTAAT-1,4200.0,1687,5.714286,0.06102433708681438,False
AGGTTAGAGGCGGGTA-1,3243.0,1810,10.144927,0.023616881696916687,False
AGGTTAGAGTTAGCCG-1,3479.0,1530,10.347801,0.03354324636936127,False
AGGTTGCGTACCCACC-1,2043.0,1165,8.370044,0.07332101047443006,False
AGGTTGCGTACTTCAC-1,2086.0,1129,11.840843,0.03354324636936127,False
AGGTTGCGTGCAATGC-1,2536.0,1412,7.255521,0.051277877258668406,False
AGGTTGCGTGGGAACA-1,4098.0,1847,14.543679,0.011987491313412093,False
AGGTTGCGTTCCTCCT-1,3602.0,1828,6.662965,0.06423741547708492,False
AGGTTGCGTTCTTTAG-1,2864.0,1540,5.865922,0.09481481481481482,False
AGGTTGCGTTTAGTCC-1,3562.0,1748,12.268389,0.02851033499643621,False
AGGTTTATCACAGACT-1,5742.0,2533,8.446534,0.03680733450182013,False
AGGTTTATCATTAGTG-1,3245.0,1698,7.241911,0.014225788801750865,False
AGGTTTATCATTTGCT-1,6765.0,2779,10.4656315,0.2919020715630885,True
AGGTTTATCCGCCTAT-1,3311.0,1688,7.5807915,0.02042921997523731,False
AGGTTTATCCTAAGGT-1,8502.0,3385,7.7628794,0.18159203980099492,True
AGGTTTATCCTTCAAT-1,4604.0,2106,14.748046,0.01896638233818364,False
AGGTTTATCGCTTCTA-1,9044.0,3334,7.2092,0.21972656249999997,True
AGGTTTATCTTGGATA-1,1882.0,977,11.158342,0.07332101047443006,False
AGGTTTGGTAATCCCT-1,3589.0,1810,5.266091,0.01626867091618305,False
AGGTTTGGTCAAGACC-1,5083.0,2174,14.44029,0.06592776609975157,False
AGGTTTGGTCAATAGT-1,4407.0,1993,15.543453,0.01993253603189206,False
AGGTTTGGTGTTGCAA-1,3354.0,1776,9.749553,0.01626867091618305,False
AGTAAACAGACTTATG-1,4656.0,2110,13.595361,0.06423741547708492,False
AGTAAACAGAGGAGTC-1,5323.0,1955,7.476987,0.030570902394106814,False
AGTAAACAGCCGGTAC-1,3240.0,1606,15.401236,0.12281757977122211,False
AGTAAACAGCCTGTTC-1,4645.0,2262,12.055974,0.023059434881455017,False
AGTAAACAGCTGTCAG-1,3619.0,1785,11.080409,0.029868868382710054,False
AGTAAACAGGACCGCT-1,7466.0,2960,7.6613984,0.03680733450182013,False
AGTAAACAGGGTTATC-1,4857.0,2136,12.147416,0.06592776609975157,False
AGTAAACAGTCCTGAG-1,2461.0,1366,5.6481104,0.03128880059597715,False
AGTAAACAGTTATGTG-1,1821.0,998,10.049423,0.05658418411489879,False
AGTAAACAGTTGCCTC-1,4026.0,1874,13.710878,0.03596164091635589,False
AGTAACACAAGCTTTG-1,7699.0,3129,13.352384,0.17379145025968837,False
AGTAACACAATGCCCG-1,5868.0,2487,12.406271,0.02251286449399657,False
AGTAACACAATTAACC-1,2387.0,1300,9.677419,0.018496420047732696,False
AGTAACACAGCTAACC-1,1327.0,832,5.3504143,0.07332101047443006,False
AGTAACACAGGCGAGT-1,261.0,217,1.532567,0.02851033499643621,False
AGTAACACATAGGCGA-1,2428.0,1463,9.01977,0.0077983458054352115,False
AGTAACCTCAATCTAG-1,9299.0,3444,12.345413,0.02042921997523731,False
AGTAACCTCACCGGTA-1,3813.0,1684,6.241804,0.06767794632438741,False
AGTAACCTCATTAGCA-1,2876.0,1486,5.3894296,0.039473684210526314,False
AGTAACCTCATTAGGC-1,4085.0,1944,9.571604,0.04336283185840707,False
AGTAACCTCATTGTCT-1,2480.0,1353,9.354838,0.08931947069943286,False
AGTAACCTCCGGTTGA-1,3280.0,1786,7.012195,0.08427729950158584,False
AGTAACCTCCTAATAG-1,3213.0,1586,12.262683,0.03767403767403767,False
AGTAACCTCGGCCATA-1,3075.0,1665,6.6341457,0.03277439024390243,False
AGTAACGAGAGAGGCT-1,2806.0,1448,6.200998,0.10082730093071354,False
AGTAACGAGAGCCGCT-1,8223.0,2872,4.986015,0.032023106869270374,False
AGTAACGAGGCGCTAC-1,7343.0,2958,10.881111,0.10082730093071354,False
AGTAACGAGTTATTCC-1,3474.0,1884,3.742084,0.05658418411489879,False
AGTAACGAGTTGTCAA-1,5239.0,2364,14.678374,0.06102433708681438,False
AGTAAGTAGCTTAACA-1,6247.0,2671,8.131904,0.06949118986339338,False
AGTAAGTAGGATGATG-1,2187.0,1189,15.089163,0.12281757977122211,False
AGTAAGTAGTAACGAG-1,5956.0,2626,7.874412,0.23147675012774666,True
AGTAAGTAGTATCGCG-1,1276.0,599,9.561129,0.025357827115969796,False
AGTAAGTAGTCACTAA-1,7733.0,3167,13.24195,0.2585915492957747,True
AGTAAGTAGTCACTCC-1,4976.0,2338,10.409967,0.0580168776371308,False
AGTAAGTAGTTAGGCT-1,5905.0,2535,10.448772,0.06767794632438741,False
AGTAAGTAGTTGTCTT-1,4125.0,1879,13.890908,0.04235191384078009,False
AGTAATCGTCATGCCC-1,3400.0,1690,10.941176,0.07534533277521976,False
AGTAATCGTTGCGCGA-1,4672.0,2179,12.885274,0.027209302325581396,False
AGTAATGCAAACGCGA-1,2297.0,1343,8.881149,0.15977653631284908,False
AGTAATGCAAGTTATC-1,3941.0,1848,6.3181934,0.023059434881455017,False
AGTAATGCACCAGGTT-1,389.0,319,0.5141388,0.08427729950158584,False
AGTAATGCACCTACTT-1,2726.0,1525,3.081438,0.0580168776371308,False
AGTAATGCATAAGTTC-1,2262.0,1207,6.4986734,0.03767403767403767,False
AGTACGCGTAGTTACG-1,6130.0,2642,14.8287115,0.04235191384078009,False
AGTACGCGTCGACTCC-1,4956.0,2265,8.192091,0.33380581148121885,True
AGTACGCGTGAGACTC-1,5947.0,2777,4.9772997,0.023059434881455017,False
AGTACGCGTGCTCCGT-1,9988.0,3722,7.478975,0.23147675012774666,True
AGTACGCGTTAGTGAT-1,4507.0,2131,11.182605,0.24437299035369767,True
AGTACGCGTTTGCGAA-1,2784.0,1366,20.114943,0.018496420047732696,False
AGTAGCTTCAGGTCCA-1,2863.0,1509,11.246943,0.011634922002930278,False
AGTAGCTTCGGGATTT-1,8274.0,3227,12.388204,0.38812042310821776,True
AGTAGCTTCTCACACC-1,1499.0,804,13.942629,0.05385002516356318,False
AGTAGGATCAAACCGT-1,4319.0,1991,5.1863856,0.0594961586564231,False
AGTAGGATCAATCATG-1,2539.0,1391,9.334384,0.05658418411489879,False
AGTAGGATCAATTGGC-1,2895.0,1417,7.2884283,0.023059434881455017,False
AGTAGGATCATTGCAA-1,4504.0,2150,6.105684,0.21972656249999997,True
AGTAGGATCGCCTGTT-1,3227.0,1707,6.4146266,0.03767403767403767,False
AGTAGGATCGCTAAGT-1,5823.0,2356,2.7305512,0.01758155889822231,False
AGTAGGATCGTAATCA-1,3559.0,1780,12.559708,0.01758155889822231,False
AGTATAGCAAACTAAG-1,2966.0,1384,19.925825,0.006387832699619771,False
AGTATAGCAAACTCAT-1,1258.0,654,18.918919,0.04235191384078009,False
AGTATAGCAAATACCT-1,5437.0,2074,13.720801,0.02251286449399657,False
AGTATAGCAAATTCGT-1,5466.0,2471,5.872668,0.021451104100946368,False
AGTATAGCAACAACAA-1,4892.0,2299,8.237939,0.10405083399523428,False
AGTATAGCAACTAACT-1,5820.0,2360,15.24055,0.03767403767403767,False
AGTATAGCACACTAAT-1,3025.0,1544,10.743801,0.008694252133311868,False
AGTATAGCAGAGAGCC-1,2464.0,1365,6.5746756,0.17379145025968837,False
AGTATAGCAGGAACCA-1,2970.0,1568,10.47138,0.052544613350958363,False
AGTATAGCATAGCTTG-1,4378.0,2018,10.095935,0.04040833687792429,False
AGTATAGCATCCATCT-1,3092.0,1556,11.934023,0.03680733450182013,False
AGTATAGCATTGCAGC-1,4551.0,2063,13.865085,0.07534533277521976,False
AGTCAAGAGAACCTGT-1,4906.0,2354,10.191603,0.06949118986339338,False
AGTCAAGAGCTTATGA-1,3457.0,1663,8.822679,0.18159203980099492,True
AGTCAAGAGGAAACTG-1,2952.0,1527,5.386179,0.09200676165177493,False
AGTCAATGTAATCACG-1,3888.0,1748,10.390946,0.09481481481481482,False
AGTCAATGTAGGATTT-1,5908.0,2438,9.6817875,0.04235191384078009,False
AGTCAATGTCAGGCAT-1,6928.0,2642,10.9555435,0.15345821325648415,False
AGTCAATGTGACATGC-1,3326.0,1723,5.5021048,0.011634922002930278,False
AGTCAATGTGAGACTC-1,3933.0,1760,9.788965,0.01803488715876614,False
AGTCAATGTGATGAGG-1,10390.0,3779,12.319538,0.38812042310821776,True
AGTCAATGTGCCTCAC-1,11248.0,3513,9.174965,0.023059434881455017,False
AGTCAATGTGTTGCAA-1,7312.0,2787,11.870897,0.008092668993970167,False
AGTCAGGCACTCAACA-1,6110.0,2690,13.109655,0.029868868382710054,False
AGTCAGGCATAGCGGA-1,2065.0,1148,15.060532,0.01803488715876614,False
AGTCAGGCATGAAATG-1,4755.0,2172,11.230284,0.02093531923757942,False
AGTCAGGCATGGCCTG-1,3703.0,1814,9.04672,0.0594961586564231,False
AGTCAGGCATGGTTAT-1,5481.0,2408,11.913884,0.029868868382710054,False
AGTCCTGAGACAACAG-1,1859.0,1142,11.081226,0.03128880059597715,False
AGTCCTGAGCCATCAG-1,3368.0,1640,12.232779,0.04235191384078009,False
AGTCCTGAGCCTGTTC-1,11061.0,4063,9.764036,0.421792618629174,True
AGTCCTGAGCTAATTG-1,3214.0,1705,7.280647,0.03277439024390243,False
AGTCCTGAGGCTACTG-1,15099.0,4514,11.013974,0.13184713375796173,False
AGTCCTGAGGGATGAC-1,2573.0,1356,5.013603,0.1367661528369957,False
AGTCCTGAGTCCTTCA-1,6293.0,2593,10.456062,0.0580168776371308,False
AGTCCTGAGTTACCGG-1,3397.0,1643,9.214012,0.06260387811634349,False
AGTCCTTGTAAGCACC-1,5701.0,2617,9.577267,0.08931947069943286,False
AGTCCTTGTCAAGTGC-1,3299.0,1638,10.882086,0.09200676165177493,False
AGTCCTTGTGCTTACT-1,8117.0,3065,15.707774,0.06102433708681438,False
AGTCCTTGTTTACGTC-1,3244.0,1658,9.956843,0.010278265229380797,False
AGTCGCATCAAACCGT-1,3543.0,1750,14.8744,0.030570902394106814,False
AGTCGCATCAAGTGTC-1,3674.0,1787,7.593903,0.046565237436606725,False
AGTCGCATCCAAACAC-1,2918.0,1516,7.9506507,0.12281757977122211,False
AGTCGCATCCGCACAA-1,2118.0,1281,2.5023608,0.15345821325648415,False
AGTCGCATCTATCGCC-1,4503.0,2161,5.6850986,0.04235191384078009,False
AGTCTTGCAATAACCT-1,5650.0,2313,16.38938,0.07534533277521976,False
AGTCTTGCACCGGCTA-1,4103.0,2152,9.870827,0.27434679334916884,True
AGTCTTGCACCTGGTG-1,6371.0,2611,15.052583,0.06102433708681438,False
AGTCTTGCACTAAGCC-1,4915.0,2344,10.030519,0.2919020715630885,True
AGTCTTGCACTTAGGC-1,2157.0,1179,14.557256,0.12720519962859794,False
AGTCTTGCAGAAACGT-1,2998.0,1505,4.2028017,0.08931947069943286,False
AGTCTTGCATAAACCT-1,8273.0,3176,11.434788,0.03433029908972692,False
AGTCTTGCATAGCTTG-1,3017.0,1640,7.192575,0.04546832373446498,False
AGTCTTGCATTGTCCT-1,4730.0,2092,18.625793,0.09775195756504167,False
AGTGAACCAAGGTCGA-1,2452.0,1283,12.846656,0.06260387811634349,False
AGTGAACCAATTAGGA-1,3259.0,1788,7.3642225,0.008391273076000958,False
AGTGAACCACCTACGG-1,1341.0,860,9.992543,0.021976855292493894,False
AGTGAACCACCTCAGG-1,3063.0,1533,11.65524,0.030570902394106814,False
AGTGAACCACTGGCTG-1,4461.0,1956,8.495853,0.0580168776371308,False
AGTGAGTCAACAACAA-1,10650.0,3591,11.859155,0.02042921997523731,False
AGTGAGTCAATAGCCC-1,3176.0,1678,5.478589,0.10743353228431904,False
AGTGAGTCAATATACC-1,3770.0,1914,4.854111,0.11098748261474266,False
AGTGAGTCAGCAAGAT-1,2902.0,1636,8.166781,0.12720519962859794,False
AGTGAGTCAGCTACGT-1,4172.0,2059,7.7420897,0.039473684210526314,False
AGTGAGTCAGGATAAC-1,4841.0,2315,10.782896,0.023059434881455017,False
AGTGAGTCATAGGCGA-1,3214.0,1707,5.258245,0.05385002516356318,False
AGTGATGAGATGGACA-1,5272.0,2154,14.301972,0.0385625431928127,False
AGTGATGAGGCATGTT-1,8113.0,3236,7.3462343,0.2585915492957747,True
AGTGATGAGTCACCTC-1,2554.0,1378,11.511354,0.09200676165177493,False
AGTGCACGTCAAAGGG-1,3830.0,1811,13.629243,0.06260387811634349,False
AGTGCACGTCAATGTG-1,2442.0,1365,9.459459,0.013079455467568288,False
AGTGCACGTCACACCC-1,2784.0,1407,8.979885,0.14198782961460438,False
AGTGCACGTCCTAACT-1,3612.0,1822,12.846069,0.04336283185840707,False
AGTGCACGTGCGCGTA-1,2097.0,1194,10.681927,0.004080463884315269,False
AGTGCACGTTACAACG-1,4422.0,1988,11.646314,0.023059434881455017,False
AGTGCACGTTCCGCAC-1,4428.0,2162,10.501355,0.06592776609975157,False
AGTGCACGTTGCACAA-1,2710.0,1316,11.180812,0.00481892523364486,False
AGTGCACGTTTGGGCG-1,3601.0,1725,8.4421,0.04546832373446498,False
AGTGCCGGTATGGTGC-1,3431.0,1617,16.146894,0.010278265229380797,False
AGTGCCGGTCATCAAG-1,4216.0,1826,16.76945,0.06767794632438741,False
AGTGCCGGTGCGCATG-1,3137.0,1730,5.5785785,0.01896638233818364,False
AGTGCCGGTGTTGCAA-1,2808.0,1603,3.5256412,0.07332101047443006,False
AGTGCCGGTTACCTGT-1,2348.0,1206,9.79557,0.08674531575294935,False
AGTGCCGGTTATCCTA-1,1121.0,657,26.137379,0.03596164091635589,False
AGTGCGGAGAAAGCAT-1,2245.0,1178,10.77951,0.08190899001109879,False
AGTGCGGAGAGCAAGC-1,2706.0,1361,12.823355,0.015430655569063874,False
AGTGCGGAGCACAGCC-1,2648.0,1381,16.465258,0.00481892523364486,False
AGTGCGGAGCACCACA-1,2809.0,1445,7.1199713,0.0580168776371308,False
AGTGCGGAGCTAATTG-1,6059.0,2544,12.460802,0.0053278081989048395,False
AGTGCGGAGGCTGTGC-1,1647.0,1038,3.5215542,0.02785286167587261,False
AGTGCGGAGTAACGAG-1,3617.0,1872,12.164778,0.0580168776371308,False
AGTGCGGAGTACTGGT-1,8442.0,3198,9.997631,0.27434679334916884,True
AGTGCGGAGTGAGGTA-1,3670.0,1642,8.828339,0.06767794632438741,False
AGTGCGGAGTTGCGTG-1,1680.0,1082,8.095239,0.025962195399681167,False
AGTGGACAGAGGAGGA-1,3113.0,1652,9.090909,0.04885375494071145,False
AGTGGACAGGCCGGAA-1,2513.0,1426,6.406685,0.014620689655172414,False
AGTGGACAGGGTCCAC-1,5444.0,2446,13.096989,0.0077983458054352115,False
AGTGTGGCAAGCCAGA-1,1063.0,553,27.375353,0.029868868382710054,False
AGTGTGGCAATAGTCT-1,3181.0,1504,12.323169,0.039473684210526314,False
AGTGTGGCAATGAAGC-1,2912.0,1394,8.7225275,0.052544613350958363,False
AGTGTGGCACGTGCTG-1,2326.0,1371,7.007739,0.03680733450182013,False
AGTGTGGCAGCACGAA-1,2138.0,1286,2.6192703,0.01234567901234568,False
AGTGTGGCATAAAGCA-1,4577.0,2148,13.7207775,0.05519591141396934,False
AGTGTGGCATAAGGAC-1,4458.0,1886,5.9219384,0.12281757977122211,False
AGTGTGGCATCGTTCT-1,3470.0,1714,4.9279537,0.06949118986339338,False
AGTGTGGCATTGTGCA-1,2608.0,1401,8.435583,0.013837388079949352,False
AGTGTTTCAAGGTACG-1,3028.0,1607,11.45971,0.07332101047443006,False
AGTGTTTCAATTATGC-1,4536.0,2101,15.9612,0.029868868382710054,False
AGTGTTTCACTTGTTC-1,2814.0,1603,6.5387344,0.013079455467568288,False
AGTGTTTCAGCACCAT-1,5860.0,2495,10.59727,0.08190899001109879,False
AGTGTTTCAGGACCTT-1,2615.0,1382,10.592734,0.21972656249999997,True
AGTGTTTCATAGCTGC-1,7217.0,2974,12.664541,0.02657921988263721,False
AGTGTTTCATTAAAGG-1,2977.0,1601,8.632853,0.12281757977122211,False
AGTGTTTCATTGTGTG-1,12034.0,4392,9.905269,0.3590909090909092,True
AGTTACATCCAATAGC-1,214.0,149,14.018692,0.03128880059597715,False
AGTTACATCCAGGTCA-1,3557.0,1765,12.791678,0.08931947069943286,False
AGTTACATCCTGGTCT-1,3540.0,1718,11.0451975,0.0385625431928127,False
AGTTACATCGCACAAT-1,5247.0,2257,13.321898,0.03128880059597715,False
AGTTACATCTAGCGTG-1,3471.0,1742,7.9227886,0.09481481481481482,False
AGTTACTCAAATTCGT-1,5161.0,1968,6.239101,0.02785286167587261,False
AGTTACTCAGCTTACA-1,5828.0,2429,10.62114,0.010278265229380797,False
AGTTACTCAGGCAAGC-1,3726.0,1876,7.971015,0.06423741547708492,False
AGTTACTCATTGCAGC-1,3402.0,1587,10.58201,0.02851033499643621,False
AGTTATGTCATCCTGC-1,3997.0,1947,9.331999,0.03433029908972692,False
AGTTATGTCATGTGGT-1,4613.0,2170,10.296987,0.01993253603189206,False
AGTTATGTCCAATAGC-1,3355.0,1659,4.3219075,0.06260387811634349,False
AGTTATGTCCCGCAAA-1,11854.0,4181,13.33727,0.24437299035369767,True
AGTTATGTCTAACCTT-1,2467.0,1336,8.3907585,0.10082730093071354,False
AGTTGCAGTCTTTGAC-1,5910.0,2274,10.862945,0.2919020715630885,True
AGTTGCGTCATGGCCA-1,1659.0,877,18.38457,0.02476572958500669,False
AGTTGCGTCATGGTTA-1,2339.0,1265,10.132536,0.07332101047443006,False
AGTTGCGTCCCATAAA-1,3084.0,1607,8.527886,0.06260387811634349,False
AGTTGCGTCCGCCTCA-1,2782.0,1320,12.077642,0.03513620213185945,False
AGTTGCGTCCTGGTCT-1,8821.0,3240,13.785285,0.03767403767403767,False
AGTTGCGTCTGCAAAC-1,1995.0,1098,10.37594,0.015430655569063874,False
AGTTGGCGTCCTAACT-1,5224.0,2139,17.840736,0.029182178455626276,False
AGTTGGCGTCGCAATA-1,4441.0,2064,11.754109,0.06260387811634349,False
AGTTGGCGTGGACCTG-1,1816.0,1107,6.6629953,0.09481481481481482,False
AGTTGGCGTTAAGCCA-1,2650.0,1391,15.811321,0.052544613350958363,False
AGTTGGCGTTGCCTCA-1,2536.0,1382,6.6246057,0.1665381649961449,False
AGTTGGCGTTTGTGGA-1,2721.0,1494,6.9092245,0.13184713375796173,False
AGTTGTCAGAACCTGT-1,3599.0,1579,5.3070297,0.14198782961460438,False
AGTTGTCAGCAAGGAC-1,7197.0,2853,9.490066,0.08190899001109879,False
AGTTGTCAGCAGCTCA-1,9930.0,3671,11.329306,0.31158455392809603,True
AGTTGTCAGGAACGGT-1,36.0,21,69.44444,0.013455328310010764,False
AGTTGTCAGGCATTAC-1,2609.0,1247,13.223457,0.04040833687792429,False
AGTTGTCAGTCAATTG-1,3262.0,1583,6.7749844,0.04440125579309313,False
AGTTGTCAGTTGTCCC-1,5846.0,2411,9.989737,0.0385625431928127,False
AGTTTGATCCCGCCTA-1,8590.0,3331,14.377183,0.03596164091635589,False
AGTTTGATCCTAAGTA-1,5074.0,2317,8.395743,0.38812042310821776,True
AGTTTGATCTAAGGAG-1,4950.0,2180,17.11111,0.04546832373446498,False
AGTTTGATCTCGCCTG-1,4148.0,1940,7.0154295,0.03596164091635589,False
AGTTTGCAGATAGACG-1,9555.0,3663,9.649398,0.421792618629174,True
AGTTTGCAGGAACCAA-1,5858.0,2594,10.310686,0.03354324636936127,False
AGTTTGCAGGCCCAGT-1,2813.0,1493,4.692499,0.03513620213185945,False
AGTTTGCAGGCCTGGT-1,4082.0,1953,7.692308,0.0594961586564231,False
AGTTTGCAGGCCTTAG-1,3254.0,1708,8.328211,0.04235191384078009,False
AGTTTGCAGGTATTGC-1,3622.0,1719,7.067918,0.18159203980099492,True
ATAACGACAATGAGGT-1,3324.0,1679,9.987966,0.03596164091635589,False
ATAACGACACACCAAC-1,1073.0,706,5.871389,0.02042921997523731,False
ATAACGACACTAAGTT-1,7384.0,2967,9.804983,0.3590909090909092,True
ATAACGACATAGTCAT-1,3384.0,1734,8.628841,0.013837388079949352,False
ATAACGACATTAAACC-1,3266.0,1654,6.031843,0.01993253603189206,False
ATAAGCCTCTTAGGGT-1,4167.0,1903,14.254859,0.009630422256975885,False
ATAAGTCGTAACTACG-1,5143.0,2218,10.169162,0.07332101047443006,False
ATAAGTCGTAAGCTTG-1,3644.0,1647,11.443469,0.18159203980099492,True
ATAAGTCGTAGCCTCC-1,2640.0,1364,13.484849,0.005071664829106946,False
ATAAGTCGTCTCACTG-1,6331.0,2652,11.262044,0.039473684210526314,False
ATAAGTCGTGAAACAA-1,3806.0,1631,20.178665,0.021451104100946368,False
ATAAGTCGTTCATTTG-1,2584.0,1300,10.835914,0.03513620213185945,False
ATAAGTCGTTGGATAT-1,3669.0,1546,7.0046334,0.03767403767403767,False
ATAAGTCGTTGGCCGA-1,3462.0,1771,11.52513,0.15977653631284908,False
ATAAGTCGTTGGTTGA-1,4366.0,2216,9.551077,0.023059434881455017,False
ATAATGGCAATTAAGG-1,7158.0,2909,9.416038,0.029868868382710054,False
ATAATGGCACAACCTA-1,4413.0,2101,9.472014,0.029868868382710054,False
ATAATGGCACAATGTT-1,4422.0,2095,9.859792,0.04546832373446498,False
ATAATGGCAGAAACGT-1,4696.0,2174,11.584328,0.12720519962859794,False
ATAATGGCAGTACCGT-1,3030.0,1594,12.80528,0.013079455467568288,False
ATAATGGCAGTCTATG-1,2814.0,1554,11.016347,0.04136742315426601,False
ATAATGGCATTAAGTC-1,6151.0,2565,11.949276,0.012709620476610766,False
ATAATGGCATTGCGTA-1,2768.0,1544,9.031792,0.01626867091618305,False
ATACCGGTCAATGACC-1,1939.0,1105,7.168644,0.08427729950158584,False
ATACCGGTCAGCCAAT-1,4597.0,2165,11.181205,0.01234567901234568,False
ATACCGGTCAGGCCTA-1,5410.0,2269,11.829945,0.08190899001109879,False
ATACCGGTCATTTGTC-1,3385.0,1675,4.519941,0.02785286167587261,False
ATACCGGTCCTCAGCT-1,4435.0,2158,11.657271,0.2585915492957747,True
ATACCGGTCGGTTACG-1,2767.0,1460,11.275749,0.01713621841417369,False
ATACCGGTCTAAGTGC-1,2891.0,1435,11.898996,0.021451104100946368,False
ATACCTGCAACTAGGG-1,6454.0,2750,12.875736,0.05385002516356318,False
ATACCTGCACTAAGCC-1,3049.0,1457,10.56084,0.06260387811634349,False
ATACCTGCACTGACCG-1,3740.0,1927,5.748663,0.07744826114785579,False
ATACCTGCAGCCAGTT-1,3890.0,1943,5.9640102,0.01896638233818364,False
ATACCTGCAGCCTTGG-1,2887.0,1548,8.867336,0.023059434881455017,False
ATACCTGCAGCTAATT-1,6033.0,2518,10.90668,0.051277877258668406,False
ATACCTGCATCGCTCC-1,2012.0,1179,10.536779,0.021976855292493894,False
ATACCTGCATGGAGGC-1,3557.0,1808,8.968232,0.0385625431928127,False
ATACCTGCATGGCCTG-1,9472.0,3463,10.684121,0.03128880059597715,False
ATACCTGCATTTAAGC-1,5189.0,2244,6.0705338,0.21972656249999997,True
ATAGATGCAAACCTTG-1,3842.0,1877,8.198855,0.09775195756504167,False
ATAGATGCAAGATTCT-1,5685.0,2402,16.48197,0.04040833687792429,False
ATAGATGCACACTAAT-1,6960.0,2836,10.359196,0.06423741547708492,False
ATAGATGCAGGCATGA-1,3120.0,1624,11.634615,0.05519591141396934,False
ATAGATGCAGGTTAAA-1,6642.0,2459,9.801265,0.051277877258668406,False
ATAGATGCATCGCTTT-1,2718.0,1510,9.896983,0.06949118986339338,False
ATAGATGCATGATTGT-1,7510.0,3026,13.46205,0.02042921997523731,False
ATAGATGCATTGTGGC-1,3547.0,1757,6.2024245,0.06767794632438741,False
ATAGCATGTAAGCACC-1,10976.0,3648,7.616618,0.01713621841417369,False
ATAGCATGTAATGACT-1,3191.0,1608,7.4584765,0.08931947069943286,False
ATAGCATGTCAGGAAG-1,3553.0,1647,10.2448635,0.047693266832917705,False
ATAGCATGTCCCGAAG-1,9047.0,3419,10.268598,0.3590909090909092,True
ATAGCATGTGACCTGG-1,4003.0,1841,14.364226,0.021451104100946368,False
ATAGCATGTGAGACTC-1,5443.0,2436,7.0181885,0.006940160394818014,False
ATAGCATGTTATCCGT-1,3285.0,1576,7.4277015,0.05004812319538016,False
ATAGGTACAAACGCGA-1,2873.0,1502,7.831535,0.07534533277521976,False
ATAGGTACAAAGCCTC-1,12102.0,4215,12.287226,0.17379145025968837,False
ATAGGTACACTGACCG-1,3181.0,1629,8.8337,0.07963446475195822,False
ATAGGTACAGGTCCTG-1,4211.0,2006,8.359059,0.023616881696916687,False
ATAGGTACATCCAGGT-1,3162.0,1545,11.416825,0.01896638233818364,False
ATATAGGCAATTGACT-1,3454.0,1849,4.7191663,0.03596164091635589,False
ATATAGGCAATTTAGC-1,4457.0,2113,10.724703,0.06592776609975157,False
ATATAGGCACCACAAC-1,4002.0,1896,9.345327,0.02657921988263721,False
ATATAGGCATAAACCT-1,3339.0,1584,22.731356,0.03128880059597715,False
ATATGCATCAAATCGC-1,2761.0,1413,8.801159,0.0580168776371308,False
ATATGCATCAACAAGG-1,3381.0,1751,9.050576,0.008694252133311868,False
ATATGCATCAATACGC-1,3741.0,1891,4.009623,0.10082730093071354,False
ATATGCATCACTTCAT-1,4338.0,2159,10.350392,0.04136742315426601,False
ATATGCATCCCTGACT-1,6289.0,2720,8.252504,0.008092668993970167,False
ATATGCATCCTAGTCC-1,4187.0,1949,11.081921,0.01584606677985286,False
ATATGCATCCTTCTAG-1,2178.0,1209,7.162534,0.01758155889822231,False
ATATGCATCTCTAGCC-1,3847.0,1914,10.605667,0.07332101047443006,False
ATATGCATCTTGGACG-1,4965.0,2253,10.372608,0.03767403767403767,False
ATATGCTCAAACTCAT-1,3046.0,1697,5.4826,0.02785286167587261,False
ATATGCTCAAGCGAGC-1,2189.0,1160,8.908177,0.07963446475195822,False
ATATGCTCAAGCTAAA-1,5487.0,2216,4.246401,0.04885375494071145,False
ATATGCTCAATGAAGC-1,4957.0,2063,9.804317,0.025962195399681167,False
ATATGCTCAGGATTAA-1,6549.0,2752,11.849137,0.33380581148121885,True
ATATGCTCATAAACCT-1,3509.0,1853,11.000285,0.0058505850585058505,False
ATATGCTCATCACTTC-1,2855.0,1564,8.056043,0.10743353228431904,False
ATATGCTCATCGCTTT-1,3123.0,1505,10.1504965,0.11866393202461177,False
ATATGCTCATTAGGTT-1,1395.0,858,13.978495,0.01128783991790662,False
ATATGCTCATTTGCTC-1,4750.0,2182,8.336842,0.029868868382710054,False
ATATGGTGTAAGCTCA-1,4258.0,2079,7.726632,0.04885375494071145,False
ATATGGTGTCAGGAAG-1,2125.0,879,12.282352,0.024185532854776367,False
ATATGGTGTGAGCACT-1,2802.0,1513,8.386867,0.05519591141396934,False
ATATGGTGTTATTGCC-1,2764.0,1609,4.884226,0.0580168776371308,False
ATATGGTGTTGCATCT-1,6973.0,2903,10.354223,0.02093531923757942,False
ATATGGTGTTGCGCGA-1,3184.0,1644,6.6268845,0.07963446475195822,False
ATATGGTGTTGTGACA-1,2453.0,1361,9.417041,0.010946117946542214,False
ATATGTCCAAACTGCC-1,6998.0,2859,11.646184,0.013079455467568288,False
ATATGTCCAAGGTATA-1,6002.0,2435,20.609797,0.03680733450182013,False
ATATGTCCACAAAGAC-1,4366.0,2004,13.398992,0.0077983458054352115,False
ATATGTCCAGCATGTC-1,3210.0,1647,13.551402,0.02042921997523731,False
ATATGTCCATGAAATG-1,3588.0,1734,9.726867,0.17379145025968837,False
ATATGTCCATGAGCAG-1,4912.0,2232,14.087948,0.032023106869270374,False
ATATGTCCATGTCGCG-1,4363.0,1799,8.182443,0.06102433708681438,False
ATCAAGACAATGCCCG-1,4120.0,1950,10.38835,0.047693266832917705,False
ATCAAGACACAGAACG-1,4173.0,2012,8.195542,0.06949118986339338,False
ATCAAGACATCTAGCA-1,3439.0,1760,9.305031,0.07534533277521976,False
ATCAAGACATTGTGCA-1,4820.0,2163,15.580914,0.06102433708681438,False
ATCAAGCTCACACAGT-1,6499.0,2607,9.355286,0.07534533277521976,False
ATCAAGCTCATGCAAC-1,3241.0,1655,10.984264,0.02251286449399657,False
ATCAAGCTCCCTTGCG-1,3332.0,1526,9.903961,0.051277877258668406,False
ATCAAGCTCGGGATTT-1,4427.0,1959,7.3639035,0.04040833687792429,False
ATCAAGCTCGGTTTCC-1,5556.0,2491,11.771058,0.03513620213185945,False
ATCAAGCTCTGCAAGT-1,2774.0,1491,10.814708,0.03513620213185945,False
ATCAAGCTCTTAGGGT-1,6809.0,2841,11.102952,0.03277439024390243,False
ATCAATCCAAGGGTTG-1,2534.0,1364,9.116022,0.03767403767403767,False
ATCAATCCACTTCATC-1,2189.0,1276,8.405664,0.02093531923757942,False
ATCAATCCAGGAACAT-1,3962.0,2000,10.398788,0.023616881696916687,False
ATCAATCCATGAATCT-1,2619.0,1435,6.5673923,0.10082730093071354,False
ATCAATCCATTAAGTC-1,5074.0,2331,14.505321,0.051277877258668406,False
ATCACAATCACCTGCT-1,4019.0,1901,7.1908436,0.07534533277521976,False
ATCACAATCCGCCTCA-1,164.0,136,0.60975605,0.10743353228431904,False
ATCACAATCCTTCAAT-1,7176.0,2929,7.0791526,0.15345821325648415,False
ATCACAATCGCTATAA-1,3434.0,1647,15.055328,0.011634922002930278,False
ATCACAATCGTTCACC-1,8163.0,3063,8.955041,0.03433029908972692,False
ATCACACAGCGCTAAT-1,4505.0,1983,7.3473916,0.13184713375796173,False
ATCACACAGTAACTCA-1,9272.0,3518,13.050043,0.024185532854776367,False
ATCACACAGTTGTCCC-1,2917.0,1574,6.8220773,0.03513620213185945,False
ATCACCCTCAGGCTAT-1,8021.0,3166,9.225782,0.08427729950158584,False
ATCACCCTCAGTTCCC-1,2592.0,1417,6.4814816,0.0385625431928127,False
ATCACCCTCCGCCTCA-1,5954.0,2461,15.821296,0.04040833687792429,False
ATCACCCTCGAGGAGT-1,3442.0,1651,14.061592,0.02251286449399657,False
ATCACCCTCGATTTGA-1,3114.0,1589,12.524085,0.006117362736953402,False
ATCACCCTCGCCTGTT-1,4382.0,2090,9.812871,0.023616881696916687,False
ATCACCCTCTGTGCCT-1,3712.0,1996,7.596983,0.006940160394818014,False
ATCACTAAGAAAGCAT-1,1649.0,851,15.52456,0.04546832373446498,False
ATCACTAAGTAAGTGG-1,4486.0,2187,13.909942,0.0580168776371308,False
ATCAGGTTCAAGCTAC-1,1305.0,792,12.720306,0.07137096774193549,False
ATCAGGTTCCCAGTAG-1,4517.0,2138,4.0513616,0.07137096774193549,False
ATCAGGTTCCCGTTGT-1,5443.0,2412,9.149365,0.06949118986339338,False
ATCAGGTTCCGCAACA-1,3950.0,1983,5.898734,0.04885375494071145,False
ATCAGGTTCCGCCTCA-1,2873.0,1535,10.859729,0.005587424569768309,False
ATCAGGTTCCTTGAGG-1,7523.0,3006,7.2178655,0.10082730093071354,False
ATCAGGTTCCTTGCGT-1,3203.0,1701,7.7115207,0.04136742315426601,False
ATCAGGTTCGGCCAGT-1,5368.0,2415,16.412071,0.02657921988263721,False
ATCAGGTTCTGGCAAT-1,5418.0,2478,8.010336,0.03277439024390243,False
ATCATCAAGACTTACA-1,3422.0,1672,13.471654,0.014225788801750865,False
ATCATCAAGATAACCC-1,3949.0,1735,17.903267,0.05658418411489879,False
ATCATCAAGCAGGTTT-1,4583.0,2073,12.153611,0.05385002516356318,False
ATCATCAAGCCTGACA-1,3373.0,1592,11.354877,0.08674531575294935,False
ATCATCAAGCGAAGTA-1,6200.0,2615,19.048388,0.09200676165177493,False
ATCATCAAGGACAACA-1,3342.0,1646,5.9545183,0.15977653631284908,False
ATCATCAAGGCATTAC-1,3954.0,1743,7.991907,0.14198782961460438,False
ATCATCAAGGCCTAAT-1,7493.0,2958,11.984519,0.018496420047732696,False
ATCATCAAGGCGAATA-1,8283.0,3463,7.2196064,0.20897615708274905,True
ATCATCAAGTAACGAG-1,2392.0,1302,11.622073,0.005587424569768309,False
ATCATCAAGTCGCTAG-1,11641.0,3243,10.3083935,0.10743353228431904,False
ATCATGTCAACTGGGA-1,2521.0,1320,14.081714,0.006940160394818014,False
ATCATGTCAATAGCAA-1,6175.0,2574,13.457491,0.04885375494071145,False
ATCATGTCAATGCGCT-1,3878.0,1924,5.518308,0.10082730093071354,False
ATCATGTCACTAAGCC-1,2726.0,1450,11.958914,0.03354324636936127,False
ATCATGTCAGCTTAGC-1,4314.0,1848,8.78535,0.019445007089325502,False
ATCATGTCATAAGTCT-1,3313.0,1808,4.6181707,0.12720519962859794,False
ATCATGTCATCCATCT-1,2614.0,1474,6.350421,0.027209302325581396,False
ATCATGTCATCGCTTT-1,3880.0,1853,10.025773,0.11472602739726025,False
ATCATGTCATGGTTAT-1,12134.0,4267,9.197297,0.05658418411489879,False
ATCCAACAGACCATAC-1,5628.0,1921,12.8109455,0.03513620213185945,False
ATCCAACAGCTATATG-1,6924.0,2736,10.239746,0.06767794632438741,False
ATCCAACAGGAAACTG-1,3295.0,1662,5.7663126,0.01993253603189206,False
ATCCAACAGGAACGCG-1,4029.0,2027,5.7086124,0.0385625431928127,False
ATCCAACAGGTGTCCA-1,4338.0,2176,9.797142,0.11098748261474266,False
ATCCACCTCACTCGCT-1,4120.0,2003,6.747573,0.009001703024896602,False
ATCCACCTCAGGTTTA-1,6345.0,2559,7.8487,0.12281757977122211,False
ATCCACCTCGTGCTAG-1,3880.0,1819,11.5721655,0.009313725490196078,False
ATCCATAAGCAGCTCA-1,8090.0,3253,13.831891,0.38812042310821776,True
ATCCATAAGCATGCAT-1,2827.0,1433,8.666431,0.07534533277521976,False
ATCCATAAGCCTGTTC-1,9371.0,3466,7.725963,0.3590909090909092,True
ATCCATAAGGCGCTAC-1,3230.0,1562,10.959753,0.09481481481481482,False
ATCCATAAGGTCCACA-1,2833.0,1474,6.036004,0.05658418411489879,False
ATCCATAAGTATTGCA-1,9547.0,3371,6.253273,0.11098748261474266,False
ATCCATAAGTGAACGA-1,3124.0,1633,8.8668375,0.06592776609975157,False
ATCCCGCGTAACCAGC-1,2274.0,1288,5.760774,0.039473684210526314,False
ATCCCGCGTAGGATCC-1,3772.0,1868,10.577943,0.04136742315426601,False
ATCCCGCGTCAAGACC-1,3992.0,1850,11.197395,0.02093531923757942,False
ATCCCGCGTGATCATG-1,5381.0,2349,15.350306,0.09775195756504167,False
ATCCCGCGTGTTGTAG-1,1754.0,970,5.245154,0.06423741547708492,False
ATCCCGCGTTATAGCG-1,3709.0,1788,7.8727417,0.025357827115969796,False
ATCCCGCGTTGCAATG-1,1809.0,971,11.442785,0.06260387811634349,False
ATCCCGCGTTGCCTCA-1,3284.0,1660,10.414128,0.03277439024390243,False
ATCCCGCGTTTGTTGC-1,3701.0,1672,5.160767,0.03767403767403767,False
ATCCGTGAGAGGAGTC-1,3171.0,1786,9.586881,0.008391273076000958,False
ATCCGTGAGCGGCTGT-1,2897.0,1543,8.1463585,0.09775195756504167,False
ATCCGTGAGCTAAGTC-1,2697.0,1452,12.013349,0.02093531923757942,False
ATCCGTGAGGACTAAG-1,5401.0,2306,14.960192,0.027209302325581396,False
ATCCGTGAGGCAACAA-1,3461.0,1661,7.223346,0.14198782961460438,False
ATCCGTGAGGGTTATC-1,7081.0,2877,7.2447395,0.06102433708681438,False
ATCCGTGAGTTGGCCA-1,6469.0,2880,11.531921,0.2585915492957747,True
ATCCTCATCAGCAAGA-1,2760.0,1606,5.1086955,0.06767794632438741,False
ATCCTCATCATGCGTG-1,11271.0,4057,1.0735515,0.11098748261474266,False
ATCCTCATCCCTGATC-1,8879.0,3521,7.8612456,0.2919020715630885,True
ATCCTCATCCTTGAGG-1,2163.0,1152,10.217291,0.07744826114785579,False
ATCCTGACAAACCTTG-1,5181.0,2247,11.9475,0.03767403767403767,False
ATCCTGACAAATACCT-1,4993.0,2151,9.072701,0.04336283185840707,False
ATCCTGACAAGGTCCT-1,305.0,231,3.2786884,0.013837388079949352,False
ATCCTGACAATGCCTA-1,9107.0,3437,13.3523655,0.23147675012774666,True
ATCCTGACAGTAAAGC-1,2902.0,1641,6.099242,0.005071664829106946,False
ATCCTTAGTAAATTGC-1,4700.0,2228,6.6808515,0.02093531923757942,False
ATCCTTAGTACAAAGA-1,4685.0,2239,7.8975453,0.0053278081989048395,False
ATCCTTAGTATTCGCT-1,3075.0,1446,5.9512196,0.12281757977122211,False
ATCCTTAGTCTTGCAT-1,2975.0,1541,8.067227,0.10082730093071354,False
ATCCTTAGTGAAACAA-1,5017.0,2121,5.4215665,0.11098748261474266,False
ATCCTTAGTGAGAAAC-1,4972.0,1999,7.9042635,0.027209302325581396,False
ATCCTTAGTGAGACTC-1,14505.0,4719,7.2940364,0.21972656249999997,True
ATCCTTAGTGCAATGC-1,2583.0,1427,6.852497,0.051277877258668406,False
ATCCTTAGTGCTAGCG-1,3547.0,1763,8.711587,0.09775195756504167,False
ATCCTTAGTGCTTACT-1,7423.0,2961,9.995958,0.20897615708274905,True
ATCCTTAGTGTGCACG-1,4411.0,2139,10.700521,0.04885375494071145,False
ATCCTTAGTGTTGTAG-1,2843.0,1417,7.843827,0.11472602739726025,False
ATCCTTAGTTTATTCG-1,4509.0,2030,17.56487,0.006387832699619771,False
ATCGAGGCAAACATAG-1,2628.0,1450,11.4155245,0.03277439024390243,False
ATCGAGGCAAAGCGGC-1,4429.0,1700,8.828178,0.039473684210526314,False
ATCGAGGCAACAGCCT-1,2440.0,1334,15.368852,0.05519591141396934,False
ATCGAGGCAATCTCTC-1,3388.0,1755,10.242031,0.06767794632438741,False
ATCGAGGCAATTTAGC-1,4733.0,2107,3.9509826,0.02785286167587261,False
ATCGAGGCACGTTACA-1,3590.0,1724,9.498608,0.09481481481481482,False
ATCGAGGCACTAAGCC-1,4002.0,1789,9.045477,0.08427729950158584,False
ATCGAGGCACTGGCTG-1,3777.0,1851,12.655547,0.14754098360655732,False
ATCGAGGCATAATGTC-1,3363.0,1508,6.0065417,0.10743353228431904,False
ATCGAGGCATCGCTCC-1,3107.0,1712,5.0852914,0.009630422256975885,False
ATCGAGGCATTTAAGC-1,2270.0,1256,11.497797,0.00481892523364486,False
ATCGCCCGTAACGGGA-1,2996.0,1534,11.181576,0.10405083399523428,False
ATCGCCCGTCCTCCAA-1,1458.0,767,21.947874,0.04040833687792429,False
ATCGCCCGTGAGCAAG-1,1689.0,1026,12.670219,0.021976855292493894,False
ATCGCCCGTGTTGTAG-1,9072.0,3448,10.030864,0.38812042310821776,True
ATCGCCCGTTAGACCA-1,3550.0,1822,10.02817,0.02851033499643621,False
ATCGCCCGTTCAAGAT-1,4081.0,1962,4.116638,0.03513620213185945,False
ATCGCCCGTTCGCTCA-1,4129.0,1969,11.552434,0.05658418411489879,False
ATCGCTTGTAAATTGC-1,6114.0,2507,10.664049,0.025357827115969796,False
ATCGCTTGTAATGACT-1,3586.0,1718,8.923592,0.03433029908972692,False
ATCGCTTGTACCGTAA-1,3135.0,1447,6.060606,0.07137096774193549,False
ATCGCTTGTCAGGCCA-1,3564.0,1837,7.098766,0.06423741547708492,False
ATCGCTTGTGGATTGC-1,4162.0,1942,13.551177,0.04546832373446498,False
ATCGCTTGTTTATTCG-1,6276.0,2653,6.8036966,0.09200676165177493,False
ATCGGCCAGAAGGTGC-1,3599.0,1734,13.531536,0.03767403767403767,False
ATCGGCCAGACAGGCG-1,3476.0,1797,9.321058,0.15345821325648415,False
ATCGGCCAGAGGCTAA-1,2064.0,1039,13.565892,0.0594961586564231,False
ATCGGCCAGGGTTAGA-1,7110.0,2816,14.19128,0.023616881696916687,False
ATCGGCCAGGTCATTA-1,4470.0,2098,12.281879,0.06423741547708492,False
ATCGGCCAGTCGCTAG-1,4091.0,1941,13.957468,0.0580168776371308,False
ATCGGCCAGTCTATGA-1,4445.0,2139,10.821147,0.05658418411489879,False
ATCGGCCAGTTACTTC-1,3617.0,1917,7.2159247,0.01584606677985286,False
ATCGGCCAGTTATTCC-1,3517.0,1749,10.548763,0.052544613350958363,False
ATCTATGAGACAAGTG-1,3782.0,1821,6.6102595,0.032023106869270374,False
ATCTATGAGAGGGACT-1,2895.0,1658,7.6338515,0.011634922002930278,False
ATCTATGAGCTAAGTC-1,4095.0,1683,7.9120884,0.02657921988263721,False
ATCTATGAGGTTAGCT-1,2813.0,1474,9.3139,0.03596164091635589,False
ATCTATGAGTCAGTAC-1,5433.0,2300,14.908891,0.052544613350958363,False
ATCTTTGGTAAGCTTG-1,6121.0,2597,9.27953,0.01896638233818364,False
ATCTTTGGTACTTCAC-1,4471.0,1924,12.793559,0.011987491313412093,False
ATCTTTGGTAGTCAAT-1,4841.0,2224,8.572609,0.13184713375796173,False
ATCTTTGGTGTTAAAC-1,3575.0,1860,9.65035,0.021451104100946368,False
ATCTTTGGTTCACCCA-1,6631.0,2757,6.4696126,0.24437299035369767,True
ATGAAGCCAATGCCTA-1,6949.0,2711,12.2463665,0.02251286449399657,False
ATGAAGCCAATTATGC-1,4239.0,2065,12.432178,0.07744826114785579,False
ATGAAGCCACCATATG-1,4114.0,1927,13.539134,0.03277439024390243,False
ATGAAGCCACGGTTTA-1,4230.0,1969,13.546099,0.05385002516356318,False
ATGAAGCCACGTAAGG-1,3642.0,1831,6.3152113,0.01993253603189206,False
ATGAAGCCAGAGGCTA-1,3655.0,1833,7.7154584,0.025357827115969796,False
ATGAAGCCATAAGGAC-1,6867.0,2760,9.072375,0.01128783991790662,False
ATGAAGCCATAGTCAT-1,2843.0,1436,9.426662,0.04440125579309313,False
ATGAAGTAGATAGACG-1,4172.0,2016,16.371044,0.04546832373446498,False
ATGAAGTAGGATTGCT-1,7341.0,3052,13.6085005,0.04885375494071145,False
ATGAAGTAGGATTTGC-1,6293.0,2527,16.98713,0.01758155889822231,False
ATGAAGTAGGGATGCG-1,3241.0,1482,11.045974,0.05004812319538016,False
ATGAAGTAGTAACCAC-1,5892.0,2733,10.845214,0.13184713375796173,False
ATGAAGTAGTCCTTCA-1,1624.0,904,12.376847,0.02657921988263721,False
ATGAAGTAGTGCACGC-1,3113.0,1586,19.755863,0.04440125579309313,False
ATGAATGCAAATTGCT-1,323.0,267,1.5479876,0.012709620476610766,False
ATGAATGCAACATAAG-1,2190.0,1197,9.223744,0.04136742315426601,False
ATGAATGCAAGGACCA-1,6150.0,2565,16.373983,0.03277439024390243,False
ATGAATGCAATCCTGA-1,3443.0,1830,8.335753,0.13184713375796173,False
ATGAATGCAATCTCTC-1,5829.0,2388,5.5755706,0.06260387811634349,False
ATGAATGCACTGGCCA-1,6509.0,2768,14.549086,0.33380581148121885,True
ATGAATGCACTTACAG-1,4516.0,2127,11.470327,0.023616881696916687,False
ATGAATGCAGGCCATT-1,4614.0,2142,11.074989,0.08931947069943286,False
ATGAATGCAGGTTACC-1,4269.0,2066,7.1913795,0.008092668993970167,False
ATGAATGCATAAGTTC-1,4192.0,1908,11.4742365,0.01896638233818364,False
ATGAATGCATAGCTTG-1,2883.0,1620,7.804371,0.15977653631284908,False
ATGAATGCATTGTCAG-1,14990.0,4580,11.661107,0.09775195756504167,False
ATGACAACAACAGGTG-1,4071.0,1920,15.229673,0.08427729950158584,False
ATGACAACAAGGCCAA-1,4966.0,2101,9.565042,0.029182178455626276,False
ATGACAACAAGTTATC-1,6770.0,3004,7.488922,0.2919020715630885,True
ATGACAACAATAGTCT-1,4540.0,2061,5.9911895,0.01896638233818364,False
ATGACAACAATTGACT-1,3763.0,1834,13.021525,0.006940160394818014,False
ATGACAACACGCAACT-1,3352.0,1607,14.140812,0.019445007089325502,False
ATGACCAGTAGTCAAT-1,7806.0,3303,10.171663,0.04336283185840707,False
ATGACCAGTCGCAATA-1,2230.0,1224,9.327354,0.06102433708681438,False
ATGACCAGTGCCGCAA-1,1699.0,1027,9.181872,0.07534533277521976,False
ATGACCAGTGTGAGAG-1,4481.0,1998,13.144387,0.02851033499643621,False
ATGACCAGTTAGACCA-1,5442.0,2287,14.14921,0.02785286167587261,False
ATGACGAAGGAGGGTT-1,3250.0,1367,5.2615385,0.06423741547708492,False
ATGACGAAGGCAACAA-1,3199.0,1583,9.096593,0.032023106869270374,False
ATGACGAAGTAACAGG-1,2872.0,1493,11.176881,0.0385625431928127,False
ATGACGAAGTCACCAG-1,3748.0,1698,9.551762,0.1367661528369957,False
ATGACGAAGTTTGAGC-1,2428.0,1361,6.2191105,0.04546832373446498,False
ATGACTCAGCTCCTAC-1,3672.0,1863,11.19281,0.04885375494071145,False
ATGACTCAGGATTGAG-1,2962.0,1627,3.2748144,0.025962195399681167,False
ATGACTCAGGCATTAC-1,4589.0,1999,4.096753,0.10743353228431904,False
ATGACTCAGGCCTGGT-1,4000.0,1887,11.675,0.010946117946542214,False
ATGACTCAGGCGCACT-1,3024.0,1648,7.6719575,0.03767403767403767,False
ATGACTCAGGCGCATC-1,3845.0,1835,10.715215,0.04136742315426601,False
ATGACTCAGGCTAATC-1,6266.0,2678,7.245452,0.09775195756504167,False
ATGACTCAGTAGAGGC-1,3755.0,1828,11.238349,0.0594961586564231,False
ATGACTCAGTGAAGTG-1,4147.0,1967,10.489511,0.025962195399681167,False
ATGACTCAGTGAGCGG-1,3794.0,1650,7.0901423,0.046565237436606725,False
ATGAGCCGTCAGTAAT-1,3666.0,1609,8.810693,0.029182178455626276,False
ATGAGCCGTCTTTGAC-1,5396.0,2423,12.805782,0.010609632873021219,False
ATGAGCCGTGCTCCGT-1,2642.0,1454,9.95458,0.009001703024896602,False
ATGAGCCGTGTCACGG-1,3733.0,1879,11.920707,0.07137096774193549,False
ATGATGACAGGCTTGT-1,2244.0,1088,11.185383,0.04546832373446498,False
ATGATGACAGTTTGTG-1,8059.0,3240,12.371263,0.38812042310821776,True
ATGATGACATAAGGAC-1,3744.0,1814,12.232905,0.021451104100946368,False
ATGATGACATGGTTAT-1,7176.0,3034,9.183389,0.14754098360655732,False
ATGATGGAGCAAGATG-1,2843.0,1542,6.6479073,0.04040833687792429,False
ATGATGGAGCAGGTTT-1,3131.0,1549,11.9450655,0.11866393202461177,False
ATGATGGAGCGATAAG-1,3152.0,1600,9.327411,0.029868868382710054,False
ATGATGGAGGTGAGAC-1,3656.0,1712,8.369803,0.005071664829106946,False
ATGATGGAGTAAGGGC-1,2874.0,1512,11.830202,0.01758155889822231,False
ATGATGGAGTTGGATC-1,2477.0,1357,11.990311,0.024185532854776367,False
ATGCAAACAACCGCCA-1,6566.0,2638,9.747183,0.07963446475195822,False
ATGCAAACATTAAAGG-1,4964.0,2202,9.951652,0.02851033499643621,False
ATGCAAACATTTAAGC-1,4249.0,1913,9.46105,0.08931947069943286,False
ATGCAGGCAAGCTAAA-1,3797.0,1786,8.664736,0.08674531575294935,False
ATGCAGGCACCTCAGG-1,3758.0,1786,8.568387,0.09481481481481482,False
ATGCAGGCAGGGAGCT-1,6338.0,2616,11.13916,0.01626867091618305,False
ATGCAGGCAGGTTATT-1,4813.0,2260,13.006441,0.08931947069943286,False
ATGCAGGCATTAGGCC-1,4418.0,1982,17.224989,0.03354324636936127,False
ATGCAGGCATTGCAGC-1,4256.0,1987,9.93891,0.05519591141396934,False
ATGCAGGCATTGCGTA-1,2613.0,1252,11.557597,0.06260387811634349,False
ATGCATTCAACAGCCT-1,3840.0,1918,10.885417,0.047693266832917705,False
ATGCATTCAATCCTGA-1,3809.0,1950,6.668417,0.09775195756504167,False
ATGCATTCAATCTCTC-1,4378.0,1961,6.6011877,0.04885375494071145,False
ATGCATTCAGCAACAG-1,2419.0,1344,2.190988,0.0594961586564231,False
ATGCATTCAGCATGAG-1,3184.0,1587,6.6268845,0.10743353228431904,False
ATGCATTCATCATGTG-1,2497.0,1054,12.294754,0.021976855292493894,False
ATGCCTGAGATAGACG-1,4434.0,2080,8.818223,0.01896638233818364,False
ATGCCTGAGCACAGCC-1,2145.0,1159,11.468532,0.01993253603189206,False
ATGCCTGAGCTCGCTT-1,4195.0,1856,11.632896,0.047693266832917705,False
ATGCCTGAGGATCACT-1,2460.0,1384,8.373984,0.15977653631284908,False
ATGCCTGAGGCCTGGT-1,5031.0,2248,6.7580996,0.01993253603189206,False
ATGCCTGAGTCACCAG-1,5515.0,2625,10.027199,0.02251286449399657,False
ATGCCTGAGTGAACGA-1,3395.0,1599,8.188512,0.07744826114785579,False
ATGCCTGAGTTAGACC-1,3987.0,1903,9.330323,0.02093531923757942,False
ATGCCTGAGTTATTCC-1,7037.0,2924,9.947421,0.421792618629174,True
ATGCGATTCCTCAGCT-1,6579.0,2703,7.3111415,0.046565237436606725,False
ATGCGATTCCTTAAGA-1,1725.0,974,11.884058,0.07332101047443006,False
ATGCGATTCGATTCTT-1,8223.0,2941,6.37237,0.04885375494071145,False
ATGCGATTCGCCTGTT-1,3247.0,1446,5.8515553,0.06592776609975157,False
ATGCGATTCGGTTAGT-1,3690.0,1812,8.292684,0.09481481481481482,False
ATGCGATTCGTCAAGT-1,4198.0,1783,8.313482,0.08190899001109879,False
ATGCGATTCTAATCCT-1,398.0,331,3.7688441,0.014620689655172414,False
ATGCGATTCTTGATGA-1,2857.0,1388,3.640182,0.07534533277521976,False
ATGCTTAAGCACTAAC-1,5648.0,2359,7.914306,0.03596164091635589,False
ATGCTTAAGCCTGATG-1,6518.0,2685,11.291807,0.011987491313412093,False
ATGCTTAAGCTGTAAC-1,4800.0,2143,7.958333,0.025357827115969796,False
ATGCTTAAGGTCATTA-1,4011.0,1831,7.728746,0.046565237436606725,False
ATGCTTAAGGTGTTAC-1,7884.0,3015,11.707255,0.27434679334916884,True
ATGCTTAAGTAAGAAC-1,3843.0,1820,9.185533,0.03277439024390243,False
ATGCTTAAGTATTGCA-1,2852.0,1520,6.9424963,0.09775195756504167,False
ATGCTTAAGTTCCCAC-1,4830.0,2313,5.548654,0.08427729950158584,False
ATGGACAAGCGATACT-1,16537.0,5307,10.406966,0.33380581148121885,True
ATGGACAAGGCCCAGT-1,3100.0,1672,10.709678,0.07137096774193549,False
ATGGACAAGGTGAAAT-1,11908.0,4184,10.152839,0.33380581148121885,True
ATGGACAAGTCACCAG-1,3525.0,1873,5.0780144,0.0077983458054352115,False
ATGGACAAGTCGCTAG-1,5630.0,2497,12.433393,0.33380581148121885,True
ATGGCCCAGAGGAGTC-1,3917.0,1901,12.075568,0.07332101047443006,False
ATGGCCCAGCTAGAAG-1,3377.0,1663,13.94729,0.051277877258668406,False
ATGGCCCAGGAAGCAC-1,4906.0,2084,18.834082,0.06260387811634349,False
ATGGCCCAGGAGCACG-1,3922.0,1882,10.530341,0.02851033499643621,False
ATGGCCCAGGAGGCAT-1,3049.0,1678,5.378813,0.018496420047732696,False
ATGGCCCAGTCAGGCC-1,10223.0,3964,9.214516,0.27434679334916884,True
ATGGCCCAGTTTCCTG-1,5037.0,2130,9.211832,0.021976855292493894,False
ATGGCCGGTAACAGGG-1,8014.0,3167,8.684801,0.31158455392809603,True
ATGGCCGGTAAGCTCA-1,3942.0,1809,10.375443,0.07332101047443006,False
ATGGCCGGTACCCACC-1,11193.0,3880,11.837756,0.018496420047732696,False
ATGGCCGGTAGGATTT-1,6453.0,2884,10.429258,0.38812042310821776,True
ATGGCCGGTCTCAGCC-1,1908.0,908,14.308175,0.024185532854776367,False
ATGGCCGGTGGTGAGA-1,2195.0,1223,9.977221,0.008694252133311868,False
ATGGCCGGTGTTAAAC-1,1840.0,1059,9.51087,0.03680733450182013,False
ATGGCCGGTGTTGCAA-1,9941.0,3374,8.842169,0.005587424569768309,False
ATGGCTAGTAATAACC-1,2317.0,1232,18.299526,0.0385625431928127,False
ATGGCTAGTGAGCAAG-1,4139.0,2067,12.394298,0.04336283185840707,False
ATGGCTAGTGATGATT-1,2346.0,1344,13.043478,0.009630422256975885,False
ATGGCTAGTGATTACG-1,2487.0,1402,14.073181,0.011634922002930278,False
ATGGCTAGTGATTTGG-1,2832.0,1550,5.1200566,0.027209302325581396,False
ATGGCTAGTTAATCGG-1,5770.0,2501,9.948007,0.009951899154088572,False
ATGGCTAGTTTATTCG-1,2243.0,1245,3.3883193,0.013837388079949352,False
ATGGCTGTCCATCAGG-1,5677.0,2138,13.175973,0.009313725490196078,False
ATGGCTGTCTAGCTTT-1,1976.0,1169,8.603239,0.05004812319538016,False
ATGGCTGTCTTGAGCG-1,3253.0,1485,9.898556,0.006117362736953402,False
ATGGCTTAGCATGTTA-1,4216.0,1984,11.124289,0.04336283185840707,False
ATGGCTTAGCTGAGGG-1,8629.0,3133,9.271063,0.02042921997523731,False
ATGGCTTAGGGTGGAT-1,5127.0,2274,14.121318,0.04440125579309313,False
ATGGCTTAGTGAACGA-1,2544.0,1400,9.984277,0.01584606677985286,False
ATGGTCTAGACAAAGT-1,2521.0,1383,8.528361,0.06949118986339338,False
ATGGTCTAGCGTGCAC-1,6154.0,2491,7.881053,0.03596164091635589,False
ATGGTCTAGGAGGACT-1,2340.0,1191,12.692308,0.08931947069943286,False
ATGGTCTAGGCTTAAC-1,4054.0,2010,9.052788,0.01234567901234568,False
ATGGTCTAGGCTTAGT-1,6821.0,2659,8.4445095,0.027209302325581396,False
ATGGTCTAGTCACCAG-1,3227.0,1793,4.4003716,0.03277439024390243,False
ATGGTGCGTAACCTAG-1,2744.0,1557,5.6486883,0.07744826114785579,False
ATGGTGCGTATTGTCC-1,5788.0,2523,14.685556,0.00666207213416035,False
ATGGTGCGTGCGCATG-1,2826.0,1455,10.474169,0.023616881696916687,False
ATGGTGCGTGTCCAAA-1,1254.0,623,12.75917,0.02851033499643621,False
ATGGTGCGTTATCGAG-1,3146.0,1602,8.455181,0.1367661528369957,False
ATGGTGCGTTTCCACG-1,4112.0,1837,15.39397,0.014225788801750865,False
ATGGTTATCCGCACAA-1,14908.0,4751,6.42608,0.23147675012774666,True
ATGGTTATCCTAAGGT-1,5328.0,2318,15.221472,0.021451104100946368,False
ATGGTTATCCTAATTC-1,4979.0,2309,7.0696926,0.05658418411489879,False
ATGGTTATCGGGCCAT-1,3617.0,1739,6.718275,0.023616881696916687,False
ATGGTTATCTAATTGG-1,3231.0,1691,10.770659,0.06592776609975157,False
ATGGTTATCTTCAATC-1,5185.0,2297,14.079075,0.019445007089325502,False
ATGTAACGTAGGTTTG-1,3981.0,1880,12.509419,0.03596164091635589,False
ATGTAACGTAGTTAAC-1,10852.0,3981,9.279396,0.33380581148121885,True
ATGTAACGTCGCGCAA-1,2216.0,1276,12.093863,0.010278265229380797,False
ATGTAACGTGAGCACT-1,3479.0,1727,5.8062663,0.07744826114785579,False
ATGTAACGTGGACCTG-1,5988.0,2506,13.309953,0.05385002516356318,False
ATGTAACGTTGCGGAT-1,5117.0,2267,12.976353,0.02476572958500669,False
ATGTAACGTTTGCTGT-1,4265.0,2040,9.519343,0.05519591141396934,False
ATGTAACGTTTGGGTA-1,1693.0,977,9.332546,0.03128880059597715,False
ATGTAAGCAACACTTG-1,3559.0,1524,9.637538,0.04235191384078009,False
ATGTAAGCACATACTG-1,3090.0,1617,13.81877,0.0385625431928127,False
ATGTAAGCACATGCTA-1,4950.0,2281,13.838384,0.032023106869270374,False
ATGTAAGCACCAAAGG-1,3194.0,1653,10.613651,0.030570902394106814,False
ATGTAAGCACTCAACA-1,2396.0,1314,7.6377296,0.03354324636936127,False
ATGTAAGCAGCAAGGC-1,10475.0,3949,9.785203,0.3590909090909092,True
ATGTAAGCAGTAGGAT-1,4257.0,1951,12.661499,0.04885375494071145,False
ATGTAAGCATGGCCTG-1,2220.0,1189,17.072073,0.0077983458054352115,False
ATGTAAGCATTAGGTT-1,6015.0,2646,11.704073,0.04040833687792429,False
ATGTCAATCATCCTAT-1,6725.0,2926,8.386617,0.15345821325648415,False
ATGTCAATCGAGGAAC-1,4442.0,2094,8.779829,0.0580168776371308,False
ATGTCAATCGATAACC-1,7157.0,2959,14.391504,0.02851033499643621,False
ATGTCAATCGCGACAC-1,3260.0,1578,4.754601,0.09481481481481482,False
ATGTCAATCGGTTACG-1,3116.0,1593,11.6816435,0.06423741547708492,False
ATGTCAATCGTAATCA-1,3720.0,1690,8.440861,0.11098748261474266,False
ATGTCAATCGTTAGCG-1,1441.0,816,16.30812,0.06102433708681438,False
ATGTCAATCTAAGGAG-1,4457.0,2034,12.003591,0.0594961586564231,False
ATGTCAATCTCAATTC-1,3285.0,1763,7.8234396,0.04546832373446498,False
ATGTCAATCTTAATGG-1,6995.0,2922,10.664761,0.07137096774193549,False
ATGTCATCAAGGTGGC-1,2410.0,1257,17.095436,0.0580168776371308,False
ATGTCATCAATAGTCT-1,3773.0,1949,8.958389,0.08674531575294935,False
ATGTCATCAATTAAGG-1,3967.0,1889,12.3771105,0.011987491313412093,False
ATGTCATCACAATGCC-1,3003.0,1493,15.517816,0.025357827115969796,False
ATGTCATCACGTTACA-1,3552.0,1682,13.260135,0.030570902394106814,False
ATGTCATCAGCCTGCA-1,5717.0,2360,15.2177725,0.025357827115969796,False
ATGTCATCATAACGGG-1,4013.0,1893,17.617743,0.07963446475195822,False
ATGTCATCATAATCGT-1,7267.0,2786,13.788359,0.023616881696916687,False
ATGTCATCATCCATCT-1,2960.0,1525,10.101351,0.051277877258668406,False
ATGTCATCATGCTTAG-1,2324.0,1160,11.617901,0.19910313901345295,True
ATGTCATCATTATGAC-1,3851.0,1847,13.3991165,0.03128880059597715,False
ATGTCCACACAATTAC-1,3084.0,1659,13.294422,0.06592776609975157,False
ATGTCCACACTTCATC-1,6062.0,2597,13.048498,0.07963446475195822,False
ATGTCCACAGCAGGTA-1,4212.0,1972,12.891738,0.00666207213416035,False
ATGTCCACAGGACCAA-1,7222.0,2991,13.11271,0.31158455392809603,True
ATGTCCACAGGTTCAC-1,3675.0,1871,7.5646257,0.02042921997523731,False
ATGTCCACATTTGCTC-1,3879.0,1885,12.529002,0.03513620213185945,False
ATGTGAGAGACAAGTG-1,2901.0,1566,6.239228,0.09775195756504167,False
ATGTGAGAGAGAAGGG-1,10309.0,3526,10.00097,0.03128880059597715,False
ATGTGAGAGCTAATCA-1,3520.0,1616,11.818182,0.01669865642994242,False
ATGTGAGAGGCGAATA-1,3094.0,1625,9.37298,0.03128880059597715,False
ATGTGAGAGGCGCACT-1,7877.0,3323,12.6951885,0.3590909090909092,True
ATGTTCAAGAGCCGCT-1,3702.0,1776,10.994058,0.025962195399681167,False
ATGTTCAAGCAGGCCT-1,9666.0,3653,8.659218,0.2585915492957747,True
ATGTTCAAGCCTGATG-1,3209.0,1631,8.039888,0.04136742315426601,False
ATGTTCAAGGCTTAAC-1,2601.0,1340,7.6124563,0.07137096774193549,False
ATGTTGTCAACCGCCA-1,6767.0,2916,9.649771,0.03767403767403767,False
ATGTTGTCAAGGAATC-1,18945.0,5273,10.989707,0.421792618629174,True
ATGTTGTCACAAAGCG-1,4124.0,1938,10.790495,0.021976855292493894,False
ATGTTGTCACAGCCTG-1,3002.0,1501,16.255829,0.04546832373446498,False
ATGTTGTCACTTACAG-1,4705.0,2064,9.500531,0.04336283185840707,False
ATGTTGTCATCAATCG-1,5418.0,2295,7.8257656,0.04235191384078009,False
ATGTTGTCATTAAGTC-1,3034.0,1564,10.184575,0.08427729950158584,False
ATGTTTGAGCAAGGGT-1,5881.0,2416,18.024145,0.012709620476610766,False
ATGTTTGAGCGATACT-1,4039.0,1785,23.867294,0.0385625431928127,False
ATGTTTGAGCTAGAAG-1,2573.0,1326,8.122814,0.04885375494071145,False
ATGTTTGAGGACAACA-1,3027.0,1559,7.333994,0.025357827115969796,False
ATGTTTGAGTATTGTG-1,4389.0,2092,11.916154,0.03433029908972692,False
ATGTTTGAGTTGTCTT-1,3428.0,1910,3.967328,0.021976855292493894,False
ATTAACCCAACCTGGT-1,3647.0,1697,9.021113,0.0053278081989048395,False
ATTAACCCAACTAGGG-1,3216.0,1665,9.60821,0.0594961586564231,False
ATTAACCCACATAGCC-1,4304.0,1945,11.965613,0.009313725490196078,False
ATTAACCCACGTGCTG-1,5247.0,2173,7.261292,0.09200676165177493,False
ATTAACCCAGAAATGC-1,4254.0,2062,10.48425,0.009001703024896602,False
ATTAACCCAGAACCGA-1,3956.0,1854,9.807887,0.03128880059597715,False
ATTAACCCATAGCGGA-1,2943.0,1480,9.378186,0.10743353228431904,False
ATTAACCCATGGCCTG-1,2533.0,1280,16.89696,0.14754098360655732,False
ATTACCCGTAACGAGG-1,7373.0,2834,8.856639,0.18159203980099492,True
ATTACCCGTACTGATG-1,3900.0,1886,7.666667,0.011987491313412093,False
ATTACCCGTAGGTTAT-1,11902.0,4055,13.451521,0.38812042310821776,True
ATTACCCGTCAGGCCA-1,1976.0,1199,7.4898787,0.052544613350958363,False
ATTACCCGTCCTTCTC-1,4549.0,2026,6.9905477,0.02851033499643621,False
ATTACCCGTCTAGCTT-1,2917.0,1539,9.873157,0.006387832699619771,False
ATTACCCGTGCTCCAC-1,3242.0,1663,9.62369,0.03680733450182013,False
ATTACCCGTGTTGTAG-1,12997.0,4314,11.479572,0.10743353228431904,False
ATTACCCGTTACCGGG-1,5345.0,2356,11.655753,0.08190899001109879,False
ATTACCCGTTGCTGGG-1,2629.0,1460,8.596425,0.05519591141396934,False
ATTACCCGTTTCAGGA-1,2745.0,1465,1.3114754,0.03767403767403767,False
ATTACCGCAAATACCT-1,2918.0,1570,12.851268,0.006117362736953402,False
ATTACCGCAAGACTCC-1,4388.0,2021,10.574294,0.01669865642994242,False
ATTACCGCAAGCTTTG-1,4755.0,2118,5.8885384,0.11472602739726025,False
ATTACCGCAAGTGAAC-1,14542.0,4455,8.92587,0.2585915492957747,True
ATTACCGCAATAAGCA-1,5181.0,2207,4.4199963,0.09775195756504167,False
ATTACCGCAATGCCCG-1,9110.0,3085,4.006586,0.04546832373446498,False
ATTACCGCAGCGCTTG-1,4265.0,1845,17.842907,0.009313725490196078,False
ATTACCGCAGCTTAGC-1,3929.0,1907,7.9154997,0.07332101047443006,False
ATTACCGCAGGACACA-1,3363.0,1716,11.894142,0.03513620213185945,False
ATTACGTCAACAGCCT-1,4970.0,2178,7.183099,0.07332101047443006,False
ATTACGTCACAAGCCT-1,3513.0,1845,6.8317676,0.04235191384078009,False
ATTACGTCACCTGTAA-1,19907.0,4166,5.6964884,0.09481481481481482,False
ATTACGTCAGCAAGAT-1,4822.0,2230,16.362505,0.02476572958500669,False
ATTACGTCAGGCTAAG-1,4938.0,2213,9.842041,0.11098748261474266,False
ATTACGTCATAATCCG-1,3279.0,1655,7.166819,0.009951899154088572,False
ATTACGTCATGAATCT-1,3452.0,1720,8.227115,0.11472602739726025,False
ATTACGTCATTAGGTT-1,7733.0,2848,10.552179,0.023616881696916687,False
ATTACGTCATTATGAC-1,4597.0,2132,8.353273,0.05004812319538016,False
ATTACGTCATTATGCG-1,4777.0,2055,9.0852,0.07963446475195822,False
ATTACTGAGAGGCTAA-1,4689.0,2007,13.712946,0.014620689655172414,False
ATTACTGAGCCGGTAC-1,3273.0,1693,7.9437823,0.0038406827880512096,False
ATTACTGAGCTGAGGG-1,4086.0,2101,9.471366,0.021976855292493894,False
ATTACTGAGGAACACA-1,2389.0,1286,12.306404,0.046565237436606725,False
ATTACTGAGGATGATG-1,2804.0,1399,9.165478,0.09481481481481482,False
ATTACTGAGGCTACTG-1,5584.0,2460,4.065186,0.05519591141396934,False
ATTACTGAGTAACTCA-1,5631.0,2363,15.84088,0.021976855292493894,False
ATTACTGAGTTAGTGC-1,2933.0,1619,15.888169,0.07137096774193549,False
ATTACTGAGTTTCCTG-1,4707.0,2234,0.14871468,0.019445007089325502,False
ATTAGCGGTAGCCTAA-1,4683.0,2356,11.274823,0.029868868382710054,False
ATTAGCGGTAGCTGGT-1,2427.0,1424,9.06469,0.014225788801750865,False
ATTAGCGGTCATCAAG-1,2906.0,1499,10.701996,0.17379145025968837,False
ATTAGCGGTCGTTATC-1,3823.0,1859,13.601883,0.07963446475195822,False
ATTAGCGGTGATGAAA-1,2180.0,1198,15.137614,0.04440125579309313,False
ATTAGCGGTGTCCAGG-1,3073.0,1466,16.335829,0.007222179078978022,False
ATTAGCGGTTACTTCA-1,5219.0,2381,7.1852846,0.04040833687792429,False
ATTAGCGGTTAGCGTA-1,1957.0,1151,9.6576395,0.12720519962859794,False
ATTAGCTCAACTAGGG-1,3300.0,1533,8.757576,0.07963446475195822,False
ATTAGCTCAAGGCCAA-1,4108.0,2020,12.463486,0.014620689655172414,False
ATTAGCTCAATATGGA-1,4946.0,2005,6.89446,0.03767403767403767,False
ATTAGCTCACCTAAGC-1,2528.0,1427,11.70886,0.04546832373446498,False
ATTAGCTCAGCAACCT-1,2872.0,1599,9.331476,0.01993253603189206,False
ATTAGCTCATTATGGT-1,6084.0,2679,12.672584,0.2919020715630885,True
ATTAGCTCATTGTCCT-1,7540.0,3039,7.7851458,0.07534533277521976,False
ATTAGGTGTGTGAGGA-1,4199.0,1959,15.336985,0.023616881696916687,False
ATTAGGTGTTACCGGG-1,3444.0,1644,7.4041815,0.052544613350958363,False
ATTAGGTGTTGGTTAG-1,5840.0,2593,11.952055,0.2585915492957747,True
ATTAGGTGTTTGCAGA-1,6247.0,2668,12.822154,0.03596164091635589,False
ATTAGGTGTTTGGCGG-1,2503.0,1401,7.4710345,0.01669865642994242,False
ATTAGGTGTTTGGCTT-1,3045.0,1655,7.8817735,0.07137096774193549,False
ATTAGTCCAGTAAAGC-1,3470.0,1840,9.135447,0.051277877258668406,False
ATTATCCTCAATCTCT-1,5523.0,2291,6.373348,0.047693266832917705,False
ATTATCCTCAGAAACG-1,3784.0,1768,11.733616,0.02851033499643621,False
ATTATCCTCAGCTAAC-1,7067.0,2777,13.555964,0.008092668993970167,False
ATTATCCTCATTAGTG-1,2966.0,1432,10.148348,0.005587424569768309,False
ATTATCCTCCTTGCGT-1,5189.0,2259,9.809212,0.04136742315426601,False
ATTATGGTCAAGCTAC-1,2597.0,1434,8.740855,0.039473684210526314,False
ATTATGGTCATAGCCG-1,2898.0,1598,10.248447,0.047693266832917705,False
ATTATGGTCATGCTAA-1,3244.0,1709,5.4562273,0.024185532854776367,False
ATTATGGTCCAGGTTG-1,4151.0,1964,7.6608047,0.011987491313412093,False
ATTATGGTCCTTGAGG-1,3696.0,1912,7.981602,0.03680733450182013,False
ATTATGGTCGGCCAGT-1,4500.0,2090,14.555555,0.07744826114785579,False
ATTCAACCAAGACTCC-1,9736.0,3592,9.685702,0.24437299035369767,True
ATTCAACCAATGAAGC-1,8444.0,3209,9.414969,0.20897615708274905,True
ATTCAACCACACAATT-1,3647.0,1833,10.885659,0.03354324636936127,False
ATTCAACCACGCAACT-1,2798.0,1375,4.002859,0.0594961586564231,False
ATTCAACCAGGAACAT-1,4796.0,2150,7.7981653,0.06260387811634349,False
ATTCAACCAGGCGAGT-1,4417.0,1742,9.191759,0.023059434881455017,False
ATTCAACCAGGCGATA-1,753.0,580,0.9296149,0.04546832373446498,False
ATTCAACCAGTTAGCC-1,17887.0,5243,11.65092,0.33380581148121885,True
ATTCAACCATGGCCTG-1,1534.0,847,22.750978,0.05385002516356318,False
ATTCACTTCAAACTCA-1,2139.0,1207,9.069659,0.18159203980099492,True
ATTCACTTCCTCATGC-1,6517.0,2561,7.1505294,0.19910313901345295,True
ATTCACTTCGGTACGC-1,4042.0,1745,7.694211,0.08190899001109879,False
ATTCACTTCTAGCTTT-1,5551.0,1246,0.5764727,0.02251286449399657,False
ATTCACTTCTCACATT-1,5952.0,2483,9.811829,0.018496420047732696,False
ATTCACTTCTTCAATC-1,3924.0,1908,8.002039,0.013455328310010764,False
ATTCACTTCTTGACCC-1,3325.0,1672,10.075188,0.11098748261474266,False
ATTCATGAGCAAGGAC-1,2219.0,1372,6.669671,0.0385625431928127,False
ATTCATGAGCCGCTTT-1,2584.0,1391,7.0820436,0.06423741547708492,False
ATTCATGAGCCTCTGT-1,4986.0,2262,13.578018,0.08674531575294935,False
ATTCATGAGCTAATCA-1,6787.0,2730,7.5291,0.14754098360655732,False
ATTCATGAGCTCATAA-1,3474.0,1515,6.937248,0.030570902394106814,False
ATTCATGAGCTTTGGG-1,4642.0,2007,18.3757,0.06592776609975157,False
ATTCATGAGGATCACT-1,4240.0,2051,11.06132,0.07963446475195822,False
ATTCATGAGGCCATCA-1,3523.0,1755,9.168323,0.07534533277521976,False
ATTCATGAGTTAGACC-1,1552.0,937,13.402061,0.02476572958500669,False
ATTCATGAGTTATCTC-1,4797.0,2116,13.8836775,0.01803488715876614,False
ATTCCGGAGAACCTGT-1,2546.0,1436,3.6527886,0.032023106869270374,False
ATTCCGGAGCTAAGTC-1,2293.0,1235,9.158308,0.08674531575294935,False
ATTCCGGAGCTATTAG-1,2093.0,1185,11.944577,0.0580168776371308,False
ATTCCGGAGGCTTAAC-1,6067.0,2601,11.949893,0.07332101047443006,False
ATTCCTAGTGCGCATG-1,2108.0,1302,8.444023,0.12281757977122211,False
ATTCCTAGTGTGTGGT-1,2956.0,1545,6.4276047,0.03128880059597715,False
ATTCCTAGTTGCAATG-1,4801.0,2115,9.810456,0.015022255192878337,False
ATTCCTAGTTTGCTGT-1,5671.0,2315,10.985717,0.04235191384078009,False
ATTCCTAGTTTGTCTA-1,3257.0,1592,9.149524,0.07744826114785579,False
ATTCCTCCAAGGTGCA-1,2874.0,1394,14.509395,0.013079455467568288,False
ATTCCTCCACCTACGG-1,4513.0,2093,9.439398,0.047693266832917705,False
ATTCCTCCAGCAATAA-1,3560.0,1845,9.634831,0.04440125579309313,False
ATTCCTCCAGGTTCAC-1,3348.0,1647,10.573477,0.029182178455626276,False
ATTCCTCCAGTTTACG-1,3712.0,1795,12.149785,0.07963446475195822,False
ATTCCTCCATTCCTGT-1,2964.0,1519,12.415654,0.006387832699619771,False
ATTCGTTTCAAACCTA-1,2876.0,1528,5.806676,0.12720519962859794,False
ATTCGTTTCAGGTTTA-1,5835.0,2454,15.20137,0.06767794632438741,False
ATTCGTTTCATAACTG-1,3447.0,1889,6.527415,0.007222179078978022,False
ATTCGTTTCATGCCTC-1,577.0,207,51.646446,0.06423741547708492,False
ATTCGTTTCCGGTTAG-1,3887.0,1836,12.4774885,0.05519591141396934,False
ATTCGTTTCGTTTCGC-1,3724.0,1726,11.7884,0.007508212106992022,False
ATTCGTTTCTAATCCT-1,8142.0,2976,11.76615,0.004569522013490969,False
ATTCGTTTCTACCTAT-1,7417.0,3081,13.145476,0.019445007089325502,False
ATTCGTTTCTCACACC-1,3182.0,1607,8.453803,0.013455328310010764,False
ATTCGTTTCTCGCCCA-1,1421.0,919,7.107671,0.2585915492957747,True
ATTCGTTTCTTGCAAA-1,3162.0,1654,8.570525,0.06949118986339338,False
ATTGAAGCAAAGCGCA-1,2445.0,1318,13.5787325,0.09481481481481482,False
ATTGAAGCAACCCTAA-1,7907.0,3208,6.2982163,0.5083682008368199,True
ATTGAAGCAAGACTCC-1,656.0,521,0.7621951,0.021451104100946368,False
ATTGAAGCAAGTCGCT-1,2946.0,1543,9.40258,0.039473684210526314,False
ATTGAAGCACTTACAG-1,2680.0,1424,9.029851,0.04040833687792429,False
ATTGAAGCAGCCAGAA-1,4614.0,2154,14.542696,0.06260387811634349,False
ATTGAAGCAGGTTACC-1,3345.0,1665,9.446936,0.17379145025968837,False
ATTGAAGCATAAGGAC-1,2290.0,1265,8.864629,0.07534533277521976,False
ATTGAAGCATTATGAC-1,5388.0,2503,12.453601,0.09481481481481482,False
ATTGACTCAATGCCCG-1,7314.0,3008,8.873393,0.31158455392809603,True
ATTGACTCACGTAAGG-1,3432.0,1678,12.674825,0.0077983458054352115,False
ATTGACTCATTAGCGC-1,2546.0,1402,8.130401,0.02476572958500669,False
ATTGCACAGCCATCAG-1,6371.0,2746,13.9224615,0.2919020715630885,True
ATTGCACAGGATTTGC-1,2988.0,1639,9.103079,0.01626867091618305,False
ATTGCACAGTTATGTG-1,6051.0,2605,9.238143,0.04440125579309313,False
ATTGCAGGTCCTTCAG-1,4330.0,1825,9.191686,0.06102433708681438,False
ATTGCAGGTGTCCTGC-1,4897.0,2000,7.5556464,0.052544613350958363,False
ATTGCAGGTGTTGTGA-1,6994.0,2729,9.7369175,0.10405083399523428,False
ATTGCAGGTTAACAGT-1,7286.0,2900,15.60527,0.013079455467568288,False
ATTGCAGGTTATCCTA-1,860.0,638,2.0930233,0.02042921997523731,False
ATTGCGCCAAATTGCT-1,5954.0,2383,8.616056,0.051277877258668406,False
ATTGCGCCAACGTGCT-1,3104.0,1578,14.948453,0.01713621841417369,False
ATTGCGCCAATGCCCG-1,3149.0,1622,6.2241983,0.02657921988263721,False
ATTGCGCCACCACAAC-1,3331.0,1794,5.9141397,0.011634922002930278,False
ATTGCGCCACTAGCGT-1,1885.0,1074,10.875332,0.032023106869270374,False
ATTGCGCCAGCTACGT-1,3807.0,1592,4.833202,0.07744826114785579,False
ATTGCGCCAGGCGATA-1,2858.0,1436,9.062282,0.030570902394106814,False
ATTGCGCCAGTAGGAT-1,608.0,468,9.868422,0.18159203980099492,True
ATTGCGCCAGTTTGGC-1,4694.0,1980,6.8598213,0.10405083399523428,False
ATTGCGCCATCGCTTT-1,4200.0,1893,12.642858,0.014620689655172414,False
ATTGCGCCATCGTTCT-1,3162.0,1639,10.373182,0.018496420047732696,False
ATTGCTCGTAATCGCA-1,10009.0,3855,6.414227,0.05519591141396934,False
ATTGCTCGTATCTGGA-1,4079.0,1899,12.625644,0.03680733450182013,False
ATTGCTCGTCCAAGAC-1,3548.0,1699,6.4261556,0.05519591141396934,False
ATTGCTCGTCCTTCAG-1,5410.0,2426,8.336414,0.04885375494071145,False
ATTGCTCGTCTTACTA-1,887.0,496,30.777905,0.027209302325581396,False
ATTGCTCGTGAGAAAC-1,6826.0,2861,11.558745,0.02785286167587261,False
ATTGCTCGTGTTTCAC-1,2675.0,1433,12.971963,0.010946117946542214,False
ATTGCTCGTTGCAATG-1,4981.0,2248,9.676771,0.023059434881455017,False
ATTGGCTAGCGCAATT-1,3281.0,1610,13.105761,0.0580168776371308,False
ATTGGCTAGCTGAGGG-1,443.0,323,7.4492097,0.04885375494071145,False
ATTGGCTAGGGATGAC-1,4974.0,2091,15.8423815,0.08427729950158584,False
ATTGGCTAGGGCCACT-1,3555.0,1873,6.3009844,0.04440125579309313,False
ATTGGCTAGGTAAGCA-1,5535.0,2374,16.603432,0.04546832373446498,False
ATTGGCTAGTCACCAG-1,10404.0,3620,10.563245,0.02851033499643621,False
ATTGGCTAGTGAGGGT-1,8124.0,3314,10.0566225,0.2585915492957747,True
ATTGGCTAGTTGCCTC-1,6433.0,2693,12.000622,0.046565237436606725,False
ATTGGTTCAAAGCCTC-1,4767.0,2099,13.110971,0.06949118986339338,False
ATTGGTTCACATTAAC-1,2806.0,1547,4.668567,0.03767403767403767,False
ATTGGTTCACCTCACC-1,8581.0,3276,11.257429,0.27434679334916884,True
ATTGGTTCACCTGCTC-1,4132.0,1791,8.639884,0.17379145025968837,False
ATTGGTTCACGAATCC-1,1396.0,936,3.5100286,0.08427729950158584,False
ATTGGTTCACTGGCTG-1,6922.0,2759,12.84311,0.04336283185840707,False
ATTGGTTCATTGCAGC-1,7940.0,2952,7.405542,0.11472602739726025,False
ATTGTCCGTAGCTGGT-1,2694.0,1411,9.242762,0.01626867091618305,False
ATTGTCCGTATTGGAT-1,3781.0,1741,10.182491,0.06423741547708492,False
ATTGTCCGTCAGTAAT-1,5872.0,2691,2.486376,0.014620689655172414,False
ATTGTCCGTCCGTAGG-1,7770.0,3376,5.5727153,0.02476572958500669,False
ATTGTCCGTCGCGCAA-1,5077.0,2277,11.640733,0.02657921988263721,False
ATTGTCCGTGATGATT-1,3013.0,1526,14.470628,0.04336283185840707,False
ATTGTCCGTGTGCAAC-1,2653.0,1420,10.403317,0.015430655569063874,False
ATTGTCCGTTATGTGG-1,4243.0,2003,6.9526277,0.06592776609975157,False
ATTGTCCGTTGCTGGG-1,3366.0,1739,4.872252,0.04040833687792429,False
ATTGTGATCATGCTCC-1,4604.0,2131,11.316247,0.03767403767403767,False
ATTGTGATCATTGCAA-1,3176.0,1695,10.232998,0.03277439024390243,False
ATTGTGATCCGGTTAG-1,3381.0,1726,8.459036,0.08190899001109879,False
ATTGTGATCGAGGTGG-1,8729.0,3468,12.910986,0.025357827115969796,False
ATTGTGATCGATTATG-1,3511.0,1741,9.797779,0.051277877258668406,False
ATTGTGATCGCACAAT-1,2549.0,1394,14.005492,0.02251286449399657,False
ATTGTGATCGCATTAA-1,6080.0,2536,9.967105,0.04136742315426601,False
ATTGTGATCGGTCAGC-1,4780.0,2108,12.698744,0.00666207213416035,False
ATTGTGATCGTTACTT-1,1976.0,1103,11.993927,0.006117362736953402,False
ATTGTGATCTAACTGA-1,3308.0,1699,9.340992,0.01713621841417369,False
ATTGTGATCTAAGGAG-1,4161.0,1818,11.800048,0.05004812319538016,False
ATTTAGCCAAATGCCC-1,5301.0,2397,9.375589,0.23147675012774666,True
ATTTAGCCAAGCTTAT-1,2369.0,1256,10.42634,0.06592776609975157,False
ATTTAGCCAAGGTACG-1,3375.0,1796,7.5555553,0.008694252133311868,False
ATTTAGCCAAGTTATC-1,6866.0,2887,8.447422,0.11866393202461177,False
ATTTAGCCACCTCGCT-1,6379.0,2613,16.146732,0.05658418411489879,False
ATTTAGCCAGCTTACA-1,469.0,389,2.1321962,0.04136742315426601,False
ATTTAGCCAGGTATTT-1,2982.0,1624,5.264923,0.09481481481481482,False
ATTTAGCCAGTAATAG-1,4611.0,1942,9.867707,0.08931947069943286,False
ATTTAGCCATAACGGG-1,6125.0,2605,14.351021,0.04136742315426601,False
ATTTAGCCATGACTAT-1,4205.0,1880,10.749108,0.08190899001109879,False
ATTTAGCCATTGGGAG-1,4006.0,1998,10.858711,0.009001703024896602,False
ATTTAGCCATTTGCTC-1,2745.0,1409,9.617487,0.02785286167587261,False
ATTTAGGTCAGCACGC-1,5280.0,2503,2.9166667,0.21972656249999997,True
ATTTAGGTCATGCAAC-1,1953.0,1203,5.6323605,0.04440125579309313,False
ATTTAGGTCGGCTATG-1,2726.0,1426,8.437271,0.023059434881455017,False
ATTTAGGTCTCACTAT-1,4103.0,1968,8.262247,0.024185532854776367,False
ATTTGCAAGCACTTGG-1,2662.0,1312,4.8835464,0.10743353228431904,False
ATTTGCAAGCCGCAAC-1,18790.0,5521,13.602981,0.33380581148121885,True
ATTTGCAAGCCTGTGA-1,4418.0,1992,11.3852415,0.032023106869270374,False
ATTTGCAAGGACTAAG-1,6090.0,2709,7.7504106,0.06423741547708492,False
ATTTGCAAGGCAATAG-1,5626.0,2502,8.58514,0.02251286449399657,False
ATTTGCAAGGCTGTGC-1,3356.0,1754,7.896305,0.005071664829106946,False
ATTTGCAAGTGCACGC-1,4102.0,2025,10.092638,0.04040833687792429,False
ATTTGCAAGTTGGATC-1,5638.0,2480,15.377794,0.052544613350958363,False
ATTTGCGCAAGATTCT-1,5259.0,2247,5.9517016,0.08190899001109879,False
ATTTGCGCAATTAGGA-1,1847.0,1072,9.799675,0.052544613350958363,False
ATTTGCGCACATAGCC-1,5098.0,2218,9.964692,0.05658418411489879,False
ATTTGCGCACTTAACG-1,1888.0,1080,8.68644,0.03596164091635589,False
ATTTGCGCAGGCTTGT-1,3965.0,1961,7.742749,0.01713621841417369,False
ATTTGCGCAGTAGCCT-1,8918.0,3399,12.917694,0.06949118986339338,False
ATTTGCGCAGTCTATG-1,2093.0,1238,2.6755853,0.013079455467568288,False
ATTTGCGCATAGACCC-1,7804.0,3295,7.7524347,0.31158455392809603,True
ATTTGTGAGCAAGATG-1,3408.0,1721,7.3063383,0.03433029908972692,False
ATTTGTGAGCGCTCAA-1,3585.0,1692,11.129707,0.027209302325581396,False
ATTTGTGAGCTAGAAG-1,2151.0,1191,10.6927,0.05519591141396934,False
ATTTGTGAGGACAACA-1,3053.0,1523,18.11333,0.011987491313412093,False
ATTTGTGAGGCAATAG-1,3905.0,1905,10.627401,0.10082730093071354,False
ATTTGTGAGTCGCAAT-1,2782.0,1497,13.695184,0.02785286167587261,False
ATTTGTGAGTGAACCT-1,2853.0,1492,7.8513846,0.0594961586564231,False
CAAACAACAGGCTACT-1,4378.0,2102,8.108726,0.015430655569063874,False
CAAACAACAGTCTAAT-1,3985.0,1840,9.711417,0.03433029908972692,False
CAAACAACATAAAGCA-1,3298.0,1668,8.6112795,0.010946117946542214,False
CAAACAACATCCATCT-1,1806.0,978,13.621262,0.01713621841417369,False
CAAACAACATGACTAT-1,6515.0,2434,6.8917885,0.01626867091618305,False
CAAACACTCCATCAGG-1,3823.0,1697,13.3664665,0.008694252133311868,False
CAAACACTCCCTCATA-1,4727.0,2143,10.937169,0.039473684210526314,False
CAAACATGTACCGTAA-1,4574.0,1956,9.685178,0.018496420047732696,False
CAAACATGTGGTTATG-1,3833.0,1906,6.339682,0.052544613350958363,False
CAAACATGTGTTTGTC-1,3155.0,1767,6.624406,0.008391273076000958,False
CAAACATGTTTAACCC-1,2426.0,1272,11.541633,0.02093531923757942,False
CAAACATGTTTGCGCC-1,3038.0,1526,11.619487,0.04440125579309313,False
CAAACCGTCACTTTAC-1,9485.0,3631,10.437533,0.030570902394106814,False
CAAACCGTCAGCATTA-1,2111.0,1240,8.858361,0.046565237436606725,False
CAAACCGTCATCACTT-1,4715.0,2158,10.455992,0.07332101047443006,False
CAAACCGTCATCCTGC-1,4218.0,1994,4.9786625,0.02851033499643621,False
CAAACCGTCATTTGTC-1,1962.0,1089,20.846075,0.01993253603189206,False
CAAACCGTCCCGTTAC-1,4440.0,1882,9.324324,0.025962195399681167,False
CAAACCGTCCCTGATC-1,1864.0,947,12.553649,0.09775195756504167,False
CAAACCGTCCGCAAAT-1,3813.0,1744,8.523473,0.10743353228431904,False
CAAACCGTCGATTATG-1,2264.0,1167,6.80212,0.04136742315426601,False
CAAACCGTCTTAGTGA-1,2425.0,1284,12.701032,0.009313725490196078,False
CAAACGCGTATTACCC-1,3053.0,1604,8.745496,0.15345821325648415,False
CAAACGCGTCAAGACC-1,6739.0,2252,5.416234,0.02657921988263721,False
CAAACGCGTCCCGGAA-1,4961.0,2282,11.751663,0.08190899001109879,False
CAAACGCGTGCTCCGT-1,10576.0,3862,9.389183,0.2585915492957747,True
CAAACGCGTGGTTCCC-1,2972.0,1497,7.065949,0.06592776609975157,False
CAAACGCGTTACATCC-1,3888.0,1780,9.156379,0.04136742315426601,False
CAAACGCGTTGGATCA-1,1611.0,966,6.765984,0.03513620213185945,False
CAAACGCGTTTCGCGC-1,3294.0,1729,13.87371,0.01713621841417369,False
CAAACTGGTACCTTAC-1,11298.0,3909,9.320233,0.06592776609975157,False
CAAACTGGTGATTACG-1,6577.0,2762,10.36947,0.07137096774193549,False
CAAACTGGTTATTGCC-1,3188.0,1718,5.9598494,0.032023106869270374,False
CAAACTGGTTGGCCGA-1,3039.0,1566,9.937479,0.06592776609975157,False
CAAAGCGCAAGCGAGC-1,1991.0,1152,6.2782516,0.025357827115969796,False
CAAAGCGCACAACCTA-1,5954.0,2515,15.015117,0.013455328310010764,False
CAAAGCGCACACCAAC-1,4960.0,2146,7.2782254,0.14198782961460438,False
CAAAGCGCACCCACCT-1,4126.0,1822,7.7556953,0.018496420047732696,False
CAAAGCGCACCTCGCT-1,2805.0,1594,6.8805704,0.04336283185840707,False
CAAAGCGCACGAACAG-1,16657.0,3801,7.600408,0.07332101047443006,False
CAAAGGATCACTCAAA-1,852.0,434,37.793427,0.06592776609975157,False
CAAAGGATCATCCACC-1,4627.0,2085,11.195159,0.04235191384078009,False
CAAAGGATCATGAGCT-1,6813.0,2594,8.586526,0.0594961586564231,False
CAAAGGATCCACCTTA-1,4073.0,1941,8.593175,0.03354324636936127,False
CAAAGGATCGTTAAGC-1,4607.0,1948,10.939874,0.009001703024896602,False
CAAAGTGAGATGGAGC-1,3308.0,1619,19.195889,0.004569522013490969,False
CAAAGTGAGCCGGTAC-1,3531.0,1645,17.388842,0.03596164091635589,False
CAAATCATCAAGCGCC-1,4084.0,1855,5.8521056,0.17379145025968837,False
CAAATCATCACATTGA-1,4510.0,2072,6.7627497,0.019445007089325502,False
CAAATCATCACTTTAC-1,2042.0,1189,10.577865,0.03128880059597715,False
CAAATCATCCATTACT-1,3574.0,1814,9.457191,0.02657921988263721,False
CAAATCATCCGCTAGA-1,2027.0,1236,9.077455,0.04136742315426601,False
CAAATCATCCTGTTCA-1,5107.0,2391,4.112003,0.11098748261474266,False
CAAATCATCCTTAGGG-1,4376.0,1879,5.8043876,0.030570902394106814,False
CAAATCATCTCACTAT-1,3698.0,1866,7.5446186,0.04136742315426601,False
CAAATCATCTTAGTCT-1,2800.0,1484,10.678572,0.029868868382710054,False
CAACAATGTAAACAAG-1,3970.0,1912,17.581863,0.046565237436606725,False
CAACAATGTACTAAAC-1,7902.0,3225,6.365477,0.38812042310821776,True
CAACAATGTCACAAAT-1,7454.0,3090,9.337269,0.007508212106992022,False
CAACAATGTCATCCTG-1,10028.0,3862,9.443558,0.3590909090909092,True
CAACAATGTCCAAGAC-1,3338.0,1695,8.418215,0.09775195756504167,False
CAACAATGTGGACCTG-1,5367.0,2127,4.1363893,0.07963446475195822,False
CAACAATGTGTGAGAG-1,5781.0,2413,12.419996,0.02785286167587261,False
CAACAATGTTGCGCGA-1,2057.0,1098,9.285367,0.03277439024390243,False
CAACAGGCAAACTGCC-1,3985.0,1848,10.012547,0.02657921988263721,False
CAACAGGCAAAGGCCA-1,3680.0,1785,11.059783,0.0385625431928127,False
CAACAGGCAAGACTCC-1,7595.0,2949,8.795259,0.019445007089325502,False
CAACAGGCAAGGTACG-1,3362.0,1639,10.797145,0.09200676165177493,False
CAACAGGCAATAATGG-1,1784.0,1136,6.7825108,0.032023106869270374,False
CAACAGGCAATAGTCT-1,5169.0,2252,11.046624,0.01803488715876614,False
CAACAGGCACAAAGGT-1,3361.0,1821,5.593573,0.04885375494071145,False
CAACAGGCACGAACAG-1,5737.0,2536,10.702458,0.010278265229380797,False
CAACAGGCAGGCCAAA-1,1824.0,1021,11.129386,0.07332101047443006,False
CAACAGGCAGTAAAGC-1,3564.0,1704,9.4837265,0.14754098360655732,False
CAACAGGCAGTCTATG-1,4074.0,2015,8.541974,0.023059434881455017,False
CAACAGGCATACTCCT-1,6843.0,2723,9.907935,0.023059434881455017,False
CAACCCGCAACTGGGA-1,7759.0,3137,13.494007,0.03277439024390243,False
CAACCCGCACAGGGAC-1,5722.0,2386,7.672142,0.01669865642994242,False
CAACCCGCAGAAATGC-1,10225.0,3717,10.738386,0.015430655569063874,False
CAACCCGCAGCATTAT-1,6450.0,2635,13.131783,0.010609632873021219,False
CAACCCGCAGTATGTT-1,7772.0,3036,14.5393715,0.01713621841417369,False
CAACCCGCATAATGTC-1,2525.0,1445,6.891089,0.039473684210526314,False
CAACCCGCATATAACC-1,3739.0,1850,14.094678,0.008694252133311868,False
CAACCCTTCAAGCTAC-1,3169.0,1634,2.4297886,0.01669865642994242,False
CAACCCTTCAGCCAAT-1,4807.0,2101,10.193468,0.029868868382710054,False
CAACCCTTCCCATAAA-1,3114.0,1628,10.2119465,0.02657921988263721,False
CAACCCTTCCGGTTGA-1,3632.0,1799,7.0759916,0.12720519962859794,False
CAACCCTTCTCAATTC-1,3936.0,2039,8.307927,0.06102433708681438,False
CAACCCTTCTCGACCT-1,2561.0,1412,7.262788,0.04336283185840707,False
CAACCCTTCTGGCTTC-1,6667.0,2617,5.744713,0.11472602739726025,False
CAACCCTTCTTGAGCG-1,2127.0,1214,3.0089328,0.018496420047732696,False
CAACCCTTCTTGGACG-1,3207.0,1651,4.8019958,0.10743353228431904,False
CAACCGGGTAGGTGTC-1,6841.0,2906,11.825757,0.21972656249999997,True
CAACCGGGTCAAGTGC-1,2467.0,1300,9.3636,0.09481481481481482,False
CAACCGGGTGTGCAAC-1,3993.0,1930,12.772351,0.0385625431928127,False
CAACCGGGTTTAAAGC-1,5330.0,2541,11.275797,0.21972656249999997,True
CAACTAATCCCTGGAA-1,2808.0,1443,9.009972,0.051277877258668406,False
CAACTAATCGTTTCGC-1,6500.0,2763,9.707692,0.08931947069943286,False
CAACTAGGTAACCAGC-1,4457.0,2121,10.993942,0.03596164091635589,False
CAACTAGGTCAAAGAA-1,5827.0,2551,16.69813,0.02251286449399657,False
CAACTAGGTGCGCGTA-1,4443.0,1974,14.42719,0.10743353228431904,False
CAACTAGGTGGATTGC-1,2412.0,1332,6.633499,0.08427729950158584,False
CAACTAGGTTTAGCTC-1,7737.0,2904,10.456249,0.023059434881455017,False
CAACTAGGTTTGGGTA-1,5187.0,2177,7.788703,0.04040833687792429,False
CAAGAACCAGAAACGT-1,6658.0,2478,9.567437,0.1665381649961449,False
CAAGAACCAGTAGCCT-1,2987.0,1520,13.05658,0.051277877258668406,False
CAAGAACCATCATGTG-1,2407.0,1315,15.330286,0.03767403767403767,False
CAAGAACCATCCTGAA-1,2462.0,1369,7.7173033,0.17379145025968837,False
CAAGACAAGACAGGTA-1,4458.0,1867,5.675191,0.04546832373446498,False
CAAGACAAGATTGAGG-1,5687.0,2527,14.278178,0.01896638233818364,False
CAAGACAAGGATAAAC-1,2637.0,1402,7.925673,0.06423741547708492,False
CAAGACAAGGGCTTTG-1,4619.0,2222,13.336221,0.15977653631284908,False
CAAGACAAGTAGGCGG-1,3461.0,1633,12.626408,0.02476572958500669,False
CAAGACAAGTGAACAG-1,4116.0,2025,15.136054,0.039473684210526314,False
CAAGACAAGTTACCGG-1,3250.0,1662,10.584615,0.08427729950158584,False
CAAGCTAGTGTGCACG-1,6988.0,2769,11.491127,0.03277439024390243,False
CAAGCTAGTTAAGGCC-1,3412.0,1641,13.364595,0.01128783991790662,False
CAAGCTAGTTGTGACA-1,3371.0,1634,15.663009,0.01993253603189206,False
CAAGGCCTCCGCCTAT-1,6768.0,2810,6.1317964,0.03277439024390243,False
CAAGGCCTCCTAATTC-1,3358.0,1647,12.98392,0.009001703024896602,False
CAAGGCCTCCTGATTT-1,2536.0,1371,12.776025,0.024185532854776367,False
CAAGGCCTCCTTTACG-1,4901.0,2255,9.630688,0.05519591141396934,False
CAAGGCCTCTAGCGTG-1,3006.0,1520,11.776447,0.015430655569063874,False
CAAGGCTGTGCGCATG-1,4234.0,1772,7.3453,0.019445007089325502,False
CAAGGCTGTGTTTGCT-1,3428.0,1691,11.347725,0.05385002516356318,False
CAAGGCTGTTTAGCGA-1,2745.0,1431,10.601093,0.01584606677985286,False
CAAGGGAGTAATCCCT-1,6443.0,2652,9.095142,0.052544613350958363,False
CAAGGGAGTGGTTCCC-1,5879.0,2310,16.448376,0.02476572958500669,False
CAAGGGAGTTAGTACG-1,1780.0,1259,0.33707866,0.0580168776371308,False
CAAGGGAGTTCGCTCA-1,2999.0,1442,18.772924,0.10082730093071354,False
CAAGGGAGTTGTAAAC-1,2982.0,1432,25.821596,0.03767403767403767,False
CAAGGGAGTTGTGATG-1,1816.0,956,22.577091,0.01626867091618305,False
CAAGGTAAGCATGCAT-1,3047.0,1556,11.453889,0.03354324636936127,False
CAAGGTAAGCCACATG-1,2518.0,1393,10.841938,0.014225788801750865,False
CAAGGTAAGCTTTGTT-1,2428.0,1191,15.485996,0.02042921997523731,False
CAAGGTAAGGCGCACT-1,2923.0,1505,8.073897,0.09481481481481482,False
CAAGGTAAGTAAGTGG-1,4785.0,2117,16.029259,0.01758155889822231,False
CAAGGTAAGTCATTTC-1,4499.0,1856,12.780617,0.06767794632438741,False
CAAGGTAAGTTGTCAA-1,4758.0,2232,12.211013,0.07963446475195822,False
CAAGGTTTCAAGCGCC-1,2975.0,1520,17.579832,0.0594961586564231,False
CAAGGTTTCAGAAACG-1,3062.0,1610,13.618549,0.003370313158264289,False
CAAGGTTTCCCGCCTA-1,4669.0,2125,16.94153,0.04336283185840707,False
CAAGGTTTCCTTGCGT-1,5488.0,2528,8.746356,0.08931947069943286,False
CAAGGTTTCTACTAAG-1,5763.0,2264,4.3727226,0.07963446475195822,False
CAAGTAACAACAGGAT-1,9627.0,3408,12.423392,0.02093531923757942,False
CAAGTAACAAGTGTCC-1,3397.0,1633,18.516338,0.029868868382710054,False
CAAGTAACAATCCTGA-1,3080.0,1666,8.798701,0.08427729950158584,False
CAAGTAACACAACAGG-1,3782.0,1709,9.994712,0.11472602739726025,False
CAAGTAACACATGCTA-1,8355.0,3397,10.556553,0.27434679334916884,True
CAAGTAACACTGGCTG-1,6057.0,2783,4.9859667,0.0580168776371308,False
CAAGTAACAGAGGCTA-1,3284.0,1675,9.744214,0.04040833687792429,False
CAAGTAACAGGAACAT-1,3171.0,1673,2.712078,0.032023106869270374,False
CAAGTAACAGTATGTT-1,4565.0,2203,11.237678,0.02785286167587261,False
CAAGTAACAGTTTGTG-1,5275.0,2112,6.464455,0.13184713375796173,False
CAAGTAACATACTCCT-1,3217.0,1648,7.056264,0.02476572958500669,False
CAAGTAACATGTCAAT-1,4971.0,2282,11.285456,0.03354324636936127,False
CAAGTAACATTGTGTG-1,5251.0,2126,11.102648,0.009001703024896602,False
CAAGTATGTATTGTGG-1,4481.0,2039,6.672618,0.09200676165177493,False
CAAGTATGTCTTTATG-1,3393.0,1795,3.8019452,0.03513620213185945,False
CAAGTATGTGCTGTAA-1,3034.0,1659,11.10745,0.018496420047732696,False
CAAGTATGTGGACCTG-1,4604.0,2092,12.706343,0.12281757977122211,False
CAAGTATGTGGAGCAA-1,2732.0,1387,11.969254,0.005587424569768309,False
CAAGTATGTTCATTTG-1,4368.0,1952,13.736264,0.02785286167587261,False
CAAGTATGTTTGGCGG-1,4032.0,1844,11.5079365,0.032023106869270374,False
CAAGTGAAGAAGCTAG-1,8051.0,3147,10.768848,0.08674531575294935,False
CAAGTGAAGATGGACA-1,1013.0,640,19.249754,0.03767403767403767,False
CAAGTGAAGCACCACA-1,2398.0,1379,9.799833,0.0580168776371308,False
CAAGTGAAGCACTTGG-1,4599.0,2123,9.088933,0.03433029908972692,False
CAAGTGAAGCGTGCAC-1,3160.0,1562,6.6772156,0.14198782961460438,False
CAAGTGAAGCTGTCAG-1,4240.0,2020,6.3207545,0.01626867091618305,False
CAAGTGAAGGCTACTG-1,2223.0,1243,13.045435,0.02251286449399657,False
CAAGTGAAGGGCCACT-1,6043.0,2702,12.212477,0.09775195756504167,False
CAAGTGAAGGTGCTGC-1,2819.0,1502,10.145441,0.06260387811634349,False
CAAGTGAAGTTGTCTT-1,3362.0,1642,9.904819,0.0594961586564231,False
CAAGTTATCCAGGTTG-1,1534.0,748,18.774445,0.02476572958500669,False
CAAGTTATCCGCACAA-1,3725.0,1960,8.778523,0.02042921997523731,False
CAAGTTATCCGGCTAA-1,8374.0,3205,11.858132,0.009630422256975885,False
CAAGTTATCTGTGCAG-1,5432.0,2182,5.5044184,0.039473684210526314,False
CAATAAGCAAGCCAGA-1,4167.0,1748,5.7355413,0.04040833687792429,False
CAATAAGCAATAGCCC-1,4948.0,2058,9.539207,0.05519591141396934,False
CAATAAGCAATGAAGC-1,3817.0,1804,12.287136,0.09200676165177493,False
CAATAAGCACCAACCG-1,3518.0,1799,7.7600913,0.09775195756504167,False
CAATAAGCACCTAATG-1,10275.0,3498,9.012166,0.0077983458054352115,False
CAATAAGCACGAACAG-1,4701.0,1798,7.891938,0.04440125579309313,False
CAATAAGCACGTGCTG-1,4393.0,2051,12.041884,0.02657921988263721,False
CAATAAGCAGCTTAGC-1,2734.0,1446,12.289686,0.005071664829106946,False
CAATAAGCATAGACCC-1,6707.0,2653,9.288803,0.08427729950158584,False
CAATAAGCATCAGTAT-1,8189.0,3252,11.259006,0.025357827115969796,False
CAATAAGCATTAGGTT-1,6228.0,2527,16.120745,0.04136742315426601,False
CAATAGCTCATGCTCC-1,567.0,365,25.044092,0.03277439024390243,False
CAATAGCTCCTAAATG-1,2978.0,1538,9.973136,0.04336283185840707,False
CAATAGCTCCTGGTGA-1,3290.0,1711,9.300912,0.05658418411489879,False
CAATATGTCAAACACC-1,4870.0,2244,6.7761807,0.010609632873021219,False
CAATATGTCACAGGAA-1,7102.0,2936,11.996621,0.15345821325648415,False
CAATATGTCAGTTCCC-1,12829.0,3895,6.3138204,0.006117362736953402,False
CAATATGTCCAGGAAA-1,3819.0,1888,5.655931,0.030570902394106814,False
CAATATGTCCGCATGA-1,8262.0,3202,9.586057,0.04546832373446498,False
CAATATGTCCGCCAAA-1,4055.0,1844,5.8199754,0.010946117946542214,False
CAATATGTCGCTTCTA-1,4475.0,2105,10.703911,0.023059434881455017,False
CAATCCCTCACTCAAA-1,1677.0,775,16.815742,0.03767403767403767,False
CAATCCCTCATCCTAT-1,6278.0,2625,11.24562,0.06949118986339338,False
CAATCCCTCATGACCG-1,3617.0,1806,14.4318495,0.04336283185840707,False
CAATCCCTCATGCCTC-1,3007.0,1556,9.876954,0.10082730093071354,False
CAATCCCTCCTTAAGA-1,8993.0,3389,8.039586,0.24437299035369767,True
CAATCCCTCTAACCTT-1,9105.0,3396,12.883032,0.02851033499643621,False
CAATCCCTCTAGCGAT-1,2628.0,1436,7.2298326,0.032023106869270374,False
CAATCCTGTATTGCAG-1,3941.0,1970,9.794469,0.11866393202461177,False
CAATCCTGTATTGTCC-1,4476.0,2108,8.154602,0.04040833687792429,False
CAATCCTGTCACCTAT-1,3481.0,1628,18.241884,0.013079455467568288,False
CAATCCTGTCATAACG-1,7406.0,3081,8.412098,0.029182178455626276,False
CAATCCTGTCGTTACT-1,3384.0,1820,8.835697,0.004569522013490969,False
CAATCGCCAATAACCT-1,3401.0,1734,11.408409,0.02093531923757942,False
CAATCGCCACAGCCAT-1,4753.0,2023,6.4169993,0.05658418411489879,False
CAATCGCCACCATATG-1,8292.0,3269,12.674867,0.024185532854776367,False
CAATCGCCAGTAGCCT-1,3100.0,1566,6.903226,0.047693266832917705,False
CAATCGCCATTCCTCG-1,3792.0,1833,6.962025,0.06423741547708492,False
CAATCTAAGCTAAGTC-1,2773.0,1330,12.549585,0.052544613350958363,False
CAATCTAAGGAACCGG-1,4289.0,1900,21.123806,0.09200676165177493,False
CAATCTAAGGTGTTAC-1,2234.0,1245,9.758281,0.015430655569063874,False
CAATCTAAGTCACCTC-1,3321.0,1693,11.803674,0.021976855292493894,False
CAATCTAAGTCGCTAG-1,3834.0,1955,7.6943135,0.01584606677985286,False
CAATGAACAAAGCTCC-1,2634.0,1422,9.263477,0.014620689655172414,False
CAATGAACAAGTTATC-1,3740.0,1852,11.31016,0.04440125579309313,False
CAATGAACACCCTCAC-1,4821.0,2193,7.488073,0.08931947069943286,False
CAATGAACATAAGGAC-1,3528.0,1759,6.2358274,0.05004812319538016,False
CAATGAACATAATCGT-1,5167.0,2298,15.289336,0.06949118986339338,False
CAATGAACATAATTGC-1,2257.0,1202,17.412495,0.008391273076000958,False
CAATGACTCAAACCGT-1,2674.0,1446,9.424084,0.009313725490196078,False
CAATGACTCACCAATA-1,6835.0,2612,15.303585,0.032023106869270374,False
CAATGACTCCCTGGAA-1,1320.0,686,18.939394,0.03354324636936127,False
CAATGACTCCTAGTTT-1,10005.0,3454,9.375312,0.03128880059597715,False
CAATGACTCGGTCATG-1,2939.0,1544,10.309629,0.004080463884315269,False
CAATGACTCGGTTCCT-1,5646.0,2333,14.488133,0.021451104100946368,False
CAATGACTCTAAGTCA-1,2094.0,1170,6.446991,0.08931947069943286,False
CAATGACTCTACTAAG-1,4456.0,2025,15.664273,0.07332101047443006,False
CAATGACTCTCGCCCA-1,8986.0,3333,10.137992,0.023059434881455017,False
CAATGACTCTGTAAGC-1,3261.0,1718,5.427783,0.11866393202461177,False
CAATGACTCTTGGATA-1,2854.0,1463,6.3770146,0.0594961586564231,False
CAATGCCCAAACTCAT-1,6234.0,2673,8.501764,0.1367661528369957,False
CAATGCCCAAACTGCC-1,3569.0,1758,8.041469,0.07534533277521976,False
CAATGCCCAAAGCCTC-1,4244.0,1945,9.872762,0.0580168776371308,False
CAATGCCCAGAAATGC-1,3223.0,1644,10.890475,0.03596164091635589,False
CAATGCCCAGGATTAA-1,10560.0,3601,18.47538,0.06102433708681438,False
CAATGCCCATGTTTGG-1,4586.0,2062,12.320105,0.029868868382710054,False
CAATGCCCATTAGGTT-1,5411.0,2347,10.608021,0.05004812319538016,False
CAATGTCAGTTAGGCT-1,2550.0,1439,5.882353,0.0058505850585058505,False
CAATGTGGTAACTACG-1,8220.0,3163,13.746959,0.025357827115969796,False
CAATGTGGTAAGGTCC-1,4386.0,2063,14.546284,0.10405083399523428,False
CAATGTGGTGTGAGAG-1,4179.0,2069,17.133286,0.06592776609975157,False
CAATGTGGTTTAACGG-1,3230.0,1709,7.4303403,0.06949118986339338,False
CACAAGCGTAAACAAG-1,4280.0,2085,11.471963,0.04546832373446498,False
CACAAGCGTCGACTCC-1,2200.0,1275,6.727273,0.02851033499643621,False
CACAAGCGTCTAACAG-1,12037.0,4072,13.632965,0.19910313901345295,True
CACAAGCGTGAATCGC-1,2775.0,1462,12.972973,0.03433029908972692,False
CACAAGCGTGACATAT-1,2838.0,1408,9.408033,0.03128880059597715,False
CACAAGCGTGCCTCAC-1,3381.0,1729,7.335108,0.03767403767403767,False
CACAAGCGTTACAAAC-1,3265.0,1619,8.667687,0.09200676165177493,False
CACAAGCGTTACGCGG-1,5736.0,2485,14.17364,0.047693266832917705,False
CACAAGCGTTCAAGAT-1,5282.0,2315,11.66225,0.04136742315426601,False
CACAAGCGTTGCTGGG-1,6167.0,2475,13.718178,0.008391273076000958,False
CACAATATCCCTGTTA-1,6013.0,2561,4.8395147,0.02851033499643621,False
CACAATATCGTCAAGT-1,3779.0,1918,9.023551,0.0038406827880512096,False
CACAATATCTAGCGTG-1,3297.0,1673,10.585381,0.08674531575294935,False
CACAATATCTCAATAG-1,3349.0,1737,8.450284,0.08190899001109879,False
CACAATATCTTCAATC-1,4286.0,2050,5.272982,0.19910313901345295,True
CACAGGCTCATGTCAA-1,3708.0,1814,10.760518,0.030570902394106814,False
CACAGGCTCCTGGTCT-1,5908.0,2455,4.2146244,0.021451104100946368,False
CACAGGCTCGGCCAGT-1,2986.0,1477,16.811789,0.01993253603189206,False
CACAGGGAGCCAGTAT-1,2794.0,1456,10.629921,0.09775195756504167,False
CACAGGGAGGTAAGCA-1,1890.0,1041,10.1587305,0.09200676165177493,False
CACAGGGAGTAAGTCC-1,8191.0,3434,9.571481,0.2919020715630885,True
CACAGGGAGTACTGGT-1,1993.0,1122,13.095835,0.025962195399681167,False
CACAGGGAGTAGGCGG-1,7852.0,3092,13.48701,0.08931947069943286,False
CACAGGGAGTCCTTCA-1,3301.0,1761,5.1802483,0.027209302325581396,False
CACATAATCAAGCTAC-1,20596.0,4939,7.0207806,0.09775195756504167,False
CACATAATCAATAGCC-1,3895.0,1814,13.607189,0.009001703024896602,False
CACATAATCATTGTTC-1,1951.0,1116,10.404921,0.07744826114785579,False
CACATAATCGTCCTTA-1,5061.0,2134,7.09346,0.10405083399523428,False
CACATAATCTCACTAT-1,9160.0,3110,8.864629,0.02251286449399657,False
CACATACAGAAAGGAA-1,2269.0,1219,11.679153,0.13184713375796173,False
CACATACAGAACCTGT-1,4202.0,2031,8.733936,0.10743353228431904,False
CACATACAGCTATATG-1,4759.0,1967,7.9638577,0.0594961586564231,False
CACATACAGGCATGAA-1,1846.0,1073,9.804983,0.09481481481481482,False
CACATACAGGGACTAA-1,5740.0,2485,11.428572,0.0580168776371308,False
CACATACAGTAACCAC-1,3521.0,1317,10.082363,0.03596164091635589,False
CACATACAGTATCGCG-1,4479.0,2049,9.868274,0.03680733450182013,False
CACATACAGTGTGATC-1,2985.0,1607,3.8860972,0.019445007089325502,False
CACATGCCAAGCTTTG-1,5117.0,2255,13.89486,0.04885375494071145,False
CACATGCCACCTCGCT-1,5861.0,2494,13.75192,0.05004812319538016,False
CACATGCCAGTACCGT-1,2877.0,1433,19.638514,0.06949118986339338,False
CACATTAAGCATCCAG-1,4251.0,1980,9.997647,0.06767794632438741,False
CACATTAAGCTAAAGG-1,6969.0,2825,9.398766,0.029868868382710054,False
CACATTAAGCTTAACA-1,4853.0,2003,6.4908304,0.06767794632438741,False
CACATTAAGGATTGCT-1,3004.0,1497,18.508656,0.02251286449399657,False
CACATTAAGGCGCACT-1,1955.0,1185,9.769821,0.01713621841417369,False
CACATTAAGGCGCATC-1,3618.0,1752,10.0055275,0.06423741547708492,False
CACATTAAGTCCTGAG-1,3600.0,1829,6.3888893,0.10743353228431904,False
CACATTAAGTCGCAAT-1,3110.0,1659,7.7170415,0.12281757977122211,False
CACATTAAGTTAGAGG-1,5580.0,2456,11.326165,0.039473684210526314,False
CACATTAAGTTAGCTA-1,5010.0,2401,9.540918,0.04235191384078009,False
CACCAACCAAGCTAAA-1,3664.0,1811,8.842794,0.05519591141396934,False
CACCAACCACAACAAA-1,6405.0,2681,12.365339,0.05385002516356318,False
CACCAACCACTGGCTG-1,4279.0,2017,11.053985,0.04885375494071145,False
CACCGGTAGACTTACA-1,4880.0,2209,10.102459,0.01758155889822231,False
CACCGGTAGCATCCAG-1,1032.0,694,9.98062,0.08674531575294935,False
CACCGGTAGCCAGTAT-1,5479.0,2530,15.075743,0.0385625431928127,False
CACCGGTAGGACCAGG-1,8641.0,3199,9.85997,0.009951899154088572,False
CACCGGTAGTAACGAG-1,2858.0,1382,16.93492,0.03596164091635589,False
CACCGGTAGTCATGCG-1,2653.0,1401,9.423295,0.10082730093071354,False
CACCGGTAGTTAGTTG-1,2738.0,1558,9.167275,0.039473684210526314,False
CACCTCAGTAGGATTT-1,8077.0,3002,9.892287,0.007508212106992022,False
CACCTCAGTATTGTGG-1,2089.0,1110,10.531355,0.06423741547708492,False
CACCTCAGTCACAGCG-1,2742.0,1513,10.284464,0.023616881696916687,False
CACCTCAGTGTGCAAC-1,3325.0,1707,9.654136,0.09775195756504167,False
CACCTCAGTTCGGGAT-1,3064.0,1425,6.821149,0.03433029908972692,False
CACCTCAGTTTGCGAA-1,6418.0,2863,9.052664,0.19910313901345295,True
CACCTGTTCAATACGC-1,7373.0,2925,14.268276,0.019445007089325502,False
CACCTGTTCACACAGT-1,2615.0,1420,5.162524,0.047693266832917705,False
CACCTGTTCAGCACGC-1,3923.0,1939,10.859036,0.04336283185840707,False
CACCTGTTCCAGGTTG-1,6119.0,2630,12.828894,0.009313725490196078,False
CACCTGTTCCTCCATA-1,5363.0,2488,5.910871,0.01803488715876614,False
CACCTGTTCCTTCAAT-1,8516.0,3276,11.449037,0.029868868382710054,False
CACCTGTTCGGTTACG-1,2949.0,1616,4.747372,0.03680733450182013,False
CACCTGTTCGTTTCTG-1,3928.0,1695,10.565173,0.029182178455626276,False
CACGCAATCAAAGGCA-1,3126.0,1514,13.211772,0.06767794632438741,False
CACGCAATCAGTATTG-1,4261.0,2089,4.9988265,0.03680733450182013,False
CACGCAATCGGTTTGG-1,2779.0,1542,10.471393,0.005587424569768309,False
CACGCAATCGTAACGT-1,4027.0,1908,7.449714,0.047693266832917705,False
CACGCAATCTCACTAT-1,4137.0,1967,12.086053,0.03128880059597715,False
CACGCAATCTGGCAAT-1,1643.0,990,15.155204,0.010609632873021219,False
CACGCAATCTGTGCCT-1,4689.0,2077,5.2889743,0.09481481481481482,False
CACGCTAAGACAACAG-1,5153.0,2000,5.996507,0.02476572958500669,False
CACGCTAAGCGATAAG-1,4081.0,1991,7.1796126,0.023616881696916687,False
CACGCTAAGGAGGTTA-1,1244.0,724,23.151125,0.029868868382710054,False
CACGCTAAGTTACCGG-1,4379.0,2067,10.344828,0.04546832373446498,False
CACGCTAAGTTAGCCG-1,6006.0,2616,12.071262,0.04235191384078009,False
CACTAAGGTCCGCTGT-1,2799.0,1508,7.7884955,0.024185532854776367,False
CACTAAGGTCTAACAG-1,4957.0,2083,15.735324,0.019445007089325502,False
CACTAAGGTGAAACAA-1,9243.0,3413,10.245591,0.33380581148121885,True
CACTAAGGTTGGGTTA-1,927.0,723,1.1866236,0.27434679334916884,True
CACTAGCCAATAATGG-1,3993.0,1877,12.146256,0.03128880059597715,False
CACTAGCCACAGAACG-1,5546.0,2516,10.385863,0.03596164091635589,False
CACTAGCCACTAGCGT-1,8457.0,3363,7.8160105,0.3590909090909092,True
CACTAGCCAGCAACCT-1,4836.0,2291,8.705542,0.11472602739726025,False
CACTAGCCATTGCGGT-1,3829.0,1920,5.9545574,0.051277877258668406,False
CACTGACCAACTAGGG-1,3667.0,1841,12.653396,0.04546832373446498,False
CACTGACCACGTAATT-1,5016.0,2241,4.0869217,0.03277439024390243,False
CACTGACCACTGGCCA-1,4025.0,2002,9.31677,0.07963446475195822,False
CACTGACCACTTAGGC-1,5757.0,2614,7.8339415,0.21972656249999997,True
CACTGACCACTTGTTC-1,7970.0,3296,8.030113,0.38812042310821776,True
CACTGACCAGGACCAA-1,8159.0,3171,8.101482,0.01584606677985286,False
CACTGACCATCAATCG-1,3314.0,1664,11.074231,0.03596164091635589,False
CACTGACCATTAGCCA-1,9356.0,3458,8.839248,0.46131805157593153,True
CACTTAAAGCACAGAA-1,4158.0,1936,6.998557,0.07963446475195822,False
CACTTAAAGGTGAAAT-1,4842.0,2118,7.2490706,0.01803488715876614,False
CACTTTGTCACACAGT-1,7754.0,3128,7.3768377,0.006387832699619771,False
CACTTTGTCACTAAGC-1,12005.0,4135,10.512286,0.38812042310821776,True
CACTTTGTCCTTCTAG-1,11867.0,3934,5.056038,0.38812042310821776,True
CAGAACCGTATTACCC-1,9069.0,3287,9.84673,0.03680733450182013,False
CAGAACCGTCAATGTG-1,11166.0,3985,10.943937,0.31158455392809603,True
CAGAACCGTGCAATAT-1,2378.0,1233,8.284272,0.06592776609975157,False
CAGAACCGTTAGCCAA-1,2774.0,1490,9.120404,0.02657921988263721,False
CAGAATCTCAGAAACG-1,3625.0,1746,11.586207,0.08427729950158584,False
CAGAATCTCAGCCAAT-1,3932.0,2001,11.342828,0.011634922002930278,False
CAGAATCTCAGGAAGC-1,2680.0,1417,9.365672,0.046565237436606725,False
CAGAATCTCATTACAG-1,7987.0,3175,11.143107,0.38812042310821776,True
CAGAATCTCGTTCACC-1,4645.0,2198,6.501614,0.039473684210526314,False
CAGAATCTCTCCATGC-1,2224.0,1249,5.890288,0.052544613350958363,False
CAGAATCTCTTAGTGA-1,9386.0,3528,9.727253,0.27434679334916884,True
CAGATTCAGATGGACA-1,3594.0,1878,7.929883,0.029868868382710054,False
CAGCAAGCAATCCTAG-1,2772.0,1449,8.766233,0.07534533277521976,False
CAGCAAGCAATTAAGG-1,7427.0,3117,8.953817,0.24437299035369767,True
CAGCAAGCACTGACCG-1,7478.0,3233,10.470715,0.2919020715630885,True
CAGCATGTCAAGCTAC-1,8435.0,3187,6.8524013,0.2919020715630885,True
CAGCATGTCACGCATG-1,4420.0,1817,8.574661,0.02785286167587261,False
CAGCATGTCATAACCA-1,3404.0,1764,6.8155107,0.05385002516356318,False
CAGCATGTCCTCATGC-1,14913.0,4602,12.700328,0.12281757977122211,False
CAGCATTAGACACTTA-1,8233.0,3394,8.247297,0.24437299035369767,True
CAGCATTAGCCTTAAA-1,3190.0,1555,7.272727,0.015022255192878337,False
CAGCATTAGCGAGCGA-1,4132.0,1970,11.544046,0.023616881696916687,False
CAGCATTAGTCGCAAT-1,3002.0,1570,6.162558,0.014225788801750865,False
CAGCATTAGTGAACCT-1,1731.0,1002,5.430387,0.08674531575294935,False
CAGCCAATCCCATAGG-1,1794.0,1052,6.8561873,0.15977653631284908,False
CAGCCAATCGTTAGTA-1,8169.0,2982,11.568123,0.00666207213416035,False
CAGCCAATCTGCAACG-1,3935.0,1781,9.09784,0.0594961586564231,False
CAGCCAATCTTTGACT-1,3949.0,1721,4.8366675,0.07534533277521976,False
CAGCCTAAGCTATGAC-1,3513.0,1799,6.205522,0.06767794632438741,False
CAGCCTAAGCTCCTTA-1,5110.0,2451,11.135029,0.06767794632438741,False
CAGCCTAAGGCCTGGT-1,4160.0,2045,9.879807,0.04336283185840707,False
CAGCCTAAGGTTTGAC-1,2709.0,1444,13.436693,0.0077983458054352115,False
CAGCCTAAGTTTAACG-1,3088.0,1649,11.625648,0.015430655569063874,False
CAGCCTTTCAAACCTA-1,4228.0,1872,17.360455,0.047693266832917705,False
CAGCCTTTCATGAGCT-1,2598.0,1294,9.699769,0.08931947069943286,False
CAGCCTTTCTCACAAA-1,6088.0,2512,9.198423,0.01896638233818364,False
CAGCTAAGTGACATGC-1,1403.0,676,20.099787,0.019445007089325502,False
CAGCTAAGTGACCTGG-1,3031.0,1476,12.669086,0.032023106869270374,False
CAGCTAAGTGTGCACG-1,3458.0,1658,10.931174,0.010278265229380797,False
CAGCTAAGTTGCTGGG-1,4631.0,2097,11.423018,0.0594961586564231,False
CAGCTAAGTTGCTTCG-1,2042.0,1131,12.438786,0.029182178455626276,False
CAGCTAAGTTGTAACG-1,4780.0,2174,13.326361,0.08674531575294935,False
CAGCTATAGCCAGTAT-1,3858.0,1912,6.480041,0.010609632873021219,False
CAGCTATAGCTCCCTG-1,2943.0,1522,13.489636,0.10082730093071354,False
CAGCTATAGCTGGCTA-1,5340.0,2337,14.812735,0.07963446475195822,False
CAGCTATAGCTTAGTA-1,5854.0,2467,10.74479,0.05385002516356318,False
CAGCTATAGGCAACAA-1,5600.0,2401,12.142858,0.04235191384078009,False
CAGCTATAGGGTTATC-1,2579.0,1343,10.158977,0.10405083399523428,False
CAGCTATAGTACTGGT-1,7853.0,3055,12.173692,0.023059434881455017,False
CAGCTATAGTAGCTTA-1,3984.0,1987,11.87249,0.12720519962859794,False
CAGCTATAGTGAGCAA-1,2518.0,1297,10.961081,0.03354324636936127,False
CAGCTATAGTGATTCA-1,4233.0,2017,9.709426,0.03433029908972692,False
CAGCTATAGTTGGCCA-1,5514.0,2443,9.503083,0.025962195399681167,False
CAGCTATAGTTGTCCC-1,10934.0,3588,6.1093836,0.006387832699619771,False
CAGCTCAAGAACCTAC-1,1813.0,1088,12.686155,0.04546832373446498,False
CAGCTCAAGCCTGGTA-1,4058.0,1904,11.532775,0.052544613350958363,False
CAGCTCAAGGGTGAAC-1,4600.0,2348,6.3695655,0.02851033499643621,False
CAGCTCAAGTAGGCGG-1,5241.0,2411,8.509827,0.3590909090909092,True
CAGCTCAAGTGAACCT-1,5832.0,2366,5.761317,0.01234567901234568,False
CAGGAAGGTAACGTGC-1,1400.0,959,3.357143,0.046565237436606725,False
CAGGAAGGTAATGACT-1,3286.0,1652,11.046865,0.018496420047732696,False
CAGGAAGGTACCCACC-1,3634.0,1772,12.493121,0.009951899154088572,False
CAGGAAGGTCATCAAG-1,2775.0,1463,9.657658,0.0580168776371308,False
CAGGAAGGTCCAAGAC-1,5919.0,2591,8.565636,0.21972656249999997,True
CAGGAAGGTGAACAAA-1,4834.0,2103,10.467522,0.021451104100946368,False
CAGGAAGGTTAATCGG-1,4362.0,2028,12.654745,0.01713621841417369,False
CAGGAAGGTTATCCTA-1,4668.0,1963,6.9622965,0.15345821325648415,False
CAGGAAGGTTCTTTAG-1,3948.0,1912,8.257346,0.07332101047443006,False
CAGGAAGGTTGCACAA-1,2524.0,1281,13.193343,0.015430655569063874,False
CAGGAAGGTTGTAACG-1,4852.0,2046,9.810388,0.03596164091635589,False
CAGGACACAACAGGAT-1,3107.0,1692,9.430318,0.04885375494071145,False
CAGGACACAACCCTAA-1,3700.0,1778,10.324325,0.09481481481481482,False
CAGGACACAATTTAGC-1,4955.0,2257,12.330979,0.010946117946542214,False
CAGGACACACTAAATC-1,3664.0,1795,8.024017,0.04136742315426601,False
CAGGACACACTTAGGC-1,4155.0,1936,13.790613,0.052544613350958363,False
CAGGACACAGGCCTTG-1,2944.0,1615,4.0421195,0.046565237436606725,False
CAGGACACAGGGAGGA-1,3322.0,1675,7.344973,0.10405083399523428,False
CAGGACACAGTTTCTC-1,1577.0,1050,11.09702,0.046565237436606725,False
CAGGACACATGAATCT-1,3451.0,1709,9.388583,0.023059434881455017,False
CAGGACACATTGACAT-1,6722.0,2613,13.70128,0.03596164091635589,False
CAGGACACATTTGCTC-1,8065.0,3143,11.2337265,0.039473684210526314,False
CAGGACCTCACGTTAA-1,3347.0,1658,9.5608015,0.06767794632438741,False
CAGGACCTCATAACTG-1,3966.0,1851,12.985375,0.007508212106992022,False
CAGGACCTCCAAGTTA-1,2622.0,1450,9.000763,0.013837388079949352,False
CAGGACCTCCCGTTTA-1,5815.0,2553,12.863284,0.046565237436606725,False
CAGGACCTCCTGAGTG-1,5057.0,2445,8.463516,0.27434679334916884,True
CAGGACCTCGCAGGCT-1,1997.0,1147,12.769154,0.008694252133311868,False
CAGGACCTCGCTCACT-1,3136.0,1653,8.322704,0.08427729950158584,False
CAGGACCTCTCACACC-1,5663.0,2385,12.890694,0.06260387811634349,False
CAGGATGCACATACTG-1,3438.0,1811,9.62769,0.07963446475195822,False
CAGGATGCAGAAATTG-1,2414.0,1222,10.107705,0.14198782961460438,False
CAGGATGCATCCTGAA-1,4893.0,2161,9.809933,0.05658418411489879,False
CAGGCTATCACCGGTA-1,3369.0,1623,11.51677,0.014225788801750865,False
CAGGCTATCAGGAACA-1,3130.0,1557,7.252396,0.051277877258668406,False
CAGGCTATCCCGCCTA-1,6072.0,2605,8.860342,0.03513620213185945,False
CAGGCTATCCTGGTCT-1,3088.0,1636,7.221503,0.07744826114785579,False
CAGGCTATCGAAGTAG-1,2389.0,1260,9.460025,0.04336283185840707,False
CAGGCTATCGTACCGA-1,3787.0,1805,15.579614,0.07963446475195822,False
CAGGCTATCGTTAAGC-1,2678.0,1385,3.360717,0.0594961586564231,False
CAGGCTATCTTACTCG-1,2712.0,1535,7.4852505,0.008092668993970167,False
CAGGCTGGTAACCAGC-1,5369.0,2393,15.533619,0.04885375494071145,False
CAGGCTGGTAATGACT-1,4042.0,1945,10.390896,0.04885375494071145,False
CAGGCTGGTACGCGCA-1,3386.0,1575,6.704076,0.0053278081989048395,False
CAGGCTGGTCACAAAT-1,3600.0,1871,11.277778,0.023616881696916687,False
CAGGCTGGTCGCAAAC-1,5866.0,2622,10.347767,0.04440125579309313,False
CAGGCTGGTGCTTACT-1,9128.0,3636,9.881682,0.33380581148121885,True
CAGGCTGGTTAGCAGC-1,3134.0,1610,10.306318,0.02851033499643621,False
CAGGCTGGTTCACTGT-1,8575.0,3072,8.116618,0.02093531923757942,False
CAGGCTGGTTTGTCTA-1,4223.0,1861,6.2041206,0.07137096774193549,False
CAGGGCTTCAAGACTC-1,3446.0,1644,9.692397,0.18159203980099492,True
CAGGGCTTCAATGACC-1,5315.0,2183,7.130762,0.023616881696916687,False
CAGGGCTTCAATTGGC-1,5057.0,2169,16.82816,0.0580168776371308,False
CAGGGCTTCACGCGGT-1,4402.0,2035,15.515675,0.009951899154088572,False
CAGGGCTTCCAATTAG-1,2747.0,1481,3.6039314,0.024185532854776367,False
CAGGGCTTCCCATAGG-1,1636.0,955,11.002445,0.027209302325581396,False
CAGGGCTTCCCGAACA-1,4507.0,2113,10.93854,0.06102433708681438,False
CAGGGCTTCGCTTCTA-1,2298.0,1235,12.140992,0.06767794632438741,False
CAGGGCTTCGGGACTC-1,2693.0,1533,6.5354624,0.011634922002930278,False
CAGGGCTTCGTTATAG-1,2638.0,1373,16.41395,0.023616881696916687,False
CAGGGCTTCTGTGCCT-1,6291.0,2720,13.304721,0.2585915492957747,True
CAGGGTGAGGCGGGTA-1,3100.0,1576,7.225806,0.06949118986339338,False
CAGGGTGAGTTGCCTC-1,2584.0,1365,17.221363,0.06102433708681438,False
CAGGTCCAGCACAGGG-1,3936.0,1884,12.627032,0.03433029908972692,False
CAGGTCCAGCTAATTG-1,2513.0,1247,17.429367,0.006387832699619771,False
CAGGTCCAGCTTAACA-1,2185.0,915,4.6681924,0.039473684210526314,False
CAGGTCCAGGATTGCT-1,1932.0,912,17.080746,0.04546832373446498,False
CAGGTCCAGGCAATAG-1,2928.0,1601,4.474044,0.02042921997523731,False
CAGGTCCAGTTGGATC-1,4048.0,2089,7.139328,0.05519591141396934,False
CAGGTCCAGTTTGGGT-1,3272.0,1742,9.413203,0.01669865642994242,False
CAGGTGGAGCTTAGTA-1,3992.0,1926,15.656313,0.06260387811634349,False
CAGGTGGAGCTTATGA-1,3204.0,1671,11.828963,0.06423741547708492,False
CAGGTGGAGGACAACA-1,2353.0,1184,10.02975,0.05385002516356318,False
CAGGTGGAGGAGCAAC-1,3414.0,1709,14.001171,0.09775195756504167,False
CAGGTGGAGGAGCACG-1,8214.0,3176,7.998539,0.12720519962859794,False
CAGGTGGAGGCGCACT-1,6503.0,2777,12.840228,0.008391273076000958,False
CAGGTGGAGGCGCATC-1,8076.0,3199,12.890044,0.46131805157593153,True
CAGGTGGAGTTAGACC-1,3137.0,1655,9.180746,0.008391273076000958,False
CAGGTTAGTACCCACC-1,3052.0,1650,10.747051,0.04136742315426601,False
CAGGTTAGTAGGATTT-1,4081.0,1936,10.512129,0.12281757977122211,False
CAGGTTAGTATTGAGT-1,8173.0,3034,6.362413,0.007222179078978022,False
CAGGTTAGTCCAAATG-1,2958.0,1586,9.060176,0.02785286167587261,False
CAGGTTAGTCCCGAAG-1,4087.0,1866,5.5297284,0.02476572958500669,False
CAGGTTAGTTCCTCCT-1,7773.0,2996,9.249969,0.06423741547708492,False
CAGGTTAGTTTAACGG-1,10136.0,3614,12.855169,0.2919020715630885,True
CAGGTTTAGAATCGCT-1,4402.0,2017,12.471603,0.06767794632438741,False
CAGGTTTAGCCAAATC-1,4660.0,2057,8.369099,0.07534533277521976,False
CAGGTTTAGCTTAGTA-1,5184.0,2458,12.847222,0.14198782961460438,False
CAGGTTTAGTCGCAAT-1,3277.0,1710,13.121758,0.07137096774193549,False
CAGGTTTAGTTGTCCC-1,3127.0,1614,8.026863,0.0580168776371308,False
CAGTACCCAAAGCGGC-1,6267.0,2724,16.850168,0.27434679334916884,True
CAGTACCCAAGGTACG-1,6045.0,2595,10.355665,0.10405083399523428,False
CAGTACCCACTCAACA-1,4652.0,2162,10.705073,0.06423741547708492,False
CAGTATGGTATGTGGC-1,4565.0,1992,5.3012047,0.10405083399523428,False
CAGTATGGTATTTGGG-1,5417.0,2447,11.371608,0.03767403767403767,False
CAGTATGGTCATGAGC-1,4164.0,1949,11.527377,0.013837388079949352,False
CAGTATGGTCCGTAGG-1,3760.0,1876,8.271276,0.007222179078978022,False
CAGTATGGTCTTTATG-1,4272.0,2096,6.1563673,0.02657921988263721,False
CAGTATGGTGCCGCAA-1,8417.0,3285,5.548295,0.004569522013490969,False
CATAACGGTCGCATAA-1,5542.0,2272,6.8567305,0.03128880059597715,False
CATAACGGTGGACATC-1,7124.0,2929,7.018529,0.31158455392809603,True
CATAAGCTCAAAGGCA-1,4557.0,2053,13.8907175,0.06949118986339338,False
CATAAGCTCAGCACCA-1,2143.0,1288,3.4997668,0.03433029908972692,False
CATAAGCTCGTCATTT-1,6336.0,2595,7.717803,0.2919020715630885,True
CATAAGCTCTAGCGTG-1,3085.0,1655,6.191248,0.039473684210526314,False
CATAAGCTCTCGCCTG-1,1500.0,923,3.0,0.024185532854776367,False
CATAAGCTCTGTAATG-1,3500.0,1654,12.714286,0.06102433708681438,False
CATAAGCTCTTAATGG-1,3290.0,1538,5.319149,0.08427729950158584,False
CATAAGCTCTTGGACG-1,2527.0,1427,7.597942,0.10743353228431904,False
CATAATCCAATCGCAC-1,4340.0,2029,7.3041477,0.03767403767403767,False
CATAATCCAATTATGC-1,2174.0,1219,9.659614,0.047693266832917705,False
CATAATCCAGTTAAAG-1,3200.0,1776,6.5,0.009630422256975885,False
CATAATGTCAGGTTTA-1,4778.0,2264,13.248221,0.07963446475195822,False
CATAATGTCCTTCAAT-1,3438.0,1748,5.5264688,0.05385002516356318,False
CATAATGTCGCAGGCT-1,224.0,180,14.732143,0.04440125579309313,False
CATAATGTCTAAGGAG-1,7188.0,2889,12.93823,0.02851033499643621,False
CATAATGTCTAAGGTC-1,2998.0,1618,11.107406,0.009313725490196078,False
CATAGACTCAGCACCA-1,3329.0,1759,10.904176,0.013455328310010764,False
CATAGACTCAGCACGC-1,6239.0,2655,13.479725,0.07963446475195822,False
CATAGACTCCCTGGAA-1,17237.0,5174,5.6332307,0.27434679334916884,True
CATAGACTCCGCAACA-1,6070.0,2693,10.807249,0.04546832373446498,False
CATAGACTCCTCACTA-1,3593.0,1707,10.492624,0.006940160394818014,False
CATAGACTCGTGCTTC-1,4096.0,1902,17.944336,0.04440125579309313,False
CATAGACTCTAAGGAG-1,2641.0,1359,5.982582,0.11098748261474266,False
CATAGACTCTCACTCA-1,3746.0,1710,7.8216763,0.06767794632438741,False
CATAGACTCTTGAGGT-1,3050.0,1728,5.967213,0.07534533277521976,False
CATAGACTCTTGTCCA-1,4190.0,2054,7.78043,0.029182178455626276,False
CATAGCTAGCAAGACA-1,3310.0,1599,9.425982,0.052544613350958363,False
CATAGCTAGCCATCAG-1,2972.0,1634,5.9219384,0.10082730093071354,False
CATAGCTAGCCTGGTA-1,3858.0,1854,6.6355624,0.0580168776371308,False
CATAGCTAGCGTGCGT-1,7763.0,3314,11.438876,0.31158455392809603,True
CATAGCTAGGTCGAGG-1,1498.0,720,10.413885,0.05385002516356318,False
CATAGCTAGGTCTTGG-1,8935.0,3401,12.512591,0.27434679334916884,True
CATAGCTAGTATCGCG-1,2592.0,1456,7.9475307,0.11866393202461177,False
CATAGCTAGTATGTGC-1,6418.0,2650,11.607978,0.024185532854776367,False
CATAGCTAGTCACTAA-1,8551.0,3421,9.460882,0.38812042310821776,True
CATAGCTAGTGGCGGA-1,4634.0,2251,13.141994,0.00666207213416035,False
CATAGGCGTAATCCCT-1,9056.0,3408,11.738074,0.5083682008368199,True
CATAGGCGTATTGTGG-1,2785.0,1350,8.689407,0.08931947069943286,False
CATAGGCGTGATGATT-1,2949.0,1441,3.3909802,0.07332101047443006,False
CATAGGCGTTAGGATT-1,7310.0,2919,7.797538,0.00481892523364486,False
CATAGGCGTTCCGGGA-1,3379.0,1709,8.907961,0.04235191384078009,False
CATAGGCGTTCGGTAA-1,3254.0,1522,12.814997,0.08931947069943286,False
CATAGGCGTTTATCGC-1,4756.0,2063,10.49201,0.0385625431928127,False
CATAGGCGTTTGTTGC-1,2645.0,1329,8.99811,0.19910313901345295,True
CATAGGTTCAGAAACG-1,3244.0,1680,8.076448,0.027209302325581396,False
CATAGGTTCAGGAAGC-1,3235.0,1705,7.820711,0.0053278081989048395,False
CATAGGTTCATTACAG-1,3208.0,1588,10.754364,0.032023106869270374,False
CATAGGTTCCCTGATC-1,3493.0,1665,9.5906105,0.05519591141396934,False
CATAGGTTCCTTTACG-1,5145.0,2258,9.776482,0.029868868382710054,False
CATAGGTTCGAGGAAC-1,8790.0,3247,10.511945,0.07744826114785579,False
CATAGGTTCGCAACAT-1,3070.0,1597,8.957655,0.0580168776371308,False
CATAGGTTCGCTATAA-1,6875.0,2655,17.672728,0.027209302325581396,False
CATAGGTTCGGGACTC-1,508.0,263,29.724411,0.0580168776371308,False
CATAGGTTCTGTGAGT-1,3083.0,1544,14.985403,0.10082730093071354,False
CATAGGTTCTTAGGGT-1,3503.0,1814,7.279475,0.014225788801750865,False
CATAGTCAGGTCCAAT-1,4959.0,2172,16.75741,0.04040833687792429,False
CATATCGCAAACTCAT-1,2362.0,1229,7.3666387,0.08931947069943286,False
CATATCGCAACAGGAT-1,3097.0,1669,8.588957,0.023059434881455017,False
CATATCGCAATAGTCT-1,4975.0,2283,11.839196,0.047693266832917705,False
CATATCGCACAAGCCT-1,6244.0,2911,6.2139654,0.025962195399681167,False
CATATCGCATAGCTTG-1,6613.0,2645,14.970512,0.03596164091635589,False
CATATCGCATCCAGGT-1,14851.0,4955,4.841425,0.2919020715630885,True
CATATCGCATCCATCT-1,3042.0,1635,8.514135,0.0594961586564231,False
CATATCGCATGCTCCC-1,2753.0,1416,9.662187,0.04235191384078009,False
CATATCGCATGTTGGC-1,3174.0,1626,8.664146,0.029868868382710054,False
CATATCGCATTGACAT-1,4542.0,2051,8.608542,0.03277439024390243,False
CATATCGCATTGCAGC-1,8168.0,3280,11.765427,0.019445007089325502,False
CATATCGCATTGTTGG-1,4397.0,2029,7.5506024,0.03596164091635589,False
CATCAATCAATGAATG-1,2523.0,1320,12.485137,0.07332101047443006,False
CATCAATCACTAAATC-1,5083.0,2031,4.4658666,0.23147675012774666,True
CATCAATCATAATCAC-1,3587.0,1654,5.2411485,0.04440125579309313,False
CATCAATCATGCTCCC-1,4206.0,1979,7.7032814,0.07332101047443006,False
CATCACACAAGGTAAC-1,12362.0,4000,10.564633,0.5083682008368199,True
CATCACACACAAAGCG-1,6420.0,2718,11.744549,0.06102433708681438,False
CATCACACATTAAACC-1,3563.0,1832,7.241089,0.01803488715876614,False
CATCAGCCAACTAACT-1,3077.0,1589,7.702307,0.14754098360655732,False
CATCAGCCAAGACTCC-1,7150.0,2816,4.307692,0.02657921988263721,False
CATCAGCCACTCAACA-1,6449.0,2755,11.815785,0.029868868382710054,False
CATCAGCCAGGTATTT-1,3513.0,1624,7.3441505,0.030570902394106814,False
CATCAGCCAGGTTACC-1,5969.0,2539,14.525045,0.01993253603189206,False
CATCAGCCATTAAGTC-1,2830.0,1504,11.024735,0.03767403767403767,False
CATCATAAGACACTTA-1,2377.0,1308,8.161549,0.011987491313412093,False
CATCATAAGCATTTCT-1,2274.0,1291,7.0800347,0.12281757977122211,False
CATCATAAGCTAATCA-1,4571.0,2138,6.3443446,0.01128783991790662,False
CATCATAAGGATCACT-1,5173.0,2270,7.4038277,0.05658418411489879,False
CATCATGCAAACGCGA-1,4006.0,1939,13.529706,0.009951899154088572,False
CATCATGCAAGCTTTG-1,2324.0,1245,9.29432,0.03680733450182013,False
CATCATGCAATGCCCG-1,5140.0,2269,10.1750965,0.06260387811634349,False
CATCATGCACCCACAG-1,3777.0,1959,8.657665,0.009630422256975885,False
CATCATGCACTTGTTC-1,5701.0,2477,9.945623,0.03767403767403767,False
CATCCCAGTAAGTCGC-1,3206.0,1600,9.669371,0.11866393202461177,False
CATCCCAGTCAATAGT-1,4706.0,2128,8.754781,0.03767403767403767,False
CATCCCAGTCTCAGCC-1,3782.0,1925,12.903225,0.02851033499643621,False
CATCCCAGTGCTCCGT-1,2684.0,1495,8.494784,0.02851033499643621,False
CATCCCAGTGTTAGCA-1,2498.0,1341,9.28743,0.12720519962859794,False
CATCCTCAGGACCGCT-1,3168.0,1695,5.776515,0.04885375494071145,False
CATCCTCAGGAGCAAC-1,3881.0,1809,5.7717085,0.011634922002930278,False
CATCCTCAGGAGCACG-1,3414.0,1785,11.130638,0.04235191384078009,False
CATCCTCAGGTGTTAC-1,6920.0,2732,5.549133,0.0594961586564231,False
CATCCTGGTAGTTAAC-1,3401.0,1691,9.61482,0.03128880059597715,False
CATCCTGGTCCGCTGT-1,3392.0,1721,11.851415,0.03680733450182013,False
CATCCTGGTTGGATAT-1,4541.0,2039,10.129927,0.03128880059597715,False
CATCCTGGTTGGCGTG-1,4434.0,2066,15.448804,0.03767403767403767,False
CATCCTGGTTTAGTCC-1,8096.0,3163,14.402173,0.025962195399681167,False
CATCCTTCAAATACCT-1,2539.0,1434,7.128791,0.07963446475195822,False
CATCCTTCAAATTCGT-1,4147.0,1933,16.879671,0.01234567901234568,False
CATCCTTCAGCAACCT-1,12591.0,3908,10.189817,0.047693266832917705,False
CATCCTTCATCCAGGT-1,7400.0,3082,7.3108106,0.12720519962859794,False
CATCCTTCATGTCGCG-1,4477.0,2063,13.290149,0.08190899001109879,False
CATCGCTTCATAATCG-1,3787.0,1969,11.513071,0.31158455392809603,True
CATCGCTTCCTCAGTC-1,4801.0,2123,6.8319097,0.05658418411489879,False
CATCGCTTCCTTAAGA-1,7650.0,3113,12.235294,0.027209302325581396,False
CATCGCTTCGCAAACT-1,3758.0,1776,8.621607,0.029868868382710054,False
CATCGCTTCGGCTATG-1,3401.0,1545,11.408409,0.03128880059597715,False
CATCGCTTCGTAACGT-1,2517.0,1450,7.23083,0.02851033499643621,False
CATCGCTTCTTGAGCG-1,3892.0,1906,12.8982525,0.09481481481481482,False
CATCGCTTCTTGTCCA-1,5722.0,2341,10.80042,0.02476572958500669,False
CATGAGGCAACAGCCT-1,3388.0,1766,13.105077,0.01234567901234568,False
CATGAGGCAACTAGCC-1,3289.0,1623,10.915173,0.03513620213185945,False
CATGAGGCAAGCTTAT-1,2501.0,1158,12.315074,0.03128880059597715,False
CATGAGGCAAGGGTTG-1,7482.0,2775,13.472334,0.00481892523364486,False
CATGAGGCATAACGGG-1,3384.0,1653,9.397163,0.025357827115969796,False
CATGAGGCATAGACTT-1,4816.0,2121,13.164452,0.046565237436606725,False
CATGAGGCATGTTGCA-1,3123.0,1603,8.389369,0.052544613350958363,False
CATGAGGCATTGTGCA-1,2608.0,1395,7.668712,0.04885375494071145,False
CATGCAAGTTTATCTG-1,3430.0,1569,6.268222,0.09200676165177493,False
CATGCAAGTTTGGGTA-1,3732.0,1764,8.360128,0.03596164091635589,False
CATGCATAGCGAGTAA-1,3718.0,1793,13.286713,0.02657921988263721,False
CATGCATAGCTTAGCG-1,4859.0,2289,12.039515,0.03354324636936127,False
CATGCATAGCTTCCCG-1,2684.0,1439,11.065574,0.015430655569063874,False
CATGCATAGGGCCATC-1,9314.0,3560,13.4743395,0.33380581148121885,True
CATGCATAGGGCTTTG-1,2723.0,1466,3.8560412,0.03277439024390243,False
CATGCATAGGTGAAAT-1,2391.0,1327,7.3609366,0.051277877258668406,False
CATGCATAGTCATTGA-1,2478.0,1243,7.465698,0.09481481481481482,False
CATGCATAGTGGACAA-1,4565.0,2116,13.384446,0.02251286449399657,False
CATGCATAGTGGCGGA-1,4605.0,1806,6.644951,0.04040833687792429,False
CATGCATAGTTTGGGT-1,3701.0,1749,7.8357196,0.11472602739726025,False
CATGCGCAGATGGACA-1,2598.0,1406,11.393379,0.02657921988263721,False
CATGCGCAGCGTGCGT-1,1843.0,1060,10.472056,0.024185532854776367,False
CATGCGCAGGGACTAA-1,8372.0,3365,13.3420925,0.38812042310821776,True
CATGCGCAGGTCCGTA-1,2939.0,1443,8.744471,0.008391273076000958,False
CATGCGCAGGTGAAGC-1,2013.0,907,19.622454,0.015430655569063874,False
CATGCGCAGTCATGCG-1,7472.0,2745,2.5428267,0.2919020715630885,True
CATGCGCAGTCTTGAA-1,3425.0,1649,5.3138685,0.006387832699619771,False
CATGCGGGTAGCTGGT-1,7227.0,2821,10.294728,0.023616881696916687,False
CATGCGGGTAGGATTT-1,6566.0,2722,13.036856,0.04546832373446498,False
CATGCGGGTAGGTTAT-1,6737.0,2792,14.694968,0.05658418411489879,False
CATGCGGGTCATGAGC-1,4118.0,1900,16.85284,0.06592776609975157,False
CATGCGGGTGCTGGTG-1,2760.0,1404,8.297101,0.10743353228431904,False
CATGCGGGTGGGAACA-1,2314.0,1313,8.902333,0.01803488715876614,False
CATGCGGGTTAAGTGT-1,3956.0,1802,15.141557,0.029868868382710054,False
CATGGCGGTAGTCAAT-1,5751.0,2414,10.81551,0.0594961586564231,False
CATGGCGGTAGTTACG-1,2810.0,1564,10.925267,0.032023106869270374,False
CATGGCGGTCATCCTG-1,6345.0,2685,13.301812,0.18159203980099492,True
CATGGCGGTCGTAATG-1,3409.0,1580,15.576415,0.02851033499643621,False
CATGGCGGTGTTGTGA-1,3682.0,1772,15.04617,0.04336283185840707,False
CATGGCGGTTACAACG-1,2680.0,1355,10.410447,0.1367661528369957,False
CATTATCTCAATCTCT-1,3063.0,1632,7.05191,0.05004812319538016,False
CATTATCTCAATGAGG-1,3829.0,1743,6.9208674,0.03596164091635589,False
CATTATCTCACAAGCT-1,3472.0,1699,9.792626,0.12281757977122211,False
CATTATCTCAGGTTTA-1,3192.0,1634,5.733083,0.02851033499643621,False
CATTATCTCATTATGG-1,5467.0,2274,11.1395645,0.030570902394106814,False
CATTATCTCCTGCGAA-1,6432.0,2630,10.525497,0.06260387811634349,False
CATTATCTCGCACAAT-1,3603.0,1938,6.1892867,0.008694252133311868,False
CATTATCTCGCCTAAG-1,347.0,288,7.204611,0.010946117946542214,False
CATTATGAGCAAGACA-1,2652.0,1497,4.5625944,0.019445007089325502,False
CATTATGAGCCGCAGT-1,2768.0,1374,12.030347,0.046565237436606725,False
CATTATGAGGCTACAT-1,4296.0,2062,11.010242,0.01128783991790662,False
CATTATGAGGGACCTC-1,5179.0,2381,3.4948833,0.04440125579309313,False
CATTATGAGTGCACGC-1,3113.0,1579,8.448442,0.17379145025968837,False
CATTATGAGTTCCCAC-1,5861.0,2595,14.229653,0.0385625431928127,False
CATTCATTCAAACACC-1,6510.0,2736,13.394777,0.039473684210526314,False
CATTCATTCAATACGC-1,11190.0,4012,8.150134,0.38812042310821776,True
CATTCATTCAGGCTAT-1,6567.0,2616,9.258413,0.039473684210526314,False
CATTCATTCCGCAAAT-1,3297.0,1788,5.0955415,0.029868868382710054,False
CATTCATTCGTAATCA-1,4880.0,2236,17.459017,0.06102433708681438,False
CATTCATTCTCACTCA-1,6109.0,2628,11.409396,0.03680733450182013,False
CATTCCTCAACAGGTG-1,2981.0,1505,5.434418,0.07744826114785579,False
CATTCCTCAATAACCT-1,7066.0,2883,14.138126,0.05519591141396934,False
CATTCCTCACCTCAGG-1,4355.0,1951,11.343284,0.02251286449399657,False
CATTCCTCACCTGGTG-1,4019.0,2010,5.7476983,0.07963446475195822,False
CATTCCTCAGAAATTG-1,5820.0,2579,14.536083,0.029868868382710054,False
CATTCCTCAGCTAATT-1,3402.0,1710,8.406819,0.08931947069943286,False
CATTCCTCATCACTTC-1,5411.0,2369,9.7763815,0.04136742315426601,False
CATTCCTCATCGCTCC-1,1101.0,722,13.169846,0.07744826114785579,False
CATTGCGAGACTTATG-1,2512.0,1435,6.0111465,0.07744826114785579,False
CATTGCGAGCACAGCC-1,3540.0,1789,9.887006,0.011634922002930278,False
CATTGCGAGCACTTGG-1,3166.0,1601,10.075806,0.004569522013490969,False
CATTGCGAGCATGGTT-1,3603.0,1825,8.270885,0.19910313901345295,True
CATTGCGAGGAACACA-1,9790.0,3670,11.532175,0.38812042310821776,True
CATTGCGAGGCGAAAC-1,3036.0,1567,3.096179,0.09200676165177493,False
CATTGCGAGTAAGAAC-1,3862.0,1909,9.658209,0.02785286167587261,False
CATTGCGAGTCATTTC-1,7915.0,3163,10.410613,0.051277877258668406,False
CATTGCGAGTGGCGGA-1,3307.0,1577,9.313578,0.030570902394106814,False
CATTGTAAGAGGAAGG-1,3261.0,1663,9.628948,0.05385002516356318,False
CATTGTAAGCCAGTAT-1,3669.0,1811,8.0130825,0.13184713375796173,False
CATTGTAAGCGCATTG-1,4082.0,1807,8.402744,0.05658418411489879,False
CATTGTAAGTAACCCG-1,973.0,720,2.877698,0.046565237436606725,False
CATTGTAAGTCAGGCC-1,6536.0,2708,15.988372,0.023059434881455017,False
CATTGTGCAAGGTCCT-1,5108.0,2346,5.6577916,0.025357827115969796,False
CATTGTGCAGGTTAAA-1,11775.0,4109,13.503185,0.27434679334916884,True
CATTGTGCAGTCTAAT-1,2188.0,1273,8.866545,0.07963446475195822,False
CATTGTGCATTAGCCA-1,8115.0,3214,10.314233,0.04336283185840707,False
CATTTGTTCAAGTGAG-1,3153.0,1539,11.830003,0.039473684210526314,False
CATTTGTTCACTCAAA-1,3760.0,1868,6.382979,0.09481481481481482,False
CATTTGTTCATGCTAA-1,7446.0,3057,14.101531,0.27434679334916884,True
CATTTGTTCCCGCAAA-1,3534.0,1761,9.111488,0.03277439024390243,False
CATTTGTTCCTAATGA-1,6640.0,2911,8.70482,0.33380581148121885,True
CATTTGTTCGAGGAGT-1,12571.0,4193,10.229895,0.03354324636936127,False
CATTTGTTCGCACACA-1,3328.0,1678,8.563702,0.05385002516356318,False
CATTTGTTCGGGACCT-1,2304.0,1268,7.2916665,0.03596164091635589,False
CATTTGTTCTAAATCG-1,3921.0,1761,16.398878,0.06949118986339338,False
CATTTGTTCTTAGGAC-1,6562.0,2640,10.697958,0.08931947069943286,False
CATTTGTTCTTGAGGT-1,2632.0,1240,5.319149,0.06260387811634349,False
CATTTGTTCTTGTCCA-1,3417.0,1662,6.2042727,0.05004812319538016,False
CCAAACCCAAGGTGCA-1,6738.0,2850,14.97477,0.09481481481481482,False
CCAAACCCAATTTAGC-1,3002.0,1564,12.891406,0.02851033499643621,False
CCAAACCCACCCACAG-1,3314.0,1579,7.1213036,0.052544613350958363,False
CCAAACCCACTGGCTG-1,7362.0,2919,7.5522957,0.052544613350958363,False
CCAAACCCACTTAACG-1,3423.0,1572,14.723927,0.06102433708681438,False
CCAAACCCAGGCGATA-1,1737.0,1023,16.062176,0.014620689655172414,False
CCAAACCCAGGCTAAG-1,3448.0,1748,8.932714,0.02251286449399657,False
CCAAACCCAGTCTAAT-1,3881.0,1897,9.997423,0.04136742315426601,False
CCAAACCCAGTTAAAG-1,7410.0,3052,9.581646,0.032023106869270374,False
CCAAACTAGAAACTGG-1,5507.0,2474,7.209007,0.046565237436606725,False
CCAAACTAGATAAAGC-1,4658.0,2070,11.356805,0.10405083399523428,False
CCAAACTAGCTCAATA-1,9965.0,3468,11.891621,0.01993253603189206,False
CCAAACTAGCTCATAA-1,6276.0,2549,10.181644,0.01896638233818364,False
CCAAACTAGCTTAGCG-1,3223.0,1601,9.649395,0.09481481481481482,False
CCAAACTAGGACCTCA-1,2977.0,1531,10.11085,0.06260387811634349,False
CCAAACTAGGTCATTA-1,3570.0,1806,10.112045,0.025962195399681167,False
CCAAATCAGACCATAC-1,14194.0,4450,15.182471,0.03354324636936127,False
CCAAATCAGATGCCTG-1,2858.0,1533,6.682995,0.06260387811634349,False
CCAAATCAGCCGCTTT-1,2126.0,1189,5.126999,0.03513620213185945,False
CCAAATCAGCGGTTAT-1,5467.0,2345,12.127309,0.03354324636936127,False
CCAAATCAGGTCTTGG-1,4083.0,1735,7.421014,0.06102433708681438,False
CCAACATAGACAGGCG-1,1790.0,1113,3.9106145,0.03277439024390243,False
CCAACATAGAGGCTAA-1,4169.0,1956,10.194291,0.046565237436606725,False
CCAACATAGGTCTTGG-1,3059.0,1554,10.395555,0.04040833687792429,False
CCAACATAGTACCGCA-1,1516.0,904,11.41161,0.01128783991790662,False
CCAACATAGTCAATTG-1,5233.0,2300,10.682209,0.05519591141396934,False
CCAACATAGTTATCTC-1,9826.0,3902,7.28679,0.2919020715630885,True
CCAACATAGTTTAACG-1,3205.0,1785,3.775351,0.06102433708681438,False
CCAACCAAGACACCGC-1,3150.0,1611,10.857142,0.032023106869270374,False
CCAACCAAGAGGGACT-1,2417.0,1307,13.280927,0.021451104100946368,False
CCAACCAAGCAAGACA-1,3529.0,1672,16.746954,0.00666207213416035,False
CCAACCAAGCGGTTAT-1,3575.0,1742,5.034965,0.014620689655172414,False
CCAACCAAGCTATTGA-1,3954.0,1832,13.834092,0.008092668993970167,False
CCAACCCGTAGCTAGC-1,4666.0,2104,10.351479,0.04235191384078009,False
CCAACCCGTAGGATTT-1,2794.0,1552,5.4402294,0.03277439024390243,False
CCAACCCGTAGGTTTG-1,9211.0,3692,6.535664,0.46131805157593153,True
CCAACCCGTAGTTACG-1,4812.0,2083,11.13882,0.014225788801750865,False
CCAACCCGTATTGGAT-1,1795.0,1033,12.92479,0.0580168776371308,False
CCAACCCGTCTTGCTG-1,3681.0,2056,13.094267,0.023059434881455017,False
CCAACCCGTGATCAGC-1,3645.0,1837,8.010974,0.047693266832917705,False
CCAACCCGTGGAAGGC-1,4619.0,2129,14.2022085,0.1367661528369957,False
CCAACCCGTTAGGCGT-1,13967.0,4723,13.761007,0.1367661528369957,False
CCAACCCGTTGCCTCA-1,13633.0,4101,12.704468,0.04885375494071145,False
CCAACCCGTTGTAAAC-1,2743.0,1486,3.0623405,0.06423741547708492,False
CCAACCCGTTGTGACA-1,2999.0,1474,13.604535,0.01896638233818364,False
CCAAGGCTCAATGTCA-1,2755.0,1613,3.84755,0.04336283185840707,False
CCAAGGCTCAGCACCA-1,8264.0,3283,8.869797,0.007508212106992022,False
CCAAGGCTCATAACGC-1,1788.0,1035,5.7606263,0.025357827115969796,False
CCAAGGCTCCAAATCA-1,2524.0,1353,10.974644,0.02785286167587261,False
CCAAGGCTCCAGGGAG-1,4457.0,2081,11.779223,0.03513620213185945,False
CCAAGGCTCGCAACAT-1,4830.0,2341,12.484472,0.02251286449399657,False
CCAAGGCTCGCGCTAA-1,5014.0,2332,8.815317,0.02851033499643621,False
CCAAGGCTCGTCAAGT-1,1580.0,828,16.455696,0.014620689655172414,False
CCAAGGCTCTCACACC-1,5159.0,2321,12.463656,0.07332101047443006,False
CCAAGTTAGACAGGCG-1,1997.0,1187,8.91337,0.007222179078978022,False
CCAAGTTAGACCATAC-1,6201.0,2640,8.885664,0.05658418411489879,False
CCAAGTTAGCCTAACG-1,15755.0,4325,10.403047,0.024185532854776367,False
CCAAGTTAGGTAAGCA-1,2695.0,1471,6.827458,0.01713621841417369,False
CCAAGTTAGTTCCTGC-1,2001.0,1170,8.645677,0.047693266832917705,False
CCAATATCAGGCGAGT-1,11803.0,4089,10.658307,0.2919020715630885,True
CCAATATCATGTTGCA-1,3958.0,1923,12.910562,0.08674531575294935,False
CCAATATCATTATGAC-1,2168.0,1120,8.948339,0.02785286167587261,False
CCACAATAGCGAGCGA-1,10685.0,4083,8.685073,0.2585915492957747,True
CCACAATAGGCCTAAT-1,3736.0,1936,6.12955,0.05385002516356318,False
CCACAATAGGCTATGT-1,9791.0,3537,11.725054,0.11472602739726025,False
CCACAATAGGGTGAGT-1,3463.0,1639,9.7892,0.03513620213185945,False
CCACACAAGCATGGTT-1,2190.0,1246,15.251142,0.04440125579309313,False
CCACACAAGGTCCGTA-1,3032.0,1594,8.080475,0.021976855292493894,False
CCACACAAGTAACTCA-1,8493.0,3311,8.242082,0.029182178455626276,False
CCACACAAGTTATCCT-1,8731.0,3534,8.716069,0.31158455392809603,True
CCACACAAGTTGGGCC-1,3533.0,1695,10.642513,0.025962195399681167,False
CCACAGGGTAACGAGG-1,3970.0,1805,10.629724,0.024185532854776367,False
CCACAGGGTATTGTCC-1,3809.0,1645,7.5872936,0.08931947069943286,False
CCACAGGGTCACACCC-1,3439.0,1781,9.566734,0.01626867091618305,False
CCACAGGGTCGCAAAC-1,5421.0,2441,11.824387,0.014225788801750865,False
CCACAGGGTGAACAAA-1,3565.0,1796,9.873774,0.07744826114785579,False
CCACAGGGTGTGTGGT-1,4631.0,1925,7.644137,0.07332101047443006,False
CCACAGGGTTCGCTTG-1,3226.0,1687,9.857409,0.13184713375796173,False
CCACATTGTATTTGGG-1,1128.0,596,29.60993,0.02851033499643621,False
CCACATTGTGAGGTGA-1,6127.0,2740,9.074588,0.31158455392809603,True
CCACATTGTGCTAGAC-1,6139.0,2344,5.245154,0.030570902394106814,False
CCACATTGTTAATGCG-1,3389.0,1761,8.084981,0.06949118986339338,False
CCACATTGTTCGGGAT-1,4747.0,2215,5.034759,0.04546832373446498,False
CCACTTGGTCACAGAC-1,5242.0,2411,11.46509,0.04440125579309313,False
CCACTTGGTTCCAGGG-1,3896.0,1886,5.056468,0.011634922002930278,False
CCACTTGGTTGCCTCA-1,3981.0,2058,8.339613,0.06260387811634349,False
CCAGACTCAAGGACCA-1,13860.0,4576,12.914864,0.2919020715630885,True
CCAGACTCACCTGCTC-1,9878.0,3194,8.685968,0.06260387811634349,False
CCAGACTCACTCAACA-1,4011.0,1845,10.321615,0.05385002516356318,False
CCAGACTCAGGAACAT-1,10155.0,3788,11.383555,0.3590909090909092,True
CCAGACTCAGGAACTG-1,132.0,97,12.878788,0.01896638233818364,False
CCAGACTCAGGCTACT-1,4475.0,2067,10.480447,0.06592776609975157,False
CCAGACTCATACCCGG-1,6118.0,2637,11.114743,0.010278265229380797,False
CCAGACTCATGAATCT-1,3273.0,1718,4.0941033,0.032023106869270374,False
CCAGACTCATGTCAAT-1,6286.0,2254,4.2793508,0.2919020715630885,True
CCAGACTCATTGACAT-1,4161.0,2059,9.372747,0.15977653631284908,False
CCAGCCTGTACTTCAC-1,3294.0,1745,7.255616,0.03767403767403767,False
CCAGCCTGTGATGATT-1,6939.0,2915,10.635538,0.012709620476610766,False
CCAGCCTGTTAACGAT-1,3293.0,1764,5.8305497,0.008391273076000958,False
CCAGCCTGTTGTGATG-1,4708.0,2180,4.2268476,0.06423741547708492,False
CCAGCTAAGAGGAGGA-1,1522.0,1001,7.227332,0.02851033499643621,False
CCAGCTAAGGCTGTGC-1,1472.0,853,10.80163,0.05004812319538016,False
CCAGCTAAGTTCCCGT-1,3240.0,1664,8.580247,0.07137096774193549,False
CCAGCTAAGTTCCTCA-1,3991.0,1972,10.598847,0.07534533277521976,False
CCAGCTAAGTTTCCTG-1,171.0,138,8.77193,0.010278265229380797,False
CCAGCTGCAAGGTAAC-1,5286.0,2497,4.161937,0.021976855292493894,False
CCAGCTGCAGCTCATA-1,2595.0,1409,7.5529866,0.006117362736953402,False
CCAGCTGCATAAGCAA-1,4924.0,2203,8.590577,0.03128880059597715,False
CCAGCTGCATTAAAGG-1,2763.0,1515,4.5602603,0.012709620476610766,False
CCAGGAACAATCCCTT-1,5226.0,2355,7.730578,0.09481481481481482,False
CCAGGAACACACAATT-1,6263.0,2672,9.883443,0.09200676165177493,False
CCAGGAACAGCCAGAA-1,3052.0,1567,9.174312,0.011634922002930278,False
CCAGGAACATAAGTCT-1,6484.0,2869,6.153609,0.38812042310821776,True
CCAGGATGTCCGTAGG-1,3959.0,1693,5.481182,0.051277877258668406,False
CCAGGATGTGCTTACT-1,3159.0,1618,9.243432,0.02851033499643621,False
CCAGGATGTTAACACG-1,2810.0,1569,8.790035,0.0385625431928127,False
CCAGGATGTTAGGCGT-1,4231.0,1989,12.101158,0.03277439024390243,False
CCAGGATGTTTGGGCG-1,4736.0,2280,7.7702703,0.01626867091618305,False
CCAGTTTGTACTGATG-1,5846.0,2234,9.391037,0.01713621841417369,False
CCAGTTTGTGAGAAAC-1,9062.0,3246,16.045023,0.421792618629174,True
CCAGTTTGTGCATTAG-1,3224.0,1607,8.901985,0.07963446475195822,False
CCAGTTTGTGTTTGTC-1,3764.0,1984,6.5887356,0.007508212106992022,False
CCATAAATCAATCTCT-1,3110.0,1648,6.688103,0.05658418411489879,False
CCATAAATCACAGGAA-1,2337.0,1241,13.478819,0.03767403767403767,False
CCATAAATCACTTCAT-1,2782.0,1499,6.254493,0.13184713375796173,False
CCATAAATCATCAGTA-1,2348.0,1296,13.756389,0.04885375494071145,False
CCATAAATCCCTCAAC-1,2277.0,1221,16.688625,0.006117362736953402,False
CCATAAATCGGGACTC-1,3310.0,1554,10.755287,0.09481481481481482,False
CCATAAATCTGCAAAC-1,3221.0,1682,5.6814656,0.01669865642994242,False
CCATAAATCTGTGAGT-1,3474.0,1732,8.8082905,0.013455328310010764,False
CCATAAGGTAACCAGC-1,2097.0,1160,14.115403,0.04546832373446498,False
CCATAAGGTAACGTGC-1,9645.0,3887,11.124935,0.3590909090909092,True
CCATAAGGTCCGTGAG-1,5297.0,2437,10.0623,0.0385625431928127,False
CCATAAGGTCTATCGT-1,2822.0,1459,11.516655,0.004080463884315269,False
CCATAAGGTTAGTACG-1,3947.0,1815,11.857106,0.10743353228431904,False
CCATAAGGTTTAACGG-1,2661.0,1429,6.7267947,0.04040833687792429,False
CCATAAGGTTTGCTGT-1,4374.0,1990,6.881573,0.03354324636936127,False
CCATAATCAAACCTAT-1,2722.0,1340,4.555474,0.06102433708681438,False
CCATAATCAATTTGGT-1,5459.0,2239,9.690419,0.051277877258668406,False
CCATAATCAGCCAGTT-1,5595.0,2362,12.260947,0.06592776609975157,False
CCATAATCATAATTGC-1,3710.0,1872,4.0161724,0.02785286167587261,False
CCATAATCATGCTATG-1,3347.0,1689,7.5291305,0.025357827115969796,False
CCATAGCCAAACTGTT-1,10181.0,3981,11.216972,0.38812042310821776,True
CCATAGCCAAAGCTCC-1,4009.0,1996,5.038663,0.04136742315426601,False
CCATAGCCAAGGTGCA-1,1980.0,1069,9.191919,0.04235191384078009,False
CCATAGCCACTGACTA-1,3750.0,2037,8.026667,0.2919020715630885,True
CCATAGCCAGACAAAC-1,9484.0,3432,10.143399,0.27434679334916884,True
CCATAGCCAGTAGGAT-1,11024.0,3849,13.506894,0.10743353228431904,False
CCATAGCCATGGCCTG-1,3311.0,1612,9.543944,0.014620689655172414,False
CCATAGCCATGGTTAT-1,3265.0,1634,9.188361,0.039473684210526314,False
CCATAGCCATTAGGTT-1,4359.0,2031,9.47465,0.03354324636936127,False
CCATATTTCATGTTTC-1,5831.0,2383,4.8362203,0.05658418411489879,False
CCATATTTCTCCATGC-1,1909.0,1052,7.8575172,0.02657921988263721,False
CCATCACTCGAGGAGT-1,12622.0,3807,11.590874,0.039473684210526314,False
CCATCATGTAACCAGC-1,3754.0,1864,11.58764,0.03513620213185945,False
CCATCATGTATCTGGA-1,5076.0,2225,7.1710005,0.05004812319538016,False
CCATCATGTCCGTAGG-1,3929.0,1682,6.999236,0.14754098360655732,False
CCATCATGTGATTTGG-1,2081.0,1201,18.212397,0.046565237436606725,False
CCATCATGTGGTTCCC-1,2073.0,1212,5.547516,0.039473684210526314,False
CCATCATGTTACCGGG-1,3162.0,1616,10.784314,0.039473684210526314,False
CCATCATGTTCAAGAT-1,4756.0,2330,6.223717,0.006117362736953402,False
CCATTATTCATGGCTG-1,4256.0,1964,8.364662,0.11098748261474266,False
CCATTATTCCTTAGTT-1,7727.0,2988,7.506147,0.024185532854776367,False
CCATTATTCGCTATAA-1,2205.0,1254,8.027211,0.021976855292493894,False
CCATTGTGTAATCACG-1,15793.0,4581,7.1297407,0.06102433708681438,False
CCATTGTGTACTTAGG-1,5541.0,2250,7.50767,0.04040833687792429,False
CCATTGTGTCGCAATA-1,4436.0,2065,12.195672,0.021451104100946368,False
CCATTGTGTGCACGCA-1,4753.0,2226,11.655796,0.01713621841417369,False
CCATTGTGTGCTTAGA-1,6234.0,2684,8.838627,0.23147675012774666,True
CCATTGTGTTAAGTGT-1,2695.0,1392,10.983302,0.029868868382710054,False
CCATTGTGTTACCGGG-1,3109.0,1709,8.427147,0.03513620213185945,False
CCATTGTGTTACGCAA-1,5541.0,2365,7.8144736,0.03277439024390243,False
CCATTGTGTTCCGGGA-1,3550.0,1845,13.014084,0.01713621841417369,False
CCATTGTGTTTCGCCA-1,2194.0,1218,7.748405,0.018496420047732696,False
CCCAAACCAAAGGCCA-1,4133.0,1883,12.3639,0.01803488715876614,False
CCCAAACCAATCCTAG-1,3445.0,1753,9.69521,0.014225788801750865,False
CCCAAACCAATCTCTC-1,4011.0,1960,10.371479,0.006940160394818014,False
CCCAAACCACGTAATT-1,3750.0,1786,12.026667,0.03767403767403767,False
CCCAAACCAGCTACGT-1,4046.0,1835,12.160158,0.08190899001109879,False
CCCAAACCAGTCTAAT-1,4321.0,2004,4.9525576,0.04040833687792429,False
CCCAAACCAGTCTAGC-1,3904.0,1936,5.1741805,0.03433029908972692,False
CCCAAACCATCCATCT-1,3775.0,1805,7.443709,0.047693266832917705,False
CCCAAATAGCACAGCC-1,11142.0,4043,11.667564,0.31158455392809603,True
CCCAAATAGCCTGTTC-1,7230.0,2901,7.6071925,0.07137096774193549,False
CCCAAATAGGATAAAC-1,3344.0,1786,10.077751,0.029182178455626276,False
CCCAAATAGTCCTTCA-1,6488.0,2825,11.390259,0.029868868382710054,False
CCCAAATAGTTAGTTG-1,2483.0,1360,7.6117597,0.02476572958500669,False
CCCAAATAGTTATTCC-1,4557.0,2011,4.8057933,0.06423741547708492,False
CCCAACCGTAGCTGCG-1,5079.0,2291,13.526285,0.0594961586564231,False
CCCAACCGTATACTGG-1,4822.0,2143,9.207798,0.04546832373446498,False
CCCAACCGTCGAAGTC-1,4431.0,2012,11.442112,0.024185532854776367,False
CCCAACCGTCGCGCAA-1,6191.0,2620,11.403651,0.047693266832917705,False
CCCAACCGTGAGCACT-1,2891.0,1431,4.9463854,0.014620689655172414,False
CCCAACCGTGGAGCAA-1,3554.0,1771,7.3157005,0.09775195756504167,False
CCCAACCGTTAGTTGG-1,10598.0,3743,11.596528,0.11472602739726025,False
CCCAATTGTGGAAGGC-1,2601.0,1443,8.650519,0.03277439024390243,False
CCCAATTGTGGGAACA-1,10870.0,3888,10.625575,0.33380581148121885,True
CCCAATTGTGGTTATG-1,5924.0,2600,14.770426,0.02251286449399657,False
CCCAATTGTGTGCAAC-1,10952.0,3787,14.755295,0.38812042310821776,True
CCCAATTGTTAGCATG-1,5748.0,2492,7.776618,0.07137096774193549,False
CCCAATTGTTAGTACG-1,2451.0,1406,5.0999594,0.02476572958500669,False
CCCAATTGTTCACTGT-1,2868.0,1551,8.716876,0.03767403767403767,False
CCCAGCACAAACTAAG-1,11925.0,3855,8.486373,0.31158455392809603,True
CCCAGCACAATGCCTA-1,6801.0,2733,10.4690485,0.06592776609975157,False
CCCAGCACACCTAAGC-1,4114.0,1986,9.4312105,0.07963446475195822,False
CCCAGCACAGGGAGCT-1,3909.0,1940,12.995651,0.01584606677985286,False
CCCAGCACATTGTCCT-1,4979.0,2181,7.491464,0.11866393202461177,False
CCCAGTTTCATTCATC-1,4552.0,2053,17.047451,0.010946117946542214,False
CCCAGTTTCCTTCTAG-1,9494.0,3825,9.6903305,0.20897615708274905,True
CCCAGTTTCGCTCCAT-1,5302.0,2288,16.729536,0.052544613350958363,False
CCCAGTTTCTAATCCT-1,5163.0,2404,8.7546,0.31158455392809603,True
CCCAGTTTCTTGGACG-1,4978.0,2245,5.6448374,0.02657921988263721,False
CCCATAACAACAGCCT-1,3640.0,1756,9.120879,0.10082730093071354,False
CCCATAACAATGAATG-1,5468.0,2338,10.424287,0.01584606677985286,False
CCCATAACACGTTACA-1,2993.0,1495,13.765452,0.04885375494071145,False
CCCATAACAGCATGAG-1,2335.0,1293,14.432548,0.024185532854776367,False
CCCGCAACAAACCCTA-1,9010.0,3489,9.733629,0.3590909090909092,True
CCCGCAACAAATTGCT-1,4261.0,2009,6.899789,0.06423741547708492,False
CCCGCAACAATCCTAG-1,4767.0,2111,8.034403,0.04440125579309313,False
CCCGCAACACAATGTT-1,9259.0,3586,8.057026,0.5083682008368199,True
CCCGCAACACCGGCTA-1,3827.0,1849,7.995819,0.08190899001109879,False
CCCGCAACACCTGTAA-1,4915.0,2298,6.408952,0.047693266832917705,False
CCCGCAACAGCTAACC-1,3410.0,1732,11.290322,0.04885375494071145,False
CCCGCTTCAAACCCTA-1,2616.0,1351,10.970948,0.007222179078978022,False
CCCGCTTCAAACTCAT-1,3577.0,1720,13.950237,0.03354324636936127,False
CCCGCTTCAAGTTATC-1,5732.0,2439,14.846476,0.06949118986339338,False
CCCGCTTCAGCTAATT-1,4875.0,2070,10.830769,0.03680733450182013,False
CCCGCTTCAGGTATTT-1,3722.0,1798,9.699087,0.06767794632438741,False
CCCGCTTCAGTTATGT-1,3505.0,1869,7.018545,0.06423741547708492,False
CCCGCTTCATCAGTAT-1,2751.0,1440,11.995638,0.004080463884315269,False
CCCGCTTCATTAGCCA-1,8475.0,3211,10.513274,0.2585915492957747,True
CCCGCTTCATTGCGGT-1,8473.0,3333,9.866635,0.03767403767403767,False
CCCGCTTCATTGTGGC-1,7729.0,3194,8.52633,0.33380581148121885,True
CCCGTAAAGGACCGCT-1,2907.0,1559,5.366357,0.02785286167587261,False
CCCGTAAAGGGCTTTG-1,3173.0,1604,13.236685,0.01128783991790662,False
CCCGTAAAGTTAGAGG-1,3521.0,1593,13.8028965,0.03128880059597715,False
CCCGTAAAGTTGTCCC-1,1342.0,661,17.511177,0.023616881696916687,False
CCCGTTGTCAATGAGG-1,5060.0,2209,16.264822,0.06423741547708492,False
CCCGTTGTCATAACTG-1,7074.0,3050,7.124682,0.38812042310821776,True
CCCGTTGTCCAAGTGT-1,4026.0,1955,9.289618,0.08674531575294935,False
CCCGTTGTCCCTGACT-1,7133.0,2857,11.622039,0.0594961586564231,False
CCCGTTGTCGATCAGT-1,3521.0,1861,3.1241124,0.02093531923757942,False
CCCTAATGTCAATGTG-1,4276.0,2081,8.676333,0.18159203980099492,True
CCCTAATGTCCTTCTC-1,3401.0,1742,6.9979415,0.0385625431928127,False
CCCTAATGTTAGGCTA-1,8203.0,3141,15.408998,0.03354324636936127,False
CCCTAATGTTGGTTAG-1,6057.0,2571,13.538055,0.08931947069943286,False
CCCTCACCAACTAGCC-1,3101.0,1633,6.965495,0.04546832373446498,False
CCCTCACCACAATACT-1,9118.0,3582,11.438912,0.015430655569063874,False
CCCTCACCACTAAGCC-1,2526.0,1401,4.82977,0.023616881696916687,False
CCCTCACCAGAATGAC-1,6467.0,2731,13.684861,0.2919020715630885,True
CCCTCACCAGGTTCAC-1,3064.0,1633,6.723238,0.013837388079949352,False
CCCTCAGTCAATGTCA-1,4641.0,2169,12.949796,0.07137096774193549,False
CCCTCAGTCACATTGA-1,5645.0,2356,6.448184,0.09775195756504167,False
CCCTCAGTCCATAAGC-1,3195.0,1670,6.071987,0.04040833687792429,False
CCCTCAGTCCCGCATT-1,4591.0,2036,12.459159,0.039473684210526314,False
CCCTCAGTCCTAAATG-1,2503.0,1469,4.834199,0.07963446475195822,False
CCCTCAGTCCTTAATC-1,3847.0,1991,5.6667533,0.014225788801750865,False
CCCTCAGTCGAGGAGT-1,6299.0,2578,14.002223,0.03767403767403767,False
CCCTCAGTCGCACACA-1,2169.0,1234,11.987091,0.011634922002930278,False
CCCTCAGTCTCACTCA-1,4738.0,2155,7.0704937,0.015022255192878337,False
CCCTCAGTCTGGCAAT-1,2711.0,1475,7.0822573,0.08190899001109879,False
CCCTCATAGCATTAGC-1,3182.0,1733,2.8598366,0.03596164091635589,False
CCCTCATAGCTGTAAC-1,3700.0,1799,11.324325,0.07534533277521976,False
CCCTCATAGGAAGCAC-1,2744.0,1476,9.402332,0.07137096774193549,False
CCCTCATAGTTCCCAC-1,2625.0,1476,7.2761908,0.0058505850585058505,False
CCCTCATAGTTGGGCC-1,3657.0,1798,11.4574795,0.08674531575294935,False
CCCTGGACACAGCCAT-1,4301.0,1802,6.626366,0.04136742315426601,False
CCCTGGACACCTCACC-1,3422.0,1787,11.513735,0.04040833687792429,False
CCCTGGACAGCTAATT-1,5461.0,2267,6.061161,0.05658418411489879,False
CCCTGGACAGGATTAA-1,2894.0,1438,11.7484455,0.01669865642994242,False
CCCTGGACAGGCGAGT-1,3536.0,1600,11.368778,0.03433029908972692,False
CCCTGTTAGAGGGACT-1,2859.0,1513,9.968521,0.008092668993970167,False
CCCTGTTAGCACAGAA-1,6679.0,2956,8.953437,0.02251286449399657,False
CCCTGTTAGCACTTGG-1,3954.0,1566,9.0288315,0.2919020715630885,True
CCCTGTTAGCTTCCCG-1,5772.0,2532,6.999307,0.05385002516356318,False
CCCTGTTAGGACCTCA-1,251.0,170,11.155378,0.013455328310010764,False
CCCTGTTAGGTTACGT-1,2683.0,1373,7.3797984,0.05004812319538016,False
CCCTGTTAGTTGCGTG-1,8454.0,3363,8.776911,0.030570902394106814,False
CCCTTAATCAATGACC-1,2251.0,1267,14.571301,0.01896638233818364,False
CCCTTAATCATTGTTC-1,6107.0,2436,4.6831503,0.04235191384078009,False
CCCTTAATCCCGTTAC-1,4250.0,2013,9.058824,0.0594961586564231,False
CCCTTAATCCCTCAGT-1,6963.0,2752,15.137154,0.04546832373446498,False
CCCTTAATCGCAGGCT-1,3417.0,1560,13.345039,0.11866393202461177,False
CCCTTAATCGCCTGTT-1,5393.0,2411,11.440756,0.2585915492957747,True
CCGACAGGTACTTAGG-1,3843.0,1877,7.468124,0.01669865642994242,False
CCGACAGGTCATCATC-1,8568.0,3250,13.02521,0.31158455392809603,True
CCGACAGGTCCTTAGT-1,6835.0,2749,14.103878,0.03596164091635589,False
CCGACAGGTCCTTCAG-1,9215.0,3450,7.4226804,0.46131805157593153,True
CCGACAGGTCGTAATG-1,4971.0,2169,17.01871,0.05385002516356318,False
CCGACAGGTTCAAGAT-1,2123.0,1144,9.420631,0.05385002516356318,False
CCGATGCAGACAGGCG-1,5753.0,2529,8.308708,0.07963446475195822,False
CCGATGCAGCAACATC-1,2633.0,1357,9.912647,0.03433029908972692,False
CCGATGCAGCCTGTGA-1,3114.0,1446,9.698137,0.04440125579309313,False
CCGATGCAGCGATAGA-1,2571.0,1435,1.8280824,0.0077983458054352115,False
CCGATGCAGCTAAGTC-1,3863.0,1954,9.914574,0.23147675012774666,True
CCGATGCAGGATTGAG-1,6254.0,2414,22.177807,0.01128783991790662,False
CCGATGCAGGCCATCA-1,3085.0,1554,8.265802,0.12281757977122211,False
CCGATGCAGGTCAAAG-1,5098.0,2285,10.847391,0.025962195399681167,False
CCGATGCAGTAATCCA-1,2107.0,1196,8.068343,0.04440125579309313,False
CCGCAAATCAAGCCTG-1,4137.0,1858,5.922166,0.11866393202461177,False
CCGCAAATCAGCACGC-1,5537.0,2424,8.307748,0.09775195756504167,False
CCGCAAATCATTTGTC-1,3443.0,1787,6.360732,0.05004812319538016,False
CCGCAAATCCCATAGG-1,1962.0,1062,16.106014,0.02657921988263721,False
CCGCAAATCCTAATGA-1,3442.0,1556,6.0139456,0.07744826114785579,False
CCGCAAATCGCATTAA-1,6203.0,2719,11.623408,0.07534533277521976,False
CCGCAAATCGTTACAA-1,7289.0,2840,9.754424,0.047693266832917705,False
CCGCAAATCTCCTCAA-1,2942.0,1489,10.944936,0.023059434881455017,False
CCGCAAGGTAGCTGCG-1,6325.0,2668,15.114625,0.025357827115969796,False
CCGCAAGGTCACGGAT-1,3486.0,1681,13.453815,0.052544613350958363,False
CCGCAAGGTCCAAATG-1,1810.0,1042,6.850829,0.04235191384078009,False
CCGCAAGGTGCAATAT-1,3164.0,1597,8.912769,0.05385002516356318,False
CCGCAAGGTGGACATC-1,4564.0,2053,16.476774,0.05519591141396934,False
CCGCAAGGTGGTGAGA-1,2211.0,1277,8.141112,0.03596164091635589,False
CCGCAAGGTTAGAGGG-1,4918.0,2236,7.9097195,0.09775195756504167,False
CCGCAAGGTTGCACGG-1,2792.0,1522,9.383954,0.02785286167587261,False
CCGCACACAACCCTAA-1,4268.0,2074,10.801312,0.04235191384078009,False
CCGCACACACAATGTT-1,5034.0,2234,9.475567,0.03128880059597715,False
CCGCACACACCCTCAC-1,6290.0,2651,5.2146263,0.09775195756504167,False
CCGCACACAGGACACA-1,7971.0,3164,6.3856483,0.052544613350958363,False
CCGCACACAGGCCATT-1,3001.0,1620,6.031323,0.01713621841417369,False
CCGCACACAGGTTAAA-1,3596.0,1735,10.261401,0.029868868382710054,False
CCGCACACATACCCGG-1,5789.0,2678,6.9096565,0.032023106869270374,False
CCGCACACATGAATAG-1,5289.0,2372,13.9913025,0.05385002516356318,False
CCGCACACATGAGTTT-1,2726.0,1517,4.475422,0.013455328310010764,False
CCGCACACATGTCAAT-1,3428.0,1737,8.168028,0.027209302325581396,False
CCGCCAACAAACTGCC-1,4830.0,2079,8.447206,0.02657921988263721,False
CCGCCAACAATCCTGA-1,4097.0,1946,8.616061,0.021976855292493894,False
CCGCCAACAGAATGAC-1,3353.0,1684,7.963018,0.04440125579309313,False
CCGCCAACAGTGAACG-1,2132.0,1244,10.459662,0.06102433708681438,False
CCGCCAACATAAGGAC-1,7172.0,2864,9.1606245,0.1665381649961449,False
CCGCCAACATTGACAT-1,4435.0,1939,8.703495,0.05519591141396934,False
CCGCTAAAGCAATAGG-1,3323.0,1721,8.727054,0.06592776609975157,False
CCGCTAAAGCAGGCCT-1,2947.0,1506,7.227689,0.06423741547708492,False
CCGCTAAAGCATGTCG-1,1989.0,1110,6.8376074,0.013837388079949352,False
CCGCTAAAGCGAGCGA-1,3707.0,1704,12.516861,0.02851033499643621,False
CCGCTAAAGCGATAAG-1,3296.0,1506,15.139564,0.06949118986339338,False
CCGCTAAAGCTAAGTC-1,6250.0,2674,9.584,0.05658418411489879,False
CCGCTAAAGGCCAATT-1,8696.0,3275,13.833946,0.27434679334916884,True
CCGCTAAAGGGCCACT-1,2996.0,1632,10.380507,0.05004812319538016,False
CCGCTAAAGTGGCGGA-1,2888.0,1429,12.119114,0.06260387811634349,False
CCGCTAGCAAACGCGA-1,3940.0,1854,12.360406,0.04885375494071145,False
CCGCTAGCAACGTGCT-1,3361.0,1826,7.676287,0.07332101047443006,False
CCGCTAGCAAGTTATC-1,2726.0,1502,5.5759354,0.03128880059597715,False
CCGCTAGCACAAAGCG-1,4004.0,1935,9.240759,0.08427729950158584,False
CCGCTAGCACCGGTAT-1,2714.0,1519,6.226971,0.05519591141396934,False
CCGCTAGCAGTTATCG-1,4144.0,1789,7.7220073,0.04336283185840707,False
CCGCTTAGTTACAAAC-1,6950.0,2799,11.395683,0.08931947069943286,False
CCGCTTAGTTACAACG-1,12195.0,4110,7.404674,0.08674531575294935,False
CCGCTTAGTTGCATCT-1,5852.0,2557,7.194122,0.021976855292493894,False
CCGGTAGGTGCAATGC-1,11894.0,3920,13.94821,0.07963446475195822,False
CCGGTAGGTGCACGCA-1,2095.0,1179,5.346062,0.08674531575294935,False
CCGGTAGGTGCATCGG-1,2382.0,1368,8.4802685,0.1665381649961449,False
CCGGTAGGTGGAGCAA-1,3929.0,1768,9.977094,0.03354324636936127,False
CCGGTAGGTGGCTTCC-1,2732.0,1408,14.348462,0.04136742315426601,False
CCGGTTAAGAACCTGT-1,3931.0,1930,8.954465,0.02476572958500669,False
CCGGTTAAGACACTTA-1,7027.0,3275,2.3338552,0.27434679334916884,True
CCGGTTAAGCCGCTAA-1,587.0,484,4.770017,0.0594961586564231,False
CCGGTTAAGCCTCTGT-1,5992.0,2776,7.3765016,0.31158455392809603,True
CCGGTTAAGCGCATTG-1,11474.0,4092,12.2625065,0.33380581148121885,True
CCGGTTAAGGAGCATA-1,3619.0,1655,6.8803535,0.08674531575294935,False
CCGGTTAAGGCCCAGT-1,5945.0,2588,12.918419,0.030570902394106814,False
CCGGTTAAGTAAAGGT-1,3086.0,1690,9.397278,0.02851033499643621,False
CCGGTTAAGTGAGGTA-1,10472.0,3942,9.195951,0.047693266832917705,False
CCGGTTAAGTTGTCCC-1,2873.0,1521,12.426036,0.015430655569063874,False
CCGTGCTGTAATCGCA-1,2559.0,1276,16.25635,0.00481892523364486,False
CCGTGCTGTATTGCAG-1,5363.0,2554,6.321089,0.2919020715630885,True
CCGTGCTGTCATGCAA-1,4961.0,2414,10.260029,0.31158455392809603,True
CCGTGCTGTCCGTAGG-1,1455.0,856,4.2611685,0.04885375494071145,False
CCGTGCTGTCGTTACT-1,2476.0,1493,4.321486,0.19910313901345295,True
CCGTGCTGTCTTGCTG-1,2855.0,1530,9.0367775,0.015022255192878337,False
CCGTGCTGTGCTTACT-1,3731.0,1829,12.463146,0.013837388079949352,False
CCGTGCTGTTAGAGGG-1,5826.0,2528,11.311362,0.018496420047732696,False
CCGTGCTGTTAGCTGA-1,6804.0,2666,10.097001,0.004569522013490969,False
CCGTTAACAAATGCCC-1,5909.0,2688,6.1600947,0.33380581148121885,True
CCGTTAACAATCCTGA-1,4539.0,2198,6.8296986,0.07137096774193549,False
CCGTTAACACCAGCAT-1,4236.0,1937,14.093484,0.03513620213185945,False
CCGTTAACAGGCAAGC-1,3323.0,1612,16.671682,0.07137096774193549,False
CCGTTAACAGTTTCTC-1,4061.0,1935,4.555528,0.07744826114785579,False
CCGTTAACATCAGTAT-1,9375.0,3569,8.202667,0.421792618629174,True
CCGTTAACATGCAACC-1,3127.0,1690,12.024304,0.021976855292493894,False
CCGTTAACATTGTGAT-1,4324.0,2077,8.580019,0.05658418411489879,False
CCGTTACTCAAGTGTC-1,11732.0,4388,9.214115,0.421792618629174,True
CCGTTACTCATGCCTC-1,2724.0,1442,10.499266,0.04336283185840707,False
CCGTTACTCCAGGGAG-1,2888.0,1495,7.3060946,0.07963446475195822,False
CCGTTACTCGAGCAAA-1,3111.0,1506,10.99325,0.06260387811634349,False
CCGTTACTCGTTAAGC-1,5745.0,2262,12.132289,0.008391273076000958,False
CCGTTACTCTATCGCC-1,4344.0,2057,11.970534,0.029182178455626276,False
CCGTTACTCTGGCAAT-1,6304.0,2893,6.3134522,0.2585915492957747,True
CCGTTACTCTGGTCCT-1,4872.0,2338,6.629721,0.03277439024390243,False
CCGTTACTCTTAGTCT-1,2986.0,1580,4.8559947,0.06767794632438741,False
CCGTTATGTAACCAGC-1,4719.0,2162,11.315957,0.0594961586564231,False
CCGTTATGTCAATACG-1,5895.0,2594,7.5487704,0.0580168776371308,False
CCGTTATGTCATTACC-1,3101.0,1625,7.803934,0.027209302325581396,False
CCGTTATGTGATCAGC-1,5201.0,2455,6.5756583,0.10405083399523428,False
CCGTTATGTGCAACTA-1,2234.0,1217,11.459266,0.008694252133311868,False
CCGTTATGTGCAATGC-1,4197.0,2002,9.030259,0.05658418411489879,False
CCGTTATGTTAAGCTG-1,4422.0,2072,16.892809,0.02657921988263721,False
CCGTTATGTTTCCACG-1,4772.0,2017,9.953897,0.08931947069943286,False
CCGTTATGTTTGAGCA-1,4686.0,2014,6.6367903,0.06102433708681438,False
CCGTTGCGTACGATTG-1,3838.0,1886,12.245961,0.046565237436606725,False
CCGTTGCGTACGTTTC-1,4538.0,2288,6.0819745,0.10743353228431904,False
CCGTTGCGTACTGAAT-1,2832.0,1518,9.216102,0.023059434881455017,False
CCGTTGCGTCCTTCTC-1,3946.0,1749,11.175875,0.021451104100946368,False
CCGTTGCGTGAGACTC-1,3583.0,1850,8.903154,0.019445007089325502,False
CCGTTGCGTGGATTCA-1,2024.0,1155,8.448616,0.08674531575294935,False
CCGTTGCGTTTGTCTA-1,2400.0,1298,8.5,0.12281757977122211,False
CCGTTTGGTCACAGAC-1,3726.0,1944,10.064412,0.03767403767403767,False
CCGTTTGGTCATGCAA-1,2221.0,1280,7.203962,0.06592776609975157,False
CCGTTTGGTCCACAAA-1,2811.0,1548,7.790822,0.06260387811634349,False
CCGTTTGGTCCGTAGG-1,8835.0,3164,11.284663,0.3590909090909092,True
CCGTTTGGTCGCAAAC-1,7007.0,2942,10.204082,0.03354324636936127,False
CCGTTTGGTGCCGCAA-1,3230.0,1678,5.386997,0.01626867091618305,False
CCGTTTGGTGTTAAAC-1,2595.0,1369,7.090559,0.052544613350958363,False
CCGTTTGGTTCACCAT-1,2623.0,1409,16.202822,0.0077983458054352115,False
CCGTTTGGTTCCTGTG-1,5981.0,2539,16.368502,0.05004812319538016,False
CCGTTTGGTTCGCTCA-1,7381.0,3063,8.616718,0.0077983458054352115,False
CCGTTTGGTTTGCAGA-1,1978.0,1105,10.161779,0.02785286167587261,False
CCTAAAGGTCAATACG-1,3038.0,1549,10.105332,0.04040833687792429,False
CCTAAAGGTCATAAGT-1,4336.0,2016,8.809963,0.04136742315426601,False
CCTAAATCAAGGTAAC-1,2654.0,1400,3.6548607,0.06423741547708492,False
CCTAAGCCAAATGCCC-1,3203.0,1639,9.491102,0.06102433708681438,False
CCTAAGGTCAAATCGC-1,2794.0,1546,9.627773,0.09775195756504167,False
CCTAAGGTCCCATAAA-1,3009.0,1538,6.31439,0.15977653631284908,False
CCTAAGGTCGCTATAA-1,6730.0,2826,9.257058,0.03433029908972692,False
CCTAAGGTCTGGCATG-1,8322.0,3338,10.598413,0.33380581148121885,True
CCTAAGTAGACTCGCA-1,3026.0,1599,13.978849,0.20897615708274905,True
CCTAAGTAGAGAAGGG-1,3034.0,1603,11.964403,0.025962195399681167,False
CCTAAGTAGCCTAATA-1,7368.0,3011,5.646037,0.11098748261474266,False
CCTAAGTAGGCTACAT-1,2602.0,1432,7.571099,0.0385625431928127,False
CCTAAGTAGGGACGCA-1,3479.0,1728,12.043691,0.04235191384078009,False
CCTAATAAGAACAAGT-1,2998.0,1567,9.673116,0.10743353228431904,False
CCTAATCGTCAGTAAT-1,2111.0,1270,4.8318334,0.029868868382710054,False
CCTAATCGTCATCAAG-1,2431.0,1311,7.322089,0.12281757977122211,False
CCTAATCGTCCTTTAA-1,3212.0,1587,9.495642,0.052544613350958363,False
CCTAATCGTTAAGCCA-1,2960.0,1734,1.2162162,0.04885375494071145,False
CCTAATCGTTTACTTG-1,5685.0,2442,11.169745,0.023059434881455017,False
CCTAATCGTTTGGTTC-1,373.0,252,15.281502,0.04136742315426601,False
CCTACTGGTGCAATAT-1,2426.0,1288,6.3478975,0.030570902394106814,False
CCTACTGGTGCCGCAA-1,7127.0,2793,10.060334,0.01669865642994242,False
CCTACTGGTTCGCGCT-1,7138.0,2818,6.4864106,0.11098748261474266,False
CCTACTGGTTGCGGAT-1,3046.0,1633,12.245568,0.052544613350958363,False
CCTACTTCAACTAGAA-1,4313.0,1989,9.04243,0.04440125579309313,False
CCTACTTCAAGTGTTT-1,3036.0,1532,8.728591,0.029182178455626276,False
CCTACTTCAATTTAGC-1,2290.0,1323,5.283843,0.10405083399523428,False
CCTACTTCAGAATGAC-1,9093.0,3450,12.064225,0.421792618629174,True
CCTACTTCAGTAGGAT-1,3826.0,1711,26.398329,0.01758155889822231,False
CCTACTTCATGTGGGA-1,2122.0,1177,14.938738,0.005071664829106946,False
CCTAGTTGTAATGGCC-1,3527.0,1571,3.3456194,0.023616881696916687,False
CCTAGTTGTACTTCAC-1,6096.0,2639,11.154856,0.0385625431928127,False
CCTAGTTGTAGTAAGA-1,4120.0,1997,13.155339,0.015430655569063874,False
CCTAGTTGTAGTTACG-1,7724.0,3102,6.9782495,0.33380581148121885,True
CCTAGTTGTGGATGTC-1,3964.0,1941,9.838547,0.015022255192878337,False
CCTAGTTGTTGGATCA-1,5100.0,2270,12.3529415,0.07744826114785579,False
CCTATAGCAGCACCAT-1,3925.0,1916,7.617834,0.030570902394106814,False
CCTATAGCAGTAAAGC-1,3700.0,1925,5.837838,0.025962195399681167,False
CCTATAGCAGTAAGTA-1,2625.0,1448,8.152381,0.014620689655172414,False
CCTATAGCAGTTGCGT-1,2475.0,1338,5.818182,0.14754098360655732,False
CCTATAGCAGTTTACG-1,3819.0,1885,6.5462165,0.12720519962859794,False
CCTATAGCATTAAGTC-1,4979.0,2308,13.094999,0.06949118986339338,False
CCTATATTCAAGTGTC-1,5299.0,2276,12.040008,0.03513620213185945,False
CCTATATTCACTCAAA-1,6913.0,2815,8.144076,0.23147675012774666,True
CCTATATTCCGGTTGA-1,5000.0,1987,5.6200004,0.20897615708274905,True
CCTATATTCCTAATAG-1,6730.0,2589,11.634473,0.032023106869270374,False
CCTATATTCCTTAGGG-1,2616.0,1442,6.5749235,0.052544613350958363,False
CCTATATTCGCTTCTA-1,5525.0,2630,3.891403,0.023059434881455017,False
CCTATATTCTTAGGGT-1,3454.0,1596,9.467284,0.14754098360655732,False
CCTATTGTCAAGCTTA-1,4893.0,2277,9.05375,0.01234567901234568,False
CCTATTGTCCCTTGCG-1,3760.0,1870,8.138298,0.02657921988263721,False
CCTATTGTCTCACTAT-1,5157.0,2253,6.2245493,0.025962195399681167,False
CCTATTTAGATGGACA-1,4237.0,1806,5.805995,0.06260387811634349,False
CCTATTTAGCAAGACA-1,3267.0,1642,12.090603,0.01803488715876614,False
CCTATTTAGGAGTAAT-1,3508.0,1807,10.518814,0.06102433708681438,False
CCTATTTAGGCTAGAA-1,5216.0,2265,8.569785,0.03513620213185945,False
CCTATTTAGGGTGGAT-1,2284.0,1243,7.4430823,0.015022255192878337,False
CCTATTTAGGGTTAGA-1,9865.0,3845,7.9979725,0.09200676165177493,False
CCTATTTAGTTATCTC-1,5497.0,2451,13.007095,0.10082730093071354,False
CCTCAAACAAGGTCCT-1,4120.0,1895,9.320388,0.04546832373446498,False
CCTCAAACAAGTGTTT-1,4858.0,2067,8.480857,0.07137096774193549,False
CCTCAAACACCTAATG-1,2714.0,1379,19.675755,0.03767403767403767,False
CCTCAAACACTAAGTT-1,4858.0,2228,8.336763,0.008391273076000958,False
CCTCAAACACTGACTA-1,2533.0,1444,9.277536,0.021976855292493894,False
CCTCAAACACTTGTTC-1,8760.0,3355,14.178082,0.013837388079949352,False
CCTCAAACAGGATGGC-1,6990.0,2624,15.822604,0.024185532854776367,False
CCTCAAACAGTTTACG-1,3384.0,1707,10.076832,0.1665381649961449,False
CCTCAAACATAGACCC-1,6998.0,2943,10.274364,0.13184713375796173,False
CCTCAATGTACTGAAT-1,4600.0,2061,10.173913,0.024185532854776367,False
CCTCAATGTTCGCGCT-1,3757.0,1893,11.605004,0.24437299035369767,True
CCTCAATGTTGTGACA-1,693.0,477,15.728715,0.019445007089325502,False
CCTCAGTTCAAGCTAC-1,4145.0,1897,8.347406,0.04440125579309313,False
CCTCAGTTCCGGTTGA-1,5206.0,1912,5.4744525,0.04885375494071145,False
CCTCCTCTCATCCTCA-1,3143.0,1672,5.058861,0.052544613350958363,False
CCTCCTCTCATGCATA-1,4114.0,2076,7.5109386,0.07534533277521976,False
CCTCCTCTCGATTTGA-1,5638.0,2484,6.9705567,0.01128783991790662,False
CCTCCTGAGGACGTAA-1,4008.0,1933,11.501996,0.02251286449399657,False
CCTCCTGAGGATTGAG-1,5212.0,2332,15.8864155,0.06767794632438741,False
CCTCCTGAGGCAAGTA-1,12541.0,3809,8.468225,0.03513620213185945,False
CCTCCTGAGGCTACAT-1,11939.0,4113,7.345674,0.2919020715630885,True
CCTCCTGAGGCTTAGT-1,6821.0,2871,11.9777155,0.06423741547708492,False
CCTCCTGAGTAGGATG-1,2677.0,1588,5.4538665,0.27434679334916884,True
CCTCCTGAGTCAGTAC-1,4576.0,2141,7.3863635,0.04546832373446498,False
CCTGAATAGAGAGGCT-1,2603.0,1460,3.4575489,0.01669865642994242,False
CCTGAATAGAGGAGGA-1,3691.0,1920,12.327283,0.04440125579309313,False
CCTGAATAGCAAGATG-1,2531.0,1464,8.692217,0.014225788801750865,False
CCTGAATAGCCGCAAC-1,3483.0,1669,15.331611,0.015430655569063874,False
CCTGAATAGGTGCGGA-1,3002.0,1578,8.061293,0.046565237436606725,False
CCTGACTTCATTAGGC-1,4469.0,1740,18.975163,0.03513620213185945,False
CCTGACTTCCAAGTGT-1,7281.0,3003,5.246532,0.1367661528369957,False
CCTGACTTCCTTAGGG-1,3353.0,1603,8.559499,0.03433029908972692,False
CCTGAGTCACCCACCT-1,6629.0,2568,5.732388,0.08931947069943286,False
CCTGAGTCAGAAATTG-1,2122.0,1113,10.320453,0.021976855292493894,False
CCTGAGTCAGCGCTTG-1,2071.0,1115,13.423467,0.04885375494071145,False
CCTGAGTCATAAGGAC-1,7275.0,2992,10.804124,0.023059434881455017,False
CCTGAGTCATCGCTCC-1,2501.0,1381,7.756897,0.03354324636936127,False
CCTGAGTCATGAGCAG-1,3881.0,1816,11.723783,0.10082730093071354,False
CCTGAGTCATTAGCCA-1,9467.0,3421,13.668532,0.051277877258668406,False
CCTGATGAGCGTGCAC-1,6001.0,2670,11.9146805,0.2585915492957747,True
CCTGATGAGCTAATTG-1,5166.0,2208,8.923732,0.12281757977122211,False
CCTGATGAGCTCAAAC-1,5043.0,2047,8.824112,0.0385625431928127,False
CCTGATGAGCTTTGTT-1,10755.0,3851,9.232915,0.3590909090909092,True
CCTGCTCCACAAAGCG-1,6908.0,2857,13.9114065,0.20897615708274905,True
CCTGCTCCACAACAAA-1,3563.0,1719,6.3991017,0.05004812319538016,False
CCTGCTCCACCTACTT-1,7364.0,2869,10.795763,0.11098748261474266,False
CCTGCTCCACTTAGGC-1,6829.0,2966,9.415727,0.013079455467568288,False
CCTGCTCCAGCATGTC-1,12050.0,3968,14.46473,0.07744826114785579,False
CCTGCTCCAGGCCTTG-1,6148.0,2665,12.833442,0.009951899154088572,False
CCTGGATCAACAACAA-1,11907.0,3681,7.919711,0.01803488715876614,False
CCTGGATCAGGCCAAA-1,2526.0,1383,12.549485,0.007508212106992022,False
CCTGGATCAGGTTATT-1,2228.0,1277,11.579892,0.18159203980099492,True
CCTGGATCAGTTTGGC-1,2788.0,1575,7.1736007,0.04136742315426601,False
CCTGGATCATAAGCAA-1,8474.0,3540,7.068681,0.15345821325648415,False
CCTGGATCATTGTGTG-1,2640.0,1367,6.9318185,0.07137096774193549,False
CCTGGTAAGCCTGATG-1,4475.0,2076,5.877095,0.03513620213185945,False
CCTGGTAAGCGAGGTG-1,3173.0,1626,11.471793,0.029182178455626276,False
CCTGGTAAGGATTGAG-1,3995.0,1769,10.137672,0.029868868382710054,False
CCTGGTAAGGCCTAAT-1,5493.0,2474,9.320954,0.023059434881455017,False
CCTGGTAAGGGTCCAC-1,2630.0,1366,9.467681,0.02251286449399657,False
CCTGGTAAGTACTGGT-1,3865.0,1845,6.2613196,0.05658418411489879,False
CCTGTAACAATTAAGG-1,19094.0,4055,4.5616426,0.09775195756504167,False
CCTGTAACACAACAAA-1,4034.0,1834,5.379276,0.052544613350958363,False
CCTGTAACACTGACTA-1,4123.0,2127,5.7239876,0.023059434881455017,False
CCTGTAACAGGAACCA-1,2954.0,1542,9.478673,0.0385625431928127,False
CCTGTAACAGGCCTTG-1,1295.0,722,14.362934,0.010946117946542214,False
CCTGTAACATCACTTC-1,3836.0,2024,8.628779,0.0053278081989048395,False
CCTGTAACATGTCGCG-1,2685.0,1396,14.227188,0.023616881696916687,False
CCTGTAACATTAAGTC-1,4690.0,2220,8.550107,0.03354324636936127,False
CCTGTATGTCACCTAT-1,9066.0,3178,9.805868,0.06949118986339338,False
CCTGTATGTCCAAGAC-1,7078.0,2952,11.147217,0.2585915492957747,True
CCTGTATGTCCTTAGT-1,13002.0,4108,11.967389,0.07744826114785579,False
CCTGTATGTCCTTTAA-1,4105.0,1909,8.574909,0.19910313901345295,True
CCTGTATGTGGGAACA-1,2654.0,1434,10.0602865,0.01993253603189206,False
CCTGTATGTTAGACCA-1,493.0,289,30.020285,0.11098748261474266,False
CCTGTATGTTGCTGGG-1,2955.0,1523,8.697124,0.025357827115969796,False
CCTGTATGTTTGCGAA-1,1920.0,1150,5.3125,0.06949118986339338,False
CCTGTTGGTCAATGTG-1,1617.0,952,6.98825,0.04235191384078009,False
CCTGTTGGTCAGGAAG-1,7556.0,2991,11.355214,0.3590909090909092,True
CCTGTTGGTTATCGAG-1,3596.0,1847,9.343715,0.01993253603189206,False
CCTGTTGGTTGTTCAC-1,2996.0,1538,8.611482,0.032023106869270374,False
CCTTAACGTCAAGACC-1,3286.0,1669,13.96835,0.14198782961460438,False
CCTTAACGTCAATAGT-1,2537.0,1457,2.1284983,0.06260387811634349,False
CCTTAACGTGACCTGG-1,5087.0,2042,9.278553,0.07137096774193549,False
CCTTAACGTGCTAGAC-1,4536.0,2018,12.566137,0.03767403767403767,False
CCTTAACGTGCTTTAC-1,4807.0,2193,14.666112,0.06949118986339338,False
CCTTAACGTTAGGCTA-1,4477.0,2084,3.8865314,0.051277877258668406,False
CCTTAACGTTGAGCCG-1,3999.0,1950,7.776944,0.11098748261474266,False
CCTTACTCAAGCGAGC-1,3949.0,1885,8.48316,0.02785286167587261,False
CCTTACTCAATTAGGA-1,4901.0,2202,9.018568,0.04136742315426601,False
CCTTACTCAATTTGGT-1,5819.0,2519,13.490291,0.08931947069943286,False
CCTTACTCACTAAGCC-1,9418.0,3518,13.187512,0.07963446475195822,False
CCTTACTCACTAGGTC-1,3180.0,1714,10.408805,0.027209302325581396,False
CCTTACTCAGCACGTT-1,6475.0,2767,11.351352,0.021451104100946368,False
CCTTACTCAGCCAGAA-1,3076.0,1643,6.53446,0.10405083399523428,False
CCTTACTCAGGTTATT-1,3646.0,1758,3.7301154,0.17379145025968837,False
CCTTAGTGTACCAGGT-1,3640.0,1716,5.9615383,0.04235191384078009,False
CCTTAGTGTAGACAAA-1,5388.0,2294,16.926502,0.04235191384078009,False
CCTTAGTGTATTGGAT-1,6617.0,2762,6.709989,0.009313725490196078,False
CCTTAGTGTGATTACG-1,5996.0,2781,8.655771,0.21972656249999997,True
CCTTATGTCCCTGGAA-1,5014.0,2115,3.31073,0.08190899001109879,False
CCTTATGTCCTTGCAC-1,3185.0,1605,5.714286,0.04040833687792429,False
CCTTATGTCGCTATAA-1,3566.0,1755,7.2910824,0.04440125579309313,False
CCTTATGTCGTAATCA-1,3518.0,1922,3.3541784,0.08674531575294935,False
CCTTCAATCATGCTAA-1,10014.0,3786,10.994607,0.14198782961460438,False
CCTTCAATCATTCATC-1,2812.0,1392,20.981508,0.06767794632438741,False
CCTTCAATCCGTTATT-1,7203.0,2982,8.940719,0.421792618629174,True
CCTTCAATCCTCATGC-1,3024.0,1585,5.7539682,0.025357827115969796,False
CCTTCAATCCTTAGGG-1,2096.0,1194,8.492366,0.02093531923757942,False
CCTTCAATCGTCATTT-1,7373.0,2965,8.856639,0.04546832373446498,False
CCTTCAATCTCAATGA-1,5932.0,2593,11.193526,0.07137096774193549,False
CCTTCAATCTTAGTCT-1,4056.0,2075,7.938856,0.10405083399523428,False
CCTTCAGGTAGACAAA-1,4843.0,2151,17.88148,0.09200676165177493,False
CCTTCAGGTAGTTACG-1,3793.0,1854,10.756658,0.013455328310010764,False
CCTTCAGGTATACTGG-1,3040.0,1554,9.868422,0.051277877258668406,False
CCTTCAGGTCCTTCTC-1,3646.0,1977,8.58475,0.004080463884315269,False
CCTTCAGGTCTAGCTT-1,9724.0,3641,6.725627,0.046565237436606725,False
CCTTCAGGTGTTAGCA-1,3010.0,1536,8.272425,0.08931947069943286,False
CCTTCAGGTGTTTGTC-1,2897.0,1625,5.971695,0.014620689655172414,False
CCTTCAGGTTGAGGTC-1,1879.0,1110,7.87653,0.025962195399681167,False
CCTTCAGGTTTGCAGA-1,1855.0,1095,6.7385445,0.07534533277521976,False
CCTTCGGTCAAGCCTG-1,3380.0,1730,7.6331363,0.12720519962859794,False
CCTTCGGTCACACAGT-1,2717.0,1268,20.20611,0.006117362736953402,False
CCTTCGGTCAGCTAAC-1,2953.0,1598,8.127328,0.025357827115969796,False
CCTTCGGTCATGGTTA-1,2089.0,1090,12.494017,0.07744826114785579,False
CCTTCGGTCGCTAGCA-1,5577.0,2506,13.161198,0.01713621841417369,False
CCTTCGGTCTCCATGC-1,5744.0,2486,14.589137,0.08427729950158584,False
CCTTCGTAGATTGAGG-1,3248.0,1553,14.963055,0.06260387811634349,False
CCTTCGTAGCACTTGG-1,5465.0,2371,10.905765,0.1367661528369957,False
CCTTCGTAGCAGCTAT-1,3320.0,1594,15.843373,0.03433029908972692,False
CCTTCGTAGCCAGTAT-1,5322.0,2351,11.7249155,0.08931947069943286,False
CCTTCGTAGCTAAGTC-1,2062.0,1003,31.959263,0.027209302325581396,False
CCTTCGTAGGCCGGAA-1,3383.0,1694,7.596808,0.01584606677985286,False
CCTTCGTAGGTAAGCA-1,6239.0,2616,10.899182,0.02251286449399657,False
CCTTCGTAGGTTTGCG-1,3051.0,1568,7.1451983,0.05519591141396934,False
CCTTCGTAGTATGTGC-1,4368.0,1949,7.4633703,0.06592776609975157,False
CCTTCGTAGTTAGTTG-1,2512.0,1462,7.3646493,0.04885375494071145,False
CCTTCGTAGTTGTCAA-1,5348.0,2305,13.799551,0.04235191384078009,False
CCTTGCGTCCTTGCGT-1,11248.0,3763,10.890825,0.02785286167587261,False
CCTTGCGTCGCAATCG-1,6824.0,2994,11.181126,0.2585915492957747,True
CCTTGCGTCGCTAGTG-1,2545.0,1259,12.65226,0.04235191384078009,False
CCTTGCGTCGCTTCTA-1,3053.0,1681,5.5682936,0.05658418411489879,False
CCTTGCGTCGGCTAGC-1,3433.0,1846,9.059132,0.04546832373446498,False
CCTTGCGTCGTTTCTG-1,2746.0,1402,23.81646,0.04336283185840707,False
CCTTGCGTCTCCTCTT-1,4176.0,1976,8.908046,0.027209302325581396,False
CCTTGCGTCTTAGGGT-1,3043.0,1528,9.069997,0.10082730093071354,False
CCTTGTTCAAACCTTG-1,6560.0,2482,6.783537,0.03433029908972692,False
CCTTGTTCAACAGGAT-1,6332.0,2685,11.307643,0.03354324636936127,False
CCTTGTTCACGAACAG-1,3992.0,1841,9.694388,0.09481481481481482,False
CCTTGTTCATAAAGCA-1,2438.0,1129,16.529943,0.029868868382710054,False
CCTTGTTCATCCCGCT-1,5543.0,2403,6.6390047,0.013837388079949352,False
CCTTGTTCATCTAGCA-1,7425.0,3011,6.801347,0.006940160394818014,False
CCTTGTTCATGCTTAG-1,2916.0,1487,7.750343,0.0053278081989048395,False
CCTTGTTCATTGACAT-1,6538.0,2619,7.861731,0.13184713375796173,False
CCTTTAGTCAATACGC-1,9235.0,3652,8.955062,0.27434679334916884,True
CCTTTAGTCATTGTCT-1,5681.0,2373,11.846506,0.03354324636936127,False
CCTTTAGTCCAGGTTG-1,3595.0,1779,10.403338,0.12720519962859794,False
CCTTTAGTCCCGCCTA-1,3389.0,1804,8.52759,0.007508212106992022,False
CCTTTAGTCCCTCATA-1,5483.0,2358,9.502097,0.08931947069943286,False
CCTTTAGTCCTCGATC-1,3766.0,1974,6.824217,0.11098748261474266,False
CCTTTAGTCCTGCGAA-1,2654.0,1473,8.364733,0.09775195756504167,False
CCTTTAGTCTGTGCCT-1,3546.0,1833,7.4732094,0.012709620476610766,False
CCTTTAGTCTTGACCC-1,4636.0,2012,8.0673,0.09481481481481482,False
CGAAATGAGACCATAC-1,3195.0,1577,10.704226,0.08190899001109879,False
CGAAATGAGATTGAGG-1,2675.0,1423,7.8878508,0.06423741547708492,False
CGAAATGAGCTAAGTC-1,782.0,517,7.0332484,0.2585915492957747,True
CGAAATGAGCTGCACA-1,7896.0,2901,11.512158,0.051277877258668406,False
CGAAATGAGCTTACTT-1,5888.0,2584,9.680706,0.09481481481481482,False
CGAAATGAGGACCTTG-1,2001.0,1202,3.0484757,0.01993253603189206,False
CGAAATGAGTGAGCAA-1,2739.0,1481,10.003651,0.06423741547708492,False
CGAACAAAGCACTTGG-1,7150.0,2858,12.8531475,0.021451104100946368,False
CGAACAAAGCCTAATA-1,4407.0,2096,7.7830725,0.11866393202461177,False
CGAACAAAGCTAATCA-1,4010.0,1948,10.174563,0.052544613350958363,False
CGAACAAAGCTCCTAC-1,3091.0,1510,9.770301,0.04336283185840707,False
CGAACAAAGGACTTAC-1,4141.0,1951,12.3158655,0.030570902394106814,False
CGAACAAAGGAGTAAT-1,5159.0,2350,15.138594,0.04440125579309313,False
CGAACAAAGGCGGGTA-1,2592.0,1378,13.657408,0.025962195399681167,False
CGAACAAAGGTCCTGA-1,2947.0,1592,7.6348825,0.03513620213185945,False
CGAACAAAGTAACTCA-1,4991.0,2228,9.557203,0.04235191384078009,False
CGAACAAAGTCATGCG-1,5261.0,2352,13.210416,0.2919020715630885,True
CGAACAAAGTTTCCGC-1,10373.0,3371,7.606286,0.06767794632438741,False
CGAACCGGTACCGGAT-1,2918.0,1499,8.019191,0.05004812319538016,False
CGAACCGGTAGCCATA-1,3189.0,1625,8.341173,0.08931947069943286,False
CGAACCGGTCAATACG-1,3042.0,1619,10.519395,0.02093531923757942,False
CGAACCGGTCACGAAC-1,6262.0,2532,11.09869,0.02657921988263721,False
CGAACCGGTCACGGAT-1,8872.0,3344,12.466186,0.03513620213185945,False
CGAACCGGTGAGACTC-1,4215.0,2015,12.645314,0.06767794632438741,False
CGAACCGGTGGATTAT-1,4485.0,1839,8.918617,0.15345821325648415,False
CGAACCGGTGGCTTCC-1,3451.0,1576,6.6937118,0.09775195756504167,False
CGAACCGGTTAGGCTA-1,3769.0,1865,9.578137,0.03433029908972692,False
CGAACCGGTTAGGTTG-1,7470.0,2963,9.223561,0.27434679334916884,True
CGAACCGGTTCAAGCA-1,2882.0,1513,11.901458,0.039473684210526314,False
CGAAGAATCAAGTGAG-1,4256.0,1972,15.507519,0.013079455467568288,False
CGAAGAATCACTAAGC-1,5396.0,1931,6.9681244,0.03128880059597715,False
CGAAGAATCACTCGCT-1,8614.0,3217,9.287207,0.027209302325581396,False
CGAAGAATCATTTAGG-1,2521.0,1442,10.353035,0.005587424569768309,False
CGAAGAATCCCGTTTA-1,6671.0,2669,15.76975,0.02093531923757942,False
CGAAGAATCCGGTTAG-1,2865.0,1540,10.575916,0.008092668993970167,False
CGAAGAATCGAAGCGG-1,4725.0,2276,10.730159,0.02785286167587261,False
CGAAGAATCGCATTAA-1,23884.0,4707,5.1708255,0.15977653631284908,False
CGAAGAATCGTTAGCG-1,3769.0,1877,17.299019,0.09481481481481482,False
CGAAGCCTCATGCTAA-1,6640.0,2772,9.563253,0.14198782961460438,False
CGAAGCCTCATGTTTC-1,3982.0,1845,11.300854,0.024185532854776367,False
CGAAGCCTCCGCTAGA-1,3962.0,1934,13.730439,0.009630422256975885,False
CGAAGCCTCTTAGCCC-1,3214.0,1637,11.823274,0.01626867091618305,False
CGAAGCGAGATGCCTG-1,4033.0,1960,13.191173,0.06592776609975157,False
CGAAGCGAGCGGCTGT-1,4744.0,2212,16.652615,0.032023106869270374,False
CGAAGCGAGGCAATAG-1,3904.0,1811,7.9661884,0.03680733450182013,False
CGAAGCGAGGCGCTAC-1,1733.0,1027,10.213503,0.09775195756504167,False
CGAAGCGAGGCTACAT-1,2961.0,1441,10.604526,0.011987491313412093,False
CGAAGCGAGGGCTAAA-1,4341.0,2131,12.462566,0.04440125579309313,False
CGAAGCGAGGTGCTGC-1,2946.0,1519,14.2566185,0.023616881696916687,False
CGAAGCGAGGTTTGCG-1,4659.0,2119,10.688989,0.10082730093071354,False
CGAAGCGAGTAGCGCC-1,3276.0,1536,10.256411,0.025962195399681167,False
CGAAGCGAGTTAGAGG-1,2223.0,1214,13.360325,0.009951899154088572,False
CGAAGGCCAACAACAA-1,4256.0,2055,11.419172,0.06102433708681438,False
CGAAGGCCAAGCTTAT-1,4115.0,1899,7.2661,0.03433029908972692,False
CGAAGGCCACCTACGG-1,2994.0,1522,12.859051,0.029868868382710054,False
CGAAGGCCACGCAACT-1,4130.0,1917,10.920097,0.15345821325648415,False
CGAAGGCCAGGCGATA-1,1685.0,1060,5.7566767,0.018496420047732696,False
CGAAGTAAGCACGTTG-1,2757.0,1497,13.057672,0.010946117946542214,False
CGAAGTAAGCTGAGGG-1,7243.0,3050,10.120116,0.21972656249999997,True
CGAAGTAAGGACCGCT-1,2589.0,1392,5.600618,0.02093531923757942,False
CGAAGTAAGGGACGCA-1,3941.0,2022,6.0390763,0.06592776609975157,False
CGAAGTAAGGTATTGC-1,8395.0,3076,10.220369,0.005071664829106946,False
CGAAGTAAGTGGCGGA-1,3840.0,1894,11.302083,0.03354324636936127,False
CGAATATGTCAGTAAT-1,2638.0,1395,7.922669,0.07963446475195822,False
CGAATATGTCCCGAAG-1,4741.0,2178,12.739928,0.02785286167587261,False
CGAATATGTCCTAGTT-1,3187.0,1625,7.4678383,0.05385002516356318,False
CGAATATGTGAAACAA-1,3433.0,1735,6.37926,0.03767403767403767,False
CGAATATGTGCAACTA-1,2652.0,1329,6.7496233,0.0594961586564231,False
CGAATATGTGGGTACT-1,5027.0,2159,10.960812,0.05519591141396934,False
CGAATATGTGGTGAGA-1,5729.0,2361,13.545121,0.029868868382710054,False
CGAATATGTTAGACCA-1,10424.0,3899,11.252878,0.38812042310821776,True
CGAATATGTTGTTGCT-1,4992.0,2362,12.179487,0.04885375494071145,False
CGAATCTAGACACCGC-1,3333.0,1607,10.081008,0.04136742315426601,False
CGAATCTAGCACCACA-1,4277.0,2054,8.463877,0.10082730093071354,False
CGAATCTAGGCCAATT-1,3855.0,1810,6.3553824,0.02093531923757942,False
CGAATCTAGTAAGGGC-1,3829.0,1843,6.320188,0.03433029908972692,False
CGAATCTAGTCGCAAT-1,635.0,472,12.283464,0.032023106869270374,False
CGAATCTAGTCTATGA-1,3950.0,2047,2.556962,0.03767403767403767,False
CGAATCTAGTTAGACC-1,5273.0,2307,10.563247,0.00481892523364486,False
CGACAAGCAAGCTAAA-1,2541.0,1371,8.539945,0.02251286449399657,False
CGACAAGCACCTAATG-1,4019.0,1975,7.96218,0.10405083399523428,False
CGACAAGCAGGTTCAC-1,7075.0,2997,10.8551235,0.02785286167587261,False
CGACAAGCATAGGCGA-1,4696.0,1971,11.499147,0.05004812319538016,False
CGACCTGCAAGACTCC-1,5266.0,2404,11.298899,0.027209302325581396,False
CGACCTGCAAGGGTTG-1,3702.0,1667,10.02161,0.07963446475195822,False
CGACCTGCAAGGTGCA-1,5510.0,2141,7.8947363,0.04136742315426601,False
CGACCTGCACCTACGG-1,7999.0,3098,10.863857,0.03513620213185945,False
CGACCTGCACCTCAGG-1,3163.0,1526,8.694278,0.0058505850585058505,False
CGACCTGCACTCAACA-1,6227.0,2570,8.398908,0.0594961586564231,False
CGACCTGCAGGGAGCT-1,3492.0,1562,7.1305842,0.01626867091618305,False
CGACCTGCATAAAGCA-1,2743.0,1372,7.2912874,0.04336283185840707,False
CGACCTGCATCGTTCT-1,5223.0,2286,6.0118704,0.03596164091635589,False
CGACCTGCATTGACAT-1,2704.0,1534,4.6597633,0.04440125579309313,False
CGACTAAGTAACGGGA-1,1336.0,553,41.167664,0.06767794632438741,False
CGACTAAGTGCTAGAC-1,5495.0,2478,13.557779,0.27434679334916884,True
CGACTAAGTGCTAGCG-1,3429.0,1882,7.203266,0.010946117946542214,False
CGACTAAGTGCTCCGT-1,3794.0,1769,13.336847,0.02851033499643621,False
CGACTAAGTTACATCC-1,10947.0,3768,11.290765,0.09775195756504167,False
CGACTAAGTTACTTCA-1,7634.0,3006,8.462143,0.0594961586564231,False
CGACTAAGTTGTGATG-1,2499.0,1367,16.406563,0.027209302325581396,False
CGACTAAGTTTGGGCG-1,2628.0,1350,9.550989,0.05519591141396934,False
CGAGCGAAGCGAAGTA-1,3078.0,1584,12.995452,0.032023106869270374,False
CGAGCGAAGGAACCAA-1,3123.0,1576,11.847583,0.06949118986339338,False
CGAGCGAAGTAAGTGG-1,2721.0,1544,8.489526,0.12720519962859794,False
CGAGCGAAGTATTGTG-1,6095.0,2574,9.1550455,0.11472602739726025,False
CGAGCTGGTAAGCACC-1,2956.0,1635,9.133965,0.025357827115969796,False
CGAGCTGGTTAAGCCA-1,6354.0,2767,9.962229,0.05658418411489879,False
CGAGCTGGTTGCAGTA-1,2209.0,1155,19.69217,0.04546832373446498,False
CGAGCTGGTTTAACGG-1,4789.0,2192,12.737523,0.04136742315426601,False
CGAGGAAGTAAGCTCA-1,2556.0,1347,11.384976,0.005071664829106946,False
CGAGGAAGTTCATCTA-1,6467.0,2595,11.736508,0.021976855292493894,False
CGAGGCAAGCTGTACG-1,6138.0,2492,10.084719,0.025357827115969796,False
CGAGGCAAGGATTGAG-1,15355.0,4956,8.817974,0.46131805157593153,True
CGAGGCAAGGCGAATA-1,3240.0,1483,17.438272,0.14754098360655732,False
CGAGGCAAGGTCCAAT-1,3059.0,1681,8.009153,0.02251286449399657,False
CGAGGCAAGTAACGAG-1,2995.0,1574,14.75793,0.01128783991790662,False
CGAGGCAAGTAAGTCC-1,3785.0,1768,7.2655215,0.08931947069943286,False
CGAGGCAAGTGATTCA-1,3170.0,1388,9.211356,0.052544613350958363,False
CGAGGCAAGTTAGTGC-1,1936.0,1097,8.419421,0.02785286167587261,False
CGAGGCAAGTTGGCCA-1,2482.0,1353,7.4536667,0.013455328310010764,False
CGAGGTGAGACAACAG-1,2969.0,1585,7.3762207,0.024185532854776367,False
CGAGGTGAGACTTACA-1,3650.0,1736,13.890411,0.10743353228431904,False
CGAGGTGAGCCTCTCG-1,3068.0,1579,9.550196,0.06102433708681438,False
CGAGGTGAGGACCTCA-1,2434.0,1409,7.313065,0.03680733450182013,False
CGAGGTGAGGAGGCAT-1,3249.0,1652,8.27947,0.007508212106992022,False
CGAGGTGAGGCATTAC-1,8013.0,3122,13.003869,0.10405083399523428,False
CGAGGTGAGTTATCTC-1,2809.0,1020,13.705945,0.01669865642994242,False
CGAGTCGGTCATAGAT-1,3026.0,1590,8.294778,0.027209302325581396,False
CGAGTCGGTGCCGCAA-1,2591.0,1367,9.648785,0.08190899001109879,False
CGAGTCGGTGTTAGCA-1,7443.0,3157,11.769447,0.31158455392809603,True
CGATATTCACACCAAC-1,3274.0,1607,8.735492,0.039473684210526314,False
CGATATTCACTGGCCA-1,4569.0,2056,6.8724008,0.025962195399681167,False
CGATATTCAGCACCAT-1,3947.0,1739,9.475551,0.10082730093071354,False
CGATATTCATGTCAAT-1,3120.0,1674,5.99359,0.04136742315426601,False
CGATATTCATGTCGCG-1,3536.0,1791,9.530542,0.04885375494071145,False
CGATCCTTCAAGGACA-1,5417.0,2553,8.473325,0.18159203980099492,True
CGATCCTTCAATGTCA-1,5467.0,2309,15.310041,0.046565237436606725,False
CGATCCTTCACTAATG-1,7712.0,2872,8.363589,0.07332101047443006,False
CGATCCTTCAGCAAGA-1,4495.0,2097,9.432703,0.01758155889822231,False
CGATCCTTCTACCTGC-1,8651.0,3093,6.65819,0.0580168776371308,False
CGATCCTTCTCTAGCC-1,2971.0,1496,9.020532,0.12281757977122211,False
CGATGTCCAAACGCGA-1,1908.0,990,9.696016,0.03767403767403767,False
CGATGTCCAAAGGTAC-1,2774.0,1531,4.5061283,0.01896638233818364,False
CGATGTCCAACAGCCT-1,5346.0,2291,17.20913,0.04546832373446498,False
CGATGTCCACTTCATC-1,6009.0,2545,10.667333,0.07534533277521976,False
CGATGTCCAGTAGGTG-1,3605.0,1736,12.787795,0.0594961586564231,False
CGATGTCCATGGCCTG-1,3290.0,1621,7.568389,0.09481481481481482,False
CGATTATCAAGGCCAA-1,2945.0,1469,13.955857,0.01669865642994242,False
CGATTATCAATGCGCT-1,4119.0,1949,11.0463705,0.023059434881455017,False
CGATTATCACAATACT-1,5176.0,2217,14.064916,0.05004812319538016,False
CGATTATCACAGAACG-1,3323.0,1814,9.539573,0.02476572958500669,False
CGATTATCACTCAACA-1,3482.0,1732,6.2320504,0.03354324636936127,False
CGATTATCAGGTATTT-1,3285.0,1678,9.34551,0.08931947069943286,False
CGATTATCAGTCTAAT-1,9102.0,3291,10.733905,0.00481892523364486,False
CGATTCCTCCGTGACA-1,3899.0,1926,13.439343,0.08427729950158584,False
CGATTCCTCGATTATG-1,7534.0,2874,9.118662,0.051277877258668406,False
CGATTCCTCGCGCTAA-1,3744.0,1852,9.695513,0.021451104100946368,False
CGATTCCTCGTTAAGC-1,4713.0,2120,12.751963,0.05385002516356318,False
CGATTCCTCGTTAGCG-1,1753.0,922,21.04963,0.015430655569063874,False
CGATTCCTCTCCTCAA-1,3402.0,1685,6.2316284,0.05004812319538016,False
CGATTCCTCTTGCTAT-1,3950.0,1966,7.8734174,0.06592776609975157,False
CGATTCCTCTTGTCTG-1,3900.0,2102,12.923077,0.12720519962859794,False
CGATTCCTCTTTGACT-1,4966.0,2316,10.672574,0.06949118986339338,False
CGATTGAGTACTTCAC-1,1274.0,752,21.428572,0.029182178455626276,False
CGATTGAGTAGCCTAA-1,4452.0,2049,14.398024,0.05658418411489879,False
CGATTGAGTTAAGGTT-1,2092.0,1206,8.699809,0.04546832373446498,False
CGATTGAGTTCCTCCT-1,16656.0,4648,9.191883,0.421792618629174,True
CGATTTGCAAACATAG-1,5037.0,2150,6.49196,0.07744826114785579,False
CGATTTGCAAACGCGA-1,3438.0,1681,9.336824,0.03680733450182013,False
CGATTTGCAAATACCT-1,2886.0,1549,13.132363,0.03680733450182013,False
CGATTTGCAATCCTGA-1,4553.0,2032,8.258291,0.07963446475195822,False
CGATTTGCACAGACTC-1,3072.0,1632,9.147135,0.11866393202461177,False
CGATTTGCACCTACTT-1,9419.0,3645,12.050112,0.3590909090909092,True
CGATTTGCAGTAAGTA-1,3713.0,1812,8.07972,0.02042921997523731,False
CGATTTGCATTGCGTA-1,1915.0,1130,7.1018276,0.06767794632438741,False
CGATTTGCATTGTCAG-1,9055.0,3171,6.626173,0.039473684210526314,False
CGCAAATTCGCTTGCT-1,2282.0,1296,6.2226114,0.03128880059597715,False
CGCAAATTCGTTAGTA-1,3626.0,1682,13.099834,0.03354324636936127,False
CGCAAATTCTATTGTC-1,3795.0,1815,8.906456,0.0385625431928127,False
CGCAATAGTAGGTTGC-1,5506.0,2087,7.991282,0.027209302325581396,False
CGCAATAGTCATTGTC-1,3595.0,1747,12.461753,0.07332101047443006,False
CGCAATAGTTGCGCGA-1,3481.0,1756,4.7400174,0.0594961586564231,False
CGCAATCCAACTAGGG-1,1916.0,1105,8.350731,0.12720519962859794,False
CGCAATCCAAGATTCT-1,4019.0,2017,9.056979,0.0594961586564231,False
CGCAATCCACGTTACA-1,3751.0,1794,5.491869,0.2585915492957747,True
CGCAATCCAGGCTAGA-1,2216.0,1196,7.5812273,0.05385002516356318,False
CGCAATCCAGTATGTT-1,2578.0,1375,9.542281,0.05385002516356318,False
CGCAATCCAGTTTCTC-1,6552.0,2713,9.493284,0.03680733450182013,False
CGCAATCCATCCTGAA-1,4995.0,2189,7.027027,0.03433029908972692,False
CGCAATCCATTATGAC-1,3144.0,1701,7.697201,0.025962195399681167,False
CGCAATCCATTCCTGT-1,5200.0,2272,11.596153,0.03354324636936127,False
CGCAATGTCAAAGGCA-1,7868.0,3056,9.900865,0.33380581148121885,True
CGCAATGTCAGGCTAT-1,4315.0,2080,8.088065,0.04546832373446498,False
CGCAATGTCATTACTC-1,2510.0,1318,10.039841,0.03767403767403767,False
CGCAATGTCCAAATCA-1,10485.0,3578,11.750119,0.03433029908972692,False
CGCAATGTCGCTTCTA-1,3698.0,1771,12.763657,0.06767794632438741,False
CGCAATGTCGGTCAAT-1,4042.0,1884,12.271153,0.03680733450182013,False
CGCAATGTCGTTATCT-1,4013.0,2124,4.510341,0.011634922002930278,False
CGCAATTAGAAAGCAT-1,2928.0,1450,13.353825,0.10082730093071354,False
CGCAATTAGCCAAATC-1,5581.0,2558,9.98029,0.06767794632438741,False
CGCAATTAGGAGTCTT-1,7047.0,2799,12.303108,0.10082730093071354,False
CGCAATTAGGTGAAAT-1,2336.0,1239,11.30137,0.05519591141396934,False
CGCAATTAGTCACGAT-1,1347.0,629,40.163326,0.09775195756504167,False
CGCAATTAGTCTATGA-1,3603.0,1762,10.824313,0.047693266832917705,False
CGCAATTAGTTTCCTG-1,5564.0,2246,5.8231487,0.0580168776371308,False
CGCACAATCACAGGAA-1,2945.0,1443,14.125636,0.01626867091618305,False
CGCACAATCACCGGTA-1,4590.0,2160,10.675381,0.07137096774193549,False
CGCACAATCAGCACGC-1,5933.0,2558,11.966965,0.029182178455626276,False
CGCACAATCATAACGC-1,4318.0,2172,4.955998,0.023616881696916687,False
CGCACAATCCCATAGG-1,3123.0,1699,9.76625,0.06949118986339338,False
CGCACAATCCCTGGAA-1,8078.0,3134,12.441198,0.3590909090909092,True
CGCACAATCCTAACGG-1,3524.0,1749,9.137343,0.05519591141396934,False
CGCACAATCTGTAAGC-1,6167.0,2651,10.864278,0.27434679334916884,True
CGCACACAGAGGAAGG-1,2600.0,1224,11.346154,0.04136742315426601,False
CGCACACAGCTCAATA-1,3838.0,1813,9.718604,0.04440125579309313,False
CGCACACAGGAGGCAT-1,6380.0,2858,12.335423,0.38812042310821776,True
CGCACCACAAATATCC-1,8698.0,3554,8.450218,0.27434679334916884,True
CGCACCACAGCAAGTG-1,2599.0,1489,11.542901,0.015022255192878337,False
CGCACCACATAATTGC-1,7169.0,2861,11.703166,0.021451104100946368,False
CGCACCACATTGCGTA-1,3484.0,1778,5.022962,0.03354324636936127,False
CGCATATAGCATGCAT-1,4387.0,1838,10.553909,0.10743353228431904,False
CGCATATAGCTGGACC-1,3067.0,1609,11.085752,0.01626867091618305,False
CGCATATAGCTTAGTA-1,3045.0,1595,7.356322,0.09775195756504167,False
CGCATATAGGAGCAAC-1,11988.0,4228,10.70237,0.421792618629174,True
CGCATATAGGTCTTGG-1,4629.0,2049,11.276733,0.03767403767403767,False
CGCATATAGGTTACGT-1,3564.0,1835,5.47138,0.029868868382710054,False
CGCATATAGTATTGCA-1,2760.0,1442,8.369565,0.06260387811634349,False
CGCATATAGTCAGGCC-1,11878.0,3807,15.297188,0.0580168776371308,False
CGCATGATCATGGCCA-1,4494.0,2226,7.988429,0.013455328310010764,False
CGCATGATCCATCAGG-1,2790.0,1453,12.831542,0.02476572958500669,False
CGCATGATCCTGGTCT-1,3425.0,1783,9.3138685,0.03596164091635589,False
CGCATGATCGCTATGG-1,5531.0,2621,8.841077,0.33380581148121885,True
CGCATTACAAGGATTA-1,8565.0,3246,8.13777,0.33380581148121885,True
CGCATTACAATAATCC-1,6889.0,2727,8.985339,0.03513620213185945,False
CGCATTACAATAGCAA-1,3448.0,1625,11.513921,0.014225788801750865,False
CGCATTACAATATAGG-1,13764.0,4370,9.982564,0.17379145025968837,False
CGCATTACACATAACT-1,3194.0,1774,4.4771447,0.029182178455626276,False
CGCATTACACCTAATG-1,4174.0,1840,6.0134163,0.09775195756504167,False
CGCATTACATAGCAGG-1,3176.0,1610,6.5176325,0.06949118986339338,False
CGCATTACATGTGGGA-1,2733.0,1416,12.477131,0.006940160394818014,False
CGCATTACATTGTTGG-1,2561.0,1401,8.395159,0.05519591141396934,False
CGCATTTGTCACAAAT-1,4276.0,1901,10.1496725,0.08674531575294935,False
CGCATTTGTGCTGGTG-1,5156.0,2403,12.606671,0.032023106869270374,False
CGCATTTGTTAAGGTT-1,4478.0,1837,8.240286,0.0594961586564231,False
CGCATTTGTTCCGGGA-1,2730.0,1398,5.6776557,0.10743353228431904,False
CGCCAAATCAATCTCT-1,4584.0,2066,9.904015,0.052544613350958363,False
CGCCAAATCACTTTAC-1,3186.0,1624,7.1563087,0.1367661528369957,False
CGCCAAATCATTAGTG-1,6160.0,2654,8.262987,0.38812042310821776,True
CGCCAAATCCAATAGC-1,3320.0,1637,14.849398,0.01669865642994242,False
CGCCAAATCCCAGTAG-1,6549.0,2786,11.604825,0.01234567901234568,False
CGCCAAATCCTGGTGA-1,4213.0,1937,17.16117,0.029868868382710054,False
CGCCAAATCCTTGTTG-1,2823.0,1523,8.678711,0.015022255192878337,False
CGCCAAATCGGTCATG-1,2179.0,1243,5.323543,0.07744826114785579,False
CGCCACACAACAGCCT-1,7148.0,2802,18.620594,0.02251286449399657,False
CGCCACACAACCTGGT-1,2417.0,1284,8.522962,0.0580168776371308,False
CGCCACACAAGGTGGC-1,10012.0,3897,13.833401,0.33380581148121885,True
CGCCACACACCTAAGC-1,2387.0,1324,5.3623796,0.09200676165177493,False
CGCCACACACTTAACG-1,3119.0,1611,10.612376,0.009630422256975885,False
CGCCACACAGAGAGCC-1,2993.0,1521,10.958904,0.02251286449399657,False
CGCCACACAGCTTAGC-1,5326.0,2352,9.42546,0.06423741547708492,False
CGCCACACAGGCGATA-1,8050.0,2913,7.440994,0.20897615708274905,True
CGCCACACATAGACTT-1,5950.0,2472,13.02521,0.07744826114785579,False
CGCCACACATGAATAG-1,8530.0,3444,12.919108,0.33380581148121885,True
CGCCACACATTATCCC-1,1123.0,692,16.651825,0.030570902394106814,False
CGCCTCATCAACCAAC-1,4618.0,2012,6.777826,0.024185532854776367,False
CGCCTCATCACTAGGT-1,4952.0,2114,5.4725366,0.09481481481481482,False
CGCCTCATCCGTCCAT-1,4004.0,1944,5.5194807,0.03128880059597715,False
CGCCTCATCCGTGACA-1,5693.0,2643,7.430177,0.019445007089325502,False
CGCCTCATCGAGCAAA-1,6595.0,2753,8.430629,0.06767794632438741,False
CGCCTCATCGCATTAA-1,3117.0,1623,11.324992,0.009630422256975885,False
CGCCTCATCGCTATGG-1,3167.0,1646,7.672877,0.08931947069943286,False
CGCCTCATCTCGCCCA-1,3771.0,2000,1.0872447,0.04040833687792429,False
CGCCTCATCTTAGTCT-1,3409.0,1726,8.037548,0.025357827115969796,False
CGCCTCATCTTGCAGG-1,3573.0,1726,4.645956,0.19910313901345295,True
CGCCTCATCTTGGATA-1,6370.0,2501,13.202513,0.052544613350958363,False
CGCCTGTGTAAGCTCA-1,5495.0,2381,8.298453,0.030570902394106814,False
CGCCTGTGTCATGCAA-1,9291.0,3430,8.266064,0.01758155889822231,False
CGCCTGTGTCATTAGG-1,4339.0,1962,8.273796,0.01234567901234568,False
CGCCTGTGTCCGTAGG-1,5039.0,2076,5.536813,0.09775195756504167,False
CGCCTGTGTCTATCGT-1,4125.0,2029,8.606061,0.01234567901234568,False
CGCCTGTGTGCACGCA-1,3381.0,1764,11.446318,0.06260387811634349,False
CGCCTGTGTGCTAGCG-1,5177.0,2344,12.961175,0.023616881696916687,False
CGCCTGTGTGTGCAAC-1,3575.0,1757,6.545454,0.052544613350958363,False
CGCCTGTGTTGTCCAT-1,6633.0,2660,9.317051,0.04040833687792429,False
CGCGATTCACATTAAC-1,1920.0,1037,8.958333,0.05519591141396934,False
CGCGATTCAGGATGGC-1,6682.0,3057,6.225681,0.039473684210526314,False
CGCGATTCATACCCGG-1,4410.0,1908,13.4013605,0.02251286449399657,False
CGCGATTCATGTTGTG-1,2538.0,1415,7.052798,0.039473684210526314,False
CGCGATTCATTGCAGC-1,4196.0,2028,13.131555,0.10082730093071354,False
CGCGGATTCAATACGC-1,7382.0,3073,9.604444,0.2585915492957747,True
CGCGGATTCATGTTTC-1,2507.0,1310,14.080575,0.029182178455626276,False
CGCGGATTCATTACAG-1,3233.0,1541,11.289824,0.10743353228431904,False
CGCGGATTCCAACTGG-1,2639.0,1474,9.245926,0.04235191384078009,False
CGCGGATTCCTAGTCC-1,6612.0,2692,11.403508,0.013837388079949352,False
CGCGGATTCCTGGTGA-1,8154.0,3431,6.7574196,0.27434679334916884,True
CGCGGATTCTCGCCCA-1,12387.0,4147,11.528214,0.2585915492957747,True
CGCGGATTCTGTGCCT-1,3611.0,1867,9.941845,0.00666207213416035,False
CGCTAACCAACACCTA-1,11738.0,4136,10.163571,0.20897615708274905,True
CGCTAACCAACTGGCT-1,4925.0,2239,7.7157364,0.0594961586564231,False
CGCTAACCAATGAATG-1,8089.0,3153,11.707256,0.08427729950158584,False
CGCTAACCACTAGCGT-1,2646.0,1480,10.430839,0.004569522013490969,False
CGCTAACCACTTGTTC-1,9262.0,3582,12.56748,0.2919020715630885,True
CGCTAACCAGCTAACC-1,5671.0,2630,9.0107565,0.0385625431928127,False
CGCTAACCATAATCGT-1,6242.0,2582,9.884652,0.06102433708681438,False
CGCTAACCATAGCGGA-1,2296.0,1227,12.9790945,0.021976855292493894,False
CGCTAACCATGTTGGC-1,5451.0,2345,11.612548,0.03128880059597715,False
CGCTAACCATTAGCCA-1,8022.0,3241,5.908751,0.38812042310821776,True
CGCTAATAGCACAGAA-1,6570.0,2705,10.136987,0.04336283185840707,False
CGCTAATAGCTAGAAG-1,2692.0,1442,5.6092124,0.029868868382710054,False
CGCTAATAGGAGGGTT-1,3867.0,1671,7.1114564,0.07963446475195822,False
CGCTAATAGGGACTAA-1,2855.0,1309,9.422067,0.05004812319538016,False
CGCTAATAGGTCGAGG-1,2618.0,1442,11.268144,0.02251286449399657,False
CGCTACTTCAATGTCA-1,4484.0,2195,10.793934,0.08190899001109879,False
CGCTACTTCCCTGATC-1,3575.0,1855,7.1888113,0.029868868382710054,False
CGCTACTTCCTAATAG-1,3987.0,1971,7.3990474,0.15977653631284908,False
CGCTACTTCCTTGTTG-1,8986.0,3401,10.92811,0.2919020715630885,True
CGCTACTTCGCTAGCA-1,4254.0,1889,11.118947,0.019445007089325502,False
CGCTACTTCTAACCAA-1,6185.0,2523,12.465642,0.009313725490196078,False
CGCTACTTCTCGCCCA-1,3038.0,1565,6.5832787,0.023616881696916687,False
CGCTACTTCTTGATGA-1,4443.0,2078,3.0384877,0.02093531923757942,False
CGCTACTTCTTGTCCA-1,3614.0,1760,13.226342,0.06102433708681438,False
CGCTATGAGACAGGCG-1,8128.0,3181,14.628445,0.3590909090909092,True
CGCTATGAGACTTATG-1,8012.0,2940,6.5277085,0.03596164091635589,False
CGCTATGAGCTGTACG-1,2439.0,1404,13.325134,0.10405083399523428,False
CGCTATGAGGTCCAAT-1,5824.0,2842,9.357829,0.023059434881455017,False
CGCTCAGCAAACGGGC-1,6699.0,2736,12.19585,0.010609632873021219,False
CGCTCAGCAACTGGGA-1,3860.0,1845,16.554405,0.06260387811634349,False
CGCTCAGCAGCATGAG-1,8450.0,3251,11.56213,0.21972656249999997,True
CGCTCAGCATAAGGAC-1,2197.0,1277,6.8730087,0.04040833687792429,False
CGCTCAGCATTAAACC-1,3523.0,1854,6.1027536,0.04885375494071145,False
CGCTCCATCAATGTGC-1,4574.0,1952,9.13861,0.019445007089325502,False
CGCTCCATCATCCTGC-1,7023.0,2739,13.996868,0.027209302325581396,False
CGCTCCATCGATATTG-1,3421.0,1666,16.5741,0.02093531923757942,False
CGCTCCATCGGGACCT-1,3898.0,1674,6.926629,0.07963446475195822,False
CGCTCCATCTAAGGTC-1,4102.0,1980,13.237445,0.021451104100946368,False
CGCTCCATCTTGCAGG-1,4233.0,1964,6.614694,0.019445007089325502,False
CGCTGTGCAAAGCCTC-1,4947.0,2184,13.381847,0.06767794632438741,False
CGCTGTGCACAGAAAC-1,6080.0,2537,14.621711,0.007222179078978022,False
CGCTGTGCAGTTAGCC-1,6299.0,2680,10.890617,0.04440125579309313,False
CGCTGTGCATTGTGGC-1,2896.0,1497,6.595304,0.06767794632438741,False
CGCTTAACACAGCCAT-1,2903.0,1456,11.918705,0.029868868382710054,False
CGCTTAACAGCCGCTA-1,2584.0,1390,10.990712,0.008391273076000958,False
CGCTTACTCATTTAGG-1,9406.0,3435,15.702743,0.23147675012774666,True
CGCTTACTCCTAATTC-1,4750.0,2262,8.08421,0.07534533277521976,False
CGCTTACTCGCTATGG-1,3729.0,1847,9.814963,0.08190899001109879,False
CGCTTACTCTGCAAAC-1,7711.0,3198,8.403579,0.021976855292493894,False
CGCTTCTAGAGGATAT-1,3049.0,1654,5.0508366,0.021976855292493894,False
CGCTTCTAGCAGGTGG-1,2868.0,1608,5.2998605,0.03513620213185945,False
CGCTTCTAGCCGCAAC-1,6269.0,2633,11.963631,0.04136742315426601,False
CGCTTCTAGGAAACTG-1,5139.0,2259,13.348902,0.029868868382710054,False
CGCTTCTAGGCGAAAC-1,4984.0,2179,5.7182984,0.06423741547708492,False
CGCTTCTAGGTCGATT-1,2900.0,1499,13.275862,0.021451104100946368,False
CGCTTCTAGGTTTGCG-1,3110.0,1637,7.299035,0.04040833687792429,False
CGCTTCTAGTTAGTTG-1,4102.0,1956,11.70161,0.01584606677985286,False
CGCTTCTAGTTTAACG-1,7382.0,3054,10.810079,0.05519591141396934,False
CGCTTGCGTATTCGTC-1,4369.0,1978,6.5690093,0.01234567901234568,False
CGCTTGCGTCCGCTGT-1,2862.0,1532,12.508735,0.03513620213185945,False
CGCTTGCGTGCATTAG-1,2267.0,1314,11.998236,0.018496420047732696,False
CGCTTGCGTGCGCAAT-1,6847.0,2809,9.025851,0.05385002516356318,False
CGCTTGCGTGGAAACG-1,3100.0,1646,9.709677,0.03433029908972692,False
CGCTTGCGTGGCTTCC-1,3201.0,1668,8.653546,0.01626867091618305,False
CGCTTGCGTTACTAGG-1,6189.0,2720,2.698336,0.1665381649961449,False
CGCTTGCGTTAGCCAA-1,3651.0,1803,4.875376,0.08190899001109879,False
CGCTTGCGTTGTGACA-1,3779.0,1500,11.061128,0.025357827115969796,False
CGGAATCGTCAGGCAT-1,9613.0,3186,9.965672,0.023616881696916687,False
CGGAATCGTCTATCGT-1,2893.0,1500,15.658485,0.005071664829106946,False
CGGAATCGTGGAAACG-1,1922.0,1061,11.186264,0.029868868382710054,False
CGGAATCGTTCACCCA-1,1982.0,1209,7.568113,0.04546832373446498,False
CGGAATCGTTCCGGCT-1,6038.0,2557,11.228884,0.46131805157593153,True
CGGAATCGTTGCCTCA-1,3339.0,1799,4.7619047,0.024185532854776367,False
CGGAATCGTTGTGATG-1,3161.0,1724,6.5801964,0.09481481481481482,False
CGGAATCGTTTGTGGA-1,2357.0,1234,13.534154,0.03767403767403767,False
CGGACAACAAGGACCA-1,4113.0,1974,13.9071245,0.04440125579309313,False
CGGACAACACAAAGGT-1,2789.0,1556,5.414127,0.021451104100946368,False
CGGACAACACCTGCCT-1,2449.0,1393,9.26909,0.014620689655172414,False
CGGACAACAGTGAACG-1,4805.0,2214,13.777315,0.03596164091635589,False
CGGACAACATAGACCC-1,6707.0,2726,12.464589,0.00666207213416035,False
CGGACAACATTCCTCG-1,4318.0,1969,5.859194,0.12720519962859794,False
CGGACCTAGCAATAGG-1,6502.0,2854,10.227622,0.23147675012774666,True
CGGACCTAGCACAGGG-1,169.0,140,1.183432,0.011987491313412093,False
CGGACCTAGCTAAAGG-1,3346.0,1657,7.9796767,0.01993253603189206,False
CGGACCTAGGACCTGC-1,5643.0,2500,14.07053,0.03128880059597715,False
CGGACCTAGGAGGACT-1,3391.0,1747,9.849602,0.03767403767403767,False
CGGACCTAGGCAATAG-1,3692.0,1957,8.884074,0.01128783991790662,False
CGGACCTAGGTACCGC-1,3809.0,1876,8.007351,0.10082730093071354,False
CGGACCTAGTCACTCC-1,3635.0,1809,8.775791,0.06949118986339338,False
CGGAGCAAGAGCAAGC-1,2602.0,1373,14.488855,0.03277439024390243,False
CGGAGCAAGCCTTAAA-1,1818.0,1036,12.321232,0.02851033499643621,False
CGGAGCAAGCGAGCGA-1,980.0,541,22.551022,0.05004812319538016,False
CGGAGCAAGCGCATTG-1,3158.0,1599,8.043065,0.010946117946542214,False
CGGAGCAAGCTGAGGG-1,2642.0,1432,12.1877365,0.03277439024390243,False
CGGAGCAAGGCGTAAA-1,8470.0,3079,8.311688,0.052544613350958363,False
CGGAGCAAGGCTATGT-1,1856.0,909,29.903019,0.03767403767403767,False
CGGAGCAAGGGCCACT-1,1806.0,1030,13.399778,0.011987491313412093,False
CGGAGCAAGTCATTTC-1,2732.0,1407,11.822841,0.0594961586564231,False
CGGAGCAAGTTGTCAA-1,4137.0,1799,8.750302,0.03433029908972692,False
CGGAGTCTCAATGAGG-1,3620.0,1782,15.745856,0.05004812319538016,False
CGGAGTCTCACACAGT-1,6733.0,2769,11.777811,0.025962195399681167,False
CGGAGTCTCAGTTCCC-1,2318.0,1324,6.6005177,0.03596164091635589,False
CGGAGTCTCCTAGTTT-1,3236.0,1652,8.343634,0.03277439024390243,False
CGGAGTCTCGCATTAA-1,10610.0,3721,11.573987,0.421792618629174,True
CGGAGTCTCGGCCAGT-1,4154.0,1978,16.851229,0.09481481481481482,False
CGGAGTCTCTTAATGG-1,3997.0,1766,10.007505,0.03354324636936127,False
CGGATAAAGAATGACG-1,2296.0,1328,11.977352,0.010278265229380797,False
CGGATAAAGAGAGGCT-1,1703.0,929,10.628304,0.11098748261474266,False
CGGATAAAGCACTAAC-1,3819.0,1917,8.667191,0.03680733450182013,False
CGGATAAAGCATGAAG-1,4329.0,1812,13.675215,0.03513620213185945,False
CGGATAAAGCGTGCAC-1,4855.0,2264,9.783729,0.008391273076000958,False
CGGATAAAGGCCAATT-1,5403.0,2429,13.122339,0.17379145025968837,False
CGGATAAAGGTCGATT-1,3783.0,1822,7.507269,0.046565237436606725,False
CGGATAAAGTAGAGGC-1,3543.0,1744,12.33418,0.023616881696916687,False
CGGATAAAGTCAGTAC-1,3301.0,1785,7.6643443,0.039473684210526314,False
CGGATTAGTAGCCTCC-1,3609.0,1737,9.310059,0.02476572958500669,False
CGGATTAGTGAGGTAG-1,2572.0,1371,10.8475895,0.10743353228431904,False
CGGCAATGTAGTTAAC-1,3245.0,1646,10.570108,0.018496420047732696,False
CGGCAATGTCGCGCAA-1,3344.0,1450,12.08134,0.15345821325648415,False
CGGCAATGTCGTTACT-1,2383.0,1314,9.735627,0.01896638233818364,False
CGGCAATGTGCTCCGT-1,2587.0,1403,6.8805566,0.05004812319538016,False
CGGCAATGTGTTAAAC-1,5568.0,2461,7.3455462,0.014620689655172414,False
CGGCCATAGAAGGTGC-1,5075.0,2256,14.758621,0.07332101047443006,False
CGGCCATAGATGGAGC-1,2536.0,1455,9.029968,0.039473684210526314,False
CGGCCATAGCATCCAG-1,2004.0,1091,11.676647,0.0594961586564231,False
CGGCCATAGGGACTAA-1,4381.0,1980,13.627026,0.018496420047732696,False
CGGCCATAGTAAGTGG-1,5453.0,2333,8.417385,0.025357827115969796,False
CGGCCATAGTTTCCGC-1,4126.0,1882,3.3204072,0.20897615708274905,True
CGGCTAATCAATGTGC-1,7802.0,3028,15.43194,0.2919020715630885,True
CGGCTAATCCAATTAG-1,4536.0,1927,21.428572,0.38812042310821776,True
CGGCTAATCCAGGAAA-1,3052.0,1558,12.057667,0.03354324636936127,False
CGGCTAATCGCCTGTT-1,5754.0,2372,13.225582,0.07534533277521976,False
CGGCTAATCTAATCCT-1,4222.0,1998,8.882047,0.019445007089325502,False
CGGCTAATCTAATCTC-1,4565.0,2125,11.193867,0.06423741547708492,False
CGGCTAATCTTAGTGA-1,3711.0,1884,9.135004,0.006117362736953402,False
CGGCTCACAAGGTGCA-1,5568.0,2406,12.266522,0.04885375494071145,False
CGGCTCACAATGAGGT-1,4717.0,2158,16.366335,0.07744826114785579,False
CGGCTCACACAAAGGT-1,3668.0,1776,11.095964,0.04136742315426601,False
CGGCTCACACCATATG-1,4851.0,2069,8.554937,0.19910313901345295,True
CGGCTCACAGGCATCT-1,6597.0,2624,11.50523,0.0594961586564231,False
CGGGACAAGCCTGTTC-1,2129.0,1133,10.192579,0.1367661528369957,False
CGGGACAAGCTAAAGG-1,552.0,457,1.8115941,0.019445007089325502,False
CGGGACAAGCTGCACA-1,4444.0,1924,7.8532853,0.0385625431928127,False
CGGGACAAGGAGGTTA-1,9516.0,3544,10.79235,0.3590909090909092,True
CGGGACAAGGCCTGGT-1,3938.0,1859,16.683596,0.31158455392809603,True
CGGGACAAGTAAGAAC-1,3402.0,1650,11.1699,0.07332101047443006,False
CGGGACAAGTTACCGG-1,2722.0,1507,10.249817,0.005071664829106946,False
CGGGCTTAGACTCGCA-1,2585.0,1417,8.162477,0.0594961586564231,False
CGGGCTTAGAGGAGTC-1,2783.0,1475,8.264462,0.014225788801750865,False
CGGGCTTAGATAGACG-1,3433.0,1705,8.622196,0.21972656249999997,True
CGGGCTTAGATTGAGG-1,8884.0,3358,9.815398,0.27434679334916884,True
CGGGCTTAGCTCATAA-1,3047.0,1606,5.940269,0.03767403767403767,False
CGGGCTTAGGACAACA-1,2387.0,1333,6.6191874,0.04235191384078009,False
CGGGCTTAGGATTGCT-1,4888.0,2157,13.461539,0.009630422256975885,False
CGGGCTTAGTATTGTG-1,2035.0,1173,8.992629,0.09481481481481482,False
CGGGCTTAGTCATTAG-1,3742.0,1950,10.582576,0.0053278081989048395,False
CGGGCTTAGTTATTCC-1,4044.0,1666,8.011869,0.13184713375796173,False
CGGGTATGTGATTACG-1,3427.0,1390,4.6688066,0.07332101047443006,False
CGGGTATGTTAACGGC-1,4057.0,1835,17.03229,0.02657921988263721,False
CGGGTCTAGCTCCTAC-1,8378.0,3294,12.138935,0.27434679334916884,True
CGGGTCTAGTAACGGA-1,3653.0,1688,8.321927,0.10743353228431904,False
CGGGTCTAGTCCTGAG-1,2258.0,1186,21.966343,0.03433029908972692,False
CGGGTCTAGTGGCGGA-1,3056.0,1534,9.031413,0.02657921988263721,False
CGGTAACGTAATCGCA-1,6263.0,2663,13.188568,0.051277877258668406,False
CGGTAACGTCATTGTC-1,3117.0,1675,11.902471,0.00666207213416035,False
CGGTAACGTGAACAAA-1,5824.0,2515,10.216347,0.010278265229380797,False
CGGTAACGTGATGGCT-1,7370.0,2929,10.203527,0.02851033499643621,False
CGGTAACGTTACTAGG-1,2366.0,1287,7.692308,0.03277439024390243,False
CGGTAACGTTAGACCA-1,2292.0,1127,13.481675,0.07332101047443006,False
CGGTAACGTTGAGGTC-1,2370.0,1155,29.662449,0.032023106869270374,False
CGGTAACGTTGGTTAG-1,3050.0,1414,17.508198,0.03513620213185945,False
CGGTAACGTTTACTTG-1,2359.0,1271,8.435778,0.051277877258668406,False
CGGTAACGTTTCCTCC-1,6151.0,2570,10.453585,0.14198782961460438,False
CGGTGAACAAACCTTG-1,6059.0,2345,7.6085167,0.14754098360655732,False
CGGTGAACAAGCTACC-1,4023.0,1974,9.271688,0.04136742315426601,False
CGGTGAACAATAAGCA-1,5413.0,2496,10.197672,0.1367661528369957,False
CGGTGAACAATGCCCG-1,3121.0,1634,9.80455,0.025357827115969796,False
CGGTGAACACGAATTT-1,5832.0,2593,11.162552,0.0594961586564231,False
CGGTGAACACGTTACA-1,4041.0,2067,5.023509,0.01626867091618305,False
CGGTGAACACTCGCTC-1,2492.0,1400,9.510433,0.05519591141396934,False
CGGTGAACAGGCATCT-1,8306.0,3076,6.958825,0.06592776609975157,False
CGGTGAACAGGCTAGA-1,6288.0,2867,8.524173,0.23147675012774666,True
CGGTGAACAGTTTGTG-1,2373.0,1315,9.060262,0.09200676165177493,False
CGGTGAACATTATGAC-1,4092.0,2094,9.042033,0.00432338953739732,False
CGGTGAGAGGCCATCA-1,1970.0,1055,12.436548,0.1367661528369957,False
CGGTGAGAGGGTTATC-1,2125.0,1123,24.611765,0.02476572958500669,False
CGGTGAGAGGTTTACA-1,4612.0,2164,9.562012,0.06592776609975157,False
CGGTGAGAGGTTTGAC-1,2920.0,1547,7.3287673,0.008092668993970167,False
CGGTTATAGAACCTAC-1,3812.0,1881,6.32214,0.07963446475195822,False
CGGTTATAGATAGACG-1,3062.0,1587,5.747877,0.13184713375796173,False
CGGTTATAGCAGGCCT-1,2329.0,1297,12.838128,0.0385625431928127,False
CGGTTATAGGTTTGCG-1,5509.0,2438,15.665275,0.2919020715630885,True
CGGTTATAGTAACGGA-1,10392.0,3842,10.229022,0.2919020715630885,True
CGGTTATAGTGGACAA-1,6729.0,2793,10.06093,0.11472602739726025,False
CGGTTATAGTTAGACC-1,7471.0,2892,3.6273592,0.06102433708681438,False
CGGTTATAGTTCCTGC-1,4472.0,1983,11.381932,0.03680733450182013,False
CGGTTATAGTTTGAGC-1,3776.0,1680,12.314618,0.027209302325581396,False
CGGTTCCGTTAACACG-1,3406.0,1471,6.45919,0.05385002516356318,False
CGGTTGGGTCCTAAGA-1,3286.0,1701,13.207547,0.051277877258668406,False
CGGTTGGGTCCTCCAA-1,3928.0,1882,6.771894,0.0580168776371308,False
CGGTTGGGTCTAACAG-1,2502.0,1268,16.426859,0.004569522013490969,False
CGGTTGGGTGGACATC-1,4400.0,2063,8.386364,0.18159203980099492,True
CGGTTGGGTGTTGCAA-1,8663.0,3459,9.35011,0.24437299035369767,True
CGGTTGGGTTAAGGTT-1,3241.0,1598,2.7769208,0.009951899154088572,False
CGGTTGGGTTAATGCG-1,2773.0,1574,4.111071,0.030570902394106814,False
CGGTTGGGTTCATTTG-1,2183.0,1235,13.879982,0.019445007089325502,False
CGGTTGGGTTGTTGTC-1,4207.0,1977,13.5013075,0.047693266832917705,False
CGGTTGGGTTTAAAGC-1,12965.0,4249,9.440802,0.06102433708681438,False
CGGTTGGGTTTACTTG-1,2849.0,1543,5.194805,0.019445007089325502,False
CGGTTTCTCAAGCTTA-1,3080.0,1606,12.012987,0.007508212106992022,False
CGGTTTCTCAATGACC-1,3243.0,1716,10.638298,0.009951899154088572,False
CGGTTTCTCACTTTAC-1,3635.0,1900,4.099037,0.03767403767403767,False
CGGTTTCTCAGTATTG-1,4178.0,1855,5.7922454,0.03680733450182013,False
CGGTTTCTCCCTGGAA-1,5463.0,2589,9.665019,0.021976855292493894,False
CGGTTTCTCCGGAACC-1,279.0,231,1.0752689,0.13184713375796173,False
CGGTTTCTCCTGAATA-1,2793.0,1445,12.817759,0.03513620213185945,False
CGGTTTCTCCTTAATC-1,2064.0,1179,5.5717053,0.09775195756504167,False
CGGTTTCTCCTTTACG-1,11100.0,3935,9.495495,0.33380581148121885,True
CGGTTTCTCGTTATCT-1,5564.0,2467,6.2724657,0.029182178455626276,False
CGGTTTCTCGTTCACC-1,1563.0,881,19.129879,0.11866393202461177,False
CGGTTTCTCTCTAGCC-1,11094.0,3677,10.537228,0.011987491313412093,False
CGGTTTCTCTTAGTGA-1,2374.0,1267,12.6369,0.019445007089325502,False
CGGTTTGAGCCTAACG-1,1950.0,1152,11.384615,0.02785286167587261,False
CGGTTTGAGCTGAGGG-1,2834.0,1388,9.633028,0.03128880059597715,False
CGGTTTGAGGAACACA-1,2473.0,1344,9.704812,0.051277877258668406,False
CGGTTTGAGGAAGTAT-1,2339.0,1294,12.441215,0.039473684210526314,False
CGGTTTGAGTGAACAG-1,2732.0,1479,9.553441,0.032023106869270374,False
CGGTTTGAGTTGCGTG-1,2723.0,1356,17.370548,0.06592776609975157,False
CGGTTTGAGTTGTCTT-1,1444.0,813,23.33795,0.01713621841417369,False
CGGTTTGAGTTTGGTA-1,3175.0,1624,9.795276,0.011987491313412093,False
CGTAACCCAATCCTGA-1,8056.0,3243,11.94141,0.14754098360655732,False
CGTAACCCACCTGCTC-1,2533.0,1390,6.671931,0.02093531923757942,False
CGTAACCCACGTAATT-1,4547.0,1952,14.64702,0.01234567901234568,False
CGTAACCCAGCAACAG-1,2760.0,1277,26.34058,0.024185532854776367,False
CGTAACCCAGGCGATA-1,4038.0,1907,7.5780087,0.04136742315426601,False
CGTAACCCAGGTTAAA-1,10682.0,3528,14.201461,0.06592776609975157,False
CGTAACCCAGTTAAAG-1,3908.0,1789,8.520983,0.0385625431928127,False
CGTAACCCATGGCCCA-1,3326.0,1615,7.2158747,0.08674531575294935,False
CGTAACTAGAATCGCT-1,6727.0,2803,12.486993,0.01896638233818364,False
CGTAACTAGCCGGTAC-1,3298.0,1663,5.6094604,0.06423741547708492,False
CGTAACTAGCGGTTAT-1,7016.0,3062,10.290764,0.38812042310821776,True
CGTAACTAGCTAATCA-1,3645.0,1897,7.297668,0.02042921997523731,False
CGTAACTAGGATGATG-1,4333.0,1753,5.792753,0.06592776609975157,False
CGTAACTAGTGTGATC-1,1788.0,831,10.90604,0.01993253603189206,False
CGTACGGGTCAGTAAT-1,1977.0,1022,27.010622,0.019445007089325502,False
CGTACGGGTCGACTAA-1,8901.0,3468,11.15605,0.27434679334916884,True
CGTACGGGTTGGCCGA-1,1799.0,1018,9.282934,0.07744826114785579,False
CGTAGCGGTACCGGAT-1,3788.0,1944,6.124604,0.03513620213185945,False
CGTAGCGGTACGATTG-1,2900.0,1594,6.137931,0.08190899001109879,False
CGTAGCGGTATTGAGT-1,3514.0,1802,8.366534,0.006940160394818014,False
CGTAGCGGTCAGGCAT-1,2991.0,1484,12.470745,0.009313725490196078,False
CGTAGCGGTCGTTACT-1,2878.0,1523,12.022238,0.07744826114785579,False
CGTAGCGGTGCTAGAC-1,2222.0,1205,12.961297,0.01669865642994242,False
CGTAGCGGTTGTTGCT-1,4489.0,2086,7.3735795,0.19910313901345295,True
CGTAGCGGTTTACGTC-1,8414.0,3280,9.793201,0.421792618629174,True
CGTAGTTAGCGATACT-1,2490.0,1330,18.955824,0.06423741547708492,False
CGTAGTTAGCTTGCTC-1,5909.0,2451,8.529362,0.09200676165177493,False
CGTAGTTAGGACCTGC-1,2997.0,1488,9.275942,0.17379145025968837,False
CGTAGTTAGGACGTAA-1,3332.0,1686,15.366146,0.052544613350958363,False
CGTAGTTAGGCGCTAC-1,4825.0,2266,6.65285,0.1665381649961449,False
CGTAGTTAGGCTAATC-1,9711.0,3497,12.532181,0.04235191384078009,False
CGTAGTTAGGCTAGAA-1,9513.0,3638,4.1627245,0.14754098360655732,False
CGTAGTTAGGGTGAAC-1,2350.0,1269,8.3404255,0.0385625431928127,False
CGTAGTTAGGTTTACA-1,7386.0,2819,6.9049554,0.013455328310010764,False
CGTATTGCAAAGCGCA-1,2020.0,1041,26.732674,0.04040833687792429,False
CGTATTGCAAATACCT-1,2919.0,1612,5.9609456,0.10082730093071354,False
CGTATTGCAAGCTAAA-1,2422.0,1359,4.0875306,0.04235191384078009,False
CGTATTGCAAGGAATC-1,6112.0,2681,7.0026183,0.06949118986339338,False
CGTATTGCAAGTGAAC-1,5986.0,2584,12.813231,0.08190899001109879,False
CGTATTGCACCTATAG-1,3320.0,1627,16.144579,0.06102433708681438,False
CGTATTGCAGAGGGAG-1,2977.0,1523,7.860262,0.08190899001109879,False
CGTATTGCAGCACGTT-1,17959.0,5355,10.089648,0.24437299035369767,True
CGTATTGCAGCTAATT-1,3527.0,1917,7.768642,0.004569522013490969,False
CGTATTGCAGGAACCA-1,2599.0,1248,8.695652,0.10743353228431904,False
CGTATTGCATAGACCC-1,4259.0,2028,12.796432,0.039473684210526314,False
CGTATTGCATTCAGCA-1,2931.0,1604,7.1647906,0.03277439024390243,False
CGTATTGCATTGTGAT-1,4794.0,1920,12.077597,0.021976855292493894,False
CGTCAATAGCCTGATG-1,3960.0,1915,11.565657,0.014620689655172414,False
CGTCAATAGCGCTAAT-1,3959.0,1952,12.3263445,0.08190899001109879,False
CGTCAATAGGACGTAA-1,3579.0,1667,12.908633,0.07137096774193549,False
CGTCAATAGTAAGAAC-1,3271.0,1821,7.5817795,0.019445007089325502,False
CGTCATTGTAACGAGG-1,3864.0,1780,6.780538,0.05658418411489879,False
CGTCATTGTCGTAAAT-1,2917.0,1588,11.484402,0.030570902394106814,False
CGTCATTGTGGAAGGC-1,2005.0,1149,10.473815,0.02851033499643621,False
CGTCATTGTTAGACCA-1,2846.0,1515,14.722417,0.02251286449399657,False
CGTCATTGTTGAGCCG-1,4389.0,1946,8.863067,0.051277877258668406,False
CGTCATTGTTGCATCT-1,5312.0,2418,9.1490965,0.023059434881455017,False
CGTCCTAGTACAATGT-1,3351.0,1552,6.9829903,0.1665381649961449,False
CGTCCTAGTATTGAGT-1,2331.0,1273,9.009008,0.039473684210526314,False
CGTCCTAGTCAGGCCA-1,3189.0,1604,11.006585,0.07744826114785579,False
CGTCCTAGTCTATCGT-1,3540.0,1742,12.175141,0.008092668993970167,False
CGTCCTAGTGTTGTAG-1,3394.0,1642,8.632881,0.15345821325648415,False
CGTCCTAGTTCCTCCT-1,6331.0,2723,8.734797,0.052544613350958363,False
CGTCCTAGTTCGCGCT-1,4700.0,2261,8.12766,0.06767794632438741,False
CGTCCTAGTTCGCTCA-1,2074.0,1157,8.7270975,0.04440125579309313,False
CGTCCTAGTTTGCTGT-1,2508.0,1379,7.137161,0.052544613350958363,False
CGTGACATCATGACCG-1,3973.0,1840,7.727158,0.04885375494071145,False
CGTGACATCCATAAGC-1,2867.0,1585,9.243112,0.04136742315426601,False
CGTGACATCTAAATCG-1,2518.0,1474,13.542494,0.03433029908972692,False
CGTGAGGAGAAAGCAT-1,3061.0,1552,9.245345,0.03277439024390243,False
CGTGAGGAGACTTACA-1,4391.0,1869,12.252335,0.05004812319538016,False
CGTGAGGAGCAGGTTT-1,1562.0,964,5.6978235,0.07137096774193549,False
CGTGAGGAGCTAAGTC-1,2516.0,1326,13.712242,0.04440125579309313,False
CGTGAGGAGCTCAAAC-1,2655.0,1369,12.542373,0.03354324636936127,False
CGTGAGGAGGAGCAAC-1,1762.0,1034,10.953463,0.04546832373446498,False
CGTGAGGAGGATCCGC-1,2782.0,1437,11.358735,0.07534533277521976,False
CGTGAGGAGGGACTAA-1,3848.0,2102,5.8471932,0.021976855292493894,False
CGTGAGGAGGGTCCAC-1,2560.0,1234,7.3437495,0.018496420047732696,False
CGTGAGGAGGTCCTGA-1,2833.0,1385,8.36569,0.08674531575294935,False
CGTGCACAGACAACGA-1,4420.0,2058,17.511312,0.051277877258668406,False
CGTGCACAGCAACATC-1,4589.0,1914,7.757682,0.19910313901345295,True
CGTGCACAGCAAGACA-1,3956.0,1757,18.756319,0.05658418411489879,False
CGTGCACAGCAGCTCA-1,3912.0,1752,21.165644,0.04440125579309313,False
CGTGCACAGCGCAATT-1,4137.0,1969,16.557892,0.04040833687792429,False
CGTGCACAGCTAAAGG-1,2156.0,1173,18.413729,0.021976855292493894,False
CGTGCACAGTTAGCCG-1,2834.0,1481,15.808046,0.07963446475195822,False
CGTGCTGCAAACTGCC-1,3985.0,1826,12.873274,0.03354324636936127,False
CGTGCTGCAAGATTCT-1,3073.0,1706,4.5558085,0.01669865642994242,False
CGTGCTGCAAGGTATA-1,3435.0,1641,7.5109167,0.08190899001109879,False
CGTGCTGCACCATATG-1,3674.0,1810,10.968971,0.0594961586564231,False
CGTGCTGCAGCAACCT-1,2576.0,1365,12.34472,0.02785286167587261,False
CGTGCTGCAGCTTACA-1,1979.0,1160,13.542193,0.01896638233818364,False
CGTGCTGCAGGCATGA-1,5598.0,2405,10.789568,0.14754098360655732,False
CGTGCTGCAGGTTTGC-1,3127.0,1668,14.262872,0.018496420047732696,False
CGTGCTGCAGTAGGAT-1,6115.0,2817,9.533933,0.2919020715630885,True
CGTGCTGCAGTTAAAG-1,4110.0,1808,8.856448,0.01713621841417369,False
CGTGCTGCATTAAGCT-1,3602.0,1738,12.74292,0.04336283185840707,False
CGTGCTGCATTATGGT-1,5452.0,2384,10.619956,0.07744826114785579,False
CGTGCTGCATTGGGAG-1,2787.0,1289,6.2791533,0.06767794632438741,False
CGTGCTTTCAACAAGG-1,5614.0,2375,15.746349,0.06949118986339338,False
CGTGCTTTCAATCTCT-1,3642.0,1654,9.527732,0.07744826114785579,False
CGTGCTTTCAATGACC-1,2843.0,1540,12.48681,0.01896638233818364,False
CGTGCTTTCCAGGAAA-1,4115.0,1649,13.195626,0.024185532854776367,False
CGTGCTTTCCATCAGG-1,7714.0,3009,14.350532,0.03277439024390243,False
CGTGCTTTCCCGTTAC-1,3466.0,1700,14.800922,0.011987491313412093,False
CGTGCTTTCTAATCAG-1,3000.0,1615,8.766666,0.10405083399523428,False
CGTGCTTTCTCACTAT-1,2000.0,1134,6.8,0.08427729950158584,False
CGTGGTTCAATAATGG-1,2601.0,1439,5.536332,0.10743353228431904,False
CGTGGTTCACAACAGG-1,3277.0,1683,8.971621,0.029868868382710054,False
CGTGGTTCAGTCTAGC-1,6144.0,2636,9.033203,0.06949118986339338,False
CGTGGTTCATCTTGAG-1,2602.0,1332,8.800922,0.11098748261474266,False
CGTGTGTCAAACCTAT-1,4781.0,2100,17.213972,0.025357827115969796,False
CGTGTGTCAATTGAAG-1,2502.0,1271,8.673061,0.24437299035369767,True
CGTGTGTCACAGAAAC-1,1812.0,1102,10.871964,0.007222179078978022,False
CGTGTGTCACAGCCTG-1,2945.0,1583,4.6519527,0.1900043084877208,True
CGTGTGTCACCGGCTA-1,1521.0,899,14.727153,0.029868868382710054,False
CGTGTGTCAGCAAGGC-1,5151.0,2356,15.103863,0.27434679334916884,True
CGTGTGTCAGGAATCG-1,486.0,349,17.695473,0.013455328310010764,False
CGTGTGTCAGTTTGGC-1,2206.0,1152,7.570263,0.0580168776371308,False
CGTGTGTCATAAAGCA-1,2652.0,1369,8.559578,0.06767794632438741,False
CGTGTGTCATGATTGT-1,3032.0,1713,5.8707128,0.052544613350958363,False
CGTGTTACAATCCTGA-1,1869.0,1071,11.075441,0.11098748261474266,False
CGTGTTACACAAACTT-1,8407.0,3419,12.929702,0.2585915492957747,True
CGTGTTACAGCCAGAA-1,2063.0,1264,8.434319,0.06423741547708492,False
CGTGTTACATCACAGC-1,2410.0,1307,8.962656,0.052544613350958363,False
CGTGTTACATCCATCT-1,3222.0,1680,11.421477,0.06767794632438741,False
CGTTAAATCAAGTGTC-1,2687.0,1406,7.59211,0.04136742315426601,False
CGTTAAATCAATGAGG-1,3495.0,1775,9.55651,0.06949118986339338,False
CGTTAAATCACGCGGT-1,4903.0,2173,7.199673,0.018496420047732696,False
CGTTAAATCCACCCTG-1,89927.0,10880,4.344635,0.24437299035369767,True
CGTTAAATCCAGGTTG-1,7698.0,3070,12.146011,0.31158455392809603,True
CGTTAAATCCTTGTTG-1,8854.0,3273,9.588886,0.421792618629174,True
CGTTAAATCTCCTCTT-1,1930.0,1074,9.067357,0.18159203980099492,True
CGTTAACAGCATGTTA-1,3452.0,1778,6.141367,0.052544613350958363,False
CGTTAACAGGACAACA-1,3995.0,1829,6.057572,0.04546832373446498,False
CGTTAACAGGCTTAAC-1,4075.0,1899,7.5337424,0.06423741547708492,False
CGTTAACAGTGAACGA-1,1561.0,1047,1.9859065,0.12281757977122211,False
CGTTAGGTCATCCTAT-1,4392.0,2101,6.215847,0.024185532854776367,False
CGTTAGGTCCAGCACA-1,3456.0,1690,10.21412,0.09200676165177493,False
CGTTAGGTCCTGGTGA-1,2543.0,1345,12.22965,0.023616881696916687,False
CGTTAGTAGAGGAGGA-1,5880.0,2569,16.241497,0.03767403767403767,False
CGTTAGTAGCTCGCTT-1,2761.0,1587,5.9760957,0.03767403767403767,False
CGTTAGTAGGAAGTAT-1,3327.0,1780,7.3038774,0.03513620213185945,False
CGTTAGTAGGCGGATG-1,2133.0,1191,5.110173,0.011634922002930278,False
CGTTAGTAGGTGTTAC-1,4937.0,2128,6.7044764,0.08674531575294935,False
CGTTAGTAGTGGCGGA-1,2964.0,1482,11.7408905,0.02093531923757942,False
CGTTATCGTAGGTGTC-1,2266.0,1205,7.369815,0.07963446475195822,False
CGTTATCGTCAAACTG-1,7229.0,2752,8.770231,0.021976855292493894,False
CGTTATCGTGCTAGAC-1,7169.0,3062,11.214952,0.27434679334916884,True
CGTTATCGTGGGTACT-1,11693.0,4282,4.8405027,0.05385002516356318,False
CGTTATCGTTAGGTTG-1,2328.0,1043,16.709621,0.027209302325581396,False
CGTTATCGTTCCGGGA-1,4239.0,1984,13.352206,0.01993253603189206,False
CGTTATTTCAAGGACA-1,4611.0,2126,12.448493,0.04546832373446498,False
CGTTATTTCTTGCTAT-1,2979.0,1529,6.344411,0.05658418411489879,False
CGTTGCAAGCACGTTG-1,431.0,353,5.1044083,0.33380581148121885,True
CGTTGCAAGCAGGTGG-1,2871.0,1500,10.10101,0.04440125579309313,False
CGTTGCAAGCATGAAG-1,6084.0,2534,11.357659,0.12720519962859794,False
CGTTGCAAGCCGCAGT-1,2625.0,1499,11.085714,0.11866393202461177,False
CGTTGCAAGCTGTACG-1,2583.0,1412,10.104529,0.009313725490196078,False
CGTTGCAAGCTTAGTA-1,2981.0,1470,9.023818,0.06949118986339338,False
CGTTGCAAGGACACTT-1,4263.0,1978,11.893033,0.02042921997523731,False
CGTTGCAAGTCATTTC-1,3012.0,1620,11.553785,0.021976855292493894,False
CGTTGCGCAAAGCGCA-1,3778.0,1783,16.066702,0.03277439024390243,False
CGTTGCGCAAAGCGGC-1,3951.0,1726,8.630727,0.019445007089325502,False
CGTTGCGCAACAACAA-1,2615.0,1323,14.646271,0.014620689655172414,False
CGTTGCGCACAGAAAC-1,3854.0,1614,6.382979,0.03680733450182013,False
CGTTGCGCAGGTTAAA-1,5056.0,2356,12.895569,0.04440125579309313,False
CGTTGCGCAGTGAACG-1,4802.0,1957,6.8304873,0.024185532854776367,False
CGTTGCGCATGATTGT-1,3592.0,1951,8.769487,0.01584606677985286,False
CGTTGCGCATGTTGGC-1,3046.0,1515,10.275771,0.07332101047443006,False
CGTTGCGCATTTAAGC-1,3752.0,1771,8.36887,0.0385625431928127,False
CGTTTCTCAACACTTG-1,5137.0,2086,13.68503,0.01669865642994242,False
CGTTTCTCACGAATTT-1,4856.0,2332,5.910214,0.10405083399523428,False
CGTTTCTCATAGCAGG-1,2161.0,1300,7.4039793,0.052544613350958363,False
CGTTTCTCATGGTTAT-1,8091.0,3231,11.098751,0.03128880059597715,False
CGTTTGGAGAGGAAGG-1,5737.0,2459,15.983963,0.008694252133311868,False
CGTTTGGAGCGCAATT-1,4851.0,2078,11.379097,0.02851033499643621,False
CGTTTGGAGGATTGCT-1,4422.0,2233,9.814564,0.006940160394818014,False
CGTTTGGAGGCCATCA-1,3037.0,1533,11.722094,0.027209302325581396,False
CGTTTGGAGTCACGAT-1,3539.0,1746,9.013845,0.010946117946542214,False
CGTTTGGAGTCAGGCC-1,7708.0,3242,5.4099636,0.04040833687792429,False
CGTTTGGAGTTAGTTG-1,4221.0,1872,7.4626865,0.04885375494071145,False
CGTTTGGAGTTGTCCC-1,4642.0,2125,8.961655,0.03433029908972692,False
CGTTTGTGTCACCAAA-1,4391.0,1998,14.028695,0.06592776609975157,False
CGTTTGTGTCCTAATC-1,7382.0,3108,12.137632,0.33380581148121885,True
CGTTTGTGTGCATTTC-1,2706.0,1393,13.266813,0.01626867091618305,False
CGTTTGTGTGGATTAT-1,9989.0,3715,14.866354,0.015430655569063874,False
CTAAAGCTCAACAAGG-1,1836.0,951,16.884531,0.01669865642994242,False
CTAAAGCTCACCATTT-1,7061.0,2954,12.222065,0.06592776609975157,False
CTAAAGCTCACTAGGT-1,2694.0,1497,7.3867855,0.029182178455626276,False
CTAAAGCTCGAGGAGT-1,2529.0,1259,12.930012,0.04136742315426601,False
CTAAAGCTCGTCAAGT-1,4563.0,2043,13.324568,0.01234567901234568,False
CTAAAGCTCTCGCCTG-1,5355.0,2426,10.849673,0.01584606677985286,False
CTAAAGCTCTTTGAGA-1,5131.0,2323,13.642565,0.08931947069943286,False
CTAAATGTCACAAGCT-1,4085.0,1910,9.302325,0.02785286167587261,False
CTAAATGTCCGTCCAT-1,3149.0,1648,11.5909815,0.05519591141396934,False
CTAAATGTCGTTCACC-1,5956.0,2683,9.620551,0.10082730093071354,False
CTAAATGTCTAAGGTC-1,3247.0,1672,4.989221,0.15977653631284908,False
CTAACCACAAACTAAG-1,10738.0,3925,10.0763645,0.33380581148121885,True
CTAACCACAACAGCCT-1,1332.0,931,0.22522523,0.01896638233818364,False
CTAACCACAAGACTCC-1,5500.0,2420,6.2545457,0.0594961586564231,False
CTAACCACAAGATTCT-1,4055.0,1928,10.456226,0.03596164091635589,False
CTAACCACAAGCGATG-1,1565.0,821,24.217253,0.27434679334916884,True
CTAACCACAATTAAGG-1,4058.0,1928,12.025628,0.08931947069943286,False
CTAACCACAGTACCGT-1,5216.0,2401,12.40414,0.0077983458054352115,False
CTAACCACAGTTTGTG-1,3430.0,1838,8.075802,0.009630422256975885,False
CTAACCACATGGCCTG-1,5710.0,2565,5.954466,0.07744826114785579,False
CTAACCACATTAAGTC-1,3300.0,1765,6.575757,0.14754098360655732,False
CTAACCCTCAAACTCA-1,1678.0,914,6.6746125,0.04336283185840707,False
CTAACCCTCAAGCCTG-1,6477.0,2739,8.908445,0.27434679334916884,True
CTAACCCTCATGACCG-1,3973.0,1867,16.813492,0.010609632873021219,False
CTAACCCTCCCTGGAA-1,4829.0,2125,12.818389,0.06949118986339338,False
CTAACCCTCCCTTGCG-1,7753.0,3203,8.97717,0.24437299035369767,True
CTAACCCTCCTCACAC-1,2019.0,1238,11.986132,0.04440125579309313,False
CTAACCCTCTCAATTC-1,3609.0,1844,9.143807,0.12281757977122211,False
CTAACCCTCTCACAAA-1,3987.0,1823,8.853774,0.1367661528369957,False
CTAACCCTCTCCATGC-1,5590.0,2357,4.6869407,0.13184713375796173,False
CTAACCCTCTGGCATG-1,8414.0,3128,12.811979,0.10743353228431904,False
CTAACCCTCTTCAATC-1,3967.0,1926,5.848248,0.014225788801750865,False
CTAACCTGTACCAGGT-1,3309.0,1674,12.299788,0.00666207213416035,False
CTAACCTGTCTTGCTG-1,7780.0,3197,9.434447,0.5083682008368199,True
CTAACCTGTTAAGCTG-1,9610.0,3600,8.293445,0.046565237436606725,False
CTAACCTGTTGCGTAA-1,5797.0,2641,13.299982,0.05385002516356318,False
CTAACCTGTTTAAAGC-1,4840.0,2329,7.830579,0.24437299035369767,True
CTAAGGTTCATTTGCT-1,284.0,224,3.169014,0.01626867091618305,False
CTAAGGTTCCAAGTGT-1,3977.0,1850,5.1546392,0.06767794632438741,False
CTAAGTCAGAACCTAC-1,3227.0,1604,13.94484,0.09775195756504167,False
CTAAGTCAGCATGAAG-1,4296.0,1995,10.218808,0.03277439024390243,False
CTAAGTCAGCTTACTT-1,3701.0,1790,10.078357,0.06260387811634349,False
CTAAGTCAGGATGATG-1,3845.0,1804,15.838751,0.04336283185840707,False
CTAATAGTCAGAAACG-1,2871.0,1569,5.3291535,0.023059434881455017,False
CTAATAGTCCCTCACG-1,3718.0,1999,8.741259,0.004569522013490969,False
CTAATAGTCGTTTCGC-1,1638.0,713,15.079366,0.019445007089325502,False
CTAATAGTCTCTAGCC-1,2971.0,1635,8.481993,0.009313725490196078,False
CTAATCCGTAATCACG-1,11344.0,4046,8.32158,0.2919020715630885,True
CTAATCCGTCTTTATG-1,9587.0,3609,8.636696,0.24437299035369767,True
CTAATCCGTTGGATAT-1,1919.0,1101,10.526316,0.04336283185840707,False
CTAATCCGTTGTTCAC-1,4030.0,2040,6.873449,0.025357827115969796,False
CTAATCGCAATAATCC-1,2736.0,1398,12.061403,0.0580168776371308,False
CTAATCGCACCCTCAC-1,3547.0,1919,5.8359175,0.010609632873021219,False
CTAATCGCACGTGCTG-1,3653.0,1942,9.471666,0.15345821325648415,False
CTAATCGCAGCCAGTT-1,4058.0,1973,7.2695913,0.01758155889822231,False
CTAATCGCAGGTTACC-1,2127.0,1344,4.184297,0.01128783991790662,False
CTAATCGCATTAAAGG-1,5782.0,2515,11.553096,0.04885375494071145,False
CTAATCGCATTGTGCA-1,3865.0,1658,13.997414,0.009951899154088572,False
CTAATCTTCATAACGC-1,7993.0,3066,7.6316776,0.008092668993970167,False
CTAATCTTCCACCTTA-1,3828.0,1881,10.9717865,0.021451104100946368,False
CTAATCTTCCTCAGCT-1,8861.0,3185,14.095475,0.05519591141396934,False
CTAATCTTCTCGCCCA-1,5089.0,2206,14.069562,0.04336283185840707,False
CTAATGTCAAACGGGC-1,3553.0,1738,14.663665,0.008092668993970167,False
CTAATGTCAACAGCCT-1,3093.0,1620,5.0759783,0.06260387811634349,False
CTAATGTCAATCGCAC-1,4373.0,1986,11.205123,0.018496420047732696,False
CTAATGTCAATGAATG-1,3735.0,1829,10.013387,0.03680733450182013,False
CTAATGTCACATTGCA-1,4037.0,2036,7.8275948,0.07744826114785579,False
CTAATGTCAGAGAGCC-1,3776.0,1827,9.613348,0.013079455467568288,False
CTAATGTCAGGCGAGT-1,2623.0,1406,12.428517,0.01803488715876614,False
CTAATGTCATTAGCCA-1,2504.0,1340,6.988818,0.05658418411489879,False
CTAATGTCATTATGGT-1,4628.0,2104,12.057044,0.025962195399681167,False
CTAATTGAGAACAAGT-1,3074.0,1606,6.864021,0.046565237436606725,False
CTAATTGAGAGGAGTC-1,4384.0,2103,17.335766,0.018496420047732696,False
CTAATTGAGGATGATG-1,2874.0,1514,12.143354,0.008391273076000958,False
CTAATTGAGGCTACAT-1,4652.0,2209,10.554601,0.04546832373446498,False
CTAATTGAGGCTAGAA-1,4663.0,2005,7.3557796,0.08427729950158584,False
CTAATTGAGGGTGAGT-1,3611.0,1662,16.532816,0.07332101047443006,False
CTAATTGAGTCGCAAT-1,1830.0,1043,9.617487,0.04336283185840707,False
CTACAACAGAGGATAT-1,7836.0,3011,15.377744,0.032023106869270374,False
CTACAACAGCACAGCC-1,17533.0,5401,13.140935,0.7247437774524157,True
CTACAACAGCATGACT-1,6515.0,2734,8.733691,0.03680733450182013,False
CTACAACAGCTATTAG-1,4344.0,2056,10.888581,0.03596164091635589,False
CTACAACAGGACCGCT-1,2745.0,1469,8.779599,0.13184713375796173,False
CTACAACAGGAGGACT-1,4079.0,1786,3.285119,0.13184713375796173,False
CTACAACAGGCATTAC-1,7398.0,2897,10.435252,0.01669865642994242,False
CTACAACAGGCCTAAT-1,3961.0,1981,7.8767986,0.10405083399523428,False
CTACAACAGTCTATGA-1,4866.0,2069,6.391287,0.05519591141396934,False
CTACAACAGTGAGGGT-1,2425.0,1231,21.773195,0.04440125579309313,False
CTACAACAGTTAACCA-1,3232.0,1688,10.8910885,0.07534533277521976,False
CTACCGGCAACCCTAA-1,4936.0,2178,16.0859,0.015430655569063874,False
CTACCGGCACTTAGGC-1,7240.0,2927,10.7872925,0.0594961586564231,False
CTACCGGCATCCCTCA-1,9775.0,3569,9.565217,0.02093531923757942,False
CTACCTCAGAGGCTAA-1,2933.0,1525,12.376406,0.03433029908972692,False
CTACCTCAGCTCCTTA-1,4108.0,1894,5.769231,0.15345821325648415,False
CTACCTCAGGCTAGAA-1,9985.0,3664,9.594391,0.3590909090909092,True
CTACCTCAGGTACCGC-1,2439.0,1371,9.348094,0.05385002516356318,False
CTACCTCAGTCACTCC-1,9930.0,3406,7.401813,0.10082730093071354,False
CTACCTCAGTTATGTG-1,2644.0,1431,10.96823,0.013837388079949352,False
CTACGAAGTACCTTAC-1,2455.0,1306,16.945011,0.07963446475195822,False
CTACGAAGTACGCGCA-1,4322.0,2185,4.5349374,0.05385002516356318,False
CTACGAAGTAGTTAAC-1,4839.0,2088,14.23848,0.07534533277521976,False
CTACGAAGTAGTTACG-1,4333.0,2094,10.270021,0.05519591141396934,False
CTACGAAGTGCTAGAC-1,7862.0,2819,11.193081,0.00481892523364486,False
CTACGAAGTGGACATC-1,3099.0,1627,5.4856405,0.005071664829106946,False
CTACGAAGTGTCCAGG-1,4291.0,2072,12.654392,0.014225788801750865,False
CTACGAAGTTATCCTA-1,3790.0,1895,7.889182,0.11866393202461177,False
CTACGAAGTTCATTTG-1,2709.0,1382,10.557402,0.10405083399523428,False
CTACGAAGTTCCGCAC-1,2227.0,1287,11.9892235,0.0594961586564231,False
CTACGAAGTTGCACGG-1,3998.0,1998,4.602301,0.03128880059597715,False
CTACGAAGTTGTGACA-1,3027.0,1591,13.247439,0.027209302325581396,False
CTACGAAGTTTAAAGC-1,3100.0,1605,9.83871,0.06949118986339338,False
CTACTAAAGAACAAGT-1,4542.0,2021,16.182299,0.03277439024390243,False
CTACTAAAGCCTTAAA-1,3663.0,1773,8.763309,0.09481481481481482,False
CTACTAAAGCTTAACA-1,3171.0,1600,11.920529,0.013079455467568288,False
CTACTAAAGTGAGGGT-1,1971.0,1144,9.791984,0.05658418411489879,False
CTACTAAAGTTAGCCG-1,4495.0,1982,9.477197,0.009313725490196078,False
CTACTAAAGTTATGGC-1,6532.0,2725,8.2210655,0.18159203980099492,True
CTACTAAAGTTATGTG-1,4312.0,1988,19.596476,0.008391273076000958,False
CTACTTAGTCATAGAT-1,4147.0,1843,12.490957,0.0594961586564231,False
CTACTTAGTCCTAGTT-1,4152.0,1874,11.921966,0.014620689655172414,False
CTAGATTCAAATTGCT-1,4231.0,1959,15.362798,0.07744826114785579,False
CTAGATTCAAGGTACG-1,4553.0,2153,12.585108,0.03596164091635589,False
CTAGATTCAATCCTGA-1,4167.0,2065,8.639309,0.03680733450182013,False
CTAGATTCAATCTCTC-1,6547.0,2419,10.982129,0.05385002516356318,False
CTAGATTCACCTGGTG-1,3131.0,1698,9.038646,0.08674531575294935,False
CTAGATTCAGGAACAT-1,6075.0,2469,14.419752,0.04546832373446498,False
CTAGCGGGTATGGTGC-1,3177.0,1645,8.309727,0.04336283185840707,False
CTAGCGGGTCATTAGG-1,8699.0,3288,7.7710085,0.021976855292493894,False
CTAGCGGGTGATCAGC-1,1914.0,1006,19.958202,0.014225788801750865,False
CTAGCGGGTGCTAGAC-1,2221.0,1184,11.616388,0.039473684210526314,False
CTAGCGGGTGCTGTAA-1,4051.0,1975,13.799063,0.06423741547708492,False
CTAGCGGGTTGGCCGA-1,2846.0,1483,9.24104,0.04546832373446498,False
CTAGCGGGTTTATCTG-1,939.0,468,34.611286,0.3590909090909092,True
CTAGCTGAGACAAGTG-1,2498.0,1333,9.607686,0.039473684210526314,False
CTAGCTGAGACAGGCG-1,1726.0,1073,6.5469294,0.02785286167587261,False
CTAGCTGAGCACGTTG-1,5521.0,2532,10.088752,0.051277877258668406,False
CTAGCTGAGCAGCTAT-1,2664.0,1331,10.322823,0.047693266832917705,False
CTAGCTGAGCCACAAT-1,7430.0,3004,11.049798,0.027209302325581396,False
CTAGCTGAGCTTTGGG-1,3497.0,1688,11.581355,0.04440125579309313,False
CTAGCTGAGGACCTGC-1,3857.0,1712,7.674358,0.14754098360655732,False
CTAGCTGAGGCACAGG-1,2704.0,1522,11.35355,0.011987491313412093,False
CTAGCTGAGGCGAATA-1,3732.0,1791,13.504823,0.06260387811634349,False
CTAGCTGAGGCGGGTA-1,2332.0,1255,8.876501,0.06260387811634349,False
CTAGCTGAGTAATCCA-1,6174.0,2645,12.876579,0.03433029908972692,False
CTAGCTGAGTTGGATC-1,2948.0,1643,5.4274087,0.06423741547708492,False
CTAGCTTGTGCTAGAC-1,4328.0,1911,14.833641,0.008694252133311868,False
CTAGCTTGTGTGTCCC-1,2126.0,1248,8.79586,0.009630422256975885,False
CTAGCTTGTTTATTCG-1,4111.0,2007,5.156896,0.004080463884315269,False
CTAGGACGTAACTACG-1,2850.0,1576,11.508772,0.01669865642994242,False
CTAGGACGTAGCTGGT-1,4702.0,2266,12.505317,0.33380581148121885,True
CTAGGACGTCAGGAAG-1,10656.0,3818,13.513513,0.07744826114785579,False
CTAGGACGTCCGTAGG-1,4668.0,2180,10.58269,0.08674531575294935,False
CTAGGACGTCTTGCAT-1,3061.0,1626,10.029403,0.03277439024390243,False
CTAGGACGTGCTGGTG-1,3795.0,1911,8.774704,0.04336283185840707,False
CTAGGACGTGGTTCTT-1,5093.0,2413,11.074023,0.07534533277521976,False
CTAGGACGTGTTCCCA-1,7025.0,3108,8.327402,0.31158455392809603,True
CTAGGACGTGTTGTAG-1,5184.0,2458,7.7739196,0.2585915492957747,True
CTAGGACGTTCGCGCT-1,3115.0,1598,8.282504,0.03128880059597715,False
CTAGGACGTTCGCTCA-1,2650.0,1496,8.943396,0.011987491313412093,False
CTAGGACGTTGTAACG-1,3443.0,1867,9.787975,0.02476572958500669,False
CTAGGACGTTTCCTCC-1,8255.0,3232,7.8013325,0.01128783991790662,False
CTAGGCGGTACAATGT-1,6359.0,2672,13.744299,0.04546832373446498,False
CTAGGCGGTAGACAAA-1,3525.0,1728,14.241135,0.029182178455626276,False
CTAGGCGGTCATAGAT-1,2817.0,1357,5.7507987,0.01803488715876614,False
CTAGGCGGTCCCGAAG-1,2336.0,1255,15.36815,0.01896638233818364,False
CTAGGCGGTCCTAAGA-1,7280.0,2966,10.673077,0.021976855292493894,False
CTAGGCGGTCTTACTA-1,9438.0,3459,12.52384,0.2585915492957747,True
CTAGGCGGTGTGCAAC-1,2616.0,1368,9.327217,0.09775195756504167,False
CTAGGCGGTTAAGCTG-1,3838.0,1849,13.5747795,0.025962195399681167,False
CTAGGCGGTTGTGACA-1,1897.0,940,9.9630995,0.03680733450182013,False
CTAGTAATCAAACCTA-1,3733.0,1851,4.1521564,0.01896638233818364,False
CTAGTAATCCCAGTAG-1,9413.0,3616,11.144162,0.04440125579309313,False
CTAGTAATCGTCATTT-1,13847.0,4356,9.77107,0.3590909090909092,True
CTAGTAATCTCTAGCC-1,2771.0,1436,6.67629,0.11472602739726025,False
CTAGTAATCTGGTCCT-1,4345.0,1972,13.463752,0.05004812319538016,False
CTAGTAGGTAGCAGCT-1,304.0,237,12.171052,0.27434679334916884,True
CTAGTAGGTCTAGCTT-1,7662.0,2980,11.929,0.38812042310821776,True
CTAGTAGGTGCATTAG-1,2794.0,1585,3.579098,0.03354324636936127,False
CTAGTCGAGACTCGCA-1,3521.0,1695,10.849191,0.05519591141396934,False
CTAGTCGAGATGGAGC-1,3540.0,1795,11.977402,0.04235191384078009,False
CTAGTCGAGCTTTGGG-1,7219.0,2856,9.419587,0.38812042310821776,True
CTAGTCGAGGCTACTG-1,4561.0,2272,12.256084,0.06102433708681438,False
CTAGTCGAGGCTATGT-1,6222.0,2712,14.641595,0.2919020715630885,True
CTAGTCGAGTTATCTC-1,4483.0,1974,14.81151,0.03354324636936127,False
CTAGTCGAGTTATTCC-1,3174.0,1386,12.822936,0.1665381649961449,False
CTAGTCGAGTTCCTCA-1,2921.0,1464,10.647038,0.11098748261474266,False
CTAGTGAGTCTTGCAT-1,3961.0,1986,10.047968,0.030570902394106814,False
CTAGTGAGTGGATGTC-1,2138.0,1161,8.325538,0.06260387811634349,False
CTAGTGAGTGTGCAAC-1,4918.0,2248,17.303783,0.03128880059597715,False
CTAGTGAGTTAGCAGC-1,4434.0,1942,16.418583,0.013837388079949352,False
CTAGTTGCACAAAGAC-1,2721.0,1450,12.164645,0.023616881696916687,False
CTAGTTGCAGGACACA-1,2902.0,1074,9.820813,0.02476572958500669,False
CTAGTTGCATTAGCCA-1,3198.0,1660,11.819887,0.021451104100946368,False
CTATAACCAATAGTCT-1,4189.0,1972,13.53545,0.06767794632438741,False
CTATAACCACAGAAAC-1,5261.0,2326,18.494583,0.03513620213185945,False
CTATAACCAGAATGAC-1,1224.0,700,25.653595,0.032023106869270374,False
CTATAACCAGACAAAC-1,7146.0,2854,12.734397,0.09481481481481482,False
CTATAACCAGCATGTC-1,2409.0,1264,10.79286,0.07137096774193549,False
CTATAACCAGGTATTT-1,2880.0,1544,5.868056,0.17379145025968837,False
CTATGACAGCTTCCCG-1,6120.0,2663,12.990196,0.0385625431928127,False
CTATGACAGGAACGCG-1,4429.0,2159,12.46331,0.02093531923757942,False
CTATGACAGGACCTCA-1,3338.0,1330,37.3577,0.04336283185840707,False
CTATGACAGGATTGAG-1,2934.0,1534,10.327198,0.01896638233818364,False
CTATGACAGTCAGTAC-1,2111.0,1175,8.526765,0.07332101047443006,False
CTATGACAGTGCACGC-1,4646.0,1989,7.1028843,0.00666207213416035,False
CTATGACAGTTAGCCG-1,4831.0,2143,11.571103,0.03680733450182013,False
CTATGACAGTTGCGTG-1,4679.0,2044,19.469973,0.10405083399523428,False
CTATGAGGTAGTAAGA-1,1342.0,756,18.256334,0.023059434881455017,False
CTATGAGGTCAAGTAT-1,4172.0,1981,16.466923,0.046565237436606725,False
CTATGAGGTGAACAAA-1,5460.0,2287,16.410257,0.03433029908972692,False
CTATGAGGTGCATTAG-1,3759.0,1837,3.2987497,0.023616881696916687,False
CTATGAGGTGGATTAT-1,3168.0,1390,20.391413,0.008694252133311868,False
CTATGAGGTGTTTCAC-1,2114.0,1144,5.9602647,0.052544613350958363,False
CTATGAGGTTAACAGT-1,5143.0,2325,11.80245,0.06260387811634349,False
CTATGATCAAAGCGCA-1,566.0,350,29.681978,0.01626867091618305,False
CTATGATCACCATATG-1,5283.0,2333,11.054325,0.03513620213185945,False
CTATGATCACTAAATC-1,4399.0,1809,4.978404,0.11472602739726025,False
CTATGATCACTTACAG-1,4812.0,2050,15.440565,0.03354324636936127,False
CTATGATCACTTGTTC-1,3045.0,1660,9.655172,0.039473684210526314,False
CTATGGCCAAACGCGA-1,4246.0,2080,9.114461,0.052544613350958363,False
CTATGGCCAAGGTATA-1,2969.0,1584,7.948805,0.07963446475195822,False
CTATGGCCACTAAATC-1,1961.0,1059,20.856705,0.02476572958500669,False
CTATGGCCACTTAGGC-1,3064.0,1658,7.898172,0.07332101047443006,False
CTATGGCCATTGTGCA-1,7282.0,2819,9.406756,0.10082730093071354,False
CTATGTTTCAAGGACA-1,6842.0,2918,8.082433,0.00481892523364486,False
CTATGTTTCAGGTTTA-1,4083.0,1861,11.486651,0.030570902394106814,False
CTATGTTTCATGCTCC-1,3633.0,1792,11.037709,0.02785286167587261,False
CTATGTTTCCTAAGAC-1,3509.0,1734,10.857795,0.1665381649961449,False
CTATGTTTCGGCTAGC-1,3862.0,1781,10.331435,0.08931947069943286,False
CTATGTTTCTTTAGGA-1,6497.0,2674,13.991073,0.01626867091618305,False
CTATTACTCCGGTTGA-1,5392.0,2577,7.9562316,0.12720519962859794,False
CTATTACTCCTCCATA-1,5232.0,2264,13.723242,0.006117362736953402,False
CTATTACTCGATATTG-1,3552.0,1750,5.2646394,0.04440125579309313,False
CTATTACTCGATTTAG-1,3690.0,1741,11.463415,0.24437299035369767,True
CTATTACTCGCACACA-1,4026.0,2061,5.0422254,0.014225788801750865,False
CTATTACTCGTAACGT-1,1689.0,1017,10.065127,0.018496420047732696,False
CTATTACTCTAGCGAT-1,7404.0,3095,14.627229,0.23147675012774666,True
CTATTACTCTCAATGA-1,3482.0,1695,12.866169,0.0385625431928127,False
CTATTACTCTGTAATG-1,2758.0,1448,8.701958,0.06260387811634349,False
CTATTCAGTAATCGTG-1,2267.0,1178,18.173798,0.051277877258668406,False
CTATTCAGTAGCAGCT-1,5175.0,2124,5.15942,0.09481481481481482,False
CTATTCAGTGAGAAAC-1,3215.0,1608,7.216174,0.05519591141396934,False
CTATTCAGTGTGCACG-1,1663.0,1008,8.298256,0.02251286449399657,False
CTATTCAGTTAGGTTG-1,12467.0,4563,8.454319,0.38812042310821776,True
CTATTCAGTTCATCTA-1,2247.0,1229,8.055184,0.04336283185840707,False
CTATTCAGTTGTGATG-1,3715.0,1769,8.882907,0.15345821325648415,False
CTATTGAAGCACTAAC-1,6368.0,2663,14.007537,0.06767794632438741,False
CTATTGAAGCTGTAAC-1,6858.0,2921,10.23622,0.07744826114785579,False
CTATTGAAGGATCACT-1,2581.0,1359,6.315382,0.15345821325648415,False
CTATTGAAGGGTTATC-1,7193.0,3137,7.2709575,0.38812042310821776,True
CTCAATAAGCATGGTT-1,3084.0,1630,13.488976,0.05519591141396934,False
CTCAATAAGCTATATG-1,3431.0,1741,11.920723,0.01234567901234568,False
CTCAATAAGTAACCCG-1,3375.0,1741,8.237037,0.05385002516356318,False
CTCAATAAGTCATTAG-1,6365.0,2632,12.553024,0.01669865642994242,False
CTCAATAAGTGAGGGT-1,3488.0,1628,16.083715,0.15977653631284908,False
CTCACAACAAGGTATA-1,2519.0,1370,7.820564,0.039473684210526314,False
CTCACAACAATTAGCT-1,3450.0,1826,5.652174,0.013079455467568288,False
CTCACAACACCCACAG-1,5746.0,2643,6.404455,0.11472602739726025,False
CTCACAACATATTGAC-1,2729.0,1416,10.736533,0.004569522013490969,False
CTCACAACATCATGTG-1,3266.0,1636,8.940599,0.12281757977122211,False
CTCACAACATGGCCTG-1,12497.0,4120,9.914379,0.38812042310821776,True
CTCACACTCGCTAGCA-1,4778.0,2188,8.078694,0.01669865642994242,False
CTCACACTCTAGCGTG-1,6039.0,2625,16.857096,0.05004812319538016,False
CTCACACTCTTGGATA-1,2645.0,1354,12.1361065,0.0038406827880512096,False
CTCACTCAGTATCGCG-1,3165.0,1661,5.6240125,0.07137096774193549,False
CTCAGGATCACCGGTA-1,4387.0,1883,6.519262,0.12720519962859794,False
CTCAGGATCATGCTAA-1,7078.0,2933,8.73128,0.21972656249999997,True
CTCAGGATCGATTTGA-1,5244.0,2367,8.390541,0.0594961586564231,False
CTCAGGATCTCATCAT-1,2624.0,1350,6.0213413,0.11866393202461177,False
CTCAGGATCTGTGCCT-1,2897.0,1532,11.667242,0.029182178455626276,False
CTCATCATCACTCAAA-1,7545.0,3104,8.827038,0.10405083399523428,False
CTCATCATCCACAATA-1,2859.0,1441,9.758657,0.06102433708681438,False
CTCATCATCCAGGAAA-1,3600.0,1725,6.888889,0.12281757977122211,False
CTCATCATCCCTCGCA-1,5276.0,2466,5.7240334,0.03128880059597715,False
CTCATCATCCGGTTAG-1,4119.0,1956,7.696043,0.10082730093071354,False
CTCATCATCGCTATGG-1,4142.0,1982,8.353453,0.010609632873021219,False
CTCATCATCTATGACA-1,10011.0,3614,7.022276,0.31158455392809603,True
CTCATGACAACCCTCC-1,3105.0,1682,11.884058,0.03433029908972692,False
CTCATGACAACTAACT-1,4133.0,1991,9.121703,0.030570902394106814,False
CTCATGACAAGGTCGA-1,3077.0,1624,13.032174,0.01713621841417369,False
CTCATGACAATTGAAG-1,3664.0,1820,12.936682,0.05385002516356318,False
CTCATGACACAGCCAT-1,3085.0,1589,6.4181523,0.19910313901345295,True
CTCATGACACTAAGAA-1,6426.0,2337,4.7463427,0.06767794632438741,False
CTCATGACAGTAAGTA-1,2569.0,1478,6.3059554,0.01234567901234568,False
CTCATGACAGTTATGT-1,2321.0,1110,10.124947,0.03513620213185945,False
CTCATGACATCGCTTT-1,154.0,120,13.636364,0.009001703024896602,False
CTCATGACATTAAAGG-1,6547.0,2652,18.00825,0.04040833687792429,False
CTCATGCTCACAGCCA-1,4404.0,2035,10.603996,0.05004812319538016,False
CTCATGCTCATGCTTT-1,6241.0,2567,6.265022,0.01713621841417369,False
CTCATGCTCCCTGGTT-1,3188.0,1768,7.151819,0.1367661528369957,False
CTCATGCTCCTAATGA-1,4924.0,2197,11.190089,0.04440125579309313,False
CTCATGCTCGCTAGTG-1,3568.0,1870,6.1939464,0.024185532854776367,False
CTCATGCTCTGTAATG-1,2845.0,1520,10.544816,0.013455328310010764,False
CTCATTAGTATCTGGA-1,4275.0,1962,8.77193,0.14198782961460438,False
CTCATTAGTCATCAAG-1,4541.0,2123,6.518388,0.18159203980099492,True
CTCATTAGTGAGGTAG-1,3029.0,1541,5.3813143,0.06102433708681438,False
CTCATTAGTGATTACG-1,4172.0,1986,11.26558,0.02785286167587261,False
CTCATTAGTTACGCGG-1,3478.0,1642,16.158712,0.00481892523364486,False
CTCATTAGTTGCTGGG-1,4057.0,2044,5.54597,0.06767794632438741,False
CTCATTAGTTTATCGC-1,2353.0,1268,7.7773056,0.06592776609975157,False
CTCATTAGTTTCCGGC-1,2948.0,1397,21.09905,0.00481892523364486,False
CTCATTAGTTTGTCTA-1,4922.0,2252,10.7476635,0.03128880059597715,False
CTCATTGTCAAAGGCA-1,2984.0,1530,8.143432,0.032023106869270374,False
CTCATTGTCATGGCTG-1,3210.0,1784,7.9439254,0.010278265229380797,False
CTCATTGTCATGTGGT-1,7621.0,3114,10.877837,0.024185532854776367,False
CTCATTGTCCCTGTTA-1,3353.0,1730,8.320907,0.08931947069943286,False
CTCATTGTCCTCCTAA-1,9333.0,3552,8.711025,0.2585915492957747,True
CTCATTGTCGAGGTGG-1,4560.0,1959,9.254386,0.06260387811634349,False
CTCATTGTCGCACAAT-1,2203.0,1088,12.074444,0.029182178455626276,False
CTCATTGTCTACTAAG-1,4081.0,2013,5.219309,0.07332101047443006,False
CTCATTTAGATGGAGC-1,4356.0,1820,6.2901745,0.02657921988263721,False
CTCATTTAGCATGTTA-1,3548.0,1644,7.328072,0.046565237436606725,False
CTCATTTAGGGTCTAT-1,5640.0,2581,9.521276,0.02657921988263721,False
CTCATTTAGGTCGATT-1,4540.0,2124,8.39207,0.03513620213185945,False
CTCATTTAGGTTACAC-1,2764.0,1479,10.7452965,0.010278265229380797,False
CTCCAAACAAGTAAGC-1,2292.0,1244,10.209424,0.06423741547708492,False
CTCCAACTCCCTGGTT-1,1378.0,842,14.150943,0.24437299035369767,True
CTCCAACTCCGCACAA-1,12443.0,4089,4.556779,0.23147675012774666,True
CTCCAACTCCGCCTAT-1,3951.0,1965,4.808909,0.05519591141396934,False
CTCCAACTCCGGGACT-1,4654.0,2212,13.579716,0.07963446475195822,False
CTCCAACTCCTACCTA-1,12450.0,4030,7.991968,0.13184713375796173,False
CTCCAACTCCTAGTAA-1,5184.0,2118,5.729167,0.09775195756504167,False
CTCCAACTCGGTACGC-1,3845.0,1644,12.275682,0.014620689655172414,False
CTCCAACTCTAATCTC-1,3817.0,1752,9.038511,0.1900043084877208,True
CTCCATCAGAGAGGCT-1,4305.0,1779,14.796747,0.010946117946542214,False
CTCCATCAGCCTAACG-1,6698.0,2744,12.959093,0.10743353228431904,False
CTCCATCAGCCTGAGC-1,2550.0,1364,13.098039,0.12720519962859794,False
CTCCATCAGCTTAGTA-1,3295.0,1586,16.358118,0.01234567901234568,False
CTCCATCAGCTTATGA-1,2732.0,1338,7.796486,0.01234567901234568,False
CTCCATCAGGATGATG-1,2738.0,1485,8.436815,0.009630422256975885,False
CTCCATCAGGCTATGT-1,8832.0,3108,9.544837,0.10743353228431904,False
CTCCATCAGTACTGGT-1,7110.0,2734,11.448665,0.05658418411489879,False
CTCCATCAGTATTGTG-1,2696.0,1527,7.6409497,0.06767794632438741,False
CTCCATCAGTTATTCC-1,9350.0,3390,6.9732623,0.011987491313412093,False
CTCCCTGAGCTGTCAG-1,3852.0,1755,13.992731,0.06260387811634349,False
CTCCCTGAGTATCGCG-1,13383.0,4334,8.495853,0.27434679334916884,True
CTCCCTGAGTCACGAT-1,3307.0,1704,8.557605,0.1367661528369957,False
CTCCCTGAGTTCCCGT-1,6319.0,2715,11.679063,0.08674531575294935,False
CTCCGGACACAAGCCT-1,3571.0,1897,7.532904,0.011634922002930278,False
CTCCGGACAGGCGAGT-1,7837.0,3247,12.759985,0.23147675012774666,True
CTCCGGACAGGCTTCG-1,8115.0,3203,13.75231,0.31158455392809603,True
CTCCGGACATTCCTGT-1,3737.0,1905,5.4054055,0.04885375494071145,False
CTCCGTCCAATCGCAC-1,5488.0,2399,7.0517497,0.06102433708681438,False
CTCCGTCCACCTATAG-1,3052.0,1542,7.0445614,0.06260387811634349,False
CTCCGTCCACCTGCTC-1,4312.0,2137,5.93692,0.0058505850585058505,False
CTCCGTCCAGAGAGCC-1,3472.0,1747,12.874424,0.03128880059597715,False
CTCCGTCCAGATAGAC-1,10256.0,3605,9.457878,0.023616881696916687,False
CTCCGTCCAGCAAGTG-1,2819.0,1637,6.420717,0.006940160394818014,False
CTCCGTCCAGGCTTGT-1,4081.0,1855,9.384954,0.024185532854776367,False
CTCCGTCCATATAACC-1,3694.0,1817,6.307526,0.02851033499643621,False
CTCCTAATCACACAGT-1,4398.0,1966,5.388813,0.02476572958500669,False
CTCCTAATCACGCGGT-1,3238.0,1722,7.7825823,0.047693266832917705,False
CTCCTAATCATAGCCG-1,12535.0,4338,8.8711605,0.23147675012774666,True
CTCCTAATCATTTGTC-1,2954.0,1494,5.8903184,0.07963446475195822,False
CTCCTAATCCAATTAG-1,2481.0,1393,10.923015,0.005587424569768309,False
CTCCTAATCCCTGATC-1,6490.0,2696,11.001541,0.10405083399523428,False
CTCCTAATCCTCACTA-1,3711.0,1922,7.706817,0.006117362736953402,False
CTCCTAATCCTGGTGA-1,3531.0,1883,7.0235057,0.00313960789785809,False
CTCCTAATCGATCAGT-1,3760.0,1803,10.452127,0.04136742315426601,False
CTCCTAATCGTAACGT-1,4071.0,1797,5.5023336,0.11866393202461177,False
CTCCTAATCTAATCTC-1,4440.0,2072,7.0495496,0.023616881696916687,False
CTCCTAATCTCGCCCA-1,6601.0,2803,12.589002,0.2585915492957747,True
CTCCTAATCTCGCCTG-1,4410.0,2031,11.156463,0.03433029908972692,False
CTCCTAATCTGTAATG-1,2170.0,1298,3.824885,0.06767794632438741,False
CTCCTAATCTTGTTCG-1,3339.0,1735,7.277628,0.009001703024896602,False
CTCCTCACAATTAAGG-1,3732.0,1909,3.9389067,0.11472602739726025,False
CTCCTCACACTAGCGT-1,3610.0,1804,8.365651,0.33380581148121885,True
CTCCTCACAGGCATCT-1,6278.0,2577,9.286397,0.01993253603189206,False
CTCCTCACAGGCTAAG-1,3611.0,1848,9.027969,0.01993253603189206,False
CTCCTGAGTCAAGTGC-1,2841.0,1531,9.503696,0.05385002516356318,False
CTCCTGAGTGCTCCAC-1,4159.0,2133,3.486415,0.04040833687792429,False
CTCCTGAGTTATCCTA-1,1896.0,1149,8.755274,0.011987491313412093,False
CTCCTGAGTTTCCGGC-1,2340.0,1305,4.871795,0.01993253603189206,False
CTCCTGAGTTTCGCCA-1,4007.0,2030,4.8664837,0.023059434881455017,False
CTCGACAAGCGCATTG-1,4765.0,2264,10.975866,0.025357827115969796,False
CTCGACAAGGCGAATA-1,3202.0,1600,11.64897,0.012709620476610766,False
CTCGACAAGTAACCAC-1,2845.0,1538,8.084358,0.06949118986339338,False
CTCGACAAGTTACCGG-1,4734.0,2166,8.217153,0.07744826114785579,False
CTCGCTAGTACGTTTC-1,3264.0,1620,14.0625,0.1665381649961449,False
CTCGCTAGTAGCCATA-1,2551.0,1343,4.97844,0.046565237436606725,False
CTCGCTAGTAGCTGGT-1,2801.0,1483,8.211353,0.046565237436606725,False
CTCGCTAGTAGTTAAC-1,2351.0,1394,5.274351,0.03354324636936127,False
CTCGCTAGTCCAAGAC-1,8326.0,3219,9.236128,0.01713621841417369,False
CTCGCTAGTCTATCGT-1,3498.0,1697,6.1177816,0.05385002516356318,False
CTCGCTAGTGGGTACT-1,4777.0,2170,14.130208,0.024185532854776367,False
CTCGCTCCAATGAAGC-1,5017.0,2218,15.587004,0.03767403767403767,False
CTCGCTCCAATTGAGA-1,14857.0,4586,15.494379,0.33380581148121885,True
CTCGCTCCACAATTAC-1,3660.0,1754,4.7540984,0.07137096774193549,False
CTCGCTCCACTTCACT-1,3639.0,1708,16.652927,0.052544613350958363,False
CTCGCTCCAGTTGCGT-1,4190.0,1808,4.033413,0.046565237436606725,False
CTCGCTCCATGTTGTG-1,14251.0,4508,11.367623,0.06767794632438741,False
CTCGCTCCATTGTGTG-1,3834.0,1980,8.242044,0.008092668993970167,False
CTCGTTATCAAGCGCC-1,4673.0,2050,7.9820247,0.05004812319538016,False
CTCGTTATCACCGGTA-1,3154.0,1533,21.36969,0.04040833687792429,False
CTCGTTATCAGGTCCA-1,6201.0,2567,15.884535,0.023059434881455017,False
CTCGTTATCATAACTG-1,4223.0,1967,14.302628,0.06102433708681438,False
CTCGTTATCCACAATA-1,4549.0,2265,9.122885,0.03433029908972692,False
CTCGTTATCCCTCGCA-1,4183.0,2194,8.152044,0.008391273076000958,False
CTCGTTATCCTGGTGA-1,2423.0,1286,8.047874,0.021976855292493894,False
CTCGTTATCCTTGCAC-1,4647.0,1969,8.629223,0.0594961586564231,False
CTCGTTATCGTTTCGC-1,3324.0,1682,13.20698,0.023059434881455017,False
CTCGTTATCTATTGTC-1,7296.0,3083,8.292214,0.13184713375796173,False
CTCTAAGCAAACGCGA-1,2302.0,1289,6.863597,0.03277439024390243,False
CTCTAAGCAACAACAA-1,3349.0,1507,10.630039,0.08427729950158584,False
CTCTAAGCAACTGGGA-1,3949.0,1805,17.548746,0.06423741547708492,False
CTCTAAGCAAGGTCGA-1,191.0,114,27.748692,0.013079455467568288,False
CTCTAAGCAATTGACT-1,1821.0,1072,8.127402,0.023059434881455017,False
CTCTAAGCACAGCCTG-1,7206.0,2810,7.715792,0.047693266832917705,False
CTCTAAGCAGTTTACG-1,9103.0,3751,10.469076,0.5083682008368199,True
CTCTAGCTCCAGGTCA-1,7665.0,2982,11.806914,0.024185532854776367,False
CTCTAGCTCGAGGTGG-1,4471.0,2016,14.582868,0.10743353228431904,False
CTCTAGCTCGGGACTC-1,3246.0,1598,6.531115,0.06592776609975157,False
CTCTAGCTCGGTCAGC-1,7294.0,2756,8.678366,0.23147675012774666,True
CTCTATGTCAGGTTTA-1,3789.0,1863,4.486672,0.047693266832917705,False
CTCTATGTCCAAATCA-1,3540.0,1780,12.20339,0.01713621841417369,False
CTCTATGTCCCTCAAC-1,5196.0,2366,8.371825,0.03354324636936127,False
CTCTATGTCCGCAAGC-1,3480.0,1629,5.143678,0.06767794632438741,False
CTCTATGTCGGTTCCT-1,2892.0,1511,8.264177,0.04336283185840707,False
CTCTATGTCTCCTCAA-1,3345.0,1734,8.908819,0.032023106869270374,False
CTCTCACAGCGATAAG-1,5901.0,2666,12.099644,0.33380581148121885,True
CTCTCACAGCGCATTG-1,6542.0,2671,9.156221,0.06260387811634349,False
CTCTCACAGGCCAATT-1,3716.0,1785,8.6921425,0.04040833687792429,False
CTCTCACAGGTCCGTA-1,3320.0,1724,1.9578314,0.010609632873021219,False
CTCTCACAGTTGGATC-1,6916.0,2822,9.282823,0.10082730093071354,False
CTCTGTTCACGTTACA-1,3761.0,1892,7.524595,0.01234567901234568,False
CTCTGTTCAGCTTACA-1,5907.0,2527,9.209413,0.02476572958500669,False
CTCTGTTCAGGTTCAC-1,2956.0,1520,6.1231394,0.06592776609975157,False
CTCTGTTCATAATCCG-1,3892.0,1858,10.071942,0.018496420047732696,False
CTCTTGATCACAGCGC-1,5747.0,2465,15.45154,0.046565237436606725,False
CTCTTGATCAGGGCCT-1,2511.0,1388,14.416567,0.009001703024896602,False
CTCTTGATCATGCATA-1,4147.0,2126,5.835544,0.02042921997523731,False
CTCTTGATCATTTAGG-1,1829.0,1044,8.201202,0.04440125579309313,False
CTCTTGATCGTTAACA-1,7239.0,2877,14.311369,0.012709620476610766,False
CTCTTGATCTATCGCC-1,2306.0,1203,12.619254,0.03277439024390243,False
CTCTTGATCTCCATAT-1,6150.0,2514,11.934959,0.03128880059597715,False
CTGAAACTCACATTGA-1,4374.0,2215,5.3726563,0.006387832699619771,False
CTGAAACTCATTATGG-1,2455.0,1297,8.79837,0.05385002516356318,False
CTGAAACTCGGCCAGT-1,3772.0,1844,11.240721,0.051277877258668406,False
CTGAAACTCGTTTCTG-1,3805.0,1785,15.821287,0.032023106869270374,False
CTGAATATCAAGCTTA-1,11168.0,3927,5.1307306,0.38812042310821776,True
CTGAATATCATCCTCA-1,6477.0,2754,18.681488,0.11098748261474266,False
CTGAATATCCGGTATG-1,2545.0,1306,7.269155,0.04040833687792429,False
CTGAATATCCTTAGTT-1,2286.0,1288,7.611549,0.04336283185840707,False
CTGAATATCGATCAGT-1,2878.0,1503,15.496872,0.07963446475195822,False
CTGAATATCGCCTAAG-1,1755.0,994,10.02849,0.051277877258668406,False
CTGAATATCTACCTGC-1,3713.0,1872,8.510638,0.05004812319538016,False
CTGAATATCTCGCCTG-1,4774.0,2349,9.740259,0.12281757977122211,False
CTGAATATCTTAGTGA-1,2805.0,1620,4.7415333,0.039473684210526314,False
CTGACATAGAGGATAT-1,3009.0,1466,10.269193,0.08427729950158584,False
CTGACATAGCAAGGGT-1,2921.0,1481,12.016433,0.03433029908972692,False
CTGACATAGCTAAAGG-1,3423.0,1641,15.162139,0.05385002516356318,False
CTGACATAGGACCGCT-1,3158.0,1649,11.241292,0.0058505850585058505,False
CTGACATAGGATTGCT-1,3147.0,1659,8.802034,0.014620689655172414,False
CTGACATAGGTTAGAG-1,4538.0,2032,16.372852,0.06767794632438741,False
CTGACATAGTTATCTC-1,7805.0,2897,11.262012,0.009313725490196078,False
CTGACCAAGCAGCTCA-1,3922.0,1582,8.54156,0.008092668993970167,False
CTGACCAAGCCTTAAA-1,3804.0,1735,3.7329125,0.08427729950158584,False
CTGACCAAGCGCCTTT-1,4785.0,2143,11.243469,0.07332101047443006,False
CTGACCAAGGACAACA-1,8216.0,3219,8.227848,0.08190899001109879,False
CTGACCAAGTACTGGT-1,3333.0,1792,5.460546,0.15977653631284908,False
CTGACCAAGTATTGCA-1,5303.0,2292,11.86121,0.03128880059597715,False
CTGACCAAGTTATGTG-1,6697.0,2548,16.410334,0.0594961586564231,False
CTGACCAAGTTGGGCC-1,3706.0,1876,6.880734,0.07963446475195822,False
CTGATCACAGCTTAGC-1,5030.0,2458,9.105368,0.02476572958500669,False
CTGATCACAGGACCTT-1,3410.0,1648,14.222874,0.032023106869270374,False
CTGATCACATGTCAAT-1,3872.0,1796,7.308884,0.04336283185840707,False
CTGCAATAGGATTGAG-1,3762.0,1884,11.057947,0.07963446475195822,False
CTGCAATAGTCATGCG-1,4694.0,2093,15.78611,0.06260387811634349,False
CTGCAATAGTTATCCT-1,3822.0,1869,6.5410776,0.05519591141396934,False
CTGCTACTCATTAGTG-1,2101.0,1191,9.376487,0.015022255192878337,False
CTGCTACTCCCTCAGT-1,3499.0,1801,6.630466,0.03680733450182013,False
CTGCTACTCTTGGACG-1,2650.0,1355,7.7358494,0.08190899001109879,False
CTGCTATGTCCCGGAA-1,3681.0,1832,5.677805,0.03354324636936127,False
CTGCTATGTGCAATAT-1,5925.0,2300,10.734178,0.04440125579309313,False
CTGCTATGTTAGGCGT-1,4851.0,2123,10.245311,0.04546832373446498,False
CTGCTCCCAAGCCACT-1,3804.0,1889,8.51735,0.08190899001109879,False
CTGCTCCCAAGGTCCT-1,3670.0,1886,7.60218,0.051277877258668406,False
CTGCTCCCAAGTTATC-1,2801.0,1499,12.3884325,0.03433029908972692,False
CTGCTCCCAATAGCAA-1,4710.0,2119,6.5180464,0.05658418411489879,False
CTGCTCCCAATCCTAG-1,4703.0,2038,4.57155,0.05385002516356318,False
CTGCTCCCAGGTTATT-1,2803.0,1540,6.457367,0.12720519962859794,False
CTGGACCAGCCAAATC-1,6764.0,2665,14.325842,0.04136742315426601,False
CTGGATGTCAATGACC-1,2856.0,1622,4.691877,0.12720519962859794,False
CTGGATGTCAATGAGG-1,1635.0,772,17.247707,0.02785286167587261,False
CTGGATGTCACGCCAA-1,3264.0,1453,13.112744,0.009630422256975885,False
CTGGATGTCATAACTG-1,5757.0,2687,10.96057,0.08674531575294935,False
CTGGATGTCCATAATG-1,2917.0,1451,10.181694,0.07332101047443006,False
CTGGATGTCGGGACCT-1,2134.0,1209,8.856607,0.0594961586564231,False
CTGGATGTCGGTCAAT-1,2445.0,1228,5.3169737,0.06423741547708492,False
CTGGATGTCGTCAAGT-1,1938.0,1118,6.811146,0.04040833687792429,False
CTGGATGTCGTTAAGC-1,3517.0,1591,12.73813,0.03354324636936127,False
CTGGATGTCTCCATGC-1,9010.0,3367,12.45283,0.421792618629174,True
CTGGATGTCTCCTCTT-1,4964.0,2284,15.169218,0.01584606677985286,False
CTGGATGTCTTAGCGG-1,6613.0,2759,9.587177,0.31158455392809603,True
CTGGCTAAGACAACAG-1,5538.0,2473,11.737089,0.09200676165177493,False
CTGGCTAAGGCTGTCA-1,2521.0,1360,11.265371,0.06102433708681438,False
CTGGCTAAGGCTTAGT-1,2539.0,1403,7.7589602,0.025962195399681167,False
CTGGCTAAGGTTAGAG-1,2199.0,1180,14.961346,0.007222179078978022,False
CTGGCTAAGTAAGAAC-1,4050.0,1814,13.703704,0.27434679334916884,True
CTGGCTAAGTCTCACC-1,7801.0,3085,6.883733,0.005071664829106946,False
CTGGCTAAGTTAACCA-1,4324.0,1876,12.234042,0.03513620213185945,False
CTGGCTAAGTTTGCGG-1,1961.0,871,10.606833,0.01713621841417369,False
CTGGCTTTCAATTACG-1,3550.0,1769,10.676056,0.014620689655172414,False
CTGGCTTTCCTCATGC-1,4503.0,2066,8.216744,0.05004812319538016,False
CTGGCTTTCGGGATTT-1,8905.0,3211,8.826502,0.007222179078978022,False
CTGGCTTTCTCAATAG-1,4833.0,2132,12.311194,0.03767403767403767,False
CTGGTAAGTAACCTAG-1,7957.0,3089,11.084579,0.05658418411489879,False
CTGGTAAGTACGGTAC-1,8459.0,3188,6.147299,0.09200676165177493,False
CTGGTAAGTCCTTTAA-1,2735.0,1451,10.018282,0.0038406827880512096,False
CTGGTAAGTGACATAT-1,2971.0,1642,11.107371,0.025962195399681167,False
CTGGTAAGTGGGAACA-1,8814.0,3227,19.33288,0.051277877258668406,False
CTGGTAAGTTAGGCTA-1,4470.0,2082,14.272931,0.02657921988263721,False
CTGGTCAAGCTCAATA-1,3049.0,1683,5.6739917,0.03354324636936127,False
CTGGTCAAGGCGCTAC-1,2334.0,1391,10.282777,0.007508212106992022,False
CTGGTCAAGGCGCTTA-1,4708.0,1985,5.5862365,0.03128880059597715,False
CTGGTCAAGGGACGCA-1,2339.0,1253,8.764429,0.07963446475195822,False
CTGGTCAAGTAAGTCC-1,4312.0,2097,12.685529,0.07137096774193549,False
CTGGTCAAGTGAGCGG-1,1802.0,1029,10.987791,0.15345821325648415,False
CTGGTCAAGTTAGACC-1,4523.0,2077,14.503648,0.06102433708681438,False
CTGGTCAAGTTATGGC-1,3279.0,1824,7.8682528,0.18159203980099492,True
CTGGTTACAATAGCAA-1,4190.0,1851,16.181383,0.032023106869270374,False
CTGGTTACAATCTCTC-1,3346.0,1769,6.903765,0.11098748261474266,False
CTGGTTACACCCACAG-1,7132.0,2896,12.030287,0.025357827115969796,False
CTGGTTACACCTCACC-1,8664.0,3385,10.849492,0.04546832373446498,False
CTGGTTACAGCTTACA-1,3483.0,1849,7.149009,0.019445007089325502,False
CTGGTTACAGGAATCG-1,4182.0,1948,9.947393,0.02657921988263721,False
CTGGTTACAGGCAAGC-1,3057.0,1591,11.350998,0.01626867091618305,False
CTGGTTACAGGCGAGT-1,2239.0,1215,10.22778,0.06592776609975157,False
CTGGTTACATAGCAGG-1,5706.0,2504,14.072906,0.0580168776371308,False
CTGGTTACATGTTTGG-1,19888.0,5787,8.728882,0.38812042310821776,True
CTGGTTTGTGATGATT-1,6713.0,2647,14.881574,0.02476572958500669,False
CTGGTTTGTGCTCACC-1,3074.0,1768,8.132726,0.12720519962859794,False
CTGGTTTGTTCCGGGA-1,6445.0,2952,7.3079906,0.33380581148121885,True
CTGGTTTGTTTACCGT-1,7292.0,2959,9.96983,0.02476572958500669,False
CTGGTTTGTTTCCACG-1,4289.0,1916,13.942644,0.06592776609975157,False
CTGTAACAGACAAACG-1,2548.0,1456,6.593407,0.03513620213185945,False
CTGTAACAGCCACATG-1,2437.0,1391,7.878539,0.06767794632438741,False
CTGTAACAGTCAGGCC-1,3295.0,1730,8.528073,0.03596164091635589,False
CTGTACCTCAACCAAC-1,6226.0,2706,7.886283,0.10743353228431904,False
CTGTACCTCAAGCTTA-1,8194.0,3197,9.360508,0.05519591141396934,False
CTGTACCTCAGCAAGA-1,1632.0,682,37.990196,0.14198782961460438,False
CTGTACCTCCCTCGCA-1,4298.0,2014,14.913914,0.06592776609975157,False
CTGTACCTCCTTAGGG-1,11569.0,3800,8.929034,0.38812042310821776,True
CTGTACCTCGCTTCTA-1,1566.0,792,18.07152,0.0594961586564231,False
CTGTACCTCGGGACTC-1,2539.0,1383,10.003939,0.007508212106992022,False
CTGTACCTCTTAGTCT-1,4289.0,1937,6.3184896,0.09200676165177493,False
CTGTATTTCCAGGTTG-1,7982.0,3157,10.548735,0.012709620476610766,False
CTGTATTTCCTAATTC-1,2453.0,1301,8.194048,0.06102433708681438,False
CTGTATTTCGCTCCAT-1,3772.0,1838,9.650053,0.03513620213185945,False
CTGTATTTCGGCCAGT-1,1473.0,819,21.792261,0.021451104100946368,False
CTGTATTTCGGTAACT-1,3382.0,1560,5.440568,0.11098748261474266,False
CTGTATTTCGGTTTGG-1,8442.0,3426,12.662876,0.31158455392809603,True
CTGTGTGAGACTTACA-1,2569.0,1404,9.108603,0.08190899001109879,False
CTGTGTGAGCCGCTAA-1,5133.0,2471,7.7732315,0.021451104100946368,False
CTGTGTGAGCTCAATA-1,3585.0,1731,12.831241,0.047693266832917705,False
CTGTGTGAGGACCAGG-1,3194.0,1502,4.5084534,0.07137096774193549,False
CTGTGTGAGGCTTAGT-1,7162.0,3053,8.433398,0.19910313901345295,True
CTGTGTGAGTCGCAAT-1,2799.0,1445,10.217935,0.09775195756504167,False
CTGTGTGAGTCTTGAA-1,3185.0,1470,4.6153846,0.04136742315426601,False
CTGTTAAAGAATGACG-1,3297.0,1642,7.5523205,0.032023106869270374,False
CTGTTAAAGACTTACA-1,3152.0,1657,8.121827,0.008694252133311868,False
CTGTTAAAGCACAGCC-1,7856.0,3182,11.137984,0.05385002516356318,False
CTGTTAAAGCACTAAC-1,4734.0,2010,5.809041,0.0594961586564231,False
CTGTTAAAGCCTGTTC-1,3619.0,1821,11.715943,0.01758155889822231,False
CTGTTAAAGCGCATTG-1,2752.0,1459,5.6322675,0.12281757977122211,False
CTGTTAAAGCGGATTT-1,4475.0,1928,17.519552,0.029182178455626276,False
CTGTTAAAGGAATAAC-1,3117.0,1570,8.630094,0.06949118986339338,False
CTGTTAAAGGGTCTAT-1,2718.0,1441,12.840323,0.027209302325581396,False
CTGTTAAAGTTGTCAA-1,5648.0,2482,8.020538,0.014620689655172414,False
CTGTTCATCGCATTAA-1,8208.0,3057,8.077485,0.006940160394818014,False
CTGTTCATCTAATCTC-1,11494.0,3738,13.0328865,0.06949118986339338,False
CTGTTGGAGCTGCACA-1,2745.0,1465,3.9344263,0.03433029908972692,False
CTGTTGGAGCTTTGTT-1,4761.0,2146,9.661836,0.04336283185840707,False
CTGTTGGAGGACAATG-1,3756.0,1835,17.27902,0.10743353228431904,False
CTGTTGGAGGACTAAG-1,3181.0,1599,14.649481,0.01626867091618305,False
CTGTTGGAGGAGTCTT-1,4399.0,1920,10.070471,0.03680733450182013,False
CTGTTGGAGGCATGAA-1,3316.0,1632,15.4402895,0.05519591141396934,False
CTGTTGGAGTAGGCGG-1,3726.0,1610,15.700483,0.009313725490196078,False
CTGTTGGAGTTCCTCA-1,2470.0,1285,7.5303645,0.0594961586564231,False
CTGTTTAGTACCGAAC-1,2972.0,1604,10.161507,0.004569522013490969,False
CTGTTTAGTCAGTAAT-1,3052.0,1571,14.187418,0.024185532854776367,False
CTGTTTAGTTGAGCCG-1,2782.0,1615,9.84903,0.005071664829106946,False
CTTAACAAGCAACAAG-1,2367.0,1266,9.5901985,0.04440125579309313,False
CTTAACAAGCTAATTG-1,2494.0,1242,7.939054,0.07744826114785579,False
CTTAACAAGGTTACAC-1,6152.0,2554,17.311443,0.06767794632438741,False
CTTAAGATCAAACCGT-1,3541.0,1683,6.805987,0.010946117946542214,False
CTTAAGATCCTAGTTT-1,2259.0,1231,15.095175,0.03513620213185945,False
CTTAAGATCCTGGTGA-1,9804.0,3764,7.037944,0.46131805157593153,True
CTTAAGATCGTTTCTG-1,3232.0,1711,10.179456,0.023616881696916687,False
CTTAAGATCTTGAGGT-1,3830.0,1880,11.383812,0.08427729950158584,False
CTTAAGGGTCATAGAT-1,3142.0,1562,10.566519,0.02657921988263721,False
CTTAAGGGTGAGGTAG-1,4321.0,2008,15.829669,0.03680733450182013,False
CTTAAGGGTTTACCGT-1,2487.0,1420,10.856453,0.013837388079949352,False
CTTAATGAGAGGCTAA-1,2392.0,1372,8.026755,0.025357827115969796,False
CTTAATGAGCAAACCT-1,2991.0,1554,11.200268,0.04885375494071145,False
CTTAATGAGTATTGTG-1,2753.0,1396,8.318198,0.051277877258668406,False
CTTAATGAGTCGCAAT-1,3805.0,1672,6.780552,0.05658418411489879,False
CTTACCGGTAAACAAG-1,3119.0,1594,8.816929,0.09200676165177493,False
CTTACCGGTACAAAGA-1,8619.0,3467,10.430444,0.38812042310821776,True
CTTACCGGTACTAAAC-1,6106.0,2724,10.956436,0.3590909090909092,True
CTTACCGGTAGGATTT-1,3198.0,1590,15.165729,0.009951899154088572,False
CTTACCGGTCACGGAT-1,4154.0,1794,4.0202217,0.07332101047443006,False
CTTACCGGTGGATTCA-1,4694.0,2095,8.990201,0.025962195399681167,False
CTTACCGGTGGTGAGA-1,4191.0,2018,10.785016,0.09775195756504167,False
CTTACCGGTGTTCCCA-1,2619.0,1500,5.841924,0.027209302325581396,False
CTTACCGGTTAAGCGC-1,1509.0,775,31.411531,0.025962195399681167,False
CTTACCGGTTAGTACG-1,2062.0,1135,9.068866,0.04440125579309313,False
CTTACCGGTTCAAGAT-1,4891.0,2330,5.193212,0.08427729950158584,False
CTTACCGGTTCCTGAT-1,6751.0,2848,8.443193,0.03433029908972692,False
CTTACCGGTTGGATCA-1,2335.0,1288,12.119915,0.007222179078978022,False
CTTACCGGTTGGTTCT-1,6544.0,2648,2.0018337,0.11098748261474266,False
CTTACCTCAAACTAAG-1,2979.0,1534,8.727761,0.12720519962859794,False
CTTACCTCAGCATGTC-1,8118.0,3209,13.907367,0.05658418411489879,False
CTTACTAGTAATGACT-1,22491.0,5424,6.166911,0.03767403767403767,False
CTTACTAGTACCGTTT-1,3185.0,1636,6.0282574,0.07332101047443006,False
CTTACTAGTATACTGG-1,4607.0,2104,9.528977,0.011987491313412093,False
CTTACTAGTGACCTGG-1,7745.0,2847,7.320852,0.0058505850585058505,False
CTTACTAGTTACAACG-1,8593.0,3113,11.218433,0.02851033499643621,False
CTTACTAGTTATCGAG-1,2460.0,1383,5.487805,0.08931947069943286,False
CTTACTAGTTCGCTCA-1,3298.0,1624,6.761674,0.04040833687792429,False
CTTACTAGTTGAGGTC-1,9434.0,3112,6.720373,0.04885375494071145,False
CTTACTAGTTGGATCA-1,6015.0,2595,8.0133,0.03680733450182013,False
CTTAGGAGTAACGTGC-1,393.0,238,30.788803,0.07534533277521976,False
CTTAGGAGTAATCGCA-1,2506.0,1425,9.217877,0.010609632873021219,False
CTTAGGAGTCAGGAAG-1,4551.0,2130,13.601406,0.021451104100946368,False
CTTAGGAGTCGCAAAC-1,5380.0,2426,15.408921,0.021451104100946368,False
CTTAGGAGTTTAGTCC-1,2683.0,1393,11.069698,0.07744826114785579,False
CTTAGTTTCCGCAAAT-1,4126.0,1913,6.9558897,0.03767403767403767,False
CTTAGTTTCCTAGTAA-1,3640.0,1833,9.807693,0.009951899154088572,False
CTTAGTTTCGTCAAGT-1,5201.0,2349,10.76716,0.17379145025968837,False
CTTAGTTTCTAAGGAG-1,4330.0,1775,11.454966,0.21972656249999997,True
CTTATGTTCAGCCAAT-1,4285.0,1907,11.365228,0.19910313901345295,True
CTTATGTTCATTGCGG-1,4592.0,2115,9.320558,0.013079455467568288,False
CTTATGTTCTAGCGTG-1,4336.0,2021,14.967712,0.01626867091618305,False
CTTATGTTCTGTGAGT-1,5188.0,2325,12.316885,0.0594961586564231,False
CTTATTGGTACGCGCA-1,3578.0,1842,8.384573,0.06423741547708492,False
CTTATTGGTATTGGAT-1,5437.0,2435,14.548464,0.047693266832917705,False
CTTATTGGTCAAACTG-1,2208.0,1247,7.7898545,0.07137096774193549,False
CTTATTGGTCACCAAA-1,5773.0,2503,10.635718,0.04546832373446498,False
CTTATTGGTCATGAGC-1,3246.0,1585,8.687615,0.06102433708681438,False
CTTATTGGTCCTAGTT-1,2589.0,1355,7.5318656,0.03128880059597715,False
CTTATTGGTTAATGCG-1,4537.0,1916,19.396076,0.009313725490196078,False
CTTATTGGTTCGGGAT-1,1268.0,823,8.438486,0.02251286449399657,False
CTTCAAGCAATATGGA-1,4471.0,1957,8.566317,0.07534533277521976,False
CTTCAAGCAATTGAGA-1,3440.0,1862,3.8372092,0.03277439024390243,False
CTTCAAGCACCAAAGG-1,3526.0,1717,13.357912,0.00481892523364486,False
CTTCAAGCACGCAACT-1,8516.0,3101,4.33302,0.2585915492957747,True
CTTCAAGCACTTGTTC-1,19863.0,5419,6.6354527,0.3590909090909092,True
CTTCAAGCAGAAATTG-1,5286.0,2084,9.572455,0.014225788801750865,False
CTTCAAGCAGGACCTT-1,4230.0,2128,6.926714,0.025357827115969796,False
CTTCAAGCAGGCCTTG-1,2503.0,1318,11.06672,0.010278265229380797,False
CTTCAAGCAGGCGATA-1,2820.0,1487,10.3546095,0.015022255192878337,False
CTTCAAGCAGTTAAAG-1,4067.0,1928,5.9011555,0.029182178455626276,False
CTTCAAGCATACTCCT-1,6157.0,2503,11.9051485,0.06260387811634349,False
CTTCAAGCATAGACCC-1,4253.0,2063,4.8906655,0.11098748261474266,False
CTTCAATTCAAGACTC-1,3280.0,1757,6.463414,0.02251286449399657,False
CTTCAATTCACGTTAA-1,3411.0,1669,9.615948,0.08931947069943286,False
CTTCAATTCACTAAGC-1,4461.0,2141,10.065008,0.06949118986339338,False
CTTCAATTCAGCCAAT-1,3797.0,1879,9.770872,0.1367661528369957,False
CTTCAATTCCCTCTAA-1,7460.0,3066,11.782842,0.06592776609975157,False
CTTCAATTCCTAGTAA-1,2732.0,1327,10.651537,0.006387832699619771,False
CTTCAATTCCTGGCTT-1,3215.0,1629,1.9906687,0.10743353228431904,False
CTTCAATTCGACAAAG-1,2143.0,1216,3.6397572,0.047693266832917705,False
CTTCAATTCGGTTAGT-1,2603.0,1390,10.411064,0.03277439024390243,False
CTTCAATTCTTGAGCG-1,5185.0,2503,4.1272902,0.0594961586564231,False
CTTCACTCAAAGCCTC-1,4565.0,2073,7.6232204,0.06592776609975157,False
CTTCACTCAACCCTCC-1,3425.0,1672,16.379562,0.03433029908972692,False
CTTCACTCAACTAGGG-1,4226.0,2008,6.3416944,0.04546832373446498,False
CTTCACTCACCAAAGG-1,3020.0,1554,10.562914,0.03767403767403767,False
CTTCACTCACCCTCAC-1,11165.0,3792,10.326915,0.08427729950158584,False
CTTCACTCACGGTTTA-1,5214.0,2338,11.871883,0.0594961586564231,False
CTTCACTCAGGAACAT-1,570.0,222,52.105267,0.17379145025968837,False
CTTCACTCATTAAACC-1,14092.0,4822,8.962532,0.38812042310821776,True
CTTCACTCATTCAGCA-1,4127.0,2089,5.815362,0.02851033499643621,False
CTTCACTCATTGTCAG-1,3858.0,1877,8.657335,0.0580168776371308,False
CTTCAGGAGAGCCGCT-1,1966.0,1143,6.8667345,0.025357827115969796,False
CTTCAGGAGATAAAGC-1,3243.0,1641,7.893925,0.15345821325648415,False
CTTCAGGAGGCATTGT-1,6064.0,2673,11.081794,0.14198782961460438,False
CTTCAGGAGTAGAGGC-1,3581.0,1693,11.924044,0.03513620213185945,False
CTTCAGGAGTCTTGAA-1,5622.0,2482,15.581644,0.03128880059597715,False
CTTCAGGAGTTGCGTG-1,4205.0,1934,16.361475,0.03354324636936127,False
CTTCATCCAAATACCT-1,2440.0,1335,8.893443,0.051277877258668406,False
CTTCATCCAACTGGCT-1,2741.0,1406,7.9168186,0.02251286449399657,False
CTTCATCCAAGGTCGA-1,3219.0,1656,5.995651,0.06592776609975157,False
CTTCATCCACCTGCCT-1,4747.0,2203,4.0867915,0.029182178455626276,False
CTTCATCCATAATCGT-1,2790.0,1518,4.8028674,0.03277439024390243,False
CTTCATCCATAATGTC-1,3012.0,1576,12.151395,0.007508212106992022,False
CTTCATCCATGAAGTA-1,5324.0,2276,14.85725,0.08427729950158584,False
CTTCGCGTCATCCTCA-1,6843.0,2858,6.7221975,0.2919020715630885,True
CTTCGCGTCCCGAAGC-1,2574.0,1342,10.21756,0.06949118986339338,False
CTTCGCGTCGACAAAG-1,2811.0,1506,9.213803,0.02476572958500669,False
CTTCGCGTCGTCAAGT-1,1144.0,720,14.423077,0.02042921997523731,False
CTTCGCGTCTATGACA-1,2932.0,1598,8.867667,0.008391273076000958,False
CTTCTAAGTATTACCC-1,5294.0,2465,2.9278429,0.07744826114785579,False
CTTCTAAGTCCAAGAC-1,3922.0,1842,9.102499,0.08190899001109879,False
CTTCTAAGTCCTAACT-1,2076.0,1119,11.512524,0.025962195399681167,False
CTTCTAAGTCTAGCTT-1,2821.0,1434,6.664304,0.10743353228431904,False
CTTCTAAGTGATTTGG-1,3376.0,1747,10.308057,0.02476572958500669,False
CTTCTAAGTTAGTTGG-1,12853.0,4695,3.3066208,0.3590909090909092,True
CTTCTCAAGAACAAGT-1,5140.0,2485,6.2451363,0.021976855292493894,False
CTTCTCAAGCTGCACA-1,5468.0,2309,4.93782,0.023616881696916687,False
CTTCTCAAGGCTTAGT-1,4602.0,2116,15.406344,0.01803488715876614,False
CTTCTCAAGGGTGGAT-1,10166.0,3508,10.958096,0.03433029908972692,False
CTTCTCAAGTAGCGGG-1,3972.0,1740,9.9446125,0.01669865642994242,False
CTTCTCAAGTGTGATC-1,3778.0,1723,14.028586,0.09481481481481482,False
CTTGAACAGACAAACG-1,9505.0,3497,12.719621,0.24437299035369767,True
CTTGAACAGCCTTAAA-1,7943.0,3392,5.06106,0.2919020715630885,True
CTTGAACAGGCTGTCA-1,2909.0,1587,5.6033,0.01713621841417369,False
CTTGAACAGTTCCCGT-1,1956.0,1177,5.6237216,0.025962195399681167,False
CTTGAATCAAGGTCCT-1,5254.0,2566,7.93681,0.0053278081989048395,False
CTTGAATCAATTAACC-1,9261.0,3604,8.962316,0.2919020715630885,True
CTTGAATCACATAACT-1,4794.0,2140,13.600333,0.07963446475195822,False
CTTGAATCAGGCTACT-1,3322.0,1656,6.2010837,0.1665381649961449,False
CTTGAATCAGGCTAGA-1,2955.0,1477,8.730965,0.14198782961460438,False
CTTGAATCAGTATGTT-1,4681.0,2148,7.412946,0.04885375494071145,False
CTTGAATCATAATGAG-1,4251.0,1938,10.044696,0.01584606677985286,False
CTTGACGAGCCTAACG-1,7234.0,3077,11.210948,0.24437299035369767,True
CTTGACGAGCTGGACC-1,2456.0,1267,9.85342,0.13184713375796173,False
CTTGACGAGGTGTCCA-1,12019.0,4065,9.310259,0.421792618629174,True
CTTGACGAGTCAGTAC-1,3965.0,1928,6.4312735,0.04040833687792429,False
CTTGACGAGTCATTTC-1,7455.0,2928,8.289739,0.09775195756504167,False
CTTGACGAGTGAACAG-1,1580.0,977,12.468354,0.03433029908972692,False
CTTGACGAGTTACCGG-1,5402.0,2334,8.978156,0.07744826114785579,False
CTTGACGAGTTATGTG-1,3611.0,1914,5.7324843,0.030570902394106814,False
CTTGCAACAACGTGCT-1,4903.0,2087,12.869671,0.009001703024896602,False
CTTGCAACAACTAGCC-1,3245.0,1664,4.1910634,0.02476572958500669,False
CTTGCAACAAGCGATG-1,3880.0,1667,10.824742,0.039473684210526314,False
CTTGCAACAGTTGCGT-1,9054.0,3110,7.36691,0.12281757977122211,False
CTTGCAACATCATGTG-1,895.0,431,41.787712,0.24437299035369767,True
CTTGCAACATGAGTTT-1,2541.0,1256,6.8476973,0.052544613350958363,False
CTTGCATGTAATGACT-1,1961.0,946,13.5645075,0.025962195399681167,False
CTTGCATGTAGGATCC-1,5635.0,2464,16.379768,0.03433029908972692,False
CTTGCATGTAGTCAAT-1,3417.0,1668,7.082236,0.04885375494071145,False
CTTGCATGTATTGCAG-1,5497.0,2456,10.733127,0.04040833687792429,False
CTTGCATGTTATCCTA-1,4245.0,1955,9.069493,0.01669865642994242,False
CTTGCATGTTCCTGAT-1,11605.0,4100,14.631624,0.5083682008368199,True
CTTGCGCGTATTACCC-1,4705.0,2115,14.792773,0.039473684210526314,False
CTTGCGCGTCATAACG-1,2859.0,1466,5.9811125,0.00666207213416035,False
CTTGCGCGTGAACAAA-1,2963.0,1313,13.094836,0.01896638233818364,False
CTTGCGCGTTTGGTTC-1,4546.0,2081,15.860097,0.07963446475195822,False
CTTGCTCAGACAAACG-1,7094.0,2812,12.0383415,0.025962195399681167,False
CTTGCTCAGCAAGATG-1,4436.0,1981,7.754734,0.021451104100946368,False
CTTGCTCAGCACGATT-1,3388.0,1721,11.452184,0.023059434881455017,False
CTTGCTCAGCGATAAG-1,4775.0,2081,8.774869,0.013837388079949352,False
CTTGCTCAGCTGCACA-1,321.0,119,58.25545,0.03513620213185945,False
CTTGCTCAGGCGGATG-1,3001.0,1626,13.02899,0.08190899001109879,False
CTTGCTCAGTTGCCTC-1,5063.0,2309,7.5844364,0.01669865642994242,False
CTTGCTCAGTTTGCGG-1,4678.0,2266,6.0709705,0.047693266832917705,False
CTTGGACCAAACTAAG-1,5561.0,2509,12.353893,0.24437299035369767,True
CTTGGACCACAAAGCG-1,5892.0,2630,8.842498,0.27434679334916884,True
CTTGGACCACAATGCC-1,2508.0,1452,11.283892,0.08674531575294935,False
CTTGGACCACAATTAC-1,5483.0,2239,9.720956,0.04885375494071145,False
CTTGGACCACATAGCC-1,10784.0,4130,5.9625373,0.33380581148121885,True
CTTGGACCACCGTTCC-1,4745.0,2181,9.525817,0.07963446475195822,False
CTTGGACCACGGTTTA-1,4930.0,2123,6.8965516,0.05519591141396934,False
CTTGGACCAGGTTAAA-1,2843.0,1497,13.366163,0.0058505850585058505,False
CTTGGACCATAATCCG-1,2342.0,1247,8.155422,0.04546832373446498,False
CTTGGACCATTGTTGG-1,2065.0,1210,7.748184,0.04235191384078009,False
CTTGTAAAGAGGAGTC-1,4997.0,2297,10.506304,0.2585915492957747,True
CTTGTAAAGCCTCTCG-1,7278.0,3313,4.0807915,0.46131805157593153,True
CTTGTAAAGCTTACTT-1,2911.0,1557,8.5537615,0.07963446475195822,False
CTTGTAAAGTCACCTC-1,6565.0,2828,7.0525513,0.052544613350958363,False
CTTGTCCAGCACAGAA-1,8997.0,3414,7.6692233,0.21972656249999997,True
CTTGTCCAGCACGTTG-1,3581.0,1844,7.232617,0.00432338953739732,False
CTTGTCCAGCGGATAA-1,3067.0,1618,5.6732965,0.05658418411489879,False
CTTGTCCAGCGTGCAC-1,4265.0,1988,8.651817,0.05519591141396934,False
CTTGTCCAGCTGCACA-1,3236.0,1654,11.4029665,0.030570902394106814,False
CTTGTCCAGTAGCCAT-1,5593.0,2130,8.313964,0.01803488715876614,False
CTTGTCCAGTTGTCCC-1,1405.0,773,15.729538,0.0385625431928127,False
CTTGTTCCAACAGGAT-1,4952.0,2233,13.893376,0.10082730093071354,False
CTTGTTCCACTAAATC-1,6280.0,2604,16.257961,0.03596164091635589,False
CTTGTTCCACTTCATC-1,6116.0,2482,12.949639,0.029182178455626276,False
CTTGTTCCAGCAAATA-1,4562.0,1930,8.768084,0.24437299035369767,True
CTTGTTCCAGCCAGAA-1,3287.0,1711,10.130818,0.03433029908972692,False
CTTGTTCCATTAAACC-1,5363.0,2276,10.292747,0.03767403767403767,False
CTTGTTTAGCAAGGAC-1,3612.0,1867,11.240311,0.11866393202461177,False
CTTGTTTAGCAGGTTT-1,2822.0,1402,7.441531,0.039473684210526314,False
CTTGTTTAGCTCAATA-1,11192.0,3681,7.4338818,0.029868868382710054,False
CTTGTTTAGTAAGGGC-1,5286.0,2089,14.169504,0.019445007089325502,False
CTTGTTTAGTTAGACC-1,3528.0,1791,9.04195,0.013837388079949352,False
CTTTAGGCAAACTAAG-1,3622.0,1773,8.310326,0.07534533277521976,False
CTTTAGGCAATAGCAA-1,8933.0,3036,4.9143624,0.0594961586564231,False
CTTTAGGCATGAGTTT-1,9239.0,3373,8.453296,0.3590909090909092,True
CTTTAGGCATGTTGGC-1,2169.0,1187,10.235131,0.03596164091635589,False
CTTTAGGCATTTAAGC-1,3630.0,1690,9.008265,0.05658418411489879,False
CTTTAGTTCGCATTAA-1,3926.0,1893,7.0555267,0.030570902394106814,False
CTTTAGTTCGCTAGTG-1,3123.0,1594,10.246558,0.0385625431928127,False
CTTTAGTTCGGGACTC-1,4351.0,2045,12.41094,0.0594961586564231,False
CTTTAGTTCGGTAACT-1,3316.0,1768,7.810615,0.01803488715876614,False
CTTTATCAGACAGGCG-1,2889.0,1494,4.9844236,0.12720519962859794,False
CTTTATCAGATGGACA-1,3303.0,1648,8.416591,0.025357827115969796,False
CTTTATCAGCGCTAAT-1,4556.0,2171,8.121159,0.021451104100946368,False
CTTTATCAGGTTAGCT-1,5940.0,2465,16.346802,0.021976855292493894,False
CTTTATCAGTGAGGGT-1,3207.0,1736,5.082632,0.014225788801750865,False
CTTTATCAGTTCCCGT-1,3450.0,1727,7.2463765,0.02251286449399657,False
CTTTATGGTAAGCTCA-1,7200.0,2795,8.861111,0.02042921997523731,False
CTTTATGGTGGTGAGA-1,4183.0,1874,11.690175,0.07332101047443006,False
CTTTATGGTGTGAGGA-1,7235.0,2797,8.583276,0.27434679334916884,True
CTTTATGGTTCCATTA-1,3440.0,1683,10.436047,0.00313960789785809,False
CTTTATGGTTTGTCTA-1,4089.0,1955,6.285156,0.046565237436606725,False
CTTTCTTGTAGTTAAC-1,4913.0,2146,10.685936,0.01669865642994242,False
CTTTCTTGTCACTCGC-1,18749.0,5570,5.3602858,0.38812042310821776,True
CTTTCTTGTCATCATC-1,3629.0,1769,10.250757,0.07137096774193549,False
CTTTCTTGTGATGAAA-1,4493.0,2117,10.527487,0.03767403767403767,False
CTTTCTTGTTTACGTC-1,5268.0,2353,12.623386,0.06260387811634349,False
CTTTGAGCAAAGCGCA-1,2137.0,1232,6.5512404,0.06592776609975157,False
CTTTGAGCAACTGGCT-1,2798.0,1450,10.078628,0.01128783991790662,False
CTTTGAGCAAGGAATC-1,3164.0,1549,14.8230095,0.18159203980099492,True
CTTTGAGCACAACAAA-1,4342.0,2122,7.8995852,0.009630422256975885,False
CTTTGAGCACATAACT-1,12089.0,4342,4.1525354,0.18159203980099492,True
CTTTGAGCACCTCGCT-1,5958.0,2502,4.6659956,0.0594961586564231,False
CTTTGAGCAGGCTTCG-1,3276.0,1551,4.822955,0.07137096774193549,False
CTTTGAGCATAAAGCA-1,9432.0,3259,9.658609,0.33380581148121885,True
CTTTGAGCATCTTGAG-1,2577.0,1381,15.017462,0.03277439024390243,False
CTTTGGGAGAAGCTAG-1,1665.0,989,17.837837,0.013455328310010764,False
CTTTGGGAGCATTATG-1,3133.0,1729,3.8940315,0.052544613350958363,False
CTTTGGGAGCGCCTAA-1,1032.0,680,15.600775,0.03767403767403767,False
CTTTGGGAGCTTAGTA-1,4152.0,1956,6.671484,0.01896638233818364,False
CTTTGGGAGCTTCCCG-1,3444.0,1702,7.8397217,0.01626867091618305,False
CTTTGGGAGGAACGGT-1,4454.0,2084,17.130669,0.07534533277521976,False
CTTTGGGAGGAGGCAT-1,2548.0,1350,10.910518,0.004569522013490969,False
CTTTGGGAGGGCTAAA-1,3490.0,1460,15.214899,0.02785286167587261,False
CTTTGGGAGGTTTGAC-1,3236.0,1790,7.138442,0.0053278081989048395,False
CTTTGGGAGTAACTCA-1,3295.0,1649,8.801213,0.06767794632438741,False
CTTTGGTGTAAGGTTT-1,2661.0,1483,10.48478,0.13184713375796173,False
CTTTGGTGTACGGTAC-1,6184.0,2770,13.34088,0.04040833687792429,False
CTTTGGTGTCAAACTG-1,2759.0,1438,11.707141,0.021976855292493894,False
CTTTGGTGTCAAAGAA-1,7857.0,3062,8.20924,0.33380581148121885,True
CTTTGGTGTCACTCGC-1,3822.0,2019,2.537938,0.01993253603189206,False
CTTTGGTGTCATTAGG-1,4721.0,2170,6.7994065,0.05519591141396934,False
CTTTGGTGTCCTAAGA-1,3469.0,1808,8.302105,0.06423741547708492,False
CTTTGGTGTCCTTAGT-1,9993.0,3588,8.656059,0.31158455392809603,True
CTTTGGTGTTAATGAC-1,3220.0,1679,10.52795,0.01803488715876614,False
CTTTGGTGTTCGCTCA-1,3827.0,1844,6.689313,0.01758155889822231,False
CTTTGTCCAACTAGAA-1,3593.0,1788,9.741163,0.02657921988263721,False
CTTTGTCCAAGCTAAA-1,6391.0,2787,11.171961,0.33380581148121885,True
CTTTGTCCAAGTGAAC-1,3283.0,1657,12.153519,0.02785286167587261,False
CTTTGTCCAATAAGCA-1,2083.0,1189,6.577052,0.04235191384078009,False
CTTTGTCCAGTCTATG-1,554.0,262,36.28159,0.03433029908972692,False
CTTTGTCCATGACTAT-1,5284.0,2276,14.629069,0.051277877258668406,False
GAAACCCGTAACAGGG-1,4582.0,2084,10.584898,0.029182178455626276,False
GAAACCCGTACTTCAC-1,6917.0,2765,2.2119415,0.05385002516356318,False
GAAACCCGTAGGTGTC-1,3063.0,1548,9.2719555,0.20897615708274905,True
GAAACCCGTATTGTGG-1,3470.0,1477,8.789625,0.08931947069943286,False
GAAACCCGTCCTCCAA-1,4950.0,2211,11.535354,0.10082730093071354,False
GAAACCCGTCTAACCT-1,4598.0,2169,5.6328835,0.09775195756504167,False
GAAACCCGTTCCGCAC-1,4614.0,2123,13.935847,0.04235191384078009,False
GAAACTGAGGATCACT-1,7054.0,2705,6.7337685,0.06949118986339338,False
GAAACTGAGTCTATGA-1,3037.0,1512,10.10866,0.0385625431928127,False
GAAACTGAGTGATTCA-1,3382.0,1656,11.088114,0.07137096774193549,False
GAAAGCCAGCAGGTGG-1,4431.0,2142,11.554954,0.02476572958500669,False
GAAAGCCAGGTAACGA-1,2898.0,1620,6.349207,0.01896638233818364,False
GAAAGCCAGGTAGCTT-1,2964.0,1492,8.906882,0.08427729950158584,False
GAAAGCCAGTCACCAG-1,3206.0,1513,7.704304,0.10743353228431904,False
GAAAGGCTCATGCATA-1,4067.0,2072,12.441603,0.00313960789785809,False
GAAAGGCTCCTCATGC-1,7592.0,2783,20.27134,0.007508212106992022,False
GAAAGGCTCCTGAATA-1,5513.0,2191,9.123889,0.06102433708681438,False
GAAAGGCTCTTGAGGT-1,6140.0,2616,8.534202,0.06767794632438741,False
GAACACAAGAGAAGGG-1,2117.0,1132,19.981106,0.007222179078978022,False
GAACACAAGCAAGGGT-1,5383.0,2397,13.226825,0.023059434881455017,False
GAACACAAGCAGGCCT-1,2413.0,1326,10.774968,0.04235191384078009,False
GAACACAAGCTTAGTA-1,2407.0,1252,12.629829,0.10405083399523428,False
GAACACAAGGTCCTAG-1,3932.0,1756,6.5106816,0.06102433708681438,False
GAACACAAGTCACTCC-1,245.0,176,7.3469386,0.01803488715876614,False
GAACACAAGTCCTGAG-1,3921.0,1943,10.07396,0.19910313901345295,True
GAACCAAAGTAACGGA-1,3559.0,1750,10.25569,0.02093531923757942,False
GAACCAAAGTTTGAGC-1,2658.0,1296,9.819413,0.08190899001109879,False
GAACCAGCAAGATTCT-1,4631.0,2074,8.659038,0.023059434881455017,False
GAACCAGCACACCAAC-1,7255.0,2874,11.068229,0.006940160394818014,False
GAACCAGCAGGACCTT-1,3371.0,1842,8.246811,0.0580168776371308,False
GAACCAGCATTAGGCC-1,6229.0,2421,19.762402,0.02851033499643621,False
GAACCGCTCATGCGTG-1,4864.0,2029,14.925986,0.029868868382710054,False
GAACCGCTCATGGTGT-1,3206.0,1631,11.665627,0.013455328310010764,False
GAACCGCTCATTTGTC-1,12830.0,4209,11.792673,0.33380581148121885,True
GAACCGCTCCCTGACT-1,5559.0,2365,10.253642,0.07137096774193549,False
GAACCGCTCCTGGCTT-1,5472.0,2380,9.41155,0.06767794632438741,False
GAACCGCTCGAGGAAC-1,3447.0,1581,7.832898,0.06260387811634349,False
GAACCTGTCCAAGTTA-1,5265.0,2425,10.712251,0.05385002516356318,False
GAACCTGTCCCTGGTT-1,2494.0,1366,8.821171,0.021976855292493894,False
GAACCTGTCCGCCTCA-1,6211.0,2570,9.177266,0.08931947069943286,False
GAACCTGTCTGGTCCT-1,4456.0,2061,9.201077,0.046565237436606725,False
GAACCTGTCTGTGAGT-1,2969.0,1645,6.635231,0.04040833687792429,False
GAACCTTAGACAGGTA-1,6815.0,2831,11.386647,0.08190899001109879,False
GAACCTTAGCTGGACC-1,3609.0,1813,11.166528,0.019445007089325502,False
GAACCTTAGCTTAGCG-1,5207.0,2318,12.675245,0.07332101047443006,False
GAACCTTAGTTAGCTA-1,3969.0,1874,8.591585,0.07744826114785579,False
GAACGAATCATAACCA-1,3017.0,1500,10.440835,0.04336283185840707,False
GAACGAATCATGCAAC-1,3801.0,1806,15.259142,0.04885375494071145,False
GAACGAATCCTTAGTT-1,4128.0,1962,8.987403,0.01626867091618305,False
GAACGAATCGACCTGA-1,6349.0,2745,9.954324,0.029868868382710054,False
GAACGAATCGCGCTAA-1,4305.0,2040,10.452962,0.03128880059597715,False
GAACGAATCGTCCTTA-1,3057.0,1599,9.159307,0.029182178455626276,False
GAACTTATCAAGACTC-1,6472.0,2730,12.731769,0.010278265229380797,False
GAACTTATCACATTGA-1,4073.0,1796,7.930273,0.03680733450182013,False
GAACTTATCCAATTAG-1,5735.0,2714,5.9110723,0.023616881696916687,False
GAACTTATCCCAGTAG-1,5801.0,2519,7.2228923,0.01713621841417369,False
GAACTTATCCCTCAGT-1,2457.0,1317,8.506309,0.04235191384078009,False
GAACTTATCGGGACTC-1,6810.0,2881,6.270191,0.1900043084877208,True
GAACTTATCGTTACAA-1,3418.0,1852,6.758338,0.008391273076000958,False
GAAGCCTGTATTGTGG-1,3072.0,1606,8.105469,0.006117362736953402,False
GAAGCCTGTGCAATAT-1,3279.0,1681,6.9228425,0.19910313901345295,True
GAAGCCTGTGTTGCTT-1,2313.0,1210,12.148725,0.039473684210526314,False
GAAGCCTGTTGGATAT-1,2435.0,1029,5.2977414,0.01803488715876614,False
GAAGCTAAGCTAGAAG-1,2212.0,1245,9.584087,0.052544613350958363,False
GAAGCTAAGCTTAGCG-1,1803.0,1057,5.9900165,0.08427729950158584,False
GAAGCTAAGGACCTCA-1,6089.0,2633,10.987025,0.039473684210526314,False
GAAGCTAAGGTATTGC-1,3169.0,1736,10.886715,0.06102433708681438,False
GAAGGAACAACCGCCA-1,3931.0,2092,7.6570845,0.023616881696916687,False
GAAGGAACAGCACGAA-1,6424.0,2718,16.531757,0.03128880059597715,False
GAAGGAACATTGTCCT-1,3442.0,1863,7.5246954,0.06260387811634349,False
GAAGGATGTAACGTGC-1,4917.0,2433,10.69758,0.023059434881455017,False
GAAGGATGTAACTACG-1,2626.0,1452,9.36786,0.01993253603189206,False
GAAGGATGTCATAGAT-1,4686.0,2125,9.19761,0.03513620213185945,False
GAAGGATGTCTAGCTT-1,4323.0,1945,12.514457,0.025357827115969796,False
GAAGGATGTTGTGATG-1,5707.0,2396,14.89399,0.03277439024390243,False
GAAGGCCCACAACAGG-1,2304.0,1303,7.986111,0.04336283185840707,False
GAAGGCCCACCACAAC-1,4172.0,1916,9.108341,0.04040833687792429,False
GAAGGCCCACCTAATG-1,3191.0,1584,9.43278,0.039473684210526314,False
GAAGGCCCAGGATAAC-1,7237.0,2793,9.285615,0.09200676165177493,False
GAAGGCCCAGGCTAGA-1,3547.0,1728,9.52918,0.05004812319538016,False
GAAGGCCCATTATCCC-1,3371.0,1666,13.082172,0.01803488715876614,False
GAAGGCTAGGCGCTTA-1,3028.0,1577,9.379128,0.04136742315426601,False
GAAGGCTAGGGACTAA-1,2947.0,1532,9.229725,0.20897615708274905,True
GAAGGCTAGTCATTTC-1,3678.0,1720,7.177814,0.02785286167587261,False
GAAGGCTAGTGAACAG-1,3930.0,1826,8.524173,0.03513620213185945,False
GAAGGCTAGTTAGAGG-1,3285.0,1614,8.858447,0.008391273076000958,False
GAAGTAAGTCAATGTG-1,3893.0,2119,4.572309,0.12281757977122211,False
GAAGTAAGTTAAGCGC-1,7000.0,3099,8.257143,0.021976855292493894,False
GAAGTAAGTTCGCTCA-1,3864.0,1899,19.591097,0.02093531923757942,False
GAAGTAAGTTTATCTG-1,7687.0,3016,13.087029,0.06260387811634349,False
GAAGTATAGACAGGTA-1,2940.0,1650,4.2517004,0.023616881696916687,False
GAAGTATAGACTATTG-1,2411.0,1264,14.558275,0.00481892523364486,False
GAAGTATAGAGAAGGG-1,2668.0,1531,4.6476765,0.01803488715876614,False
GAAGTATAGCCTGTGA-1,3893.0,1841,10.583098,0.032023106869270374,False
GAAGTATAGGTTACGT-1,4686.0,2191,5.996586,0.025962195399681167,False
GAAGTATAGTTTAACG-1,2112.0,1159,8.996212,0.030570902394106814,False
GAAGTCAAGAGGAAGG-1,4291.0,2018,17.61827,0.052544613350958363,False
GAAGTCAAGATAGACG-1,2888.0,1491,8.864265,0.047693266832917705,False
GAAGTCAAGCACTTGG-1,4342.0,2077,5.826808,0.010946117946542214,False
GAAGTCAAGCATGACT-1,4075.0,1904,13.349692,0.02657921988263721,False
GAAGTCAAGCCTGACA-1,4521.0,2144,6.9232473,0.09775195756504167,False
GAAGTCAAGCGAGCGA-1,2074.0,1232,11.089682,0.11098748261474266,False
GAAGTCAAGGCAAGTA-1,5720.0,2627,11.1713295,0.046565237436606725,False
GAAGTCAAGGGTGGAT-1,4100.0,1975,13.414635,0.06949118986339338,False
GAAGTCAAGTCAGTAC-1,2811.0,1568,4.16222,0.01896638233818364,False
GAAGTCAAGTTCCTCA-1,3986.0,2011,6.5479174,0.01713621841417369,False
GAAGTCAAGTTTGTCT-1,2312.0,1281,8.347752,0.10082730093071354,False
GAAGTGATCACATTGA-1,11057.0,3885,9.378674,0.02657921988263721,False
GAAGTGATCACTAGGT-1,3076.0,1661,9.557867,0.05519591141396934,False
GAAGTGATCCACAATA-1,2382.0,1243,22.670025,0.01896638233818364,False
GAAGTGATCCCATAGG-1,3777.0,1754,13.555733,0.021976855292493894,False
GAAGTGATCCCTCATA-1,9359.0,3458,11.112298,0.027209302325581396,False
GAAGTGATCCGGAACC-1,9921.0,3670,17.61919,0.2585915492957747,True
GAAGTGATCCGTTATT-1,3382.0,1732,3.4003549,0.04336283185840707,False
GAATTTGTCATTACGA-1,10338.0,3905,6.2971563,0.08427729950158584,False
GAATTTGTCCTAAGGT-1,8745.0,3317,5.4545455,0.33380581148121885,True
GAATTTGTCGAGCAAA-1,3346.0,1877,7.4716077,0.007508212106992022,False
GACAATACAAACTGTT-1,6331.0,2652,13.283841,0.08190899001109879,False
GACAATACAACCTAAT-1,2323.0,1117,12.742144,0.029182178455626276,False
GACAATACAATTGAGA-1,3816.0,1796,7.9926624,0.04885375494071145,False
GACAATACAGCTTAAT-1,2365.0,1323,8.879493,0.04546832373446498,False
GACAATACATTAGCCA-1,4573.0,2034,13.842116,0.025357827115969796,False
GACACCGGTATTGGAT-1,4911.0,1993,9.773977,0.039473684210526314,False
GACACCGGTCGCATAA-1,8097.0,3193,16.005928,0.24437299035369767,True
GACACCGGTGCATTAG-1,3127.0,1641,9.625839,0.0385625431928127,False
GACACCGGTTCGGGAT-1,3656.0,1808,14.63348,0.08931947069943286,False
GACACCGGTTGAATCG-1,2505.0,1345,7.145709,0.02042921997523731,False
GACACTAGTACAAAGA-1,9282.0,3617,9.685412,0.23147675012774666,True
GACACTAGTGAATCGC-1,3853.0,1846,12.431871,0.02251286449399657,False
GACACTAGTGCTAGAC-1,9030.0,3554,8.737542,0.3590909090909092,True
GACATAGAGCTGGCTA-1,2399.0,1398,7.4197583,0.0594961586564231,False
GACATAGAGGATTTGC-1,2339.0,1277,7.9521165,0.14198782961460438,False
GACATAGAGGCGAATA-1,1587.0,1008,10.3969755,0.04235191384078009,False
GACATTATCCTCAGTC-1,3874.0,1847,12.958182,0.03277439024390243,False
GACATTATCGGGACCT-1,3460.0,1792,8.323699,0.04546832373446498,False
GACATTATCTTGAGCG-1,8749.0,3367,8.092354,0.025962195399681167,False
GACATTATCTTGCATT-1,3143.0,1565,6.8087816,0.0594961586564231,False
GACCGAACAACAGGAT-1,3205.0,1586,13.166926,0.0385625431928127,False
GACCGAACAATATGGA-1,5767.0,2486,9.519681,0.09481481481481482,False
GACCGAACAATGAATG-1,3339.0,1560,6.1395626,0.08931947069943286,False
GACCGAACACATAACT-1,5943.0,2260,6.3772507,0.06260387811634349,False
GACCGAACAGCACGAA-1,4437.0,1976,13.139508,0.04336283185840707,False
GACCGAACAGGAACCA-1,3175.0,1656,8.818897,0.11098748261474266,False
GACCGAACAGGAACTG-1,8692.0,3216,11.056144,0.04546832373446498,False
GACCGTTCAAACTAAG-1,2674.0,1458,8.863127,0.06767794632438741,False
GACCGTTCAAACTGTT-1,3456.0,1675,4.6296296,0.1665381649961449,False
GACCGTTCAACCCTCC-1,7367.0,3101,4.316547,0.24437299035369767,True
GACCGTTCAGGTTATT-1,3688.0,1672,11.171367,0.02657921988263721,False
GACCGTTCAGTTTACG-1,9431.0,3341,9.29912,0.19910313901345295,True
GACCGTTCATAAGGAC-1,3150.0,1626,6.3174605,0.08931947069943286,False
GACCGTTCATGTTGGC-1,7137.0,2988,8.5470085,0.24437299035369767,True
GACCGTTCATTAAACC-1,6377.0,2627,11.149443,0.06423741547708492,False
GACCGTTCATTGTGTG-1,3298.0,1578,13.250455,0.01584606677985286,False
GACCTAAGTAAGGTCC-1,3174.0,1640,8.821676,0.02851033499643621,False
GACCTAAGTACGTTTC-1,6433.0,2758,12.840043,0.01758155889822231,False
GACCTAAGTCACAGCG-1,3727.0,1685,7.861551,0.047693266832917705,False
GACCTAAGTCATAGAT-1,4106.0,2030,11.422309,0.05004812319538016,False
GACCTAAGTTAAGCTG-1,6769.0,2791,10.075343,0.02476572958500669,False
GACCTAAGTTGTTGTC-1,9580.0,3758,9.707725,0.025962195399681167,False
GACCTAGTCAATGTCA-1,2670.0,1454,7.1910114,0.06949118986339338,False
GACCTAGTCCCTGATC-1,12780.0,4386,10.14867,0.19910313901345295,True
GACCTAGTCCTTGCAC-1,5660.0,2531,6.5194345,0.03767403767403767,False
GACCTAGTCGCTTCTA-1,11048.0,3794,9.458726,0.2919020715630885,True
GACCTAGTCTCAATGA-1,2965.0,1627,8.499157,0.013455328310010764,False
GACCTAGTCTTGCTAT-1,3735.0,1968,8.808567,0.011987491313412093,False
GACCTCAAGAAGGTGC-1,4725.0,2083,15.25926,0.010946117946542214,False
GACCTCAAGCAGGTTT-1,2557.0,1478,2.854908,0.008092668993970167,False
GACCTCAAGTGAACAG-1,6355.0,2610,13.139259,0.05385002516356318,False
GACCTCAAGTGAGGGT-1,9518.0,3586,12.943895,0.5083682008368199,True
GACCTCAAGTTGTCCC-1,3271.0,1733,9.813513,0.01896638233818364,False
GACCTGATCACGTTAA-1,4344.0,2165,7.18232,0.1665381649961449,False
GACCTGATCACTCGCT-1,4941.0,2298,4.6346893,0.024185532854776367,False
GACCTGATCAGCTAAC-1,2856.0,1552,7.6330533,0.07534533277521976,False
GACCTGATCCACAATA-1,2049.0,1125,15.861397,0.025962195399681167,False
GACCTGATCCTCAGTC-1,6836.0,2795,8.23581,0.04546832373446498,False
GACCTGATCGCTCCAT-1,4617.0,2075,14.316656,0.07137096774193549,False
GACCTGATCGCTTCTA-1,3414.0,1718,15.026362,0.02251286449399657,False
GACCTGATCGGTTACG-1,3639.0,1652,12.063753,0.03277439024390243,False
GACCTGATCGTTAACA-1,2425.0,1292,7.1752577,0.05519591141396934,False
GACCTGATCGTTACTT-1,6915.0,2607,19.696312,0.011987491313412093,False
GACCTGATCTGTGCAG-1,3818.0,1918,2.8548977,0.01896638233818364,False
GACCTGATCTTAGTGA-1,5269.0,2397,9.4515085,0.06949118986339338,False
GACCTGATCTTGATGA-1,7590.0,2903,10.30303,0.03128880059597715,False
GACCTGCAGACAACGA-1,4821.0,2093,7.239162,0.27434679334916884,True
GACCTGCAGCAAGATG-1,3729.0,1866,12.282113,0.00666207213416035,False
GACCTGCAGCTGTCAG-1,3507.0,1589,6.87197,0.04235191384078009,False
GACCTGCAGCTTTGGG-1,7847.0,3106,15.547342,0.23147675012774666,True
GACCTGCAGGATCACT-1,11644.0,4115,8.974579,0.2919020715630885,True
GACCTGCAGGCAGGTG-1,7389.0,2928,11.503586,0.021451104100946368,False
GACCTGCAGGGATTAG-1,2065.0,1093,9.297821,0.07534533277521976,False
GACCTGCAGTGAGCAA-1,3982.0,2006,5.474636,0.025962195399681167,False
GACCTTTGTGCTGTAA-1,2911.0,1587,9.206458,0.07744826114785579,False
GACCTTTGTTAACACG-1,3597.0,1759,8.034472,0.011634922002930278,False
GACCTTTGTTTACCGT-1,3789.0,2062,7.495382,0.003603985584057664,False
GACGCAACAAATGCCC-1,7899.0,3164,7.7731357,0.09200676165177493,False
GACGCAACAAGTGTTT-1,6179.0,2721,13.821008,0.03433029908972692,False
GACGCAACAATCTCTC-1,3493.0,1800,7.1571717,0.02476572958500669,False
GACGCAACACGTGCTG-1,2048.0,1172,8.154297,0.030570902394106814,False
GACGCAACAGTATGTT-1,13897.0,4583,11.426927,0.421792618629174,True
GACGCAACAGTGAACG-1,3217.0,1396,4.8803234,0.04040833687792429,False
GACGCAACATTAAAGG-1,5525.0,2353,11.837104,0.07963446475195822,False
GACGCAACATTGTGCA-1,3107.0,1447,13.614419,0.11866393202461177,False
GACGCCTAGCCAGGTC-1,4541.0,2108,13.080819,0.07744826114785579,False
GACGCCTAGCGATAAG-1,3129.0,1501,20.134228,0.06102433708681438,False
GACGCCTAGCGCCTAA-1,2826.0,1501,4.564756,0.047693266832917705,False
GACGCCTAGGACCAGG-1,3288.0,1658,9.5194645,0.047693266832917705,False
GACGCCTAGGGTGAGT-1,2934.0,1537,9.611452,0.02785286167587261,False
GACGTAAAGCCAAATC-1,3348.0,1693,11.081243,0.027209302325581396,False
GACGTAAAGCGCTCAA-1,3684.0,1748,7.899023,0.14754098360655732,False
GACGTAAAGGAAGTAT-1,6768.0,2858,11.731678,0.2585915492957747,True
GACGTAAAGGGCCACT-1,3221.0,1795,4.998448,0.01626867091618305,False
GACGTAAAGTGCACGC-1,3341.0,1540,4.8488474,0.09481481481481482,False
GACTAATGTAATCGTG-1,636.0,353,4.0880504,0.13184713375796173,False
GACTAATGTGAGCAAG-1,2872.0,1613,3.6908078,0.1900043084877208,True
GACTAATGTGGAAACG-1,8058.0,3319,8.910399,0.24437299035369767,True
GACTAATGTTCACTGT-1,4092.0,2075,5.865103,0.006940160394818014,False
GACTAATGTTCCATTA-1,7471.0,3096,9.249096,0.31158455392809603,True
GACTAATGTTTATCTG-1,3666.0,1769,14.048009,0.011987491313412093,False
GACTAATGTTTGCAGA-1,3969.0,2047,10.00252,0.01713621841417369,False
GACTATTCAAACTGTT-1,14342.0,4590,9.761539,0.5083682008368199,True
GACTATTCAAATTCGT-1,6457.0,2787,10.856435,0.07534533277521976,False
GACTATTCAGAACCGA-1,4178.0,1906,16.084251,0.039473684210526314,False
GACTATTCAGCTACGT-1,3860.0,1905,12.590673,0.04885375494071145,False
GACTATTCATGTTGGC-1,7225.0,2804,7.4463663,0.005071664829106946,False
GACTCACCAGCTAACC-1,7460.0,3008,6.5951743,0.1665381649961449,False
GACTCACCAGGAAGCC-1,2225.0,1195,7.955056,0.023059434881455017,False
GACTCACCAGTAATAG-1,5225.0,2218,18.29665,0.06767794632438741,False
GACTCACCATAATCGT-1,4060.0,1847,6.8965516,0.11866393202461177,False
GACTCACCATCAATCG-1,5663.0,2669,6.321738,0.023059434881455017,False
GACTCACCATGTCGCG-1,5243.0,2305,11.348464,0.06102433708681438,False
GACTCACCATGTGGGA-1,2984.0,1520,9.282842,0.007222179078978022,False
GACTTACAGGATGATG-1,4117.0,1879,16.176826,0.07137096774193549,False
GACTTACAGGCACAGG-1,4835.0,2121,16.31851,0.06592776609975157,False
GACTTACAGGGTGAAC-1,4263.0,1826,7.3187895,0.1665381649961449,False
GACTTACAGTAGGATG-1,2568.0,1440,9.034267,0.024185532854776367,False
GACTTACAGTCATCCC-1,2235.0,1251,6.8456373,0.06767794632438741,False
GACTTAGGTACGCGCA-1,5556.0,2513,14.12887,0.029182178455626276,False
GACTTAGGTATCTGGA-1,2847.0,1549,9.764665,0.0058505850585058505,False
GACTTAGGTGCTCACC-1,3287.0,1632,8.396714,0.07744826114785579,False
GACTTGGTCAAGCCTG-1,3479.0,1724,6.4386315,0.04336283185840707,False
GACTTGGTCATGTGGT-1,7282.0,2839,11.700083,0.11472602739726025,False
GACTTGGTCCGCAAGC-1,3865.0,1718,10.375161,0.1367661528369957,False
GACTTGGTCCGGCTAA-1,3423.0,1655,11.627228,0.01626867091618305,False
GACTTGGTCCGTCCAT-1,5435.0,2400,9.75161,0.14754098360655732,False
GACTTGGTCGCCTAAG-1,3117.0,1590,8.341354,0.013455328310010764,False
GACTTGGTCGTTAGTA-1,2421.0,1421,8.632796,0.02476572958500669,False
GACTTGGTCTAATCTC-1,2979.0,1687,3.8267877,0.01626867091618305,False
GAGAAACGTGAATCGC-1,3262.0,1626,8.093195,0.18159203980099492,True
GAGAAACGTGCTTTAC-1,2478.0,1268,5.488297,0.06423741547708492,False
GAGAACCAGAGAGCCG-1,28756.0,6894,11.941855,0.421792618629174,True
GAGAACCAGCAATAGG-1,3432.0,1604,7.1969695,0.047693266832917705,False
GAGAACCAGCCAGTAT-1,3103.0,1632,7.5410895,0.032023106869270374,False
GAGAACCAGCTAAGTC-1,6295.0,2662,15.266085,0.46131805157593153,True
GAGAACCAGCTTAACA-1,3242.0,1694,9.130166,0.04336283185840707,False
GAGAACCAGGCCGGAA-1,722.0,368,28.254848,0.10743353228431904,False
GAGAGGCGTACCGAAC-1,3346.0,1706,15.690376,0.01803488715876614,False
GAGAGGCGTACGTTTC-1,2340.0,1114,5.940171,0.039473684210526314,False
GAGAGGCGTCAAAGGG-1,1926.0,1176,5.0363445,0.03354324636936127,False
GAGAGGCGTGCATTTC-1,2993.0,1468,10.725025,0.021976855292493894,False
GAGAGGCGTTAGACCA-1,7338.0,3024,14.922322,0.33380581148121885,True
GAGAGGCGTTCTTTAG-1,1432.0,933,7.1927376,0.09481481481481482,False
GAGATAAGTAGCTAGC-1,6118.0,2673,8.352403,0.12281757977122211,False
GAGATAAGTATACTGG-1,6000.0,2591,17.233334,0.05519591141396934,False
GAGATAAGTCCGTAGG-1,6242.0,2530,9.996796,0.05004812319538016,False
GAGATAAGTGAAACAA-1,7059.0,2836,13.812155,0.01896638233818364,False
GAGATAAGTGCTGGTG-1,2352.0,967,22.57653,0.019445007089325502,False
GAGATAAGTGGACATC-1,8014.0,3060,7.0501623,0.00666207213416035,False
GAGCAAATCACTAATG-1,16467.0,4859,11.028117,0.15977653631284908,False
GAGCAAATCATAACTG-1,7135.0,2977,10.567624,0.007222179078978022,False
GAGCAAATCCCATAAA-1,3308.0,1691,10.580411,0.06592776609975157,False
GAGCAAATCGTTTCGC-1,6685.0,2615,15.542258,0.00432338953739732,False
GAGCAAATCTTGGATA-1,8303.0,3218,8.370469,0.33380581148121885,True
GAGCAAGGTAACAGGG-1,2024.0,1163,10.424902,0.01803488715876614,False
GAGCAAGGTACTGAAT-1,4286.0,1981,12.9024725,0.03767403767403767,False
GAGCAAGGTCGCAATA-1,6398.0,2784,9.706159,0.03767403767403767,False
GAGCAAGGTGCTCACC-1,8957.0,3457,14.056045,0.421792618629174,True
GAGCAAGGTTACGCAA-1,2201.0,1293,7.4965925,0.0580168776371308,False
GAGCAAGGTTACTAGG-1,3532.0,1762,16.95923,0.05385002516356318,False
GAGCAAGGTTCGCGCT-1,6775.0,2797,10.066421,0.24437299035369767,True
GAGCAAGGTTTAAAGC-1,2276.0,1293,6.766257,0.05385002516356318,False
GAGCAAGGTTTCAGGA-1,8188.0,3289,16.6341,0.421792618629174,True
GAGCATGCAAGGTACG-1,5496.0,2456,13.500728,0.01626867091618305,False
GAGCATGCACAATGTT-1,3545.0,1735,14.922426,0.06592776609975157,False
GAGCATGCACTCAACA-1,5981.0,2573,9.630497,0.032023106869270374,False
GAGCATGCACTTGTTC-1,2209.0,1170,12.177456,0.04235191384078009,False
GAGCATGCAGGACCAA-1,3416.0,1755,7.6112413,0.11472602739726025,False
GAGCATGCAGTTATGT-1,2865.0,1561,9.21466,0.13184713375796173,False
GAGCATGCATAATCAC-1,1968.0,1082,6.910569,0.03433029908972692,False
GAGCATGCATGGCCTG-1,6346.0,2639,14.89127,0.03277439024390243,False
GAGCCACTCACTCGCT-1,1736.0,976,6.854839,0.024185532854776367,False
GAGCCACTCATTTGCT-1,4141.0,1906,12.484907,0.05385002516356318,False
GAGCCACTCGGTTACG-1,3142.0,1498,10.980268,0.052544613350958363,False
GAGCCACTCTGCAACG-1,4127.0,1921,7.778047,0.02093531923757942,False
GAGCCTTCAAAGCCTC-1,8006.0,3279,4.7714214,0.02251286449399657,False
GAGCCTTCAACAGGTG-1,3687.0,1751,9.845403,0.04885375494071145,False
GAGCCTTCAACTAGGG-1,3494.0,1838,3.148254,0.0594961586564231,False
GAGCCTTCAATATACC-1,3830.0,1490,33.107048,0.02042921997523731,False
GAGCCTTCAATTGAAG-1,3066.0,1553,10.14351,0.02251286449399657,False
GAGCCTTCAGCTAATT-1,2870.0,1503,11.045297,0.06592776609975157,False
GAGCCTTCATTGTCCT-1,10174.0,3693,11.018282,0.2919020715630885,True
GAGCGAAGTAAACAAG-1,3995.0,1839,20.150188,0.07137096774193549,False
GAGCGAAGTAATAACC-1,1938.0,1156,7.7399383,0.11098748261474266,False
GAGCGAAGTCAAAGAA-1,1968.0,1075,8.689024,0.13184713375796173,False
GAGCGAAGTTAGGATT-1,2564.0,1395,11.037441,0.021976855292493894,False
GAGCGAAGTTCGGGAT-1,2770.0,1349,11.046931,0.09200676165177493,False
GAGCGATAGACAACAG-1,6815.0,2856,15.832722,0.06767794632438741,False
GAGCGATAGCATGTCG-1,2800.0,1567,7.7857146,0.01584606677985286,False
GAGCGATAGCCTAACG-1,3396.0,1719,9.511189,0.03277439024390243,False
GAGCGATAGGATTGAG-1,4586.0,2120,14.435238,0.04440125579309313,False
GAGCGATAGGGCTTTG-1,2671.0,1411,8.835642,0.013837388079949352,False
GAGCGATAGGTGTCCA-1,2902.0,1513,12.301861,0.010609632873021219,False
GAGCGATAGTAGGATG-1,4134.0,2069,15.287857,0.09200676165177493,False
GAGCGATAGTCATGCG-1,3363.0,1610,8.682724,0.04235191384078009,False
GAGCGATAGTTTGAGC-1,4434.0,2068,10.847993,0.06102433708681438,False
GAGCGGTCAAGGATTA-1,3836.0,1878,14.494265,0.04440125579309313,False
GAGCGGTCAATGCCTA-1,4567.0,2134,19.881762,0.04546832373446498,False
GAGCGGTCACCCACCT-1,3908.0,1771,7.8556805,0.06592776609975157,False
GAGCGGTCACTTAACG-1,2086.0,1204,7.76606,0.0053278081989048395,False
GAGCGGTCACTTCATC-1,4515.0,2093,12.95681,0.20897615708274905,True
GAGCGGTCAGGACACA-1,2959.0,1613,10.645489,0.02042921997523731,False
GAGCGGTCATGGCCCA-1,1988.0,1146,12.776659,0.08427729950158584,False
GAGCGGTCATGTCAAT-1,2426.0,1333,8.903545,0.032023106869270374,False
GAGCGGTCATTATGAC-1,1437.0,866,5.3583856,0.15977653631284908,False
GAGCTAGCAAGACTCC-1,2131.0,1166,11.49695,0.09200676165177493,False
GAGCTAGCAGACAAAC-1,3431.0,1649,11.804139,0.06102433708681438,False
GAGCTAGCAGCACGTT-1,6240.0,2443,5.625,0.06767794632438741,False
GAGCTAGCATGTCGCG-1,2603.0,1330,15.674221,0.008092668993970167,False
GAGCTAGCATTTGCTC-1,3953.0,1870,10.37187,0.03277439024390243,False
GAGCTGCTCAAGCGCC-1,8797.0,3265,9.662385,0.011987491313412093,False
GAGCTGCTCACCTGCT-1,2385.0,1265,8.469602,0.06260387811634349,False
GAGCTGCTCATGACCG-1,2854.0,1447,6.692362,0.15345821325648415,False
GAGCTGCTCGGTTTGG-1,212.0,180,1.8867924,0.010609632873021219,False
GAGCTGCTCGTTACAA-1,1762.0,926,9.250851,0.03513620213185945,False
GAGCTGCTCTTGCAGG-1,2078.0,1156,12.463908,0.06260387811634349,False
GAGCTTAGTACCTTAC-1,2401.0,1462,2.124115,0.01584606677985286,False
GAGCTTAGTATTGCAG-1,4215.0,1905,5.456702,0.03680733450182013,False
GAGCTTAGTGGGTACT-1,13412.0,4340,15.538324,0.33380581148121885,True
GAGCTTAGTGTAACCA-1,2991.0,1611,9.796055,0.03596164091635589,False
GAGCTTAGTTTAACGG-1,3213.0,1626,10.893247,0.07534533277521976,False
GAGCTTGTCATGCCTC-1,2875.0,1355,8.591305,0.1665381649961449,False
GAGCTTGTCCAAGTGT-1,4711.0,1951,9.042666,0.07963446475195822,False
GAGCTTGTCCCTTGCG-1,8035.0,3121,9.359055,0.11098748261474266,False
GAGCTTGTCCGCAAGC-1,3585.0,1805,9.790795,0.013837388079949352,False
GAGCTTGTCCTCACAC-1,2871.0,1523,8.638105,0.06102433708681438,False
GAGCTTGTCCTTCAAT-1,2567.0,1378,11.297235,0.007508212106992022,False
GAGCTTGTCGACAAAG-1,2940.0,1592,8.707483,0.009630422256975885,False
GAGCTTGTCGATTTGA-1,3425.0,1626,14.656934,0.03277439024390243,False
GAGCTTGTCGCGACAC-1,5131.0,2369,9.530306,0.12281757977122211,False
GAGCTTGTCTCGCCCA-1,6656.0,2939,7.3467546,0.2585915492957747,True
GAGGACTAGAGCAAGC-1,4149.0,2078,11.76187,0.2585915492957747,True
GAGGACTAGATACTTG-1,5270.0,2357,10.417458,0.02851033499643621,False
GAGGACTAGCCTTAAA-1,3368.0,1751,9.08551,0.021976855292493894,False
GAGGACTAGCGAGGTG-1,210.0,162,19.047619,0.02042921997523731,False
GAGGACTAGCTGTCAG-1,4787.0,2166,13.223312,0.08427729950158584,False
GAGGACTAGGAAACTG-1,3307.0,1708,10.855761,0.03433029908972692,False
GAGGACTAGGTGTCCA-1,2723.0,1349,8.740359,0.04235191384078009,False
GAGGACTAGTGAGCAA-1,5911.0,2524,15.462696,0.08427729950158584,False
GAGGACTAGTTATTCC-1,4427.0,2146,4.1337247,0.07963446475195822,False
GAGGAGGCAAGGGTTG-1,6905.0,2947,11.165821,0.3590909090909092,True
GAGGAGGCACAGAAAC-1,3127.0,1641,11.320755,0.014225788801750865,False
GAGGAGGCACTGGCCA-1,3526.0,1815,14.237096,0.08674531575294935,False
GAGGAGGCAGAGGCTA-1,5994.0,2657,10.11011,0.27434679334916884,True
GAGGAGGCAGCTCAAC-1,2278.0,1305,6.233538,0.02785286167587261,False
GAGGAGGCAGGCAAGC-1,3983.0,1995,11.49887,0.07137096774193549,False
GAGGAGGCATCCATCT-1,3787.0,1949,5.096382,0.008391273076000958,False
GAGGAGGCATGAATCT-1,5117.0,2252,9.263241,0.03354324636936127,False
GAGGCAAGTCAAACTG-1,2547.0,1413,5.771496,0.02785286167587261,False
GAGGCAAGTCGCATAA-1,3282.0,1597,10.664229,0.025962195399681167,False
GAGGCAAGTGCTCACC-1,5694.0,2526,6.252195,0.01993253603189206,False
GAGGCCTTCCACCTGT-1,3660.0,1900,6.47541,0.19910313901345295,True
GAGGCCTTCGAGGAGT-1,3528.0,1880,6.9444447,0.00432338953739732,False
GAGGCCTTCGTGCCTT-1,3850.0,1846,18.831167,0.0385625431928127,False
GAGGCCTTCGTTAGTA-1,4449.0,2172,10.676557,0.023616881696916687,False
GAGGCCTTCTGTGCCT-1,4267.0,2060,5.8354816,0.027209302325581396,False
GAGGCTACAAATTCGT-1,11060.0,4167,9.014466,0.46131805157593153,True
GAGGCTACACCAAAGG-1,3631.0,1614,6.63729,0.04885375494071145,False
GAGGCTACAGCAACCT-1,6415.0,2438,9.010133,0.02851033499643621,False
GAGGCTACATCAGCAC-1,2583.0,1372,11.26597,0.04336283185840707,False
GAGGCTACATTGTGGC-1,4153.0,2057,11.148567,0.07332101047443006,False
GAGGCTACATTGTGTG-1,4455.0,1951,6.936027,0.018496420047732696,False
GAGGCTTGTAAAGCGG-1,2657.0,1291,8.844562,0.04546832373446498,False
GAGGCTTGTATCTGGA-1,3868.0,1866,13.59876,0.07332101047443006,False
GAGGCTTGTATTGTCC-1,2674.0,1340,9.910247,0.09481481481481482,False
GAGGCTTGTGCAATGC-1,3180.0,1748,7.2327046,0.015022255192878337,False
GAGGGAGCAAACCTTG-1,4761.0,2135,12.812434,0.03433029908972692,False
GAGGGAGCAACCTGGT-1,2012.0,1121,7.554672,0.02657921988263721,False
GAGGGAGCAATTAAGG-1,8366.0,3191,14.8218975,0.030570902394106814,False
GAGGGAGCACAGAACG-1,4366.0,2005,13.788364,0.030570902394106814,False
GAGGGAGCACCCTCAC-1,5620.0,2398,12.580071,0.0385625431928127,False
GAGGGAGCAGAGGGAG-1,3574.0,1495,8.505876,0.03354324636936127,False
GAGGGAGCAGCTAACC-1,2316.0,1265,7.297064,0.14754098360655732,False
GAGGGAGCATAAGCAA-1,7514.0,3052,16.1432,0.3590909090909092,True
GAGGGAGCATGGCCCA-1,4182.0,1911,16.905787,0.06260387811634349,False
GAGGGAGCATTAGGCC-1,2034.0,1111,9.242871,0.06260387811634349,False
GAGGGAGCATTATCCC-1,5414.0,2448,13.631326,0.0580168776371308,False
GAGGTACAGCGGATAA-1,4817.0,2155,8.822919,0.025357827115969796,False
GAGGTACAGGAACGCG-1,3924.0,1790,9.582059,0.06423741547708492,False
GAGGTACAGTAACAGG-1,2552.0,1348,11.912226,0.13184713375796173,False
GAGGTACAGTAAGTGG-1,3161.0,1582,9.553938,0.03680733450182013,False
GAGGTAGGTCAAACTG-1,2496.0,1261,11.858974,0.02657921988263721,False
GAGGTAGGTTACATCC-1,3052.0,1593,6.782438,0.17379145025968837,False
GAGGTAGGTTTGCTGT-1,2649.0,1476,7.7010193,0.20897615708274905,True
GAGGTGAGTAAGCTTG-1,6184.0,2728,11.303364,0.12281757977122211,False
GAGGTGAGTAATGGAA-1,3964.0,1879,6.5590315,0.10082730093071354,False
GAGGTGAGTACGATTG-1,4312.0,1965,10.783859,0.04040833687792429,False
GAGGTGAGTATACTGG-1,9046.0,3292,10.247623,0.01128783991790662,False
GAGGTGAGTCAAAGGG-1,4156.0,2066,11.164581,0.030570902394106814,False
GAGGTGAGTGATGAAA-1,2151.0,1221,10.646212,0.07332101047443006,False
GAGGTGAGTGGTTCTT-1,2316.0,1128,10.276339,0.03433029908972692,False
GAGGTGAGTTCGCGCT-1,2727.0,1356,15.548222,0.10743353228431904,False
GAGGTGAGTTGTAACG-1,2824.0,1328,6.8696885,0.04885375494071145,False
GAGGTGAGTTGTGACA-1,5147.0,2455,17.660772,0.07534533277521976,False
GAGGTGAGTTGTTGGA-1,3285.0,1657,9.010654,0.01626867091618305,False
GAGGTGAGTTTAACGG-1,4790.0,2176,13.716075,0.047693266832917705,False
GAGGTTAAGCTGTAAC-1,3424.0,1681,11.653037,0.023059434881455017,False
GAGGTTAAGCTTAGCG-1,8973.0,3190,8.971359,0.07137096774193549,False
GAGGTTAAGGCGCTAC-1,5690.0,2479,15.307558,0.021976855292493894,False
GAGGTTAAGTAGCGGG-1,4971.0,2301,16.032991,0.0594961586564231,False
GAGGTTAAGTGAACAG-1,3654.0,1921,7.7449374,0.032023106869270374,False
GAGGTTAAGTGCACGC-1,6312.0,2823,8.000634,0.33380581148121885,True
GAGTAACCAAGCGAGC-1,2387.0,1271,15.16548,0.02042921997523731,False
GAGTAACCACTTAGGC-1,7651.0,3086,5.777023,0.04235191384078009,False
GAGTAACCAGTTTGGC-1,3685.0,1862,5.2917233,0.023616881696916687,False
GAGTAACCATAATCGT-1,3871.0,1847,5.089124,0.18159203980099492,True
GAGTAACCATCAGTAT-1,4780.0,2116,11.171548,0.02476572958500669,False
GAGTAACCATGAGTTT-1,3390.0,1779,6.4896755,0.18159203980099492,True
GAGTAACCATTATGGT-1,2937.0,1608,6.1967993,0.021451104100946368,False
GAGTAATAGAGAGCCG-1,3757.0,1725,9.821666,0.015022255192878337,False
GAGTAATAGCTAATCA-1,10938.0,3687,6.03401,0.04040833687792429,False
GAGTAATAGGCTACTG-1,5790.0,2510,6.7184796,0.06423741547708492,False
GAGTAATAGTTATGGC-1,7364.0,3040,12.262358,0.31158455392809603,True
GAGTAATAGTTTGAGC-1,4720.0,2071,10.338983,0.023059434881455017,False
GAGTATCTCCTGTTCA-1,2257.0,1175,10.544971,0.11098748261474266,False
GAGTATCTCGGCTATG-1,3403.0,1760,11.93065,0.013079455467568288,False
GAGTATCTCTTAGCGG-1,4915.0,2242,15.442523,0.04040833687792429,False
GAGTATCTCTTGCAGG-1,4404.0,2067,16.326067,0.07963446475195822,False
GAGTCAAAGCAAGGTA-1,2247.0,1290,14.152204,0.08190899001109879,False
GAGTCAAAGCCAAATC-1,4693.0,2141,13.893032,0.06102433708681438,False
GAGTCAAAGCCAGGTC-1,5279.0,2320,12.919113,0.02785286167587261,False
GAGTCAAAGCTGTAAC-1,2899.0,1302,4.8982406,0.08190899001109879,False
GAGTCAAAGGAATAAC-1,2295.0,1233,16.906319,0.013079455467568288,False
GAGTCAAAGGCATTGT-1,159.0,127,12.578617,0.02251286449399657,False
GAGTCAAAGGCTAAGA-1,3294.0,1586,10.777171,0.032023106869270374,False
GAGTCAAAGTCACCAG-1,2121.0,1152,8.34512,0.14198782961460438,False
GAGTCATTCAATACGC-1,7584.0,3121,10.746307,0.421792618629174,True
GAGTCATTCACTCAAA-1,5973.0,2496,14.7329645,0.05519591141396934,False
GAGTCATTCATGTCAA-1,4993.0,2219,7.7508507,0.08674531575294935,False
GAGTCATTCCGTTAAA-1,2588.0,1491,6.0278206,0.015022255192878337,False
GAGTCATTCTCGACCT-1,4611.0,1986,13.185861,0.03277439024390243,False
GAGTCATTCTCTAGCC-1,6402.0,2589,7.1383944,0.03596164091635589,False
GAGTGAGGTATTGTGG-1,2504.0,1406,8.027157,0.046565237436606725,False
GAGTGAGGTGATGATT-1,10173.0,3556,16.524134,0.27434679334916884,True
GAGTGAGGTTCAAGAT-1,7093.0,3055,11.800366,0.421792618629174,True
GAGTGAGGTTTGTTGC-1,5857.0,2535,10.739286,0.005587424569768309,False
GAGTGATCAAAGCGGC-1,2791.0,1325,7.16589,0.04336283185840707,False
GAGTGATCAAAGCTAA-1,2848.0,1554,9.620787,0.11098748261474266,False
GAGTGATCAAGCTTAT-1,8897.0,3490,11.307182,0.31158455392809603,True
GAGTGATCAGCATGGA-1,4906.0,2240,10.008153,0.07534533277521976,False
GAGTGATCAGCCAGAA-1,389.0,329,1.2853471,0.14754098360655732,False
GAGTGATCATAATCCG-1,2760.0,1459,10.18116,0.06260387811634349,False
GAGTGTTTCATCCTAT-1,3078.0,1465,11.59844,0.10082730093071354,False
GAGTGTTTCATGCAAC-1,3080.0,1497,10.551949,0.06102433708681438,False
GAGTGTTTCATGTCAA-1,7363.0,2995,13.323374,0.03433029908972692,False
GAGTGTTTCGAAGTGA-1,4119.0,2014,4.8555474,0.029868868382710054,False
GAGTGTTTCGCTAAGT-1,2854.0,1446,11.702873,0.02851033499643621,False
GAGTGTTTCGGTTTGG-1,2547.0,1451,9.81547,0.0580168776371308,False
GAGTGTTTCTCACATT-1,2951.0,1465,11.2165365,0.04885375494071145,False
GAGTTACTCAAACCGT-1,4424.0,2034,7.6627483,0.06592776609975157,False
GAGTTACTCAAAGGCA-1,5043.0,2088,6.9998016,0.06102433708681438,False
GAGTTACTCAGCACCA-1,6460.0,2655,5.5263157,0.07534533277521976,False
GAGTTACTCCAATAGC-1,3336.0,1756,7.4940047,0.030570902394106814,False
GAGTTACTCCGCATGA-1,3440.0,1759,9.127907,0.021451104100946368,False
GAGTTACTCCTCACAC-1,6040.0,2430,14.238411,0.039473684210526314,False
GAGTTACTCGGCCAGT-1,4231.0,1993,9.004963,0.032023106869270374,False
GAGTTGCGTAACAGGG-1,2091.0,1254,9.038737,0.02251286449399657,False
GAGTTGCGTAATAACC-1,7709.0,3013,15.631082,0.421792618629174,True
GAGTTGCGTAGTAAGA-1,4287.0,1915,22.579891,0.046565237436606725,False
GAGTTGCGTTAATCGG-1,3791.0,1695,11.289897,0.029868868382710054,False
GAGTTTGGTCATGAGC-1,3813.0,1839,11.696827,0.009313725490196078,False
GAGTTTGGTCGACTAA-1,2942.0,1415,6.2882395,0.01713621841417369,False
GAGTTTGGTGAGAAAC-1,3043.0,1502,15.2809725,0.01713621841417369,False
GAGTTTGGTGGTGAGA-1,3311.0,1630,13.47025,0.015430655569063874,False
GAGTTTGGTGTTGTGA-1,1594.0,949,8.469259,0.07534533277521976,False
GAGTTTGGTTACTTGC-1,6716.0,2808,9.201906,0.01993253603189206,False
GAGTTTGGTTGACTTC-1,4739.0,2056,6.646972,0.046565237436606725,False
GAGTTTGGTTTGAGGC-1,2380.0,1332,12.394958,0.0077983458054352115,False
GATAAAGGTCAAACTG-1,4731.0,1990,8.306911,0.1665381649961449,False
GATAAAGGTCCTGATT-1,4999.0,2106,5.681136,0.06260387811634349,False
GATAAAGGTGACATAT-1,7442.0,3055,9.674819,0.04136742315426601,False
GATAAAGGTGTGTCCC-1,3621.0,1734,13.863574,0.06102433708681438,False
GATAAAGGTTACGCGG-1,3734.0,1577,9.587574,0.0385625431928127,False
GATAAAGGTTGCATCT-1,2382.0,1087,13.685978,0.01896638233818364,False
GATAAAGGTTTGCTGT-1,3225.0,1690,6.666667,0.07534533277521976,False
GATAACGAGCGAGGTG-1,5007.0,2237,13.680847,0.047693266832917705,False
GATAACGAGGTCCTAG-1,4161.0,2115,10.141793,0.029868868382710054,False
GATAACGAGTCGCTAG-1,3673.0,1834,9.120609,0.0594961586564231,False
GATAACGAGTGGACAA-1,4635.0,2120,16.548004,0.05004812319538016,False
GATAACGAGTTGGGCC-1,1940.0,882,15.360825,0.01803488715876614,False
GATAAGCCAAGGACCA-1,4439.0,2203,7.0736656,0.010609632873021219,False
GATAAGCCAAGTAAGC-1,3296.0,1772,5.1881065,0.04440125579309313,False
GATAAGCCACAACAGG-1,2240.0,1213,4.107143,0.02851033499643621,False
GATAAGCCACCTAAGC-1,4643.0,2110,6.5905666,0.02476572958500669,False
GATAAGCCAGCTAATT-1,3710.0,1626,7.6819406,0.02251286449399657,False
GATAAGCCAGCTTAGC-1,2672.0,1445,7.0359282,0.08190899001109879,False
GATAAGCCAGTCTAAT-1,2146.0,1162,10.484622,0.02785286167587261,False
GATAATCGTCAAGTGC-1,5663.0,2439,7.381247,0.46131805157593153,True
GATAATCGTCACAGAC-1,2315.0,1197,19.179266,0.07332101047443006,False
GATAATCGTGAACAAA-1,2897.0,1382,8.457025,0.06423741547708492,False
GATAATCGTGGTTCCC-1,3239.0,1742,4.6928062,0.02476572958500669,False
GATAATCGTGTGCAAC-1,1600.0,925,15.25,0.04040833687792429,False
GATAATCGTTACTTCA-1,2504.0,1349,11.0623,0.0053278081989048395,False
GATAATCGTTGCACGG-1,3956.0,1946,3.5642061,0.010278265229380797,False
GATAGACCAGGCCTTG-1,5629.0,2129,8.989163,0.06102433708681438,False
GATAGACCATCAGTAT-1,3753.0,1840,4.3698373,0.07332101047443006,False
GATAGACCATGAAGTA-1,3365.0,1650,14.383358,0.010278265229380797,False
GATAGACCATTAAGCT-1,3999.0,1997,8.027007,0.08190899001109879,False
GATCAAGAGACAAGTG-1,2882.0,1512,11.380985,0.11472602739726025,False
GATCAAGAGCCAGTAT-1,4873.0,2028,7.079828,0.10743353228431904,False
GATCAAGAGCGGGCAA-1,4391.0,2057,14.71191,0.0580168776371308,False
GATCAAGAGCTCCTAC-1,3157.0,1531,12.670257,0.01803488715876614,False
GATCAAGAGGAGGTTA-1,2893.0,1593,6.498445,0.04040833687792429,False
GATCAAGAGGTGAAGC-1,3154.0,1495,7.3874445,0.07137096774193549,False
GATCAAGAGTAGCTTA-1,3499.0,1678,7.5735927,0.05658418411489879,False
GATCACTAGCAGGTTT-1,3834.0,1714,6.9900885,0.10082730093071354,False
GATCACTAGCGTGCGT-1,2651.0,1395,14.258771,0.003603985584057664,False
GATCACTAGCTAAAGG-1,8322.0,3185,10.910839,0.01626867091618305,False
GATCACTAGGATGATG-1,3353.0,1581,7.426185,0.12720519962859794,False
GATCACTAGGGTCCAC-1,2993.0,1575,7.9518876,0.1367661528369957,False
GATCACTAGTAGGCGG-1,2680.0,1470,8.619403,0.004080463884315269,False
GATCACTAGTATGTGC-1,2376.0,1331,7.7441072,0.029868868382710054,False
GATCAGGCAATGCGCT-1,5101.0,2243,17.271124,0.025962195399681167,False
GATCAGGCACAATGCC-1,3837.0,1600,4.5608544,0.0594961586564231,False
GATCAGGCACCTACTT-1,4795.0,2174,9.134516,0.0385625431928127,False
GATCAGGCACTGGCTG-1,3530.0,1765,7.308782,0.10743353228431904,False
GATCAGGCAGGCAAGC-1,2526.0,1348,13.222486,0.006940160394818014,False
GATCAGGCAGTACCGT-1,2995.0,1571,8.247078,0.11472602739726025,False
GATCAGGCATTAGGTT-1,4119.0,1938,9.322652,0.04235191384078009,False
GATCAGGCATTGTGGC-1,1646.0,1023,10.267315,0.04040833687792429,False
GATCAGTTCACACAGT-1,15226.0,4511,8.53146,0.20897615708274905,True
GATCAGTTCAGCTAAC-1,3841.0,1907,7.602187,0.04040833687792429,False
GATCAGTTCATAATCG-1,3889.0,1729,7.662638,0.019445007089325502,False
GATCAGTTCATTTGCT-1,3741.0,1855,10.719059,0.0385625431928127,False
GATCAGTTCCTCAGTC-1,2299.0,1240,6.568073,0.039473684210526314,False
GATCAGTTCTAACTGA-1,3355.0,1899,2.2354693,0.03767403767403767,False
GATCAGTTCTCCATGC-1,3191.0,1658,9.276089,0.027209302325581396,False
GATCCGTCACAAAGCG-1,5986.0,2661,11.042433,0.03680733450182013,False
GATCCGTCACAACAAA-1,5914.0,2602,10.196145,0.04440125579309313,False
GATCCGTCAGCAACCT-1,3759.0,1734,9.417398,0.08674531575294935,False
GATCCGTCAGGCTAGA-1,7158.0,3113,12.014529,0.33380581148121885,True
GATCCGTCATAGCGGA-1,4227.0,2011,12.5621,0.08931947069943286,False
GATCGAGCAAATTCGT-1,8515.0,3313,8.40869,0.46131805157593153,True
GATCGAGCACTAAGTT-1,10703.0,3770,12.127441,0.27434679334916884,True
GATCGAGCAGCATGAG-1,5509.0,2602,10.927573,0.023059434881455017,False
GATCGAGCAGCCAGTT-1,2143.0,1165,6.486234,0.03513620213185945,False
GATCGAGCAGGCCAAA-1,3260.0,1664,9.018405,0.06102433708681438,False
GATCGAGCAGGTCCTG-1,3340.0,1733,6.4071856,0.04336283185840707,False
GATCGATTCCCGAAGC-1,3359.0,1726,6.668651,0.008694252133311868,False
GATCGATTCGGTCATG-1,2819.0,1575,8.087975,0.009630422256975885,False
GATCGATTCGGTTTGG-1,4105.0,1971,10.060902,0.04336283185840707,False
GATCGATTCTCGACCT-1,1962.0,1163,11.365953,0.01993253603189206,False
GATCGCTCAACCCTAA-1,8953.0,3411,14.598459,0.33380581148121885,True
GATCGCTCAAGCGAGC-1,2806.0,1581,7.769066,0.027209302325581396,False
GATCGCTCAAGGTCCT-1,3893.0,1859,0.8990495,0.029868868382710054,False
GATCGCTCAGCGCTTG-1,2697.0,1345,10.567297,0.05385002516356318,False
GATCGCTCAGGCCTTG-1,2988.0,1466,7.2623825,0.06102433708681438,False
GATCGCTCAGTATGTT-1,2624.0,1345,11.318597,0.021976855292493894,False
GATCGCTCAGTTAAAG-1,3874.0,1578,5.3949404,0.05658418411489879,False
GATCGCTCATAAGGAC-1,3817.0,1667,9.510086,0.12281757977122211,False
GATCGCTCATAAGTTC-1,11374.0,4110,9.178829,0.31158455392809603,True
GATGACTTCAAACCGT-1,2239.0,1269,10.183118,0.046565237436606725,False
GATGACTTCAATGAGG-1,3718.0,1680,6.9123187,0.1900043084877208,True
GATGACTTCATTGACA-1,3823.0,1779,1.7787079,0.046565237436606725,False
GATGACTTCGATAACC-1,6471.0,2803,9.89028,0.01896638233818364,False
GATGACTTCGGTTTCC-1,5635.0,2428,13.043478,0.06260387811634349,False
GATGAGGGTCAATACG-1,2815.0,1470,8.632327,0.029182178455626276,False
GATGAGGGTGTGTGGT-1,2855.0,1394,18.143608,0.014620689655172414,False
GATGAGGGTTAAATGC-1,4536.0,2079,10.119048,0.06423741547708492,False
GATGAGGGTTAAGGTT-1,6446.0,2825,7.399938,0.27434679334916884,True
GATGAGGGTTAATGCG-1,4169.0,1955,13.792276,0.009313725490196078,False
GATGAGGGTTAGCAGC-1,4445.0,2159,13.295838,0.07534533277521976,False
GATGAGGGTTGTTCAC-1,3387.0,1687,10.953646,0.025357827115969796,False
GATGCAGCACATGCTA-1,5181.0,2315,13.87763,0.10405083399523428,False
GATGCAGCACCAGGTT-1,3829.0,1698,5.171063,0.06767794632438741,False
GATGCAGCAGCTTAGC-1,7171.0,3126,9.3710785,0.27434679334916884,True
GATGCAGCAGTTAGCC-1,2276.0,1459,1.7574692,0.04440125579309313,False
GATGCAGCAGTTTCTC-1,4151.0,1896,7.419899,0.01669865642994242,False
GATGCAGCATAATCAC-1,4585.0,2162,5.474373,0.023059434881455017,False
GATGCAGCATAGGCGA-1,6291.0,2666,10.475283,0.06949118986339338,False
GATGCAGCATTTAAGC-1,3825.0,1980,10.3267975,0.009951899154088572,False
GATGCATTCAAGCCTG-1,4381.0,2149,7.327094,0.0058505850585058505,False
GATGCATTCCGCCAAA-1,5509.0,2476,16.064621,0.07137096774193549,False
GATGCATTCGTTTCTG-1,3192.0,1605,19.392231,0.07137096774193549,False
GATGCGACAAATTGCT-1,2438.0,1340,10.869565,0.09481481481481482,False
GATGCGACAACTCGCG-1,2748.0,1367,7.13246,0.047693266832917705,False
GATGCGACACACCAAC-1,1905.0,1033,10.23622,0.03767403767403767,False
GATGCGACACGAATCC-1,5250.0,2285,16.590477,0.06767794632438741,False
GATGCGACACTGACTA-1,4272.0,1905,6.6011233,0.07137096774193549,False
GATGCGACAGAAATGC-1,4937.0,2059,14.441969,0.0385625431928127,False
GATGCGACAGGAACTG-1,2638.0,1446,8.794541,0.010609632873021219,False
GATGCGACATCCATCT-1,6924.0,2842,8.622184,0.009313725490196078,False
GATGCTTAGCACGATT-1,7860.0,2987,8.994911,0.023616881696916687,False
GATGCTTAGCACTAGT-1,696.0,447,22.988506,0.04336283185840707,False
GATGCTTAGCGATACT-1,6181.0,2807,9.367416,0.03128880059597715,False
GATGCTTAGCGGATTT-1,4610.0,2224,10.520607,0.07963446475195822,False
GATGCTTAGGCAAGTA-1,4524.0,2069,7.6038904,0.12281757977122211,False
GATGCTTAGTTGTCAA-1,3195.0,1650,9.389671,0.11098748261474266,False
GATGCTTAGTTTGAGC-1,5234.0,2297,15.017195,0.06592776609975157,False
GATGGACAGCACAGCC-1,4949.0,2226,8.830067,0.046565237436606725,False
GATGGACAGCCTAACG-1,1091.0,590,28.780933,0.10082730093071354,False
GATGGACAGCGAGTAA-1,3572.0,1789,7.838746,0.021451104100946368,False
GATGGACAGGGCTAAA-1,967.0,662,12.61634,0.04885375494071145,False
GATGGCTGTATTACCC-1,3569.0,1829,11.291678,0.01128783991790662,False
GATGGCTGTATTGTGG-1,2639.0,1427,7.464949,0.004569522013490969,False
GATGGCTGTCCTAAGA-1,9772.0,3579,12.924683,0.2919020715630885,True
GATGGCTGTGTTAAAC-1,6365.0,2622,11.516104,0.05658418411489879,False
GATGGCTGTGTTTCAC-1,10187.0,3832,7.0776477,0.20897615708274905,True
GATGGCTGTGTTTGAG-1,3411.0,1700,8.883025,0.24437299035369767,True
GATGGCTGTTTGCTGT-1,2014.0,1156,12.562065,0.07332101047443006,False
GATTAAGCAATAATCC-1,5494.0,2497,12.195122,0.06949118986339338,False
GATTAAGCAGCAAGGC-1,7857.0,3151,11.238386,0.38812042310821776,True
GATTAAGCAGTAATAG-1,7194.0,3026,11.704198,0.17379145025968837,False
GATTAAGCATAATCCG-1,6321.0,2592,14.475557,0.38812042310821776,True
GATTAAGCATTGTGGC-1,6267.0,2546,18.972395,0.04336283185840707,False
GATTACGGTAAGTCGC-1,3103.0,1503,17.33806,0.029182178455626276,False
GATTACGGTCGTAATG-1,430.0,350,0.0,0.032023106869270374,False
GATTACGGTCTTACTA-1,3516.0,1695,8.361774,0.04546832373446498,False
GATTACGGTCTTTATG-1,10311.0,3633,7.6423235,0.03596164091635589,False
GATTACGGTTGTTGGA-1,3432.0,1735,12.645687,0.01669865642994242,False
GATTACTCAACAACAA-1,3544.0,1649,13.3465,0.008694252133311868,False
GATTACTCACAAAGAC-1,3210.0,1743,8.380062,0.03596164091635589,False
GATTACTCATGTCAGC-1,2457.0,1270,5.901506,0.07332101047443006,False
GATTACTCATTGCAGC-1,3491.0,1735,12.2600975,0.005587424569768309,False
GATTAGCTCACAGCCA-1,3507.0,1729,7.4707723,0.2919020715630885,True
GATTAGCTCAGCAAGA-1,6473.0,2741,7.8016376,0.07534533277521976,False
GATTAGCTCAGCCAAT-1,3048.0,1568,5.8727036,0.06592776609975157,False
GATTAGCTCCCGCAAA-1,3148.0,1698,9.656925,0.010278265229380797,False
GATTAGCTCCCTTGCG-1,5650.0,2353,13.097345,0.029182178455626276,False
GATTAGCTCCTCAGTC-1,2266.0,1376,6.4872017,0.11866393202461177,False
GATTAGCTCGGTCATG-1,2669.0,1387,14.911953,0.0058505850585058505,False
GATTAGCTCTCAATAG-1,5064.0,2337,13.566351,0.08427729950158584,False
GATTAGCTCTCACTAT-1,1656.0,999,15.036231,0.030570902394106814,False
GATTAGCTCTGCAAGT-1,3230.0,1735,6.5634675,0.013079455467568288,False
GATTAGTGTACCGGAT-1,6837.0,2479,13.734094,0.02476572958500669,False
GATTAGTGTCATGAGC-1,2343.0,1287,9.987196,0.05658418411489879,False
GATTAGTGTGATGAGG-1,4110.0,1970,14.987835,0.06260387811634349,False
GATTAGTGTGTGTCCC-1,1716.0,1058,9.848485,0.018496420047732696,False
GATTAGTGTTACATCC-1,3877.0,1819,8.924426,0.10405083399523428,False
GATTAGTGTTAGTTGG-1,1954.0,1021,16.78608,0.04546832373446498,False
GATTAGTGTTGGCGTG-1,4538.0,2113,15.469369,0.04136742315426601,False
GATTATGTCATTAGGC-1,4829.0,2233,2.8784428,0.008391273076000958,False
GATTATGTCCCTGGAA-1,4317.0,2235,7.5515404,0.006387832699619771,False
GATTATGTCGAGGAGT-1,3293.0,1748,3.7959309,0.047693266832917705,False
GATTATGTCGCGCTAA-1,3988.0,1883,10.305918,0.08427729950158584,False
GATTATGTCGCTTGCT-1,3411.0,1693,14.511873,0.023616881696916687,False
GATTATGTCGGCCAGT-1,4462.0,2132,8.830121,0.04885375494071145,False
GATTATGTCGGGACCT-1,2613.0,1335,14.15997,0.03767403767403767,False
GATTCAATCCAATTAG-1,5165.0,2450,9.428848,0.2919020715630885,True
GATTCAATCGATCAGT-1,2289.0,1262,12.625601,0.007222179078978022,False
GATTCAATCGCAAACT-1,9930.0,3713,7.321249,0.38812042310821776,True
GATTCAATCTTGTTCG-1,3093.0,1600,8.0827675,0.06423741547708492,False
GATTCAGGTATGGTGC-1,3014.0,1516,11.844725,0.06949118986339338,False
GATTCAGGTCCGGTTC-1,3108.0,1481,13.127414,0.03596164091635589,False
GATTCAGGTCGAAGTC-1,8332.0,3337,6.4330297,0.20897615708274905,True
GATTCAGGTGAGGTAG-1,2735.0,1417,11.956124,0.008092668993970167,False
GATTCAGGTGGATTGC-1,2199.0,1176,15.234198,0.1665381649961449,False
GATTCAGGTTCCGGCT-1,2174.0,846,16.651335,0.02251286449399657,False
GATTCAGGTTCGCTTG-1,5609.0,2488,10.697094,0.11866393202461177,False
GATTCAGGTTGGTTAG-1,6258.0,2691,9.555769,0.21972656249999997,True
GATTCAGGTTTGCGAA-1,4893.0,2012,7.66401,0.029868868382710054,False
GATTCATCAACTAACT-1,7653.0,2694,0.914674,0.01584606677985286,False
GATTCATCAATAAGCA-1,3068.0,1561,8.050848,0.05658418411489879,False
GATTCATCACGCAACT-1,8230.0,3261,6.707169,0.27434679334916884,True
GATTCATCAGTCTAGC-1,5255.0,2214,17.73549,0.06260387811634349,False
GATTCATCATAATGTC-1,3253.0,1738,6.885952,0.08427729950158584,False
GATTCATCATCATGTG-1,3534.0,1724,11.71477,0.14198782961460438,False
GATTCATCATGCTATG-1,4595.0,2085,10.272035,0.029182178455626276,False
GATTCCTGTCATAAGT-1,2366.0,1255,10.016907,0.06949118986339338,False
GATTCCTGTGTTTGTC-1,4267.0,2072,9.983595,0.04336283185840707,False
GATTCCTGTTATAGCG-1,6745.0,2986,6.7309117,0.17379145025968837,False
GATTCCTGTTGGATCA-1,2354.0,1220,12.064571,0.00432338953739732,False
GATTCCTGTTTACTTG-1,4169.0,1953,5.0131927,0.08190899001109879,False
GATTCGCCAAATTGCT-1,5370.0,2308,16.312849,0.03513620213185945,False
GATTCGCCAAGCGATG-1,6451.0,2738,11.719113,0.0385625431928127,False
GATTCGCCACAGGATG-1,363.0,129,57.575756,0.06767794632438741,False
GATTCGCCACCTGCTC-1,4363.0,1985,8.617924,0.06260387811634349,False
GATTCGCCAGGCTTCG-1,2314.0,1321,6.0933447,0.08674531575294935,False
GATTCGCCAGTAAAGC-1,3343.0,1718,7.717619,0.008391273076000958,False
GATTCGCCAGTATGTT-1,4661.0,2221,6.307659,0.10082730093071354,False
GATTCGCCATGCATAT-1,3196.0,1601,12.390489,0.03513620213185945,False
GATTGATGTAAGGTCC-1,4822.0,2367,8.253837,0.1900043084877208,True
GATTGATGTACGGTAC-1,4605.0,2164,2.6492941,0.046565237436606725,False
GATTGATGTAGGATTT-1,1113.0,819,0.6289308,0.029182178455626276,False
GATTGATGTCAGGCCA-1,3376.0,1766,11.404029,0.0053278081989048395,False
GATTGATGTGGGAACA-1,5286.0,2286,6.2239876,0.05004812319538016,False
GATTGATGTGTAACCA-1,5298.0,2373,13.571159,0.10082730093071354,False
GATTGATGTTAGCCAA-1,9497.0,3400,8.708013,0.023059434881455017,False
GATTGATGTTGACTTC-1,4250.0,1979,7.4117646,0.025357827115969796,False
GATTGATGTTTATGGG-1,4913.0,2070,6.7168736,0.032023106869270374,False
GATTGCAGTAACGTGC-1,5055.0,2318,8.308605,0.07332101047443006,False
GATTGCAGTGCTGTAA-1,832.0,573,7.4519234,0.03128880059597715,False
GATTGCAGTGGAGCAA-1,6294.0,2699,15.18907,0.24437299035369767,True
GATTGCAGTTGGATCA-1,6009.0,2628,11.948744,0.06260387811634349,False
GATTGCGTCAAATCGC-1,2123.0,1155,16.674517,0.0580168776371308,False
GATTGCGTCATAGCCG-1,6678.0,2865,15.693322,0.0594961586564231,False
GATTGCGTCCCTCACG-1,8135.0,3246,12.698218,0.04235191384078009,False
GATTGCGTCGATATTG-1,2172.0,1109,14.548802,0.02476572958500669,False
GATTGGCGTACAAAGA-1,4906.0,2210,17.36649,0.05658418411489879,False
GATTGGCGTACTTAGG-1,6058.0,2507,13.651369,0.0385625431928127,False
GATTGGCGTGCATTAG-1,2766.0,1487,7.9898767,0.03513620213185945,False
GATTGGCGTGCTCACC-1,2770.0,1523,10.324909,0.21972656249999997,True
GATTGGCGTTTATGGG-1,5604.0,2413,10.581727,0.06260387811634349,False
GATTGGTTCAGGCTAT-1,4454.0,2147,8.396947,0.030570902394106814,False
GATTGGTTCATTGTCT-1,7339.0,2891,9.960485,0.05385002516356318,False
GATTGGTTCATTTGTC-1,2990.0,1535,11.003345,0.19910313901345295,True
GATTGGTTCCCGAACA-1,1127.0,682,18.54481,0.01993253603189206,False
GATTGGTTCTACTAAG-1,3502.0,1724,10.850943,0.03277439024390243,False
GATTGGTTCTAGCTTT-1,7073.0,3054,5.669447,0.10743353228431904,False
GATTGTTCACAGACTC-1,2186.0,1227,8.005489,0.0580168776371308,False
GATTGTTCAGCCGCTA-1,3416.0,1710,8.050351,0.01713621841417369,False
GATTGTTCATCGCTCC-1,3725.0,1847,6.52349,0.14754098360655732,False
GATTGTTCATTGACAT-1,3414.0,1700,10.837727,0.01758155889822231,False
GATTTGCAGACACTTA-1,3612.0,1764,8.194905,0.03767403767403767,False
GATTTGCAGCGGGCAA-1,2873.0,1529,9.154195,0.13184713375796173,False
GATTTGCAGGCTAAGA-1,2841.0,1515,13.551566,0.03128880059597715,False
GCAAACAAGGCTTAAC-1,3027.0,1574,10.703668,0.02657921988263721,False
GCAAACAAGGTTACGT-1,4446.0,2084,15.677012,0.08674531575294935,False
GCAAACAAGTGAGGGT-1,1887.0,1018,7.4721785,0.0385625431928127,False
GCAAACCGTACTAAAC-1,3691.0,1760,15.144947,0.010609632873021219,False
GCAAACCGTACTTCAC-1,4744.0,1854,6.070826,0.0580168776371308,False
GCAAACCGTCAGGCCA-1,8292.0,3201,10.938254,0.31158455392809603,True
GCAAACCGTCATTAGG-1,2936.0,1536,10.388284,0.007508212106992022,False
GCAAACCGTCTAACAG-1,1945.0,1029,12.956299,0.10743353228431904,False
GCAAACCGTGTGCAAC-1,2609.0,1367,8.853967,0.08190899001109879,False
GCAAACCGTTCCTGAT-1,2660.0,1476,7.443609,0.04546832373446498,False
GCAAACCGTTCGCGCT-1,5559.0,2325,15.722253,0.07744826114785579,False
GCAAACTTCAAGCGCC-1,1605.0,904,15.638629,0.0038406827880512096,False
GCAAACTTCACAGACT-1,5505.0,2361,13.914622,0.009630422256975885,False
GCAAACTTCATAACTG-1,2557.0,1506,6.140008,0.0053278081989048395,False
GCAAACTTCATCCTGC-1,999.0,453,43.043045,0.05519591141396934,False
GCAAACTTCATTGACA-1,4154.0,1920,18.151178,0.12281757977122211,False
GCAAACTTCCAATTAG-1,8240.0,3167,10.885922,0.06260387811634349,False
GCAAACTTCCTAAGAC-1,5626.0,2386,13.277639,0.0385625431928127,False
GCAAACTTCCTCAGCT-1,4817.0,2126,7.369732,0.04440125579309313,False
GCAAACTTCGAAGTAG-1,4170.0,2088,8.033573,0.04546832373446498,False
GCAAACTTCTGGCAAT-1,585.0,293,37.77778,0.19910313901345295,True
GCAACAGCAAAGGTAC-1,3959.0,1833,20.358675,0.024185532854776367,False
GCAACAGCAAGGTATA-1,3864.0,1698,4.192547,0.07534533277521976,False
GCAACAGCACTAAGTT-1,7522.0,2825,10.462644,0.38812042310821776,True
GCAACAGCAGGCCTTG-1,4232.0,2020,16.091682,0.051277877258668406,False
GCAACAGCAGTAGCCT-1,8873.0,3442,12.836697,0.38812042310821776,True
GCAAGCCTCACGCCAA-1,3036.0,1623,11.034255,0.013079455467568288,False
GCAAGCCTCCTCACTA-1,3442.0,1679,7.2341657,0.05004812319538016,False
GCAAGCCTCCTGGTCT-1,4949.0,2268,10.608204,0.02042921997523731,False
GCAAGCCTCTAGCTAA-1,3018.0,1534,15.109344,0.051277877258668406,False
GCAAGCCTCTTTAAGG-1,2656.0,1379,9.525602,0.09200676165177493,False
GCAAGTCGTAATAGCT-1,2865.0,1535,6.5270505,0.015022255192878337,False
GCAAGTCGTCAATAGT-1,3258.0,1665,11.080418,0.14754098360655732,False
GCAAGTCGTCACTCGC-1,1890.0,1138,9.68254,0.06767794632438741,False
GCAAGTCGTGGAAGGC-1,4164.0,2180,8.741595,0.02251286449399657,False
GCAAGTGCACAAACTT-1,3046.0,1564,10.078792,0.013837388079949352,False
GCAAGTGCACACAATT-1,12421.0,3995,7.261895,0.02851033499643621,False
GCAAGTGCACCACAAC-1,3600.0,1807,7.027778,0.046565237436606725,False
GCAAGTGCACGCAACT-1,2154.0,1172,9.145776,0.023616881696916687,False
GCAAGTGCACTAAGCC-1,2446.0,1297,11.8560915,0.04235191384078009,False
GCAAGTGCAGCCAGAA-1,1752.0,1072,9.817351,0.015022255192878337,False
GCAAGTGCATAAGCAA-1,3312.0,1672,9.993961,0.04546832373446498,False
GCAATAGAGGACCTCA-1,2831.0,1525,10.13776,0.08190899001109879,False
GCAATAGAGGCGGATG-1,2522.0,1273,12.331483,0.13184713375796173,False
GCAATAGAGTTGTCTT-1,2604.0,1375,9.139785,0.04336283185840707,False
GCAATATGTAATGGAA-1,8074.0,3273,7.0101557,0.01584606677985286,False
GCAATATGTAGCAGCT-1,1967.0,1141,8.947637,0.03513620213185945,False
GCAATATGTAGCTGGT-1,3581.0,1888,6.422787,0.02657921988263721,False
GCAATATGTATTCGCT-1,787.0,621,0.88945365,0.01713621841417369,False
GCAATATGTCAAAGGG-1,3179.0,1719,9.940233,0.03354324636936127,False
GCAATATGTGAAACAA-1,6145.0,2529,14.336859,0.04136742315426601,False
GCAATATGTGACATGC-1,8977.0,3256,11.496045,0.07744826114785579,False
GCAATATGTGCTAGCG-1,2760.0,1427,5.1449275,0.06592776609975157,False
GCAATATGTGTGTGGT-1,718.0,554,0.13927576,0.030570902394106814,False
GCAATATGTTAAGGCC-1,3966.0,2032,5.5219364,0.04235191384078009,False
GCAATATGTTCCATTA-1,5181.0,2364,13.665316,0.03680733450182013,False
GCAATATGTTCGCGCT-1,7917.0,3030,10.332196,0.018496420047732696,False
GCAATCTAGCCTAACG-1,2155.0,1200,6.867749,0.10082730093071354,False
GCAATCTAGCGGGCAA-1,2983.0,1710,7.810929,0.03277439024390243,False
GCAATCTAGGAGGTTA-1,7314.0,3020,10.541428,0.08190899001109879,False
GCAATCTAGGATTGCT-1,4878.0,2022,9.102091,0.07332101047443006,False
GCAATCTAGTGAAGTG-1,4056.0,1944,16.888561,0.029868868382710054,False
GCAATCTAGTTAGCCG-1,9271.0,3357,10.387229,0.029182178455626276,False
GCAATGAAGATTGAGG-1,2942.0,1522,12.64446,0.01896638233818364,False
GCAATGAAGCGAGCGA-1,3417.0,1742,11.150131,0.08674531575294935,False
GCAATGAAGCGCATTG-1,6352.0,2577,7.084383,0.03128880059597715,False
GCAATGAAGGTGTTAC-1,3159.0,1521,9.623299,0.06767794632438741,False
GCAATGAAGGTTAGCT-1,4637.0,2248,7.8283367,0.006940160394818014,False
GCAATGAAGTGAGCGG-1,3406.0,1829,8.015266,0.008694252133311868,False
GCAATGTTCAAACCGT-1,3511.0,1742,11.392765,0.03767403767403767,False
GCAATGTTCAAGGACA-1,2671.0,1404,11.306627,0.0594961586564231,False
GCAATGTTCACTCAAA-1,10422.0,3735,12.57916,0.03354324636936127,False
GCAATGTTCAGAAACG-1,4779.0,2036,12.324754,0.030570902394106814,False
GCAATGTTCAGCACCA-1,2811.0,1508,13.518322,0.01626867091618305,False
GCAATGTTCCCATAGG-1,2173.0,1159,13.437644,0.05385002516356318,False
GCAATGTTCCCTTGCG-1,3707.0,1733,14.351228,0.03354324636936127,False
GCAATGTTCCGCAAGC-1,5967.0,2615,4.290263,0.10082730093071354,False
GCAATGTTCCTAAGTA-1,6611.0,2730,5.0975647,0.17379145025968837,False
GCAATGTTCTGTTCAT-1,22586.0,5373,8.70008,0.07744826114785579,False
GCAATGTTCTGTTGCC-1,7551.0,3052,13.878957,0.2919020715630885,True
GCACATTAGAAGCTAG-1,3114.0,1670,12.459859,0.010609632873021219,False
GCACATTAGAATCGCT-1,3403.0,1676,9.961798,0.02785286167587261,False
GCACATTAGCATCCAG-1,4833.0,2121,14.525139,0.11866393202461177,False
GCACATTAGCGCATTG-1,6122.0,2594,15.779157,0.032023106869270374,False
GCACATTAGGCGCATC-1,4545.0,2133,9.9009905,0.0580168776371308,False
GCACATTAGTATGTGC-1,2685.0,1567,4.953445,0.05519591141396934,False
GCACCTAAGAATCGCT-1,4038.0,1941,6.4388313,0.2585915492957747,True
GCACCTAAGACACTTA-1,3025.0,1530,12.264462,0.024185532854776367,False
GCACCTAAGAGCAAGC-1,2539.0,1448,5.1595116,0.015430655569063874,False
GCACCTAAGCCTGATG-1,5111.0,2391,5.8892584,0.01758155889822231,False
GCACCTAAGGAGCAAC-1,4798.0,2065,8.962068,0.11098748261474266,False
GCACCTAAGTTAGTGC-1,4148.0,1752,8.0520735,0.04440125579309313,False
GCACCTAAGTTCCCGT-1,4532.0,2095,14.673432,0.03767403767403767,False
GCACGAACAGAGGGAG-1,3214.0,1575,14.561294,0.052544613350958363,False
GCACGAACAGCAAATA-1,5605.0,2560,12.613737,0.051277877258668406,False
GCACGAACATGTTGGC-1,4815.0,2101,11.505711,0.05658418411489879,False
GCACGAACATTGTCAG-1,3533.0,1788,6.8780074,0.02785286167587261,False
GCACGCTAGCTTTGTT-1,2480.0,1429,10.564516,0.021976855292493894,False
GCACGCTAGGGCTAAA-1,2207.0,1207,12.415043,0.05519591141396934,False
GCACGGTTCATGAGCT-1,390.0,133,61.28205,0.08190899001109879,False
GCACGGTTCATGGCTG-1,4725.0,2117,5.142857,0.06102433708681438,False
GCACGGTTCCATTACT-1,5112.0,2266,8.157277,0.047693266832917705,False
GCACGGTTCGCTAAAC-1,3300.0,1875,3.3939395,0.00313960789785809,False
GCACTAAGTAACCAGC-1,4474.0,1865,10.616898,0.10743353228431904,False
GCACTAAGTAATGACT-1,2005.0,979,18.902742,0.0580168776371308,False
GCACTAAGTGTTCCCA-1,3108.0,1511,12.065638,0.05519591141396934,False
GCACTAAGTTACCGGG-1,1248.0,837,11.458334,0.0385625431928127,False
GCACTAAGTTAGCAGC-1,7138.0,2851,14.990192,0.10082730093071354,False
GCACTAAGTTCCGCAC-1,6504.0,2594,10.0246,0.051277877258668406,False
GCACTAAGTTGAGGTC-1,5918.0,2564,16.27239,0.02042921997523731,False
GCACTTACACAGAACG-1,5212.0,2447,11.108979,0.06260387811634349,False
GCACTTACACCTATAG-1,3578.0,1768,6.48407,0.04235191384078009,False
GCACTTACAGCAGGTA-1,5798.0,2455,14.332528,0.01669865642994242,False
GCACTTACAGGCCTTG-1,2088.0,1207,12.021073,0.00481892523364486,False
GCACTTACATAAAGCA-1,2653.0,1371,15.454203,0.008092668993970167,False
GCAGCAACAAGATTCT-1,2962.0,1617,5.9419312,0.03433029908972692,False
GCAGCAACAAGCGATG-1,6727.0,2995,9.513899,0.31158455392809603,True
GCAGCAACACTAAGCC-1,6177.0,2579,4.889105,0.07963446475195822,False
GCAGCAACACTATGGC-1,3912.0,1887,4.8568506,0.10743353228431904,False
GCAGCAACAGACAAAC-1,5227.0,2353,11.651043,0.04235191384078009,False
GCAGCAACAGGGAGGA-1,2443.0,1354,10.356119,0.025962195399681167,False
GCAGCAACATAAGTCT-1,3643.0,1836,4.7488337,0.023616881696916687,False
GCAGCAACATGGCCTG-1,6078.0,2701,7.782165,0.03354324636936127,False
GCAGCAACATTGACAT-1,3161.0,1631,8.604872,0.030570902394106814,False
GCAGCCAGTCTTGCAT-1,2227.0,1217,8.217333,0.06102433708681438,False
GCAGCCAGTGATGAGG-1,4067.0,1831,14.162773,0.0385625431928127,False
GCAGCCAGTGGCTTCC-1,4031.0,1853,8.7819395,0.02093531923757942,False
GCAGCCAGTTTACTTG-1,2780.0,1584,6.2589927,0.15977653631284908,False
GCAGCCAGTTTCAGGA-1,4522.0,2161,7.629368,0.07137096774193549,False
GCAGCTATCAGCACCA-1,4395.0,1900,13.606371,0.011987491313412093,False
GCAGCTATCATTATGG-1,3542.0,1722,10.671937,0.009313725490196078,False
GCAGCTATCCCTGATC-1,3514.0,1617,4.0694366,0.09200676165177493,False
GCAGCTATCCGCCTAT-1,4762.0,2183,7.790844,0.029868868382710054,False
GCAGCTATCCGTTATT-1,2908.0,1498,12.92985,0.004569522013490969,False
GCAGCTATCCTCGATC-1,278.0,179,10.791367,0.019445007089325502,False
GCAGCTATCGTTAACA-1,2364.0,1282,13.155669,0.023059434881455017,False
GCAGGAAGTCATAGAT-1,3332.0,1633,8.613445,0.07137096774193549,False
GCAGGAAGTGCATTAG-1,4819.0,2205,15.708653,0.07534533277521976,False
GCAGGAAGTTGTAACG-1,4004.0,1699,6.4685316,0.06102433708681438,False
GCAGGACCAAGGACCA-1,4097.0,2003,6.4681478,0.04040833687792429,False
GCAGGACCAATATACC-1,3127.0,1829,4.6050525,0.00432338953739732,False
GCAGGACCACAATGCC-1,2913.0,1582,6.625472,0.015022255192878337,False
GCAGGACCACTAAATC-1,8709.0,3338,10.05856,0.2919020715630885,True
GCAGGACCAGAATGAC-1,7267.0,3005,8.696849,0.14198782961460438,False
GCAGGACCAGCATGAG-1,3520.0,1747,9.034091,0.0038406827880512096,False
GCAGGACCAGGAACCA-1,15541.0,4679,10.481951,0.27434679334916884,True
GCAGGACCAGTTGCGT-1,3129.0,1586,6.200064,0.03680733450182013,False
GCAGGACCATAGCTTG-1,10993.0,3797,12.034931,0.33380581148121885,True
GCAGGACCATTAAACC-1,2602.0,1443,8.109147,0.06260387811634349,False
GCAGGACCATTAGCCA-1,3645.0,1788,10.397805,0.009630422256975885,False
GCAGGATAGCGAAGTA-1,3520.0,1822,8.068182,0.029182178455626276,False
GCAGGATAGGTACCGC-1,1314.0,820,6.773212,0.05658418411489879,False
GCAGGATAGTTTCCGC-1,7916.0,3084,9.487115,0.421792618629174,True
GCAGGCAAGACAACGA-1,4194.0,1842,5.9370527,0.11866393202461177,False
GCAGGCAAGATAGACG-1,2719.0,1376,5.8845162,0.009630422256975885,False
GCAGGCAAGCGTGCGT-1,3711.0,1507,11.26381,0.02476572958500669,False
GCAGGCAAGCTAAAGG-1,3058.0,1560,11.870503,0.04040833687792429,False
GCAGGCAAGCTAAGTC-1,4012.0,1765,18.84347,0.03513620213185945,False
GCAGGCAAGGCTGTGC-1,3920.0,1950,7.5000005,0.01626867091618305,False
GCAGGCAAGTATTGTG-1,4235.0,1872,9.374263,0.03354324636936127,False
GCAGGCTTCACTCAAA-1,4969.0,2206,6.963172,0.12720519962859794,False
GCAGGCTTCAGCACGC-1,2779.0,1522,7.052897,0.07534533277521976,False
GCAGGCTTCATAACCA-1,4885.0,2263,11.811668,0.03128880059597715,False
GCAGGCTTCATGGTTA-1,1766.0,966,13.363533,0.02785286167587261,False
GCAGGCTTCGGTTAGT-1,3317.0,1686,10.340669,0.15977653631284908,False
GCAGGCTTCTAATCAG-1,3608.0,1691,9.090909,0.013455328310010764,False
GCAGGTGAGGACCTCA-1,2405.0,1172,24.199585,0.03680733450182013,False
GCAGGTGAGGACTTAC-1,2811.0,1443,7.4350767,0.07963446475195822,False
GCAGGTGAGGTCGAGG-1,2732.0,1563,8.85798,0.023616881696916687,False
GCAGGTGAGGTCGATT-1,4416.0,1996,17.957428,0.07332101047443006,False
GCAGGTGAGGTGAGAC-1,4242.0,1944,17.774633,0.11098748261474266,False
GCAGGTTGTCACAAAT-1,3310.0,1637,12.44713,0.008694252133311868,False
GCAGGTTGTCACGAAC-1,3073.0,1413,4.718516,0.04040833687792429,False
GCAGGTTGTCCACAAA-1,8194.0,3458,14.864535,0.20897615708274905,True
GCAGGTTGTGCTGGTG-1,2323.0,1260,13.7752905,0.006117362736953402,False
GCATATATCAATGAGG-1,6454.0,2889,7.6851563,0.02251286449399657,False
GCATATATCACGCATG-1,4755.0,2336,9.947424,0.05004812319538016,False
GCATATATCATGCATA-1,4296.0,2014,11.755121,0.029182178455626276,False
GCATATATCATGCTCC-1,4388.0,1988,13.377392,0.04040833687792429,False
GCATATATCCCATAGG-1,2115.0,1081,10.5437355,0.03596164091635589,False
GCATATATCCTCCTAA-1,2878.0,1618,3.3009033,0.08674531575294935,False
GCATATATCCTGGTCT-1,6023.0,2547,7.986054,0.06592776609975157,False
GCATATATCCTTCTAG-1,6320.0,2625,13.386077,0.05519591141396934,False
GCATATATCGCCTAAG-1,4490.0,2122,13.808463,0.06949118986339338,False
GCATATATCTTAGGAC-1,5081.0,2260,13.028932,0.06767794632438741,False
GCATCCTTCAATCATG-1,6102.0,2520,5.1130776,0.030570902394106814,False
GCATCCTTCAATCTCT-1,4016.0,2068,7.395418,0.010946117946542214,False
GCATCCTTCACTTCAT-1,4731.0,2238,5.4533925,0.051277877258668406,False
GCATCCTTCCTTAGTT-1,12115.0,3918,11.159719,0.0580168776371308,False
GCATCCTTCGGTCAGC-1,3260.0,1736,9.2331295,0.12720519962859794,False
GCATCCTTCGTTATCT-1,9338.0,3412,7.549796,0.03433029908972692,False
GCATCCTTCTAACCTT-1,4028.0,1922,5.834161,0.06260387811634349,False
GCATCCTTCTCCATAT-1,8203.0,2926,8.947947,0.0077983458054352115,False
GCATGAAAGAAAGCAT-1,2079.0,1161,11.592112,0.014225788801750865,False
GCATGAAAGCCACATG-1,1533.0,925,6.3926945,0.02851033499643621,False
GCATGAAAGGACACTT-1,6338.0,2739,9.498264,0.05385002516356318,False
GCATGAAAGGATAAAC-1,2964.0,1560,10.458839,0.021976855292493894,False
GCATGAAAGTCACTCC-1,3187.0,1649,15.029809,0.0058505850585058505,False
GCATGAGCAATATACC-1,4932.0,2318,5.3122463,0.06102433708681438,False
GCATGAGCACACCAAC-1,3953.0,1969,6.1978245,0.12281757977122211,False
GCATGAGCACGAATCC-1,4352.0,2164,3.6534927,0.01803488715876614,False
GCATGAGCAGTAAAGC-1,4620.0,2289,7.380953,0.23147675012774666,True
GCATGAGCATAATGTC-1,3004.0,1679,6.358189,0.019445007089325502,False
GCATGAGCATCATGTG-1,2415.0,1318,11.180124,0.046565237436606725,False
GCATTAGGTAATGGCC-1,1943.0,1125,11.785898,0.10082730093071354,False
GCATTAGGTCATAAGT-1,5683.0,2440,13.250044,0.0077983458054352115,False
GCATTAGGTCATGCAA-1,7291.0,2907,11.233027,0.01234567901234568,False
GCATTAGGTCCTTCAG-1,6475.0,2755,9.405405,0.013079455467568288,False
GCATTAGGTGCTAGCG-1,3172.0,1556,9.709963,0.20897615708274905,True
GCATTAGGTGGTTAGC-1,7987.0,3286,12.770753,0.2585915492957747,True
GCATTAGGTGTTCCCA-1,2768.0,1444,8.056358,0.023616881696916687,False
GCATTAGGTTAGGTTG-1,2590.0,1381,11.8918915,0.004569522013490969,False
GCATTAGGTTGGCCGA-1,3276.0,1662,5.15873,0.02093531923757942,False
GCATTAGGTTTATCGC-1,11510.0,3953,9.730669,0.2919020715630885,True
GCATTGCCAAGTGTTT-1,3358.0,1651,5.866587,0.05519591141396934,False
GCATTGCCACACTAAT-1,3804.0,1875,10.46267,0.04336283185840707,False
GCATTGCCACATACTG-1,3842.0,1779,11.087975,0.047693266832917705,False
GCATTGCCACTGACTA-1,3415.0,1805,7.408492,0.03680733450182013,False
GCATTGCCAGGCAAGC-1,4365.0,2042,16.471935,0.0077983458054352115,False
GCATTGCCATCACAGC-1,5893.0,2671,16.103851,0.38812042310821776,True
GCATTGCCATTCCTGT-1,6479.0,2545,13.736688,0.03433029908972692,False
GCATTGCCATTGTCCT-1,6406.0,2413,9.241337,0.024185532854776367,False
GCCAACATCAGCAAAG-1,5799.0,2416,10.432834,0.1665381649961449,False
GCCAACATCAGGAAGC-1,2903.0,1411,7.4061317,0.04336283185840707,False
GCCAACATCAGGTTTA-1,2071.0,1245,7.91888,0.06592776609975157,False
GCCAACATCCAGGAAA-1,3675.0,1860,9.142857,0.02476572958500669,False
GCCAACATCCTGTTCA-1,4661.0,2171,13.0658655,0.03767403767403767,False
GCCAACATCTAATCAG-1,2894.0,1481,7.221838,0.03513620213185945,False
GCCAACATCTCAATGA-1,3617.0,1767,12.164778,0.039473684210526314,False
GCCAATAGTAACTACG-1,3059.0,1541,10.657077,0.046565237436606725,False
GCCAATAGTCAAGTAT-1,10078.0,3788,9.376861,0.46131805157593153,True
GCCAATAGTGAGGTAG-1,2868.0,1594,6.903765,0.27434679334916884,True
GCCAATAGTGATGAAA-1,3711.0,1807,8.64996,0.032023106869270374,False
GCCAATAGTGCTCACC-1,2889.0,1487,13.984078,0.0053278081989048395,False
GCCAATAGTTCCATTA-1,10830.0,3965,9.953832,0.31158455392809603,True
GCCAATAGTTGGCGTG-1,2920.0,1453,10.958904,0.11866393202461177,False
GCCAATAGTTTGGGTA-1,4698.0,2070,9.557259,0.03277439024390243,False
GCCAATTAGGAACCGG-1,4325.0,2132,10.658959,0.039473684210526314,False
GCCAATTAGGACCAGG-1,6284.0,2694,9.611712,0.33380581148121885,True
GCCAATTAGGCGGGTA-1,2960.0,1675,7.5000005,0.03433029908972692,False
GCCAATTAGGTAAGGC-1,2407.0,1342,6.979643,0.01758155889822231,False
GCCAATTAGGTCCTGA-1,2709.0,1445,12.587671,0.02093531923757942,False
GCCAATTAGGTTACGT-1,4205.0,1963,11.414983,0.08674531575294935,False
GCCAATTAGTCATGCG-1,3784.0,1814,4.4133196,0.07963446475195822,False
GCCACAATCAGTTCCC-1,2878.0,1540,6.497568,0.06423741547708492,False
GCCACAATCCGCATGA-1,2958.0,1559,10.987154,0.04235191384078009,False
GCCACAATCCTTTACG-1,3495.0,1728,15.02146,0.0580168776371308,False
GCCACAATCTAACTGA-1,2634.0,1335,8.618072,0.051277877258668406,False
GCCACACAGCTAAGTC-1,7071.0,2456,13.534154,0.04235191384078009,False
GCCACACAGCTCGCTT-1,4815.0,2219,13.478713,0.0580168776371308,False
GCCACACAGGACCTGC-1,10251.0,2678,5.570188,0.05004812319538016,False
GCCACACAGGCAATAG-1,2423.0,1281,7.7177057,0.06423741547708492,False
GCCACACAGGGATGCG-1,3853.0,1770,19.672983,0.01128783991790662,False
GCCACACAGGTCCTGA-1,4663.0,2085,8.66395,0.09481481481481482,False
GCCACACAGGTGTTAC-1,6288.0,2711,6.7907124,0.12720519962859794,False
GCCACACAGTAACGAG-1,5903.0,2575,12.485177,0.01669865642994242,False
GCCACACAGTCATGCG-1,5858.0,2375,16.165928,0.010609632873021219,False
GCCACTAAGCCTGTGA-1,4675.0,2022,6.780749,0.05658418411489879,False
GCCACTAAGGCCTTAG-1,4176.0,1967,9.363027,0.10743353228431904,False
GCCACTAAGGCGCACT-1,3733.0,1855,12.643986,0.013079455467568288,False
GCCACTAAGGTTTGCG-1,4523.0,2145,13.530843,0.05658418411489879,False
GCCACTAAGTCAATTG-1,6149.0,2601,5.8708735,0.11472602739726025,False
GCCACTAAGTCATTTC-1,4096.0,2021,11.181641,0.01234567901234568,False
GCCAGGAAGCCTTAAA-1,2886.0,1483,10.01386,0.01669865642994242,False
GCCAGGAAGCTATTAG-1,4036.0,1830,6.318137,0.09481481481481482,False
GCCAGGAAGGCAAGTA-1,3075.0,1625,8.325204,0.04040833687792429,False
GCCAGGAAGGTGCGGA-1,4467.0,1985,17.886724,0.06592776609975157,False
GCCAGGAAGTCAGTAC-1,3268.0,1604,8.6903305,0.01803488715876614,False
GCCAGGAAGTTGCGTG-1,3529.0,1705,9.549447,0.05004812319538016,False
GCCAGGTTCATTGCGG-1,2911.0,1624,10.133974,0.009630422256975885,False
GCCAGGTTCCCTCAGT-1,5420.0,2452,6.070111,0.06423741547708492,False
GCCAGGTTCCTAATAG-1,5174.0,2025,7.15114,0.06260387811634349,False
GCCAGGTTCCTTCAAT-1,5531.0,2347,9.148436,0.046565237436606725,False
GCCAGGTTCTTAGTCT-1,7101.0,2750,8.083369,0.05519591141396934,False
GCCATGATCAAGGACA-1,4116.0,1936,10.155491,0.010278265229380797,False
GCCATGATCATCCACC-1,3234.0,1605,10.915275,0.03277439024390243,False
GCCATGATCCAGGGAG-1,9287.0,3408,10.76774,0.20897615708274905,True
GCCATTACAACCTAAT-1,4033.0,1983,9.471857,0.015430655569063874,False
GCCATTACACAAACTT-1,4958.0,2112,5.3247275,0.07332101047443006,False
GCCATTACACTGGCTG-1,4126.0,1885,14.687349,0.06102433708681438,False
GCCATTACAGAATGAC-1,5442.0,2333,15.582506,0.07744826114785579,False
GCCATTACAGAGGCTA-1,3317.0,1780,9.2252035,0.01803488715876614,False
GCCATTACAGGAACAT-1,6164.0,2544,8.517197,0.05519591141396934,False
GCCCAAATCCAACTGG-1,7217.0,2928,10.863239,0.07137096774193549,False
GCCCAAATCCATAATG-1,2949.0,1568,6.408952,0.009951899154088572,False
GCCCAAATCCGCACAA-1,4278.0,1992,8.158018,0.05004812319538016,False
GCCCAAATCTACCTGC-1,5132.0,2097,8.72954,0.0580168776371308,False
GCCCATAAGCAAGGTA-1,2912.0,1618,7.7953296,0.03277439024390243,False
GCCCATAAGGATCACT-1,4979.0,2176,9.760996,0.0385625431928127,False
GCCCATAAGTCTTGAA-1,4792.0,2123,13.585141,0.06949118986339338,False
GCCCGTTGTAGTTACG-1,3418.0,1731,4.739614,0.021976855292493894,False
GCCCGTTGTCTTGCAT-1,3792.0,1870,7.4630804,0.09775195756504167,False
GCCCGTTGTGAGGTAG-1,8105.0,2995,11.708821,0.0077983458054352115,False
GCCCGTTGTGCAATGC-1,3397.0,1638,12.511039,0.04440125579309313,False
GCCCGTTGTGTTGCTT-1,870.0,552,16.206896,0.01669865642994242,False
GCCCGTTGTTAGCTGA-1,2914.0,1475,7.1036377,0.1665381649961449,False
GCCCGTTGTTTCCGGC-1,3771.0,1880,4.5876427,0.06592776609975157,False
GCCCTCATCAGGTCCA-1,4411.0,2300,3.4912717,0.08674531575294935,False
GCCCTCATCCACAATA-1,2505.0,1396,12.974052,0.03767403767403767,False
GCCCTCATCCCGAACA-1,2240.0,1191,6.5624995,0.04885375494071145,False
GCCCTCATCCGCATGA-1,6041.0,2500,6.0917068,0.10405083399523428,False
GCCCTCATCGACAAAG-1,5011.0,2143,7.82279,0.04546832373446498,False
GCCCTCATCGCACACA-1,2735.0,1542,5.923218,0.09481481481481482,False
GCCCTCATCGTTACTT-1,4570.0,2146,8.09628,0.039473684210526314,False
GCCGTGAGTAAAGCGG-1,2159.0,1234,12.552108,0.018496420047732696,False
GCCGTGAGTACCGTAA-1,6017.0,2572,15.439588,0.008694252133311868,False
GCCGTGAGTGGTTAGC-1,6869.0,2851,13.262484,0.2919020715630885,True
GCCGTGAGTTGCCTCA-1,2905.0,1533,12.598968,0.005587424569768309,False
GCCTAATAGCCTGGTA-1,3477.0,1820,5.5795226,0.12720519962859794,False
GCCTAATAGCTTCCCG-1,4984.0,2232,5.778491,0.0594961586564231,False
GCCTAATAGCTTGCTC-1,2370.0,1317,5.5696206,0.06423741547708492,False
GCCTACTTCCGCAACA-1,2648.0,1414,10.611782,0.00666207213416035,False
GCCTACTTCGCTAAAC-1,4323.0,2026,10.039325,0.023616881696916687,False
GCCTACTTCTTAGTGA-1,3497.0,1765,10.008578,0.01758155889822231,False
GCCTATTGTCATGAGC-1,2072.0,1206,15.009652,0.12281757977122211,False
GCCTATTGTGTCACGG-1,5598.0,2448,11.289746,0.047693266832917705,False
GCCTATTGTTGAGGTC-1,8433.0,3211,16.12712,0.06767794632438741,False
GCCTATTGTTGGATAT-1,2865.0,1532,6.0732985,0.2585915492957747,True
GCCTATTGTTTGAGGC-1,4384.0,1817,19.434305,0.02251286449399657,False
GCCTCAAAGAGGAAGG-1,2779.0,1482,13.20619,0.009313725490196078,False
GCCTCAAAGCATGTCG-1,8527.0,3501,13.16993,0.3590909090909092,True
GCCTCAAAGCCAAATC-1,5199.0,2379,8.636276,0.015022255192878337,False
GCCTCAAAGGAACGCG-1,3738.0,1830,11.637239,0.06949118986339338,False
GCCTCAAAGGACCTGC-1,5590.0,2455,7.5313063,0.04885375494071145,False
GCCTCAAAGGACTTAC-1,8801.0,3158,7.7945685,0.07534533277521976,False
GCCTCCATCGAGGAGT-1,3417.0,1613,10.125841,0.01713621841417369,False
GCCTCCATCGATTCTT-1,5603.0,2403,8.620382,0.051277877258668406,False
GCCTCGACAAACCTAT-1,2626.0,1359,14.318355,0.01803488715876614,False
GCCTCGACACCTGGTG-1,2968.0,1570,4.5485177,0.025357827115969796,False
GCCTCGACAGGAACCA-1,5488.0,2245,13.77551,0.02785286167587261,False
GCCTCGACAGGCATGA-1,7655.0,3035,12.658394,0.3590909090909092,True
GCCTCGACAGTCTAAT-1,3980.0,1883,7.0603013,0.02785286167587261,False
GCCTCGACATGCTCCC-1,3231.0,1727,1.5475085,0.014225788801750865,False
GCCTCGACATTGTGTG-1,2820.0,1549,6.9858155,0.03433029908972692,False
GCCTGACAGATGGACA-1,3840.0,1814,14.401041,0.27434679334916884,True
GCCTGACAGATTGAGG-1,3245.0,1530,11.432974,0.05658418411489879,False
GCCTGACAGCCAAATC-1,2720.0,1448,14.080882,0.06423741547708492,False
GCCTGACAGCCGCAGT-1,3137.0,1551,8.9576025,0.047693266832917705,False
GCCTGACAGCCTGAGC-1,4345.0,2051,16.777906,0.21972656249999997,True
GCCTGACAGCTAAAGG-1,9958.0,3490,11.920064,0.3590909090909092,True
GCCTGACAGCTAGAAG-1,4933.0,2295,14.534765,0.029182178455626276,False
GCCTGACAGCTATGAC-1,3059.0,1593,9.545604,0.0038406827880512096,False
GCCTGACAGGAACACA-1,1462.0,755,24.00821,0.02251286449399657,False
GCCTGACAGGACCTCA-1,8562.0,3302,11.457603,0.09481481481481482,False
GCCTGACAGGATCACT-1,10623.0,3905,13.150711,0.421792618629174,True
GCCTGACAGGTGTCCA-1,3890.0,1860,7.686375,0.023616881696916687,False
GCCTGACAGTCACCTC-1,3806.0,1868,8.9595375,0.01896638233818364,False
GCCTGACAGTCATGCG-1,2734.0,1422,11.411851,0.008694252133311868,False
GCCTGACAGTGGACAA-1,5393.0,2285,14.444651,0.05658418411489879,False
GCCTGAGGTCGTTACT-1,1953.0,1155,8.90937,0.029868868382710054,False
GCCTGAGGTGGATTGC-1,2742.0,1425,7.439825,0.2585915492957747,True
GCCTGAGGTGGTTCCC-1,3580.0,1606,14.357541,0.024185532854776367,False
GCCTGAGGTTATGTGG-1,6172.0,2599,8.992223,0.19910313901345295,True
GCCTGAGGTTGCATCT-1,3105.0,1545,11.561996,0.04440125579309313,False
GCCTGAGGTTGCGCGA-1,3615.0,1791,7.4412174,0.01758155889822231,False
GCCTGCTGTAGCCTAA-1,2063.0,1105,11.972855,0.09775195756504167,False
GCCTGCTGTAGGTTAT-1,4376.0,1769,5.964351,0.07744826114785579,False
GCCTGCTGTATTGGAT-1,3075.0,1650,8.878049,0.11866393202461177,False
GCCTGCTGTCATTGTC-1,4152.0,1996,5.4672446,0.019445007089325502,False
GCCTGCTGTCTTTATG-1,5694.0,2298,12.94345,0.032023106869270374,False
GCCTGCTGTGTTTGTC-1,4142.0,2123,7.0980206,0.006117362736953402,False
GCCTGCTGTTAGCATG-1,4065.0,1966,9.643296,0.025357827115969796,False
GCCTGCTGTTAGCCAA-1,5718.0,2519,11.420077,0.01896638233818364,False
GCCTGCTGTTCAAGAT-1,3984.0,1957,8.483936,0.11098748261474266,False
GCCTGCTGTTCACTGT-1,2045.0,1179,11.344744,0.007222179078978022,False
GCCTGTGCAATGAAGC-1,452.0,325,15.929204,0.024185532854776367,False
GCCTGTGCACCTCAGG-1,9131.0,3474,5.97963,0.33380581148121885,True
GCCTGTGCACTAAGAA-1,4720.0,2331,6.7584743,0.10405083399523428,False
GCCTGTGCATCACTTC-1,4199.0,1931,8.359134,0.10743353228431904,False
GCCTTAACAAATTCGT-1,3669.0,1910,3.5431995,0.015022255192878337,False
GCCTTAACAACCCTAA-1,2532.0,1351,7.0300155,0.05519591141396934,False
GCCTTAACAAGCTAAA-1,5468.0,2207,6.400878,0.13184713375796173,False
GCCTTAACACAGCCTG-1,6793.0,2817,9.921978,0.02785286167587261,False
GCCTTAACACATAACT-1,1314.0,937,4.414003,0.04235191384078009,False
GCCTTAACACATACTG-1,4082.0,1953,5.3160214,0.01758155889822231,False
GCCTTAACACATTGCA-1,6614.0,2733,13.426065,0.047693266832917705,False
GCCTTAACATGCATAT-1,2545.0,1354,6.3654222,0.04040833687792429,False
GCCTTAACATTGTGTG-1,4840.0,2123,12.31405,0.032023106869270374,False
GCCTTACTCACATTGA-1,7068.0,2777,13.058856,0.08931947069943286,False
GCCTTACTCACCAATA-1,5710.0,2362,12.977234,0.06260387811634349,False
GCCTTACTCATGGCTG-1,5025.0,2237,6.38806,0.08931947069943286,False
GCCTTACTCCCTGTTA-1,4899.0,2305,6.266585,0.06102433708681438,False
GCCTTACTCCTCACTA-1,11131.0,3872,7.3847814,0.09775195756504167,False
GCCTTACTCCTGGTGA-1,3795.0,1664,6.2187085,0.11472602739726025,False
GCCTTACTCCTTAGTT-1,408.0,340,5.6372547,0.09200676165177493,False
GCCTTAGAGCATGGTT-1,3526.0,1535,4.963131,0.09200676165177493,False
GCCTTAGAGCATTAGC-1,3582.0,1840,10.357342,0.01993253603189206,False
GCCTTAGAGGACCTGC-1,5597.0,2595,8.522423,0.2585915492957747,True
GCCTTAGAGGTCCTGA-1,2148.0,1158,6.0986967,0.021451104100946368,False
GCCTTGCGTACCAGGT-1,3843.0,1856,9.940151,0.03767403767403767,False
GCCTTGCGTGCTAGAC-1,5992.0,2579,14.586115,0.03513620213185945,False
GCCTTGCGTGCTCACC-1,5009.0,2350,6.4284286,0.03513620213185945,False
GCCTTGCGTGGGAACA-1,4446.0,2077,14.260009,0.03128880059597715,False
GCCTTGCGTTCCTGAT-1,2633.0,1445,11.507786,0.005587424569768309,False
GCCTTGCGTTGAGCCG-1,2782.0,1543,3.846154,0.01758155889822231,False
GCCTTGCGTTTATTCG-1,3974.0,1963,4.5294414,0.010946117946542214,False
GCCTTTATCCTAAGAC-1,4312.0,1935,8.88219,0.05519591141396934,False
GCCTTTATCGAGCAAA-1,2554.0,1353,7.2435393,0.08190899001109879,False
GCCTTTATCGTGCTTC-1,2742.0,1581,10.904449,0.015022255192878337,False
GCCTTTGGTAACAGGG-1,2574.0,1347,14.102565,0.008391273076000958,False
GCCTTTGGTCAAGTGC-1,6451.0,2369,7.5647182,0.04885375494071145,False
GCCTTTGGTGCCTCAC-1,2919.0,1456,8.838643,0.11866393202461177,False
GCCTTTGGTGTGCACG-1,3395.0,1717,6.0677466,0.12720519962859794,False
GCCTTTGGTGTTAAAC-1,5037.0,2146,4.0103235,0.23147675012774666,True
GCCTTTGGTTCGGGAT-1,3242.0,1642,9.407773,0.04885375494071145,False
GCCTTTGGTTGGTTAG-1,2463.0,1367,6.7397485,0.07963446475195822,False
GCCTTTGGTTGGTTGA-1,4844.0,2097,9.269198,0.03354324636936127,False
GCGAAGCCAGGAACTG-1,3118.0,1496,11.193073,0.01234567901234568,False
GCGAAGCCAGGCTAGA-1,9482.0,3482,12.497363,0.03128880059597715,False
GCGAAGTAGGACCTGC-1,1331.0,794,21.111946,0.006940160394818014,False
GCGAAGTAGGAGGTTA-1,3744.0,1814,7.077991,0.029868868382710054,False
GCGAAGTAGGCAACAA-1,2719.0,1559,6.362633,0.03354324636936127,False
GCGAAGTAGGTGTTAC-1,5084.0,2327,11.998426,0.0580168776371308,False
GCGAAGTAGTAGCCAT-1,9385.0,3341,14.182205,0.01626867091618305,False
GCGAAGTAGTGACCTG-1,2361.0,1263,6.7344346,0.0594961586564231,False
GCGAAGTAGTGATTCA-1,3205.0,1469,5.7410297,0.05658418411489879,False
GCGAGTGAGCATGAAG-1,5830.0,2697,10.017153,0.09481481481481482,False
GCGAGTGAGCTGGACC-1,3561.0,1643,12.861556,0.1367661528369957,False
GCGAGTGAGGACCAGG-1,5258.0,2365,14.758463,0.023059434881455017,False
GCGATATTCACATTGA-1,8363.0,3277,12.411814,0.01758155889822231,False
GCGATATTCACTCAAA-1,3161.0,1586,7.6874404,0.05004812319538016,False
GCGATATTCCGCCTCA-1,3821.0,1829,10.782517,0.02042921997523731,False
GCGATATTCCTAATGA-1,8953.0,3437,11.292304,0.04136742315426601,False
GCGATATTCTCACTAT-1,10508.0,4015,10.087553,0.33380581148121885,True
GCGATATTCTTTGTAC-1,3350.0,1779,4.925373,0.0580168776371308,False
GCGATTAGTAGTAAGA-1,3177.0,1540,7.459868,0.005071664829106946,False
GCGATTAGTATTGCAG-1,4246.0,1970,12.034857,0.010946117946542214,False
GCGATTAGTGCAACTA-1,4156.0,1871,10.514918,0.027209302325581396,False
GCGATTAGTGGATTCA-1,3130.0,1591,13.067092,0.06260387811634349,False
GCGATTAGTTACTTGC-1,3773.0,1831,11.264246,0.08427729950158584,False
GCGATTAGTTGGATAT-1,6416.0,2752,15.165212,0.03277439024390243,False
GCGATTTAGCATGGTT-1,2834.0,1476,11.256175,0.010946117946542214,False
GCGATTTAGGCTACAT-1,3977.0,2072,6.31129,0.009630422256975885,False
GCGATTTAGGCTACTG-1,4303.0,1994,14.757146,0.11098748261474266,False
GCGATTTAGTATTGTG-1,1822.0,776,3.5675082,0.38812042310821776,True
GCGATTTAGTCACTAA-1,5894.0,2459,14.387512,0.046565237436606725,False
GCGATTTAGTCTCACC-1,4754.0,2162,11.905764,0.05004812319538016,False
GCGATTTAGTTAGACC-1,545.0,295,33.027523,0.12281757977122211,False
GCGATTTAGTTGTCAA-1,3954.0,1933,8.168942,0.024185532854776367,False
GCGCAAACAACTGGGA-1,4681.0,2141,12.945951,0.046565237436606725,False
GCGCAAACAATGCCCG-1,5154.0,2316,8.30423,0.04336283185840707,False
GCGCAAACACTAAGTT-1,3474.0,1799,10.3914795,0.06102433708681438,False
GCGCAAACACTTCATC-1,10828.0,3923,8.551903,0.11098748261474266,False
GCGCAAACAGGCTTCG-1,1822.0,1004,9.549945,0.00666207213416035,False
GCGCAAACATTATGGT-1,5922.0,2596,14.623438,0.04336283185840707,False
GCGCAATGTCACGAAC-1,2654.0,1537,10.28636,0.23147675012774666,True
GCGCAATGTCCACAAA-1,2450.0,1234,11.224489,0.05519591141396934,False
GCGCAATGTTAACGGC-1,3026.0,1532,14.375412,0.039473684210526314,False
GCGCAATGTTACATCC-1,6283.0,2635,10.982015,0.00432338953739732,False
GCGCAATGTTGCGGAT-1,2525.0,1281,15.089109,0.032023106869270374,False
GCGCCTTGTTACCGGG-1,1510.0,999,7.880795,0.010946117946542214,False
GCGCCTTGTTCGCTCA-1,2521.0,1271,10.075367,0.024185532854776367,False
GCGCCTTGTTGGTTCT-1,3748.0,1912,8.991462,0.011634922002930278,False
GCGCCTTGTTTGGCGG-1,6686.0,2844,9.018846,0.17379145025968837,False
GCGCGATTCAAGCTAC-1,2543.0,1421,7.4321666,0.030570902394106814,False
GCGCGATTCAATCTCT-1,5296.0,2239,8.912387,0.010609632873021219,False
GCGCGATTCACGCATG-1,570.0,452,4.385965,0.12281757977122211,False
GCGCGATTCAGTATTG-1,2829.0,1472,8.695652,0.046565237436606725,False
GCGCGATTCCGCAAGC-1,2053.0,1167,10.521189,0.025962195399681167,False
GCGCGATTCCTCCCTC-1,3073.0,1597,13.862676,0.004569522013490969,False
GCGCGATTCCTGGCTT-1,5472.0,2346,12.152778,0.06767794632438741,False
GCGCGATTCCTTGAGG-1,4121.0,1878,14.389711,0.08190899001109879,False
GCGCGATTCTTGACCC-1,3142.0,1552,7.51114,0.027209302325581396,False
GCGCTAGGTCAATAGT-1,2814.0,1571,7.42715,0.04885375494071145,False
GCGCTAGGTCCTAAGA-1,3984.0,1778,10.240964,0.04235191384078009,False
GCGCTAGGTTGGGTTA-1,3073.0,1559,16.400911,0.024185532854776367,False
GCGCTAGGTTTGCAGA-1,3900.0,1859,9.974359,0.11472602739726025,False
GCGCTTAAGCCTGATG-1,3869.0,1905,9.718273,0.03433029908972692,False
GCGCTTAAGGTGAGAC-1,5923.0,2763,8.441668,0.33380581148121885,True
GCGCTTAAGTCATGCG-1,4015.0,1949,8.86675,0.06102433708681438,False
GCGCTTAAGTGAAGTG-1,3152.0,1460,12.373096,0.021976855292493894,False
GCGCTTAAGTTTGGGT-1,7027.0,2763,6.432332,0.2919020715630885,True
GCGCTTGCAACCGCCA-1,5838.0,2649,8.752998,0.2919020715630885,True
GCGCTTGCAATTAGCT-1,3196.0,1684,7.6032543,0.08427729950158584,False
GCGCTTGCACATGCTA-1,5138.0,2348,10.821331,0.06102433708681438,False
GCGCTTGCACCGTTCC-1,5945.0,2532,12.952061,0.06949118986339338,False
GCGCTTGCACCTAAGC-1,3227.0,1594,10.907965,0.09481481481481482,False
GCGCTTGCAGCAATAA-1,6864.0,2804,15.253496,0.010609632873021219,False
GCGCTTGCATAATTGC-1,4133.0,1757,8.129687,0.08674531575294935,False
GCGCTTGCATGAAGTA-1,2579.0,1403,12.369135,0.09200676165177493,False
GCGCTTGCATGTCAGC-1,3285.0,1630,15.2207,0.06260387811634349,False
GCGGAACCAACTAGCC-1,3273.0,1692,10.174152,0.05385002516356318,False
GCGGAACCAATATACC-1,9899.0,3705,9.788868,0.38812042310821776,True
GCGGAACCACATTAAC-1,5001.0,2271,12.657468,0.03277439024390243,False
GCGGAACCACTAGCGT-1,6760.0,3010,9.304733,0.27434679334916884,True
GCGGAACCATCATGTG-1,3117.0,1576,11.838305,0.021451104100946368,False
GCGGAACCATGTCAAT-1,3064.0,1621,12.956919,0.023059434881455017,False
GCGGATACAAAGGTAC-1,3958.0,1913,10.560889,0.0385625431928127,False
GCGGATACACCTCAGG-1,655.0,367,27.633587,0.07137096774193549,False
GCGGATACACGTAAGG-1,3574.0,1713,6.5752654,0.17379145025968837,False
GCGGATACATGACTAT-1,4947.0,2106,10.855063,0.015430655569063874,False
GCGGGTTTCCCGTTGT-1,4222.0,1857,18.640453,0.08427729950158584,False
GCGGGTTTCGAGGAGT-1,3315.0,1586,13.453998,0.0385625431928127,False
GCGGTTATCAGCATTA-1,2782.0,1534,8.051762,0.09481481481481482,False
GCGGTTATCAGGCTAT-1,3146.0,1592,13.254927,0.0053278081989048395,False
GCGGTTATCATGCATA-1,1915.0,1268,0.88772845,0.04440125579309313,False
GCGGTTATCCTGATGG-1,2958.0,1625,5.003381,0.052544613350958363,False
GCGGTTATCGATTTAG-1,4144.0,1956,7.3600388,0.1665381649961449,False
GCGGTTATCGTTAACA-1,3228.0,1722,4.275093,0.010609632873021219,False
GCGGTTATCTAATTGG-1,4166.0,1807,6.31301,0.08190899001109879,False
GCGGTTATCTAGCTAA-1,2499.0,1448,7.402961,0.02657921988263721,False
GCGGTTGGTAAGGTTT-1,3806.0,1559,7.0940623,0.06592776609975157,False
GCGGTTGGTAATGACT-1,3637.0,1769,8.935937,0.04336283185840707,False
GCGGTTGGTTCACCCA-1,2654.0,1541,8.703843,0.005071664829106946,False
GCGGTTGGTTCCTCCT-1,2610.0,1348,5.823755,0.06949118986339338,False
GCGGTTGGTTTATTCG-1,2365.0,1269,12.854123,0.003370313158264289,False
GCGTAACGTAACCTAG-1,3509.0,1640,12.482188,0.04546832373446498,False
GCGTAACGTCCAAATG-1,2877.0,1511,11.50504,0.023059434881455017,False
GCGTAACGTCCTTCAG-1,4632.0,2191,17.681347,0.11472602739726025,False
GCGTAACGTGATCATG-1,2788.0,1526,10.222382,0.011987491313412093,False
GCGTAACGTGATTTGG-1,3108.0,1537,5.0836554,0.06102433708681438,False
GCGTAACGTTAGACCA-1,2007.0,1166,9.466866,0.013455328310010764,False
GCGTAACGTTCAAGAT-1,3631.0,1799,4.4891214,0.0385625431928127,False
GCGTAACGTTCACTGT-1,2338.0,1173,9.794697,0.052544613350958363,False
GCGTAACGTTTCGCGC-1,4338.0,2149,9.105578,0.0077983458054352115,False
GCGTGCTAGACTAAGG-1,3280.0,1717,6.371951,0.010946117946542214,False
GCGTGCTAGCAAGACA-1,2299.0,1246,14.789039,0.047693266832917705,False
GCGTGCTAGCATGTCG-1,10341.0,3755,9.912001,0.24437299035369767,True
GCGTGCTAGGAACACA-1,2814.0,1517,10.234542,0.08674531575294935,False
GCGTGCTAGGCCTAAT-1,3330.0,1592,7.1171174,0.06949118986339338,False
GCGTGCTAGGGTGAGT-1,2038.0,1179,6.0843964,0.03513620213185945,False
GCGTGCTAGGTTTACA-1,3346.0,1657,12.104005,0.03513620213185945,False
GCGTGCTAGTCATCCC-1,6217.0,2661,8.299823,0.023059434881455017,False
GCGTTTCTCCAGGAAA-1,3226.0,1597,10.260385,0.030570902394106814,False
GCGTTTCTCCTAAGGT-1,4024.0,2083,7.604374,0.17379145025968837,False
GCGTTTCTCGCTTCTA-1,8323.0,3125,11.834675,0.029182178455626276,False
GCGTTTCTCGTTAGCG-1,173.0,160,5.780347,0.008694252133311868,False
GCTAACAGTAAGTCGC-1,2821.0,1532,7.8341017,0.030570902394106814,False
GCTAACAGTACCGTAA-1,5570.0,2479,3.1059246,0.021451104100946368,False
GCTAACAGTAGGTTAT-1,2409.0,1290,9.96264,0.051277877258668406,False
GCTAACCCAAGCCACT-1,10620.0,3942,7.7118645,0.31158455392809603,True
GCTAACCCAGTAGGTG-1,2334.0,1355,7.2407885,0.052544613350958363,False
GCTAAGAAGCTAAGTC-1,3848.0,1819,14.319126,0.04440125579309313,False
GCTAAGAAGCTCAAAC-1,2700.0,1370,22.14815,0.052544613350958363,False
GCTAAGAAGCTGTACG-1,2441.0,1360,8.562065,0.0077983458054352115,False
GCTAAGAAGGTGCGGA-1,4309.0,1968,9.514969,0.05519591141396934,False
GCTAAGAAGTTGTCCC-1,6235.0,2798,13.632719,0.047693266832917705,False
GCTAAGCGTCAGGAAG-1,3126.0,1458,5.7581573,0.09775195756504167,False
GCTAAGCGTTAGTTGG-1,2522.0,1290,14.115781,0.08190899001109879,False
GCTAAGTTCAAACACC-1,3387.0,1731,8.975494,0.0385625431928127,False
GCTAAGTTCAAATCGC-1,5566.0,2049,5.8929214,0.027209302325581396,False
GCTAAGTTCCTAAGTA-1,3871.0,1875,9.713253,0.07332101047443006,False
GCTAAGTTCGCTTCTA-1,4090.0,1863,9.119804,0.03596164091635589,False
GCTAATATCAGGTCCA-1,2031.0,1097,12.063024,0.02851033499643621,False
GCTAATATCCAAGTTA-1,4415.0,2069,7.5651193,0.03433029908972692,False
GCTAATATCCTTGCGT-1,5359.0,2101,9.311439,0.03767403767403767,False
GCTAATATCGTAATCA-1,8951.0,3653,11.484751,0.2585915492957747,True
GCTAATATCTTGGATA-1,4370.0,2027,9.748283,0.011634922002930278,False
GCTAGCCAGACAACAG-1,5863.0,2616,9.329695,0.011634922002930278,False
GCTAGCCAGGCTAGAA-1,6322.0,2572,12.03733,0.01803488715876614,False
GCTAGCCAGGCTCATG-1,5541.0,2483,8.4280815,0.04440125579309313,False
GCTAGCCAGTGAGGGT-1,732.0,467,21.857924,0.38812042310821776,True
GCTAGCGGTAGTAAGA-1,3204.0,1539,7.209738,0.07332101047443006,False
GCTAGCGGTCCTTTAA-1,2997.0,1681,7.2739406,0.00432338953739732,False
GCTAGCGGTCTAACAG-1,2730.0,1562,9.340659,0.007222179078978022,False
GCTAGCGGTTAAGTGT-1,3260.0,1718,11.993865,0.039473684210526314,False
GCTAGCGGTTGACTTC-1,1763.0,1034,7.317073,0.07744826114785579,False
GCTAGCGGTTTAACCC-1,2806.0,1381,12.259444,0.021451104100946368,False
GCTAGCGGTTTATGGG-1,2024.0,1154,6.274704,0.09200676165177493,False
GCTAGCTCAACCTAAT-1,3353.0,1683,10.259469,0.05004812319538016,False
GCTAGCTCATAAGGAC-1,2257.0,1228,7.3992023,0.051277877258668406,False
GCTAGCTCATGTCAAT-1,3286.0,1771,8.368837,0.011634922002930278,False
GCTAGCTCATGTGGGA-1,2682.0,1491,7.121551,0.07534533277521976,False
GCTAGCTCATTAAACC-1,7096.0,2887,7.863585,0.07534533277521976,False
GCTAGTGTCAATCTAG-1,6289.0,2546,17.013834,0.01896638233818364,False
GCTAGTGTCACGAATC-1,2658.0,1368,7.9759216,0.09481481481481482,False
GCTAGTGTCCCGAACA-1,3291.0,1580,12.184747,0.04040833687792429,False
GCTAGTGTCCGCATGA-1,3856.0,1822,10.036306,0.03128880059597715,False
GCTAGTGTCCGCCTAT-1,6243.0,2635,6.7275343,0.10082730093071354,False
GCTATAGGTAGGATCC-1,5595.0,2374,14.298481,0.025962195399681167,False
GCTATAGGTCACGAAC-1,3008.0,1509,7.3138294,0.051277877258668406,False
GCTATAGGTCAGGCCA-1,3599.0,1868,9.447069,0.04136742315426601,False
GCTATAGGTCCTAAGA-1,3127.0,1598,7.3233128,0.03433029908972692,False
GCTATAGGTGGTTCCC-1,3370.0,1837,8.51632,0.0077983458054352115,False
GCTATCCTCAGCACGC-1,4435.0,2021,7.3731685,0.018496420047732696,False
GCTATCCTCATGGCTG-1,3776.0,1787,7.918432,0.10082730093071354,False
GCTATCCTCCAGGTTG-1,9657.0,3709,6.1613336,0.27434679334916884,True
GCTATCCTCCGCAAGC-1,5619.0,2368,9.556861,0.04336283185840707,False
GCTATCCTCCTTAGTT-1,4351.0,2061,7.2626987,0.1367661528369957,False
GCTATCCTCGATAACC-1,5172.0,2309,9.126063,0.05658418411489879,False
GCTATCCTCGCTAAGT-1,4046.0,2000,8.774098,0.08674531575294935,False
GCTATCCTCTTGCAAA-1,4315.0,2116,4.3800697,0.046565237436606725,False
GCTATTGCAACAGGAT-1,4268.0,2028,9.325211,0.008694252133311868,False
GCTATTGCAACTGGCT-1,3586.0,1711,9.063023,0.07534533277521976,False
GCTATTGCAAGGTACG-1,5580.0,2414,13.620071,0.015022255192878337,False
GCTATTGCAAGTGTCC-1,3643.0,1819,13.8073015,0.03513620213185945,False
GCTATTGCAATAGCAA-1,3787.0,1936,10.166359,0.018496420047732696,False
GCTATTGCAATCCTGA-1,2927.0,1551,7.3112397,0.04440125579309313,False
GCTATTGCACATAACT-1,6608.0,2655,14.98184,0.007222179078978022,False
GCTATTGCACTAAGCC-1,3804.0,1795,7.071504,0.021976855292493894,False
GCTATTGCAGTACCGT-1,2885.0,1479,11.715772,0.047693266832917705,False
GCTATTGCAGTTTGTG-1,9930.0,3564,10.765357,0.01758155889822231,False
GCTCAACCAATAAGCA-1,6168.0,2797,12.240597,0.2919020715630885,True
GCTCAACCACAAACTT-1,8006.0,3301,12.328254,0.31158455392809603,True
GCTCAACCAGGACCTT-1,4006.0,1951,5.3170247,0.011634922002930278,False
GCTCACAAGACAAAGT-1,2669.0,1401,11.202698,0.03513620213185945,False
GCTCACAAGACAAGTG-1,3254.0,1804,6.1462817,0.02251286449399657,False
GCTCACAAGATGGAGC-1,2484.0,1335,5.9178743,0.03513620213185945,False
GCTCACAAGGAATAAC-1,8261.0,3422,10.301416,0.21972656249999997,True
GCTCACAAGGCTGGCT-1,3079.0,1606,10.100682,0.14754098360655732,False
GCTCACAAGTATCGCG-1,2764.0,1464,9.732272,0.07137096774193549,False
GCTCACAAGTGGCGGA-1,3268.0,1613,4.865361,0.07137096774193549,False
GCTCACAAGTGTGATC-1,2590.0,1350,12.162163,0.006387832699619771,False
GCTCACAAGTTATGTG-1,5978.0,2748,10.354633,0.21972656249999997,True
GCTCATTGTCATCAAG-1,4697.0,2207,3.342559,0.05519591141396934,False
GCTCATTGTCTAACAG-1,3911.0,1901,7.210432,0.0053278081989048395,False
GCTCATTGTGAGAAAC-1,4351.0,2012,9.147322,0.013837388079949352,False
GCTCATTGTGCATTTC-1,4790.0,2225,12.004175,0.0580168776371308,False
GCTCATTGTGCCGCAA-1,6362.0,2801,11.568689,0.23147675012774666,True
GCTCATTGTGCCTCAC-1,5029.0,2272,17.3792,0.03596164091635589,False
GCTCATTGTTAAATGC-1,6038.0,2561,13.630341,0.04040833687792429,False
GCTCATTGTTCACCAT-1,3908.0,1906,11.00307,0.03433029908972692,False
GCTCATTGTTGTGACA-1,3693.0,1857,6.769564,0.13184713375796173,False
GCTCATTGTTTGTTGC-1,4549.0,2061,7.7599473,0.03513620213185945,False
GCTCCTTAGTCAATCA-1,3475.0,1693,6.9352517,0.07332101047443006,False
GCTCCTTAGTTAGTTG-1,5628.0,2548,6.396589,0.02251286449399657,False
GCTCGATCAACTGGGA-1,2745.0,1352,6.010929,0.14754098360655732,False
GCTCGATCAAGATTCT-1,2704.0,1471,9.023668,0.09775195756504167,False
GCTCGATCAGCAATAA-1,6066.0,2744,9.198813,0.27434679334916884,True
GCTCGATCAGCTAATT-1,1757.0,1142,6.2606716,0.04546832373446498,False
GCTCGATCAGGCAAGC-1,2637.0,1433,9.29086,0.13184713375796173,False
GCTCGATCAGGCATCT-1,3221.0,1663,11.425023,0.015022255192878337,False
GCTCGATCAGGCTAAG-1,1986.0,1114,8.862034,0.11866393202461177,False
GCTCGATCATAGACTT-1,7034.0,2777,10.22178,0.11098748261474266,False
GCTCGATCATCAGTAT-1,5064.0,2407,6.8522906,0.2585915492957747,True
GCTCGATCATCCCTCA-1,7479.0,3155,9.6403265,0.21972656249999997,True
GCTCGATCATGCTTAG-1,2671.0,1435,5.466118,0.08427729950158584,False
GCTCGATCATGTTGGC-1,2835.0,1608,10.793651,0.009001703024896602,False
GCTCGATCATTGGGAG-1,2183.0,1027,12.414109,0.05519591141396934,False
GCTCTGGCAACCCTAA-1,2485.0,1297,2.857143,0.01713621841417369,False
GCTCTGGCACAATGCC-1,4206.0,2024,10.794104,0.025962195399681167,False
GCTCTGGCACCTCGCT-1,3365.0,1735,3.922734,0.09481481481481482,False
GCTCTGGCAGCTAACC-1,4412.0,1940,14.256573,0.021976855292493894,False
GCTCTGGCATCTTGAG-1,2699.0,1371,10.374213,0.04546832373446498,False
GCTCTGGCATGGCCTG-1,2327.0,1380,5.8874087,0.012709620476610766,False
GCTCTGGCATGTTTGG-1,2916.0,1554,9.670782,0.01896638233818364,False
GCTCTGGCATTATGCG-1,3134.0,1642,14.039566,0.06592776609975157,False
GCTCTGTTCAAACCTA-1,3286.0,1625,5.0517344,0.08190899001109879,False
GCTCTGTTCACTAAGC-1,3699.0,1747,10.083807,0.06260387811634349,False
GCTCTGTTCCACAATA-1,2018.0,1132,11.446978,0.0580168776371308,False
GCTCTGTTCCCGAACA-1,3096.0,1647,6.782946,0.06260387811634349,False
GCTCTGTTCCGCTAGA-1,3314.0,1733,4.767652,0.02093531923757942,False
GCTCTGTTCCTTTACG-1,4497.0,2053,10.91839,0.025962195399681167,False
GCTGACATCATGGCCA-1,2827.0,1457,11.460913,0.10743353228431904,False
GCTGACATCCATAAGC-1,4296.0,2048,12.243948,0.04546832373446498,False
GCTGACATCGATATTG-1,3329.0,1639,10.003004,0.018496420047732696,False
GCTGACCAGCACGATT-1,6086.0,2723,6.194545,0.010946117946542214,False
GCTGACCAGCATTATG-1,4656.0,2040,17.525772,0.032023106869270374,False
GCTGACCAGCGTGCAC-1,9642.0,3605,10.205352,0.21972656249999997,True
GCTGACCAGGAGGACT-1,2894.0,1491,9.260539,0.029868868382710054,False
GCTGACCAGGCGCACT-1,3084.0,1606,6.5823607,0.11472602739726025,False
GCTGACCAGGGATGAC-1,4138.0,1875,10.99565,0.030570902394106814,False
GCTGAGGAGATTCCTT-1,4755.0,2085,7.844374,0.03767403767403767,False
GCTGAGGAGGCACAGG-1,2541.0,1349,9.681228,0.03128880059597715,False
GCTGAGGAGGCCCAGT-1,2843.0,1385,4.889201,0.07534533277521976,False
GCTGAGGAGGTCCTGA-1,4584.0,2055,18.368237,0.24437299035369767,True
GCTGATCCAAAGGTAC-1,239.0,185,3.7656903,0.09200676165177493,False
GCTGATCCAACCTAAT-1,3423.0,1793,9.17324,0.17379145025968837,False
GCTGATCCAGCAGGTA-1,3370.0,1808,6.884273,0.01128783991790662,False
GCTGATCCAGTTTGTG-1,1699.0,975,8.298999,0.06423741547708492,False
GCTGATCCATCCCTCA-1,7043.0,2832,8.078944,0.07137096774193549,False
GCTGATCCATGATTGT-1,8162.0,3134,8.90713,0.05519591141396934,False
GCTGCAATCATAACCA-1,7449.0,3081,11.6794195,0.3590909090909092,True
GCTGCAATCATCAGTA-1,3632.0,1747,6.7731276,0.0580168776371308,False
GCTGCAATCATGCATA-1,2785.0,1473,6.822262,0.09481481481481482,False
GCTGCAATCCGGAACC-1,4077.0,1894,7.3828793,0.18159203980099492,True
GCTGCAATCCTGGTGA-1,3356.0,1672,12.3659115,0.07744826114785579,False
GCTGCAATCGAGGTGG-1,21972.0,4527,9.689606,0.11472602739726025,False
GCTGCAATCGATTTGA-1,3789.0,1887,9.158089,0.1367661528369957,False
GCTGCAATCGCTAGTG-1,2962.0,1524,19.176233,0.01234567901234568,False
GCTGCAATCGTTTCCA-1,4387.0,2048,7.7501707,0.03128880059597715,False
GCTGCAATCTTGAGGT-1,5149.0,2305,11.711012,0.04546832373446498,False
GCTGCACAGATGGAGC-1,7840.0,3279,11.683674,0.31158455392809603,True
GCTGCACAGCCATCAG-1,3423.0,1672,9.523809,0.03354324636936127,False
GCTGCACAGCCGCTAA-1,6404.0,2839,12.273579,0.029868868382710054,False
GCTGCACAGGCCAATT-1,8600.0,3194,15.5348835,0.013079455467568288,False
GCTGCACAGGCCGGAA-1,2683.0,1409,11.964219,0.01758155889822231,False
GCTGCACAGGGACTAA-1,6987.0,2970,11.664519,0.046565237436606725,False
GCTGCACAGGTCCTGA-1,3149.0,1640,5.906637,0.09200676165177493,False
GCTGCACAGTAGAGGC-1,6827.0,2795,11.967189,0.06102433708681438,False
GCTGCACAGTGACCTG-1,3528.0,1838,5.5839005,0.01626867091618305,False
GCTGCATCAACCCTAA-1,2789.0,1552,7.422015,0.09481481481481482,False
GCTGCATCACTTCACT-1,2087.0,1301,2.9228556,0.008391273076000958,False
GCTGCATCATAGACCC-1,5101.0,2225,11.213488,0.039473684210526314,False
GCTGGATGTCAATGTG-1,3443.0,1741,15.887308,0.05004812319538016,False
GCTGGATGTGACCTGG-1,4132.0,1755,8.0590515,0.052544613350958363,False
GCTGGATGTGAGAAAC-1,4355.0,1969,8.082664,0.11866393202461177,False
GCTGGATGTTAGTACG-1,7106.0,2782,11.6239805,0.06423741547708492,False
GCTGGATGTTTACGTC-1,2730.0,1402,11.794872,0.03354324636936127,False
GCTGGATGTTTAGTCC-1,3741.0,1876,7.4044375,0.08674531575294935,False
GCTGGTTCAAGTGAAC-1,5234.0,2273,7.852503,0.06592776609975157,False
GCTGGTTCAAGTGTCC-1,4924.0,2183,13.261576,0.01803488715876614,False
GCTGGTTCAATTAAGG-1,3842.0,1913,5.5439873,0.12281757977122211,False
GCTGGTTCAATTGACT-1,4542.0,2230,6.4509025,0.07137096774193549,False
GCTGGTTCACAAAGAC-1,4026.0,1984,8.097367,0.03596164091635589,False
GCTGGTTCACAATTAC-1,3163.0,1587,8.283276,0.02251286449399657,False
GCTGGTTCACCACAAC-1,3166.0,1636,10.644346,0.03680733450182013,False
GCTGGTTCACTCAACA-1,4392.0,2117,10.632969,0.02851033499643621,False
GCTGGTTCAGGAAGCC-1,4211.0,2053,9.878889,0.06102433708681438,False
GCTGGTTCAGGTTCAC-1,2462.0,1235,9.585703,0.07963446475195822,False
GCTGGTTCATAAACCT-1,3247.0,1611,12.565444,0.014225788801750865,False
GCTGGTTCATGAATCT-1,6769.0,2968,8.598021,0.011634922002930278,False
GCTGGTTCATGGCCTG-1,4869.0,2269,11.994249,0.04040833687792429,False
GCTGTAAGTAAACAAG-1,6438.0,2762,11.105934,0.012709620476610766,False
GCTGTAAGTATTCGCT-1,2779.0,1456,9.679741,0.12281757977122211,False
GCTGTAAGTCCACAAA-1,5719.0,2379,6.906802,0.07332101047443006,False
GCTGTAAGTTACAACG-1,2162.0,1259,8.279371,0.0594961586564231,False
GCTGTAAGTTGTTGGA-1,3596.0,1767,9.371524,0.029868868382710054,False
GCTGTAAGTTTGGCGG-1,5395.0,2113,9.434662,0.03767403767403767,False
GCTGTACCAATTAAGG-1,3789.0,1772,13.486407,0.03513620213185945,False
GCTGTACCAATTAGGA-1,7386.0,3216,10.032494,0.24437299035369767,True
GCTGTACCAATTATGC-1,12064.0,4116,7.501658,0.24437299035369767,True
GCTGTACCACAAACTT-1,2356.0,1343,6.7911716,0.03128880059597715,False
GCTGTACCACAGAACG-1,3387.0,1657,13.374668,0.03433029908972692,False
GCTGTACCACCAACCG-1,6953.0,2749,11.362002,0.02785286167587261,False
GCTGTACCACCCTCAC-1,4836.0,2294,3.1224153,0.01234567901234568,False
GCTGTACCACTAGGTC-1,9393.0,3436,10.475886,0.018496420047732696,False
GCTGTACCAGCGCTTG-1,2787.0,1540,11.768928,0.04440125579309313,False
GCTGTACCATCCCGCT-1,7040.0,2861,9.701704,0.08674531575294935,False
GCTGTGATCAATCTCT-1,8014.0,3030,6.9004245,0.02785286167587261,False
GCTGTGATCCCTGGAA-1,183.0,128,12.021858,0.0580168776371308,False
GCTGTGATCGCACACA-1,4717.0,2165,8.988764,0.021976855292493894,False
GCTGTGATCTAAGTCA-1,3614.0,1721,8.854455,0.12720519962859794,False
GCTGTGCAGCAACAAG-1,3410.0,1680,9.941349,0.06767794632438741,False
GCTGTGCAGCTTACTT-1,9625.0,3396,11.033766,0.06260387811634349,False
GCTGTGCAGGACAACA-1,3499.0,1645,12.003429,0.015430655569063874,False
GCTGTGCAGGATTGCT-1,2133.0,1195,9.751524,0.04136742315426601,False
GCTGTGCAGGGCTTTG-1,5690.0,2596,8.840071,0.27434679334916884,True
GCTGTGCAGTTCCTGC-1,6959.0,2826,10.231355,0.17379145025968837,False
GCTGTGCAGTTTGCGG-1,2527.0,1414,10.486743,0.011634922002930278,False
GCTTAAATCCCGCCTA-1,7337.0,3029,7.2918086,0.08190899001109879,False
GCTTAAATCGAAGTGA-1,2087.0,1239,7.5227594,0.03128880059597715,False
GCTTAAATCGGCCATA-1,2511.0,1459,4.579849,0.19910313901345295,True
GCTTAAATCGGCTAGC-1,2746.0,1458,10.852148,0.0385625431928127,False
GCTTAACAGAAACTGG-1,2015.0,1099,10.372209,0.0385625431928127,False
GCTTAACAGAACCTAC-1,3692.0,1758,6.8526545,0.011987491313412093,False
GCTTAACAGACTCGCA-1,2683.0,1384,8.7215805,0.051277877258668406,False
GCTTAACAGATGGACA-1,3069.0,1575,9.742587,0.06767794632438741,False
GCTTAACAGGACACTT-1,5133.0,2225,11.065654,0.02093531923757942,False
GCTTAACAGGCATTGT-1,3441.0,1571,8.427782,0.046565237436606725,False
GCTTAACAGGTGAAGC-1,1953.0,1147,13.312853,0.0053278081989048395,False
GCTTAACAGTACTGGT-1,8112.0,3099,11.932939,0.023059434881455017,False
GCTTAACAGTGAGCAA-1,3935.0,1880,11.537484,0.01128783991790662,False
GCTTAACAGTGAGCGG-1,9068.0,3512,7.7745924,0.38812042310821776,True
GCTTACCTCCGCAAGC-1,5952.0,2624,7.594086,0.00666207213416035,False
GCTTACCTCCTAAGTA-1,2530.0,1299,11.660079,0.02476572958500669,False
GCTTACCTCCTGAGTG-1,2190.0,1252,7.260274,0.04040833687792429,False
GCTTACCTCCTGCGAA-1,7130.0,2881,7.6157084,0.046565237436606725,False
GCTTACCTCGGCTAGC-1,6079.0,2631,10.9393,0.08931947069943286,False
GCTTACCTCGTGCTTC-1,4132.0,2146,2.6863503,0.025357827115969796,False
GCTTAGTAGAGAGGCT-1,2934.0,1454,12.781186,0.006387832699619771,False
GCTTAGTAGCGAAGTA-1,6355.0,2821,9.425649,0.31158455392809603,True
GCTTAGTAGGCAAGTA-1,2650.0,1319,11.962264,0.03513620213185945,False
GCTTAGTAGGCGCTAC-1,3346.0,1626,6.843993,0.0058505850585058505,False
GCTTAGTAGGTCCACA-1,5282.0,2329,10.034079,0.05385002516356318,False
GCTTAGTAGTTAGCCG-1,2497.0,1283,5.006007,0.10082730093071354,False
GCTTAGTAGTTAGCTA-1,3275.0,1570,6.5343513,0.04336283185840707,False
GCTTAGTAGTTAGTGC-1,7277.0,2582,8.712381,0.02476572958500669,False
GCTTATCGTAGTTACG-1,4975.0,2218,14.3718605,0.06949118986339338,False
GCTTATCGTCACACCC-1,4037.0,1871,3.8394847,0.1367661528369957,False
GCTTATCGTGAGAAAC-1,3878.0,1802,9.386282,0.06260387811634349,False
GCTTATCGTGTTCCCA-1,4511.0,2340,10.59632,0.33380581148121885,True
GCTTATCGTTAAGTGT-1,2381.0,1294,9.197816,0.02476572958500669,False
GCTTATCGTTACCGGG-1,2723.0,1403,16.415718,0.03354324636936127,False
GCTTATCGTTACTTGC-1,5225.0,2136,7.311005,0.06260387811634349,False
GCTTATCGTTGCTGGG-1,3211.0,1578,12.955466,0.14754098360655732,False
GCTTATCGTTGTAAAC-1,5405.0,2430,12.303422,0.1367661528369957,False
GCTTATCGTTTCAGGA-1,1130.0,639,16.19469,0.0594961586564231,False
GCTTCGCGTCAAGACC-1,3870.0,1822,11.705426,0.023059434881455017,False
GCTTCGCGTCATCATC-1,4483.0,2226,13.517733,0.023059434881455017,False
GCTTCGCGTCTAGCTT-1,5395.0,2530,7.1177015,0.08427729950158584,False
GCTTCGCGTGACATAT-1,1861.0,1073,2.525524,0.03513620213185945,False
GCTTCGCGTGGAGCAA-1,1676.0,985,15.930788,0.06423741547708492,False
GCTTCGCGTGTTGTAG-1,2551.0,1402,11.015287,0.06102433708681438,False
GCTTCGCGTTGCTGGG-1,3693.0,1486,4.03466,0.05385002516356318,False
GCTTGACCACCTAATG-1,4232.0,2086,7.963138,0.07963446475195822,False
GCTTGACCACCTGCCT-1,3349.0,1728,8.420424,0.10405083399523428,False
GCTTGACCAGCAACCT-1,3275.0,1568,2.8091605,0.06767794632438741,False
GCTTGACCATCATGGC-1,3442.0,1706,9.907031,0.025962195399681167,False
GCTTGACCATCTAGCA-1,2442.0,1288,10.974611,0.046565237436606725,False
GCTTGACCATTAAAGG-1,5386.0,2523,7.5937614,0.421792618629174,True
GCTTGTTGTAATCGCA-1,2736.0,1488,8.552631,0.021451104100946368,False
GCTTGTTGTCCTTCAG-1,3510.0,1674,5.9259257,0.009630422256975885,False
GCTTGTTGTTAGCATG-1,1505.0,913,17.475084,0.07534533277521976,False
GCTTGTTGTTCATTTG-1,3203.0,1687,9.83453,0.01713621841417369,False
GCTTGTTGTTCTTTAG-1,3277.0,1699,10.314312,0.015430655569063874,False
GCTTGTTGTTTATCGC-1,2742.0,1359,11.8891325,0.01713621841417369,False
GCTTTACGTCACCTAT-1,8089.0,3017,12.139943,0.029182178455626276,False
GCTTTACGTCTCAGCC-1,3346.0,1626,6.78422,0.011987491313412093,False
GCTTTACGTGAGGTAG-1,3528.0,1722,13.066894,0.06260387811634349,False
GCTTTACGTTTCCGGC-1,2458.0,1299,14.2799015,0.006940160394818014,False
GCTTTATTCGCTAGAT-1,4495.0,1894,4.4493885,0.23147675012774666,True
GCTTTCATCAATCATG-1,13955.0,4205,7.545683,0.027209302325581396,False
GCTTTCATCATGTGGT-1,2479.0,1299,8.39048,0.01669865642994242,False
GCTTTCATCGCTCACT-1,4318.0,1966,9.170912,0.10405083399523428,False
GCTTTCATCGGTTCCT-1,1943.0,1072,23.108595,0.10743353228431904,False
GCTTTGTGTACCGTAA-1,3333.0,1732,14.311431,0.08931947069943286,False
GCTTTGTGTCCTTTAA-1,4965.0,2333,8.640483,0.2585915492957747,True
GCTTTGTGTGTAATAC-1,9115.0,3670,9.862864,0.38812042310821776,True
GGAAACTCAAAGCCTC-1,6928.0,2864,10.811201,0.029182178455626276,False
GGAAACTCAAGGGTTG-1,2516.0,1286,15.977742,0.02785286167587261,False
GGAAACTCACAAGCCT-1,4343.0,1808,3.2926548,0.0594961586564231,False
GGAAACTCACAGCCTG-1,2553.0,1394,14.2969055,0.013837388079949352,False
GGAAACTCACAGGATG-1,1710.0,1015,19.298244,0.02657921988263721,False
GGAAACTCACCTGGTG-1,2721.0,1526,9.151048,0.04136742315426601,False
GGAAACTCACGTAATT-1,2388.0,1334,8.333334,0.03680733450182013,False
GGAAACTCAGCTAATT-1,2244.0,825,46.836006,0.04136742315426601,False
GGAAACTCAGGCCAAA-1,4648.0,1963,5.464716,0.10405083399523428,False
GGAAACTCATAGCTTG-1,2757.0,1487,5.25934,0.07744826114785579,False
GGAAACTCATCAATCG-1,7898.0,2892,9.508737,0.011634922002930278,False
GGAAACTCATCGCTTT-1,4843.0,2022,6.752013,0.24437299035369767,True
GGAACAATCATGGCCA-1,4002.0,1910,9.295353,0.05658418411489879,False
GGAACAATCCGTTAAA-1,4494.0,2033,14.619492,0.047693266832917705,False
GGAACAATCGCATTAA-1,3771.0,1772,10.076902,0.01993253603189206,False
GGAACAATCGCTCACT-1,6007.0,2723,12.735142,0.046565237436606725,False
GGAACAATCGGTCAAT-1,6884.0,2915,11.2434635,0.33380581148121885,True
GGAACCACAAAGCCTC-1,3242.0,1603,13.942011,0.02851033499643621,False
GGAACCACAAAGCTCC-1,3243.0,1694,9.559051,0.02785286167587261,False
GGAACCACAACCCTCC-1,2614.0,1397,7.918898,0.06592776609975157,False
GGAACCACAATCTCTC-1,2745.0,1519,11.0018215,0.04885375494071145,False
GGAACCACATTGTGGC-1,6681.0,2793,9.369855,0.029868868382710054,False
GGAACCTGTTGGCCGA-1,2316.0,907,10.7081175,0.02251286449399657,False
GGAACCTGTTTACGTC-1,4351.0,1880,7.308665,0.01713621841417369,False
GGAACCTGTTTCAGGA-1,7402.0,3010,7.687112,0.04440125579309313,False
GGAACGGTCAATGAGG-1,2740.0,1443,8.540146,0.07534533277521976,False
GGAACGGTCCGCCTAT-1,5282.0,2357,12.400605,0.015022255192878337,False
GGAACGGTCCTTGCGT-1,2476.0,1213,9.087237,0.0580168776371308,False
GGAACGGTCTGGCTTC-1,6719.0,2954,7.7690134,0.38812042310821776,True
GGAACGGTCTTAGCCC-1,13772.0,4405,7.936393,0.2919020715630885,True
GGAACTAAGAAAGCAT-1,5505.0,2535,9.51862,0.02251286449399657,False
GGAACTAAGGGTGGAT-1,3977.0,1950,11.541363,0.052544613350958363,False
GGAACTAAGGGTTATC-1,3362.0,1677,11.957169,0.013079455467568288,False
GGAACTAAGTCTGGGC-1,5725.0,2735,5.048035,0.27434679334916884,True
GGAACTAAGTGGACAA-1,4114.0,1831,9.212445,0.04040833687792429,False
GGAAGCTAGATAAAGC-1,2895.0,1486,14.300518,0.06260387811634349,False
GGAAGCTAGCACGTTG-1,2743.0,1504,9.405761,0.008694252133311868,False
GGAAGCTAGCATCCAG-1,2823.0,1511,10.768685,0.09481481481481482,False
GGAAGCTAGCTGTAAC-1,2766.0,1430,12.075199,0.02476572958500669,False
GGAAGCTAGGGACTAA-1,2068.0,1274,6.334623,0.02251286449399657,False
GGAAGCTAGGGCCACT-1,3091.0,1431,5.758654,0.10082730093071354,False
GGAAGCTAGTGAGCAA-1,3437.0,1720,9.572301,0.02785286167587261,False
GGAAGCTAGTGAGGGT-1,3582.0,1651,6.0859857,0.13184713375796173,False
GGAAGCTAGTTGGATC-1,2538.0,1357,8.628841,0.1367661528369957,False
GGAAGTATCAGAAACG-1,5602.0,2557,8.282756,0.01626867091618305,False
GGAAGTATCCTCACTA-1,4261.0,2111,9.317062,0.00481892523364486,False
GGAAGTATCGCTCCAT-1,3811.0,1877,6.953555,0.01669865642994242,False
GGAAGTATCTGCAAAC-1,2038.0,1134,7.752699,0.04546832373446498,False
GGAAGTATCTTGGATA-1,5887.0,2520,9.750297,0.1665381649961449,False
GGAATCTTCAAAGGCA-1,2995.0,1656,3.739566,0.06767794632438741,False
GGAATCTTCACAGCGC-1,1690.0,995,8.461538,0.03277439024390243,False
GGAATCTTCACAGGAA-1,5331.0,2256,11.911462,0.07744826114785579,False
GGAATCTTCTACCTAT-1,3892.0,1865,7.733813,0.04040833687792429,False
GGACAGCCAAGGTGGC-1,3808.0,1790,9.558824,0.046565237436606725,False
GGACAGCCAATCGCAC-1,8407.0,3201,10.764839,0.013455328310010764,False
GGACAGCCACGAATCC-1,3915.0,1825,11.596424,0.029868868382710054,False
GGACAGCCACTGACCG-1,3581.0,1778,13.711254,0.014620689655172414,False
GGACAGCCAGATTCAT-1,2109.0,1235,4.646752,0.06260387811634349,False
GGACAGCCAGCGCTTG-1,2529.0,1353,9.88533,0.06949118986339338,False
GGACAGCCATACTCCT-1,3986.0,1863,10.085299,0.006387832699619771,False
GGACAGCCATAGCTGC-1,5494.0,2452,10.465963,0.01758155889822231,False
GGACATAAGGAGGGTT-1,3131.0,1673,13.126797,0.03596164091635589,False
GGACATAAGGGATGCG-1,4020.0,1838,14.527363,0.05658418411489879,False
GGACATAAGTTAGTTG-1,4045.0,2042,6.996292,0.06949118986339338,False
GGACATAAGTTGCGTG-1,4441.0,1846,9.052015,0.05004812319538016,False
GGACCGAAGACTCGCA-1,2560.0,1434,7.1875,0.07137096774193549,False
GGACCGAAGCGCTAAT-1,2521.0,1338,6.5053554,0.08190899001109879,False
GGACCGAAGCTGAGGG-1,3572.0,1799,12.737963,0.04040833687792429,False
GGACCGAAGGCGCACT-1,2342.0,1290,9.222887,0.04040833687792429,False
GGACCGAAGTTGCGTG-1,2076.0,1165,9.922929,0.0580168776371308,False
GGACCTCAGACCATAC-1,3168.0,1574,5.7449493,0.06102433708681438,False
GGACCTCAGACTTATG-1,2177.0,1017,30.68443,0.01896638233818364,False
GGACCTCAGATAAAGC-1,2598.0,1508,8.660508,0.009951899154088572,False
GGACCTCAGGCACAGG-1,1061.0,516,31.479736,0.015022255192878337,False
GGACCTCAGGGCTTTG-1,5636.0,2409,12.189496,0.05519591141396934,False
GGACCTCAGTCTTGAA-1,2472.0,1098,13.106796,0.019445007089325502,False
GGACGAAGTACGGGTT-1,2820.0,1440,10.992908,0.01626867091618305,False
GGACGAAGTTAGGATT-1,2062.0,1166,8.098933,0.12720519962859794,False
GGACGAAGTTTAACGG-1,5181.0,2267,10.731519,0.07137096774193549,False
GGACGGATCAGGCTAT-1,3247.0,1647,9.516477,0.027209302325581396,False
GGACGGATCATGCTAA-1,1035.0,490,41.64251,0.07534533277521976,False
GGACGGATCCAATTAG-1,2614.0,1360,16.220352,0.0077983458054352115,False
GGACGGATCGGCTATG-1,3589.0,1790,10.977988,0.02042921997523731,False
GGACGGATCTAATTGG-1,4115.0,1886,9.744836,0.03767403767403767,False
GGACGGATCTCAATAG-1,3468.0,1796,6.343714,0.02251286449399657,False
GGACGGATCTCCTCTT-1,7820.0,3063,11.649616,0.006940160394818014,False
GGACGGATCTGGCTTC-1,4564.0,2041,9.487292,0.07534533277521976,False
GGACGGATCTTGAGCG-1,3663.0,1838,10.674311,0.04136742315426601,False
GGACTAAAGCTACTGG-1,3344.0,1701,9.479665,0.01993253603189206,False
GGACTAAAGCTTAACA-1,2439.0,1374,4.2640424,0.021451104100946368,False
GGACTAAAGGAACACA-1,5413.0,2470,6.927767,0.02785286167587261,False
GGACTAAAGGCTTAAC-1,3487.0,1741,7.886435,0.052544613350958363,False
GGACTAAAGGTCATTA-1,4829.0,2313,12.279976,0.14198782961460438,False
GGACTAAAGTCAATCA-1,2753.0,1472,10.424991,0.025357827115969796,False
GGACTAAAGTCCTTCA-1,3930.0,1840,11.3486,0.01584606677985286,False
GGACTAAAGTGAGGTA-1,3887.0,1918,6.225881,0.030570902394106814,False
GGACTAAAGTGTGATC-1,2864.0,1561,8.240224,0.03277439024390243,False
GGAGCAAGTACCAGGT-1,3035.0,1581,7.3146625,0.032023106869270374,False
GGAGCAAGTCTTTGAC-1,2481.0,1418,11.326078,0.01993253603189206,False
GGAGCAAGTGAGACTC-1,3133.0,1374,26.811365,0.06767794632438741,False
GGAGCAAGTGTGAGAG-1,2621.0,1307,24.380007,0.03354324636936127,False
GGAGCAAGTTATAGCG-1,2405.0,1326,8.274428,0.06767794632438741,False
GGAGCAAGTTTGGGCG-1,4331.0,1976,19.856846,0.05519591141396934,False
GGAGCATAGACAACGA-1,3363.0,1764,6.898602,0.018496420047732696,False
GGAGCATAGCCGCTTT-1,6877.0,2845,16.882362,0.02093531923757942,False
GGAGCATAGGACAATG-1,2655.0,1333,10.960452,0.02851033499643621,False
GGAGCATAGGCCGGAA-1,2068.0,1162,10.589942,0.10405083399523428,False
GGAGCATAGGTCCTGA-1,6021.0,2702,9.134695,0.421792618629174,True
GGAGCATAGTCTGGGC-1,2699.0,1520,7.780659,0.029868868382710054,False
GGAGCATAGTTAGACC-1,3603.0,1826,10.741049,0.0594961586564231,False
GGAGCGATCACGCATG-1,5377.0,2384,12.851032,0.052544613350958363,False
GGAGCGATCACTTTAC-1,1253.0,666,14.764565,0.03596164091635589,False
GGAGCGATCAGCATTA-1,4500.0,2118,11.622223,0.047693266832917705,False
GGAGCGATCCACCTGT-1,6408.0,2700,13.779651,0.03433029908972692,False
GGAGCGATCCTAGTTT-1,6872.0,3009,7.8579745,0.20897615708274905,True
GGAGCGATCCTTGCGT-1,3266.0,1531,16.932028,0.06102433708681438,False
GGAGCGATCGATTTGA-1,1726.0,1032,8.053303,0.03354324636936127,False
GGAGCGATCTACTAAG-1,5027.0,2191,9.051124,0.02042921997523731,False
GGAGCGATCTTTAGGA-1,4194.0,1834,12.112541,0.021451104100946368,False
GGAGGTTAGACACTTA-1,11376.0,4003,8.526723,0.27434679334916884,True
GGAGGTTAGATAGACG-1,4389.0,2057,8.635224,0.021451104100946368,False
GGAGGTTAGCATGTTA-1,1956.0,1075,11.758691,0.04235191384078009,False
GGAGGTTAGGAAGCTA-1,2454.0,1409,11.165443,0.04136742315426601,False
GGAGGTTAGGCCCAGT-1,1603.0,1011,17.155334,0.04235191384078009,False
GGAGGTTAGGCCGGAA-1,3575.0,1710,10.489511,0.03128880059597715,False
GGAGGTTAGGTAACGA-1,5495.0,2364,10.919018,0.015430655569063874,False
GGAGGTTAGTCACTAA-1,1913.0,1118,12.441192,0.019445007089325502,False
GGAGTCTGTCGTTATC-1,9348.0,3663,6.7287116,0.421792618629174,True
GGAGTCTGTGAGCAAG-1,3724.0,1720,7.8678837,0.08190899001109879,False
GGAGTCTGTTGGTTGA-1,2113.0,1209,11.121628,0.03277439024390243,False
GGAGTCTGTTGTAAAC-1,4775.0,1885,12.732985,0.01713621841417369,False
GGAGTCTGTTTAGCTC-1,3261.0,1733,5.2744555,0.08931947069943286,False
GGAGTGAGTCATAACG-1,3359.0,1651,11.0151825,0.06423741547708492,False
GGAGTGAGTGACATAT-1,3782.0,1851,14.331041,0.05658418411489879,False
GGAGTGAGTTGGTGAC-1,3514.0,1767,8.708025,0.02042921997523731,False
GGATAACCAATCTCTC-1,6696.0,2292,6.033453,0.02657921988263721,False
GGATAACCAATGCCCG-1,3684.0,1819,7.5732903,0.05385002516356318,False
GGATAACCAATTAGGA-1,2777.0,1500,10.478934,0.046565237436606725,False
GGATAACCACTGACTA-1,2026.0,1165,10.562685,0.08190899001109879,False
GGATAACCAGATTCAT-1,6582.0,2377,18.48982,0.014225788801750865,False
GGATAACCAGTTAAAG-1,3829.0,1893,6.738052,0.025962195399681167,False
GGATAACCATGCTTAG-1,6037.0,2516,14.427696,0.05385002516356318,False
GGATACTTCACGCATG-1,8382.0,3077,8.697208,0.04546832373446498,False
GGATACTTCATAACGC-1,4374.0,2156,10.836763,0.0053278081989048395,False
GGATACTTCCATAAGC-1,6057.0,2629,12.332838,0.03513620213185945,False
GGATACTTCGAGGAAC-1,3839.0,1783,9.221151,0.06767794632438741,False
GGATACTTCGGGATTT-1,5266.0,2281,11.887581,0.10405083399523428,False
GGATACTTCTCATCAT-1,3480.0,1851,8.189655,0.0038406827880512096,False
GGATACTTCTGTGCAG-1,2919.0,1470,12.504283,0.051277877258668406,False
GGATATTGTGAACAAA-1,317.0,233,19.873817,0.01234567901234568,False
GGATGAATCATGCAAC-1,2547.0,1330,13.074204,0.06949118986339338,False
GGATGAATCATGGCCA-1,6924.0,2654,9.662045,0.0580168776371308,False
GGATGAATCCATAAGC-1,5662.0,2510,10.332038,0.05658418411489879,False
GGATGAATCCTAATTC-1,3594.0,1807,6.037841,0.03128880059597715,False
GGATGAATCGCGACAC-1,2199.0,1010,33.333336,0.05658418411489879,False
GGATGAATCTACTAAG-1,4724.0,2125,16.36325,0.07963446475195822,False
GGATGAATCTGGCAAT-1,3615.0,1858,11.0926695,0.03767403767403767,False
GGATGGCCAACCTAAT-1,2480.0,1331,7.701613,0.10405083399523428,False
GGATGGCCAACCTGGT-1,4482.0,2142,7.4074073,0.01234567901234568,False
GGATGGCCAATTAGCT-1,2256.0,1191,9.66312,0.09481481481481482,False
GGATGGCCACCTCAGG-1,2346.0,1293,9.889173,0.06260387811634349,False
GGATGGCCACCTGTAA-1,6356.0,2764,16.425425,0.0580168776371308,False
GGATGGCCAGGCATCT-1,5380.0,2235,7.026023,0.032023106869270374,False
GGATGGCCAGTAGGTG-1,4227.0,2052,12.514787,0.04546832373446498,False
GGATGGCCATCGCTCC-1,4479.0,2133,6.9435143,0.0058505850585058505,False
GGATGGCCATGAGCAG-1,6219.0,2669,9.2137,0.04885375494071145,False
GGATGTAAGACACTTA-1,4436.0,2071,13.255185,0.03680733450182013,False
GGATGTAAGGAACGCG-1,4873.0,2282,15.001026,0.10082730093071354,False
GGATGTAAGGGCCACT-1,3914.0,1962,7.2560043,0.051277877258668406,False
GGATGTAAGGGTGAAC-1,4737.0,2070,5.1509395,0.03680733450182013,False
GGATGTAAGTCATTAG-1,4836.0,2366,11.745244,0.04546832373446498,False
GGATTATGTAATCCCT-1,3030.0,1799,7.4257426,0.029868868382710054,False
GGATTATGTACCCACC-1,3401.0,1693,14.819171,0.08931947069943286,False
GGATTATGTATTGTCC-1,3342.0,1773,7.5703173,0.04546832373446498,False
GGATTATGTGAACAAA-1,7833.0,3140,8.796119,0.31158455392809603,True
GGATTATGTGCAATAT-1,2353.0,1220,12.4521885,0.052544613350958363,False
GGATTATGTGCTCACC-1,2686.0,1571,5.845123,0.08190899001109879,False
GGATTATGTGGCTTCC-1,1838.0,1106,9.68444,0.08427729950158584,False
GGATTATGTTGCCTCA-1,3264.0,1652,7.7512255,0.04440125579309313,False
GGATTATGTTGCTGGG-1,11353.0,3933,12.569365,0.31158455392809603,True
GGATTATGTTTCCTCC-1,5024.0,2191,5.991242,0.013837388079949352,False
GGATTCAGTATTCGTC-1,2622.0,1312,14.30206,0.03513620213185945,False
GGATTCAGTGCTCCAC-1,8810.0,3216,10.0,0.09775195756504167,False
GGATTCAGTTATTGCC-1,5094.0,2316,12.073028,0.029182178455626276,False
GGATTCAGTTTAGCGA-1,3412.0,1661,8.05979,0.03680733450182013,False
GGATTCAGTTTGGGCG-1,3827.0,1864,7.760648,0.08427729950158584,False
GGATTGCGTAATAACC-1,2881.0,1522,10.8989935,0.00432338953739732,False
GGATTGCGTGGGAACA-1,3729.0,1718,10.485385,0.1665381649961449,False
GGATTGCGTTGCAATG-1,6848.0,2968,8.747079,0.10743353228431904,False
GGATTTATCAAGACTC-1,3275.0,1652,5.8320613,0.02785286167587261,False
GGATTTATCACTAATG-1,3129.0,1602,9.971237,0.1900043084877208,True
GGATTTATCCCTCACG-1,3116.0,1748,7.3491654,0.02657921988263721,False
GGATTTATCGTACCGA-1,13212.0,3180,4.57917,0.10082730093071354,False
GGATTTATCTTCAATC-1,5014.0,2261,5.145592,0.20897615708274905,True
GGCAAATCAAATGCCC-1,4008.0,1900,7.8343315,0.08931947069943286,False
GGCAAATCAACAGGAT-1,3148.0,1681,5.6226177,0.011987491313412093,False
GGCAAATCAATCTCTC-1,2378.0,1238,8.368377,0.08931947069943286,False
GGCAAATCACAAAGAC-1,4268.0,1877,8.622306,0.03767403767403767,False
GGCAAATCACCCACAG-1,6106.0,2629,12.610547,0.03767403767403767,False
GGCAAATCACTCAACA-1,2343.0,1160,10.584721,0.0594961586564231,False
GGCAAATCAGAACCGA-1,4996.0,2141,11.829463,0.011987491313412093,False
GGCAAATCAGAGGGAG-1,1993.0,1056,10.486703,0.025357827115969796,False
GGCAAATCAGGAATCG-1,2540.0,1401,7.913386,0.06102433708681438,False
GGCAAATCATATTGAC-1,3686.0,1864,7.65057,0.10405083399523428,False
GGCAAATCATCCAGGT-1,6651.0,2834,11.441889,0.24437299035369767,True
GGCAAATCATGATTGT-1,3155.0,1520,12.614897,0.03513620213185945,False
GGCAAATCATTATGCG-1,2854.0,1474,7.112824,0.04235191384078009,False
GGCAAGCCAACATAAG-1,3826.0,1838,16.544693,0.07332101047443006,False
GGCAAGCCAATCCCTT-1,5567.0,2393,13.544099,0.01669865642994242,False
GGCAAGCCACAGGATG-1,7280.0,3063,7.4038463,0.1665381649961449,False
GGCAAGCCAGAATGAC-1,3864.0,1972,8.100414,0.06592776609975157,False
GGCAAGCCAGCCAGAA-1,2436.0,1296,15.270937,0.1665381649961449,False
GGCAAGCCAGCTAACC-1,3863.0,1879,6.083355,0.023616881696916687,False
GGCAAGCCATGAGTTT-1,6070.0,2533,18.023066,0.04546832373446498,False
GGCAATCGTCAGGAAG-1,2003.0,1153,10.933599,0.12720519962859794,False
GGCAATCGTCATAACG-1,6627.0,2683,10.336502,0.013837388079949352,False
GGCAATCGTGAGGTAG-1,3063.0,1605,3.5586026,0.02042921997523731,False
GGCAATCGTGATGAGG-1,3009.0,1618,13.592556,0.05519591141396934,False
GGCAATCGTGTGAGAG-1,2979.0,1513,10.204766,0.06592776609975157,False
GGCAATCGTTGCCTCA-1,942.0,645,14.437367,0.02657921988263721,False
GGCAATCGTTTGACCT-1,6660.0,2727,12.267267,0.01713621841417369,False
GGCAGGATCAACAAGG-1,2621.0,1388,13.735215,0.08427729950158584,False
GGCAGGATCATCCTAT-1,927.0,577,18.878101,0.07744826114785579,False
GGCAGGATCCTTGTTG-1,4049.0,2023,7.28575,0.029868868382710054,False
GGCAGGATCGTGCCTT-1,2700.0,1473,17.518518,0.04440125579309313,False
GGCAGGATCGTGCTTC-1,2482.0,1177,16.156326,0.09775195756504167,False
GGCATGGAGCAAGGTA-1,6011.0,2684,13.54184,0.46131805157593153,True
GGCATGGAGCTATGAC-1,5633.0,2431,14.148766,0.03513620213185945,False
GGCATGGAGCTTCCCG-1,3619.0,1779,8.179055,0.03433029908972692,False
GGCATGGAGGCTTAGT-1,3528.0,1718,7.28458,0.09200676165177493,False
GGCATGGAGTAAGAAC-1,3926.0,1853,8.813042,0.025357827115969796,False
GGCATGGAGTTCCCAC-1,5682.0,2324,10.225273,0.019445007089325502,False
GGCATGGAGTTGGCCA-1,6353.0,2724,15.189674,0.10082730093071354,False
GGCATGGAGTTTGCGG-1,5470.0,2398,8.025594,0.31158455392809603,True
GGCATTAGTAGCCTAA-1,2958.0,1570,13.150777,0.014620689655172414,False
GGCATTAGTGATCATG-1,5992.0,2624,11.9492655,0.06260387811634349,False
GGCATTAGTGCTGGTG-1,5288.0,2383,8.16944,0.05658418411489879,False
GGCATTAGTTGTGATG-1,3337.0,1710,12.975727,0.12720519962859794,False
GGCATTAGTTTAACGG-1,4516.0,1974,8.5031,0.032023106869270374,False
GGCATTGTCAGGTTTA-1,3812.0,1787,13.011542,0.025962195399681167,False
GGCATTGTCATTACGA-1,3243.0,1623,7.1230345,0.07963446475195822,False
GGCATTGTCCTCACAC-1,3450.0,1484,19.68116,0.01993253603189206,False
GGCATTGTCGTCCTTA-1,3054.0,1493,11.29666,0.13184713375796173,False
GGCATTGTCTCACAAA-1,4467.0,2048,15.177971,0.05519591141396934,False
GGCATTGTCTTAGGAC-1,3072.0,1720,3.938802,0.025962195399681167,False
GGCCAACTCAATGTCA-1,6467.0,2854,6.989331,0.02657921988263721,False
GGCCAACTCCCGTTTA-1,6282.0,2626,7.8478193,0.21972656249999997,True
GGCCAACTCCCTCACG-1,3342.0,1759,10.233394,0.24437299035369767,True
GGCCAACTCCTCATGC-1,4154.0,2029,10.038517,0.05004812319538016,False
GGCCAACTCGCTCCAT-1,4690.0,2154,7.1215353,0.08427729950158584,False
GGCCAACTCTTAGTCT-1,7093.0,2827,12.885944,0.02251286449399657,False
GGCCAGTTCTTGTCCA-1,5497.0,2388,10.1328,0.08427729950158584,False
GGCCATCAGGCTAGAA-1,2518.0,1336,10.007942,0.0385625431928127,False
GGCCATCAGTCACCTC-1,1167.0,746,13.110539,0.013079455467568288,False
GGCCGTTAGCAACAAG-1,2486.0,1255,11.826227,0.13184713375796173,False
GGCCGTTAGCATGGTT-1,3178.0,1574,9.723096,0.024185532854776367,False
GGCCGTTAGGCCTAAT-1,3933.0,1797,7.1700993,0.052544613350958363,False
GGCCGTTAGTCTGGGC-1,124.0,98,10.4838705,0.010946117946542214,False
GGCCGTTAGTCTTGAA-1,4121.0,2107,13.152148,0.021976855292493894,False
GGCCTAATCATCCTCA-1,5417.0,2344,15.875946,0.010609632873021219,False
GGCCTAATCCAGGTCA-1,6005.0,2521,14.68776,0.10743353228431904,False
GGCCTAATCCCTCACG-1,4338.0,2081,8.805902,0.024185532854776367,False
GGCCTAATCCCTGTTA-1,4563.0,2254,4.2954197,0.06260387811634349,False
GGCCTAATCCGTCCAT-1,4105.0,1966,9.403167,0.03354324636936127,False
GGCCTAATCGATATTG-1,4354.0,1976,13.229216,0.03128880059597715,False
GGCCTAATCTAGCTTT-1,5636.0,2330,7.381121,0.015430655569063874,False
GGCCTAATCTTAGGGT-1,7803.0,3044,17.339485,0.12720519962859794,False
GGCCTCTGTAGTTACG-1,4801.0,2246,5.3947096,0.039473684210526314,False
GGCCTCTGTCCGGTTC-1,8155.0,3090,15.193133,0.0594961586564231,False
GGCCTCTGTCCTCCAA-1,2241.0,1242,8.1659975,0.08427729950158584,False
GGCCTCTGTCTTTGAC-1,3135.0,1706,4.2424245,0.09775195756504167,False
GGCCTCTGTTATGTGG-1,3072.0,1608,7.8450522,0.07332101047443006,False
GGCCTCTGTTGGATCA-1,3599.0,1762,8.419005,0.039473684210526314,False
GGCCTCTGTTGTTGTC-1,7017.0,2965,7.054297,0.01803488715876614,False
GGCCTTAAGATAGACG-1,3583.0,1665,5.4423666,0.07744826114785579,False
GGCCTTAAGCTTCCCG-1,5229.0,2271,9.428189,0.04235191384078009,False
GGCCTTAAGTTGTCCC-1,10331.0,3869,9.021392,0.24437299035369767,True
GGCCTTCGTAACAGGG-1,2145.0,1114,22.331003,0.07744826114785579,False
GGCCTTCGTCACAGCG-1,2416.0,1330,10.22351,0.10405083399523428,False
GGCCTTCGTCACCAAA-1,3197.0,1583,9.1022835,0.05519591141396934,False
GGCCTTCGTGCACGCA-1,2504.0,1371,10.103834,0.14754098360655732,False
GGCGATACAAGCGAGC-1,3409.0,1643,9.885597,0.009001703024896602,False
GGCGATACACGCAACT-1,3413.0,1696,11.0753,0.10743353228431904,False
GGCGATACAGCTCATA-1,4883.0,2066,7.659226,0.03680733450182013,False
GGCGATACAGTATGTT-1,4514.0,1951,7.7536554,0.08190899001109879,False
GGCGATACATAATCCG-1,2836.0,1454,8.533146,0.004569522013490969,False
GGCGATACATAATGTC-1,5243.0,2365,9.326721,0.04040833687792429,False
GGCGATACATCACTTC-1,5316.0,2409,12.716328,0.07332101047443006,False
GGCGATACATTGCAGC-1,2127.0,1135,10.907381,0.03767403767403767,False
GGCGCTAGTCCGGTTC-1,2653.0,1418,11.38334,0.05658418411489879,False
GGCGCTAGTGGACATC-1,2599.0,1317,14.043863,0.008694252133311868,False
GGCGCTAGTGTAATAC-1,4294.0,2004,14.508617,0.04885375494071145,False
GGCGCTAGTTCGCGCT-1,5350.0,2447,11.943925,0.04336283185840707,False
GGCGGTAAGAGAAGGG-1,1970.0,970,30.964466,0.05004812319538016,False
GGCGGTAAGCTTACTT-1,4206.0,2048,13.575845,0.07137096774193549,False
GGCGGTAAGGCTATGT-1,3228.0,1604,10.563817,0.03354324636936127,False
GGCGGTAAGGGCCACT-1,2497.0,1371,10.492591,0.13184713375796173,False
GGCGGTAAGTACCGCA-1,3276.0,1436,6.715507,0.04885375494071145,False
GGCGGTAAGTAGCGCC-1,3859.0,1782,7.7481213,0.032023106869270374,False
GGCGGTAAGTCATTAG-1,2657.0,1413,9.823109,0.01713621841417369,False
GGCGGTTTCAAACCGT-1,3036.0,1563,13.372859,0.03680733450182013,False
GGCGGTTTCAGCACGC-1,7318.0,2843,13.664935,0.046565237436606725,False
GGCGGTTTCAGGTTTA-1,3429.0,1698,9.186352,0.01584606677985286,False
GGCGGTTTCGATTTAG-1,6001.0,2569,10.348275,0.10082730093071354,False
GGCGGTTTCGGGACTC-1,2660.0,1425,7.819549,0.01758155889822231,False
GGCGGTTTCTTCAATC-1,3544.0,1728,12.810384,0.06102433708681438,False
GGCGTTATCACGAATC-1,3288.0,1650,10.218978,0.003603985584057664,False
GGCGTTATCGCTATAA-1,3618.0,1773,11.083471,0.02851033499643621,False
GGCGTTATCGGTTTGG-1,3079.0,1678,9.028906,0.009313725490196078,False
GGCGTTATCTGTAATG-1,7037.0,2946,12.334802,0.31158455392809603,True
GGCTAGACAAAGCTAA-1,3379.0,1715,8.375258,0.039473684210526314,False
GGCTAGACACAAAGCG-1,4686.0,2230,14.020486,0.015430655569063874,False
GGCTAGACAGACAAAC-1,4144.0,1873,8.7113905,0.01584606677985286,False
GGCTAGACATCACAGC-1,3924.0,2040,7.1355762,0.006117362736953402,False
GGCTAGACATTGTGAT-1,4137.0,2051,8.629441,0.01803488715876614,False
GGCTAGTGTACGCGCA-1,379.0,160,48.548813,0.03767403767403767,False
GGCTAGTGTCACGGAT-1,2336.0,1287,10.445205,0.004569522013490969,False
GGCTAGTGTGAGGTAG-1,3178.0,1551,5.884204,0.04546832373446498,False
GGCTAGTGTGGAAGGC-1,1554.0,925,11.068211,0.030570902394106814,False
GGCTAGTGTGTCCAAA-1,2092.0,1272,9.464627,0.07137096774193549,False
GGCTATGTCACTAGGT-1,5760.0,2552,10.711805,0.01584606677985286,False
GGCTATGTCCCGAAGC-1,3279.0,1608,8.081732,0.11472602739726025,False
GGCTATGTCCCTGGTT-1,11867.0,4135,9.758153,0.2585915492957747,True
GGCTATGTCCGTGACA-1,3241.0,1662,10.706573,0.04440125579309313,False
GGCTATGTCGCAGGCT-1,3913.0,2054,10.656785,0.04885375494071145,False
GGCTATGTCGCTTCTA-1,2233.0,1241,8.46395,0.06260387811634349,False
GGCTATGTCGGTCAAT-1,5512.0,2402,14.785921,0.04040833687792429,False
GGCTATGTCTCGCCTG-1,4433.0,2081,12.316715,0.06423741547708492,False
GGCTATGTCTTTAGGA-1,3663.0,1850,6.197106,0.10082730093071354,False
GGCTATTAGCCACAAT-1,3290.0,1649,8.115501,0.03596164091635589,False
GGCTATTAGCTCAATA-1,3152.0,1646,5.393401,0.01993253603189206,False
GGCTATTAGGGACTAA-1,3254.0,1436,11.032576,0.09775195756504167,False
GGCTATTAGGGCCACT-1,4778.0,2297,10.171619,0.052544613350958363,False
GGCTATTAGTCATTGA-1,4033.0,1851,6.669973,0.12281757977122211,False
GGCTCAATCACAGCGC-1,2941.0,1656,7.174431,0.032023106869270374,False
GGCTCAATCCACAATA-1,2121.0,1142,16.50165,0.08931947069943286,False
GGCTCAATCCCTCTAA-1,3147.0,1712,6.4505873,0.05519591141396934,False
GGCTCAATCGAGCAAA-1,3392.0,1733,10.701652,0.03277439024390243,False
GGCTCAATCGCAACAT-1,5207.0,2320,11.830229,0.013455328310010764,False
GGCTCAATCTTGGACG-1,3204.0,1665,9.082397,0.03277439024390243,False
GGCTCACAGTAACCCG-1,6811.0,2598,19.307003,0.009313725490196078,False
GGCTCACAGTTGGCCA-1,3287.0,1576,7.9403715,0.01713621841417369,False
GGCTGAGAGAAGGTGC-1,1554.0,879,9.84556,0.05519591141396934,False
GGCTGAGAGCCTCTGT-1,4303.0,2044,14.036718,0.01584606677985286,False
GGCTGAGAGGACCGCT-1,2799.0,1395,13.361915,0.012709620476610766,False
GGCTGAGAGGATAAAC-1,4180.0,2014,7.5598083,0.19910313901345295,True
GGCTGAGAGGCATTGT-1,3980.0,1804,10.62814,0.07137096774193549,False
GGCTGAGAGTCATTGA-1,3578.0,1812,12.35327,0.032023106869270374,False
GGCTGGTTCCAGGAAA-1,9421.0,3401,14.2341585,0.2919020715630885,True
GGCTGTCAGCTGGAAA-1,3225.0,1646,8.031008,0.025962195399681167,False
GGCTGTCAGCTTACTT-1,3188.0,1621,11.166876,0.04885375494071145,False
GGCTGTCAGGAGGCAT-1,4418.0,2146,11.317338,0.07963446475195822,False
GGCTGTCAGGGATGAC-1,3576.0,1915,10.626398,0.01234567901234568,False
GGCTGTCAGGGTGGAT-1,3108.0,1538,12.323037,0.011634922002930278,False
GGCTGTCAGTCCTTCA-1,4870.0,2189,7.7412734,0.029182178455626276,False
GGCTTAAGTAGGATCC-1,3101.0,1505,12.4475975,0.09775195756504167,False
GGCTTAAGTCAATACG-1,3674.0,1766,10.968971,0.06767794632438741,False
GGCTTAAGTCATCCTG-1,7960.0,2829,9.032663,0.07963446475195822,False
GGCTTAAGTCATGCAA-1,3663.0,1817,10.237511,0.06767794632438741,False
GGCTTAAGTCCTTCAG-1,3136.0,1567,10.9375,0.05519591141396934,False
GGCTTAAGTGTTGCTT-1,3643.0,1788,16.167994,0.08190899001109879,False
GGCTTAAGTTAGCAGC-1,3874.0,1895,9.344347,0.039473684210526314,False
GGCTTCAAGCTATATG-1,3571.0,1758,5.6286755,0.03433029908972692,False
GGCTTCAAGCTCAATA-1,3289.0,1637,2.3715415,0.015022255192878337,False
GGCTTCAAGCTTTGTT-1,3157.0,1663,4.846373,0.046565237436606725,False
GGCTTCAAGGAAGCAC-1,2044.0,1067,5.772994,0.03128880059597715,False
GGCTTCAAGGAGTCTT-1,4519.0,2046,11.175038,0.05004812319538016,False
GGCTTCAAGGCGGGTA-1,2515.0,1422,8.270378,0.00432338953739732,False
GGGAATATCAAACCTA-1,5760.0,2625,10.052083,0.23147675012774666,True
GGGAATATCATCCTCA-1,3223.0,1596,9.432206,0.07137096774193549,False
GGGAATATCATTACTC-1,4380.0,2125,6.3926945,0.014225788801750865,False
GGGAATATCCAATAGC-1,6493.0,2799,6.6533194,0.11098748261474266,False
GGGAATATCCTCATGC-1,2177.0,1296,7.6711073,0.04136742315426601,False
GGGAATATCGTTTCGC-1,1311.0,757,14.187643,0.07534533277521976,False
GGGAATATCTGCAAGT-1,3615.0,1610,11.037345,0.0580168776371308,False
GGGAATATCTTAATGG-1,2762.0,1410,11.803041,0.0077983458054352115,False
GGGAGTAGTACCCACC-1,2820.0,1415,7.765958,0.06592776609975157,False
GGGAGTAGTACCGTTT-1,2264.0,1417,4.7261486,0.01626867091618305,False
GGGAGTAGTAGGTTGC-1,5669.0,2458,12.841771,0.06592776609975157,False
GGGAGTAGTATGGTGC-1,2737.0,1494,10.303251,0.08674531575294935,False
GGGAGTAGTCCTCCAA-1,3305.0,1566,8.16944,0.030570902394106814,False
GGGAGTAGTTAATGCG-1,3950.0,1889,10.658228,0.10405083399523428,False
GGGAGTAGTTCCAGGG-1,3386.0,1677,12.96515,0.04136742315426601,False
GGGATAATCAGAAACG-1,2995.0,1571,14.991653,0.01803488715876614,False
GGGATAATCAGCAAGA-1,8215.0,3155,11.08947,0.02093531923757942,False
GGGATAATCCAAGTTA-1,5772.0,2695,11.815662,0.2919020715630885,True
GGGATAATCGAGGAAC-1,6923.0,2867,10.862343,0.05658418411489879,False
GGGATAATCGAGGAGT-1,2766.0,1414,11.31598,0.10082730093071354,False
GGGATAATCGCGCTAA-1,4993.0,2061,7.2301226,0.04885375494071145,False
GGGATAATCGGTTTGG-1,4292.0,2126,7.22274,0.04235191384078009,False
GGGATAATCGTTAGTA-1,3815.0,1864,12.42464,0.014620689655172414,False
GGGATTAAGACAAAGT-1,2977.0,1463,14.242525,0.0077983458054352115,False
GGGATTAAGCATGAAG-1,3220.0,1609,10.993789,0.01803488715876614,False
GGGATTAAGCCTCTGT-1,10226.0,3690,7.7840796,0.23147675012774666,True
GGGATTAAGCGCAATT-1,3110.0,1680,6.2379417,0.024185532854776367,False
GGGATTAAGGATCACT-1,2720.0,1439,9.117647,0.09481481481481482,False
GGGATTAAGTATTGGC-1,2025.0,1086,8.3950615,0.03513620213185945,False
GGGATTAAGTCACTAA-1,4827.0,2013,11.311374,0.04040833687792429,False
GGGCAATAGACAAGTG-1,3300.0,1706,9.212121,0.046565237436606725,False
GGGCAATAGTAAGTCC-1,4771.0,2177,12.848459,0.04440125579309313,False
GGGCAATAGTTAGAGG-1,7892.0,2987,14.82514,0.024185532854776367,False
GGGCAATAGTTCCTCA-1,4224.0,2001,7.481061,0.025357827115969796,False
GGGCATGAGTAAGTGG-1,2896.0,1502,9.944751,0.025962195399681167,False
GGGCATGAGTAGCTTA-1,3751.0,1897,10.717142,0.010609632873021219,False
GGGCATTGTAACCACA-1,4085.0,2081,9.620563,0.03680733450182013,False
GGGCATTGTAGGTTTG-1,4111.0,1939,10.435417,0.07332101047443006,False
GGGCATTGTAGTTACG-1,2622.0,1335,12.280702,0.030570902394106814,False
GGGCATTGTATTCGCT-1,3428.0,1595,6.2718787,0.06592776609975157,False
GGGCATTGTCCTAACT-1,2761.0,1522,8.257877,0.014620689655172414,False
GGGCATTGTGCAATAT-1,7657.0,3185,11.192373,0.421792618629174,True
GGGCATTGTGCATTAG-1,2035.0,1156,9.140049,0.051277877258668406,False
GGGCATTGTGCGCGTA-1,2293.0,1287,13.432185,0.014620689655172414,False
GGGCATTGTTTCAGGA-1,2658.0,1390,15.387509,0.04440125579309313,False
GGGCCTAGTAACCACA-1,3876.0,1849,6.21775,0.0385625431928127,False
GGGCCTAGTACCGTAA-1,4657.0,2190,9.168993,0.03128880059597715,False
GGGCCTAGTGTCCAGG-1,6976.0,2777,12.213303,0.12281757977122211,False
GGGCCTAGTTGAGGTC-1,2510.0,1389,12.031873,0.025962195399681167,False
GGGCCTAGTTGCTTCG-1,3857.0,1663,9.385533,0.052544613350958363,False
GGGCCTAGTTTGTGGA-1,3441.0,1669,5.434467,0.10082730093071354,False
GGGCGAATCAGGTCCA-1,2479.0,1376,8.592175,0.05385002516356318,False
GGGCGAATCATGGCCA-1,4389.0,2064,10.845295,0.013455328310010764,False
GGGCGAATCCAGGGAG-1,3379.0,1670,9.884581,0.06102433708681438,False
GGGCGAATCGGCCAGT-1,2917.0,1384,8.844704,0.15345821325648415,False
GGGCGAATCGGCTAGC-1,4368.0,1848,7.326008,0.03680733450182013,False
GGGCGAATCTGTGCAG-1,4117.0,2034,11.44037,0.07963446475195822,False
GGGCTAACAACAGGTG-1,2131.0,1205,6.569686,0.02851033499643621,False
GGGCTAACAACCCTCC-1,5364.0,2140,5.7606263,0.024185532854776367,False
GGGCTAACAACTAGCC-1,3475.0,1795,7.942446,0.07744826114785579,False
GGGCTAACACAGGGAC-1,3737.0,1541,7.974311,0.03767403767403767,False
GGGCTAACACCTAAGC-1,7702.0,2937,8.062841,0.027209302325581396,False
GGGCTAACACCTGCTC-1,4577.0,2020,9.198165,0.01669865642994242,False
GGGCTAACACTAGCGT-1,208.0,153,6.7307696,0.01669865642994242,False
GGGCTAACACTGGCTG-1,3440.0,1756,8.139535,0.02476572958500669,False
GGGCTAACAGAAATGC-1,4547.0,2222,12.579722,0.06592776609975157,False
GGGCTAACAGCAAGTG-1,3138.0,1698,9.05035,0.047693266832917705,False
GGGCTAACAGCATGTC-1,4438.0,1875,6.7147365,0.08931947069943286,False
GGGCTAACAGGACCAA-1,3573.0,1879,4.086202,0.08190899001109879,False
GGGCTAACATTAAGCT-1,12743.0,4071,12.963981,0.11098748261474266,False
GGGTATTTCCATTACT-1,3259.0,1637,5.6152196,0.07137096774193549,False
GGGTATTTCCCATAAA-1,3626.0,1892,3.585218,0.01669865642994242,False
GGGTATTTCCCGCAAA-1,2763.0,1420,5.754615,0.06767794632438741,False
GGGTATTTCCTAATAG-1,3045.0,1546,11.888342,0.006940160394818014,False
GGGTATTTCCTTAGTT-1,2521.0,1328,4.522015,0.10082730093071354,False
GGGTATTTCGATTTAG-1,4981.0,2247,10.4999,0.029868868382710054,False
GGGTATTTCGGCCATA-1,4273.0,2013,8.98666,0.24437299035369767,True
GGGTATTTCTCACTAT-1,7259.0,2878,11.461635,0.04440125579309313,False
GGGTCAACAACTAGAA-1,9522.0,3575,12.329342,0.2919020715630885,True
GGGTCAACAATTAACC-1,3459.0,1774,5.7531075,0.014620689655172414,False
GGGTCAACACATAGCC-1,5402.0,2683,6.9603853,0.021976855292493894,False
GGGTCAACATAGTCAT-1,2528.0,1375,7.476266,0.05004812319538016,False
GGGTCAACATGACTAT-1,4400.0,1913,7.8863635,0.13184713375796173,False
GGGTCACTCCCGTTGT-1,2046.0,1209,4.2521996,0.032023106869270374,False
GGGTCACTCCTAAATG-1,2362.0,1264,15.664691,0.013455328310010764,False
GGGTCACTCGTGCTAG-1,2223.0,1198,8.681961,0.0580168776371308,False
GGGTCACTCGTTAGCG-1,3381.0,1514,14.847678,0.04546832373446498,False
GGGTCACTCTAACTGA-1,4041.0,1905,8.760208,0.03128880059597715,False
GGGTCACTCTTGACCC-1,3138.0,1615,5.895475,0.027209302325581396,False
GGGTGAAGTAGGATCC-1,3302.0,1775,9.509388,0.013079455467568288,False
GGGTGAAGTATTTGCC-1,3652.0,1788,9.58379,0.01993253603189206,False
GGGTGAAGTCGCAAAC-1,7583.0,3217,11.354345,0.33380581148121885,True
GGGTGAAGTCTAACAG-1,3413.0,1615,8.438324,0.039473684210526314,False
GGGTGAAGTGCATCGG-1,2875.0,1542,6.9565215,0.025962195399681167,False
GGGTGAAGTGTGAGGA-1,6323.0,2642,18.013601,0.025962195399681167,False
GGGTGAAGTGTTGTGA-1,8825.0,3460,11.580736,0.38812042310821776,True
GGGTGAAGTTAGGCTA-1,2957.0,1586,5.951978,0.2919020715630885,True
GGGTGAAGTTCGCTCA-1,4085.0,1932,17.086905,0.05658418411489879,False
GGGTGAAGTTGTAAAC-1,3852.0,2021,0.28556594,0.051277877258668406,False
GGGTGAAGTTGTTGCT-1,5027.0,2224,14.521584,0.03680733450182013,False
GGGTGTTGTCAGGAAG-1,2702.0,1274,3.7009623,0.03433029908972692,False
GGGTGTTGTCATTAGG-1,2666.0,1515,10.652663,0.008391273076000958,False
GGGTGTTGTCCCGGAA-1,2647.0,1483,5.931243,0.08190899001109879,False
GGGTGTTGTCCTTCTC-1,4773.0,2244,14.833439,0.04885375494071145,False
GGGTGTTGTGCAACTA-1,2398.0,1349,13.219349,0.0058505850585058505,False
GGGTGTTGTTAATCGG-1,606.0,228,46.039604,0.021451104100946368,False
GGGTGTTGTTCGCTCA-1,3686.0,1874,13.646229,0.052544613350958363,False
GGGTGTTGTTGCATCT-1,2174.0,1198,10.993561,0.024185532854776367,False
GGGTGTTGTTTGACCT-1,3407.0,1840,7.1323743,0.02251286449399657,False
GGGTGTTGTTTGCTGT-1,3681.0,1718,13.583265,0.030570902394106814,False
GGGTTACGTACCGTAA-1,1728.0,1016,12.962963,0.025962195399681167,False
GGGTTACGTCAAGTGC-1,3531.0,1763,5.0127444,0.10743353228431904,False
GGGTTACGTGCATTTC-1,2569.0,1366,9.264305,0.10405083399523428,False
GGGTTACGTGGAAGGC-1,3501.0,1637,7.4835763,0.046565237436606725,False
GGGTTACGTTACAACG-1,5334.0,2226,10.7236595,0.06260387811634349,False
GGGTTACGTTATAGCG-1,3038.0,1537,8.920342,0.06102433708681438,False
GGGTTACGTTGTGACA-1,5366.0,2389,8.628401,0.15345821325648415,False
GGGTTACGTTTCCTCC-1,4794.0,1936,8.364622,0.02785286167587261,False
GGGTTATTCACAGCGC-1,7393.0,3046,8.413364,0.31158455392809603,True
GGGTTATTCCGTAAAC-1,5599.0,2471,12.1986065,0.08190899001109879,False
GGGTTATTCGAAGCGG-1,5630.0,2391,11.509769,0.02093531923757942,False
GGGTTATTCGGTACGC-1,20211.0,5523,12.562466,0.38812042310821776,True
GGGTTATTCGGTCATG-1,3486.0,1720,7.94607,0.06102433708681438,False
GGGTTATTCGTGCCTT-1,6916.0,2968,17.799305,0.38812042310821776,True
GGGTTATTCTTTAGGA-1,3772.0,1813,13.414635,0.014225788801750865,False
GGGTTTCCAAACTGCC-1,2998.0,1594,6.904603,0.023059434881455017,False
GGGTTTCCAAGACTCC-1,6208.0,2767,8.778995,0.2919020715630885,True
GGGTTTCCAGCTTAAT-1,199.0,150,11.055277,0.01669865642994242,False
GGGTTTCCAGTAGGTG-1,6556.0,2626,12.507627,0.01896638233818364,False
GGGTTTCCAGTTTACG-1,5927.0,2467,9.431416,0.10743353228431904,False
GGGTTTGTCAAGGACA-1,4958.0,2228,8.289633,0.07137096774193549,False
GGGTTTGTCACTTCAT-1,3444.0,1777,9.668989,0.04235191384078009,False
GGGTTTGTCCGCAACA-1,3916.0,2151,10.418795,0.04440125579309313,False
GGGTTTGTCTAAATCG-1,3795.0,1913,8.221344,0.01669865642994242,False
GGGTTTGTCTAGCTAA-1,3619.0,1797,13.263332,0.01626867091618305,False
GGGTTTGTCTCATCAT-1,4275.0,1959,7.0643277,0.09775195756504167,False
GGGTTTGTCTCCTCTT-1,5651.0,2370,11.166165,0.08190899001109879,False
GGGTTTGTCTTCAATC-1,6917.0,2813,11.724736,0.04546832373446498,False
GGGTTTGTCTTGAGGT-1,2245.0,1238,8.285078,0.04440125579309313,False
GGTAAACCAAGCTACC-1,3795.0,1883,5.0065875,0.039473684210526314,False
GGTAAACCAATATGGA-1,3951.0,1850,6.757783,0.09481481481481482,False
GGTAAACCACAGCCAT-1,3618.0,1807,7.90492,0.01626867091618305,False
GGTAAACCAGGCCTTG-1,3139.0,1654,7.8050337,0.15345821325648415,False
GGTAACCGTCTTACTA-1,3153.0,1609,9.641611,0.018496420047732696,False
GGTAACCGTTAGGTTG-1,5404.0,2337,20.68838,0.02785286167587261,False
GGTAACCGTTTCCTCC-1,4305.0,2027,4.6457605,0.012709620476610766,False
GGTAACTTCAAACCGT-1,3043.0,1528,8.5442,0.06423741547708492,False
GGTAACTTCCTTAAGA-1,3561.0,1727,13.984835,0.03128880059597715,False
GGTAACTTCTTGGACG-1,5102.0,2323,13.484907,0.046565237436606725,False
GGTAAGGGTACTTCAC-1,2656.0,1339,11.634036,0.01713621841417369,False
GGTAAGGGTCACAAAT-1,7263.0,2910,9.748038,0.3590909090909092,True
GGTAAGGGTCACACCC-1,1995.0,1121,18.947369,0.06102433708681438,False
GGTAAGGGTTACGCAA-1,3495.0,1849,8.125894,0.10082730093071354,False
GGTAAGGGTTAGACCA-1,3468.0,1765,11.649365,0.11472602739726025,False
GGTAAGGGTTGGATAT-1,2360.0,1368,8.135593,0.03433029908972692,False
GGTAATTGTAACGTGC-1,8601.0,3312,11.196373,0.38812042310821776,True
GGTAATTGTAGCCTCC-1,6428.0,2562,6.829496,0.05004812319538016,False
GGTAATTGTTTGTCTA-1,3221.0,1638,12.325365,0.03433029908972692,False
GGTACAAAGCTGGAAA-1,3332.0,1695,14.465787,0.04235191384078009,False
GGTACAAAGCTGGACC-1,4050.0,1991,10.024692,0.05519591141396934,False
GGTACAAAGCTGTAAC-1,3150.0,1543,7.111111,0.06423741547708492,False
GGTACAAAGGCTGGCT-1,2278.0,1287,6.8042145,0.09200676165177493,False
GGTACAAAGTAAGTCC-1,2187.0,1209,9.64792,0.09200676165177493,False
GGTACAAAGTTATCTC-1,3449.0,1611,8.930124,0.18159203980099492,True
GGTACAAAGTTATTCC-1,6695.0,2767,9.335325,0.029182178455626276,False
GGTACCGGTAAGCACC-1,3724.0,1881,6.820623,0.011634922002930278,False
GGTACCGGTACGGTAC-1,9278.0,3648,9.894374,0.27434679334916884,True
GGTACCGGTAGGTTGC-1,3599.0,1661,8.113365,0.014225788801750865,False
GGTACCGGTATGGTGC-1,3384.0,1604,8.599291,0.029868868382710054,False
GGTACCGGTGGGTACT-1,9491.0,3615,15.267095,0.21972656249999997,True
GGTACCGGTTAACAGT-1,4922.0,2210,6.603007,0.03277439024390243,False
GGTACCGGTTGCGGAT-1,2972.0,1473,9.959623,0.04235191384078009,False
GGTACCGGTTTCCGGC-1,3453.0,1719,7.993049,0.01584606677985286,False
GGTACTAGTACCAGGT-1,3075.0,1491,13.07317,0.023616881696916687,False
GGTACTAGTGACATGC-1,4718.0,2233,14.158543,0.06767794632438741,False
GGTACTAGTGAGGTGA-1,3507.0,1805,14.171657,0.01234567901234568,False
GGTACTAGTTTAGCGA-1,5833.0,2524,14.400824,0.06949118986339338,False
GGTACTTAGAAAGCAT-1,13641.0,4136,10.021259,0.03596164091635589,False
GGTACTTAGACAAGTG-1,16387.0,4952,10.618173,0.20897615708274905,True
GGTACTTAGCAAGGTA-1,4796.0,2032,4.1909924,0.06102433708681438,False
GGTACTTAGCGGTTAT-1,3732.0,1725,7.288317,0.05004812319538016,False
GGTACTTAGCTTAGTA-1,4138.0,1693,8.603189,0.04546832373446498,False
GGTACTTAGTCATTAG-1,2929.0,1456,10.310686,0.03354324636936127,False
GGTACTTAGTTAACCA-1,5051.0,2212,16.788755,0.039473684210526314,False
GGTACTTAGTTCCCGT-1,3763.0,1847,9.3542385,0.0385625431928127,False
GGTACTTAGTTGCCTC-1,5566.0,2359,8.336328,0.0385625431928127,False
GGTAGGAGTATTGTGG-1,3201.0,1626,10.746641,0.051277877258668406,False
GGTAGGAGTCTAGCTT-1,2827.0,1495,10.718076,0.01993253603189206,False
GGTAGGAGTGACATGC-1,2979.0,1367,14.065123,0.03128880059597715,False
GGTAGGAGTTAAGTGT-1,6913.0,2797,8.925214,0.07744826114785579,False
GGTAGGAGTTAGCTGA-1,6571.0,2643,15.568407,0.006940160394818014,False
GGTAGGAGTTAGTTGG-1,5132.0,2282,11.652377,0.052544613350958363,False
GGTATGTTCAAACACC-1,3553.0,1849,7.908809,0.0053278081989048395,False
GGTATGTTCACAAGCT-1,2104.0,1104,11.596958,0.03680733450182013,False
GGTATGTTCACAGCGC-1,4073.0,1731,8.42131,0.07534533277521976,False
GGTATGTTCCAAGTTA-1,10967.0,3894,9.391811,0.15345821325648415,False
GGTATGTTCCAATTAG-1,7668.0,3022,10.850287,0.013837388079949352,False
GGTATGTTCCATTACT-1,2843.0,1571,8.336265,0.021976855292493894,False
GGTATGTTCCTAAGGT-1,2430.0,1323,9.547325,0.08931947069943286,False
GGTATGTTCCTCATGC-1,3130.0,1417,26.325878,0.03433029908972692,False
GGTATGTTCGGTTCCT-1,2359.0,1367,7.206444,0.052544613350958363,False
GGTATGTTCGTTAACA-1,2757.0,1506,8.052231,0.047693266832917705,False
GGTATGTTCTGGTCCT-1,5054.0,2306,10.189948,0.02251286449399657,False
GGTATTGGTATTGGAT-1,5136.0,2233,14.485981,0.052544613350958363,False
GGTATTGGTCTATCGT-1,3776.0,1811,7.574152,0.07332101047443006,False
GGTATTGGTGATGAAA-1,2577.0,1493,1.7462167,0.014225788801750865,False
GGTATTGGTGCTGTAA-1,3332.0,1561,9.7539015,0.01713621841417369,False
GGTATTGGTGGGAACA-1,1942.0,1089,10.298661,0.0385625431928127,False
GGTATTGGTGTGAGAG-1,3131.0,1618,7.122325,0.05658418411489879,False
GGTATTGGTTACGCGG-1,2849.0,1381,12.846613,0.14754098360655732,False
GGTATTGGTTGCGCGA-1,4451.0,1935,7.166929,0.015022255192878337,False
GGTATTGGTTTCCTCC-1,4298.0,2075,8.306189,0.02785286167587261,False
GGTATTTCAACTGGGA-1,3563.0,1755,10.384507,0.0594961586564231,False
GGTATTTCAATAGCCC-1,2090.0,1222,9.186604,0.06102433708681438,False
GGTATTTCAATATGGA-1,4083.0,1912,13.250062,0.007222179078978022,False
GGTATTTCACAAAGCG-1,2710.0,1503,11.918819,0.01993253603189206,False
GGTATTTCACAAGCCT-1,2562.0,1445,6.674473,0.07744826114785579,False
GGTATTTCAGACAAAC-1,2339.0,1299,9.234716,0.04040833687792429,False
GGTATTTCAGGCCATT-1,4801.0,2076,15.434284,0.052544613350958363,False
GGTATTTCAGTCTATG-1,5240.0,2275,15.419847,0.030570902394106814,False
GGTATTTCATCTAGCA-1,8893.0,3314,13.6736765,0.02042921997523731,False
GGTATTTCATTAGGCC-1,3629.0,1916,5.9796085,0.05004812319538016,False
GGTCAAGCAAGTGAAC-1,935.0,518,18.609625,0.025962195399681167,False
GGTCAAGCAATCCTGA-1,3996.0,2107,7.4324327,0.04546832373446498,False
GGTCAAGCACATAGCC-1,3579.0,1829,11.791002,0.023059434881455017,False
GGTCAAGCACCTACTT-1,4548.0,2169,8.773087,0.008391273076000958,False
GGTCAAGCAGCTTACA-1,4462.0,2093,8.897355,0.014225788801750865,False
GGTCAAGCATAGCGGA-1,3457.0,1654,11.07897,0.06592776609975157,False
GGTCAAGCATGGCCCA-1,2898.0,1571,7.5569363,0.08931947069943286,False
GGTCAATTCAAAGGCA-1,1309.0,732,20.550037,0.015430655569063874,False
GGTCAATTCAGGCCTA-1,3320.0,1622,10.0,0.06260387811634349,False
GGTCAATTCATTTAGG-1,3560.0,1693,10.280899,0.10743353228431904,False
GGTCAATTCCAATTAG-1,3584.0,1828,6.417411,0.05519591141396934,False
GGTCAATTCTGTAAGC-1,3131.0,1662,9.262217,0.02042921997523731,False
GGTCAGGAGAAACTGG-1,1694.0,1113,4.5454545,0.039473684210526314,False
GGTCAGGAGCGCATTG-1,2579.0,1412,12.214036,0.023616881696916687,False
GGTCATTAGACAAGTG-1,9310.0,3544,11.503759,0.3590909090909092,True
GGTCATTAGGACCAGG-1,3620.0,1793,12.320442,0.012709620476610766,False
GGTCATTAGGCATGTT-1,3451.0,1822,9.388583,0.024185532854776367,False
GGTCATTAGGCGCTTA-1,2569.0,1437,9.381082,0.06423741547708492,False
GGTCATTAGGTGCGGA-1,2858.0,1571,9.727081,0.03433029908972692,False
GGTCATTAGTTCCCGT-1,2919.0,1525,8.016444,0.0594961586564231,False
GGTCATTAGTTCCTGC-1,5774.0,2541,9.560097,0.07137096774193549,False
GGTCCATCAAGCGATG-1,5616.0,2243,8.226496,0.021451104100946368,False
GGTCCATCAATAATCC-1,14337.0,4848,8.969799,0.38812042310821776,True
GGTCCATCAATAGTCT-1,3967.0,1747,13.435845,0.051277877258668406,False
GGTCCATCAATGAATG-1,5425.0,2365,11.24424,0.07332101047443006,False
GGTCCATCATAGCAGG-1,7220.0,3097,9.847646,0.38812042310821776,True
GGTCCATCATCTAGCA-1,3423.0,1614,10.955302,0.047693266832917705,False
GGTCCATCATTGCGTA-1,4037.0,1919,10.478078,0.003370313158264289,False
GGTCCGTAGAACCTGT-1,6654.0,2748,15.960325,0.04235191384078009,False
GGTCCGTAGCAGGCCT-1,2111.0,1083,13.169114,0.0594961586564231,False
GGTCCGTAGCGAGTAA-1,3225.0,1383,19.379845,0.029868868382710054,False
GGTCCGTAGGACCGCT-1,4487.0,1907,5.304212,0.03277439024390243,False
GGTCCGTAGTGAACGA-1,5713.0,2499,8.349379,0.03277439024390243,False
GGTCCTGCAACAACAA-1,3370.0,1775,6.7952523,0.11472602739726025,False
GGTCCTGCAACATAAG-1,3005.0,1488,7.2878532,0.10743353228431904,False
GGTCCTGCACACCAAC-1,6724.0,2851,5.919096,0.07963446475195822,False
GGTCCTGCACCCTCAC-1,9706.0,3501,14.14589,0.03354324636936127,False
GGTCCTGCACCTAATG-1,8312.0,3212,11.092397,0.33380581148121885,True
GGTCCTGCACTAGCGT-1,2608.0,1291,4.754601,0.14198782961460438,False
GGTCGGTTCAAACCGT-1,3541.0,1731,9.178198,0.008694252133311868,False
GGTCGGTTCATGCAAC-1,4313.0,2000,11.337816,0.06592776609975157,False
GGTCGGTTCCGCCTAT-1,4359.0,2126,9.795824,0.0580168776371308,False
GGTCGGTTCGCTAGCA-1,5035.0,2283,13.108243,0.03680733450182013,False
GGTCGGTTCGGGATTT-1,2343.0,1300,7.0849338,0.006387832699619771,False
GGTCGGTTCTATCGCC-1,2910.0,1594,9.175258,0.023616881696916687,False
GGTCTTGAGACACTTA-1,917.0,575,20.719738,0.046565237436606725,False
GGTCTTGAGATACTTG-1,4135.0,2156,7.9322853,0.01584606677985286,False
GGTCTTGAGGCACAGG-1,4669.0,2154,13.750267,0.009313725490196078,False
GGTCTTGAGGTCGAGG-1,5693.0,2442,11.944493,0.04336283185840707,False
GGTCTTGAGGTCGATT-1,4081.0,2177,8.723352,0.02251286449399657,False
GGTCTTGAGTGTGATC-1,5349.0,2379,14.245653,0.05385002516356318,False
GGTCTTGAGTTCCTGC-1,3015.0,1474,9.021559,0.02251286449399657,False
GGTCTTTGTAGACAAA-1,3785.0,1823,14.2932625,0.019445007089325502,False
GGTCTTTGTCCTAGTT-1,3342.0,1666,14.482347,0.021451104100946368,False
GGTCTTTGTGACCTGG-1,3527.0,1840,8.619223,0.006940160394818014,False
GGTCTTTGTGAGGTAG-1,2475.0,1425,5.414141,0.05658418411489879,False
GGTGAGCCAAACAACA-1,3123.0,1577,11.399295,0.039473684210526314,False
GGTGAGCCACATAGCC-1,2699.0,1495,7.0396447,0.04440125579309313,False
GGTGAGCCAGATAGAC-1,8094.0,3310,10.6251545,0.08931947069943286,False
GGTGAGCCAGGGAGCT-1,3365.0,1693,15.39376,0.03277439024390243,False
GGTGAGCCAGGTTATT-1,3386.0,1688,14.116952,0.009951899154088572,False
GGTGAGCCATACCCGG-1,3036.0,1572,15.94203,0.05519591141396934,False
GGTGAGCCATTGTGTG-1,7704.0,1577,7.294912,0.024185532854776367,False
GGTGAGGTCACTTTAC-1,2596.0,1467,11.363637,0.01234567901234568,False
GGTGAGGTCAGCACGC-1,4985.0,2245,10.190572,0.011634922002930278,False
GGTGAGGTCCCTCATA-1,4325.0,2027,10.265896,0.14198782961460438,False
GGTGAGGTCCTAGTCC-1,4647.0,2099,11.168495,0.03680733450182013,False
GGTGAGGTCGCTATGG-1,3359.0,1646,7.2342963,0.029182178455626276,False
GGTGAGGTCGTCATTT-1,3011.0,1515,14.380604,0.005587424569768309,False
GGTGAGGTCGTGCCTT-1,2586.0,1171,14.694509,0.018496420047732696,False
GGTGAGGTCTCCATGC-1,4476.0,2054,9.830206,0.009001703024896602,False
GGTGAGTAGCAAGATG-1,5085.0,2338,14.355948,0.21972656249999997,True
GGTGAGTAGCCGCTTT-1,3933.0,1773,8.517671,0.03596164091635589,False
GGTGAGTAGCGGCTGT-1,2147.0,1145,20.586864,0.04235191384078009,False
GGTGAGTAGGCGTAAA-1,4144.0,2011,17.374517,0.2919020715630885,True
GGTGAGTAGTAGCCAT-1,2468.0,1467,4.4165316,0.047693266832917705,False
GGTGAGTAGTCAGTAC-1,4088.0,1896,17.147749,0.015022255192878337,False
GGTGAGTAGTCCTGAG-1,7843.0,3086,15.8995285,0.09775195756504167,False
GGTGAGTAGTCTTGAA-1,1613.0,956,11.097334,0.025357827115969796,False
GGTGAGTAGTGAGGGT-1,2903.0,1626,7.165002,0.12720519962859794,False
GGTGAGTAGTTTCCTG-1,2751.0,1442,10.178117,0.06949118986339338,False
GGTGATTTCAAGTGAG-1,2046.0,1184,8.944282,0.0580168776371308,False
GGTGATTTCAGCATTA-1,8551.0,3107,18.418898,0.02093531923757942,False
GGTGATTTCCATCAGG-1,5404.0,2518,9.27091,0.06260387811634349,False
GGTGATTTCCCGAAGC-1,2675.0,1333,14.130841,0.06949118986339338,False
GGTGATTTCCCTGTTA-1,2215.0,1230,5.778781,0.13184713375796173,False
GGTGATTTCCGGTATG-1,14599.0,4721,8.527982,0.27434679334916884,True
GGTGATTTCCTTCGTA-1,4273.0,2004,7.6058974,0.014620689655172414,False
GGTGATTTCGAAGCGG-1,2083.0,1167,15.602496,0.013837388079949352,False
GGTGATTTCTTGCTAT-1,5278.0,2367,3.9787798,0.04336283185840707,False
GGTGCTGGTCGACTAA-1,3638.0,1836,7.2842216,0.10743353228431904,False
GGTGCTGGTCTAACAG-1,4286.0,2155,8.049463,0.0029118136439267883,False
GGTGCTGGTGCTGTAA-1,3108.0,1620,7.754183,0.14198782961460438,False
GGTGCTGGTGGATTAT-1,5488.0,2594,7.2886295,0.421792618629174,True
GGTGCTGGTTGCACGG-1,3600.0,1756,8.166666,0.01713621841417369,False
GGTGCTTCACGAATCC-1,3787.0,1847,9.717455,0.04235191384078009,False
GGTGCTTCAGAGGCTA-1,4095.0,2000,13.943834,0.11098748261474266,False
GGTGCTTCAGATAGAC-1,4576.0,2172,7.6486015,0.007222179078978022,False
GGTGCTTCATAAACCT-1,7179.0,3024,10.293913,0.2585915492957747,True
GGTGCTTCATCACTTC-1,5167.0,2250,7.934972,0.01669865642994242,False
GGTGCTTCATGACTAT-1,6666.0,2642,9.30093,0.025357827115969796,False
GGTGCTTCATGTTGGC-1,3700.0,1839,10.351352,0.05004812319538016,False
GGTGCTTCATTATGAC-1,7924.0,3130,12.405351,0.27434679334916884,True
GGTGTCCAGCCAGTAT-1,6144.0,2722,9.147135,0.3590909090909092,True
GGTGTCCAGCCATCAG-1,5255.0,2279,12.46432,0.052544613350958363,False
GGTGTCCAGCGTGCGT-1,1143.0,732,15.6605425,0.015022255192878337,False
GGTGTCCAGGAACCGG-1,3321.0,1622,15.718158,0.013079455467568288,False
GGTGTCCAGGCCATCA-1,6193.0,2636,13.45067,0.039473684210526314,False
GGTGTCCAGTGTTGTA-1,5498.0,2421,10.913059,0.07744826114785579,False
GGTGTCCAGTTGCCTC-1,2768.0,1409,11.705203,0.06592776609975157,False
GGTGTGACAAATACCT-1,3017.0,1457,13.72224,0.014620689655172414,False
GGTGTGACAATTAACC-1,1720.0,966,12.0348835,0.03354324636936127,False
GGTGTGACACGTAAGG-1,2724.0,1426,11.19677,0.03680733450182013,False
GGTGTGACAGCCTAAC-1,6084.0,2607,15.2859955,0.021451104100946368,False
GGTGTGACAGCTAACC-1,2720.0,1545,7.720588,0.0594961586564231,False
GGTGTGACAGTCTAGC-1,3124.0,1631,13.8604355,0.0580168776371308,False
GGTGTTGTCAAATCGC-1,1997.0,1239,9.414122,0.03433029908972692,False
GGTGTTGTCAAGCGCC-1,3770.0,1833,9.575597,0.11098748261474266,False
GGTGTTGTCCTTAAGA-1,3184.0,1471,5.1507535,0.11098748261474266,False
GGTGTTGTCGCAATCG-1,2881.0,1462,8.052759,0.03596164091635589,False
GGTTAATGTAACTACG-1,8382.0,3229,7.4564548,0.0053278081989048395,False
GGTTAATGTAAGCTCA-1,3465.0,1626,16.536797,0.10082730093071354,False
GGTTAATGTAAGGTCC-1,5315.0,2439,9.915334,0.08190899001109879,False
GGTTAATGTCCTAGTT-1,4818.0,2140,14.321295,0.02042921997523731,False
GGTTAATGTGCTTTAC-1,12345.0,3958,11.024706,0.039473684210526314,False
GGTTAATGTTAGCCAA-1,2656.0,1418,9.864458,0.09481481481481482,False
GGTTAATGTTCACCCA-1,7936.0,3303,9.866431,0.27434679334916884,True
GGTTAATGTTGTAAAC-1,2152.0,1299,4.414498,0.08190899001109879,False
GGTTACCCAAATTCGT-1,2997.0,1730,6.8401732,0.006940160394818014,False
GGTTACCCAAGTTATC-1,9285.0,3354,10.350027,0.02851033499643621,False
GGTTACCCAGTTATGT-1,3637.0,1910,5.581523,0.05004812319538016,False
GGTTACCCATAGCTGC-1,3440.0,1814,10.436047,0.008694252133311868,False
GGTTACTAGAAAGGAA-1,3495.0,1581,10.872676,0.0594961586564231,False
GGTTACTAGACAGGTA-1,3490.0,1730,7.7077365,0.15977653631284908,False
GGTTACTAGACTCGCA-1,2484.0,1389,8.856683,0.08427729950158584,False
GGTTACTAGCAAGATG-1,3697.0,1757,8.628618,0.08674531575294935,False
GGTTACTAGCACTAGT-1,3027.0,1605,11.661712,0.030570902394106814,False
GGTTACTAGCCACAAT-1,2720.0,1443,10.220588,0.08674531575294935,False
GGTTACTAGGAAGCTA-1,3435.0,1627,14.4104805,0.05658418411489879,False
GGTTACTAGGACCGCT-1,9411.0,3440,11.645946,0.09481481481481482,False
GGTTACTAGGATTTGC-1,10904.0,3692,11.775496,0.023616881696916687,False
GGTTACTAGGCGGGTA-1,4587.0,2176,8.894703,0.014225788801750865,False
GGTTACTAGTAACCCG-1,4670.0,1965,5.952891,0.08931947069943286,False
GGTTACTAGTAAGGGC-1,5057.0,2086,6.1894407,0.05519591141396934,False
GGTTACTAGTCCTTCA-1,3524.0,1759,4.710556,0.04440125579309313,False
GGTTAGCGTAATGGAA-1,3678.0,1809,5.4649267,0.02093531923757942,False
GGTTAGCGTGACCTGG-1,1746.0,1026,4.238259,0.029182178455626276,False
GGTTAGCGTGCAATGC-1,4332.0,2016,13.273315,0.030570902394106814,False
GGTTAGCGTGCTTAGA-1,2165.0,1109,6.374134,0.05658418411489879,False
GGTTAGCGTGGACATC-1,4954.0,2249,6.015341,0.05658418411489879,False
GGTTAGCGTGGGAACA-1,3023.0,1704,4.4326825,0.006117362736953402,False
GGTTATATCAAGCCTG-1,2452.0,1294,9.66558,0.09775195756504167,False
GGTTATATCATGGTGT-1,6777.0,2905,11.007821,0.05004812319538016,False
GGTTATATCCACCTGT-1,8880.0,3402,10.461712,0.2919020715630885,True
GGTTATATCGCAACAT-1,5350.0,2408,15.308412,0.03433029908972692,False
GGTTATATCGTGCTTC-1,5769.0,2187,4.7495236,0.10743353228431904,False
GGTTATGGTACAATGT-1,3556.0,1840,10.011249,0.03354324636936127,False
GGTTATGGTCATTAGG-1,2715.0,1357,9.871086,0.08674531575294935,False
GGTTATGGTGACCTGG-1,6405.0,2737,13.786104,0.0385625431928127,False
GGTTATGGTTAGCCAA-1,3797.0,1816,15.090862,0.032023106869270374,False
GGTTATGGTTAGGACC-1,3115.0,1628,13.99679,0.03767403767403767,False
GGTTATGGTTGGTTGA-1,2453.0,1336,9.376274,0.07137096774193549,False
GGTTATGGTTTAAAGC-1,5102.0,2330,8.584869,0.021976855292493894,False
GGTTCCCGTAACGTGC-1,5750.0,2606,8.347826,0.023616881696916687,False
GGTTCCCGTACGCGCA-1,3956.0,1949,6.066734,0.03354324636936127,False
GGTTCCCGTACGGGTT-1,5319.0,2219,9.306261,0.010946117946542214,False
GGTTCCCGTCAGGCAT-1,11084.0,4000,10.149766,0.24437299035369767,True
GGTTCCCGTTCAAGCA-1,2347.0,1361,8.393694,0.011634922002930278,False
GGTTCCCGTTCACCAT-1,3876.0,1760,16.20227,0.06102433708681438,False
GGTTCTTGTCCTTAGT-1,6466.0,2727,7.825549,0.008391273076000958,False
GGTTCTTGTCGACTCC-1,9647.0,3434,8.945786,0.00666207213416035,False
GGTTCTTGTGCTTACT-1,5418.0,2487,9.856035,0.06102433708681438,False
GGTTCTTGTGTCACGG-1,3982.0,1575,8.990457,0.023616881696916687,False
GGTTCTTGTGTCCTGC-1,3678.0,1721,10.413268,0.03767403767403767,False
GGTTCTTGTTACAACG-1,6639.0,2816,13.902696,0.06102433708681438,False
GGTTCTTGTTTAACCC-1,3905.0,1897,6.197183,0.025357827115969796,False
GGTTGACGTACTGATG-1,4202.0,1990,14.255116,0.006940160394818014,False
GGTTGACGTACTTAGG-1,4892.0,2182,13.982012,0.047693266832917705,False
GGTTGACGTATGTGGC-1,3677.0,1824,10.28012,0.03128880059597715,False
GGTTGACGTCCTTTAA-1,1061.0,770,1.5080113,0.07534533277521976,False
GGTTGACGTGCTTAGA-1,3485.0,1633,9.124821,0.17379145025968837,False
GGTTGACGTGTCCAAA-1,1926.0,991,13.136034,0.05004812319538016,False
GGTTGACGTTCACCCA-1,3896.0,1612,14.271048,0.014225788801750865,False
GGTTGAGCAATTAGGA-1,2838.0,1493,5.637773,0.08931947069943286,False
GGTTGAGCAGCACGAA-1,2054.0,1084,9.5423565,0.039473684210526314,False
GGTTGAGCAGTAAGTA-1,3170.0,1714,9.652997,0.08674531575294935,False
GGTTGAGCATTGCAGC-1,4318.0,1894,8.661418,0.06592776609975157,False
GGTTGCATCCAACTGG-1,4507.0,2068,12.979809,0.09775195756504167,False
GGTTGCATCCTGGCTT-1,1577.0,828,27.14014,0.03433029908972692,False
GGTTGCATCCTTAGGG-1,4279.0,2071,9.067539,0.05004812319538016,False
GGTTGCATCGCGCTAA-1,4209.0,1939,15.965788,0.02042921997523731,False
GGTTGCATCGTTTCTG-1,882.0,454,24.14966,0.02042921997523731,False
GGTTGCATCTCAATTC-1,3589.0,1783,5.4054055,0.13184713375796173,False
GGTTGCGGTAAACAAG-1,7436.0,3032,14.954276,0.09775195756504167,False
GGTTGCGGTCACACCC-1,6132.0,2484,12.247228,0.09775195756504167,False
GGTTGCGGTCATTAGG-1,3914.0,1758,4.44558,0.06102433708681438,False
GGTTGCGGTCGTTATC-1,2762.0,1451,7.385952,0.021451104100946368,False
GGTTGCGGTGCGCAAT-1,6904.0,2900,16.671495,0.0580168776371308,False
GGTTGCGGTGGGTACT-1,3269.0,1548,13.888039,0.021976855292493894,False
GGTTGCGGTTAACAGT-1,3605.0,1876,4.937587,0.04546832373446498,False
GGTTGCGGTTAGCATG-1,1614.0,886,15.799257,0.02785286167587261,False
GGTTGCGGTTCACCAT-1,8597.0,3127,15.261137,0.02785286167587261,False
GGTTGCGGTTTGCAGA-1,5597.0,2468,15.133106,0.051277877258668406,False
GGTTGCTCAACCCTAA-1,3915.0,1736,10.242657,0.07744826114785579,False
GGTTGCTCAACTAACT-1,2009.0,1101,15.380786,0.01758155889822231,False
GGTTGCTCAAGCCACT-1,2534.0,1448,5.2091556,0.015430655569063874,False
GGTTGCTCAAGGTGCA-1,3146.0,1638,6.897648,0.0594961586564231,False
GGTTGCTCACTCGCTC-1,3124.0,1542,11.8758,0.02251286449399657,False
GGTTGCTCACTTCATC-1,314.0,170,32.484074,0.03596164091635589,False
GGTTGCTCAGTAGGTG-1,6455.0,2707,9.930286,0.03513620213185945,False
GGTTGCTCATAGCTGC-1,3097.0,1355,5.3277364,0.03128880059597715,False
GGTTGCTCATGAGTTT-1,6960.0,2777,10.33046,0.013837388079949352,False
GGTTGGTGTAATAACC-1,3508.0,1629,11.944128,0.047693266832917705,False
GGTTGGTGTAATCGCA-1,2351.0,1288,8.932369,0.013837388079949352,False
GGTTGGTGTAGGTTTG-1,4990.0,2213,13.867736,0.09481481481481482,False
GGTTGGTGTCCGTAGG-1,3348.0,1704,8.482676,0.08674531575294935,False
GGTTGGTGTCCTAAGA-1,3855.0,1754,8.119326,0.15345821325648415,False
GGTTGGTGTGGGAACA-1,3140.0,1660,7.0700636,0.11472602739726025,False
GGTTGGTGTTCAAGCA-1,1211.0,774,14.863749,0.03767403767403767,False
GGTTGGTGTTGTAACG-1,4884.0,2256,13.677314,0.24437299035369767,True
GGTTGGTGTTTAACGG-1,2713.0,1441,9.583487,0.08427729950158584,False
GGTTTAATCACATTGA-1,2116.0,1210,8.081285,0.023059434881455017,False
GGTTTAATCACTAATG-1,4658.0,2072,12.086733,0.04546832373446498,False
GGTTTAATCAGTTCCC-1,3130.0,1598,5.0159745,0.11098748261474266,False
GGTTTAATCATGCGTG-1,2240.0,1252,13.660714,0.23147675012774666,True
GGTTTAATCGGCTAGC-1,3181.0,1668,9.776799,0.009630422256975885,False
GGTTTAATCGTCAAGT-1,3177.0,1509,13.943972,0.008694252133311868,False
GGTTTAATCTCACTAT-1,3951.0,1933,12.401923,0.027209302325581396,False
GGTTTAATCTGTGCCT-1,4630.0,2162,6.1987042,0.047693266832917705,False
GGTTTCCTCATGCATA-1,3465.0,1939,1.6450217,0.018496420047732696,False
GGTTTCCTCCAGGTCA-1,7560.0,3053,13.8359785,0.08931947069943286,False
GGTTTCCTCCGGGACT-1,5350.0,2423,12.82243,0.06592776609975157,False
GGTTTCCTCCTACCTA-1,2258.0,1307,6.6430473,0.0385625431928127,False
GGTTTCCTCCTTGCGT-1,3722.0,1971,4.54057,0.047693266832917705,False
GGTTTCCTCGTGCTTC-1,4496.0,1903,9.052491,0.032023106869270374,False
GGTTTCCTCGTTACAA-1,6806.0,2768,9.697326,0.01896638233818364,False
GGTTTCCTCTGTAATG-1,5510.0,2148,7.3865695,0.03277439024390243,False
GGTTTCTGTAGGTTGC-1,4827.0,2155,17.588564,0.023616881696916687,False
GGTTTCTGTCTTGCAT-1,7617.0,3015,9.1637125,0.07963446475195822,False
GGTTTCTGTGAGACTC-1,5739.0,2329,6.2728696,0.27434679334916884,True
GGTTTCTGTGCAACTA-1,5066.0,2245,10.994868,0.04235191384078009,False
GGTTTCTGTGCTCCAC-1,5014.0,2074,5.5843635,0.03596164091635589,False
GGTTTCTGTGGTGAGA-1,3303.0,1660,11.625795,0.08427729950158584,False
GGTTTCTGTTCCATTA-1,6482.0,2718,9.148411,0.010278265229380797,False
GGTTTCTGTTTACGTC-1,3990.0,1793,5.964912,0.05658418411489879,False
GGTTTGTAGGGCTAAA-1,4534.0,2185,7.697397,0.08427729950158584,False
GGTTTGTAGGTCCTAG-1,2578.0,972,17.765709,0.01626867091618305,False
GGTTTGTAGTCCTTCA-1,4316.0,1871,10.518999,0.03433029908972692,False
GGTTTGTAGTGGCGGA-1,6453.0,2737,18.93693,0.31158455392809603,True
GGTTTGTAGTTATGGC-1,8676.0,3569,8.114339,0.27434679334916884,True
GGTTTGTAGTTGTCTT-1,1757.0,1055,9.049516,0.11866393202461177,False
GTAAAGCCAAAGCGCA-1,3911.0,1821,11.838405,0.023059434881455017,False
GTAAAGCCAATCTCTC-1,2227.0,1262,7.633588,0.04235191384078009,False
GTAAAGCCACCACAAC-1,4969.0,2520,7.486416,0.02251286449399657,False
GTAAAGCCAGCCGCTA-1,4141.0,1945,14.682444,0.03354324636936127,False
GTAAAGCCAGTGAACG-1,2082.0,1173,12.199808,0.00481892523364486,False
GTAAAGCCAGTTAGCC-1,4128.0,1785,6.153101,0.025962195399681167,False
GTAAAGCCATCCTGAA-1,2966.0,1597,9.372893,0.04546832373446498,False
GTAAAGCCATTAAGCT-1,5262.0,2332,11.611555,0.06102433708681438,False
GTAAGCAAGAGAGGAG-1,4052.0,1985,10.167818,0.029868868382710054,False
GTAAGCAAGGACCTGC-1,2366.0,1267,8.030431,0.03277439024390243,False
GTAAGCAAGTAACTCA-1,6723.0,2795,14.071099,0.03767403767403767,False
GTAAGCAAGTGTTGTA-1,2710.0,1322,8.782288,0.06260387811634349,False
GTAAGCGCAAGTGTTT-1,4553.0,2032,15.681969,0.015022255192878337,False
GTAAGCGCACCTATAG-1,2729.0,1407,17.662148,0.03767403767403767,False
GTAAGCGCACTTAACG-1,4528.0,2099,11.130742,0.051277877258668406,False
GTAAGCGCAGGACACA-1,3361.0,1803,15.620351,0.01234567901234568,False
GTAAGCGCATAAGCAA-1,5387.0,2429,10.525339,0.05658418411489879,False
GTAAGCTTCAATTACG-1,4682.0,2128,9.9530115,0.0580168776371308,False
GTAAGCTTCACCATTT-1,10110.0,3691,10.336301,0.24437299035369767,True
GTAAGCTTCACGCCAA-1,2389.0,1277,10.213479,0.08427729950158584,False
GTAAGCTTCAGGCCTA-1,10205.0,3599,8.515434,0.013079455467568288,False
GTAAGCTTCCTAGTTT-1,2764.0,1420,7.8509407,0.06423741547708492,False
GTAAGCTTCCTTAGTT-1,2599.0,1459,6.6948824,0.04885375494071145,False
GTAAGCTTCCTTGTTG-1,4115.0,1972,9.793439,0.07744826114785579,False
GTAAGCTTCTGTAATG-1,3851.0,1876,10.179174,0.039473684210526314,False
GTAAGGTCAATGCGCT-1,2893.0,1475,11.026616,0.01896638233818364,False
GTAAGGTCAGGCAAGC-1,5202.0,2251,13.417916,0.20897615708274905,True
GTAAGGTCATAAAGCA-1,3794.0,1756,11.623616,0.03680733450182013,False
GTAAGGTCATCGCTTT-1,11544.0,4014,10.507623,0.2585915492957747,True
GTAAGGTCATGCTATG-1,7856.0,3149,10.959776,0.039473684210526314,False
GTAATAGCAATAACGA-1,2465.0,1355,9.290061,0.0058505850585058505,False
GTAATAGCACCTGGTG-1,5286.0,2247,11.729095,0.07963446475195822,False
GTAATAGCAGCTTAGC-1,3160.0,1588,19.20886,0.025962195399681167,False
GTAATAGCAGGATGGC-1,4134.0,1730,21.456217,0.039473684210526314,False
GTAATAGCAGGCTACT-1,2259.0,1209,10.62417,0.04136742315426601,False
GTAATAGCAGGTTATT-1,5595.0,2394,15.853441,0.07332101047443006,False
GTAATAGCATGATTGT-1,5320.0,2388,10.657894,0.04040833687792429,False
GTAATAGCATTGTGCA-1,6715.0,2831,12.375279,0.01993253603189206,False
GTACAATGTATTTGCC-1,13431.0,4290,8.115554,0.12281757977122211,False
GTACAATGTCCGCTGT-1,2578.0,1425,3.0643911,0.14754098360655732,False
GTACAATGTGCTGTAA-1,3600.0,1762,7.2777777,0.023059434881455017,False
GTACAATGTGGAAACG-1,5004.0,2106,9.8521185,0.01803488715876614,False
GTACAATGTTAGTACG-1,2787.0,1437,8.432006,0.1665381649961449,False
GTACAATGTTTAGTCC-1,5751.0,2392,0.46948358,0.01993253603189206,False
GTACACCCAAACCTTG-1,3913.0,1913,8.893433,0.024185532854776367,False
GTACACCCAAGTCGCT-1,2973.0,1513,9.7544565,0.010609632873021219,False
GTACACCCACCGTTCC-1,3578.0,1816,9.754053,0.07137096774193549,False
GTACACCCAGGATGGC-1,3018.0,1609,7.8860173,0.04885375494071145,False
GTACACCCAGTAAGTA-1,3157.0,1624,7.317073,0.06592776609975157,False
GTACCGGGTACCTTAC-1,9155.0,3270,7.9956307,0.02785286167587261,False
GTACCGGGTATACTGG-1,4092.0,2001,8.602151,0.023616881696916687,False
GTACCGGGTCAATACG-1,2638.0,1473,8.756634,0.06260387811634349,False
GTACCGGGTCGTTATC-1,8732.0,3353,9.883188,0.23147675012774666,True
GTACCGGGTGACATAT-1,3312.0,1663,9.541063,0.01758155889822231,False
GTACCGGGTTCACCCA-1,2446.0,1357,11.692559,0.00666207213416035,False
GTACCTTGTAACCACA-1,4754.0,2086,6.142196,0.11866393202461177,False
GTACCTTGTACCTTAC-1,3159.0,1495,7.9138966,0.05385002516356318,False
GTACCTTGTAGACAAA-1,3269.0,1642,7.066381,0.03767403767403767,False
GTACCTTGTATGGTGC-1,4090.0,1948,10.12225,0.009001703024896602,False
GTACCTTGTCCACAAA-1,3343.0,1685,6.7005687,0.051277877258668406,False
GTACCTTGTGTGCACG-1,3037.0,1475,11.096477,0.07534533277521976,False
GTACCTTGTTAGGCTA-1,4747.0,2027,8.742364,0.08190899001109879,False
GTACCTTGTTTGAGCA-1,2858.0,1605,7.417775,0.01626867091618305,False
GTACGTAGTAACCAGC-1,3519.0,1626,12.901393,0.004080463884315269,False
GTACGTAGTACCGTAA-1,6047.0,2506,12.650901,0.02251286449399657,False
GTACGTAGTAGTAAGA-1,4002.0,1817,14.167917,0.02851033499643621,False
GTACGTAGTCTTACTA-1,3132.0,1540,8.237548,0.08427729950158584,False
GTACGTAGTGCATCGG-1,19218.0,3590,5.219065,0.12281757977122211,False
GTACGTAGTGTCCAGG-1,3428.0,1739,13.768962,0.04546832373446498,False
GTACGTAGTTAGTGAT-1,1237.0,700,24.97979,0.2919020715630885,True
GTACGTAGTTCATTTG-1,5343.0,2346,11.416807,0.07744826114785579,False
GTACTAATCACGTTAA-1,4031.0,1926,8.211362,0.04235191384078009,False
GTACTAATCACTAGGT-1,3802.0,1752,7.70647,0.03680733450182013,False
GTACTAATCAGGATGA-1,3086.0,1557,15.845755,0.006387832699619771,False
GTACTAATCTAATTGG-1,3569.0,1484,6.388344,0.04546832373446498,False
GTACTAGGTGGTGAGA-1,2965.0,1439,23.17032,0.05385002516356318,False
GTACTAGGTTGCATCT-1,2743.0,1443,6.7444406,0.07744826114785579,False
GTACTGGTCAAGCGCC-1,2638.0,1450,7.012889,0.09775195756504167,False
GTACTGGTCAATCATG-1,3358.0,1748,7.3257895,0.013079455467568288,False
GTACTGGTCCCGCCTA-1,5162.0,2149,6.3734984,0.06423741547708492,False
GTACTGGTCGCATTAA-1,3314.0,1641,6.095353,0.12281757977122211,False
GTACTGGTCTAGCTAA-1,3301.0,1674,15.480158,0.025357827115969796,False
GTACTGGTCTTAAGTG-1,3169.0,1654,13.221836,0.02251286449399657,False
GTACTTAAGAGGGACT-1,4641.0,2126,12.798966,0.08674531575294935,False
GTACTTAAGCTAAGTC-1,4821.0,2251,12.860402,0.03354324636936127,False
GTACTTAAGTGAGGGT-1,2300.0,1343,7.0869565,0.0077983458054352115,False
GTACTTCGTAGCCATA-1,4257.0,2135,6.7418365,0.046565237436606725,False
GTACTTCGTCATGCCC-1,2895.0,1563,9.913644,0.014620689655172414,False
GTACTTCGTCATTAGG-1,5169.0,2568,6.4422517,0.023059434881455017,False
GTACTTCGTCGTAAAT-1,4022.0,1947,3.9283938,0.04546832373446498,False
GTACTTCGTGGATTAT-1,3587.0,1803,5.185392,0.06592776609975157,False
GTACTTCGTTGCAATG-1,6109.0,2770,11.965952,0.025962195399681167,False
GTACTTCGTTTAAAGC-1,11438.0,4240,12.79944,0.12720519962859794,False
GTAGCCATCGGCCATA-1,3610.0,1758,10.36011,0.05004812319538016,False
GTAGCCATCGTCCTTA-1,4068.0,1913,11.578171,0.052544613350958363,False
GTAGCCATCTTACTCG-1,7302.0,2736,8.778418,0.01803488715876614,False
GTAGCCATCTTTAAGG-1,5348.0,2280,15.6881075,0.015430655569063874,False
GTAGCGCTCAAATCGC-1,583.0,207,50.25729,0.025357827115969796,False
GTAGCGCTCACAGGAA-1,3497.0,1695,11.609951,0.06423741547708492,False
GTAGCGCTCGAAGTGA-1,4990.0,2520,7.47495,0.2919020715630885,True
GTAGCGCTCGCTAGAT-1,3321.0,1616,15.085818,0.01626867091618305,False
GTAGCGCTCGTTAACA-1,6792.0,2788,15.547703,0.03767403767403767,False
GTAGCTGTCACGTTAA-1,2359.0,1345,8.690124,0.09481481481481482,False
GTAGCTGTCAGGCCTA-1,5569.0,2586,10.307057,0.009001703024896602,False
GTAGCTGTCCGGCTAA-1,3460.0,1747,7.890173,0.021976855292493894,False
GTAGCTGTCGGCTATG-1,4092.0,1916,12.903225,0.03433029908972692,False
GTAGCTGTCGTGCTTC-1,2510.0,1387,12.868526,0.08674531575294935,False
GTAGGAGGTCAAGTAT-1,2706.0,1436,4.0280857,0.11098748261474266,False
GTAGGAGGTGGAAGGC-1,3469.0,1643,15.105218,0.04040833687792429,False
GTAGGAGGTTCATCTA-1,3513.0,1772,9.73527,0.11098748261474266,False
GTAGGAGGTTTGCTGT-1,4852.0,2077,8.017313,0.04235191384078009,False
GTAGGAGGTTTGTGGA-1,3265.0,1772,6.860643,0.01896638233818364,False
GTAGGATCAACTAACT-1,1311.0,860,12.280702,0.021976855292493894,False
GTAGGATCACAAAGGT-1,5167.0,2332,10.315464,0.05004812319538016,False
GTAGGATCACAGGAAT-1,2648.0,1385,13.783988,0.01584606677985286,False
GTAGGATCACCTACGG-1,2741.0,1436,8.974827,0.07963446475195822,False
GTAGGATCACTAGGTC-1,7177.0,2919,16.037342,0.021451104100946368,False
GTAGGATCAGCCTTGG-1,3956.0,1903,12.007078,0.03767403767403767,False
GTAGGATCAGCTAACC-1,8563.0,3064,12.55401,0.04440125579309313,False
GTAGGATCAGGAATCG-1,3888.0,1983,13.040124,0.06592776609975157,False
GTAGGCGAGAGAAGGG-1,2890.0,1543,8.408304,0.04440125579309313,False
GTAGGCGAGAGGAAGG-1,2869.0,1569,6.6573715,0.07744826114785579,False
GTAGGCGAGGTGAAAT-1,2628.0,1432,10.692542,0.08931947069943286,False
GTAGGTGCAACACCTA-1,5195.0,2536,10.182868,0.032023106869270374,False
GTAGGTGCAACGTGCT-1,2732.0,1433,13.323572,0.01993253603189206,False
GTAGGTGCAACTGGGA-1,6264.0,2623,10.600255,0.02657921988263721,False
GTAGGTGCAAGCCACT-1,5236.0,2369,14.782277,0.06102433708681438,False
GTAGGTGCACGCAACT-1,5267.0,2434,7.3096642,0.02042921997523731,False
GTAGGTGCATAAGCAA-1,5393.0,2119,3.6528833,0.04336283185840707,False
GTAGGTGCATAATCCG-1,3290.0,1732,11.732523,0.0385625431928127,False
GTAGGTGCATATAACC-1,2582.0,1363,10.45701,0.07332101047443006,False
GTAGTTATCAATAGCC-1,3001.0,1539,15.894702,0.005587424569768309,False
GTAGTTATCACCGGTA-1,3763.0,1899,6.0855703,0.01128783991790662,False
GTAGTTATCGCTAAAC-1,3089.0,1633,4.2732277,0.03680733450182013,False
GTAGTTATCTGCAAAC-1,9549.0,3612,13.373128,0.23147675012774666,True
GTAGTTTCAAACTCAT-1,10321.0,3845,12.547234,0.2919020715630885,True
GTAGTTTCAATTAGCT-1,6100.0,2738,7.95082,0.029868868382710054,False
GTAGTTTCAGCCGCTA-1,3806.0,1732,7.593274,0.09200676165177493,False
GTAGTTTCAGGAACAT-1,5536.0,2531,10.513006,0.08427729950158584,False
GTAGTTTCAGTTTGGC-1,1637.0,747,21.380573,0.019445007089325502,False
GTAGTTTCATAGGCGA-1,5320.0,2487,7.1240606,0.2585915492957747,True
GTATCGCCAAGTGTTT-1,2710.0,1482,3.98524,0.0385625431928127,False
GTATCGCCAATAGCCC-1,3519.0,1679,11.281614,0.06592776609975157,False
GTATCGCCACAATGTT-1,3209.0,1615,6.793394,0.13184713375796173,False
GTATCGCCATAAAGCA-1,7789.0,2895,10.553345,0.025357827115969796,False
GTATCGCCATGCAACC-1,2780.0,1489,10.827338,0.14754098360655732,False
GTATGTGGTCAATGTG-1,4285.0,2018,10.4084015,0.06949118986339338,False
GTATGTGGTCATAACG-1,7786.0,2710,8.669407,0.008694252133311868,False
GTATGTGGTCCCGAAG-1,3073.0,1546,7.875041,0.06767794632438741,False
GTATGTGGTGGCTTCC-1,3533.0,1819,10.86895,0.014620689655172414,False
GTATGTGGTTAGCAGC-1,4583.0,1874,6.1749945,0.04235191384078009,False
GTATGTTCAAGGGTTG-1,3777.0,1627,8.842998,0.051277877258668406,False
GTATGTTCAATCCTAG-1,2527.0,1376,9.972299,0.005587424569768309,False
GTATGTTCACCAACCG-1,3179.0,1565,13.746461,0.03680733450182013,False
GTATGTTCAGAGGGAG-1,3277.0,1666,9.642966,0.12281757977122211,False
GTATGTTCAGGTTATT-1,4250.0,2005,7.035294,0.05519591141396934,False
GTATGTTCATGTTGCA-1,950.0,726,0.2105263,0.04336283185840707,False
GTATGTTCATTAGGTT-1,4670.0,1984,5.053533,0.05519591141396934,False
GTATTCAAGCCTGGTA-1,2125.0,1189,7.7176476,0.0385625431928127,False
GTATTCAAGGAAGTAT-1,3744.0,1894,7.3450856,0.02851033499643621,False
GTATTCAAGTTATCCT-1,3358.0,1779,9.261465,0.04235191384078009,False
GTATTGATCAAGCTAC-1,2970.0,1648,5.555556,0.09200676165177493,False
GTATTGATCACGTTAA-1,3972.0,1857,6.3192344,0.08931947069943286,False
GTATTGATCCAGGAAA-1,2469.0,1303,8.5864725,0.046565237436606725,False
GTATTGATCCCATAAA-1,8039.0,2942,12.713024,0.009001703024896602,False
GTATTGATCGATTATG-1,3982.0,2007,6.956303,0.014225788801750865,False
GTATTGATCTATGACA-1,3679.0,1787,5.7896166,0.01758155889822231,False
GTATTGATCTCAATTC-1,2132.0,1234,8.0206375,0.07534533277521976,False
GTATTGCAGCAAGGAC-1,2854.0,1521,9.004905,0.01713621841417369,False
GTATTGCAGCACTAGT-1,3046.0,1589,8.8969145,0.19910313901345295,True
GTATTGCAGCCTTAAA-1,3903.0,1787,9.838586,0.04885375494071145,False
GTATTGCAGCGCTAAT-1,7351.0,2907,9.862604,0.09775195756504167,False
GTATTGCAGTAGGATG-1,4083.0,1975,12.172422,0.051277877258668406,False
GTATTGCAGTGAGCGG-1,2133.0,1050,14.299109,0.01993253603189206,False
GTATTGCAGTTATCCT-1,3374.0,1856,4.0604625,0.04040833687792429,False
GTATTGTCACTGGCCA-1,4239.0,1849,7.4545884,0.10082730093071354,False
GTATTGTCAGGCTTCG-1,551.0,162,62.068962,0.021451104100946368,False
GTATTGTCATAAGGAC-1,2399.0,1414,7.836599,0.06102433708681438,False
GTATTGTCATACCCGG-1,3689.0,1788,10.544864,0.04040833687792429,False
GTATTGTCATGGTTAT-1,4122.0,1730,7.0111594,0.04440125579309313,False
GTCAAACTCACTAATG-1,3813.0,1968,5.323892,0.10405083399523428,False
GTCAAACTCACTTCAT-1,4072.0,1844,9.454814,0.10405083399523428,False
GTCAAACTCATCCTCA-1,11021.0,3795,11.269395,0.10405083399523428,False
GTCAAACTCCCTCAAC-1,9360.0,3485,18.995726,0.31158455392809603,True
GTCAAACTCCTAAGGT-1,4371.0,1903,10.340883,0.06592776609975157,False
GTCAAACTCGACAAAG-1,3165.0,1708,9.2575035,0.018496420047732696,False
GTCAAACTCGCTATGG-1,3379.0,1679,12.459307,0.04235191384078009,False
GTCAATATCACAGACT-1,6464.0,2617,15.006187,0.011987491313412093,False
GTCAATATCACAGGAA-1,3288.0,1656,9.641119,0.02042921997523731,False
GTCAATATCATCACTT-1,3346.0,1668,8.637178,0.047693266832917705,False
GTCAATATCATGCAAC-1,2447.0,1281,8.418471,0.07744826114785579,False
GTCAATATCATTTGTC-1,2102.0,1262,6.327307,0.06592776609975157,False
GTCAATATCCCATAAA-1,2690.0,1523,8.104089,0.01669865642994242,False
GTCAATATCCGCAAGC-1,9478.0,3260,11.742984,0.007222179078978022,False
GTCAATATCGCACACA-1,3807.0,1854,7.1710005,0.014225788801750865,False
GTCAATATCGGGACCT-1,3753.0,1832,6.634692,0.12720519962859794,False
GTCAATATCTAATTGG-1,3087.0,1613,11.240686,0.006387832699619771,False
GTCAATATCTTGGACG-1,2399.0,1302,7.5448103,0.039473684210526314,False
GTCAATATCTTTGACT-1,6525.0,2766,7.816092,0.0580168776371308,False
GTCAGGCTCAGTATTG-1,2770.0,1572,7.364621,0.013455328310010764,False
GTCAGGCTCCAGGAAA-1,2399.0,1255,10.421009,0.06592776609975157,False
GTCAGGCTCCCAGTAG-1,3242.0,1601,10.703269,0.011634922002930278,False
GTCAGGCTCCCGTTTA-1,3615.0,1910,6.5283546,0.00313960789785809,False
GTCAGGCTCCGCCTAT-1,9511.0,3600,9.147303,0.31158455392809603,True
GTCAGGCTCCGGTATG-1,3412.0,1673,9.818289,0.039473684210526314,False
GTCAGGCTCCGTGACA-1,9863.0,3708,7.786678,0.33380581148121885,True
GTCAGGCTCTAAGTCA-1,5895.0,2608,13.655641,0.03433029908972692,False
GTCAGGCTCTTAGGAC-1,3009.0,1606,5.3506145,0.02093531923757942,False
GTCATCACAACTAGGG-1,10815.0,3977,10.6611185,0.421792618629174,True
GTCATCACAAGACTCC-1,3601.0,1715,10.858095,0.38812042310821776,True
GTCATCACACCGGTAT-1,2966.0,1577,10.080917,0.04136742315426601,False
GTCATCACACGTGCTG-1,6792.0,2766,12.706125,0.08931947069943286,False
GTCATCACACTGGCCA-1,6373.0,2720,14.090694,0.02657921988263721,False
GTCATCACAGAGGGAG-1,3282.0,1637,14.351006,0.0594961586564231,False
GTCATCACAGCCGCTA-1,3350.0,1715,8.835821,0.015022255192878337,False
GTCATCACAGGCTTGT-1,1347.0,851,5.864885,0.07137096774193549,False
GTCATCACATAAACCT-1,2692.0,1398,10.438335,0.0077983458054352115,False
GTCATCACATATTGAC-1,2075.0,1147,9.493976,0.009313725490196078,False
GTCATCCTCCGCAAGC-1,3358.0,1740,14.175103,0.03680733450182013,False
GTCATCCTCCTGATTT-1,3642.0,1817,11.010434,0.005071664829106946,False
GTCATCCTCGATCAGT-1,3664.0,1656,18.040394,0.023616881696916687,False
GTCATCCTCTTGAGCG-1,2610.0,1375,11.685823,0.03767403767403767,False
GTCATGAGTAAGCTCA-1,4134.0,1952,15.408805,0.025357827115969796,False
GTCATGAGTAGCCATA-1,3534.0,1788,14.516129,0.02851033499643621,False
GTCATGAGTATCTGGA-1,6037.0,2747,8.2160015,0.03680733450182013,False
GTCATGAGTCAAACTG-1,5839.0,2633,7.8951874,0.011634922002930278,False
GTCATGAGTGCGCGTA-1,2579.0,1265,27.142303,0.06592776609975157,False
GTCATGAGTGGATTAT-1,2615.0,1437,7.4187384,0.05658418411489879,False
GTCATGAGTGTTGTGA-1,3777.0,1808,16.944664,0.0580168776371308,False
GTCATGAGTTAACAGT-1,2889.0,1542,7.1304946,0.06592776609975157,False
GTCATGAGTTACCTGT-1,3487.0,1747,6.366504,0.09775195756504167,False
GTCATGAGTTCTTTAG-1,3037.0,1503,11.6562395,0.07137096774193549,False
GTCATGAGTTGAATCG-1,3503.0,1679,12.275193,0.008694252133311868,False
GTCATGCCAATAACGA-1,2501.0,1354,9.9560175,0.046565237436606725,False
GTCATGCCAATCCTAG-1,3380.0,1792,8.224853,0.006940160394818014,False
GTCATGCCACAATGTT-1,2725.0,1493,10.788991,0.011987491313412093,False
GTCATGCCACTAGCGT-1,6495.0,2818,10.669746,0.31158455392809603,True
GTCATGCCAGCACCAT-1,3602.0,1849,7.4125485,0.005071664829106946,False
GTCATGCCAGGTTAAA-1,3747.0,1829,9.474246,0.1665381649961449,False
GTCATGCCAGTAGCCT-1,3650.0,1810,12.520547,0.013837388079949352,False
GTCATGCCATCCTGAA-1,4864.0,2158,10.629111,0.052544613350958363,False
GTCATGCCATCGCTCC-1,2346.0,1286,9.590793,0.02851033499643621,False
GTCATGCCATGGCCTG-1,3964.0,1860,10.191725,0.029868868382710054,False
GTCATGCCATTCCTGT-1,8094.0,3095,5.5967383,0.10082730093071354,False
GTCATGCCATTGACAT-1,3021.0,1527,7.9443893,0.030570902394106814,False
GTCATTAAGCCATCAG-1,5670.0,2258,6.155203,0.05385002516356318,False
GTCATTAAGCCTGTTC-1,8661.0,3339,12.746796,0.021451104100946368,False
GTCATTAAGCGCCTAA-1,3678.0,1731,17.754213,0.018496420047732696,False
GTCATTAAGGACTTAC-1,3681.0,1914,7.633795,0.0053278081989048395,False
GTCATTAAGTAAGTGG-1,6788.0,2789,9.192694,0.23147675012774666,True
GTCATTAAGTCAATTG-1,3501.0,1750,7.8548985,0.021976855292493894,False
GTCATTAAGTTGGCCA-1,8233.0,3026,3.9718206,0.14754098360655732,False
GTCATTAAGTTTGCGG-1,3177.0,1557,9.757633,0.07332101047443006,False
GTCCAAGTCAAGTGAG-1,4967.0,2260,16.146568,0.025357827115969796,False
GTCCAAGTCAGGGCCT-1,7285.0,2664,7.8517504,0.0594961586564231,False
GTCCAAGTCCCTTGCG-1,6585.0,2678,14.973424,0.009630422256975885,False
GTCCAAGTCCTTCGTA-1,6883.0,2689,8.281273,0.039473684210526314,False
GTCCAAGTCGTTTCCA-1,3036.0,1409,6.2911725,0.0580168776371308,False
GTCCAAGTCTAGCGTG-1,5712.0,2251,10.556723,0.027209302325581396,False
GTCCAGGGTAATGGCC-1,10032.0,3660,6.7185006,0.07534533277521976,False
GTCCAGGGTATTTGCC-1,6197.0,2626,13.216072,0.032023106869270374,False
GTCCAGGGTCAATAGT-1,4830.0,2268,7.3913045,0.021451104100946368,False
GTCCAGGGTCCTCCAA-1,5925.0,2581,13.468355,0.047693266832917705,False
GTCCAGGGTGAGCACT-1,2218.0,1175,12.037871,0.051277877258668406,False
GTCCAGGGTTCGGTAA-1,3914.0,1908,2.8359733,0.05658418411489879,False
GTCCATTGTAACCTAG-1,5204.0,2193,6.9561877,0.08674531575294935,False
GTCCATTGTAATCGCA-1,10175.0,3955,7.773956,0.21972656249999997,True
GTCCATTGTAGGATTT-1,2194.0,1247,6.8824067,0.04885375494071145,False
GTCCATTGTCACAGCG-1,3368.0,1537,11.312351,0.052544613350958363,False
GTCCATTGTGCTTAGA-1,3766.0,1794,6.877323,0.08931947069943286,False
GTCCATTGTGTCCAGG-1,3932.0,1700,3.4079351,0.04235191384078009,False
GTCCATTGTTACAAAC-1,4552.0,2099,8.74341,0.01803488715876614,False
GTCCATTGTTAGCCAA-1,3300.0,1646,7.121212,0.08931947069943286,False
GTCCATTGTTATGTGG-1,5890.0,2356,8.811544,0.14198782961460438,False
GTCCATTGTTGCACAA-1,4273.0,1984,14.579921,0.10082730093071354,False
GTCCATTGTTGGCCGA-1,4637.0,2152,11.451369,0.01713621841417369,False
GTCCGTAAGCACAGGG-1,5917.0,2579,16.900455,0.09200676165177493,False
GTCCGTAAGCGAGGTG-1,4312.0,2045,14.100185,0.04440125579309313,False
GTCCGTAAGGACACTT-1,2030.0,1114,9.950739,0.04885375494071145,False
GTCCGTAAGGTCTTGG-1,6730.0,2816,9.61367,0.01669865642994242,False
GTCCTAGAGACTTATG-1,5840.0,2537,12.071918,0.03128880059597715,False
GTCCTAGAGCATTATG-1,2646.0,1464,11.48904,0.03128880059597715,False
GTCCTAGAGCCTGTGA-1,2868.0,1342,5.2998605,0.030570902394106814,False
GTCCTAGAGCTGTCAG-1,3579.0,1737,11.371892,0.006387832699619771,False
GTCCTAGAGGACCTCA-1,4264.0,1972,7.1763606,0.02785286167587261,False
GTCCTAGAGGGTCCAC-1,4391.0,2156,8.9728985,0.01993253603189206,False
GTCCTAGAGTACCGCA-1,4318.0,2028,9.935156,0.09481481481481482,False
GTCCTAGAGTCACCAG-1,3904.0,1922,4.764344,0.025962195399681167,False
GTCCTCAGTATTGCAG-1,1839.0,1155,8.754758,0.19910313901345295,True
GTCCTCAGTGCAACTA-1,2702.0,1438,11.76906,0.11098748261474266,False
GTCCTCAGTGCGCAAT-1,3913.0,1810,9.430104,0.09200676165177493,False
GTCCTCAGTGTGCACG-1,3316.0,1697,7.4185767,0.02476572958500669,False
GTCCTCAGTTAGAGGG-1,2624.0,1465,8.955792,0.06767794632438741,False
GTCCTCAGTTATAGCG-1,3380.0,1720,6.1242604,0.11472602739726025,False
GTCCTCAGTTCCATTA-1,4218.0,2003,13.489805,0.03128880059597715,False
GTCCTCAGTTGTAAAC-1,3758.0,1854,12.054284,0.02476572958500669,False
GTCCTCCCAAGGAATC-1,4684.0,2193,13.279249,0.006117362736953402,False
GTCCTCCCACCACAAC-1,5217.0,2173,11.002492,0.021976855292493894,False
GTCCTCCCACCTATAG-1,7300.0,2993,9.684932,0.06767794632438741,False
GTCCTCCCAGAAATTG-1,1875.0,1238,0.96000004,0.03354324636936127,False
GTCCTCCCAGGCGATA-1,2828.0,1478,7.7086277,0.11472602739726025,False
GTCCTCCCAGTTTACG-1,2822.0,1446,10.559887,0.009001703024896602,False
GTCCTCCCATTGCGGT-1,4213.0,1894,6.9071918,0.02042921997523731,False
GTCGAAGCAATTAGGA-1,1726.0,1051,8.169177,0.03767403767403767,False
GTCGAAGCACTAAGAA-1,4852.0,2228,13.231657,0.07332101047443006,False
GTCGAAGCACTGGCCA-1,2884.0,1576,7.801665,0.018496420047732696,False
GTCGAAGCAGGTTAAA-1,3311.0,1689,6.9767447,0.0580168776371308,False
GTCGAGGAGACTTACA-1,4496.0,1975,6.6058717,0.15345821325648415,False
GTCGAGGAGCTCAAAC-1,5316.0,2376,8.8600445,0.0053278081989048395,False
GTCGAGGAGGATGATG-1,5023.0,2280,12.323313,0.09481481481481482,False
GTCGAGGAGGGCCATC-1,5855.0,2386,9.359522,0.14754098360655732,False
GTCGAGGAGTAACCCG-1,3979.0,2040,2.689118,0.06949118986339338,False
GTCGAGGAGTTATTCC-1,1681.0,1004,6.543724,0.06767794632438741,False
GTCGAGGAGTTTGGGT-1,2581.0,1414,14.761721,0.02476572958500669,False
GTCGCAATCACTCAAA-1,1873.0,1073,17.992525,0.06423741547708492,False
GTCGCAATCATGCAAC-1,3886.0,1791,12.892434,0.17379145025968837,False
GTCGCAATCATGCTAA-1,2921.0,1441,8.627182,0.1900043084877208,True
GTCGCAATCCCTCATA-1,8961.0,3383,10.657292,0.38812042310821776,True
GTCGCAATCCGTGACA-1,4198.0,1925,10.123868,0.03767403767403767,False
GTCGCAATCTCAATAG-1,3267.0,1726,4.4077134,0.06102433708681438,False
GTCGCAATCTGTAAGC-1,5966.0,2653,16.34261,0.02042921997523731,False
GTCGCAATCTTGTTCG-1,13413.0,4486,7.0230374,0.23147675012774666,True
GTCGGTTCAGCCAGTT-1,2357.0,1372,2.969877,0.14198782961460438,False
GTCGGTTCAGTTTGGC-1,5485.0,2466,14.184138,0.013837388079949352,False
GTCGGTTCATAATCAC-1,6052.0,2557,14.656311,0.02785286167587261,False
GTCGGTTCATCTTGAG-1,2288.0,1297,9.265735,0.011987491313412093,False
GTCGGTTCATTGACAT-1,4454.0,1956,11.764706,0.01993253603189206,False
GTCTAACAGCGAGGTG-1,6040.0,2810,7.649007,0.3590909090909092,True
GTCTAACAGGCCCAGT-1,2666.0,1391,8.214554,0.06949118986339338,False
GTCTAACAGGGACTAA-1,4909.0,2286,9.940925,0.013455328310010764,False
GTCTAACAGTGATTCA-1,3667.0,1756,6.517589,0.08674531575294935,False
GTCTAACAGTTGGATC-1,3928.0,1925,12.194501,0.03433029908972692,False
GTCTAATCAAACTGCC-1,4155.0,1952,11.095066,0.027209302325581396,False
GTCTAATCAATAACCT-1,3604.0,1702,11.653718,0.047693266832917705,False
GTCTAATCAATAGCAA-1,4586.0,1947,10.510249,0.03128880059597715,False
GTCTAATCAATTGACT-1,1824.0,1125,5.04386,0.012709620476610766,False
GTCTAATCACCCTCAC-1,5388.0,2288,15.905717,0.10082730093071354,False
GTCTAATCAGCTTAAT-1,3771.0,1921,9.228321,0.013079455467568288,False
GTCTAATCATAGCGGA-1,5239.0,2280,14.4684105,0.007508212106992022,False
GTCTAGCCAAAGCGGC-1,3547.0,1730,12.940513,0.015022255192878337,False
GTCTAGCCACTAGCGT-1,5490.0,2372,9.125683,0.03680733450182013,False
GTCTAGCCACTGACTA-1,2777.0,1470,16.420599,0.02785286167587261,False
GTCTAGCCATAGCTGC-1,6047.0,2726,10.501075,0.01993253603189206,False
GTCTAGCCATAGTCAT-1,4912.0,2156,12.601791,0.0580168776371308,False
GTCTAGCCATCGCTCC-1,2847.0,1377,13.382508,0.02785286167587261,False
GTCTAGCCATGTTGTG-1,3758.0,1848,8.674828,0.03680733450182013,False
GTCTATCGTAAACAAG-1,135.0,107,6.666667,0.011987491313412093,False
GTCTATCGTAAAGCGG-1,788.0,401,39.847717,0.07137096774193549,False
GTCTATCGTAGCCTAA-1,2857.0,1584,9.660483,0.01128783991790662,False
GTCTATCGTATTGTCC-1,5421.0,2577,5.33112,0.025357827115969796,False
GTCTATCGTCAGTAAT-1,2659.0,1409,9.326815,0.04040833687792429,False
GTCTATCGTGAGGTAG-1,4151.0,2036,14.598891,0.10743353228431904,False
GTCTATCGTGTCCTGC-1,3654.0,1733,13.628901,0.02657921988263721,False
GTCTATCGTTATGTGG-1,2892.0,1564,9.094052,0.008092668993970167,False
GTCTATCGTTGGATAT-1,16836.0,4992,9.954859,0.2919020715630885,True
GTCTATCGTTGTTGCT-1,5919.0,2569,7.0113196,0.01993253603189206,False
GTCTATGCAAGCTAAA-1,2688.0,1411,7.440476,0.01896638233818364,False
GTCTATGCAATAACCT-1,4922.0,2265,12.535554,0.0580168776371308,False
GTCTATGCACGAATCC-1,4285.0,2053,9.988331,0.05385002516356318,False
GTCTATGCAGACAAAC-1,3757.0,1819,12.856002,0.11866393202461177,False
GTCTATGCAGTAAAGC-1,5691.0,2503,10.173959,0.010609632873021219,False
GTCTATGCAGTAGCCT-1,5816.0,2619,6.911967,0.10743353228431904,False
GTCTATGCATTGTGTG-1,4465.0,2126,8.443449,0.05658418411489879,False
GTCTCACTCAAATCGC-1,3217.0,1285,8.392913,0.025357827115969796,False
GTCTCACTCAGGTTTA-1,7101.0,2990,6.618786,0.01896638233818364,False
GTCTCACTCATCACTT-1,6088.0,2851,9.461235,0.025357827115969796,False
GTCTCACTCATGAAGG-1,4603.0,1990,13.121878,0.02657921988263721,False
GTCTCACTCCATTACT-1,12733.0,4378,7.955705,0.33380581148121885,True
GTCTCACTCCCGAAGC-1,2633.0,1386,7.178124,0.0594961586564231,False
GTCTCACTCCGGGACT-1,3070.0,1619,11.205212,0.06260387811634349,False
GTCTCACTCGTACCGA-1,5714.0,2451,3.9901993,0.05658418411489879,False
GTCTCACTCTAATCAG-1,3604.0,1714,9.933408,0.015430655569063874,False
GTCTCACTCTTGTCTG-1,3458.0,1826,6.6512437,0.032023106869270374,False
GTCTCACTCTTTGTAC-1,3737.0,1957,6.2081885,0.013455328310010764,False
GTCTTGCTCACATTGA-1,4445.0,2119,1.8897638,0.03596164091635589,False
GTCTTGCTCAGAAACG-1,7549.0,2885,10.623923,0.010946117946542214,False
GTCTTGCTCATGCGTG-1,2500.0,1368,16.52,0.03277439024390243,False
GTCTTGCTCCGTCCAT-1,2084.0,1098,9.165068,0.11866393202461177,False
GTCTTGCTCGATATTG-1,5757.0,2678,2.9008162,0.029182178455626276,False
GTCTTGCTCTTTAGGA-1,4713.0,2162,11.988118,0.0594961586564231,False
GTCTTGCTCTTTGACT-1,7405.0,2886,6.981769,0.19910313901345295,True
GTCTTTAGTACTTCAC-1,3094.0,1606,10.40724,0.0077983458054352115,False
GTCTTTAGTCAAAGAA-1,3915.0,1925,9.578544,0.013837388079949352,False
GTCTTTAGTCAATACG-1,5436.0,2303,17.696836,0.032023106869270374,False
GTCTTTAGTCCGCTGT-1,5104.0,2386,12.284483,0.24437299035369767,True
GTCTTTAGTGATGAAA-1,4298.0,2049,10.51652,0.07534533277521976,False
GTCTTTAGTTGCACAA-1,2397.0,1303,12.390489,0.12281757977122211,False
GTCTTTAGTTGCACGG-1,6133.0,2752,8.120007,0.421792618629174,True
GTCTTTAGTTTGGGCG-1,3634.0,1792,7.6499724,0.024185532854776367,False
GTCTTTGTCAATACGC-1,4770.0,2211,12.955976,0.0385625431928127,False
GTCTTTGTCAGCTAAC-1,5130.0,2193,17.97271,0.05385002516356318,False
GTCTTTGTCCACAATA-1,2374.0,1266,9.772536,0.03128880059597715,False
GTCTTTGTCCGTTAAA-1,393.0,127,59.79644,0.11098748261474266,False
GTCTTTGTCCTCACTA-1,2842.0,1512,9.078114,0.03433029908972692,False
GTCTTTGTCTCACAAA-1,9323.0,3620,11.745147,0.03128880059597715,False
GTCTTTGTCTCCTCTT-1,3421.0,1621,14.674072,0.006940160394818014,False
GTCTTTGTCTTGAGGT-1,4380.0,1816,6.780822,0.03433029908972692,False
GTGAACAAGCTATGAC-1,3979.0,1933,9.751194,0.07534533277521976,False
GTGAACAAGGCTTAGT-1,2139.0,1215,11.827957,0.07332101047443006,False
GTGAACAAGTAACGGA-1,4404.0,2067,11.989101,0.03767403767403767,False
GTGAACAAGTAGCGCC-1,3497.0,1580,10.466114,0.12281757977122211,False
GTGAACAAGTCAATTG-1,3495.0,1763,6.752504,0.08427729950158584,False
GTGAACAAGTGAAGTG-1,7191.0,2837,17.035183,0.039473684210526314,False
GTGAACAAGTTAGCCG-1,2824.0,1388,4.532578,0.07534533277521976,False
GTGAACAAGTTATCCT-1,6803.0,2831,12.024107,0.2919020715630885,True
GTGAATCTCACTAGGT-1,3025.0,1476,8.760331,0.07534533277521976,False
GTGAATCTCCGGTTAG-1,2010.0,1064,18.109453,0.013837388079949352,False
GTGAATCTCGCTAGAT-1,12153.0,4312,10.993171,0.3590909090909092,True
GTGAGCGAGCTAGAAG-1,3946.0,1859,13.912824,0.03277439024390243,False
GTGAGCGAGGCCTGGT-1,2769.0,1491,12.278801,0.04040833687792429,False
GTGAGGAGTAACGTGC-1,3351.0,1650,9.90749,0.01896638233818364,False
GTGAGGAGTAATAACC-1,2338.0,1255,8.511548,0.07963446475195822,False
GTGAGGAGTAGGTTAT-1,4853.0,2091,14.197403,0.01803488715876614,False
GTGAGGAGTGCTCACC-1,7427.0,3262,3.8508148,0.09775195756504167,False
GTGAGGAGTGTGAGAG-1,2326.0,1375,7.7815995,0.03128880059597715,False
GTGAGGAGTGTTCCCA-1,2848.0,1560,11.762641,0.06260387811634349,False
GTGAGGAGTTACGCAA-1,2879.0,1529,7.2941995,0.17379145025968837,False
GTGAGGAGTTGCGGAT-1,3275.0,1637,7.9694657,0.06260387811634349,False
GTGAGGAGTTTGCAGA-1,4271.0,2026,8.709904,0.04546832373446498,False
GTGATCAGTAATCGTG-1,2652.0,1398,10.180996,0.025357827115969796,False
GTGATCAGTATTTGCC-1,4410.0,2038,9.886621,0.08427729950158584,False
GTGATCAGTCCGTGAG-1,3798.0,1911,6.5560827,0.05004812319538016,False
GTGATCAGTCCTCCAA-1,10588.0,3899,11.76804,0.27434679334916884,True
GTGATCAGTGATCATG-1,3212.0,1632,6.3823166,0.01128783991790662,False
GTGATCAGTGTTTGCT-1,5438.0,2523,5.7374034,0.0580168776371308,False
GTGATCAGTTCGCTTG-1,3585.0,1728,6.0808926,0.023059434881455017,False
GTGATCAGTTGCTTCG-1,5325.0,2342,13.840376,0.04235191384078009,False
GTGATGAAGAAAGCAT-1,6032.0,2596,11.289788,0.005587424569768309,False
GTGATGAAGACCATAC-1,3159.0,1599,9.40171,0.0058505850585058505,False
GTGATGAAGACTCGCA-1,6035.0,2491,10.273405,0.04136742315426601,False
GTGATGAAGAGGCTAA-1,5325.0,2283,13.220657,0.04136742315426601,False
GTGATGAAGATTGAGG-1,6408.0,2844,9.144819,0.27434679334916884,True
GTGATGAAGGTTTGAC-1,5535.0,2518,10.388437,0.09775195756504167,False
GTGATGAAGTACCGCA-1,2702.0,1381,7.8830495,0.13184713375796173,False
GTGATGAAGTGTTGTA-1,4064.0,1898,17.691929,0.05519591141396934,False
GTGATGAAGTTAGTGC-1,1976.0,1112,16.24494,0.025962195399681167,False
GTGATGAAGTTTGGGT-1,3753.0,1889,6.0484943,0.09200676165177493,False
GTGCAAGCAACTAACT-1,4608.0,2058,7.6822915,0.18159203980099492,True
GTGCAAGCAAGGTGCA-1,4179.0,1988,14.333573,0.05519591141396934,False
GTGCAAGCAATGAGGT-1,16952.0,4740,6.8487496,0.0385625431928127,False
GTGCAAGCACCTGGTG-1,5055.0,2342,14.164194,0.06592776609975157,False
GTGCAAGCAGGATGGC-1,3339.0,1530,12.339024,0.013079455467568288,False
GTGCAAGCATGAATAG-1,4039.0,1820,13.369647,0.039473684210526314,False
GTGCAAGCATGCTTAG-1,3303.0,1746,7.0541935,0.008391273076000958,False
GTGCACGGTATGTGGC-1,4267.0,2020,11.928756,0.03433029908972692,False
GTGCACGGTATTGAGT-1,3702.0,1895,10.669908,0.014225788801750865,False
GTGCACGGTCAAGTAT-1,2624.0,1400,10.746951,0.08674531575294935,False
GTGCACGGTCAATACG-1,6905.0,3100,7.936278,0.03354324636936127,False
GTGCACGGTGATGATT-1,3759.0,1665,7.528598,0.09200676165177493,False
GTGCACGGTGGTTATG-1,3402.0,1678,8.377425,0.04235191384078009,False
GTGCACGGTTCACCAT-1,3898.0,1790,14.828117,0.1900043084877208,True
GTGCACGGTTGTAAAC-1,3979.0,1961,9.17316,0.0594961586564231,False
GTGCACGGTTTACCGT-1,3233.0,1609,13.114754,0.08674531575294935,False
GTGCACGGTTTCCACG-1,2670.0,1462,8.2397,0.029868868382710054,False
GTGCATTAGCACGTTG-1,4190.0,1947,10.357995,0.03354324636936127,False
GTGCATTAGCCTTAAA-1,3064.0,1652,6.9516973,0.02657921988263721,False
GTGCATTAGGACGTAA-1,4368.0,2048,9.363553,0.02251286449399657,False
GTGCATTAGGGCCACT-1,2837.0,1512,6.2389846,0.05385002516356318,False
GTGCATTAGGTCATTA-1,4680.0,2096,14.764957,0.08931947069943286,False
GTGCATTAGGTCGAGG-1,2452.0,1285,13.17292,0.09481481481481482,False
GTGCATTAGTTAGACC-1,16422.0,4940,8.025819,0.2919020715630885,True
GTGCATTAGTTAGCCG-1,2756.0,1487,7.656023,0.21972656249999997,True
GTGCCTTTCACAGACT-1,3024.0,1512,11.640212,0.004569522013490969,False
GTGCCTTTCCTGCGAA-1,2665.0,1423,9.45591,0.04336283185840707,False
GTGCCTTTCGCTCCAT-1,8497.0,3129,15.228905,0.06767794632438741,False
GTGCCTTTCGTTACAA-1,3275.0,1848,5.068702,0.012709620476610766,False
GTGCCTTTCTCCATAT-1,5844.0,2413,16.444216,0.03680733450182013,False
GTGCCTTTCTGGCAAT-1,6048.0,2412,8.16799,0.0385625431928127,False
GTGCCTTTCTGTAATG-1,4352.0,1995,4.5036764,0.03680733450182013,False
GTGCGCAGTACCCACC-1,2518.0,1071,36.060368,0.06949118986339338,False
GTGCGCAGTGACATAT-1,2477.0,1457,3.7949133,0.011634922002930278,False
GTGCGCAGTGCATTAG-1,4414.0,2211,9.469869,0.02251286449399657,False
GTGCGCAGTTTCGCCA-1,4590.0,1730,5.098039,0.04885375494071145,False
GTGCGGTTCAAACACC-1,1782.0,1005,12.345679,0.006387832699619771,False
GTGCGGTTCCACCCTG-1,5450.0,2340,11.045872,0.02476572958500669,False
GTGCGGTTCCGCAAGC-1,5154.0,2233,13.659294,0.03128880059597715,False
GTGCGGTTCCTCACTA-1,3465.0,1758,10.27417,0.03433029908972692,False
GTGCGGTTCCTTAAGA-1,2843.0,1503,4.572634,0.02785286167587261,False
GTGCGGTTCGAAGCGG-1,3297.0,1388,4.0036397,0.04235191384078009,False
GTGCGGTTCGCTAAGT-1,4964.0,2242,15.310234,0.027209302325581396,False
GTGCTCAAGAGGAAGG-1,2453.0,1274,16.551163,0.008391273076000958,False
GTGCTCAAGCAATAGG-1,3460.0,1778,3.6705203,0.047693266832917705,False
GTGCTCAAGCTATATG-1,2784.0,1439,8.943965,0.06949118986339338,False
GTGCTCAAGGCTAAGA-1,4270.0,2049,17.587822,0.15345821325648415,False
GTGCTCAAGGCTGGCT-1,4772.0,2025,5.11316,0.07534533277521976,False
GTGCTCAAGTATCGCG-1,3875.0,1831,9.858065,0.03513620213185945,False
GTGCTCCGTACGATTG-1,3182.0,1656,10.402263,0.07744826114785579,False
GTGCTCCGTACGTTTC-1,2035.0,1063,9.63145,0.03767403767403767,False
GTGCTCCGTACTTCAC-1,5771.0,2595,10.84734,0.05658418411489879,False
GTGCTCCGTTACAAAC-1,4280.0,1994,7.9439254,0.03128880059597715,False
GTGCTGATCCCGCATT-1,4507.0,1866,11.315731,0.20897615708274905,True
GTGCTGATCCTCACAC-1,3268.0,1542,13.555692,0.07137096774193549,False
GTGCTGATCCTTAATC-1,3597.0,1898,7.895468,0.030570902394106814,False
GTGCTGATCCTTCGTA-1,3729.0,1816,12.898901,0.010609632873021219,False
GTGCTGATCGACAAAG-1,7646.0,3071,13.8373,0.04235191384078009,False
GTGCTGATCGTAATCA-1,4670.0,1939,6.5310493,0.08427729950158584,False
GTGCTGATCTAAGTCA-1,2355.0,1189,14.649682,0.00432338953739732,False
GTGCTGATCTTGAGCG-1,7324.0,2915,12.383943,0.01803488715876614,False
GTGCTGGGTATTGCAG-1,3766.0,1909,3.8236856,0.15977653631284908,False
GTGCTGGGTATTGTCC-1,2371.0,1336,11.261071,0.009313725490196078,False
GTGCTGGGTCATCAAG-1,2905.0,1514,8.364888,0.03433029908972692,False
GTGCTGGGTTAGCATG-1,3638.0,1809,7.696537,0.15345821325648415,False
GTGCTGGGTTGAGGTC-1,5808.0,2605,7.162534,0.09775195756504167,False
GTGCTTACAAGATTCT-1,5354.0,2056,10.963765,0.01713621841417369,False
GTGCTTACAATAGTCT-1,3146.0,1661,9.408772,0.09200676165177493,False
GTGCTTACAATTGACT-1,1920.0,1169,6.7187505,0.03354324636936127,False
GTGCTTACAGCAACCT-1,4442.0,1866,9.230077,0.029182178455626276,False
GTGCTTACAGGAAGCC-1,2900.0,1534,7.827586,0.08427729950158584,False
GTGCTTCTCCTGGTGA-1,4369.0,2059,5.9967957,0.04235191384078009,False
GTGCTTCTCCTTAATC-1,2742.0,1454,12.436178,0.023059434881455017,False
GTGGACACAAGCGAGC-1,4342.0,1920,12.344542,0.10082730093071354,False
GTGGACACAATGCCTA-1,3288.0,1649,7.6946473,0.01713621841417369,False
GTGGACACACAAAGAC-1,2938.0,1466,9.087815,0.10743353228431904,False
GTGGACACACCAACCG-1,6795.0,3038,5.916115,0.33380581148121885,True
GTGGACACACTGACTA-1,6949.0,3041,6.4037995,0.029182178455626276,False
GTGGACACAGCCAGTT-1,2182.0,1271,10.219981,0.019445007089325502,False
GTGGACACAGGACCTT-1,4909.0,2409,10.409452,0.008092668993970167,False
GTGGACACAGGCGATA-1,4519.0,2041,11.927418,0.023059434881455017,False
GTGGATGCACCAGCAT-1,7848.0,3214,12.296126,0.33380581148121885,True
GTGGATGCACCGGTAT-1,2981.0,1418,9.594096,0.013079455467568288,False
GTGGATGCAGTAGCCT-1,2973.0,1438,10.965355,0.06102433708681438,False
GTGGATGCATAAAGCA-1,3049.0,1477,4.9524436,0.09775195756504167,False
GTGGATGCATAGTCAT-1,4609.0,2012,6.9646344,0.03596164091635589,False
GTGGATGCATCTAGCA-1,3921.0,1916,8.645754,0.02476572958500669,False
GTGGCTTCAAGGAATC-1,727.0,439,25.997248,0.0053278081989048395,False
GTGGTTAGTAGGTGTC-1,3068.0,1452,9.354629,0.09200676165177493,False
GTGGTTAGTCATAGAT-1,11601.0,4159,12.455823,0.19910313901345295,True
GTGGTTAGTGGAGCAA-1,2515.0,1229,5.3280315,0.07332101047443006,False
GTGGTTAGTTGCATCT-1,3329.0,1598,9.612496,0.09775195756504167,False
GTGTAACTCAAGTGTC-1,3988.0,1942,8.124373,0.025357827115969796,False
GTGTAACTCAATGACC-1,2215.0,1320,2.3927765,0.012709620476610766,False
GTGTAACTCAATGAGG-1,3119.0,1631,8.592498,0.046565237436606725,False
GTGTAACTCAATGTCA-1,2696.0,1429,10.422849,0.047693266832917705,False
GTGTAACTCCACCCTG-1,1939.0,1088,15.936049,0.006387832699619771,False
GTGTAACTCCTGCGAA-1,4961.0,2285,12.961097,0.05658418411489879,False
GTGTAACTCGGCTAGC-1,2610.0,1320,14.980843,0.009313725490196078,False
GTGTAACTCGTTAAGC-1,3771.0,1795,12.755238,0.18159203980099492,True
GTGTCCAAGAACCTAC-1,3440.0,1565,6.7151165,0.03354324636936127,False
GTGTCCAAGCCGGTAC-1,2651.0,1386,16.220293,0.07137096774193549,False
GTGTCCAAGGCAAGTA-1,2800.0,1530,10.357143,0.003370313158264289,False
GTGTCCAAGGGATGAC-1,4280.0,2130,8.691588,0.02851033499643621,False
GTGTCCAAGGGTGAAC-1,5340.0,2360,11.59176,0.05385002516356318,False
GTGTCCAAGGTCTTGG-1,2507.0,1415,11.248505,0.023616881696916687,False
GTGTCCAAGTCATTGA-1,13066.0,4544,10.347466,0.21972656249999997,True
GTGTCCAAGTCATTTC-1,5073.0,2294,10.112359,0.33380581148121885,True
GTGTCCAAGTGTGATC-1,4289.0,2104,12.310561,0.08427729950158584,False
GTGTGAGCAAATTCGT-1,2864.0,1521,4.9231844,0.021451104100946368,False
GTGTGAGCAACTAACT-1,3059.0,1526,12.095456,0.029182178455626276,False
GTGTGAGCAAGCTACC-1,2899.0,1588,8.692653,0.008092668993970167,False
GTGTGAGCAGTAGGTG-1,2599.0,1348,13.005002,0.08190899001109879,False
GTGTGCGGTAAAGCAA-1,5018.0,2287,16.978876,0.01896638233818364,False
GTGTGCGGTACCAGGT-1,2828.0,1504,10.8910885,0.01669865642994242,False
GTGTGCGGTACCGAAC-1,4472.0,2144,13.573345,0.051277877258668406,False
GTGTGCGGTACCGGAT-1,2327.0,1341,7.563386,0.011634922002930278,False
GTGTGCGGTCGCGCAA-1,3524.0,1775,10.187287,0.015022255192878337,False
GTGTGCGGTTAATGAC-1,3336.0,1473,11.720624,0.03277439024390243,False
GTGTGTTAGAAGGTGC-1,5472.0,2410,11.385234,0.14754098360655732,False
GTGTGTTAGCTATATG-1,2507.0,1422,7.3793383,0.10743353228431904,False
GTGTGTTAGGAACCGG-1,1743.0,979,8.491107,0.047693266832917705,False
GTGTGTTAGGACAACA-1,2617.0,1395,12.648069,0.01803488715876614,False
GTGTGTTAGGATAAAC-1,2637.0,1421,9.821768,0.09200676165177493,False
GTGTGTTAGGCATGTT-1,6961.0,2833,13.518172,0.31158455392809603,True
GTGTTACAGCTTATGA-1,2153.0,1263,11.936832,0.0580168776371308,False
GTGTTACAGGAAACTG-1,3724.0,1706,10.741138,0.08931947069943286,False
GTGTTACAGGACCGCT-1,3774.0,1753,18.865925,0.021976855292493894,False
GTGTTACAGGCTGTGC-1,3178.0,1414,7.0799246,0.05658418411489879,False
GTGTTACAGGCTTAAC-1,3070.0,1600,6.4169383,0.008092668993970167,False
GTGTTACAGTGTGATC-1,6560.0,2837,16.204268,0.2919020715630885,True
GTGTTACAGTTCCTGC-1,4592.0,2150,12.674215,0.08190899001109879,False
GTGTTCCTCAAACCTA-1,3082.0,1370,11.19403,0.029182178455626276,False
GTGTTCCTCACGAATC-1,3120.0,1441,2.8205128,0.04336283185840707,False
GTGTTCCTCAGTGAAG-1,8188.0,3555,9.855886,0.23147675012774666,True
GTGTTCCTCCCGAAGC-1,1863.0,1058,11.379496,0.02785286167587261,False
GTGTTCCTCTAAGTCA-1,3085.0,1552,9.9189625,0.02851033499643621,False
GTGTTCCTCTGTGCCT-1,2670.0,1369,9.1385765,0.11098748261474266,False
GTTAAACGTACAAAGA-1,3330.0,1666,11.441442,0.03433029908972692,False
GTTAAACGTAGCCTAA-1,3244.0,1640,4.2540073,0.01713621841417369,False
GTTAAACGTCAAGTGC-1,3833.0,1900,9.261675,0.021451104100946368,False
GTTAAACGTCGCAATA-1,4803.0,2172,12.742037,0.052544613350958363,False
GTTAAACGTTCGGTAA-1,2296.0,1358,5.792683,0.1900043084877208,True
GTTAAACGTTGGTTAG-1,5081.0,2500,4.5857115,0.011987491313412093,False
GTTAAACGTTTCCACG-1,2027.0,1216,11.149482,0.07534533277521976,False
GTTAACCAGAATGACG-1,5127.0,2259,10.688512,0.07534533277521976,False
GTTAACCAGAGGCTAA-1,3958.0,1891,9.853461,0.03128880059597715,False
GTTAACCAGCTGCACA-1,3433.0,1745,11.913778,0.1665381649961449,False
GTTAACCAGGGATGAC-1,6563.0,2768,10.300168,0.03354324636936127,False
GTTAACCAGGTAACGA-1,2986.0,1642,6.7983923,0.02785286167587261,False
GTTAACCAGGTAGCTT-1,5091.0,1947,8.46592,0.09481481481481482,False
GTTAACCAGTAAGAAC-1,5751.0,2432,11.980525,0.12720519962859794,False
GTTAACGGTACCTTAC-1,3724.0,1865,9.935554,0.03767403767403767,False
GTTAACGGTATTACCC-1,2682.0,1433,14.16853,0.04440125579309313,False
GTTAACGGTCATAACG-1,2489.0,1445,6.669345,0.018496420047732696,False
GTTAACGGTGAGGTGA-1,4277.0,1894,8.954875,0.008391273076000958,False
GTTAACGGTTAGCCAA-1,5844.0,2466,11.909651,0.08674531575294935,False
GTTAACGGTTAGTACG-1,111.0,85,18.018017,0.018496420047732696,False
GTTAACGGTTCCAGGG-1,8653.0,3137,12.44655,0.006117362736953402,False
GTTAACGGTTTATCGC-1,3162.0,1513,16.57179,0.01803488715876614,False
GTTAAGCTCATTAGGC-1,2635.0,1438,7.400379,0.08674531575294935,False
GTTAAGCTCATTTGCT-1,6892.0,2854,13.102147,0.0385625431928127,False
GTTAAGCTCCTGTTCA-1,5069.0,2379,8.206747,0.07332101047443006,False
GTTAAGCTCCTTCAAT-1,8572.0,3233,10.802613,0.04336283185840707,False
GTTAAGCTCGGGATTT-1,3265.0,1620,10.811639,0.03513620213185945,False
GTTAAGCTCGTTATAG-1,8136.0,3176,12.3770895,0.006940160394818014,False
GTTAAGCTCTCCTCAA-1,5993.0,2525,12.364426,0.04546832373446498,False
GTTAAGCTCTTACTCG-1,7244.0,3035,15.0607395,0.04136742315426601,False
GTTAAGTGTATTGGTG-1,5315.0,2358,15.841956,0.03354324636936127,False
GTTAAGTGTCAAAGAA-1,2952.0,1579,5.9620595,0.10405083399523428,False
GTTAAGTGTCACTCGC-1,3465.0,1933,3.5497837,0.029868868382710054,False
GTTAAGTGTCCGCTGT-1,2354.0,1110,8.878505,0.06767794632438741,False
GTTAAGTGTCTTTATG-1,3076.0,1636,4.648895,0.03680733450182013,False
GTTAAGTGTGGAGCAA-1,3553.0,1785,15.113989,0.03128880059597715,False
GTTAAGTGTTAGGCGT-1,8128.0,3117,11.774115,0.07963446475195822,False
GTTAATGTCAAACCTA-1,12588.0,4265,12.932952,0.09200676165177493,False
GTTAATGTCCTAGTTT-1,7688.0,2892,7.5312176,0.33380581148121885,True
GTTAATGTCGCATCCT-1,6234.0,2626,10.10587,0.007222179078978022,False
GTTACAGGTAGGTTAT-1,3039.0,1558,5.692662,0.11098748261474266,False
GTTACAGGTAGTTAAC-1,10538.0,3537,8.085026,0.2919020715630885,True
GTTACAGGTATTGTGG-1,3232.0,1687,6.961634,0.047693266832917705,False
GTTACAGGTCAATAGT-1,7466.0,2925,12.416287,0.01896638233818364,False
GTTACAGGTGTTGTAG-1,3607.0,1723,8.677571,0.03680733450182013,False
GTTACAGGTTTGGGCG-1,4996.0,2353,13.110489,0.31158455392809603,True
GTTACCTGTAACCAGC-1,4855.0,2356,5.870237,0.12281757977122211,False
GTTACCTGTACGATTG-1,3291.0,1600,10.574294,0.009630422256975885,False
GTTACCTGTAGTTAAC-1,3494.0,1763,6.6685743,0.009313725490196078,False
GTTACCTGTATCTGGA-1,4990.0,2457,10.821644,0.023059434881455017,False
GTTACCTGTCCGTGAG-1,4161.0,1801,8.964191,0.03128880059597715,False
GTTACCTGTCTTGCAT-1,3879.0,1766,8.558907,0.01896638233818364,False
GTTACCTGTGAAACAA-1,5261.0,2298,9.750998,0.052544613350958363,False
GTTACCTGTGGTTATG-1,3296.0,1584,9.010922,0.06767794632438741,False
GTTACGCCAAGTAAGC-1,10330.0,3927,8.189738,0.3590909090909092,True
GTTACGCCAATTGAGA-1,2476.0,1357,9.975767,0.09481481481481482,False
GTTACGCCACCGGCTA-1,2954.0,1479,15.267435,0.03433029908972692,False
GTTACGCCACCTGCTC-1,8759.0,3060,7.626441,0.008694252133311868,False
GTTACGCCACTGGCCA-1,8518.0,3437,16.506222,0.5653179190751447,True
GTTACGCCAGAAATGC-1,2097.0,1155,8.536003,0.10082730093071354,False
GTTACGCCAGCCAGAA-1,7344.0,2878,8.959695,0.11098748261474266,False
GTTACGCCAGCTAACC-1,6016.0,2589,14.0625,0.03128880059597715,False
GTTACGTAGAACCTAC-1,4905.0,2245,8.481142,0.08427729950158584,False
GTTACGTAGCGAAGTA-1,2068.0,1191,8.413926,0.010609632873021219,False
GTTACGTAGCTAGAAG-1,3262.0,1699,6.8362966,0.013455328310010764,False
GTTACGTAGCTATATG-1,3792.0,1833,8.175106,0.10405083399523428,False
GTTACGTAGCTGGAAA-1,2246.0,1178,15.805878,0.010609632873021219,False
GTTACGTAGCTTTGGG-1,4109.0,1846,9.1263075,0.1665381649961449,False
GTTACGTAGCTTTGTT-1,3855.0,1836,9.98703,0.01993253603189206,False
GTTACGTAGTGATTCA-1,3391.0,1762,6.7236805,0.032023106869270374,False
GTTACGTAGTTATCTC-1,2885.0,1637,5.7192373,0.027209302325581396,False
GTTACTAAGGCCATCA-1,5311.0,2256,7.3620787,0.039473684210526314,False
GTTACTCGTAATCACG-1,8267.0,3078,7.2335796,0.008391273076000958,False
GTTACTCGTACGGGTT-1,3307.0,1548,3.991533,0.10082730093071354,False
GTTACTCGTCAAAGGG-1,4480.0,2133,15.044643,0.06102433708681438,False
GTTACTCGTCGTAAAT-1,1801.0,831,14.825097,0.07137096774193549,False
GTTACTCGTCTTTATG-1,3060.0,1521,6.568628,0.04235191384078009,False
GTTACTCGTGATTTGG-1,3756.0,1673,2.662407,0.18159203980099492,True
GTTACTCGTTAGGTTG-1,5652.0,2365,16.825903,0.014620689655172414,False
GTTACTCGTTCTTTAG-1,2467.0,1344,5.9991894,0.04885375494071145,False
GTTACTCGTTGCTTCG-1,3848.0,1792,7.6403327,0.029182178455626276,False
GTTACTCGTTTGAGGC-1,4302.0,2113,13.389121,0.06423741547708492,False
GTTAGACTCCGCAAGC-1,3222.0,1570,10.645561,0.013079455467568288,False
GTTAGACTCGTTAGTA-1,4084.0,2064,7.81097,0.005071664829106946,False
GTTAGGCGTAAGCTTG-1,2756.0,1571,8.780842,0.06260387811634349,False
GTTAGGCGTAGCAGCT-1,5595.0,2640,9.544236,0.025962195399681167,False
GTTAGGCGTCCTCCAA-1,2679.0,1340,15.229564,0.03128880059597715,False
GTTAGGCGTGGTTCCC-1,2712.0,1476,10.1769905,0.06949118986339338,False
GTTAGGCGTGTGCAAC-1,1258.0,744,11.446741,0.051277877258668406,False
GTTAGGCGTTAAGCCA-1,9092.0,3531,9.128904,0.421792618629174,True
GTTAGGCGTTGCGCGA-1,4183.0,1703,6.31126,0.047693266832917705,False
GTTCACCTCGGTAACT-1,2411.0,1384,7.6731644,0.046565237436606725,False
GTTCACCTCTAACCTT-1,2526.0,1357,6.017419,0.17379145025968837,False
GTTCACCTCTGGCTTC-1,10726.0,3985,7.756852,0.3590909090909092,True
GTTCATTTCAAACTCA-1,5299.0,2389,11.605963,0.18159203980099492,True
GTTCATTTCAATCATG-1,9472.0,3413,8.456504,0.20897615708274905,True
GTTCATTTCGCCTGTT-1,1849.0,1075,16.27907,0.06260387811634349,False
GTTCATTTCTTGGATA-1,2866.0,1520,8.618283,0.11866393202461177,False
GTTCCCAGTAGCCATA-1,6411.0,2612,16.549679,0.01758155889822231,False
GTTCCCAGTCCTGATT-1,3597.0,1716,10.202948,0.06767794632438741,False
GTTCCCAGTGGGTGAA-1,5266.0,2238,14.451197,0.024185532854776367,False
GTTCCCAGTGTCCAGG-1,7240.0,2852,9.005525,0.2585915492957747,True
GTTCCCAGTTACATCC-1,3243.0,1713,8.171446,0.04885375494071145,False
GTTCCTGGTAACGAGG-1,3082.0,1608,12.232317,0.01758155889822231,False
GTTCCTGGTCCAAGAC-1,5672.0,2527,7.052186,0.03767403767403767,False
GTTCCTGGTCGCGCAA-1,9342.0,3425,3.4575038,0.06423741547708492,False
GTTCCTGGTCGTAATG-1,5033.0,2319,11.047089,0.039473684210526314,False
GTTCCTGGTCTCAGCC-1,4078.0,2002,11.059343,0.09481481481481482,False
GTTCCTGGTGGATTAT-1,6135.0,2544,8.997555,0.10082730093071354,False
GTTCCTGGTTAAGGCC-1,4191.0,2129,5.034598,0.039473684210526314,False
GTTCCTGGTTACCTGT-1,5272.0,2291,11.115326,0.05519591141396934,False
GTTCCTGGTTCAAGCA-1,3137.0,1643,7.236213,0.012709620476610766,False
GTTCCTGGTTCACTGT-1,2986.0,1671,8.305426,0.025357827115969796,False
GTTCCTGGTTTACGTC-1,2980.0,1634,6.711409,0.018496420047732696,False
GTTCCTTCAAACTCAT-1,5202.0,2233,13.66782,0.08931947069943286,False
GTTCCTTCAAATTGCT-1,6179.0,2624,10.001618,0.07332101047443006,False
GTTCCTTCACAGGGAC-1,1532.0,750,12.206266,0.014225788801750865,False
GTTCCTTCACCAACCG-1,21343.0,5720,2.272408,0.18159203980099492,True
GTTCCTTCAGGCTAAG-1,3183.0,1663,7.6657243,0.07963446475195822,False
GTTCCTTCATGAGTTT-1,3306.0,1561,7.1082883,0.12281757977122211,False
GTTCCTTCATTAGCCA-1,5281.0,2366,8.577921,0.06260387811634349,False
GTTCGCGCAACCCTCC-1,2270.0,1235,11.145374,0.046565237436606725,False
GTTCGCGCACAGGAAT-1,4878.0,1790,5.1250515,0.029868868382710054,False
GTTCGCGCAGGACCAA-1,3573.0,1722,8.088441,0.052544613350958363,False
GTTCGCGCAGTCTAGC-1,5529.0,2368,13.944655,0.032023106869270374,False
GTTCGCGCATACTCCT-1,3985.0,1848,9.836888,0.023616881696916687,False
GTTCGCGCATCACTTC-1,4069.0,1826,2.7525191,0.08190899001109879,False
GTTCGCTTCACGCATG-1,2959.0,1565,13.551876,0.01626867091618305,False
GTTCGCTTCAGCACCA-1,9803.0,3536,8.528002,0.38812042310821776,True
GTTCGCTTCAGTTCCC-1,3793.0,1830,8.041128,0.046565237436606725,False
GTTCGCTTCATTAGGC-1,5102.0,2300,11.25049,0.09200676165177493,False
GTTCGCTTCCAGGAAA-1,3899.0,1969,11.97743,0.06102433708681438,False
GTTCGCTTCCCGCATT-1,3621.0,1950,4.9433856,0.09481481481481482,False
GTTCGCTTCCCTCATA-1,5142.0,2357,10.987943,0.01584606677985286,False
GTTCGCTTCCGTTAAA-1,4673.0,2191,13.931094,0.07332101047443006,False
GTTCGCTTCCTCATCA-1,4665.0,1972,6.516613,0.12720519962859794,False
GTTCGCTTCGAGGAAC-1,3250.0,1636,7.415385,0.014620689655172414,False
GTTCGCTTCTCACTCA-1,5106.0,2333,11.535449,0.030570902394106814,False
GTTCGCTTCTTAAGTG-1,3132.0,1619,6.9284806,0.15345821325648415,False
GTTCTCATCAATGACC-1,2988.0,1657,7.530121,0.010278265229380797,False
GTTCTCATCACGCCAA-1,3092.0,1560,8.085382,0.07332101047443006,False
GTTCTCATCACGTTAA-1,3178.0,1637,5.5380745,0.03767403767403767,False
GTTCTCATCCATAAGC-1,3537.0,1710,15.238903,0.010609632873021219,False
GTTCTCATCCTCACTA-1,1756.0,1077,3.6446471,0.05519591141396934,False
GTTCTCATCCTCATCA-1,7397.0,2984,11.099094,0.04136742315426601,False
GTTCTCATCCTTAAGA-1,3203.0,1720,6.6812367,0.009313725490196078,False
GTTCTCATCGGTAACT-1,8318.0,3169,13.128156,0.009951899154088572,False
GTTCTCATCGTTCACC-1,4168.0,1939,10.652592,0.06592776609975157,False
GTTCTCATCTACCTCA-1,7261.0,2752,13.111141,0.07332101047443006,False
GTTCTCATCTATGACA-1,14490.0,4682,11.62871,0.421792618629174,True
GTTCTCATCTCCATAT-1,1162.0,632,13.769362,0.021976855292493894,False
GTTCTCATCTGTAAGC-1,2512.0,1256,19.86465,0.03277439024390243,False
GTTCTTAGTACCTTAC-1,5900.0,2517,12.677966,0.023059434881455017,False
GTTCTTAGTTCACCCA-1,7563.0,3126,9.982811,0.01896638233818364,False
GTTCTTAGTTGGCGTG-1,4813.0,2228,14.336173,0.013455328310010764,False
GTTCTTAGTTGTAAAC-1,4520.0,2077,7.831858,0.04235191384078009,False
GTTCTTGTCACGAATC-1,4244.0,2020,4.217719,0.052544613350958363,False
GTTCTTGTCACTAAGC-1,2642.0,1390,10.862982,0.02093531923757942,False
GTTCTTGTCAGAAACG-1,1410.0,911,7.0212765,0.029182178455626276,False
GTTCTTGTCATTGCGG-1,7136.0,2793,7.371076,0.052544613350958363,False
GTTCTTGTCCCGCAAA-1,5826.0,2542,12.100926,0.06592776609975157,False
GTTCTTGTCCCTCACG-1,3214.0,1607,10.11201,0.05519591141396934,False
GTTCTTGTCTGGCATG-1,3315.0,1713,8.205129,0.04440125579309313,False
GTTCTTGTCTTGACCC-1,7823.0,3024,8.986322,0.11098748261474266,False
GTTGCATAGCAGCTAT-1,4794.0,2185,10.304547,0.04440125579309313,False
GTTGCATAGCGTGCGT-1,3738.0,1749,9.042268,0.1665381649961449,False
GTTGCATAGCTCGCTT-1,8076.0,3230,10.35166,0.33380581148121885,True
GTTGCATAGGAACGGT-1,5615.0,2478,16.687445,0.06260387811634349,False
GTTGCCCGTAAACAAG-1,4167.0,2018,18.886488,0.06423741547708492,False
GTTGCCCGTAGTTAAC-1,3648.0,1911,5.537281,0.02657921988263721,False
GTTGCCCGTCACAAAT-1,3010.0,1666,6.0465117,0.06423741547708492,False
GTTGCCCGTCCTTTAA-1,4679.0,2225,5.578115,0.010278265229380797,False
GTTGCCCGTCGTAATG-1,2656.0,1461,8.810241,0.032023106869270374,False
GTTGCCCGTGATTACG-1,627.0,275,37.480064,0.04440125579309313,False
GTTGCCCGTGTGCAAC-1,3280.0,1613,16.036585,0.00666207213416035,False
GTTGCCCGTTACAAAC-1,3150.0,1612,14.857143,0.00481892523364486,False
GTTGCCCGTTACTTGC-1,3257.0,1681,12.588271,0.12281757977122211,False
GTTGCCCGTTCGGTAA-1,3376.0,1669,9.537914,0.11472602739726025,False
GTTGCCCGTTTCCTCC-1,3177.0,1641,11.551779,0.012709620476610766,False
GTTGCGGGTAGGTTTG-1,2684.0,1521,11.2518635,0.04040833687792429,False
GTTGCGGGTGAGCAAG-1,1979.0,1180,6.467913,0.02851033499643621,False
GTTGCGGGTGCTCACC-1,4938.0,2174,7.4524097,0.09775195756504167,False
GTTGCGGGTTGCACGG-1,4957.0,2227,8.775469,0.021976855292493894,False
GTTGCTGAGATAAAGC-1,2521.0,1331,6.1880207,0.0594961586564231,False
GTTGCTGAGCGAGGTG-1,3089.0,1650,9.711881,0.05519591141396934,False
GTTGCTGAGTTTGGTA-1,4506.0,2042,12.405682,0.029182178455626276,False
GTTGGAGCAAGGTCCT-1,4201.0,1978,18.757439,0.05658418411489879,False
GTTGGAGCACGAACAG-1,3026.0,1579,13.284865,0.03354324636936127,False
GTTGGAGCAGCAAGAT-1,2201.0,1201,11.90368,0.047693266832917705,False
GTTGGAGCAGCAAGGC-1,1452.0,806,12.465565,0.029868868382710054,False
GTTGGAGCATTGTGAT-1,2246.0,1301,5.4764023,0.03128880059597715,False
GTTGGCCAGCGTGCGT-1,4415.0,2133,14.269535,0.02093531923757942,False
GTTGGCCAGCTGCACA-1,6908.0,2809,14.997106,0.0580168776371308,False
GTTGGCCAGCTGGACC-1,5390.0,2378,8.831169,0.09481481481481482,False
GTTGGCCAGCTTAGTA-1,4906.0,1999,10.456584,0.0580168776371308,False
GTTGGCCAGGCTACAT-1,3152.0,1641,7.4555836,0.14198782961460438,False
GTTGGCCAGGTGTTAC-1,5696.0,2389,15.063202,0.05385002516356318,False
GTTGGCGGTAAATTGC-1,2661.0,1475,6.914694,0.01896638233818364,False
GTTGGCGGTAGTCAAT-1,5415.0,2398,9.935365,0.01758155889822231,False
GTTGGCGGTATTACCC-1,1995.0,1160,10.275689,0.014620689655172414,False
GTTGGCGGTATTGAGT-1,2975.0,1653,6.554622,0.10405083399523428,False
GTTGGCGGTGCTAGAC-1,2737.0,1518,5.40738,0.03433029908972692,False
GTTGGCGGTGGATGTC-1,5203.0,2307,15.414185,0.03128880059597715,False
GTTGGCGGTGGTTCCC-1,3631.0,1822,13.27458,0.03354324636936127,False
GTTGGCGGTTAGCCAA-1,5468.0,2396,10.954645,0.08931947069943286,False
GTTGGCGGTTCAAGCA-1,1813.0,1040,8.052951,0.10743353228431904,False
GTTGGCGGTTCATCTA-1,4339.0,1985,11.546439,0.01626867091618305,False
GTTGGCGGTTGGTTGA-1,3605.0,1787,11.067961,0.09481481481481482,False
GTTGGCGGTTTGGTTC-1,957.0,574,20.376175,0.01758155889822231,False
GTTGTGAGTAAGGTCC-1,2331.0,1271,18.833118,0.03596164091635589,False
GTTGTGAGTAATCGTG-1,3845.0,1831,17.243172,0.06423741547708492,False
GTTGTGAGTAGCTGCG-1,2458.0,1362,21.358828,0.09775195756504167,False
GTTGTGAGTCACGAAC-1,2208.0,1178,11.231884,0.09775195756504167,False
GTTGTGAGTTTCCTCC-1,6956.0,2950,10.465785,0.006387832699619771,False
GTTGTGAGTTTGCGCC-1,4259.0,2161,8.33529,0.01234567901234568,False
GTTGTTGCAGCAACCT-1,3831.0,1904,13.260245,0.06592776609975157,False
GTTGTTGCATCAGTAT-1,3245.0,1579,6.7180276,0.08427729950158584,False
GTTTAACCAAAGCGGC-1,1990.0,1178,10.603015,0.06592776609975157,False
GTTTAACCAATCGCAC-1,5714.0,2334,16.0133,0.06260387811634349,False
GTTTAACCAATTGAGA-1,4791.0,2029,10.832812,0.03433029908972692,False
GTTTAACCAGGCTAGA-1,2445.0,1344,11.738241,0.011634922002930278,False
GTTTAACCAGTAAGTA-1,4470.0,2129,7.6957493,0.052544613350958363,False
GTTTAACCAGTCTAAT-1,4709.0,2188,8.218306,0.008391273076000958,False
GTTTAACCATAAGCAA-1,1817.0,1000,23.44524,0.03277439024390243,False
GTTTAACCATAATCCG-1,11940.0,4071,13.031825,0.2919020715630885,True
GTTTAACCATAATGAG-1,3245.0,1567,12.542373,0.12720519962859794,False
GTTTACCGTGAGCAAG-1,4569.0,2067,10.439921,0.05004812319538016,False
GTTTACCGTTGAGGTC-1,5661.0,2287,18.053347,0.06767794632438741,False
GTTTAGCAGATGCCTG-1,2529.0,1339,8.738632,0.0594961586564231,False
GTTTAGCAGGAGTCTT-1,5812.0,2410,10.254645,0.05658418411489879,False
GTTTAGCAGGGATGCG-1,6893.0,2762,15.987234,0.029868868382710054,False
GTTTAGCAGGGATTAG-1,2113.0,1192,6.672977,0.02657921988263721,False
GTTTAGCAGTAAACCC-1,3618.0,1730,4.0353785,0.09481481481481482,False
GTTTAGCAGTATTGGC-1,4039.0,2109,5.66972,0.021451104100946368,False
GTTTAGCAGTTCCTCA-1,2857.0,1547,5.565278,0.14754098360655732,False
GTTTATCTCAATGTCA-1,4545.0,2009,6.9966993,0.11098748261474266,False
GTTTATCTCCGCTAGA-1,6388.0,2864,8.155917,0.31158455392809603,True
GTTTATCTCTACCTGC-1,5190.0,2287,6.223507,0.07332101047443006,False
GTTTATCTCTTAATGG-1,2366.0,1271,5.367709,0.009630422256975885,False
GTTTCAGCAAAGCCTC-1,6853.0,2813,10.302058,0.039473684210526314,False
GTTTCAGCAACCTGGT-1,2973.0,1601,7.669021,0.08190899001109879,False
GTTTCAGCAATCTCTC-1,4538.0,2112,8.21948,0.10405083399523428,False
GTTTCAGCACAGGGAC-1,3997.0,1958,8.681511,0.023616881696916687,False
GTTTCAGCAGGTATTT-1,3071.0,1605,5.8938456,0.047693266832917705,False
GTTTCAGCATGGCCCA-1,4502.0,1895,5.908485,0.025962195399681167,False
GTTTCAGCATTGCGAC-1,5744.0,2385,11.559889,0.08931947069943286,False
GTTTCCTCAACATAAG-1,4059.0,1932,13.057404,0.03767403767403767,False
GTTTCCTCAATAGCCC-1,5753.0,2579,12.150183,0.021976855292493894,False
GTTTCCTCAATGAATG-1,8989.0,3166,13.116031,0.047693266832917705,False
GTTTCCTCAATTGACT-1,11048.0,4019,10.010861,0.421792618629174,True
GTTTCCTCACAACAAA-1,3364.0,1704,9.958383,0.07332101047443006,False
GTTTCCTCACATACTG-1,3575.0,1820,7.7202797,0.01234567901234568,False
GTTTCCTCAGGCTAAG-1,2669.0,1432,2.9973774,0.01584606677985286,False
GTTTCCTCATGGCCTG-1,1808.0,1046,8.35177,0.03680733450182013,False
GTTTCTAGTAGCCTAA-1,2304.0,1141,22.65625,0.08427729950158584,False
GTTTCTAGTCAAAGGG-1,2298.0,1283,13.620539,0.04235191384078009,False
GTTTCTAGTCACAAAT-1,3250.0,1776,4.4923077,0.04546832373446498,False
GTTTCTAGTCACCAAA-1,2625.0,1395,5.8666663,0.013079455467568288,False
GTTTCTAGTCATGAGC-1,2840.0,1521,10.211267,0.0058505850585058505,False
GTTTCTAGTGAATCGC-1,2884.0,1596,6.622746,0.03680733450182013,False
GTTTCTAGTGATCAGC-1,3106.0,1645,10.753381,0.046565237436606725,False
GTTTCTAGTGCCTCAC-1,10894.0,3793,9.711768,0.2919020715630885,True
GTTTCTAGTGTGAGAG-1,3085.0,1545,15.494328,0.01803488715876614,False
GTTTCTAGTGTGCAAC-1,2520.0,1332,11.587301,0.051277877258668406,False
GTTTCTAGTTAACGAT-1,2753.0,1543,5.5938973,0.03277439024390243,False
GTTTCTAGTTAATGCG-1,3158.0,1442,7.631412,0.047693266832917705,False
GTTTCTAGTTAGTTGG-1,4983.0,2119,11.920529,0.03596164091635589,False
GTTTCTAGTTGAAGCC-1,2275.0,1227,15.032967,0.0058505850585058505,False
GTTTCTAGTTGCAGTA-1,4552.0,2051,7.776801,0.04336283185840707,False
GTTTGCTGTCAAGTGC-1,4585.0,2176,12.889857,0.07534533277521976,False
GTTTGCTGTCTTGCAT-1,5879.0,2850,5.851335,0.01128783991790662,False
GTTTGCTGTGGAAGGC-1,2716.0,1439,7.8792343,0.07744826114785579,False
GTTTGCTGTGGACATC-1,4017.0,1928,6.248444,0.06949118986339338,False
GTTTGCTGTGGATGTC-1,1851.0,1035,18.800648,0.024185532854776367,False
GTTTGCTGTGTTCCCA-1,765.0,608,0.26143792,0.0038406827880512096,False
GTTTGCTGTTACCGGG-1,3398.0,1771,4.7380815,0.02042921997523731,False
GTTTGCTGTTTGGGCG-1,792.0,465,18.939394,0.018496420047732696,False
GTTTGTAAGAGGCTAA-1,5917.0,2483,15.565321,0.03277439024390243,False
GTTTGTAAGATGGAGC-1,4326.0,2027,16.920944,0.0385625431928127,False
GTTTGTAAGGAGGCAT-1,7874.0,3163,11.341123,0.421792618629174,True
GTTTGTAAGGATTGAG-1,6083.0,2746,6.444189,0.1900043084877208,True
GTTTGTAAGGCCTGGT-1,8880.0,3619,9.921171,0.38812042310821776,True
GTTTGTAAGTGAGCAA-1,1567.0,851,16.719847,0.02851033499643621,False
GTTTGTAAGTTACTTC-1,1257.0,836,3.18218,0.027209302325581396,False
GTTTGTAAGTTTGAGC-1,3790.0,1869,9.208443,0.05004812319538016,False
GTTTGTCGTATGGTGC-1,8663.0,3421,9.269306,0.3590909090909092,True
GTTTGTCGTCTAGCTT-1,4659.0,2110,17.965229,0.01993253603189206,False
GTTTGTCGTGATGAGG-1,2568.0,1378,11.604362,0.01758155889822231,False
GTTTGTCGTGTGCACG-1,5667.0,2552,7.728957,0.06102433708681438,False
GTTTGTCGTTAGGCGT-1,3126.0,1667,12.635957,0.03596164091635589,False
GTTTGTCGTTCACCAT-1,5116.0,2330,8.483191,0.010946117946542214,False
GTTTGTCGTTCATTTG-1,2837.0,1576,8.988368,0.04885375494071145,False
GTTTGTTTCATGGCCA-1,3710.0,1817,7.4393535,0.01626867091618305,False
GTTTGTTTCATTAGGC-1,10947.0,3684,8.020462,0.04235191384078009,False
GTTTGTTTCCACCCTG-1,2697.0,1481,9.269559,0.21972656249999997,True
GTTTGTTTCCCTGATC-1,3804.0,1993,6.072555,0.0077983458054352115,False
GTTTGTTTCCGGTATG-1,4917.0,2125,9.131584,0.04440125579309313,False
GTTTGTTTCCTGGTGA-1,2811.0,1507,7.186054,0.15977653631284908,False
GTTTGTTTCTACCTGC-1,2894.0,1516,8.949551,0.02251286449399657,False
GTTTGTTTCTGCAACG-1,5907.0,2455,12.679872,0.052544613350958363,False
TAAACAGCAACCCTAA-1,3580.0,1893,6.1452518,0.07137096774193549,False
TAAACAGCACCTAATG-1,5952.0,2581,6.8716397,0.051277877258668406,False
TAAACAGCACCTGCCT-1,3740.0,1731,9.973262,0.021451104100946368,False
TAAACAGCACTTCACT-1,3207.0,1537,10.508263,0.008092668993970167,False
TAAACAGCAGGATAAC-1,2939.0,1515,7.5535893,0.14198782961460438,False
TAAACAGCAGTAATAG-1,3316.0,1739,8.685163,0.032023106869270374,False
TAAAGCCTCAATCATG-1,2594.0,1393,7.8643026,0.01713621841417369,False
TAAAGCCTCCCGCAAA-1,2640.0,1441,7.1969695,0.018496420047732696,False
TAAAGCCTCCGTAAAC-1,4371.0,1923,7.458247,0.17379145025968837,False
TAAAGCCTCGAGCTAT-1,11405.0,3875,10.302499,0.03596164091635589,False
TAAAGCCTCTAAATCG-1,2880.0,1522,7.847222,0.07963446475195822,False
TAACAAGCAAACTGTT-1,4979.0,2299,8.053825,0.03277439024390243,False
TAACAAGCAACAGCCT-1,2210.0,1237,20.769232,0.01669865642994242,False
TAACAAGCAATAGTCT-1,3676.0,1716,7.2633295,0.04546832373446498,False
TAACAAGCACAGGGAC-1,2174.0,1178,9.429624,0.08674531575294935,False
TAACAAGCACTTCATC-1,3706.0,1833,12.0615225,0.04336283185840707,False
TAACAAGCAGGCTAAG-1,4816.0,2114,5.1287374,0.08427729950158584,False
TAACAAGCATATTGAC-1,4152.0,1944,12.5,0.04235191384078009,False
TAACCAGGTATTGGTG-1,6406.0,2663,13.175148,0.027209302325581396,False
TAACCAGGTTTGCAGA-1,4403.0,2041,13.558938,0.06423741547708492,False
TAACCGGTCAAGGACA-1,3434.0,1764,7.396622,0.06767794632438741,False
TAACCGGTCAATCTCT-1,3390.0,1676,7.109144,0.14754098360655732,False
TAACCGGTCCTTCTAG-1,2649.0,1388,7.77652,0.04546832373446498,False
TAACCGGTCGCTAAAC-1,4347.0,2065,14.906833,0.08931947069943286,False
TAACCGGTCGGCTATG-1,4465.0,1960,7.973124,0.021451104100946368,False
TAACCGGTCGGTCAAT-1,4000.0,1993,3.425,0.07744826114785579,False
TAACCGGTCTAACTGA-1,7792.0,3095,10.112936,0.21972656249999997,True
TAACCGGTCTGGCATG-1,2269.0,1212,8.9026,0.03596164091635589,False
TAACCTAAGAGGAGTC-1,6526.0,2847,11.186026,0.38812042310821776,True
TAACCTAAGCAACATC-1,5379.0,2012,5.447109,0.03767403767403767,False
TAACCTAAGCTCCTTA-1,7785.0,2894,7.270392,0.01626867091618305,False
TAACCTAAGTCACTCC-1,7750.0,3128,6.6451616,0.008092668993970167,False
TAACCTAAGTCCTTCA-1,2754.0,1461,6.8627453,0.04235191384078009,False
TAAGCCAGTAATGGAA-1,2444.0,1296,10.474632,0.03128880059597715,False
TAAGCCAGTACCGAAC-1,4565.0,2289,2.4534502,0.018496420047732696,False
TAAGCCAGTGATGAAA-1,3269.0,1798,2.8449068,0.06260387811634349,False
TAAGCCAGTGATTACG-1,5180.0,2292,9.53668,0.1367661528369957,False
TAAGCCAGTGCCGCAA-1,2911.0,1503,10.614909,0.02785286167587261,False
TAAGCCAGTGCTCCAC-1,3533.0,1867,6.3402205,0.0594961586564231,False
TAAGCCAGTGGTGAGA-1,4667.0,2281,6.0852795,0.11866393202461177,False
TAAGCCAGTTGCTTCG-1,3911.0,1865,10.329839,0.04040833687792429,False
TAAGCCTAGACAGGTA-1,3440.0,1755,8.168605,0.04136742315426601,False
TAAGCCTAGCGGGCAA-1,2629.0,1417,14.111831,0.013837388079949352,False
TAAGCCTAGCTGGCTA-1,3429.0,1688,9.740449,0.010946117946542214,False
TAAGCCTAGGCTACTG-1,3407.0,1801,10.566481,0.004569522013490969,False
TAAGCCTAGTCACTAA-1,3250.0,1651,8.030769,0.08427729950158584,False
TAAGCCTAGTTGGCCA-1,6399.0,2814,9.142054,0.1367661528369957,False
TAAGCTATCAAGCCTG-1,3236.0,1698,9.641533,0.021451104100946368,False
TAAGCTATCACTAATG-1,6800.0,2946,8.838236,0.2919020715630885,True
TAAGCTATCAGCACCA-1,6016.0,2598,12.932181,0.023616881696916687,False
TAAGCTATCCTAAGAC-1,106.0,92,4.7169814,0.011634922002930278,False
TAAGCTATCGAGCTAT-1,2574.0,1372,8.313909,0.03767403767403767,False
TAAGCTATCGCCTAAG-1,2328.0,1243,12.328178,0.0077983458054352115,False
TAAGCTATCGCTAGCA-1,3681.0,1825,9.1279545,0.04336283185840707,False
TAAGCTATCGCTCCAT-1,3466.0,1682,6.4339294,0.01896638233818364,False
TAAGCTATCTCGCCCA-1,2771.0,1378,15.806568,0.025357827115969796,False
TAAGCTGGTCAATAGT-1,4162.0,2068,6.8957233,0.09200676165177493,False
TAAGCTGGTTGTTGTC-1,4739.0,2266,16.416965,0.021451104100946368,False
TAAGCTGGTTTATTCG-1,5013.0,2286,13.724317,0.04440125579309313,False
TAAGGACCAACTAGAA-1,5950.0,2612,10.5210085,0.014225788801750865,False
TAAGGACCAATTGCGC-1,3064.0,1631,11.879895,0.06260387811634349,False
TAAGGACCACCTCACC-1,2866.0,1679,4.640614,0.1900043084877208,True
TAAGGACCACTGACCG-1,6836.0,2896,12.302516,0.33380581148121885,True
TAAGGACCACTTGTTC-1,7495.0,2937,8.08539,0.0058505850585058505,False
TAAGGACCAGCTAACC-1,12798.0,4285,11.111112,0.3590909090909092,True
TAAGGACCAGGATTAA-1,3464.0,1789,5.889146,0.06592776609975157,False
TAAGGACCATGCTATG-1,3729.0,1844,12.067578,0.04235191384078009,False
TAAGGCTTCGTTCACC-1,3869.0,1772,12.457999,0.021976855292493894,False
TAAGGCTTCTGGCTTC-1,5123.0,1976,6.870974,0.03767403767403767,False
TAAGTAGCAAGGAATC-1,3699.0,1776,11.219248,0.06949118986339338,False
TAAGTAGCAATATACC-1,3311.0,1666,4.409544,0.047693266832917705,False
TAAGTAGCAATTTAGC-1,2541.0,1309,12.514758,0.03767403767403767,False
TAAGTAGCACGTGCTG-1,4503.0,2056,21.829891,0.21972656249999997,True
TAAGTAGCAGAAATGC-1,2577.0,1364,8.808693,0.09775195756504167,False
TAAGTAGCAGGCATCT-1,2669.0,1372,7.830648,0.05658418411489879,False
TAAGTAGCATAGGCGA-1,3693.0,1727,9.125372,0.08190899001109879,False
TAAGTAGCATCCCTCA-1,4649.0,2074,12.906001,0.021976855292493894,False
TAAGTAGCATGACTAT-1,3753.0,1728,10.844658,0.24437299035369767,True
TAAGTAGCATTGACAT-1,4183.0,1959,12.096581,0.02476572958500669,False
TAAGTAGCATTGTCCT-1,2711.0,1453,13.537439,0.03513620213185945,False
TAAGTGCTCAAACACC-1,3577.0,1837,9.700867,0.021451104100946368,False
TAAGTGCTCACGTTAA-1,2409.0,1340,9.630552,0.09481481481481482,False
TAAGTGCTCACTTTAC-1,1170.0,681,24.358974,0.032023106869270374,False
TAAGTGCTCCGCAAAT-1,2914.0,1560,10.089225,0.04235191384078009,False
TAAGTGCTCCTTGCAC-1,2639.0,1414,7.540735,0.09200676165177493,False
TAAGTGCTCGCGACAC-1,1860.0,1083,7.6881723,0.023059434881455017,False
TAAGTGCTCGGGACCT-1,10381.0,3782,13.515076,0.051277877258668406,False
TAAGTGCTCGTTTCTG-1,1100.0,673,11.0,0.023616881696916687,False
TAATCACCAAACTGTT-1,3584.0,1674,7.589286,0.04136742315426601,False
TAATCACCAAAGGCCA-1,1098.0,673,18.579235,0.04235191384078009,False
TAATCACCAAGCCAGA-1,6518.0,2676,11.000307,0.07137096774193549,False
TAATCACCAATAATGG-1,5645.0,2429,9.495129,0.06767794632438741,False
TAATCACCAATTGAGA-1,3010.0,1659,7.7408643,0.0053278081989048395,False
TAATCACCACCCACCT-1,3507.0,1758,10.778442,0.06949118986339338,False
TAATCACCACTCGCTC-1,5387.0,2226,8.798961,0.0580168776371308,False
TAATCACCAGAGAGCC-1,3838.0,1808,12.193851,0.025357827115969796,False
TAATCACCAGCAATAA-1,3197.0,1741,12.543009,0.01234567901234568,False
TAATCACCAGTACCGT-1,3856.0,1785,7.0798755,0.14754098360655732,False
TAATCACCATACTCCT-1,6727.0,2743,11.476141,0.01128783991790662,False
TAATCACCATCAGTAT-1,6021.0,2852,6.24481,0.02476572958500669,False
TAATCCGCAAACGGGC-1,4657.0,2341,4.938802,0.09775195756504167,False
TAATCCGCAAGACTCC-1,11589.0,4116,8.56847,0.5653179190751447,True
TAATCCGCAGCAACCT-1,2578.0,1474,8.572536,0.019445007089325502,False
TAATCCGCAGTAGGAT-1,5451.0,2316,8.787378,0.024185532854776367,False
TAATCCGCATGTGGGA-1,2618.0,1431,8.785332,0.03767403767403767,False
TAATCCGCATTGACAT-1,4052.0,1913,9.723594,0.07137096774193549,False
TAATGCATCAATGTGC-1,3377.0,1756,7.2549605,0.03680733450182013,False
TAATGCATCAATTACG-1,4808.0,2295,9.83777,0.17379145025968837,False
TAATGCATCACCAATA-1,9816.0,3363,13.926242,0.06949118986339338,False
TAATGCATCCAGCACA-1,10530.0,3621,7.2649574,0.03277439024390243,False
TAATGCATCCGCAACA-1,4823.0,2211,8.625337,0.05519591141396934,False
TAATGCATCGGTTCCT-1,4049.0,2069,4.988886,0.025962195399681167,False
TAATGCATCGTTTCCA-1,2060.0,1169,7.2330093,0.047693266832917705,False
TAATGCATCTAAGTGC-1,5125.0,2354,11.512196,0.0580168776371308,False
TAATGCATCTATTGTC-1,150.0,124,12.666666,0.009951899154088572,False
TAATGCATCTCAATTC-1,3686.0,1682,4.747694,0.09775195756504167,False
TAATGCATCTCCTCAA-1,2705.0,1519,4.731978,0.01758155889822231,False
TAATGCATCTCCTCTT-1,6699.0,2809,7.3593073,0.014225788801750865,False
TAATGCATCTTAATGG-1,3240.0,1628,7.3765435,0.11866393202461177,False
TAATGGACACCTGCCT-1,12757.0,4547,9.508506,0.11866393202461177,False
TAATGGACATAGCAGG-1,4857.0,2234,12.518016,0.014620689655172414,False
TAATGGTGTAACAGGG-1,6552.0,2754,13.8431015,0.04336283185840707,False
TAATGGTGTATGGTGC-1,2753.0,1438,11.006175,0.01128783991790662,False
TAATGGTGTCAATAGT-1,4812.0,2301,9.64256,0.046565237436606725,False
TAATGGTGTGACATAT-1,1121.0,614,25.780552,0.05004812319538016,False
TAATGGTGTGTTTGTC-1,4672.0,1936,14.511986,0.06260387811634349,False
TAATGGTGTTAAGTGT-1,6381.0,2672,16.063313,0.06102433708681438,False
TAATGGTGTTCAAGCA-1,2244.0,1099,14.928699,0.030570902394106814,False
TAATGGTGTTCGGGAT-1,1540.0,890,9.155844,0.06949118986339338,False
TAATGGTGTTTGGTTC-1,1677.0,918,20.512821,0.33380581148121885,True
TAATTGCCAAATGCCC-1,7472.0,3337,6.9994645,0.024185532854776367,False
TAATTGCCAACTAACT-1,2406.0,1233,9.310059,0.06767794632438741,False
TAATTGCCAAGGTCCT-1,2480.0,1320,14.153226,0.009313725490196078,False
TAATTGCCAAGTTATC-1,4619.0,1968,8.270188,0.039473684210526314,False
TAATTGCCACCGGTAT-1,3133.0,1634,10.7245455,0.01896638233818364,False
TAATTGCCAGGCGAGT-1,1390.0,687,17.338129,0.021976855292493894,False
TAATTGCCATAGGCGA-1,2527.0,1339,10.882469,0.03433029908972692,False
TAATTGCCATGATTGT-1,3470.0,1547,4.236311,0.12720519962859794,False
TAATTGCCATGTCAAT-1,4496.0,1989,10.520463,0.09200676165177493,False
TACAACATCACAGACT-1,3053.0,1684,7.206027,0.003603985584057664,False
TACAACATCATAATCG-1,3008.0,1406,7.3138294,0.11866393202461177,False
TACAACATCATTGCAA-1,4406.0,1976,10.145257,0.01669865642994242,False
TACAACATCCCTCAGT-1,4165.0,1880,7.3949585,0.07744826114785579,False
TACAACATCCCTGTTA-1,3919.0,1869,11.099771,0.06102433708681438,False
TACAACATCTACCTCA-1,3296.0,1744,0.3640777,0.014225788801750865,False
TACAACATCTACTAAG-1,2807.0,1576,8.977556,0.01128783991790662,False
TACAAGCTCGAAGTGA-1,2599.0,1494,9.965371,0.047693266832917705,False
TACAAGCTCGCTATAA-1,5550.0,2485,16.018019,0.027209302325581396,False
TACAAGCTCTGTGAGT-1,12710.0,4112,9.488591,0.46131805157593153,True
TACAAGCTCTTGGATA-1,6207.0,2247,7.8782024,0.032023106869270374,False
TACAATGTCAAACTCA-1,11730.0,4174,7.817562,0.31158455392809603,True
TACAATGTCACCTGCT-1,5779.0,2416,9.274961,0.05004812319538016,False
TACAATGTCGCAATCG-1,5830.0,2696,7.186964,0.2585915492957747,True
TACAATGTCTATGACA-1,6516.0,2752,7.811541,0.032023106869270374,False
TACAATGTCTTGTTCG-1,6106.0,2696,8.565346,0.24437299035369767,True
TACAGCTAGCAGGTGG-1,3784.0,1725,4.9154334,0.07332101047443006,False
TACAGCTAGGCAAGTA-1,4396.0,1838,9.940855,0.17379145025968837,False
TACAGCTAGGCATTGT-1,6006.0,2421,18.431568,0.0594961586564231,False
TACAGCTAGTGTGATC-1,2079.0,1026,10.53391,0.039473684210526314,False
TACAGGTTCATGGCTG-1,2895.0,1357,9.775475,0.06767794632438741,False
TACAGGTTCCAGGAAA-1,2776.0,1406,15.706052,0.05004812319538016,False
TACAGGTTCCCGAAGC-1,2063.0,1204,9.936985,0.03767403767403767,False
TACAGGTTCCCGTTGT-1,3257.0,1678,10.868898,0.03596164091635589,False
TACAGGTTCGCAATCG-1,5540.0,2334,9.729241,0.02785286167587261,False
TACAGGTTCGTGCCTT-1,2877.0,1530,13.625304,0.07137096774193549,False
TACAGGTTCTAGCGTG-1,2170.0,1232,8.847926,0.12720519962859794,False
TACAGGTTCTGTTGCC-1,3116.0,1569,9.980745,0.08190899001109879,False
TACATCAAGACTCGCA-1,3126.0,1581,9.692899,0.07534533277521976,False
TACATCAAGCGTGCAC-1,5608.0,2485,14.639801,0.02476572958500669,False
TACATCAAGCTGAGGG-1,6252.0,2236,9.5649395,0.03513620213185945,False
TACATCAAGCTTAACA-1,5616.0,2571,8.725071,0.05658418411489879,False
TACATCAAGGAACGGT-1,7976.0,2845,12.512538,0.009313725490196078,False
TACATCAAGGAGGTTA-1,3185.0,1681,3.6420722,0.039473684210526314,False
TACATCAAGGATGATG-1,4403.0,1989,10.992505,0.04136742315426601,False
TACATCAAGGTACCGC-1,2593.0,1515,1.9668337,0.01584606677985286,False
TACATCAAGTAACCCG-1,3768.0,1821,11.119957,0.032023106869270374,False
TACATCAAGTGAACGA-1,5241.0,2264,13.985881,0.03596164091635589,False
TACCAAATCGTTTCTG-1,2808.0,1505,11.324786,0.07534533277521976,False
TACCAAATCTAAGTGC-1,3478.0,1707,9.459459,0.15977653631284908,False
TACCAAATCTTACTCG-1,6829.0,2909,7.907453,0.3590909090909092,True
TACCAGGTCAATCATG-1,5009.0,2279,6.4284286,0.005587424569768309,False
TACCAGGTCAGGAAGC-1,3063.0,1760,5.2889323,0.03596164091635589,False
TACCAGGTCATGGCCA-1,3749.0,1842,9.149107,0.17379145025968837,False
TACCAGGTCCCGCCTA-1,3638.0,1787,13.826278,0.06949118986339338,False
TACCAGGTCCTGATGG-1,3983.0,2017,8.53628,0.02093531923757942,False
TACCAGGTCCTGGCTT-1,3646.0,1579,6.74712,0.11472602739726025,False
TACCAGGTCTGCAACG-1,6114.0,2563,9.142951,0.04136742315426601,False
TACCCGGCACACCAAC-1,2705.0,1514,9.759704,0.027209302325581396,False
TACCCGGCACAGAACG-1,2981.0,1487,8.252265,0.14198782961460438,False
TACCCGGCATTGCGTA-1,2569.0,1385,8.719346,0.04040833687792429,False
TACCGAAGTAACCACA-1,2408.0,937,4.2358804,0.01626867091618305,False
TACCGAAGTAACGAGG-1,3479.0,1814,8.594423,0.05519591141396934,False
TACCGAAGTACCTTAC-1,3001.0,1378,28.257248,0.06592776609975157,False
TACCGAAGTGACCTGG-1,8130.0,3181,11.082411,0.027209302325581396,False
TACCGAAGTGCCGCAA-1,9430.0,3690,8.04878,0.021451104100946368,False
TACCGAAGTTAGGCTA-1,9588.0,3474,12.943262,0.12720519962859794,False
TACCGAAGTTTGTCTA-1,2719.0,1385,9.157779,0.08674531575294935,False
TACCGCAAGGGACTAA-1,2931.0,1573,11.907199,0.052544613350958363,False
TACCGCAAGGTAAGCA-1,3585.0,1828,7.4198046,0.025962195399681167,False
TACCGCAAGGTGAAGC-1,5067.0,2194,17.426485,0.10405083399523428,False
TACCGCAAGTCAATTG-1,2589.0,1489,10.930861,0.0385625431928127,False
TACCGCAAGTGAGAGC-1,1051.0,555,37.107513,0.02851033499643621,False
TACCGTTGTAACGAGG-1,2814.0,1367,12.224591,0.21972656249999997,True
TACCGTTGTACTAAAC-1,5001.0,2121,11.437713,0.019445007089325502,False
TACCGTTGTGTCCAAA-1,1754.0,1030,8.09578,0.03128880059597715,False
TACCGTTGTGTTAGCA-1,1397.0,930,4.2233357,0.03513620213185945,False
TACCGTTGTTAGTGAT-1,2847.0,1525,7.867931,0.03513620213185945,False
TACCGTTGTTCCTGAT-1,3521.0,1750,14.030105,0.03767403767403767,False
TACCGTTGTTCGCGCT-1,4783.0,2243,7.401212,0.008092668993970167,False
TACCGTTGTTGTTGGA-1,3760.0,1723,7.5000005,0.046565237436606725,False
TACCTCATCAAACACC-1,7708.0,2915,9.094448,0.08190899001109879,False
TACCTCATCAGCACCA-1,12383.0,4048,6.8642497,0.2919020715630885,True
TACCTCATCCACCCTG-1,3644.0,1912,6.2294183,0.015022255192878337,False
TACCTCATCCCGCCTA-1,7424.0,3071,13.429419,0.11098748261474266,False
TACCTCATCTCCATAT-1,7113.0,2744,7.7604384,0.025962195399681167,False
TACCTCATCTCTAGCC-1,3982.0,1807,12.707183,0.06260387811634349,False
TACCTCATCTGTTGCC-1,3113.0,1726,7.7738514,0.011987491313412093,False
TACCTGCTCATTATGG-1,3160.0,1570,10.79114,0.005071664829106946,False
TACCTGCTCCGGTTGA-1,2346.0,1270,12.361466,0.03767403767403767,False
TACCTGCTCCGTCCAT-1,7346.0,3152,9.692349,0.11866393202461177,False
TACCTGCTCCTAATAG-1,2953.0,1441,6.6373177,0.07137096774193549,False
TACCTGCTCTAGCGTG-1,4090.0,2137,8.704157,0.02657921988263721,False
TACCTTAGTGGACCTG-1,13902.0,3998,10.048914,0.08190899001109879,False
TACCTTAGTGTCCAGG-1,3095.0,1654,11.308562,0.009001703024896602,False
TACCTTAGTTCAAGAT-1,4855.0,2183,16.354273,0.06949118986339338,False
TACCTTTAGCAGCTAT-1,2946.0,1542,12.2878475,0.01758155889822231,False
TACCTTTAGCCTAATA-1,6166.0,2934,5.2059684,0.02251286449399657,False
TACCTTTAGGATAAAC-1,8006.0,3111,9.955033,0.02851033499643621,False
TACCTTTAGGCGCACT-1,6738.0,2751,11.472247,0.06423741547708492,False
TACGCACCAAAGCCTC-1,7751.0,3080,12.617726,0.04440125579309313,False
TACGCACCAGAACCGA-1,2942.0,1657,7.409925,0.02042921997523731,False
TACGCACCAGGGAGCT-1,8845.0,3286,9.677784,0.047693266832917705,False
TACGCACCATAAGTTC-1,3434.0,1749,7.7169476,0.03433029908972692,False
TACGCACCATAGCTGC-1,4238.0,2011,5.4742804,0.04440125579309313,False
TACGCTTGTACCTTAC-1,3183.0,1736,5.749293,0.10082730093071354,False
TACGCTTGTACGCGCA-1,4741.0,2014,7.5933347,0.01626867091618305,False
TACGCTTGTCATGAGC-1,5918.0,2421,10.037175,0.23147675012774666,True
TACGCTTGTCTAGCTT-1,11750.0,4184,8.782978,0.3590909090909092,True
TACGCTTGTGAGCGAA-1,6128.0,2574,17.575066,0.01896638233818364,False
TACGCTTGTGCATTAG-1,3237.0,1678,8.71177,0.14198782961460438,False
TACGCTTGTGGCTTCC-1,6638.0,2814,9.23471,0.2919020715630885,True
TACGCTTGTTAGTTGG-1,2281.0,1247,9.162648,0.04136742315426601,False
TACGCTTGTTCTTTAG-1,4738.0,1997,11.270578,0.06260387811634349,False
TACGCTTGTTGGTTCT-1,9928.0,3643,7.6248994,0.38812042310821776,True
TACGCTTGTTTCGCCA-1,7498.0,3113,10.33609,0.10405083399523428,False
TACGGATTCCATTACT-1,4787.0,2339,8.230624,0.12720519962859794,False
TACGGATTCCCTGGAA-1,3256.0,1691,10.56511,0.047693266832917705,False
TACGGATTCCTGAGTG-1,3487.0,1718,9.693146,0.20897615708274905,True
TACGGATTCTCACATT-1,2587.0,1177,19.366062,0.01758155889822231,False
TACGGATTCTTGAGGT-1,11419.0,3962,5.595937,0.04136742315426601,False
TACGGTTAGAGAAGGG-1,1938.0,1126,7.7399383,0.07332101047443006,False
TACGGTTAGGATAAAC-1,7185.0,2978,7.0146136,0.047693266832917705,False
TACGGTTAGGCGCTTA-1,3019.0,1580,10.069559,0.06592776609975157,False
TACGGTTAGTTATTCC-1,2939.0,1597,8.744471,0.0077983458054352115,False
TACGTAATCGCTTCTA-1,4328.0,1807,2.1487985,0.07137096774193549,False
TACGTAATCTAAGGTC-1,2917.0,1468,14.055536,0.12720519962859794,False
TACGTACAGAAAGGAA-1,9033.0,3517,9.620281,0.27434679334916884,True
TACGTACAGCTTACTT-1,4456.0,2030,4.3312387,0.06423741547708492,False
TACGTACAGGCATGTT-1,192.0,134,14.583333,0.01128783991790662,False
TACGTACAGGTACCGC-1,9590.0,3506,7.372263,0.006117362736953402,False
TACGTACAGTATGTGC-1,3051.0,1441,7.9318256,0.023616881696916687,False
TACGTACAGTTAGAGG-1,4367.0,1877,8.678727,0.02851033499643621,False
TACGTTAAGGTCCGTA-1,2241.0,1222,9.103079,0.08427729950158584,False
TACGTTAAGGTTAGCT-1,6926.0,3025,10.092405,0.05385002516356318,False
TACTAAGTCAGGTTTA-1,3127.0,1574,9.274065,0.06592776609975157,False
TACTAAGTCATGGCCA-1,3769.0,1857,2.8920138,0.019445007089325502,False
TACTCAAAGCACAGAA-1,5468.0,2425,12.728603,0.046565237436606725,False
TACTCAAAGTAAAGGT-1,2736.0,1411,10.599415,0.025962195399681167,False
TACTCAAAGTAGCGGG-1,2111.0,1105,10.232118,0.04885375494071145,False
TACTCAAAGTGCACGC-1,2974.0,1574,5.6153326,0.006387832699619771,False
TACTCGCTCGTGCTTC-1,2844.0,1449,6.9971867,0.07534533277521976,False
TACTCGCTCGTTTCTG-1,2711.0,1231,7.008484,0.06423741547708492,False
TACTGACAGCTGAGGG-1,1966.0,1121,10.783317,0.009001703024896602,False
TACTGACAGGCTGTCA-1,5311.0,2297,15.044249,0.02785286167587261,False
TACTGACAGTAAGTCC-1,5859.0,2628,16.129032,0.04336283185840707,False
TACTGACAGTATCGCG-1,4128.0,1881,9.738372,0.029182178455626276,False
TACTGAGGTACAAAGA-1,3657.0,1611,13.699754,0.03767403767403767,False
TACTGAGGTCAATACG-1,3434.0,1647,3.1450205,0.02093531923757942,False
TACTGAGGTGAGACTC-1,3758.0,1773,18.041512,0.06949118986339338,False
TACTGAGGTGAGCGAA-1,2313.0,1256,14.310419,0.007508212106992022,False
TACTGAGGTGCATCGG-1,3894.0,1927,4.9820237,0.025357827115969796,False
TACTGAGGTGTGCAAC-1,8577.0,3269,8.8958845,0.03767403767403767,False
TACTGAGGTTAACAGT-1,3112.0,1673,6.6516714,0.008391273076000958,False
TACTGAGGTTACTAGG-1,1327.0,785,18.38734,0.023616881696916687,False
TACTGAGGTTCCTGAT-1,4693.0,2138,14.766674,0.06767794632438741,False
TACTGCACAAGGATTA-1,4211.0,2051,7.314177,0.039473684210526314,False
TACTGCACAATATAGG-1,4462.0,1877,8.987001,0.051277877258668406,False
TACTGCACACCTGCCT-1,3986.0,1826,12.443552,0.019445007089325502,False
TACTGCACAGCTTACA-1,3208.0,1741,8.167082,0.09200676165177493,False
TACTGCACATCTTGAG-1,11619.0,3850,8.976676,0.33380581148121885,True
TACTGGCCACCTGCTC-1,3237.0,1693,4.1705284,0.05004812319538016,False
TACTGGCCAGCATGTC-1,4922.0,2225,10.910199,0.07534533277521976,False
TACTGGCCAGGCTTGT-1,7472.0,2893,9.836723,0.046565237436606725,False
TACTGGCCATAATCGT-1,4075.0,1886,11.656442,0.05519591141396934,False
TACTGGCCATAGCTGC-1,4348.0,2091,6.8077273,0.02042921997523731,False
TACTGGCCATCGCTTT-1,6898.0,2895,6.219194,0.31158455392809603,True
TACTGGCCATGAAGTA-1,3292.0,1689,7.4422846,0.01626867091618305,False
TACTGGCCATTGTCAG-1,3614.0,1776,13.337022,0.06592776609975157,False
TACTTCGTCACTCAAA-1,4328.0,1951,7.6478744,0.03128880059597715,False
TACTTCGTCATAAGCC-1,4451.0,2093,11.503034,0.04885375494071145,False
TACTTCGTCATGACCG-1,3383.0,1729,8.424475,0.04336283185840707,False
TACTTCGTCATTGACA-1,4605.0,2261,6.102063,0.01584606677985286,False
TACTTCGTCCCTCGCA-1,5835.0,2419,15.886889,0.052544613350958363,False
TACTTCGTCCGGTATG-1,3147.0,1640,5.3066416,0.06949118986339338,False
TACTTCGTCCTCAGTC-1,4205.0,1965,8.894174,0.24437299035369767,True
TACTTCGTCTAATTGG-1,7764.0,3174,10.162287,0.24437299035369767,True
TACTTCGTCTCTAGCC-1,3050.0,1619,3.0491803,0.014620689655172414,False
TACTTGTTCGTCATTT-1,2905.0,1459,9.535284,0.04885375494071145,False
TACTTGTTCTAGCGTG-1,2619.0,1498,7.980145,0.06592776609975157,False
TAGACCAGTACCTTAC-1,2805.0,1409,9.661319,0.04440125579309313,False
TAGACCAGTATTGAGT-1,6573.0,2724,12.794765,0.04040833687792429,False
TAGACCAGTCTTTATG-1,11302.0,3757,11.086534,0.04336283185840707,False
TAGACCAGTGGACATC-1,5546.0,2361,14.334657,0.007508212106992022,False
TAGACCAGTTAACACG-1,4729.0,2232,12.243603,0.02042921997523731,False
TAGACCAGTTAGTGAT-1,6141.0,2553,11.431363,0.012709620476610766,False
TAGACCAGTTTAACCC-1,5364.0,2423,13.217747,0.010278265229380797,False
TAGACCAGTTTCCTCC-1,3030.0,1588,10.495049,0.012709620476610766,False
TAGACCAGTTTGCAGA-1,3332.0,1647,7.3529415,0.03433029908972692,False
TAGAGCCGTAACGTGC-1,10721.0,3964,9.737898,0.27434679334916884,True
TAGAGCCGTCGCAATA-1,7326.0,3161,8.176358,0.3590909090909092,True
TAGAGCCGTCTTGCAT-1,852.0,540,17.018778,0.013455328310010764,False
TAGAGCCGTGCATCGG-1,5835.0,2234,11.156813,0.10082730093071354,False
TAGAGCCGTGTTAAAC-1,2761.0,1377,6.9540024,0.04235191384078009,False
TAGAGCCGTTAGAGCC-1,1464.0,900,7.7185793,0.0385625431928127,False
TAGAGCCGTTAGGTTG-1,5223.0,2380,11.6599655,0.0580168776371308,False
TAGCAGGCAACCCTAA-1,3080.0,1616,6.8831167,0.00481892523364486,False
TAGCAGGCAACTCGCG-1,10901.0,3703,12.842857,0.07332101047443006,False
TAGCAGGCAATCCCTT-1,3895.0,1934,9.370989,0.052544613350958363,False
TAGCAGGCAATCCTAG-1,5544.0,2548,5.501443,0.06949118986339338,False
TAGCAGGCAGGCGATA-1,5205.0,2356,13.871278,0.00432338953739732,False
TAGCAGGCATCGCTTT-1,3230.0,1593,15.108358,0.03596164091635589,False
TAGCATATCCGTTAAA-1,2939.0,1579,6.873086,0.10405083399523428,False
TAGCATATCTCACACC-1,6012.0,2451,7.2687955,0.03433029908972692,False
TAGCATATCTTAGCCC-1,6750.0,2674,14.711112,0.0385625431928127,False
TAGCCGGGTCGACTAA-1,2756.0,1203,3.701016,0.029182178455626276,False
TAGCCGGGTCTTTATG-1,4222.0,1847,10.682141,0.05004812319538016,False
TAGCCGGGTGAATCGC-1,3643.0,1757,8.45457,0.10743353228431904,False
TAGCCGGGTGATTACG-1,2957.0,1599,11.66723,0.01758155889822231,False
TAGCCGGGTGTTAGCA-1,7876.0,3238,11.439817,0.33380581148121885,True
TAGCCGGGTGTTTCAC-1,1850.0,1049,7.72973,0.05004812319538016,False
TAGCCGGGTTATCGAG-1,6335.0,2695,9.3291235,0.06767794632438741,False
TAGCCGGGTTTAGCGA-1,5774.0,2509,11.62106,0.21972656249999997,True
TAGCCGGGTTTGGCGG-1,2151.0,1238,7.345421,0.1900043084877208,True
TAGCCTCTCAAGTGTC-1,11091.0,3618,12.181047,0.11866393202461177,False
TAGCCTCTCATCCACC-1,5033.0,2361,5.8414464,0.025962195399681167,False
TAGCCTCTCATCCTCA-1,3545.0,1857,8.660085,0.07963446475195822,False
TAGCCTCTCATTAGCA-1,3014.0,1687,5.6735234,0.05004812319538016,False
TAGCCTCTCATTAGTG-1,6412.0,2611,8.671241,0.04885375494071145,False
TAGCCTCTCCACCTGT-1,3267.0,1676,9.182736,0.03433029908972692,False
TAGCCTCTCCGCAACA-1,4255.0,1834,9.024676,0.04440125579309313,False
TAGCCTCTCCTCCCTC-1,4741.0,2155,4.113056,0.014620689655172414,False
TAGCCTCTCGATTTGA-1,2948.0,1486,9.056988,0.03128880059597715,False
TAGCCTCTCTTAGCGG-1,3197.0,1599,11.729746,0.07137096774193549,False
TAGCCTGAGACAGGCG-1,2469.0,1338,9.437019,0.03767403767403767,False
TAGCCTGAGCAAACCT-1,3900.0,1901,6.1538463,0.05519591141396934,False
TAGCCTGAGCATTTCT-1,1961.0,1222,4.7424784,0.04885375494071145,False
TAGCCTGAGGCTAAGA-1,6317.0,2562,10.7012825,0.04235191384078009,False
TAGCCTGAGGGTCCAC-1,4500.0,2041,14.0222225,0.06423741547708492,False
TAGCCTGAGGTCTTGG-1,2586.0,1436,11.2529,0.023059434881455017,False
TAGCCTTGTAGCTGGT-1,2091.0,1172,10.473457,0.03596164091635589,False
TAGCCTTGTAGGATTT-1,1898.0,1007,23.603794,0.015430655569063874,False
TAGCCTTGTCGACTCC-1,12309.0,4005,8.928427,0.2919020715630885,True
TAGCCTTGTGCTAGAC-1,2074.0,1144,10.02893,0.03513620213185945,False
TAGCCTTGTGTGCACG-1,2954.0,1560,12.0514555,0.008694252133311868,False
TAGCCTTGTTACCTGT-1,3063.0,1630,11.524649,0.023059434881455017,False
TAGCCTTGTTGAGGTC-1,6316.0,2706,13.204559,0.06949118986339338,False
TAGCCTTGTTTGCGCC-1,3688.0,1923,2.494577,0.021451104100946368,False
TAGCGCGGTAGGTTGC-1,8123.0,3222,12.790841,0.23147675012774666,True
TAGCGCGGTCATCCTG-1,2616.0,1394,11.0474,0.07744826114785579,False
TAGCGCGGTCCTAAGA-1,4310.0,1692,8.839908,0.02042921997523731,False
TAGCGCGGTCGTTATC-1,5689.0,2582,12.849358,0.05385002516356318,False
TAGCGCGGTGATTACG-1,2180.0,1204,13.394496,0.008391273076000958,False
TAGCGCGGTTACAAAC-1,4416.0,2063,16.508152,0.01896638233818364,False
TAGCGGACAAATGCCC-1,3975.0,1959,13.308176,0.02251286449399657,False
TAGCGGACAACAGGAT-1,3294.0,1679,10.261081,0.005071664829106946,False
TAGCGGACAATTGAGA-1,6955.0,2933,10.323508,0.04885375494071145,False
TAGCGGACACTTACAG-1,5745.0,2670,5.831157,0.03596164091635589,False
TAGCGGACACTTCACT-1,4143.0,1911,9.6548395,0.08190899001109879,False
TAGCGGACAGAAACGT-1,2528.0,1203,26.81962,0.019445007089325502,False
TAGCGGACAGAAATTG-1,4624.0,1905,6.5311418,0.10743353228431904,False
TAGCGGACATGAAATG-1,2728.0,1403,9.31085,0.08427729950158584,False
TAGCGGCTCAATTACG-1,3317.0,1730,12.722339,0.012709620476610766,False
TAGCGGCTCACACAGT-1,2301.0,1089,13.124728,0.02657921988263721,False
TAGCGGCTCAGTGAAG-1,2074.0,1212,9.932498,0.051277877258668406,False
TAGCGGCTCATGCGTG-1,2667.0,1352,17.397825,0.005587424569768309,False
TAGCGGCTCCGGCTAA-1,2623.0,1429,9.9504385,0.12720519962859794,False
TAGCGGCTCCTGGTGA-1,5568.0,2469,14.098419,0.2585915492957747,True
TAGCGGCTCGCTAAAC-1,2823.0,1432,11.618845,0.10082730093071354,False
TAGCGGCTCGCTAGCA-1,3462.0,1763,7.770075,0.03277439024390243,False
TAGCGGCTCGTGCTTC-1,4239.0,1923,22.505306,0.039473684210526314,False
TAGCGGCTCTTAGTGA-1,3664.0,1815,10.398472,0.01896638233818364,False
TAGCTAATCAATCATG-1,2922.0,1544,9.034908,0.12720519962859794,False
TAGCTAATCCTTAATC-1,7272.0,2966,7.0132008,0.06592776609975157,False
TAGCTAATCGATAACC-1,6929.0,2766,9.351998,0.05004812319538016,False
TAGCTAATCTAACTGA-1,4201.0,1837,7.926684,0.03596164091635589,False
TAGCTAGGTAGCTGGT-1,7177.0,2880,10.018113,0.23147675012774666,True
TAGCTAGGTCAAAGAA-1,3467.0,1665,9.720219,0.07963446475195822,False
TAGCTAGGTGTTGCTT-1,2918.0,1505,11.651816,0.03596164091635589,False
TAGCTAGGTTAAGTGT-1,3326.0,1600,10.583283,0.10082730093071354,False
TAGCTAGGTTATAGCG-1,2708.0,1290,12.518464,0.08931947069943286,False
TAGCTAGGTTGACTTC-1,4888.0,2232,5.237316,0.06767794632438741,False
TAGCTAGGTTTCCTCC-1,4417.0,1887,7.3126554,0.18159203980099492,True
TAGCTAGGTTTCGCGC-1,4355.0,2047,9.873709,0.01669865642994242,False
TAGCTAGGTTTGGGTA-1,6211.0,2775,9.917888,0.24437299035369767,True
TAGCTTAAGAACAAGT-1,3102.0,1476,14.023211,0.011634922002930278,False
TAGCTTAAGGACAACA-1,12243.0,4365,11.688312,0.38812042310821776,True
TAGCTTAAGGGCCACT-1,8194.0,3182,12.0331955,0.006117362736953402,False
TAGCTTAAGGGTTATC-1,3691.0,1781,10.7288,0.15977653631284908,False
TAGCTTAAGGTCCAAT-1,7842.0,3243,10.188727,0.0385625431928127,False
TAGCTTAAGTACCGCA-1,10355.0,3765,11.801063,0.24437299035369767,True
TAGCTTAAGTGAGGGT-1,2719.0,1550,5.2592864,0.0594961586564231,False
TAGCTTGCAACGTGCT-1,5181.0,2251,10.113878,0.07137096774193549,False
TAGCTTGCAATTAGGA-1,2347.0,1256,16.531744,0.009951899154088572,False
TAGCTTGCACATTGCA-1,4411.0,2137,11.425981,0.021976855292493894,False
TAGCTTGCACCTAAGC-1,9645.0,3513,9.217211,0.039473684210526314,False
TAGCTTGCAGGCAAGC-1,2882.0,1418,8.986815,0.04336283185840707,False
TAGGAACCAAACGCGA-1,6564.0,2693,11.98964,0.03433029908972692,False
TAGGAACCAATATAGG-1,3878.0,1913,9.979371,0.013837388079949352,False
TAGGAACCACACTAAT-1,3537.0,1532,11.139384,0.08190899001109879,False
TAGGAACCACCTGCCT-1,5452.0,2304,12.710932,0.04440125579309313,False
TAGGAACCAGCATGTC-1,2200.0,1283,13.181818,0.010946117946542214,False
TAGGAACCAGCCAGTT-1,4871.0,2133,13.795935,0.04440125579309313,False
TAGGAACCAGCTAACC-1,4155.0,1859,21.684717,0.03433029908972692,False
TAGGAACCATAGCTGC-1,3796.0,1891,9.088514,0.11098748261474266,False
TAGGAACCATCCATCT-1,2503.0,1397,7.3112264,0.0594961586564231,False
TAGGAACCATTGCGTA-1,7056.0,2854,8.00737,0.0594961586564231,False
TAGGAACCATTGTCAG-1,3350.0,1702,7.164179,0.032023106869270374,False
TAGGAGGGTACCAGGT-1,3618.0,1766,11.774461,0.01669865642994242,False
TAGGAGGGTAGTAAGA-1,2250.0,1233,15.288889,0.03277439024390243,False
TAGGAGGGTGGACATC-1,3815.0,1835,12.581913,0.09481481481481482,False
TAGGAGGGTTGGCCGA-1,4252.0,2055,12.158984,0.04885375494071145,False
TAGGAGGGTTGGTTCT-1,2918.0,1595,8.670321,0.03128880059597715,False
TAGGAGTCAAAGCTAA-1,8357.0,3305,8.627499,0.03680733450182013,False
TAGGAGTCAATATAGG-1,3856.0,1777,5.6794605,0.07332101047443006,False
TAGGAGTCAATTAAGG-1,4732.0,2153,9.636518,0.04440125579309313,False
TAGGAGTCACTGACCG-1,5096.0,2227,7.594191,0.06260387811634349,False
TAGGAGTCAGCGCTTG-1,3301.0,1922,5.149955,0.31158455392809603,True
TAGGAGTCAGGATTAA-1,1972.0,1081,9.989858,0.025357827115969796,False
TAGGAGTCAGTCTAGC-1,3465.0,1792,9.437229,0.0385625431928127,False
TAGGAGTCATGCAACC-1,2795.0,1499,6.5116277,0.03596164091635589,False
TAGGCTAGTATTGTCC-1,3338.0,1645,7.1300178,0.029182178455626276,False
TAGGCTAGTCAATAGT-1,4607.0,2129,8.639028,0.10405083399523428,False
TAGGCTAGTTAGGACC-1,3637.0,1728,10.420676,0.0580168776371308,False
TAGGCTGTCAAGTGTC-1,1564.0,873,9.910486,0.029182178455626276,False
TAGGCTGTCAGGTCCA-1,2791.0,1556,8.061626,0.00481892523364486,False
TAGGCTGTCATGTTTC-1,2505.0,1400,7.824352,0.11472602739726025,False
TAGGCTGTCCACCTGT-1,6906.0,2720,12.3226185,0.01584606677985286,False
TAGGCTGTCCCTGTTA-1,2960.0,1623,8.817568,0.009951899154088572,False
TAGGCTGTCCTCAGTC-1,3298.0,1767,7.1255302,0.04336283185840707,False
TAGGCTGTCCTGCGAA-1,5711.0,2284,20.801962,0.05519591141396934,False
TAGGCTGTCCTTGCAC-1,3971.0,1904,10.299673,0.019445007089325502,False
TAGGCTTAGAAGGTGC-1,3640.0,1656,10.274725,0.12720519962859794,False
TAGGCTTAGCGATAGA-1,4253.0,2057,12.649894,0.012709620476610766,False
TAGGCTTAGCGGTTAT-1,3479.0,1690,8.306985,0.23147675012774666,True
TAGGCTTAGGGTGAGT-1,3144.0,1633,14.28117,0.01234567901234568,False
TAGGGTTTCCAGCACA-1,4150.0,1846,5.204819,0.04440125579309313,False
TAGGGTTTCCGCACAA-1,3876.0,1931,11.919504,0.05385002516356318,False
TAGGGTTTCCTGATGG-1,2846.0,1488,10.681658,0.025962195399681167,False
TAGGGTTTCTAACCAA-1,4049.0,1939,9.730798,0.06592776609975157,False
TAGGGTTTCTAAGTCA-1,7535.0,3180,13.351029,0.5083682008368199,True
TAGGGTTTCTTGTCTG-1,2164.0,1194,6.284658,0.05658418411489879,False
TAGGTGCGTAACTACG-1,9578.0,3624,13.885988,0.31158455392809603,True
TAGGTGCGTCTTTGAC-1,1691.0,949,11.176819,0.06260387811634349,False
TAGGTGCGTGCTTACT-1,2813.0,1358,13.686456,0.02785286167587261,False
TAGGTGCGTGGACCTG-1,3076.0,1609,9.525358,0.05004812319538016,False
TAGGTGCGTGGTTCCC-1,2058.0,1133,11.127308,0.10082730093071354,False
TAGGTGCGTTGCCTCA-1,4031.0,1639,6.2019353,0.04136742315426601,False
TAGGTGCGTTTGAGGC-1,2448.0,1354,7.679739,0.08674531575294935,False
TAGGTTATCAGCACCA-1,3716.0,1837,11.114101,0.032023106869270374,False
TAGGTTATCAGGCCTA-1,4052.0,1861,14.165844,0.014620689655172414,False
TAGGTTATCATAACCA-1,3183.0,1717,7.0059695,0.047693266832917705,False
TAGGTTATCCCTCTAA-1,2069.0,1184,5.558241,0.04440125579309313,False
TAGGTTATCGATTCTT-1,3473.0,1698,9.098762,0.05004812319538016,False
TAGGTTATCGGGCCAT-1,4063.0,1981,10.607925,0.07332101047443006,False
TAGGTTATCTCGACCT-1,5762.0,2513,14.040264,0.08931947069943286,False
TAGGTTATCTGCAAGT-1,6435.0,2646,8.438228,0.030570902394106814,False
TAGGTTATCTTGCAGG-1,3355.0,1667,7.6602087,0.051277877258668406,False
TAGGTTATCTTGTCCA-1,3272.0,1600,13.966992,0.029868868382710054,False
TAGGTTGGTCACCTAT-1,1862.0,1105,7.73362,0.0385625431928127,False
TAGGTTGGTTTATCGC-1,4772.0,2163,9.262363,0.02093531923757942,False
TAGTAACGTAAGCTCA-1,6693.0,2842,6.066039,0.31158455392809603,True
TAGTAACGTAAGTCGC-1,3614.0,1838,9.131157,0.04336283185840707,False
TAGTAACGTAATCGTG-1,3352.0,1685,9.576372,0.17379145025968837,False
TAGTAACGTCACCTAT-1,4576.0,2057,15.734265,0.027209302325581396,False
TAGTAACGTCCGCTGT-1,7456.0,2902,12.593884,0.010609632873021219,False
TAGTAACGTCTTACTA-1,5141.0,2322,12.234974,0.01128783991790662,False
TAGTAACGTGAGACTC-1,4547.0,2150,12.095887,0.10405083399523428,False
TAGTAACGTGTGCAAC-1,5814.0,2464,7.757138,0.17379145025968837,False
TAGTAACGTTGGTTCT-1,1283.0,532,23.694466,0.02476572958500669,False
TAGTAAGCAACTCGCG-1,3395.0,1719,12.135493,0.05658418411489879,False
TAGTAAGCAGCAGGTA-1,5042.0,2235,11.14637,0.11472602739726025,False
TAGTACGGTAATCGGC-1,6947.0,2869,10.450554,0.030570902394106814,False
TAGTACGGTACCAGGT-1,2866.0,1486,17.376133,0.015022255192878337,False
TAGTACGGTAGCCTAA-1,3278.0,1749,11.073826,0.05385002516356318,False
TAGTACGGTAGCTAGC-1,3468.0,1678,13.408305,0.023616881696916687,False
TAGTACGGTCACTCGC-1,4846.0,2114,16.28147,0.08427729950158584,False
TAGTACGGTCTAGCTT-1,4421.0,2083,15.923999,0.051277877258668406,False
TAGTACGGTTCGCTTG-1,4263.0,1924,16.63148,0.021451104100946368,False
TAGTAGGAGCTAAAGG-1,1774.0,1043,14.261556,0.029868868382710054,False
TAGTAGGAGCTTCTCA-1,2539.0,1356,7.6801887,0.05004812319538016,False
TAGTAGGAGCTTTGGG-1,3563.0,1573,11.479091,0.04546832373446498,False
TAGTAGGAGGAGTAAT-1,4391.0,2082,13.960373,0.06423741547708492,False
TAGTAGGAGGCTACAT-1,3373.0,1598,17.99585,0.019445007089325502,False
TAGTAGGAGGCTAGAA-1,4502.0,2186,12.772101,0.10405083399523428,False
TAGTAGGAGGTTACGT-1,2817.0,1350,4.650337,0.06423741547708492,False
TAGTAGGAGTTGTCCC-1,2013.0,1225,4.8683558,0.03277439024390243,False
TAGTCAATCGATATTG-1,6787.0,2846,13.540593,0.07332101047443006,False
TAGTCAATCGATTCTT-1,6625.0,2746,10.113207,0.025962195399681167,False
TAGTCAATCGCTAAGT-1,8961.0,3410,9.228881,0.11866393202461177,False
TAGTCAATCTTGCAGG-1,5407.0,2139,5.603847,0.09775195756504167,False
TAGTGAGAGCGAGCGA-1,2809.0,1545,8.971165,0.08427729950158584,False
TAGTGAGAGCTATGAC-1,3492.0,1703,9.936998,0.07332101047443006,False
TAGTGAGAGTAAGTCC-1,4319.0,1882,6.9923596,0.01713621841417369,False
TAGTGAGAGTTGTCTT-1,9128.0,3254,9.826906,0.31158455392809603,True
TAGTGAGAGTTTGGGT-1,3268.0,1598,7.0991435,0.07534533277521976,False
TAGTGGCGTCCTAGTT-1,2523.0,1332,10.622274,0.021976855292493894,False
TAGTGGCGTGGAAGGC-1,2456.0,1278,6.0667753,0.08427729950158584,False
TAGTGGCGTGTTCCCA-1,2278.0,1179,3.072871,0.04136742315426601,False
TAGTGGCGTGTTGCAA-1,5694.0,2655,12.135582,0.31158455392809603,True
TAGTGGCGTTAAGCGC-1,1015.0,585,13.59606,0.04136742315426601,False
TAGTGGCGTTGGTTGA-1,1756.0,911,13.211844,0.07744826114785579,False
TAGTGGCGTTTAACGG-1,3986.0,1855,19.719017,0.03680733450182013,False
TAGTGGCGTTTGACCT-1,4378.0,2083,12.128826,0.07534533277521976,False
TAGTGTGGTAATAACC-1,7429.0,2970,11.912774,0.2585915492957747,True
TAGTGTGGTAATCGTG-1,1380.0,901,10.507246,0.051277877258668406,False
TAGTGTGGTAGCTAAT-1,3408.0,1876,4.7241783,0.03433029908972692,False
TAGTGTGGTCATTAGG-1,6993.0,3076,11.082511,0.3590909090909092,True
TAGTGTGGTCCTAACT-1,6857.0,2963,9.30436,0.38812042310821776,True
TAGTGTGGTCCTAAGA-1,2227.0,1200,19.173777,0.03513620213185945,False
TAGTGTGGTTAACGGC-1,2626.0,1423,8.377761,0.021976855292493894,False
TAGTGTGGTTACAAAC-1,4479.0,2094,9.935253,0.051277877258668406,False
TAGTTGTCACCACAAC-1,6704.0,2796,12.813246,0.01234567901234568,False
TAGTTGTCACGAATCC-1,2998.0,1639,6.4709806,0.052544613350958363,False
TAGTTGTCATAAGCAA-1,320.0,141,51.25,0.11472602739726025,False
TAGTTGTCATCGCTCC-1,3667.0,1797,10.853559,0.20897615708274905,True
TAGTTGTCATTAAACC-1,3878.0,1966,13.3316145,0.01584606677985286,False
TAGTTTGAGCAAGACA-1,10476.0,3891,12.447498,0.24437299035369767,True
TAGTTTGAGCCTAACG-1,2162.0,1263,5.2266417,0.03513620213185945,False
TAGTTTGAGCGAAGTA-1,9097.0,3221,11.740134,0.024185532854776367,False
TAGTTTGAGCTTAACA-1,5756.0,2421,18.936762,0.013079455467568288,False
TAGTTTGAGGAACCAA-1,10606.0,3727,10.258345,0.33380581148121885,True
TAGTTTGAGGTTTGCG-1,3703.0,1769,7.156359,0.06423741547708492,False
TAGTTTGAGTCTGGGC-1,2711.0,1460,14.865362,0.023616881696916687,False
TATAACCCAAGGAATC-1,2831.0,1317,24.267044,0.03767403767403767,False
TATAACCCAGGTTATT-1,2781.0,1502,9.636822,0.03680733450182013,False
TATAACCCATGTGGGA-1,3475.0,1689,6.532374,0.11866393202461177,False
TATAACCCATTGTTGG-1,2086.0,1147,8.293385,0.046565237436606725,False
TATAGCCAGACAACAG-1,2655.0,1380,7.3069677,0.05519591141396934,False
TATAGCCAGAGAGGCT-1,6799.0,2910,8.50125,0.0077983458054352115,False
TATAGCCAGCAGGTGG-1,3920.0,1887,4.770408,0.052544613350958363,False
TATAGCCAGCCACAAT-1,3938.0,1931,8.913155,0.021451104100946368,False
TATAGCCAGGATTTGC-1,4712.0,2253,11.651103,0.06260387811634349,False
TATAGCCAGTTCCCGT-1,2336.0,1345,3.7671235,0.06102433708681438,False
TATAGCTCACCTGCCT-1,12190.0,3899,11.443807,0.06592776609975157,False
TATAGCTCAGCCTTGG-1,3188.0,1593,12.892096,0.02251286449399657,False
TATAGCTCATCAGTAT-1,964.0,693,5.7053943,0.09775195756504167,False
TATAGCTCATGTCGCG-1,2826.0,1482,7.3602266,0.10405083399523428,False
TATAGGTGTAAGGTCC-1,9296.0,3512,13.371343,0.27434679334916884,True
TATAGGTGTAATCGCA-1,2552.0,1371,10.188087,0.01896638233818364,False
TATAGGTGTCAGGCCA-1,5719.0,2434,11.890191,0.08427729950158584,False
TATAGGTGTCATCAAG-1,16046.0,4966,9.198554,0.421792618629174,True
TATAGGTGTCTAACAG-1,2358.0,1297,11.195929,0.007222179078978022,False
TATAGGTGTGGATTCA-1,3448.0,1658,12.4129925,0.07534533277521976,False
TATATCCTCAAGTGTC-1,3290.0,1681,8.085106,0.04336283185840707,False
TATATCCTCAGCTAAC-1,2077.0,1200,8.136736,0.04336283185840707,False
TATATCCTCTCCATAT-1,6613.0,2890,4.7935886,0.05658418411489879,False
TATCACAAGACAGGTA-1,10423.0,3652,11.369087,0.12281757977122211,False
TATCACAAGGACAACA-1,3001.0,1625,11.096301,0.07534533277521976,False
TATCACGCAAGGTCGA-1,10942.0,3954,13.507586,0.15977653631284908,False
TATCACGCAATTAACC-1,3419.0,1795,11.143609,0.03354324636936127,False
TATCACGCACCAAAGG-1,2482.0,1294,7.3730865,0.046565237436606725,False
TATCACGCAGCAAATA-1,2905.0,1585,6.402754,0.06949118986339338,False
TATCACGCAGGAATCG-1,7037.0,2923,9.592156,0.008391273076000958,False
TATCACGCATAATCCG-1,15402.0,4717,9.661083,0.38812042310821776,True
TATCACGCATTAAGCT-1,3342.0,1761,5.774985,0.03596164091635589,False
TATCCAGCAACCTAAT-1,5724.0,2457,9.800838,0.04440125579309313,False
TATCCAGCACAGAACG-1,4110.0,1964,14.428224,0.029868868382710054,False
TATCCAGCAGCTCATA-1,5235.0,2244,11.537727,0.02093531923757942,False
TATCCAGCATCAATCG-1,2554.0,1339,9.436178,0.07744826114785579,False
TATCCGGAGATGGACA-1,5200.0,2381,12.115385,0.032023106869270374,False
TATCCGGAGCCGCAGT-1,7326.0,3027,14.469014,0.38812042310821776,True
TATCCGGAGGAACCGG-1,3919.0,1836,20.005104,0.07744826114785579,False
TATCCGGAGTCGCTAG-1,6255.0,2540,7.7697845,0.1665381649961449,False
TATCGAGGTCCAAGAC-1,11300.0,3969,11.433628,0.33380581148121885,True
TATCGAGGTTTACGTC-1,2028.0,1050,7.6429977,0.02851033499643621,False
TATCGAGGTTTGCGCC-1,2642.0,1415,13.361091,0.10405083399523428,False
TATCGCACACAACAAA-1,2612.0,1494,7.0444107,0.02785286167587261,False
TATCGCACACCTGCTC-1,3928.0,1958,7.9175153,0.009630422256975885,False
TATCGCACAGCACGTT-1,8201.0,3297,7.730765,0.38812042310821776,True
TATCGCACATACTCCT-1,4301.0,1904,11.346199,0.04336283185840707,False
TATCGCACATAGACTT-1,4511.0,2142,11.061849,0.06260387811634349,False
TATCGCACATTGTGGC-1,8569.0,3310,8.484071,0.08674531575294935,False
TATCGCGAGAGAGGCT-1,6235.0,2721,11.740176,0.02657921988263721,False
TATCGCGAGCGGATTT-1,1042.0,603,26.007675,0.032023106869270374,False
TATCGCGAGCTTGCTC-1,5626.0,2475,10.291503,0.2919020715630885,True
TATCGCGAGGCTACAT-1,2956.0,1638,3.653586,0.024185532854776367,False
TATCGCGAGGCTGGCT-1,3701.0,1865,11.915699,0.01626867091618305,False
TATCGCGAGTTACTTC-1,5697.0,2415,14.095138,0.04336283185840707,False
TATCGCGAGTTAGTTG-1,3511.0,1771,10.481344,0.029868868382710054,False
TATGAAGCAATGAGGT-1,1454.0,843,11.829435,0.10082730093071354,False
TATGAAGCACAGCCAT-1,5661.0,2492,10.192546,0.0058505850585058505,False
TATGAAGCATAACGGG-1,6901.0,3036,10.694102,0.24437299035369767,True
TATGAAGCATAAGTCT-1,4531.0,2101,14.102846,0.11098748261474266,False
TATGACATCATGAAGG-1,2673.0,1382,8.118219,0.11472602739726025,False
TATGACATCGCAGGCT-1,1428.0,868,10.644258,0.03513620213185945,False
TATGACATCTACCTCA-1,3038.0,1565,5.628703,0.06592776609975157,False
TATGACATCTGGCAAT-1,2788.0,1341,15.710187,0.06102433708681438,False
TATGACATCTTAGGGT-1,4109.0,2089,8.006814,0.03277439024390243,False
TATGACTCAATGAAGC-1,5037.0,2054,5.201509,0.11472602739726025,False
TATGACTCACTAAGAA-1,2706.0,1237,5.284553,0.08427729950158584,False
TATGACTCAGTGAACG-1,747.0,264,57.429718,0.33380581148121885,True
TATGACTCAGTTAGCC-1,4025.0,1919,9.813664,0.09481481481481482,False
TATGACTCAGTTATCG-1,6292.0,2626,10.394152,0.04546832373446498,False
TATGACTCATCTTGAG-1,2775.0,1647,12.144144,0.010946117946542214,False
TATGCATCATTAGCCA-1,7257.0,2885,13.311286,0.008092668993970167,False
TATGGATGTAACGTGC-1,4963.0,2204,18.778965,0.01626867091618305,False
TATGGATGTAGCTAAT-1,3765.0,1862,11.633466,0.013079455467568288,False
TATGGATGTCAATAGT-1,3485.0,1639,7.5753226,0.08427729950158584,False
TATGGATGTGGATTGC-1,4168.0,1918,11.684261,0.03354324636936127,False
TATGGATGTTAAGGTT-1,4077.0,1722,6.3281827,0.051277877258668406,False
TATGGATGTTGTTCAC-1,3764.0,1842,10.494156,0.018496420047732696,False
TATGGATGTTTGTTGC-1,5780.0,2672,5.7958474,0.2919020715630885,True
TATGGCCCACAGGGAC-1,2989.0,1561,7.1595855,0.03277439024390243,False
TATGGCCCACCTATAG-1,6521.0,2593,12.038032,0.06592776609975157,False
TATGGCCCACTTAGGC-1,3041.0,1686,9.437685,0.0077983458054352115,False
TATGGCCCATAAGTTC-1,3180.0,1641,14.150943,0.025962195399681167,False
TATGGCCCATAATCCG-1,3993.0,1819,8.96569,0.07534533277521976,False
TATGGCCCATGCTTAG-1,2458.0,1313,13.5476,0.039473684210526314,False
TATGGCCCATGGTTAT-1,8494.0,3465,9.995291,0.23147675012774666,True
TATGGGCGTAATAACC-1,4137.0,1923,9.572153,0.024185532854776367,False
TATGGGCGTAGTTACG-1,5618.0,2671,4.5745816,0.025357827115969796,False
TATGGGCGTATTGCAG-1,4492.0,1941,19.412289,0.27434679334916884,True
TATGGGCGTATTTGCC-1,8101.0,2972,9.307493,0.02476572958500669,False
TATGGGCGTCAAACTG-1,7245.0,2905,11.732229,0.33380581148121885,True
TATGGGCGTGTGCAAC-1,3425.0,1423,9.635036,0.03128880059597715,False
TATGGGCGTTAATGCG-1,2408.0,1285,13.372093,0.02476572958500669,False
TATGGGCGTTATAGCG-1,45487.0,8163,8.510124,0.20897615708274905,True
TATGGGCGTTCAAGCA-1,3198.0,1651,11.819887,0.029868868382710054,False
TATGGGCGTTGGATAT-1,2694.0,1343,13.808463,0.04336283185840707,False
TATGGGCGTTGGCGTG-1,219.0,141,17.80822,0.018496420047732696,False
TATGGTCAGATTCCTT-1,4241.0,1972,6.036312,0.013455328310010764,False
TATGGTCAGCACCACA-1,4681.0,2139,14.078188,0.04136742315426601,False
TATGGTCAGCTAAAGG-1,2861.0,1538,6.6410346,0.018496420047732696,False
TATGGTCAGCTCATAA-1,5109.0,2245,15.169309,0.01128783991790662,False
TATGGTCAGGAATAAC-1,1919.0,1032,11.620636,0.04440125579309313,False
TATGGTCAGGTCAAAG-1,3827.0,1921,7.6038675,0.023616881696916687,False
TATGGTCAGTTTCCTG-1,3342.0,1695,10.801915,0.039473684210526314,False
TATGTGATCAAACCGT-1,5338.0,2387,12.158112,0.01626867091618305,False
TATGTGATCACATTGA-1,2725.0,1485,12.366972,0.01669865642994242,False
TATGTGATCGATTTGA-1,3623.0,1735,7.424786,0.029182178455626276,False
TATGTGATCTCACTAT-1,3122.0,1649,9.80141,0.04136742315426601,False
TATTACCTCATGGCCA-1,3915.0,1877,10.191571,0.02042921997523731,False
TATTACCTCCCGCAAA-1,9807.0,3386,6.9338226,0.010609632873021219,False
TATTACCTCCCTCGCA-1,4745.0,2117,8.261328,0.051277877258668406,False
TATTACCTCCTAAGTA-1,11727.0,4170,12.594867,0.12720519962859794,False
TATTACCTCGCTAAAC-1,4034.0,1951,10.585027,0.01993253603189206,False
TATTACCTCTGGCATG-1,4462.0,2154,7.306141,0.02785286167587261,False
TATTACCTCTTGAGGT-1,5470.0,2505,11.480804,0.06592776609975157,False
TATTAGCCAATAATCC-1,2990.0,1572,8.060201,0.008391273076000958,False
TATTAGCCACAACCTA-1,7829.0,3120,10.665475,0.421792618629174,True
TATTAGCCACCAACCG-1,6236.0,2362,15.731237,0.0077983458054352115,False
TATTAGCCACCACAAC-1,5287.0,2315,12.369965,0.06767794632438741,False
TATTAGCCACCATATG-1,3858.0,1780,11.327112,0.06949118986339338,False
TATTAGCCAGCTACGT-1,1615.0,891,20.061918,0.01669865642994242,False
TATTAGCCATTAGGCC-1,3356.0,1619,0.5363528,0.015430655569063874,False
TATTAGGTCATCACTT-1,9300.0,3373,11.107527,0.02251286449399657,False
TATTAGGTCCCTCACG-1,14527.0,4623,10.174158,0.421792618629174,True
TATTAGGTCGATAACC-1,2249.0,1164,13.783903,0.007222179078978022,False
TATTAGGTCGCTAGCA-1,2853.0,1612,9.3936205,0.014620689655172414,False
TATTAGGTCGTTTCGC-1,3334.0,1687,12.027595,0.04040833687792429,False
TATTCGTTCATGCAAC-1,6269.0,2546,13.064284,0.0594961586564231,False
TATTCGTTCATTTGTC-1,4128.0,1962,8.406008,0.12720519962859794,False
TATTCGTTCCACCTTA-1,2454.0,1275,7.4979625,0.03513620213185945,False
TATTCGTTCCCTCTAA-1,2479.0,1343,9.560307,0.12281757977122211,False
TATTCGTTCCGCCTCA-1,6461.0,2638,11.406903,0.051277877258668406,False
TATTCGTTCCTGTTCA-1,4246.0,2086,5.7936883,0.07137096774193549,False
TATTCGTTCTGTGAGT-1,2948.0,1518,8.208955,0.10082730093071354,False
TATTGACCAATGAAGC-1,5169.0,2235,16.115303,0.10743353228431904,False
TATTGACCAGTAATAG-1,3365.0,1751,9.747399,0.03680733450182013,False
TATTGACCATGTTGGC-1,4622.0,2038,5.798356,0.14198782961460438,False
TATTTGCTCAGCTAAC-1,2776.0,1501,10.050432,0.006940160394818014,False
TATTTGCTCATGCTCC-1,2988.0,1596,7.4631863,0.24437299035369767,True
TATTTGCTCGGTAACT-1,3015.0,1460,8.490879,0.09775195756504167,False
TATTTGCTCTGGCAAT-1,3710.0,1812,5.2560644,0.051277877258668406,False
TATTTGGAGAAAGCAT-1,4966.0,2413,11.095449,0.27434679334916884,True
TATTTGGAGGGTGAAC-1,3182.0,1568,13.35638,0.09200676165177493,False
TATTTGGAGTAACCAC-1,2342.0,1309,10.29035,0.024185532854776367,False
TATTTGGAGTCACCAG-1,3376.0,1461,7.6421795,0.052544613350958363,False
TCAAACCAGAACCTAC-1,2797.0,1557,5.2913837,0.04235191384078009,False
TCAAACCAGACAACGA-1,7326.0,3005,11.984712,0.01993253603189206,False
TCAAACCAGCCACAAT-1,3719.0,1792,8.927131,0.11098748261474266,False
TCAAACCAGGAAGCTA-1,3881.0,1782,14.017005,0.046565237436606725,False
TCAAACCAGGAGGTTA-1,2429.0,1272,12.103746,0.03433029908972692,False
TCAAACCAGTAGGATG-1,4673.0,2109,13.588701,0.018496420047732696,False
TCAAACCAGTGAACGA-1,3571.0,1615,3.66844,0.07332101047443006,False
TCAAACCAGTGAAGTG-1,3856.0,1803,16.182573,0.01713621841417369,False
TCAACAATCAAAGGCA-1,5210.0,2369,15.105566,0.047693266832917705,False
TCAACAATCAAGTGTC-1,3418.0,1572,2.1942656,0.09775195756504167,False
TCAACAATCCTACCTA-1,8836.0,3246,7.7184243,0.06423741547708492,False
TCAACAATCCTCACAC-1,3359.0,1687,9.556416,0.04136742315426601,False
TCAACAATCCTGGTGA-1,11592.0,3915,8.074533,0.33380581148121885,True
TCAACAATCGATAACC-1,6096.0,2655,10.449475,0.2585915492957747,True
TCAACAATCGCAATCG-1,9221.0,3266,12.265481,0.1367661528369957,False
TCAACAATCTCCATGC-1,3435.0,1621,9.985444,0.01669865642994242,False
TCAAGAACAAGCCAGA-1,3029.0,1588,5.6784415,0.06767794632438741,False
TCAAGAACACCTCAGG-1,2113.0,1088,23.946995,0.01993253603189206,False
TCAAGAACACTTCACT-1,4483.0,2140,7.9634175,0.09481481481481482,False
TCAAGAACAGGACCAA-1,2822.0,1504,13.004962,0.023059434881455017,False
TCAAGAACAGGATGGC-1,4920.0,2310,15.691057,0.07332101047443006,False
TCAAGAACAGGCTAAG-1,2508.0,1314,14.593302,0.009951899154088572,False
TCAAGAACAGGTCCTG-1,4279.0,2096,8.132742,0.05004812319538016,False
TCAAGAACAGTAATAG-1,3200.0,1468,4.1875,0.10743353228431904,False
TCAAGACTCCTGGTCT-1,3038.0,1572,7.735352,0.10082730093071354,False
TCAAGACTCGCTATGG-1,3754.0,1872,6.0468836,0.06260387811634349,False
TCAAGCTAGAAACTGG-1,8415.0,3245,4.0522876,0.10743353228431904,False
TCAAGCTAGCTTTGTT-1,11644.0,4106,8.390588,0.2585915492957747,True
TCAAGCTAGGAACACA-1,1141.0,485,47.85276,0.2585915492957747,True
TCAAGCTAGGCCAATT-1,1198.0,876,0.1669449,0.06260387811634349,False
TCAAGCTAGGCCTTAG-1,4399.0,1841,7.0015917,0.04336283185840707,False
TCAAGCTAGTGACCTG-1,2685.0,1319,14.115456,0.08427729950158584,False
TCAAGCTAGTTACTTC-1,4990.0,2156,18.116232,0.12720519962859794,False
TCAAGCTAGTTATTCC-1,3043.0,1560,5.6851788,0.03596164091635589,False
TCAAGGAAGCAGCTCA-1,1839.0,1026,22.240349,0.04885375494071145,False
TCAAGGAAGGATGATG-1,2480.0,1344,7.6612906,0.021451104100946368,False
TCAAGGAAGGCTCATG-1,1717.0,1001,18.695398,0.04040833687792429,False
TCAAGGAAGTTCCCGT-1,1729.0,824,27.299017,0.07744826114785579,False
TCAAGGTTCACAAGCT-1,1917.0,1107,13.093374,0.03354324636936127,False
TCAAGGTTCACAGGAA-1,11231.0,4044,9.66076,0.2919020715630885,True
TCAAGGTTCACCTGCT-1,5438.0,2311,20.191246,0.019445007089325502,False
TCAAGGTTCCCAGTAG-1,4326.0,1996,13.661581,0.023616881696916687,False
TCAAGGTTCCTAAGTA-1,4751.0,2060,11.450221,0.02042921997523731,False
TCAAGGTTCCTAGTCC-1,3483.0,1972,7.2351418,0.04336283185840707,False
TCAAGGTTCCTGGTGA-1,3198.0,1648,6.9418387,0.07137096774193549,False
TCAAGGTTCGTTACAA-1,4819.0,2137,13.695786,0.025357827115969796,False
TCAAGTATCAAGTGTC-1,4843.0,2154,4.749122,0.09200676165177493,False
TCAAGTATCCCTGATC-1,7099.0,2926,13.9738,0.02851033499643621,False
TCAAGTATCCGCAACA-1,4118.0,1989,6.022341,0.08931947069943286,False
TCAAGTATCCGTAAAC-1,6772.0,2678,12.020082,0.07534533277521976,False
TCAAGTATCGCCTGTT-1,5558.0,2548,10.741274,0.023059434881455017,False
TCAAGTATCGTTTCTG-1,2458.0,1292,16.23271,0.03596164091635589,False
TCAAGTATCTATTGTC-1,4660.0,2111,9.699572,0.014225788801750865,False
TCAAGTATCTCACTAT-1,7353.0,3157,12.593499,0.38812042310821776,True
TCAAGTATCTCGCCTG-1,4790.0,1977,5.532359,0.05004812319538016,False
TCAATCGCAACTAACT-1,2351.0,1289,12.250106,0.13184713375796173,False
TCAATCGCAAGCTTAT-1,3605.0,1851,8.210818,0.00432338953739732,False
TCAATCGCAATAGTCT-1,2942.0,1602,7.273963,0.11866393202461177,False
TCAATCGCAATGCCCG-1,5843.0,2477,13.469109,0.07137096774193549,False
TCAATCGCACAGAACG-1,3175.0,1529,15.149607,0.025962195399681167,False
TCAATCGCACGAATCC-1,4421.0,1928,5.6548295,0.07744826114785579,False
TCAATCGCAGGAATCG-1,2534.0,1430,6.314128,0.07963446475195822,False
TCAATCGCATAGACTT-1,5177.0,2195,9.349044,0.029868868382710054,False
TCACATAAGAAAGCAT-1,1505.0,1007,9.235881,0.04336283185840707,False
TCACATAAGCATGTTA-1,5394.0,2416,11.994809,0.02785286167587261,False
TCACATAAGGATTTGC-1,4748.0,2046,7.139848,0.06949118986339338,False
TCACATAAGGCGGGTA-1,2834.0,1388,18.489767,0.03433029908972692,False
TCACATAAGTGGCGGA-1,2754.0,1436,7.8068266,0.08190899001109879,False
TCACCGGCACCATATG-1,3793.0,1703,6.1165304,0.04136742315426601,False
TCACCGGCAGGCCAAA-1,11196.0,3941,10.8967495,0.24437299035369767,True
TCACCGGCAGTTTGGC-1,3957.0,1805,12.989638,0.07534533277521976,False
TCACCGGCATGTCAGC-1,4319.0,2109,13.151193,0.047693266832917705,False
TCACCGGCATTATGAC-1,6284.0,2744,12.698918,0.04440125579309313,False
TCACCTCAGATAAAGC-1,2545.0,1339,11.355599,0.0594961586564231,False
TCACCTCAGCACAGCC-1,7871.0,3058,9.147503,0.2919020715630885,True
TCACCTCAGCGATAAG-1,5336.0,2312,11.394302,0.14754098360655732,False
TCACCTCAGGAGGTTA-1,3104.0,1622,10.534794,0.02785286167587261,False
TCACCTCAGGCTAGAA-1,3428.0,1872,3.9381564,0.027209302325581396,False
TCACCTCAGTTAGGCT-1,3576.0,1550,4.3624163,0.08931947069943286,False
TCACCTGGTAACCAGC-1,494.0,362,7.8947363,0.02042921997523731,False
TCACCTGGTCATAAGT-1,3225.0,1696,10.046512,0.011987491313412093,False
TCACCTGGTGGAAACG-1,2441.0,1341,10.405572,0.06102433708681438,False
TCACCTGGTTGGATAT-1,8823.0,3314,12.195398,0.039473684210526314,False
TCACCTGGTTTCCTCC-1,5907.0,2803,7.872016,0.02093531923757942,False
TCACGGATCCATTACT-1,5055.0,2139,7.101879,0.08674531575294935,False
TCACGGATCGAGCAAA-1,3376.0,1541,14.5438385,0.023059434881455017,False
TCACGGATCGGCTATG-1,3584.0,1746,13.671875,0.01669865642994242,False
TCACGGATCGTCATTT-1,3843.0,1952,8.326828,0.04885375494071145,False
TCACGGATCTCACAAA-1,11909.0,2773,4.80309,0.09200676165177493,False
TCACGGATCTTGGATA-1,4600.0,2093,6.7173915,0.046565237436606725,False
TCACTGACACCAGGTT-1,4153.0,1970,11.509752,0.08427729950158584,False
TCACTGACACGCAACT-1,7616.0,3036,14.009979,0.0580168776371308,False
TCACTGACAGCATGTC-1,3650.0,1853,9.287671,0.03513620213185945,False
TCACTGACAGCTCATA-1,4194.0,2064,5.9370527,0.05004812319538016,False
TCACTGACATTAGGCC-1,7398.0,2976,6.3395514,0.03596164091635589,False
TCAGCAAGTAATCGTG-1,4146.0,1971,11.915099,0.046565237436606725,False
TCAGCAAGTACCGGAT-1,4574.0,2206,12.898995,0.07137096774193549,False
TCAGCAAGTAGGTTAT-1,2923.0,1597,5.165925,0.03767403767403767,False
TCAGCCTTCATGCCTC-1,5111.0,2299,8.413226,0.03433029908972692,False
TCAGCCTTCATTATGG-1,9573.0,3526,8.565758,0.31158455392809603,True
TCAGCCTTCCCTCACG-1,6354.0,2866,9.94649,0.05004812319538016,False
TCAGCGATCATAATCG-1,4989.0,2243,9.601122,0.03680733450182013,False
TCAGCGATCCCTCAGT-1,3572.0,1750,5.6830907,0.005071664829106946,False
TCAGCGATCGCTAAGT-1,2976.0,1583,11.5255375,0.0058505850585058505,False
TCAGCGATCGGTAACT-1,3197.0,1636,10.572412,0.0580168776371308,False
TCAGGAGCAAACAACA-1,2117.0,1155,9.541804,0.04440125579309313,False
TCAGGAGCAACTAGCC-1,10435.0,3524,12.994729,0.02476572958500669,False
TCAGGAGCACTGACTA-1,6725.0,2820,13.36803,0.03596164091635589,False
TCAGGAGCAGCCTGCA-1,3795.0,1884,14.756258,0.0580168776371308,False
TCAGGAGCAGGTATTT-1,6779.0,2936,7.095442,0.31158455392809603,True
TCAGGAGCAGTTAGCC-1,2256.0,1207,11.037234,0.05519591141396934,False
TCAGGTCCAAACCTTG-1,2042.0,1276,7.492654,0.06260387811634349,False
TCAGGTCCAACCGCCA-1,5332.0,2677,9.002251,0.13184713375796173,False
TCAGGTCCACTGGCCA-1,5538.0,2162,10.021668,0.03433029908972692,False
TCAGGTCCACTTCACT-1,5330.0,2382,4.4277673,0.01669865642994242,False
TCAGGTCCATAAGTCT-1,4643.0,2314,3.855266,0.013455328310010764,False
TCAGGTCCATAATCAC-1,8475.0,3038,7.3746314,0.032023106869270374,False
TCAGGTTAGAACCTGT-1,16119.0,4712,10.279794,0.12281757977122211,False
TCAGGTTAGGTGCTGC-1,3432.0,1748,10.081585,0.07137096774193549,False
TCAGGTTAGTGAGCGG-1,3669.0,1665,8.231126,0.07137096774193549,False
TCAGGTTAGTGTTGCG-1,2940.0,1483,10.7483,0.09481481481481482,False
TCAGGTTAGTTAGCCG-1,2174.0,1250,10.763569,0.05519591141396934,False
TCAGGTTAGTTATTCC-1,5824.0,2415,12.929257,0.029868868382710054,False
TCAGTAATCACAGCGC-1,3392.0,1606,11.645047,0.03680733450182013,False
TCAGTAATCCGCATGA-1,3908.0,1773,13.126919,0.07137096774193549,False
TCAGTAATCTACCTAT-1,2914.0,1586,8.510638,0.0385625431928127,False
TCAGTAATCTCACAAA-1,4330.0,2010,7.205543,0.04235191384078009,False
TCAGTAGGTACGTTTC-1,5594.0,2351,19.520914,0.01626867091618305,False
TCAGTAGGTAGGTTAT-1,6346.0,2565,9.628112,0.04235191384078009,False
TCAGTAGGTCATCCTG-1,6950.0,2707,9.035971,0.03596164091635589,False
TCAGTAGGTCCTAATC-1,1739.0,879,15.928695,0.0594961586564231,False
TCAGTAGGTCGACTCC-1,4309.0,1882,15.0615,0.010946117946542214,False
TCAGTAGGTGACATGC-1,3442.0,1521,9.877978,0.047693266832917705,False
TCAGTAGGTGAGCACT-1,2761.0,1448,13.14741,0.009313725490196078,False
TCAGTAGGTGCATTTC-1,2441.0,1348,6.022122,0.046565237436606725,False
TCAGTAGGTGCTGTAA-1,5905.0,2452,14.123625,0.06260387811634349,False
TCAGTAGGTGTTTGTC-1,5661.0,2541,5.935347,0.009630422256975885,False
TCAGTAGGTTAACGGC-1,7262.0,2835,15.4916,0.04235191384078009,False
TCAGTAGGTTGCTTCG-1,3099.0,1570,11.810261,0.08674531575294935,False
TCAGTGAGTAACCACA-1,6315.0,2476,10.91053,0.20897615708274905,True
TCAGTGAGTCACCAAA-1,3001.0,1458,10.963013,0.01234567901234568,False
TCAGTGAGTGAGGTAG-1,3095.0,1492,15.670437,0.0594961586564231,False
TCAGTGAGTGGCTTCC-1,2238.0,1212,12.109026,0.04040833687792429,False
TCAGTGAGTGTTGTGA-1,4536.0,2016,20.392416,0.06423741547708492,False
TCATAACCAACCTGGT-1,2913.0,1423,9.406111,0.07332101047443006,False
TCATAACCAACTCGCG-1,4881.0,2143,5.982381,0.01803488715876614,False
TCATAACCAAGTGTCC-1,2996.0,1560,9.445928,0.023059434881455017,False
TCATAACCAATTGAGA-1,3289.0,1660,6.4457283,0.015022255192878337,False
TCATAACCACAATGCC-1,646.0,545,0.30959752,0.06949118986339338,False
TCATAACCAGAACCGA-1,3640.0,1682,8.351648,0.12720519962859794,False
TCATAACCAGCGCTTG-1,5399.0,2040,6.9827743,0.04885375494071145,False
TCATAACCATAGCGGA-1,5980.0,2663,8.244147,0.38812042310821776,True
TCATAACCATTGCGAC-1,7079.0,2799,8.814804,0.005071664829106946,False
TCATACTTCAACAAGG-1,8166.0,3278,10.886602,0.2919020715630885,True
TCATACTTCGCCTGTT-1,4508.0,2241,5.146406,0.051277877258668406,False
TCATACTTCGGTTAGT-1,5743.0,2413,17.482153,0.08674531575294935,False
TCATACTTCTCAATGA-1,2686.0,1414,4.7654505,0.04136742315426601,False
TCATACTTCTCACTCA-1,5466.0,2357,9.275521,0.04440125579309313,False
TCATACTTCTTAGCCC-1,3069.0,1629,6.288693,0.014620689655172414,False
TCATCCATCAGGAAGC-1,5202.0,2235,10.303729,0.02251286449399657,False
TCATCCATCAGGTCCA-1,4205.0,1909,8.727705,0.10082730093071354,False
TCATCCATCCCGAACA-1,2573.0,1415,9.98834,0.0580168776371308,False
TCATCCATCCTCACTA-1,6912.0,2911,9.73669,0.3590909090909092,True
TCATCCATCTGGCTTC-1,4126.0,2111,7.9253516,0.03767403767403767,False
TCATGAGGTAAAGCGG-1,5064.0,2332,10.20932,0.039473684210526314,False
TCATGAGGTGCATTTC-1,6113.0,2608,9.504335,0.011634922002930278,False
TCATGAGGTGGCTTCC-1,4218.0,1930,0.21337126,0.01669865642994242,False
TCATGAGGTTAATGAC-1,3205.0,1652,9.048362,0.029868868382710054,False
TCATGAGGTTAGCAGC-1,2926.0,1558,6.9719753,0.02657921988263721,False
TCATGAGGTTGGCGTG-1,3257.0,1458,10.930305,0.03680733450182013,False
TCATGCCTCACAAGCT-1,4514.0,2044,7.7536554,0.11866393202461177,False
TCATGCCTCCATCAGG-1,2901.0,1285,27.473286,0.01896638233818364,False
TCATGCCTCCTAAGTA-1,4026.0,1990,6.731247,0.02042921997523731,False
TCATGTTTCAAATCGC-1,4079.0,1963,16.866879,0.06767794632438741,False
TCATGTTTCAGGTCCA-1,2530.0,1356,8.853755,0.10405083399523428,False
TCATGTTTCATCCTAT-1,4408.0,2085,4.537205,0.011634922002930278,False
TCATGTTTCATGTCAA-1,3018.0,1605,10.238568,0.03767403767403767,False
TCATGTTTCATTGTCT-1,5396.0,2310,4.429207,0.10743353228431904,False
TCATGTTTCCTCACAC-1,3332.0,1715,9.603842,0.01993253603189206,False
TCATGTTTCTTGGATA-1,3322.0,1700,9.843468,0.01758155889822231,False
TCATGTTTCTTGTCCA-1,7411.0,2860,9.985157,0.010278265229380797,False
TCATTACTCAAACCTA-1,3182.0,1613,9.270899,0.05658418411489879,False
TCATTACTCAACAAGG-1,8044.0,3324,11.872203,0.2585915492957747,True
TCATTACTCACTAGGT-1,3522.0,1776,6.672345,0.08427729950158584,False
TCATTACTCCAAATCA-1,3167.0,1631,10.609409,0.008694252133311868,False
TCATTACTCCCGTTAC-1,11637.0,4416,7.373034,0.12720519962859794,False
TCATTACTCCCTCACG-1,7039.0,3000,8.935928,0.3590909090909092,True
TCATTACTCCGGCTAA-1,2422.0,1271,9.661437,0.10082730093071354,False
TCATTACTCGTAATCA-1,3714.0,1937,10.312331,0.03596164091635589,False
TCATTACTCGTGCTTC-1,9264.0,3636,8.786701,0.3590909090909092,True
TCATTACTCGTTAACA-1,6911.0,2921,10.259007,0.021976855292493894,False
TCATTGCGTAACCTAG-1,2514.0,1311,11.813843,0.10405083399523428,False
TCATTGCGTACGTTTC-1,3214.0,1597,11.138768,0.11866393202461177,False
TCATTGCGTCGTAAAT-1,2276.0,1202,11.599298,0.04136742315426601,False
TCATTGCGTGAGCGAA-1,6598.0,2605,17.126402,0.014620689655172414,False
TCATTGCGTGGACCTG-1,4328.0,1950,16.843807,0.024185532854776367,False
TCATTGTTCCTTGCGT-1,1508.0,815,14.721486,0.013079455467568288,False
TCATTGTTCGATTCTT-1,2495.0,1365,13.266534,0.023059434881455017,False
TCATTGTTCGGTTCCT-1,12864.0,4103,6.3277364,0.3590909090909092,True
TCATTGTTCTGGCAAT-1,4829.0,2247,9.484365,0.06102433708681438,False
TCATTTGGTACTGATG-1,2312.0,1322,11.33218,0.007508212106992022,False
TCATTTGGTCAAAGGG-1,4739.0,2138,14.623338,0.05004812319538016,False
TCATTTGGTCAGGCAT-1,6669.0,3006,6.237817,0.38812042310821776,True
TCATTTGGTTAATGAC-1,3602.0,1832,3.5813437,0.04235191384078009,False
TCATTTGGTTGTAACG-1,4085.0,1946,7.735618,0.04546832373446498,False
TCCACAACAATCGCAC-1,4226.0,1904,11.381921,0.07534533277521976,False
TCCACAACACCCACCT-1,5929.0,2589,12.531625,0.052544613350958363,False
TCCACAACAGAATGAC-1,3156.0,1640,8.2382765,0.032023106869270374,False
TCCACAACAGCATGAG-1,5594.0,2445,12.495531,0.052544613350958363,False
TCCACAACAGGGAGGA-1,2988.0,1411,6.124498,0.04440125579309313,False
TCCACAACAGTAAGTA-1,4678.0,2175,9.811886,0.05519591141396934,False
TCCACAACATAATGAG-1,3888.0,1958,6.9444447,0.029868868382710054,False
TCCAGCAAGACAAACG-1,4025.0,1888,5.515528,0.051277877258668406,False
TCCAGCAAGCAAGACA-1,2734.0,1392,15.471835,0.009313725490196078,False
TCCAGCAAGCTAAGTC-1,5760.0,2581,12.777779,0.03596164091635589,False
TCCAGCAAGCTTTGGG-1,2728.0,1436,10.337243,0.02093531923757942,False
TCCAGCAAGGCTATGT-1,3169.0,1719,9.813822,0.01669865642994242,False
TCCAGCAAGTTAGTGC-1,1744.0,1038,10.2637615,0.06102433708681438,False
TCCAGCAAGTTGCCTC-1,5792.0,2677,5.2831492,0.24437299035369767,True
TCCAGGATCACGCCAA-1,1692.0,885,12.706857,0.029182178455626276,False
TCCAGGATCCGGTATG-1,8117.0,3327,13.527165,0.05004812319538016,False
TCCAGGATCCTCAGTC-1,2971.0,1571,9.895658,0.06949118986339338,False
TCCAGGATCCTCCTAA-1,2977.0,1548,10.984212,0.10405083399523428,False
TCCAGGATCTGCAAAC-1,4028.0,1969,8.391261,0.01758155889822231,False
TCCAGGTCAAGTTATC-1,6571.0,2698,11.124639,0.03277439024390243,False
TCCAGGTCAATCGCAC-1,2840.0,1446,8.732394,0.14198782961460438,False
TCCAGGTCACACAATT-1,2846.0,1543,8.29234,0.039473684210526314,False
TCCAGGTCACAGCCAT-1,3327.0,1694,8.476105,0.024185532854776367,False
TCCAGGTCACGAATCC-1,4241.0,2009,8.27635,0.23147675012774666,True
TCCAGGTCAGGAACCA-1,416.0,329,5.528846,0.025962195399681167,False
TCCAGGTCAGGATTAA-1,10195.0,3527,15.36047,0.3590909090909092,True
TCCAGGTCATAAGTTC-1,3201.0,1664,8.028741,0.03596164091635589,False
TCCAGGTCATCATGTG-1,2580.0,1385,11.27907,0.03433029908972692,False
TCCAGGTCATTGCGTA-1,5764.0,2279,5.5690494,0.047693266832917705,False
TCCATAAAGACTAAGG-1,5324.0,2186,12.885049,0.039473684210526314,False
TCCATAAAGAGCCGGA-1,6261.0,2609,7.85817,0.14198782961460438,False
TCCATAAAGCAAGGAC-1,5924.0,2736,6.498987,0.20897615708274905,True
TCCATAAAGCATGTCG-1,4874.0,1882,7.3656135,0.03680733450182013,False
TCCATAAAGCGAGCGA-1,3023.0,1214,6.1197486,0.04235191384078009,False
TCCATAAAGCTACTGG-1,3647.0,1842,8.500137,0.01713621841417369,False
TCCATAAAGGACCTTG-1,3499.0,1766,9.717062,0.07744826114785579,False
TCCATAAAGGACTAAG-1,3838.0,1711,15.32048,0.008391273076000958,False
TCCATAAAGTAACCCG-1,3185.0,1576,9.199372,0.11098748261474266,False
TCCATAAAGTAGGATG-1,5487.0,2455,10.934937,0.023059434881455017,False
TCCATAAAGTGAGAGC-1,1384.0,765,13.439306,0.07137096774193549,False
TCCATATTCACACAGT-1,5844.0,2355,12.200548,0.03128880059597715,False
TCCATATTCACAGGAA-1,4240.0,2075,8.396226,0.04440125579309313,False
TCCATATTCCTTAGTT-1,2487.0,1451,8.604745,0.06949118986339338,False
TCCATATTCCTTCAAT-1,3681.0,1764,8.992122,0.09200676165177493,False
TCCATATTCTAGCGAT-1,10559.0,3835,10.247183,0.15977653631284908,False
TCCATATTCTGGTCCT-1,6256.0,2608,11.109335,0.07137096774193549,False
TCCATCATCACGTTAA-1,3670.0,1791,5.5040874,0.03433029908972692,False
TCCATCATCACTAAGC-1,2187.0,1159,17.101053,0.011634922002930278,False
TCCATCATCCCTGATC-1,10104.0,3886,8.24426,0.24437299035369767,True
TCCATCATCCTAATAG-1,1561.0,863,23.318386,0.21972656249999997,True
TCCATCATCCTGATTT-1,378.0,316,1.0582011,0.38812042310821776,True
TCCATCATCGCTATAA-1,4955.0,1964,10.857719,0.015430655569063874,False
TCCATCATCGGCCATA-1,4257.0,2006,10.218464,0.01584606677985286,False
TCCATCATCGTTTCTG-1,3900.0,1913,13.76923,0.025962195399681167,False
TCCATCATCTTGTCCA-1,6015.0,2337,5.0374064,0.11098748261474266,False
TCCATGCTCAGGTTTA-1,8453.0,3329,9.606056,0.38812042310821776,True
TCCATGCTCATAACCA-1,3392.0,1719,10.200472,0.20897615708274905,True
TCCATGCTCATGCCTC-1,3449.0,1773,9.423021,0.04136742315426601,False
TCCATGCTCATTGACA-1,3742.0,1853,12.373062,0.02093531923757942,False
TCCATGCTCATTTAGG-1,3970.0,1871,13.652393,0.013455328310010764,False
TCCATGCTCCGCCAAA-1,4540.0,1989,9.317181,0.014225788801750865,False
TCCATGCTCTTGGACG-1,3100.0,1465,9.903226,0.025962195399681167,False
TCCATTGTCACCGGTA-1,3386.0,1736,3.5144713,0.02093531923757942,False
TCCATTGTCAGCAAAG-1,5626.0,2334,12.691077,0.04040833687792429,False
TCCATTGTCATGAAGG-1,3891.0,2045,6.1166797,0.015022255192878337,False
TCCATTGTCCTAGTCC-1,4394.0,2023,4.5061445,0.10743353228431904,False
TCCATTGTCTAAATCG-1,5754.0,2438,11.400764,0.08931947069943286,False
TCCATTGTCTTAGTCT-1,4343.0,2063,5.318904,0.029868868382710054,False
TCCCGGACAAAGGCCA-1,9177.0,3545,11.507029,0.24437299035369767,True
TCCCGGACACAAAGGT-1,4340.0,2095,7.6728115,0.03354324636936127,False
TCCCGGACACTTCATC-1,3980.0,1954,7.1356783,0.052544613350958363,False
TCCCGGACATGCTCCC-1,3183.0,1713,11.184418,0.01234567901234568,False
TCCCGTTAGCACAGCC-1,4019.0,1998,7.389898,0.03767403767403767,False
TCCCGTTAGCCACAAT-1,5886.0,2530,12.810058,0.10405083399523428,False
TCCCGTTAGCTAAAGG-1,4036.0,1837,16.55104,0.08427729950158584,False
TCCCGTTAGCTGGACC-1,4239.0,1880,6.9827785,0.029182178455626276,False
TCCCGTTAGGACAATG-1,6053.0,2528,14.306955,0.009951899154088572,False
TCCCGTTAGGACCAGG-1,3409.0,1816,8.536228,0.006117362736953402,False
TCCCGTTAGGAGTAAT-1,2904.0,1520,4.4077134,0.05519591141396934,False
TCCCGTTAGGTTACAC-1,4158.0,1954,9.45166,0.027209302325581396,False
TCCCGTTAGTAAGTGG-1,3725.0,1788,7.9731545,0.011987491313412093,False
TCCCGTTAGTTGCGTG-1,2803.0,1533,8.919016,0.10743353228431904,False
TCCCTCACAATGCCCG-1,5119.0,2383,5.2940025,0.015022255192878337,False
TCCCTCACAATTAGGA-1,6338.0,2854,1.8775638,0.03513620213185945,False
TCCCTCACACCACAAC-1,7175.0,2789,9.770035,0.021451104100946368,False
TCCCTCACAGCAGGTA-1,2493.0,1357,11.271561,0.04885375494071145,False
TCCCTCACAGCCGCTA-1,4711.0,2110,7.4081936,0.1665381649961449,False
TCCCTCACAGTTAAAG-1,3598.0,1751,15.647583,0.09200676165177493,False
TCCCTCACATCATGGC-1,10087.0,3693,11.569346,0.15977653631284908,False
TCCCTGGTCCAAGTGT-1,7617.0,3232,9.583826,0.38812042310821776,True
TCCCTGGTCCGCCTAT-1,4669.0,2027,10.173485,0.02251286449399657,False
TCCCTGGTCGAGGAGT-1,5147.0,2417,12.2012825,0.03277439024390243,False
TCCCTGGTCTTTGAGA-1,4360.0,2029,9.151376,0.02785286167587261,False
TCCGCCATCAGCCAAT-1,2546.0,1358,8.837392,0.09200676165177493,False
TCCGCCATCATGCCTC-1,2999.0,1515,13.471156,0.01626867091618305,False
TCCGCCATCATGCTCC-1,4214.0,2007,2.5154247,0.07332101047443006,False
TCCGCCATCTAATCTC-1,2109.0,1171,8.202939,0.03354324636936127,False
TCCGCCATCTTTGAGA-1,1049.0,657,15.729266,0.01803488715876614,False
TCCGGAATCACAAGCT-1,3709.0,1719,13.372877,0.039473684210526314,False
TCCGGAATCCTGGCTT-1,5718.0,2541,12.416929,0.08190899001109879,False
TCCGGAATCGCCTGTT-1,4011.0,2000,9.249563,0.0385625431928127,False
TCCGGAATCTACCTGC-1,3273.0,1674,11.029636,0.07332101047443006,False
TCCGGAATCTTAATGG-1,2289.0,1321,9.567497,0.13184713375796173,False
TCCGGAATCTTAGGAC-1,3840.0,1693,3.90625,0.06260387811634349,False
TCCGGAATCTTGACCC-1,2203.0,1203,14.798003,0.003603985584057664,False
TCCGGTAAGCAACATC-1,2549.0,1325,8.395449,0.08674531575294935,False
TCCGGTAAGTAACGAG-1,3218.0,1680,4.101927,0.029868868382710054,False
TCCGGTAAGTCAGTAC-1,1928.0,1029,24.533194,0.01993253603189206,False
TCCGGTTTCAATGTCA-1,3905.0,1895,11.165173,0.02785286167587261,False
TCCGGTTTCACTAATG-1,1336.0,842,13.098802,0.052544613350958363,False
TCCGGTTTCACTTCAT-1,3334.0,1692,4.109178,0.02476572958500669,False
TCCGGTTTCAGCATTA-1,533.0,413,1.3133209,0.31158455392809603,True
TCCGGTTTCCCGCATT-1,6741.0,2998,8.262869,0.3590909090909092,True
TCCGGTTTCCTAAGAC-1,7727.0,3086,10.003882,0.01993253603189206,False
TCCGGTTTCTGCAACG-1,10435.0,3555,13.60805,0.032023106869270374,False
TCCGGTTTCTTAGGAC-1,5171.0,2262,8.064204,0.07534533277521976,False
TCCGGTTTCTTGCAGG-1,9690.0,3393,12.46646,0.06260387811634349,False
TCCTAGTGTCCCGAAG-1,2236.0,1196,11.3595705,0.025962195399681167,False
TCCTAGTGTGCAATGC-1,1603.0,813,12.476606,0.029182178455626276,False
TCCTAGTGTTCTTTAG-1,5146.0,2335,13.291878,0.021976855292493894,False
TCCTCAATCAAACACC-1,150.0,127,8.0,0.04546832373446498,False
TCCTCAATCACGAATC-1,5321.0,2506,12.666792,0.05385002516356318,False
TCCTCAATCACTCAAA-1,4613.0,2074,6.828528,0.07137096774193549,False
TCCTCAATCAGTATTG-1,2995.0,1644,8.881469,0.009001703024896602,False
TCCTCAATCATGTCAA-1,2643.0,1313,18.993568,0.09775195756504167,False
TCCTCAATCATTCATC-1,8394.0,3538,4.9201813,0.1367661528369957,False
TCCTCAATCATTTGTC-1,4122.0,1855,8.369723,0.12720519962859794,False
TCCTCAATCCACCTGT-1,6928.0,2812,14.477483,0.013079455467568288,False
TCCTCAATCCTTTACG-1,4169.0,2072,5.4689374,0.15977653631284908,False
TCCTCAATCGAAGTAG-1,10043.0,3612,9.2004385,0.01993253603189206,False
TCCTCAATCGCATTAA-1,3892.0,1975,3.7512846,0.01993253603189206,False
TCCTCAATCGCTAGAT-1,2678.0,1427,8.36445,0.07137096774193549,False
TCCTCAATCTAATCTC-1,10152.0,3692,10.638298,0.02093531923757942,False
TCCTCAATCTCACACC-1,7458.0,2888,1.7296861,0.04040833687792429,False
TCCTCACAGGACCTCA-1,4322.0,1972,6.4784822,0.12720519962859794,False
TCCTCACAGGCCTGGT-1,3467.0,1682,5.4225554,0.04040833687792429,False
TCCTCACAGGCGCACT-1,2673.0,1382,2.768425,0.1665381649961449,False
TCCTCACAGTAACAGG-1,8548.0,3258,10.189518,0.06423741547708492,False
TCCTCTAAGAGGAGGA-1,2848.0,1499,8.707866,0.04235191384078009,False
TCCTCTAAGCATGTTA-1,3865.0,1826,11.746443,0.047693266832917705,False
TCCTCTAAGCTCCTTA-1,6158.0,2589,7.7135434,0.04136742315426601,False
TCCTGGTTCACAGACT-1,6217.0,2445,10.921666,0.03680733450182013,False
TCCTGGTTCATCACTT-1,3826.0,1891,7.7104025,0.047693266832917705,False
TCCTGGTTCCGCACAA-1,4132.0,2149,2.6379478,0.02251286449399657,False
TCCTGGTTCCTTAAGA-1,2772.0,1563,6.5295815,0.05004812319538016,False
TCCTGGTTCTTGCTAT-1,4989.0,2499,7.3762274,0.021976855292493894,False
TCCTGGTTCTTTGAGA-1,7753.0,3049,8.97717,0.06102433708681438,False
TCCTGTTCAGGATAAC-1,4105.0,1851,10.45067,0.019445007089325502,False
TCCTGTTCAGTAAAGC-1,3629.0,1852,6.8338385,0.009630422256975885,False
TCCTGTTCATGTCAAT-1,2954.0,1498,11.137441,0.04440125579309313,False
TCCTTAGTCAGCTAAC-1,6934.0,2821,9.071243,0.02476572958500669,False
TCCTTAGTCATTATGG-1,3010.0,1563,8.571429,0.019445007089325502,False
TCCTTAGTCCCTGATC-1,2728.0,1514,5.9384165,0.05385002516356318,False
TCCTTAGTCCTGAGTG-1,10350.0,3830,6.7729464,0.15977653631284908,False
TCCTTAGTCGTTAGCG-1,1952.0,1033,10.604508,0.009951899154088572,False
TCCTTCAAGACTCGCA-1,5748.0,2607,8.42032,0.04336283185840707,False
TCCTTCAAGATGGAGC-1,2386.0,1367,4.484493,0.08674531575294935,False
TCCTTCAAGCTTACTT-1,2928.0,1560,9.494535,0.029868868382710054,False
TCCTTCAAGGCGAATA-1,3527.0,1784,8.987808,0.07137096774193549,False
TCCTTCAAGTTCCTCA-1,3296.0,1712,8.222088,0.023059434881455017,False
TCCTTGCAGACAAACG-1,4174.0,1994,12.146622,0.04235191384078009,False
TCCTTGCAGGCCCAGT-1,2494.0,1493,1.6038492,0.021976855292493894,False
TCCTTGCAGTGACCTG-1,3723.0,1946,6.1509533,0.03680733450182013,False
TCCTTTACAAACCTAT-1,2965.0,1535,9.915683,0.03680733450182013,False
TCCTTTACAAACTGCC-1,2377.0,1299,8.203618,0.04040833687792429,False
TCCTTTACAACAACAA-1,1769.0,1085,5.08762,0.039473684210526314,False
TCCTTTACAACCGCCA-1,3813.0,1881,6.26803,0.025357827115969796,False
TCCTTTACAATTAGGA-1,3225.0,1630,11.31783,0.01584606677985286,False
TCCTTTACACAGCCTG-1,8580.0,3297,9.74359,0.021451104100946368,False
TCCTTTACATCGCTTT-1,4164.0,2037,6.0038424,0.01234567901234568,False
TCCTTTACATGCATAT-1,2859.0,1321,12.941588,0.01803488715876614,False
TCCTTTACATGCTCCC-1,9867.0,3741,9.202392,0.31158455392809603,True
TCCTTTACATTGTGAT-1,4478.0,2021,7.570344,0.04235191384078009,False
TCGACAAGTAGGTGTC-1,2893.0,1646,8.226754,0.024185532854776367,False
TCGACAAGTAGTTAAC-1,4255.0,1911,8.93067,0.010946117946542214,False
TCGACAAGTCCTTCAG-1,4241.0,1914,9.761848,0.052544613350958363,False
TCGACAAGTGCGCGTA-1,2386.0,1150,10.519698,0.04440125579309313,False
TCGACAAGTTGCAATG-1,3191.0,1632,9.58947,0.030570902394106814,False
TCGATTAAGACAAGTG-1,1513.0,818,29.34567,0.46131805157593153,True
TCGATTAAGCCGCTTT-1,5288.0,2239,15.090771,0.06949118986339338,False
TCGATTAAGCTCAAAC-1,5353.0,2376,9.938353,0.024185532854776367,False
TCGATTAAGGCGGGTA-1,1380.0,796,21.73913,0.03767403767403767,False
TCGATTAAGTTAGTTG-1,7233.0,2876,9.81612,0.05004812319538016,False
TCGCATTGTCAAACTG-1,8837.0,3388,6.721738,0.1665381649961449,False
TCGCATTGTCAGTAAT-1,3947.0,1878,5.8018746,0.09775195756504167,False
TCGCATTGTGACATAT-1,5665.0,2468,13.080318,0.03128880059597715,False
TCGCATTGTTCGCTTG-1,4280.0,2088,8.738318,0.07137096774193549,False
TCGCCCATCTGTAAGC-1,4792.0,2185,13.27212,0.07744826114785579,False
TCGCGAGGTAAATTGC-1,2991.0,1618,10.163825,0.0058505850585058505,False
TCGCGAGGTACCGTAA-1,2495.0,1405,10.300601,0.010609632873021219,False
TCGCGAGGTATTGTCC-1,4234.0,1760,9.896079,0.02042921997523731,False
TCGCGAGGTCAATAGT-1,7213.0,2912,9.371967,0.2919020715630885,True
TCGCGAGGTGCTGGTG-1,4702.0,2164,3.6154828,0.01758155889822231,False
TCGCGAGGTTATCCTA-1,3279.0,1755,5.9774323,0.10743353228431904,False
TCGCGAGGTTGTTGCT-1,2912.0,1652,5.254121,0.03433029908972692,False
TCGCGCACAAAGGCCA-1,11203.0,3971,11.246987,0.31158455392809603,True
TCGCGCACAATTAGGA-1,3196.0,1597,6.977472,0.027209302325581396,False
TCGCGCACACCCACAG-1,3260.0,1635,12.699387,0.04546832373446498,False
TCGCGCACAGCTCATA-1,4732.0,2092,18.892647,0.06949118986339338,False
TCGCTAACAATAGCAA-1,5093.0,2177,14.470842,0.04885375494071145,False
TCGCTAACACAATGTT-1,7224.0,2814,12.832226,0.039473684210526314,False
TCGCTAACAGAATGAC-1,10938.0,3721,8.977875,0.38812042310821776,True
TCGCTAACAGTACCGT-1,3505.0,1695,10.499287,0.05658418411489879,False
TCGCTAACATCCTGAA-1,2729.0,1454,9.454013,0.10082730093071354,False
TCGCTAACATGCTTAG-1,3723.0,1753,10.314262,0.01669865642994242,False
TCGGTAAGTACGCGCA-1,2103.0,1258,6.6571565,0.03128880059597715,False
TCGGTAAGTAGTTAAC-1,4698.0,2315,5.789698,0.011634922002930278,False
TCGGTAAGTCCTTAGT-1,2367.0,1380,6.844106,0.04440125579309313,False
TCGGTAAGTGCTAGAC-1,5607.0,2453,15.213126,0.06949118986339338,False
TCGGTAAGTTATCCTA-1,9954.0,3563,12.678321,0.08931947069943286,False
TCGGTAAGTTCCGGCT-1,1520.0,870,9.671053,0.04136742315426601,False
TCGGTAAGTTTCCACG-1,3184.0,1565,13.2223625,0.0385625431928127,False
TCGGTTACAAAGCTAA-1,14466.0,4609,11.247062,0.12720519962859794,False
TCGGTTACACCGGTAT-1,3939.0,1992,5.559787,0.010946117946542214,False
TCGGTTACATTAAACC-1,4880.0,2335,11.188525,0.02851033499643621,False
TCGGTTCTCAATCATG-1,2560.0,1395,9.3359375,0.05519591141396934,False
TCGGTTCTCCCGTTTA-1,3917.0,1809,13.86265,0.009001703024896602,False
TCGGTTCTCCTAAGGT-1,3367.0,1792,8.167508,0.02785286167587261,False
TCGGTTCTCGACAAAG-1,4234.0,1907,6.282475,0.06767794632438741,False
TCGGTTCTCGCTAGCA-1,10477.0,3847,8.867042,0.33380581148121885,True
TCGGTTCTCTTGAGCG-1,1666.0,1180,1.1404562,0.04336283185840707,False
TCGGTTTGTAAAGCGG-1,5116.0,2230,8.561376,0.011987491313412093,False
TCGGTTTGTATGGTGC-1,2276.0,1215,13.840071,0.004080463884315269,False
TCGGTTTGTATTCGTC-1,3309.0,1678,10.607434,0.07963446475195822,False
TCGGTTTGTCATCCTG-1,4333.0,1871,8.031387,0.07332101047443006,False
TCGGTTTGTCCTTCTC-1,6816.0,2803,6.763498,0.009313725490196078,False
TCGGTTTGTTAGGTGC-1,8283.0,3272,6.640106,0.0385625431928127,False
TCGGTTTGTTCCGCAC-1,3089.0,1476,15.280026,0.01896638233818364,False
TCGGTTTGTTTACGTC-1,3608.0,1693,10.809313,0.15345821325648415,False
TCGTAATCAATATGGA-1,1878.0,980,10.01065,0.04546832373446498,False
TCGTAATCACGCAACT-1,6787.0,2722,8.265802,0.006117362736953402,False
TCGTAATCAGCAAGAT-1,3718.0,1781,5.567509,0.02851033499643621,False
TCGTAATCAGCATTAT-1,3284.0,1756,8.0694275,0.051277877258668406,False
TCGTAATCAGCCTTGG-1,2927.0,1548,11.308507,0.02042921997523731,False
TCGTAATCAGCGCTTG-1,2170.0,1305,5.0230412,0.06949118986339338,False
TCGTAATCAGGAACTG-1,2744.0,1284,25.801748,0.051277877258668406,False
TCGTAATCAGGTATTT-1,2842.0,1615,8.057706,0.06423741547708492,False
TCGTAATCAGGTTCAC-1,4632.0,2198,11.765976,0.08190899001109879,False
TCGTAATCAGTAAGTA-1,4218.0,1916,5.9269795,0.09481481481481482,False
TCGTCAACACATTGCA-1,3531.0,1768,8.439536,0.10405083399523428,False
TCGTCAACAGGAATCG-1,3064.0,1399,10.280679,0.04440125579309313,False
TCGTCAACAGGCGAGT-1,2644.0,1391,12.027231,0.006940160394818014,False
TCGTCAACAGGGAGCT-1,3814.0,1693,18.956476,0.047693266832917705,False
TCGTCAACATGTCGCG-1,6630.0,2826,16.063349,0.33380581148121885,True
TCGTGCTTCAATCATG-1,2967.0,1518,12.874958,0.03128880059597715,False
TCGTGCTTCACTAAGC-1,3010.0,1607,14.418605,0.01896638233818364,False
TCGTGCTTCAGCTAAC-1,6269.0,2819,7.018663,0.38812042310821776,True
TCGTGCTTCGAGGTGG-1,2491.0,1339,14.331594,0.02251286449399657,False
TCGTGCTTCTCCTCAA-1,3313.0,1706,6.2782974,0.009951899154088572,False
TCGTGCTTCTTAGTGA-1,2793.0,1391,5.406373,0.05385002516356318,False
TCGTGCTTCTTGCTAT-1,2699.0,1485,8.818081,0.13184713375796173,False
TCGTTAAAGACAAGTG-1,4451.0,2062,14.064256,0.0385625431928127,False
TCGTTAAAGAGGAGGA-1,5306.0,2006,7.5951757,0.039473684210526314,False
TCGTTAAAGATGCCTG-1,4532.0,2076,13.172992,0.04440125579309313,False
TCGTTAAAGCATTATG-1,5102.0,2081,6.507252,0.09200676165177493,False
TCGTTAAAGCCGCAAC-1,4329.0,1954,13.975514,0.04136742315426601,False
TCGTTAAAGCGCTAAT-1,2701.0,1365,9.774158,0.02476572958500669,False
TCGTTAAAGGGATGCG-1,4288.0,2216,9.071829,0.0058505850585058505,False
TCGTTAAAGGTCCACA-1,1801.0,1031,8.883953,0.07137096774193549,False
TCGTTAAAGTCATTGA-1,2615.0,1371,8.795411,0.04440125579309313,False
TCGTTAAAGTTCCTGC-1,4068.0,1908,11.651917,0.03128880059597715,False
TCGTTACGTAATCCCT-1,3238.0,1416,5.7442865,0.06767794632438741,False
TCGTTACGTACGGGTT-1,2251.0,1291,5.19769,0.03128880059597715,False
TCGTTACGTCATGAGC-1,2679.0,1431,12.72863,0.05658418411489879,False
TCGTTACGTCTAGCTT-1,4427.0,2017,14.479332,0.047693266832917705,False
TCGTTACGTGGAGCAA-1,4262.0,1864,9.291412,0.21972656249999997,True
TCGTTACGTTGCGGAT-1,3555.0,1690,7.819972,0.09481481481481482,False
TCGTTACGTTGGCCGA-1,8015.0,3271,9.569557,0.2585915492957747,True
TCGTTAGCAAACTCAT-1,3720.0,1852,7.526882,0.0053278081989048395,False
TCGTTAGCAAGCTACC-1,2628.0,1431,5.327245,0.046565237436606725,False
TCGTTAGCAAGTTATC-1,11352.0,4172,9.637068,0.2919020715630885,True
TCGTTAGCACAGCCAT-1,5813.0,2444,8.567004,0.04885375494071145,False
TCGTTAGCACCTACTT-1,1450.0,987,4.413793,0.31158455392809603,True
TCGTTAGCACGTAATT-1,3207.0,1715,7.8578105,0.03433029908972692,False
TCGTTAGCACTAAGCC-1,3566.0,1682,9.2540655,0.04885375494071145,False
TCGTTAGCACTAGCGT-1,5216.0,2186,10.582822,0.01713621841417369,False
TCGTTAGCAGAGGCTA-1,2695.0,1406,10.12987,0.029868868382710054,False
TCGTTAGCAGCTTAGC-1,4710.0,2146,7.770701,0.14198782961460438,False
TCGTTAGCATTAAACC-1,5855.0,2482,12.143467,0.005071664829106946,False
TCGTTAGCATTGTGCA-1,2554.0,1405,7.4001565,0.0594961586564231,False
TCGTTATTCAAGGACA-1,732.0,503,3.5519128,0.07137096774193549,False
TCGTTATTCACGCCAA-1,8881.0,3382,15.65139,0.024185532854776367,False
TCGTTATTCACTTTAC-1,4812.0,2057,18.536991,0.02851033499643621,False
TCGTTATTCCTTAGGG-1,2683.0,1522,11.964219,0.007222179078978022,False
TCGTTATTCCTTAGTT-1,4048.0,2003,7.164031,0.02251286449399657,False
TCGTTATTCGGTTTGG-1,2738.0,1378,16.252739,0.007508212106992022,False
TCGTTATTCGTTAAGC-1,3882.0,1627,6.3369403,0.05658418411489879,False
TCGTTATTCTACCTGC-1,2967.0,1596,7.482305,0.01128783991790662,False
TCGTTTCCAAGGTAAC-1,2384.0,1336,5.704698,0.047693266832917705,False
TCGTTTCCACGCAACT-1,3326.0,1644,9.561034,0.03513620213185945,False
TCGTTTCCATAGCAGG-1,3873.0,1749,19.209915,0.06260387811634349,False
TCTAACCGTAGTCAAT-1,3429.0,1596,4.403616,0.04885375494071145,False
TCTAACCGTCATAACG-1,3894.0,1920,11.658963,0.05385002516356318,False
TCTAACCGTCGCGCAA-1,2659.0,1460,10.342234,0.013455328310010764,False
TCTAACCGTGCGCGTA-1,3897.0,1750,14.2673855,0.021976855292493894,False
TCTAACCGTGCTTAGA-1,3905.0,1553,6.043534,0.046565237436606725,False
TCTAACCGTTTAGTCC-1,6539.0,2637,13.488301,0.05004812319538016,False
TCTAACCGTTTCGCCA-1,3649.0,1826,7.3718824,0.06423741547708492,False
TCTAACTTCAAGGACA-1,4131.0,1902,6.9716773,0.10743353228431904,False
TCTAACTTCATGTCAA-1,4516.0,1984,8.237378,0.046565237436606725,False
TCTAACTTCCTAACGG-1,6474.0,2716,10.256411,0.20897615708274905,True
TCTAACTTCCTCACAC-1,1098.0,764,5.8287797,0.008694252133311868,False
TCTAACTTCCTTGCAC-1,4693.0,2047,7.2874494,0.05385002516356318,False
TCTAACTTCGATTTGA-1,6765.0,2770,8.617887,0.05004812319538016,False
TCTAACTTCTTGTCTG-1,2927.0,1500,9.292791,0.051277877258668406,False
TCTAAGGGTCCTTTAA-1,5582.0,2449,12.826943,0.06592776609975157,False
TCTAAGGGTTACAAAC-1,3715.0,1726,10.174967,0.0594961586564231,False
TCTAAGGGTTTATCGC-1,3467.0,1705,7.355062,0.09481481481481482,False
TCTAATCTCAGCATTA-1,2995.0,1484,7.7796326,0.013837388079949352,False
TCTAATCTCCCTCATA-1,2957.0,1557,5.0727086,0.021451104100946368,False
TCTAATCTCTACTAAG-1,3933.0,1859,13.374014,0.032023106869270374,False
TCTAATCTCTTGCAAA-1,6224.0,2513,10.668381,0.019445007089325502,False
TCTACCTCAAACCTTG-1,1619.0,914,18.529957,0.10405083399523428,False
TCTACCTCAATGAATG-1,3421.0,1827,3.8585207,0.01713621841417369,False
TCTACTAGTAGGTTAT-1,3461.0,1726,10.574979,0.018496420047732696,False
TCTACTAGTATTCGTC-1,3023.0,1580,8.269931,0.04885375494071145,False
TCTACTAGTGTTAAAC-1,2163.0,1319,7.1197414,0.03596164091635589,False
TCTACTAGTTGGCCGA-1,2755.0,1467,10.961887,0.0058505850585058505,False
TCTAGCACACCTATAG-1,3940.0,1930,9.365482,0.04440125579309313,False
TCTAGCACAGCCAGAA-1,2347.0,1319,9.118023,0.07744826114785579,False
TCTAGCACATAAAGCA-1,10318.0,3741,11.94999,0.02476572958500669,False
TCTAGCACATAAGTTC-1,3964.0,1879,8.425833,0.13184713375796173,False
TCTAGCCTCAATCTAG-1,19468.0,4177,5.665708,0.06767794632438741,False
TCTAGCCTCACTTCAT-1,3250.0,1630,10.492308,0.06767794632438741,False
TCTAGCCTCCTACCTA-1,3239.0,1631,5.21766,0.01896638233818364,False
TCTAGCCTCCTAGTCC-1,3862.0,2083,4.686691,0.05658418411489879,False
TCTAGCCTCTTTGAGA-1,3954.0,1918,7.309054,0.013837388079949352,False
TCTAGCGAGCAGCTAT-1,3360.0,1482,1.3095238,0.0594961586564231,False
TCTAGCGAGCCTGGTA-1,952.0,550,20.483192,0.2919020715630885,True
TCTAGCGAGCTGAGGG-1,3062.0,1703,6.2704115,0.04546832373446498,False
TCTAGCGAGCTTACTT-1,5958.0,2197,8.627056,0.03433029908972692,False
TCTAGCGAGGGCTAAA-1,3522.0,1500,10.732538,0.02093531923757942,False
TCTAGCGAGGGTGAGT-1,3386.0,1694,9.568812,0.03513620213185945,False
TCTAGCGAGTAATCCA-1,6871.0,2749,10.245961,0.0058505850585058505,False
TCTATGTTCAAAGGCA-1,3186.0,1433,7.6585064,0.06102433708681438,False
TCTATGTTCAACAAGG-1,2643.0,1383,5.1835036,0.06260387811634349,False
TCTATGTTCATCCTGC-1,2326.0,1273,6.4058466,0.039473684210526314,False
TCTATGTTCCATAAGC-1,4600.0,1935,5.847826,0.11866393202461177,False
TCTATGTTCCGGTTAG-1,5535.0,2308,11.436315,0.01758155889822231,False
TCTATGTTCCTTGCGT-1,5296.0,2582,5.9856496,0.02251286449399657,False
TCTATGTTCGGCCATA-1,5197.0,2165,12.988262,0.06592776609975157,False
TCTATGTTCGGGATTT-1,5177.0,2161,20.050222,0.03128880059597715,False
TCTATGTTCGGTAACT-1,2782.0,1429,11.646297,0.0385625431928127,False
TCTATGTTCGGTTAGT-1,5872.0,2577,13.385558,0.06767794632438741,False
TCTATGTTCTCGCCCA-1,6830.0,2888,11.771596,0.09481481481481482,False
TCTATGTTCTTGCAGG-1,5686.0,2310,6.63032,0.05658418411489879,False
TCTCAAGCAATGCCCG-1,6220.0,2838,9.646302,0.27434679334916884,True
TCTCAAGCATACCCGG-1,3222.0,1524,11.2662945,0.04136742315426601,False
TCTCAAGCATCGCTTT-1,4288.0,1996,13.875933,0.032023106869270374,False
TCTCAAGCATTGCGGT-1,4342.0,1996,15.591892,0.029182178455626276,False
TCTCAATTCAATCTAG-1,2736.0,1451,5.5190063,0.029182178455626276,False
TCTCAATTCACAGCGC-1,9374.0,3532,8.672925,0.027209302325581396,False
TCTCAATTCAGCCAAT-1,6468.0,2630,11.410019,0.03277439024390243,False
TCTCAATTCATGCTAA-1,6385.0,2653,13.48473,0.05658418411489879,False
TCTCAATTCATGCTCC-1,3766.0,1913,3.0801914,0.029182178455626276,False
TCTCAATTCCCAGTAG-1,2260.0,1179,8.362832,0.04235191384078009,False
TCTCAATTCCCTGTTA-1,3781.0,1854,3.9936523,0.14754098360655732,False
TCTCAATTCTATTGTC-1,5289.0,2347,12.913593,0.052544613350958363,False
TCTCAATTCTCACTCA-1,3971.0,1994,8.939814,0.11866393202461177,False
TCTCACCAGAAAGCAT-1,3706.0,1755,14.759849,0.021976855292493894,False
TCTCACCAGATAAAGC-1,4418.0,2092,10.525125,0.0580168776371308,False
TCTCACCAGATACTTG-1,4018.0,1940,6.222001,0.06767794632438741,False
TCTCACCAGGAGCAAC-1,7084.0,2826,10.65782,0.11866393202461177,False
TCTCACCAGGCCTTAG-1,8307.0,3174,13.807632,0.01993253603189206,False
TCTCACCAGGTGAGAC-1,3619.0,1752,14.092291,0.01713621841417369,False
TCTCACCAGTAGGATG-1,2813.0,1569,7.074298,0.0580168776371308,False
TCTCACCAGTGAGGGT-1,3811.0,1809,10.390974,0.015022255192878337,False
TCTCACCAGTTATGTG-1,3521.0,1805,2.7264981,0.030570902394106814,False
TCTCACCAGTTTCCGC-1,4726.0,2184,4.6550994,0.07963446475195822,False
TCTCCTCGTAGTTACG-1,2233.0,1259,6.672638,0.052544613350958363,False
TCTCCTCGTATTGGTG-1,4040.0,1961,16.212872,0.0385625431928127,False
TCTCCTCGTGGAGCAA-1,3914.0,1814,11.190598,0.01758155889822231,False
TCTCCTCGTTAATCGG-1,3883.0,1924,10.842133,0.013079455467568288,False
TCTCCTCGTTAGGCTA-1,2675.0,1431,8.7476635,0.05519591141396934,False
TCTCGCCCAACCTGGT-1,4791.0,2215,7.681069,0.15977653631284908,False
TCTCGCCCACAGCCAT-1,4024.0,1852,7.8777337,0.021976855292493894,False
TCTCGCCCACATTAAC-1,1983.0,1211,8.0685835,0.04040833687792429,False
TCTCGCCCACTAAATC-1,3358.0,1641,9.023229,0.019445007089325502,False
TCTCGCCCACTATGGC-1,4321.0,1948,7.521407,0.010278265229380797,False
TCTCGCCCAGAACCGA-1,7656.0,3377,1.9461861,0.2919020715630885,True
TCTCGCCCAGCAACCT-1,20723.0,5233,7.0935674,0.01234567901234568,False
TCTCGCCCAGCATGTC-1,2348.0,1292,8.901193,0.06949118986339338,False
TCTCGCCCAGGATTAA-1,3667.0,1710,5.5631304,0.04136742315426601,False
TCTCGCCCATGAAATG-1,2076.0,1183,8.044316,0.05004812319538016,False
TCTCGCCCATGTGGGA-1,3571.0,1631,10.697284,0.04136742315426601,False
TCTCGCCCATTAAGCT-1,3353.0,1761,7.217417,0.005587424569768309,False
TCTGGCTTCAAACACC-1,2209.0,1249,7.1525574,0.10743353228431904,False
TCTGGCTTCCTACCTA-1,3810.0,2023,8.24147,0.014620689655172414,False
TCTGGCTTCTTTGACT-1,4808.0,2289,10.378536,0.00432338953739732,False
TCTGTGACAATTAAGG-1,2309.0,1102,8.921612,0.027209302325581396,False
TCTGTGACACAAACTT-1,4652.0,2079,8.1685295,0.029868868382710054,False
TCTGTGACACAGAACG-1,4885.0,2134,7.9631524,0.05519591141396934,False
TCTGTGACAGGAAGCC-1,12878.0,4392,9.690946,0.1367661528369957,False
TCTGTGACATAGCGGA-1,2346.0,1317,9.335038,0.007508212106992022,False
TCTGTGACATAGTCAT-1,2707.0,1368,12.190617,0.009001703024896602,False
TCTGTGACATTGTCAG-1,3751.0,1847,11.010397,0.007508212106992022,False
TCTTAGCGTCACCTAT-1,5373.0,2343,16.30374,0.00666207213416035,False
TCTTAGCGTCCGTGAG-1,2555.0,1477,7.632094,0.0580168776371308,False
TCTTAGCGTCCTGATT-1,5432.0,2412,14.009573,0.24437299035369767,True
TCTTAGCGTCTTGCTG-1,1417.0,824,4.728299,0.06949118986339338,False
TCTTAGCGTGTTGCAA-1,2913.0,1569,6.7284584,0.05004812319538016,False
TCTTAGCGTGTTGTGA-1,3960.0,1940,15.555556,0.0580168776371308,False
TCTTAGCGTTCACCAT-1,4546.0,2105,8.886933,0.01896638233818364,False
TCTTAGTTCCGCAACA-1,2530.0,1409,6.9960475,0.07534533277521976,False
TCTTAGTTCCGGCTAA-1,2684.0,1291,7.5633383,0.07534533277521976,False
TCTTAGTTCGTCATTT-1,4190.0,1987,10.095465,0.07332101047443006,False
TCTTAGTTCTTCAATC-1,9221.0,3236,10.844811,0.05658418411489879,False
TCTTCAAGTCAAGTGC-1,2958.0,1426,14.02975,0.01803488715876614,False
TCTTCAAGTTCCTCCT-1,6564.0,2738,8.059111,0.009001703024896602,False
TCTTCAAGTTGCAATG-1,3593.0,1833,7.097133,0.20897615708274905,True
TCTTCAAGTTGGTTGA-1,4651.0,2053,16.168566,0.08931947069943286,False
TCTTCAAGTTTCAGGA-1,2809.0,1551,6.336775,0.006940160394818014,False
TCTTGACGTAGCTAAT-1,3258.0,1540,5.310006,0.03354324636936127,False
TCTTGACGTCATCAAG-1,2202.0,1024,27.429611,0.04885375494071145,False
TCTTGACGTCCAAATG-1,6471.0,2696,9.055787,0.06423741547708492,False
TCTTGACGTGACCTGG-1,3218.0,1537,8.35923,0.04235191384078009,False
TCTTGACGTTCAAGCA-1,2977.0,1492,11.588848,0.0385625431928127,False
TCTTGACGTTGACTTC-1,3719.0,1913,8.577575,0.047693266832917705,False
TCTTGACGTTGTCATC-1,2853.0,1484,10.900805,0.008391273076000958,False
TCTTGACGTTGTGATG-1,2147.0,1198,10.526316,0.018496420047732696,False
TCTTGACGTTTAAAGC-1,3029.0,1515,9.67316,0.015022255192878337,False
TCTTGTCCAAAGGTAC-1,3180.0,1721,8.238994,0.03513620213185945,False
TCTTGTCCAATGCGCT-1,4103.0,1803,8.286619,0.04136742315426601,False
TCTTGTCCACATACTG-1,1360.0,783,14.117648,0.025357827115969796,False
TCTTGTCCATAAGCAA-1,7199.0,2944,13.613002,0.06592776609975157,False
TCTTGTCCATGATTGT-1,4523.0,1939,6.4558926,0.09481481481481482,False
TCTTTGTAGGAGGACT-1,3496.0,1587,5.4347825,0.10082730093071354,False
TCTTTGTAGGGATTAG-1,4670.0,2065,15.1606,0.06949118986339338,False
TCTTTGTAGGGTCTAT-1,3374.0,1654,10.64019,0.05658418411489879,False
TCTTTGTAGGTAGCTT-1,3372.0,1603,12.099644,0.032023106869270374,False
TCTTTGTAGTAACGAG-1,4849.0,2073,9.960816,0.032023106869270374,False
TCTTTGTAGTCGCAAT-1,5433.0,2672,6.7366095,0.024185532854776367,False
TCTTTGTAGTTGGCCA-1,2539.0,1379,3.1508467,0.07534533277521976,False
TGAAACTGTCCAAATG-1,6852.0,2997,7.7057796,0.04440125579309313,False
TGAAACTGTCGCAAAC-1,6415.0,2706,15.728762,0.029868868382710054,False
TGAAACTGTTAATCGG-1,7727.0,3060,14.145205,0.0580168776371308,False
TGAAACTGTTCCTCCT-1,3619.0,1849,8.344847,0.021976855292493894,False
TGAACAACAAACCTTG-1,2871.0,1484,12.539186,0.1900043084877208,True
TGAACAACACTGACTA-1,3912.0,1859,11.809816,0.02851033499643621,False
TGAACAACAGCTCAAC-1,4085.0,2014,10.648715,0.11098748261474266,False
TGAACAACAGGCTTGT-1,6157.0,2657,10.410914,0.2919020715630885,True
TGAACAACAGGTTATT-1,3989.0,1855,11.1306095,0.02251286449399657,False
TGAACAGAGAAGCTAG-1,3377.0,1503,8.439444,0.047693266832917705,False
TGAACAGAGCCATCAG-1,5648.0,2435,14.606941,0.08427729950158584,False
TGAACAGAGCGTGCAC-1,3848.0,2002,11.096673,0.31158455392809603,True
TGAACAGAGCTCAAAC-1,2978.0,1478,14.170584,0.04040833687792429,False
TGAACAGAGGACCTCA-1,6637.0,2753,13.469942,0.021976855292493894,False
TGAACAGAGGCTCATG-1,4368.0,2044,11.836081,0.06260387811634349,False
TGAACAGAGGTCGAGG-1,2091.0,1160,8.464849,0.09200676165177493,False
TGAACAGAGTAACGAG-1,3239.0,1781,6.2364926,0.010946117946542214,False
TGAAGCAAGCCGCTAA-1,2164.0,870,13.354899,0.021976855292493894,False
TGAAGCAAGGACAATG-1,9384.0,3627,9.729326,0.23147675012774666,True
TGAAGCAAGGCGAATA-1,3775.0,2018,9.642385,0.021976855292493894,False
TGAAGGATCATTGACA-1,2840.0,1505,9.295775,0.06260387811634349,False
TGAAGGATCATTGCGG-1,4529.0,2208,13.534997,0.06260387811634349,False
TGAAGGATCCCAGTAG-1,2370.0,1286,10.1687765,0.04136742315426601,False
TGAAGGATCCGTCCAT-1,5643.0,2565,14.761652,0.05658418411489879,False
TGAAGGATCCTACCTA-1,4554.0,2005,7.2463765,0.04136742315426601,False
TGAAGGATCCTTTACG-1,2938.0,1613,8.339006,0.021451104100946368,False
TGAAGGATCTTTGACT-1,7385.0,2996,8.232904,0.05385002516356318,False
TGAAGTGAGAGGAAGG-1,1745.0,831,21.088825,0.04136742315426601,False
TGAAGTGAGGAAGTAT-1,2724.0,1390,14.7577095,0.06949118986339338,False
TGAAGTGAGGACTTAC-1,3374.0,1620,8.091287,0.03277439024390243,False
TGAAGTGAGGCGCTTA-1,2187.0,1330,6.264289,0.003603985584057664,False
TGAAGTGAGTATGTGC-1,1930.0,1073,13.108808,0.03128880059597715,False
TGAAGTGAGTTTGGTA-1,3442.0,1631,9.180709,0.06592776609975157,False
TGACCAAGTTGTTGTC-1,4332.0,1775,5.9095106,0.02251286449399657,False
TGACCAAGTTTGGCGG-1,2978.0,1577,6.279382,0.0580168776371308,False
TGACCTTGTAAATTGC-1,2640.0,1358,5.340909,0.07137096774193549,False
TGACCTTGTATTGTCC-1,3341.0,1629,13.199641,0.05385002516356318,False
TGACCTTGTTGCGTAA-1,6465.0,2600,13.379738,0.11866393202461177,False
TGACCTTGTTTGCAGA-1,3910.0,1966,8.03069,0.05519591141396934,False
TGACCTTGTTTGTCTA-1,3163.0,1664,9.263357,0.01669865642994242,False
TGACTCCTCACATTGA-1,10467.0,3564,10.681189,0.02476572958500669,False
TGACTCCTCCATAATG-1,3507.0,1661,5.132592,0.04546832373446498,False
TGACTCCTCCTTAAGA-1,2945.0,1382,7.877759,0.0594961586564231,False
TGACTCCTCCTTAATC-1,7823.0,3114,13.10239,0.0385625431928127,False
TGACTCCTCGCTATGG-1,2962.0,1628,7.528697,0.012709620476610766,False
TGACTCCTCGGCCAGT-1,3324.0,1690,9.7472925,0.024185532854776367,False
TGACTCCTCGTTACAA-1,2883.0,1619,9.746792,0.021976855292493894,False
TGACTCCTCTTGTCCA-1,6405.0,2721,13.489461,0.029868868382710054,False
TGACTTAAGACTCGCA-1,3563.0,1632,14.1734495,0.015430655569063874,False
TGACTTAAGATGCCTG-1,3258.0,1624,7.1209335,0.11472602739726025,False
TGACTTAAGCAAGACA-1,4451.0,2076,12.289372,0.02851033499643621,False
TGACTTAAGCACCACA-1,4285.0,2056,6.091015,0.02785286167587261,False
TGACTTAAGCGCTAAT-1,2828.0,1437,11.598303,0.029868868382710054,False
TGACTTAAGGATTGAG-1,4087.0,1941,2.0063617,0.13184713375796173,False
TGACTTAAGGCTACAT-1,2967.0,1530,9.032693,0.08190899001109879,False
TGACTTAAGGTTTGAC-1,2818.0,1437,10.503903,0.07963446475195822,False
TGACTTAAGTTATGTG-1,5306.0,2361,7.8967204,0.05658418411489879,False
TGACTTCGTAGCTAAT-1,4880.0,2444,8.9754095,0.023059434881455017,False
TGACTTCGTAGGTTTG-1,3951.0,1930,9.845609,0.0594961586564231,False
TGACTTCGTGGTGAGA-1,5528.0,2248,8.628799,0.12281757977122211,False
TGACTTCGTTAGCGTA-1,4069.0,1674,8.355861,0.04440125579309313,False
TGACTTCGTTAGGACC-1,2376.0,1242,9.890573,0.07963446475195822,False
TGAGAACCAACCTAAT-1,3037.0,1506,8.659862,0.0580168776371308,False
TGAGAACCAAGGTCCT-1,2762.0,1398,12.490949,0.051277877258668406,False
TGAGAACCACCGGCTA-1,7728.0,3102,8.423913,0.027209302325581396,False
TGAGAACCACGAATTT-1,10255.0,3709,9.52706,0.07137096774193549,False
TGAGAACCAGCAGGTA-1,4630.0,2098,6.846652,0.08190899001109879,False
TGAGAACCAGGAACAT-1,4681.0,2049,10.809656,0.05385002516356318,False
TGAGCAAAGACAAGTG-1,3092.0,1495,11.578266,0.05385002516356318,False
TGAGCACGTAATGGAA-1,2921.0,1330,6.3334475,0.03513620213185945,False
TGAGCACGTCTATCGT-1,3184.0,1551,5.7474875,0.06260387811634349,False
TGAGCACGTGACATGC-1,2659.0,1345,9.2892065,0.051277877258668406,False
TGAGCACGTTCCTCCT-1,2828.0,1506,15.205091,0.05658418411489879,False
TGAGCACGTTCTTTAG-1,1869.0,1059,12.199037,0.09775195756504167,False
TGAGCCGGTAGCCTAA-1,2501.0,1335,5.797681,0.10082730093071354,False
TGAGCCGGTCAAAGGG-1,3606.0,1582,6.7942324,0.07534533277521976,False
TGAGCCGGTCAGGCAT-1,3628.0,1758,9.399118,0.029868868382710054,False
TGAGCCGGTGCACGCA-1,5955.0,2572,14.408061,0.04336283185840707,False
TGAGCCGGTTCGCGCT-1,3679.0,1628,10.709432,0.0077983458054352115,False
TGAGCTTAGCATGTTA-1,3428.0,1707,11.085181,0.10082730093071354,False
TGAGCTTAGCGGATTT-1,4428.0,2122,7.2944894,0.04136742315426601,False
TGAGCTTAGCTATGAC-1,2830.0,1553,11.166078,0.039473684210526314,False
TGAGCTTAGCTCAATA-1,3703.0,1782,13.205509,0.02851033499643621,False
TGAGCTTAGGCCAATT-1,3724.0,1677,5.182599,0.10405083399523428,False
TGAGCTTAGGCTGTCA-1,3725.0,1854,7.409396,0.03354324636936127,False
TGAGCTTAGGGTCTAT-1,3434.0,1655,6.959814,0.14754098360655732,False
TGAGCTTAGGTAGCTT-1,6494.0,2569,9.439483,0.01758155889822231,False
TGAGCTTAGGTCGAGG-1,4042.0,1921,3.9831765,0.08674531575294935,False
TGAGCTTAGTCACGAT-1,6634.0,2713,12.767561,0.07963446475195822,False
TGAGCTTAGTGAGAGC-1,3113.0,1626,13.234822,0.030570902394106814,False
TGAGGAGGTATTTGGG-1,3264.0,1629,9.405638,0.07963446475195822,False
TGAGGAGGTGCTTACT-1,3740.0,1955,10.026738,0.03433029908972692,False
TGAGGAGGTGGAAGGC-1,5170.0,2233,8.684719,0.00481892523364486,False
TGAGGAGGTGGGTACT-1,4957.0,2226,10.611257,0.46131805157593153,True
TGAGGAGGTTAACGAT-1,2032.0,972,15.846457,0.02851033499643621,False
TGAGGAGGTTTAGCTC-1,6295.0,2859,10.754567,0.2585915492957747,True
TGAGGCACAAACTGCC-1,4171.0,1845,8.511148,0.05519591141396934,False
TGAGGCACAACAGGTG-1,3484.0,1728,12.916188,0.05004812319538016,False
TGAGGCACAAGGTACG-1,3902.0,1930,11.532547,0.11472602739726025,False
TGAGGCACAATTAGCT-1,3484.0,1781,8.524685,0.27434679334916884,True
TGAGGCACAGCAGGTA-1,6546.0,2477,13.626642,0.012709620476610766,False
TGAGGCACAGTCTATG-1,5891.0,2604,11.661858,0.06767794632438741,False
TGAGGGAGTAGCTGGT-1,2940.0,1411,9.659864,0.08674531575294935,False
TGAGGGAGTGGATTCA-1,3015.0,1581,7.495854,0.06260387811634349,False
TGAGGGAGTGTTTCAC-1,1972.0,994,25.152128,0.04136742315426601,False
TGAGGGAGTTGCAGTA-1,5727.0,2132,8.0146675,0.03596164091635589,False
TGAGGGCCAACTCGCG-1,2661.0,1451,8.117249,0.07534533277521976,False
TGAGGGCCACAACCTA-1,3840.0,1947,9.322917,0.013455328310010764,False
TGAGGGCCACAATGTT-1,6317.0,2630,10.907076,0.05385002516356318,False
TGAGGGCCAGTTGCGT-1,6697.0,2767,14.72301,0.006387832699619771,False
TGAGGGCCATCATGGC-1,7479.0,3165,4.0780854,0.12720519962859794,False
TGAGGTGCAACAGCCT-1,3502.0,1756,4.5402627,0.09775195756504167,False
TGAGGTGCAACTGGCT-1,4358.0,1855,8.329509,0.04040833687792429,False
TGAGGTGCAAGGTATA-1,4683.0,2064,9.160794,0.03596164091635589,False
TGAGGTGCAAGTAAGC-1,1320.0,710,14.469697,0.10743353228431904,False
TGAGGTGCAGAATGAC-1,3368.0,1708,12.885986,0.05519591141396934,False
TGAGGTGCAGGTTTGC-1,4730.0,2301,5.3488374,0.31158455392809603,True
TGAGGTGCATAATCGT-1,5767.0,2431,17.201319,0.06767794632438741,False
TGAGGTGCATAGCAGG-1,2237.0,931,19.445686,0.11098748261474266,False
TGAGGTGCATTGGGAG-1,3594.0,1688,11.936561,0.039473684210526314,False
TGAGTGAAGACAGGCG-1,4219.0,1739,10.903057,0.07332101047443006,False
TGAGTGAAGCTCGCTT-1,1875.0,931,14.24,0.03513620213185945,False
TGAGTGAAGGAGTCGG-1,3474.0,1702,8.4916525,0.03680733450182013,False
TGAGTGAAGGCCTTAG-1,6527.0,2922,4.4737244,0.025962195399681167,False
TGAGTGAAGGTTAGAG-1,1206.0,805,9.535655,0.02476572958500669,False
TGAGTGAAGTCAGGCC-1,1605.0,804,11.52648,0.02657921988263721,False
TGAGTGAAGTGAGAGC-1,6707.0,2645,7.9469213,0.27434679334916884,True
TGAGTGAAGTTCCTCA-1,1523.0,796,29.415628,0.039473684210526314,False
TGAGTTTCAAAGCCTC-1,10681.0,3786,12.452018,0.0580168776371308,False
TGAGTTTCACCTGGTG-1,3622.0,1797,12.037548,0.0594961586564231,False
TGAGTTTCAGGTTCAC-1,6083.0,2564,9.715601,0.009001703024896602,False
TGAGTTTCAGTTAGCC-1,3084.0,1602,8.041505,0.046565237436606725,False
TGATCAATCAAGTGTC-1,2820.0,1530,9.468085,0.0058505850585058505,False
TGATCAATCAATCTCT-1,3725.0,1876,8.805368,0.047693266832917705,False
TGATCAATCATAACGC-1,3003.0,1577,8.424909,0.05658418411489879,False
TGATCAATCCCTGACT-1,4461.0,2019,11.544497,0.06260387811634349,False
TGATCAATCCTCCCTC-1,3634.0,1783,13.813978,0.007508212106992022,False
TGATCAATCGTAATCA-1,4697.0,2181,9.559293,0.01758155889822231,False
TGATCACAGCGATAGA-1,2802.0,1367,10.920772,0.052544613350958363,False
TGATCACAGGCGCTTA-1,5206.0,2341,11.448329,0.04336283185840707,False
TGATCACAGTTTGAGC-1,1291.0,704,13.710302,0.06102433708681438,False
TGATCAGGTACGGGTT-1,2785.0,1543,11.13106,0.008694252133311868,False
TGATCAGGTATTGTGG-1,3193.0,1584,6.890072,0.027209302325581396,False
TGATCAGGTCATCAAG-1,2457.0,1335,8.831908,0.013079455467568288,False
TGATCAGGTCATCATC-1,3982.0,1672,12.456052,0.06260387811634349,False
TGATCAGGTCCTAAGA-1,3379.0,1701,7.1322875,0.008391273076000958,False
TGATCAGGTCTTTGAC-1,3503.0,1699,8.335712,0.06423741547708492,False
TGATCAGGTGCTTAGA-1,6055.0,2534,14.384806,0.05385002516356318,False
TGATCAGGTTAAGTGT-1,3119.0,1405,6.604681,0.07963446475195822,False
TGATCCTGTAGACAAA-1,5084.0,1966,8.123525,0.0385625431928127,False
TGATCCTGTAGCCTCC-1,3313.0,1731,8.179897,0.015430655569063874,False
TGATCCTGTTAACAGT-1,6340.0,2389,4.274448,0.07332101047443006,False
TGATCCTGTTGACTTC-1,3296.0,1820,6.037621,0.006940160394818014,False
TGATCCTGTTGTGACA-1,2767.0,1458,5.7101555,0.04336283185840707,False
TGATCGAGTACTGATG-1,3829.0,1806,16.479498,0.011987491313412093,False
TGATCGAGTAGGATTT-1,5534.0,2458,11.040839,0.051277877258668406,False
TGATCGAGTATTCGTC-1,3200.0,1545,16.34375,0.014620689655172414,False
TGATCGAGTCAACAAT-1,849.0,667,0.3533569,0.0580168776371308,False
TGATCGAGTTATAGCG-1,1695.0,1051,4.424779,0.1900043084877208,True
TGATGAACAAAGCTAA-1,2684.0,1410,11.326379,0.08931947069943286,False
TGATGAACAATGAAGC-1,4104.0,2028,7.9191036,0.006940160394818014,False
TGATGAACAATTGAAG-1,4474.0,2073,14.304872,0.06102433708681438,False
TGATGAACACAGACTC-1,3052.0,1582,8.4862385,0.03596164091635589,False
TGATGAACACCAGGTT-1,2734.0,1490,4.3160205,0.0580168776371308,False
TGATGAACACTAGGTC-1,8667.0,3025,9.115034,0.01993253603189206,False
TGATGAACAGAATGAC-1,7503.0,2712,9.662802,0.02476572958500669,False
TGATGAACAGCGCTTG-1,2801.0,1575,8.568368,0.0053278081989048395,False
TGATGAACATGTTGCA-1,3048.0,1701,8.759843,0.012709620476610766,False
TGATGACTCACTCGCT-1,3897.0,1784,17.988195,0.04440125579309313,False
TGATGACTCAGCATTA-1,4794.0,2126,7.2590737,0.01993253603189206,False
TGATGACTCAGTATTG-1,4525.0,2134,5.5469613,0.06592776609975157,False
TGATGACTCCAAGTTA-1,6337.0,2611,3.929304,0.03680733450182013,False
TGATGACTCCTTGAGG-1,3420.0,1819,5.497076,0.013079455467568288,False
TGATGACTCTAATCCT-1,3083.0,1646,6.8764186,0.09775195756504167,False
TGATGATGTCAGTAAT-1,611.0,251,40.098198,0.03277439024390243,False
TGATGATGTCGTAATG-1,4731.0,2208,9.997887,0.05658418411489879,False
TGATGATGTGTCCTGC-1,4308.0,1950,9.122562,0.08674531575294935,False
TGATGATGTTAGAGGG-1,6847.0,2840,14.7071705,0.021451104100946368,False
TGATGATGTTCACCAT-1,3759.0,1886,8.512902,0.015430655569063874,False
TGATGATGTTCCGGCT-1,4302.0,2095,7.322176,0.10405083399523428,False
TGATTAGTCAATTACG-1,2715.0,1493,9.392265,0.10082730093071354,False
TGATTAGTCATTGTCT-1,3022.0,1528,13.236268,0.11866393202461177,False
TGATTAGTCCAGGTTG-1,4146.0,1961,10.974433,0.03596164091635589,False
TGATTAGTCCCGCAAA-1,2664.0,1404,15.39039,0.007222179078978022,False
TGATTAGTCCTGGCTT-1,1958.0,1130,7.558733,0.10743353228431904,False
TGATTAGTCCTTAATC-1,5406.0,2259,4.9389567,0.051277877258668406,False
TGATTAGTCGCTATGG-1,4361.0,1884,8.598946,0.06260387811634349,False
TGATTAGTCTCACTAT-1,2984.0,1606,6.233244,0.04136742315426601,False
TGATTCAAGAGGAGTC-1,3715.0,1677,8.855989,0.032023106869270374,False
TGATTCAAGCTCAAAC-1,2854.0,1531,11.107218,0.013837388079949352,False
TGATTCAAGGCTAGAA-1,3183.0,1616,12.095508,0.012709620476610766,False
TGATTCAAGGTAAGCA-1,3216.0,1587,11.504975,0.04440125579309313,False
TGATTGCAGAGGAAGG-1,4658.0,2141,15.457278,0.05385002516356318,False
TGATTGCAGCCTAATA-1,3822.0,1956,1.4913658,0.032023106869270374,False
TGATTGCAGCGGATTT-1,4746.0,1814,8.870627,0.04336283185840707,False
TGATTGCAGCTCATAA-1,4257.0,2093,9.537232,0.04040833687792429,False
TGATTGCAGGAGCAAC-1,2523.0,1269,8.561236,0.0385625431928127,False
TGATTGCAGTAAGTCC-1,2336.0,1257,8.433219,0.07744826114785579,False
TGATTGCAGTGAGGGT-1,5836.0,2531,15.849897,0.02476572958500669,False
TGATTGCAGTTCCTGC-1,6536.0,2795,13.326194,0.38812042310821776,True
TGCAAGCGTACCCACC-1,2017.0,1264,3.767972,0.007508212106992022,False
TGCAAGCGTATTGGTG-1,2549.0,1376,10.867006,0.00481892523364486,False
TGCAAGCGTATTGTGG-1,7033.0,2706,8.218399,0.17379145025968837,False
TGCAAGCGTCAAAGGG-1,2707.0,1407,10.676024,0.013079455467568288,False
TGCAAGCGTTCATCTA-1,2458.0,1345,6.997559,0.09200676165177493,False
TGCAATATCAGGGCCT-1,2941.0,1416,11.6627,0.01669865642994242,False
TGCAATATCCAACTGG-1,3923.0,1784,6.7040534,0.09200676165177493,False
TGCAATATCCAATTAG-1,4421.0,2134,11.332278,0.06260387811634349,False
TGCAATATCGAGCTAT-1,3992.0,1799,9.018036,0.08190899001109879,False
TGCAATATCGGTTACG-1,6929.0,2100,2.9297156,0.02851033499643621,False
TGCAATATCTCCTCTT-1,4219.0,1990,5.925575,0.13184713375796173,False
TGCACACCAAGCCAGA-1,3986.0,1894,15.755142,0.011634922002930278,False
TGCACACCACTAAGAA-1,2711.0,1524,3.2460346,0.03513620213185945,False
TGCACACCAGAGGCTA-1,3094.0,1611,10.633484,0.01803488715876614,False
TGCACACCATCTAGCA-1,5362.0,2253,13.595674,0.10082730093071354,False
TGCACACCATTGTGGC-1,6070.0,2737,11.729818,0.03680733450182013,False
TGCACCTTCAAACACC-1,7164.0,2866,9.394194,0.021976855292493894,False
TGCACCTTCAGGTCCA-1,3518.0,1981,6.8220577,0.008092668993970167,False
TGCACCTTCCCTCATA-1,3994.0,1995,10.290436,0.15977653631284908,False
TGCACCTTCCGCCAAA-1,2688.0,1500,5.877976,0.011987491313412093,False
TGCACCTTCCGTTAAA-1,5065.0,2273,5.449161,0.07744826114785579,False
TGCACCTTCCGTTATT-1,10064.0,3738,5.0377584,0.33380581148121885,True
TGCACCTTCCTAAGGT-1,6910.0,2650,8.94356,0.005587424569768309,False
TGCACCTTCTCTAGCC-1,6023.0,2552,11.572306,0.030570902394106814,False
TGCACTTGTACCGTAA-1,3568.0,1739,6.0818386,0.012709620476610766,False
TGCACTTGTAGCAGCT-1,3919.0,2029,0.357234,0.039473684210526314,False
TGCACTTGTGAGGTAG-1,2524.0,1387,8.874802,0.03277439024390243,False
TGCACTTGTGCTGTAA-1,2777.0,1531,10.947065,0.07744826114785579,False
TGCACTTGTGTTGTGA-1,3174.0,1653,13.642092,0.08931947069943286,False
TGCACTTGTTGCAATG-1,4136.0,1955,10.323984,0.07744826114785579,False
TGCACTTGTTGCCTCA-1,577.0,295,40.207973,0.38812042310821776,True
TGCACTTGTTTACGTC-1,3688.0,1802,11.279826,0.008694252133311868,False
TGCACTTGTTTCCACG-1,10112.0,3899,11.817642,0.33380581148121885,True
TGCACTTGTTTGCGCC-1,2925.0,1497,7.213675,0.08674531575294935,False
TGCAGGCTCAAATCGC-1,2466.0,1219,9.854015,0.0594961586564231,False
TGCAGGCTCGTAACGT-1,3964.0,1981,9.561049,0.01993253603189206,False
TGCAGGCTCTGGCTTC-1,2903.0,1516,7.475026,0.03596164091635589,False
TGCAGGCTCTTAGGGT-1,4189.0,1814,10.933397,0.10405083399523428,False
TGCAGGCTCTTGTCTG-1,4061.0,1821,9.0864315,0.14198782961460438,False
TGCATCCTCACCGGTA-1,3308.0,1571,8.524788,0.08190899001109879,False
TGCATCCTCCTAACGG-1,1805.0,1009,8.919667,0.11866393202461177,False
TGCATCCTCCTTGCAC-1,8406.0,3180,10.563883,0.009313725490196078,False
TGCATCCTCGCTAGAT-1,3146.0,1390,13.286713,0.31158455392809603,True
TGCATCCTCGTTCACC-1,2766.0,1473,10.159075,0.05385002516356318,False
TGCATCCTCTGTGAGT-1,9904.0,3554,10.72294,0.03767403767403767,False
TGCATGAGTAATAACC-1,4579.0,2093,5.5689015,0.13184713375796173,False
TGCATGAGTAGGTTGC-1,4215.0,1801,9.537367,0.008391273076000958,False
TGCATGAGTCAGGCAT-1,3730.0,1799,9.97319,0.014225788801750865,False
TGCATGAGTGCCGCAA-1,2984.0,1454,22.017427,0.06260387811634349,False
TGCATGAGTGCGCATG-1,2390.0,1283,11.087866,0.009951899154088572,False
TGCATGAGTTGCACGG-1,8377.0,3380,10.111018,0.421792618629174,True
TGCATGAGTTGGATAT-1,1956.0,1113,7.310838,0.05004812319538016,False
TGCATTAAGCTCAATA-1,6897.0,2845,8.829926,0.46131805157593153,True
TGCATTAAGCTTTGTT-1,1656.0,959,16.727053,0.018496420047732696,False
TGCATTAAGGCTTAGT-1,3731.0,1802,6.325382,0.01128783991790662,False
TGCATTAAGGTCTTGG-1,8105.0,3092,15.533622,0.007222179078978022,False
TGCCATTGTAAAGCAA-1,4743.0,2145,14.294749,0.013455328310010764,False
TGCCATTGTAACTACG-1,4436.0,2143,8.408477,0.08427729950158584,False
TGCCATTGTATTGTCC-1,3932.0,1950,8.189217,0.011987491313412093,False
TGCCATTGTTAGGCTA-1,3378.0,1746,11.78212,0.039473684210526314,False
TGCCATTGTTAGTACG-1,7100.0,2663,7.676056,0.11472602739726025,False
TGCCGGTAGCCAAATC-1,809.0,404,39.555008,0.07744826114785579,False
TGCCGGTAGCTGTACG-1,3189.0,1568,13.546567,0.11866393202461177,False
TGCCGGTAGCTTGCTC-1,2656.0,1378,4.819277,0.07744826114785579,False
TGCCGGTAGGAACGCG-1,7287.0,2844,11.76067,0.007222179078978022,False
TGCCGGTAGGAGGCAT-1,3682.0,1506,6.681152,0.03277439024390243,False
TGCCTGTTCATAACTG-1,3104.0,1624,10.66366,0.12720519962859794,False
TGCCTGTTCATCAGTA-1,2928.0,1627,8.29918,0.021451104100946368,False
TGCCTGTTCCGGAACC-1,3177.0,1751,0.4406673,0.03277439024390243,False
TGCCTGTTCCTGGTGA-1,4963.0,2274,12.029015,0.05519591141396934,False
TGCCTGTTCGCAGGCT-1,349.0,260,15.472778,0.1900043084877208,True
TGCGATTAGCGTGCAC-1,3475.0,1673,11.91367,0.025357827115969796,False
TGCGATTAGCTAAAGG-1,7034.0,3032,6.369065,0.2585915492957747,True
TGCGATTAGCTTACTT-1,4769.0,1884,6.605158,0.02657921988263721,False
TGCGATTAGGACTTAC-1,2909.0,1574,7.1158476,0.10743353228431904,False
TGCGATTAGTTTGGTA-1,3302.0,1703,12.931557,0.027209302325581396,False
TGCGCAGGTCACTCGC-1,4187.0,1857,6.5440645,0.06102433708681438,False
TGCGCAGGTGGATTAT-1,7012.0,2689,19.03879,0.02042921997523731,False
TGCGCAGGTTAATCGG-1,5843.0,2548,9.686805,0.06592776609975157,False
TGCGCAGGTTAGGCTA-1,3110.0,1620,7.2025723,0.15977653631284908,False
TGCGCAGGTTGCGCGA-1,4364.0,2159,9.463795,0.02251286449399657,False
TGCGCAGGTTTGTGGA-1,5469.0,2318,10.9526415,0.02785286167587261,False
TGCGCGAGTACGATTG-1,2335.0,1338,17.130621,0.04885375494071145,False
TGCGCGAGTCACAGCG-1,1909.0,1137,12.414877,0.025962195399681167,False
TGCGCGAGTGAGGTGA-1,3818.0,1830,14.693557,0.06767794632438741,False
TGCGCGAGTTAACACG-1,2001.0,1118,13.993004,0.07137096774193549,False
TGCGCGAGTTAGGCTA-1,2483.0,1361,8.819976,0.02785286167587261,False
TGCGCGAGTTGCCTCA-1,2037.0,1163,7.6092296,0.02042921997523731,False
TGCGCGAGTTGGTTAG-1,2271.0,1320,7.001321,0.02093531923757942,False
TGCGGTTCAACCCTAA-1,2835.0,1470,10.546737,0.051277877258668406,False
TGCGGTTCACGAATCC-1,1832.0,1063,15.120088,0.046565237436606725,False
TGCGGTTCACTAAGTT-1,3949.0,1803,8.533807,0.08674531575294935,False
TGCGGTTCAGGAATCG-1,3009.0,1510,12.362911,0.009951899154088572,False
TGCGGTTCAGGATAAC-1,2816.0,1481,13.778409,0.027209302325581396,False
TGCGGTTCATAAAGCA-1,3726.0,1824,7.6221147,0.025357827115969796,False
TGCGGTTCATGGCCTG-1,6190.0,2526,13.247172,0.052544613350958363,False
TGCTAACAGATGGACA-1,6426.0,2748,9.928415,0.025357827115969796,False
TGCTAACAGCGAGTAA-1,2220.0,1185,7.4324327,0.11098748261474266,False
TGCTAACAGCGGATTT-1,7010.0,2951,8.801712,0.18159203980099492,True
TGCTAACAGGCGCACT-1,3143.0,1497,12.599428,0.06767794632438741,False
TGCTAACAGTGGACAA-1,4212.0,1899,7.526116,0.029868868382710054,False
TGCTAACAGTTATGTG-1,3234.0,1715,9.863946,0.04040833687792429,False
TGCTAGCCAGCAAGTG-1,2960.0,1541,8.783784,0.04440125579309313,False
TGCTAGCCATCGCTTT-1,4531.0,1798,10.527477,0.047693266832917705,False
TGCTATGCAACCTAAT-1,4921.0,2092,9.103841,0.04040833687792429,False
TGCTATGCAACTAACT-1,4020.0,1964,11.268657,0.19910313901345295,True
TGCTATGCAATGCGCT-1,6857.0,2776,9.610617,0.010278265229380797,False
TGCTATGCAATTTAGC-1,4082.0,1667,7.569819,0.07137096774193549,False
TGCTATGCACGCAACT-1,3173.0,1589,12.354239,0.013455328310010764,False
TGCTATGCACTAGCGT-1,4160.0,2025,15.168269,0.07332101047443006,False
TGCTATGCATAGCGGA-1,3188.0,1637,9.065245,0.02476572958500669,False
TGCTATGCATCGCTCC-1,3090.0,1736,6.893204,0.007222179078978022,False
TGCTATGCATCGCTTT-1,3601.0,1732,11.330186,0.013455328310010764,False
TGCTATGCATGAATAG-1,4739.0,2042,10.529648,0.029868868382710054,False
TGCTCAACAATAGTCT-1,4548.0,2038,11.41161,0.03128880059597715,False
TGCTCAACACAACCTA-1,3827.0,1960,6.4018817,0.09200676165177493,False
TGCTCAACACCTCACC-1,10099.0,3695,12.674522,0.31158455392809603,True
TGCTCAACACTTCACT-1,6537.0,2736,10.998929,0.2919020715630885,True
TGCTCAACAGGATTAA-1,3984.0,1929,11.571285,0.03596164091635589,False
TGCTCACTCAATTACG-1,4931.0,2146,13.060231,0.01803488715876614,False
TGCTCACTCCCTCACG-1,8854.0,3531,11.71222,0.025357827115969796,False
TGCTCACTCCGGTATG-1,3221.0,1660,6.861223,0.11098748261474266,False
TGCTCACTCGCTAGAT-1,4005.0,1861,14.831461,0.009313725490196078,False
TGCTCCGTCCCATAGG-1,4667.0,2279,16.670237,0.5083682008368199,True
TGCTCCGTCCTAGTCC-1,13044.0,4405,6.025759,0.46131805157593153,True
TGCTCCGTCTGTAAGC-1,8045.0,3166,12.529522,0.029868868382710054,False
TGCTCTCAGGACCGCT-1,5511.0,2392,15.514426,0.06260387811634349,False
TGCTCTCAGGTCGATT-1,3720.0,1816,13.41398,0.06767794632438741,False
TGCTCTCAGTGAGCAA-1,1548.0,939,9.302325,0.02657921988263721,False
TGCTGGATCAAGTGAG-1,2603.0,1397,15.904724,0.07744826114785579,False
TGCTGGATCACCATTT-1,7136.0,2861,9.108745,0.11866393202461177,False
TGCTGGATCATGTCAA-1,3351.0,1555,4.625485,0.10405083399523428,False
TGCTGGATCATTAGTG-1,2256.0,1280,13.209219,0.027209302325581396,False
TGCTGGATCCACAATA-1,8153.0,3240,9.517969,0.08931947069943286,False
TGCTGGATCCCTGGAA-1,4131.0,1910,8.8840475,0.09775195756504167,False
TGCTGGATCCGGTATG-1,2817.0,1484,7.4192405,0.06260387811634349,False
TGCTGGATCCTGGTGA-1,3820.0,1697,7.460733,0.04546832373446498,False
TGCTGGATCTCCTCTT-1,13101.0,4262,7.098695,0.052544613350958363,False
TGCTTAAAGAAAGGAA-1,11573.0,3875,9.738184,0.421792618629174,True
TGCTTAAAGACTAAGG-1,3685.0,1835,13.975577,0.0385625431928127,False
TGCTTAAAGAGGATAT-1,4240.0,2026,7.4764147,0.11098748261474266,False
TGCTTAAAGCAGGCCT-1,2671.0,1498,10.482965,0.010609632873021219,False
TGCTTAAAGCGTGCAC-1,3144.0,1557,11.991094,0.01669865642994242,False
TGCTTAAAGCTATTAG-1,4043.0,1901,9.596834,0.06423741547708492,False
TGCTTAAAGGACCTTG-1,6426.0,2709,10.239651,0.025357827115969796,False
TGCTTAAAGTATCGCG-1,2282.0,1319,6.7922873,0.10405083399523428,False
TGCTTCATCCAAACAC-1,1725.0,985,5.7971015,0.021451104100946368,False
TGCTTCATCCATCAGG-1,12702.0,4294,11.525744,0.0594961586564231,False
TGCTTCATCGACAAAG-1,3971.0,1808,10.022664,0.11472602739726025,False
TGCTTCATCGCGCTAA-1,2192.0,1213,7.892336,0.04546832373446498,False
TGCTTCCAGACAACAG-1,3132.0,1611,10.408685,0.015022255192878337,False
TGCTTCCAGCAGCTAT-1,5188.0,2212,7.324595,0.04546832373446498,False
TGCTTCCAGCAGGTTT-1,1006.0,617,18.986084,0.24437299035369767,True
TGCTTCCAGCTGTAAC-1,3257.0,1644,7.5222597,0.01993253603189206,False
TGCTTCCAGGACAACA-1,7140.0,2917,7.535014,0.1367661528369957,False
TGCTTCCAGGATTGCT-1,10895.0,4009,8.003672,0.421792618629174,True
TGCTTCCAGGGTGGAT-1,2124.0,1235,12.3822975,0.005071664829106946,False
TGCTTCCAGTAACCCG-1,4494.0,2119,6.4753003,0.07332101047443006,False
TGCTTCCAGTTATCTC-1,3853.0,1985,6.254866,0.03767403767403767,False
TGCTTGCTCAATCTCT-1,6280.0,2498,13.121019,0.07137096774193549,False
TGCTTGCTCACCGGTA-1,4241.0,1903,12.544211,0.11098748261474266,False
TGCTTGCTCAGCACGC-1,555.0,465,1.8018018,0.10405083399523428,False
TGCTTGCTCATCCTCA-1,6093.0,2638,10.421796,0.04440125579309313,False
TGCTTGCTCATGAGCT-1,3262.0,1696,10.116493,0.011634922002930278,False
TGCTTGCTCCCGAACA-1,5126.0,2263,6.3012094,0.03433029908972692,False
TGCTTGCTCCCTGGTT-1,18629.0,5205,9.19534,0.2919020715630885,True
TGCTTGCTCCTGGCTT-1,5197.0,2256,7.369636,0.11866393202461177,False
TGCTTGCTCTAAGTGC-1,6791.0,2771,10.204682,0.05385002516356318,False
TGCTTGTGTAGCAGCT-1,2637.0,1474,5.119454,0.02657921988263721,False
TGCTTGTGTAGGTTGC-1,1604.0,966,9.476309,0.02251286449399657,False
TGCTTGTGTCCTCCAA-1,35989.0,7914,2.1200924,0.46131805157593153,True
TGCTTGTGTCGCGCAA-1,5225.0,2283,12.555024,0.02042921997523731,False
TGCTTGTGTGACATAT-1,3427.0,1654,12.780859,0.05519591141396934,False
TGCTTGTGTGGCTTCC-1,3206.0,1711,7.080474,0.023616881696916687,False
TGCTTGTGTGTTGCAA-1,5605.0,2145,5.4058876,0.025357827115969796,False
TGCTTTAGTACGCGCA-1,3877.0,1887,7.5573897,0.11866393202461177,False
TGCTTTAGTGGTTCTT-1,4810.0,2221,6.881497,0.02785286167587261,False
TGCTTTAGTTGCGGAT-1,2435.0,1428,6.1601644,0.03128880059597715,False
TGGAACAAGACAGGTA-1,2607.0,1513,9.090909,0.02042921997523731,False
TGGAACAAGCAAACCT-1,3562.0,1936,4.070747,0.03128880059597715,False
TGGAACAAGCTAGAAG-1,2991.0,1528,14.844534,0.010609632873021219,False
TGGAACAAGCTGGAAA-1,622.0,418,20.578777,0.03680733450182013,False
TGGAACAAGGAGGTTA-1,5300.0,2206,21.169811,0.010278265229380797,False
TGGACAAAGCTTAGCG-1,3669.0,1898,5.1785226,0.012709620476610766,False
TGGACAAAGGCATGTT-1,5166.0,2573,8.555943,0.021976855292493894,False
TGGACAAAGGCGAATA-1,3173.0,1505,10.620864,0.03128880059597715,False
TGGACAAAGGCGCTAC-1,2922.0,1579,8.590007,0.07744826114785579,False
TGGACAAAGTGAGCGG-1,5757.0,2479,17.474379,0.5083682008368199,True
TGGACAAAGTTCCCGT-1,3804.0,1806,10.19979,0.02657921988263721,False
TGGACCGGTCAAACTG-1,2481.0,1358,9.10923,0.05519591141396934,False
TGGACCGGTGGAAGGC-1,2290.0,1257,9.781659,0.08931947069943286,False
TGGACCGGTGTAATAC-1,5417.0,2265,12.571534,0.01803488715876614,False
TGGACCGGTGTTGTAG-1,2504.0,1191,14.017571,0.03513620213185945,False
TGGACGGAGAATGACG-1,3940.0,1906,11.243655,0.06423741547708492,False
TGGACGGAGACAAGTG-1,2884.0,1432,17.198336,0.00481892523364486,False
TGGACGGAGCTTGCTC-1,2858.0,1550,11.5465355,0.04546832373446498,False
TGGACGGAGGCCGGAA-1,3116.0,1628,13.960205,0.010278265229380797,False
TGGACGGAGGCGAAAC-1,3556.0,1743,11.782903,0.03596164091635589,False
TGGACGGAGGCGCATC-1,1353.0,897,4.5824094,0.05658418411489879,False
TGGACGGAGTAAGTCC-1,4864.0,2123,16.467928,0.31158455392809603,True
TGGACGGAGTGGACAA-1,3017.0,1437,6.4965196,0.07744826114785579,False
TGGACTAGTAATCGTG-1,3831.0,1840,6.7084312,0.05519591141396934,False
TGGACTAGTAATGACT-1,2170.0,1143,9.585253,0.051277877258668406,False
TGGACTAGTACCGAAC-1,2813.0,1476,12.51333,0.04336283185840707,False
TGGACTAGTTGTAAAC-1,3433.0,1645,11.797262,0.03433029908972692,False
TGGACTAGTTTAGCTC-1,6667.0,2989,10.664467,0.31158455392809603,True
TGGATTCAGAAAGCAT-1,6615.0,2683,15.389267,0.029182178455626276,False
TGGATTCAGAGAAGGG-1,3041.0,1595,10.950346,0.015430655569063874,False
TGGATTCAGCAAACCT-1,4218.0,2052,9.720246,0.05519591141396934,False
TGGATTCAGCGCTAAT-1,4668.0,2179,8.82605,0.046565237436606725,False
TGGATTCAGGAACGGT-1,2196.0,1162,5.555556,0.12281757977122211,False
TGGATTCAGGACAATG-1,3241.0,1626,11.724776,0.00666207213416035,False
TGGATTCAGGATTGAG-1,4099.0,1789,4.9524274,0.11472602739726025,False
TGGATTCAGGGCTTTG-1,2978.0,1635,2.887844,0.06949118986339338,False
TGGATTCAGGTCATTA-1,6944.0,2663,10.037442,0.04040833687792429,False
TGGATTCAGTCATGCG-1,4870.0,2459,10.677618,0.021976855292493894,False
TGGATTGGTACAATGT-1,6169.0,2650,5.6735287,0.02476572958500669,False
TGGATTGGTACCGTAA-1,2517.0,1456,9.415972,0.06767794632438741,False
TGGATTGGTCAAAGAA-1,3157.0,1601,11.624961,0.05658418411489879,False
TGGATTGGTGGCTTCC-1,2501.0,1516,4.0383844,0.01584606677985286,False
TGGATTGGTGGTGAGA-1,6943.0,2761,11.96889,0.0058505850585058505,False
TGGATTGGTTGTTGTC-1,2580.0,1364,8.100775,0.04885375494071145,False
TGGATTGGTTTCCACG-1,4672.0,1636,5.907534,0.032023106869270374,False
TGGATTGGTTTGAGGC-1,2989.0,1558,10.237537,0.06423741547708492,False
TGGCCAATCATGCCTC-1,2134.0,1227,9.934396,0.1900043084877208,True
TGGCCAATCCCTCGCA-1,3224.0,1650,10.949132,0.03354324636936127,False
TGGCCAATCCCTGTTA-1,2403.0,1344,10.112359,0.051277877258668406,False
TGGCCAATCCTGGTGA-1,15022.0,4679,12.641459,0.11472602739726025,False
TGGCCAATCGGTTTGG-1,1565.0,956,16.230032,0.06767794632438741,False
TGGCCAATCTAACTGA-1,5152.0,2248,16.537268,0.07534533277521976,False
TGGCCAATCTAATCAG-1,7524.0,3016,9.529506,0.0385625431928127,False
TGGCCATCAAATATCC-1,3734.0,1816,5.5972147,0.027209302325581396,False
TGGCCATCACCGGCTA-1,3233.0,1674,9.619548,0.0580168776371308,False
TGGCCATCACCTGGTG-1,5546.0,2423,9.736748,0.03680733450182013,False
TGGCCATCAGAAACGT-1,4154.0,1985,8.47376,0.01758155889822231,False
TGGCCATCAGGTATTT-1,2987.0,1193,14.69702,0.024185532854776367,False
TGGCCATCATCGTTCT-1,5829.0,2179,2.796363,0.11472602739726025,False
TGGCCATCATGCAACC-1,7380.0,2963,13.807589,0.07332101047443006,False
TGGCCATCATGTTGGC-1,2270.0,1318,6.6079297,0.07137096774193549,False
TGGCCATCATGTTTGG-1,2313.0,1367,6.701254,0.004080463884315269,False
TGGCCTGCAAGTCGCT-1,3427.0,1821,5.9819083,0.023616881696916687,False
TGGCCTGCAATATACC-1,2147.0,953,9.408477,0.02851033499643621,False
TGGCCTGCAGAATGAC-1,4228.0,2004,11.400189,0.04440125579309313,False
TGGCCTGCAGGCTGTT-1,4220.0,1836,5.7582936,0.06260387811634349,False
TGGCCTGCAGTTTCTC-1,3747.0,1804,16.333065,0.01803488715876614,False
TGGCCTTTCAGCACCA-1,8606.0,3417,5.414827,0.2919020715630885,True
TGGCCTTTCCCGAACA-1,5918.0,2498,12.825279,0.03433029908972692,False
TGGCCTTTCGCATTAA-1,3865.0,1839,8.35705,0.11098748261474266,False
TGGCCTTTCGTTACAA-1,5567.0,2440,17.100773,0.04336283185840707,False
TGGCCTTTCTACTAAG-1,2448.0,1322,9.191176,0.07332101047443006,False
TGGCCTTTCTTGCAAA-1,3997.0,1922,10.232675,0.008694252133311868,False
TGGCGGTTCATTAGCA-1,4012.0,1815,8.77368,0.014225788801750865,False
TGGCGGTTCATTTGTC-1,5020.0,2323,12.171314,0.008391273076000958,False
TGGCGGTTCCTACCTA-1,3396.0,1844,8.775029,0.011634922002930278,False
TGGCGGTTCCTTGCAC-1,4762.0,2139,13.754725,0.06423741547708492,False
TGGCGGTTCTAAGTCA-1,8876.0,3355,13.418206,0.421792618629174,True
TGGCGGTTCTTGCAAA-1,7300.0,2838,10.835616,0.025357827115969796,False
TGGCTAAGTCAATAGT-1,2789.0,1513,10.577269,0.07744826114785579,False
TGGCTAAGTGAGAAAC-1,2688.0,1435,8.965774,0.0580168776371308,False
TGGCTAAGTTAGACCA-1,3514.0,1759,10.159363,0.04235191384078009,False
TGGCTAAGTTAGGTTG-1,6891.0,2775,7.923378,0.01128783991790662,False
TGGCTAAGTTATTGCC-1,3600.0,1727,7.75,0.0594961586564231,False
TGGCTATAGAACCTAC-1,3564.0,1777,14.927049,0.05519591141396934,False
TGGCTATAGCCTCTCG-1,3646.0,1563,4.0043883,0.09775195756504167,False
TGGCTATAGGAGGACT-1,7073.0,2782,12.738584,0.02042921997523731,False
TGGCTATAGGCAAGTA-1,3695.0,1933,4.2219214,0.11098748261474266,False
TGGCTATAGGCTATGT-1,3135.0,1456,7.145136,0.08674531575294935,False
TGGCTATAGGGATGCG-1,3206.0,1527,7.0492826,0.01234567901234568,False
TGGCTATAGGGCCATC-1,3876.0,1865,6.991744,0.052544613350958363,False
TGGCTATAGGTACCGC-1,3639.0,1852,8.024182,0.019445007089325502,False
TGGCTATAGGTCCAAT-1,6184.0,2727,9.184994,0.010946117946542214,False
TGGCTATAGGTCTTGG-1,3971.0,1923,7.428859,0.02042921997523731,False
TGGCTATAGTCACCAG-1,5384.0,2393,13.428678,0.03767403767403767,False
TGGCTATAGTCGCAAT-1,5329.0,2490,9.626572,0.04336283185840707,False
TGGCTATAGTTGCGTG-1,4068.0,1969,7.177974,0.03128880059597715,False
TGGCTATAGTTTAACG-1,2549.0,1387,10.592389,0.01993253603189206,False
TGGCTTTGTAACCAGC-1,3976.0,1765,5.1307845,0.12281757977122211,False
TGGCTTTGTAGTTACG-1,5794.0,2516,18.829824,0.06949118986339338,False
TGGCTTTGTCACGAAC-1,4219.0,2091,10.523821,0.06260387811634349,False
TGGCTTTGTCCGGTTC-1,2425.0,1432,5.3608246,0.07744826114785579,False
TGGCTTTGTGAGAAAC-1,3050.0,1640,5.8688526,0.011634922002930278,False
TGGCTTTGTTGCAATG-1,3556.0,1735,7.536558,0.005587424569768309,False
TGGCTTTGTTTCGCCA-1,3625.0,1685,4.7172413,0.10405083399523428,False
TGGGCATGTAACCACA-1,3184.0,1519,15.452261,0.33380581148121885,True
TGGGCATGTCAAGTGC-1,4570.0,2318,2.9540482,0.01993253603189206,False
TGGGCATGTCGACTCC-1,5330.0,2336,14.427768,0.046565237436606725,False
TGGGCATGTCTTTATG-1,4989.0,2344,11.344959,0.04235191384078009,False
TGGGCATGTTAGTGAT-1,2753.0,1458,10.715583,0.03513620213185945,False
TGGGCATGTTGGATAT-1,6415.0,2624,10.288386,0.06423741547708492,False
TGGGCATGTTGTCCAT-1,3447.0,1741,6.846533,0.08931947069943286,False
TGGGCATGTTGTTGTC-1,3103.0,1586,6.7998705,0.014620689655172414,False
TGGGCATGTTTACTTG-1,1819.0,1068,17.482134,0.02251286449399657,False
TGGGCCTAGACTCGCA-1,3740.0,1784,8.235294,0.039473684210526314,False
TGGGCCTAGCAACAAG-1,3302.0,1756,9.812235,0.02785286167587261,False
TGGGCCTAGCCTCTCG-1,3792.0,1960,5.64346,0.029182178455626276,False
TGGGCCTAGTCACGAT-1,4529.0,2192,11.945242,0.04336283185840707,False
TGGGCCTAGTCACTAA-1,1761.0,956,11.697899,0.025357827115969796,False
TGGTAAACACACAATT-1,5301.0,2423,9.960384,0.09481481481481482,False
TGGTAAACACAGGGAC-1,7265.0,2928,8.479009,0.008694252133311868,False
TGGTAAACACCTCAGG-1,8298.0,3266,11.303928,0.023616881696916687,False
TGGTAAACATTGCGTA-1,1391.0,914,10.783609,0.04136742315426601,False
TGGTCAAGTCTAACCT-1,2852.0,1476,8.415147,0.14198782961460438,False
TGGTCAAGTGCATTTC-1,503.0,411,2.7833002,0.11866393202461177,False
TGGTCAAGTTCACCAT-1,1475.0,960,5.762712,0.019445007089325502,False
TGGTCAAGTTGCACGG-1,9064.0,3452,8.484114,0.2919020715630885,True
TGGTCAAGTTGCTTCG-1,3558.0,1820,10.3709955,0.015022255192878337,False
TGGTCAAGTTGTTGGA-1,3573.0,1725,10.103555,0.019445007089325502,False
TGGTCAGTCCGTGACA-1,4527.0,1880,5.1468964,0.07744826114785579,False
TGGTCAGTCCTGATTT-1,6112.0,2532,13.481675,0.025357827115969796,False
TGGTCAGTCCTTGTTG-1,8257.0,3162,13.019257,0.023616881696916687,False
TGGTCAGTCGCGACAC-1,4318.0,2026,13.246873,0.04136742315426601,False
TGGTCAGTCTTGCAGG-1,2924.0,1485,13.474692,0.021451104100946368,False
TGGTCATAGCGCTAAT-1,3884.0,1845,13.439753,0.03128880059597715,False
TGGTCATAGGAGGGTT-1,2289.0,1371,2.5775447,0.04546832373446498,False
TGGTCATAGGATTGAG-1,12187.0,3054,3.6021988,0.10082730093071354,False
TGGTCATAGTCGCAAT-1,5561.0,2451,8.865312,0.08674531575294935,False
TGGTCATAGTTTCCTG-1,3877.0,1871,9.208151,0.039473684210526314,False
TGGTCCTTCAAGCTTA-1,7610.0,3112,10.709593,0.03596164091635589,False
TGGTCCTTCAATGAGG-1,3606.0,1859,13.394342,0.03433029908972692,False
TGGTCCTTCCAAGTTA-1,3790.0,1838,6.675462,0.12720519962859794,False
TGGTCCTTCCTAGTCC-1,3504.0,1741,9.446346,0.0058505850585058505,False
TGGTCCTTCCTCAGCT-1,12259.0,4033,5.8569217,0.14754098360655732,False
TGGTCCTTCGATAACC-1,2361.0,1313,9.953409,0.004569522013490969,False
TGGTCCTTCGTCATTT-1,3174.0,1639,11.499685,0.01713621841417369,False
TGGTGATTCAATGACC-1,4778.0,2239,6.990372,0.011634922002930278,False
TGGTGATTCAGGTTTA-1,3107.0,1576,15.288059,0.00481892523364486,False
TGGTGATTCATGCGTG-1,1862.0,909,29.591837,0.03277439024390243,False
TGGTGATTCATGGTGT-1,5151.0,2253,17.355854,0.0058505850585058505,False
TGGTGATTCCAATAGC-1,2749.0,1493,5.965806,0.01713621841417369,False
TGGTGATTCCCGCAAA-1,3663.0,1613,6.2244062,0.08931947069943286,False
TGGTGATTCCCTGTTA-1,8703.0,3202,15.82213,0.2919020715630885,True
TGGTGATTCTAAGTCA-1,5042.0,2223,15.489885,0.08190899001109879,False
TGGTGCATCAAGCCTG-1,3143.0,1608,11.89946,0.015430655569063874,False
TGGTGCATCAATGACC-1,7381.0,2912,7.979949,0.06767794632438741,False
TGGTGCATCATGAGCT-1,9471.0,3771,10.885862,0.38812042310821776,True
TGGTGCATCCCTGTTA-1,2678.0,1448,6.497386,0.03433029908972692,False
TGGTGCATCTTGGATA-1,1270.0,720,23.464567,0.11472602739726025,False
TGGTTAATCATTAGCA-1,7218.0,2791,8.672763,0.01993253603189206,False
TGGTTAATCGGTCAGC-1,3784.0,1585,8.0074,0.09200676165177493,False
TGGTTAATCTCGCCCA-1,2645.0,1369,13.799623,0.005071664829106946,False
TGGTTCCTCAAGCTAC-1,3141.0,1504,6.240051,0.09481481481481482,False
TGGTTCCTCGGTTTCC-1,4957.0,1929,11.962881,0.04336283185840707,False
TGGTTCTGTAATCGGC-1,5539.0,2540,14.24445,0.04040833687792429,False
TGGTTCTGTACCGGAT-1,2329.0,1326,5.495921,0.02093531923757942,False
TGGTTCTGTACGATTG-1,3757.0,1900,12.030876,0.025962195399681167,False
TGGTTCTGTACTTAGG-1,3515.0,1782,13.826458,0.01234567901234568,False
TGGTTCTGTCACCAAA-1,4878.0,2110,8.794588,0.014620689655172414,False
TGGTTCTGTGAATCGC-1,4196.0,2050,7.8884654,0.008391273076000958,False
TGGTTCTGTGCTCCAC-1,3837.0,1784,7.505864,0.07534533277521976,False
TGGTTCTGTGTGCACG-1,4731.0,1988,7.715071,0.046565237436606725,False
TGGTTCTGTTGCCTCA-1,2588.0,1473,10.007728,0.010278265229380797,False
TGGTTCTGTTTAAAGC-1,4749.0,2179,10.907559,0.04440125579309313,False
TGGTTGAGTACCGAAC-1,3327.0,1769,7.7847915,0.021451104100946368,False
TGGTTGAGTACGCGCA-1,3147.0,1695,10.359072,0.010278265229380797,False
TGGTTGAGTCACGAAC-1,6279.0,2580,19.222807,0.0385625431928127,False
TGGTTGAGTGATCAGC-1,2871.0,1379,4.2493906,0.08931947069943286,False
TGGTTGAGTGCAATAT-1,3896.0,1750,12.910678,0.013455328310010764,False
TGGTTGAGTGCGCAAT-1,2575.0,1317,9.320388,0.07534533277521976,False
TGGTTGAGTTACCTGT-1,1984.0,1092,7.862903,0.04885375494071145,False
TGGTTGAGTTCACCCA-1,1834.0,1041,7.7971644,0.03354324636936127,False
TGGTTGAGTTGAGGTC-1,4175.0,2062,9.94012,0.03596164091635589,False
TGGTTGAGTTTGAGGC-1,1648.0,1028,11.953883,0.01713621841417369,False
TGTAAAGCAAACTAAG-1,7355.0,2640,8.701564,0.047693266832917705,False
TGTAAAGCAAGGTCCT-1,1899.0,1191,2.527646,0.05004812319538016,False
TGTAAAGCATCCTGAA-1,1720.0,1027,3.8372092,0.0385625431928127,False
TGTAACTCAATTAGCT-1,4510.0,2184,16.252771,0.07534533277521976,False
TGTAACTCAATTGCGC-1,5942.0,2466,14.439583,0.08674531575294935,False
TGTAACTCACACCAAC-1,1854.0,1097,10.30205,0.05519591141396934,False
TGTAACTCACTAAGAA-1,2955.0,1492,8.189509,0.06592776609975157,False
TGTAACTCACTTGTTC-1,1533.0,924,17.482061,0.015022255192878337,False
TGTAACTCAGCTTAAT-1,5097.0,2281,6.729449,0.14754098360655732,False
TGTAACTCATGTGGGA-1,2454.0,1333,10.798696,0.01584606677985286,False
TGTAAGCTCAATAGCC-1,3335.0,1800,10.104947,0.05385002516356318,False
TGTAAGCTCCACCTGT-1,10659.0,3663,13.13444,0.46131805157593153,True
TGTAAGCTCGCACAAT-1,1989.0,1123,10.105581,0.08674531575294935,False
TGTAAGCTCTTAGGAC-1,3315.0,1720,5.218703,0.03433029908972692,False
TGTAAGTGTACCGTAA-1,3113.0,1619,17.250242,0.06949118986339338,False
TGTAAGTGTCATGCCC-1,2389.0,1242,14.106321,0.015022255192878337,False
TGTAAGTGTGCAATAT-1,1720.0,953,21.046513,0.03354324636936127,False
TGTAAGTGTGTTAGCA-1,5181.0,2401,16.039375,0.08674531575294935,False
TGTAAGTGTTCATCTA-1,4155.0,2036,13.116726,0.025357827115969796,False
TGTAAGTGTTCGCTCA-1,5695.0,2488,18.366987,0.421792618629174,True
TGTAAGTGTTGAGCCG-1,4955.0,2178,11.120081,0.1665381649961449,False
TGTAATGTCCATCAGG-1,1714.0,815,19.194866,0.01758155889822231,False
TGTAATGTCCCGTTAC-1,3734.0,1794,10.578468,0.04440125579309313,False
TGTAATGTCCTCACAC-1,3697.0,1812,7.140925,0.05658418411489879,False
TGTAATGTCCTGGTGA-1,3104.0,1586,11.5657215,0.13184713375796173,False
TGTAATGTCGGCTATG-1,2880.0,1365,8.854166,0.03354324636936127,False
TGTATCCGTAATCGTG-1,2744.0,1469,6.669096,0.03767403767403767,False
TGTATCCGTCATGCAA-1,1770.0,842,31.638416,0.04546832373446498,False
TGTATCCGTCCTAGTT-1,1352.0,768,24.112425,0.02785286167587261,False
TGTATCCGTGCTCCAC-1,2355.0,1130,7.8131638,0.04440125579309313,False
TGTATCCGTTAGCAGC-1,3245.0,1647,14.329738,0.08427729950158584,False
TGTATCCGTTAGTTGG-1,8304.0,3221,12.2952795,0.38812042310821776,True
TGTATCCGTTCCAGGG-1,3002.0,1600,13.957362,0.0038406827880512096,False
TGTATCGCAAGCTAAA-1,3008.0,1600,7.8789897,0.023059434881455017,False
TGTATCGCAAGTAAGC-1,5745.0,2515,11.244561,0.019445007089325502,False
TGTATCGCACTGACTA-1,3310.0,1725,11.178247,0.02785286167587261,False
TGTATCGCATATTGAC-1,6313.0,2596,10.945667,0.009001703024896602,False
TGTATCGCATGATTGT-1,2964.0,1604,9.041836,0.021451104100946368,False
TGTCAATCACGTGCTG-1,3053.0,1543,8.811006,0.03128880059597715,False
TGTCAATCACTGGCTG-1,4671.0,1996,6.9578247,0.029868868382710054,False
TGTCAATCATGAAGTA-1,3505.0,1898,6.9614835,0.38812042310821776,True
TGTCAATCATTTGCTC-1,2201.0,1212,11.494775,0.04336283185840707,False
TGTCAGTAGCATGACT-1,3283.0,1741,10.386841,0.04336283185840707,False
TGTCAGTAGCATTATG-1,9485.0,3648,9.204006,0.27434679334916884,True
TGTCAGTAGCCTTAAA-1,3664.0,1826,12.691048,0.01584606677985286,False
TGTCAGTAGGACCAGG-1,6176.0,2666,9.974093,0.051277877258668406,False
TGTCAGTAGGAGGTTA-1,3601.0,1688,10.941405,0.05004812319538016,False
TGTCAGTAGGCGGGTA-1,2846.0,1472,11.243851,0.02657921988263721,False
TGTCAGTAGGCTAATC-1,4540.0,2148,13.083701,0.009630422256975885,False
TGTCAGTAGGTCCTAG-1,3521.0,1669,10.394774,0.0594961586564231,False
TGTCATAAGCAAACCT-1,3208.0,1722,8.385286,0.00481892523364486,False
TGTCATAAGCCGCAGT-1,6721.0,2863,11.352477,0.31158455392809603,True
TGTCATAAGCCTGGTA-1,3709.0,1807,9.840927,0.05658418411489879,False
TGTCATAAGCGAGTAA-1,2396.0,1229,8.013355,0.13184713375796173,False
TGTCATAAGGTATTGC-1,3156.0,1706,6.558935,0.02785286167587261,False
TGTCCTGGTCATCAAG-1,1764.0,1060,9.353742,0.01128783991790662,False
TGTCCTGGTGTTAAAC-1,4090.0,1914,8.557458,0.03433029908972692,False
TGTCCTGGTTATCGAG-1,4392.0,2034,17.099272,0.039473684210526314,False
TGTCCTTCACACCAAC-1,3570.0,1630,4.4537816,0.12281757977122211,False
TGTCCTTCAGCATGGA-1,2221.0,1235,14.002702,0.04040833687792429,False
TGTCCTTCATTAAGTC-1,3112.0,1541,11.311054,0.07963446475195822,False
TGTGAAACAAGTCGCT-1,11040.0,3940,12.717392,0.38812042310821776,True
TGTGAAACACAAGCCT-1,2770.0,1400,8.66426,0.04336283185840707,False
TGTGAAACAGGATAAC-1,2879.0,1365,25.460228,0.04040833687792429,False
TGTGAAACATAGGCGA-1,3196.0,1475,7.916145,0.025357827115969796,False
TGTGATCAGCGCATTG-1,4788.0,2059,6.223893,0.02657921988263721,False
TGTGATCAGCTTAACA-1,5592.0,2132,4.363376,0.014225788801750865,False
TGTGATCAGTCACTAA-1,5998.0,2689,6.502167,0.03680733450182013,False
TGTGATCAGTCTGGGC-1,3121.0,1663,8.23454,0.08427729950158584,False
TGTGATCAGTGAGGGT-1,3347.0,1466,6.0352554,0.07744826114785579,False
TGTGCAAGTACGGTAC-1,5634.0,2475,12.690806,0.01584606677985286,False
TGTGCAAGTAGGTGTC-1,5749.0,2474,6.3141413,0.05519591141396934,False
TGTGCAAGTCACGAAC-1,4539.0,2017,13.527208,0.047693266832917705,False
TGTGCAAGTCGTTATC-1,5858.0,2412,10.5838175,0.04136742315426601,False
TGTGCAAGTCTCAGCC-1,6823.0,2785,14.09937,0.03433029908972692,False
TGTGCAAGTGACATGC-1,2443.0,1387,10.847319,0.02476572958500669,False
TGTGCAAGTGACCTGG-1,2048.0,1123,9.472656,0.03277439024390243,False
TGTGCAAGTGTTTGAG-1,3262.0,1729,10.239117,0.06102433708681438,False
TGTGCAAGTTCGGGAT-1,4129.0,1776,13.02979,0.025962195399681167,False
TGTGCACCAGGAACAT-1,3883.0,1861,9.116662,0.03680733450182013,False
TGTGCGCAGACCATAC-1,2711.0,1386,14.79159,0.01669865642994242,False
TGTGCGCAGCATTATG-1,3366.0,1750,7.219251,0.029182178455626276,False
TGTGCGCAGGCGGATG-1,1610.0,927,12.546584,0.021976855292493894,False
TGTGCGCAGGTTTGCG-1,2547.0,1314,7.5382805,0.04235191384078009,False
TGTGCGCAGTAACAGG-1,3306.0,1570,16.878403,0.029868868382710054,False
TGTGCGCAGTCACCTC-1,3198.0,1719,11.538462,0.00666207213416035,False
TGTGCGGGTACGTTTC-1,8840.0,3343,14.095023,0.3590909090909092,True
TGTGCGGGTATGTGGC-1,2832.0,1544,9.110169,0.009313725490196078,False
TGTGCGGGTCAAAGGG-1,2271.0,1227,13.958609,0.03354324636936127,False
TGTGCGGGTCAGGCAT-1,3511.0,1704,12.78838,0.08190899001109879,False
TGTGCGGGTCCAAATG-1,2269.0,1233,12.075804,0.1665381649961449,False
TGTGCGGGTGACATGC-1,6703.0,2999,7.7577205,0.2919020715630885,True
TGTGCGGGTGGATTGC-1,3090.0,1591,7.475728,0.013079455467568288,False
TGTGCTGAGACTTACA-1,2622.0,1424,7.5133486,0.04136742315426601,False
TGTGCTGAGCAAGGAC-1,1857.0,1051,11.685514,0.06423741547708492,False
TGTGCTGAGCGATACT-1,2106.0,1211,8.309591,0.04336283185840707,False
TGTGCTGAGGAACACA-1,4236.0,2001,12.535411,0.04336283185840707,False
TGTGGAGCAACCTGGT-1,3493.0,1717,9.819639,0.029868868382710054,False
TGTGGAGCAATGAAGC-1,2336.0,1302,14.68322,0.009001703024896602,False
TGTGGAGCACAGAAAC-1,4273.0,1810,10.554646,0.03277439024390243,False
TGTGGAGCACCGGCTA-1,3425.0,1586,6.540146,0.07332101047443006,False
TGTGGAGCAGCATTAT-1,6815.0,2801,10.696992,0.33380581148121885,True
TGTGGAGCATGAAATG-1,7230.0,3068,8.658368,0.33380581148121885,True
TGTGGAGCATTCCTCG-1,2591.0,1495,10.922423,0.009630422256975885,False
TGTGGAGCATTTGCTC-1,3897.0,1695,9.597126,0.11866393202461177,False
TGTGGCCAGAATCTCA-1,2273.0,1251,7.787065,0.03354324636936127,False
TGTGGCCAGGATTGCT-1,2287.0,1299,13.423699,0.046565237436606725,False
TGTGGCGGTACCCACC-1,1898.0,1186,6.1116962,0.07534533277521976,False
TGTGGCGGTACTTCAC-1,4088.0,2080,11.863993,0.00432338953739732,False
TGTGGCGGTTTGAGGC-1,5055.0,2334,13.80811,0.051277877258668406,False
TGTGGCTCATACTCCT-1,4259.0,1966,9.391876,0.1367661528369957,False
TGTGGCTCATTCCTCG-1,3330.0,1660,6.036036,0.013079455467568288,False
TGTGTGAGTAACGAGG-1,3792.0,1869,11.155064,0.10743353228431904,False
TGTGTGAGTAATAGCT-1,4169.0,1928,9.618614,0.02476572958500669,False
TGTGTGAGTACTTCAC-1,3425.0,1698,11.70803,0.07137096774193549,False
TGTGTGAGTAGCTAAT-1,3399.0,1703,15.5045595,0.011987491313412093,False
TGTGTGAGTCCAAGAC-1,4812.0,2264,11.575229,0.0385625431928127,False
TGTGTGAGTTCATCTA-1,2871.0,1461,19.5054,0.03596164091635589,False
TGTGTGAGTTCCAGGG-1,2585.0,1415,4.83559,0.07963446475195822,False
TGTGTGAGTTCCTGAT-1,2573.0,1352,11.3874855,0.02476572958500669,False
TGTGTGAGTTGCTTCG-1,1782.0,886,17.901234,0.09775195756504167,False
TGTGTTAAGACACTTA-1,2320.0,1348,9.612069,0.08190899001109879,False
TGTGTTAAGCCTGGTA-1,3688.0,1826,7.375271,0.09200676165177493,False
TGTGTTAAGCGCCTTT-1,4977.0,2295,10.950372,0.03433029908972692,False
TGTGTTAAGCTATGAC-1,3024.0,1461,6.5476193,0.0594961586564231,False
TGTGTTAAGGCGGGTA-1,1908.0,1116,8.228512,0.047693266832917705,False
TGTGTTAAGGCTGTGC-1,2457.0,1274,12.087913,0.013079455467568288,False
TGTGTTAAGTTAGACC-1,3740.0,1955,10.213904,0.013455328310010764,False
TGTTACTTCATGCTTT-1,2991.0,1385,26.746908,0.023059434881455017,False
TGTTACTTCCTTTACG-1,2726.0,1432,8.107117,0.0594961586564231,False
TGTTACTTCGCCTAAG-1,1452.0,849,13.498622,0.010609632873021219,False
TGTTACTTCTTAATGG-1,4246.0,2091,13.801225,0.04336283185840707,False
TGTTAGCAGCATGAAG-1,2636.0,1456,11.456753,0.04336283185840707,False
TGTTAGCAGCTAAGTC-1,5294.0,2395,6.1579146,0.2919020715630885,True
TGTTAGCAGGGCCACT-1,5403.0,2396,16.47233,0.0594961586564231,False
TGTTATGAGCATGCAT-1,251.0,139,31.87251,0.06592776609975157,False
TGTTATGAGCGATACT-1,2392.0,1351,7.1070232,0.03433029908972692,False
TGTTATGAGCGCAATT-1,2891.0,1580,10.204082,0.013079455467568288,False
TGTTCATTCAAAGGCA-1,1835.0,916,27.084469,0.14198782961460438,False
TGTTCATTCAAGCTAC-1,2453.0,1294,11.00693,0.12281757977122211,False
TGTTCATTCAATCTCT-1,3539.0,1819,11.585194,0.02657921988263721,False
TGTTCATTCCACAATA-1,857.0,594,8.868144,0.03513620213185945,False
TGTTCATTCCCGCCTA-1,4284.0,2083,10.060691,0.15977653631284908,False
TGTTCATTCGCTCCAT-1,3027.0,1663,7.5982823,0.051277877258668406,False
TGTTCCTCAAACCTAT-1,7943.0,3135,14.553695,0.2585915492957747,True
TGTTCCTCAAATACCT-1,2559.0,1412,10.042986,0.010609632873021219,False
TGTTCCTCAACCTGGT-1,2389.0,1239,12.515697,0.04885375494071145,False
TGTTCCTCAATATGGA-1,4536.0,2189,5.026455,0.04336283185840707,False
TGTTCCTCACAAACTT-1,4234.0,1997,16.698158,0.03767403767403767,False
TGTTCCTCAGAGAGCC-1,3074.0,1498,17.957058,0.015430655569063874,False
TGTTCCTCAGCAAGTG-1,2824.0,1519,8.746459,0.08427729950158584,False
TGTTCCTCAGCCTGCA-1,2877.0,1594,5.352798,0.014225788801750865,False
TGTTCCTCATAAGTTC-1,5983.0,2564,10.279124,0.023616881696916687,False
TGTTCCTCATACTCCT-1,2204.0,1218,13.974592,0.004569522013490969,False
TGTTGCACAACGTGCT-1,475.0,223,35.57895,0.029868868382710054,False
TGTTGCACAACTGGGA-1,3277.0,1786,8.025634,0.011634922002930278,False
TGTTGCACAATTGAAG-1,3828.0,1730,8.045978,0.06102433708681438,False
TGTTGCACACAAAGCG-1,4078.0,2031,10.985778,0.04235191384078009,False
TGTTGCACACAACAGG-1,3465.0,1652,11.111112,0.023059434881455017,False
TGTTGCACACAACCTA-1,4011.0,1896,6.257791,0.01993253603189206,False
TGTTGCACACACTAAT-1,5873.0,2706,7.5770473,0.07137096774193549,False
TGTTGCACAGCTAATT-1,5466.0,2467,17.581411,0.421792618629174,True
TGTTGCACAGTAAGTA-1,3223.0,1618,8.718585,0.03354324636936127,False
TGTTGGCCAACAGGAT-1,5358.0,2168,10.377007,0.046565237436606725,False
TGTTGGCCACCATATG-1,5510.0,2498,11.488203,0.014225788801750865,False
TGTTGGCCACCTCAGG-1,3723.0,1809,10.690303,0.07744826114785579,False
TGTTGTAAGAGGAGGA-1,3157.0,1580,8.932531,0.01758155889822231,False
TGTTGTAAGCCTGGTA-1,5271.0,2537,7.854297,0.2585915492957747,True
TGTTGTAAGCCTTAAA-1,1787.0,1103,6.6032453,0.052544613350958363,False
TGTTGTAAGCTAATCA-1,3836.0,1889,9.306569,0.06592776609975157,False
TGTTGTAAGGAGCACG-1,3481.0,1593,14.995691,0.06102433708681438,False
TGTTGTGCAAGTGTTT-1,2268.0,1221,8.994709,0.08427729950158584,False
TGTTGTGCACACAATT-1,3909.0,1853,8.749041,0.019445007089325502,False
TGTTGTTTCACGTTAA-1,1855.0,1066,7.331537,0.024185532854776367,False
TGTTGTTTCATCACTT-1,2376.0,1299,13.594275,0.025357827115969796,False
TGTTGTTTCATGCAAC-1,2762.0,1374,11.187545,0.10082730093071354,False
TGTTGTTTCCGTCCAT-1,2804.0,1427,12.589158,0.015430655569063874,False
TGTTGTTTCGCTAGAT-1,3443.0,1702,15.015975,0.04136742315426601,False
TGTTGTTTCTAGCGTG-1,2866.0,1366,15.491974,0.013079455467568288,False
TGTTTGTTCAATCTAG-1,2646.0,1508,5.3287983,0.02851033499643621,False
TGTTTGTTCACAAGCT-1,18154.0,5175,11.116008,0.18159203980099492,True
TGTTTGTTCATTAGGC-1,2526.0,1465,8.076009,0.01758155889822231,False
TGTTTGTTCATTGTTC-1,2847.0,1517,9.483666,0.04336283185840707,False
TGTTTGTTCGCAGGCT-1,2069.0,1029,10.681488,0.06102433708681438,False
TTAAAGGCAATAAGCA-1,3066.0,1562,16.34051,0.04136742315426601,False
TTAAAGGCAATTGAGA-1,3480.0,1733,14.396551,0.0077983458054352115,False
TTAAAGGCACGTAATT-1,2527.0,1396,12.584092,0.006117362736953402,False
TTAAAGGCACTGACCG-1,7878.0,3105,9.482102,0.27434679334916884,True
TTAAAGGCAGAGGGAG-1,2475.0,1373,9.454545,0.11866393202461177,False
TTAAAGGCAGCTACGT-1,3906.0,1784,6.7076297,0.15345821325648415,False
TTAAAGGCAGCTTAAT-1,2805.0,1475,13.368983,0.046565237436606725,False
TTAAAGGCATTGTCAG-1,3987.0,1792,13.74467,0.013455328310010764,False
TTAAAGGCATTGTTGG-1,3819.0,1849,16.129877,0.07963446475195822,False
TTAACCAAGGAGCAAC-1,4985.0,2154,11.614844,0.039473684210526314,False
TTAACCAAGGTTACAC-1,2772.0,1488,5.699856,0.05385002516356318,False
TTAACTGAGACAAAGT-1,3052.0,1487,15.923985,0.013079455467568288,False
TTAACTGAGCACTAAC-1,7488.0,3056,9.708867,0.07744826114785579,False
TTAACTGAGCAGCTCA-1,2931.0,1452,12.862503,0.006940160394818014,False
TTAACTGAGCCGCAGT-1,3053.0,1553,9.007534,0.07744826114785579,False
TTAACTGAGCCGCTAA-1,3662.0,1681,9.694156,0.11866393202461177,False
TTAACTGAGCGTGCAC-1,3462.0,1622,8.723281,0.03277439024390243,False
TTAACTGAGGATGATG-1,2657.0,1450,7.4143777,0.04336283185840707,False
TTAACTGAGGGACGCA-1,4941.0,2363,9.836065,0.07534533277521976,False
TTAACTGAGTAACTCA-1,2640.0,1445,7.537879,0.052544613350958363,False
TTAACTGAGTATTGTG-1,5434.0,2274,15.734265,0.023059434881455017,False
TTAACTGAGTGAGAGC-1,2447.0,1346,10.788721,0.0058505850585058505,False
TTAACTGAGTTAGACC-1,5914.0,2768,9.029422,0.2919020715630885,True
TTAAGCCAGCACAGCC-1,2704.0,1397,14.275148,0.07744826114785579,False
TTAAGCCAGGCGCACT-1,3601.0,1608,2.8325465,0.11866393202461177,False
TTAAGCCAGGCGGATG-1,3623.0,1685,5.7963014,0.11098748261474266,False
TTAAGCCAGGGATGCG-1,3017.0,1581,8.087503,0.006940160394818014,False
TTAAGGACAAGGCCAA-1,3860.0,1974,7.5129533,0.008391273076000958,False
TTAAGGACACCTATAG-1,2803.0,1558,4.423832,0.08931947069943286,False
TTAAGGACACTAAATC-1,3005.0,1590,11.114809,0.01803488715876614,False
TTAAGGACATGATTGT-1,4192.0,1770,4.961832,0.07963446475195822,False
TTAAGGTGTACCCACC-1,3096.0,1733,8.494832,0.025357827115969796,False
TTAAGGTGTTGTAAAC-1,7283.0,2986,8.952354,0.04136742315426601,False
TTAAGTGTCAGCACGC-1,4189.0,2100,6.206732,0.003603985584057664,False
TTAAGTGTCAGGCCTA-1,1374.0,875,12.445415,0.08674531575294935,False
TTAAGTGTCCCGTTGT-1,4216.0,2024,14.516129,0.01626867091618305,False
TTAAGTGTCCTCATCA-1,4129.0,1904,19.278276,0.06767794632438741,False
TTAAGTGTCTCTAGCC-1,3111.0,1506,10.928962,0.07744826114785579,False
TTAAGTGTCTTGGACG-1,3197.0,1435,18.235846,0.052544613350958363,False
TTAATCGAGACACCGC-1,3387.0,1881,5.639209,0.006940160394818014,False
TTAATCGAGCGATAAG-1,3919.0,1983,13.064557,0.029868868382710054,False
TTAATCGAGCTATATG-1,4440.0,2174,7.0045047,0.13184713375796173,False
TTAATCGAGCTTAACA-1,5800.0,2317,16.310345,0.047693266832917705,False
TTAATCGAGGAGGACT-1,6783.0,2778,14.551084,0.33380581148121885,True
TTAATCGAGTGAGGGT-1,4322.0,2017,14.484035,0.015022255192878337,False
TTAATCGAGTTAGCCG-1,4369.0,1978,16.479744,0.07534533277521976,False
TTACACCGTAAGGTCC-1,4030.0,1852,14.789083,0.029868868382710054,False
TTACACCGTACCGTAA-1,3026.0,1457,14.177132,0.006387832699619771,False
TTACACCGTACTAAAC-1,4261.0,2006,10.161934,0.04235191384078009,False
TTACACCGTGTAACCA-1,4115.0,2081,8.213852,0.05519591141396934,False
TTACACCGTTACAACG-1,5130.0,2298,9.317739,0.1900043084877208,True
TTACACCGTTACTAGG-1,2417.0,1258,5.916425,0.04885375494071145,False
TTACAGCAGCAACATC-1,9847.0,3828,6.215091,0.2919020715630885,True
TTACAGCAGCATTATG-1,4945.0,2219,14.074823,0.046565237436606725,False
TTACAGCAGCCTGGTA-1,3241.0,1566,8.947855,0.08190899001109879,False
TTACAGCAGGGTGAGT-1,2934.0,1525,12.474438,0.04040833687792429,False
TTACAGCAGGTTAGCT-1,6211.0,2612,11.028819,0.10743353228431904,False
TTACCGTGTACCGTAA-1,5074.0,2120,8.31691,0.07534533277521976,False
TTACCGTGTATTGCAG-1,3794.0,1830,5.772272,0.11472602739726025,False
TTACCGTGTTAATGCG-1,3230.0,1585,16.068111,0.014225788801750865,False
TTACCGTGTTCCGGGA-1,3093.0,1568,5.560944,0.23147675012774666,True
TTACCGTGTTGCACAA-1,6308.0,2618,16.391884,0.013455328310010764,False
TTACCGTGTTGCGGAT-1,3910.0,1872,10.690537,0.06767794632438741,False
TTACCTGTCAGTTCCC-1,4467.0,1932,6.4248934,0.07963446475195822,False
TTACCTGTCCGTGACA-1,2025.0,1120,11.259259,0.004080463884315269,False
TTACCTGTCCTAAGGT-1,3820.0,1816,6.4397907,0.03767403767403767,False
TTACCTGTCCTTCAAT-1,4330.0,1826,8.729793,0.09200676165177493,False
TTACCTGTCTCCTCTT-1,20116.0,5430,5.1352158,0.38812042310821776,True
TTACGTTTCCTCAGCT-1,5196.0,2359,7.4287915,0.14754098360655732,False
TTACGTTTCCTCGATC-1,5457.0,2432,10.738501,0.07744826114785579,False
TTACGTTTCGTAACGT-1,7603.0,3118,8.799158,0.07332101047443006,False
TTAGAAGCAAAGCTCC-1,3788.0,1919,3.5638862,0.1900043084877208,True
TTAGAAGCAAGATTCT-1,3299.0,1736,7.0627465,0.01669865642994242,False
TTAGAAGCAAGTCGCT-1,3622.0,1748,12.589729,0.03596164091635589,False
TTAGAAGCACAAACTT-1,5678.0,2632,9.334273,0.006387832699619771,False
TTAGAAGCAGCGCTTG-1,3500.0,1692,15.6285715,0.03596164091635589,False
TTAGAAGCAGGATGGC-1,2889.0,1545,11.941849,0.009001703024896602,False
TTAGAAGCAGTAGGTG-1,5796.0,2424,17.494825,0.015430655569063874,False
TTAGACTCAATCCTGA-1,11357.0,4065,11.349829,0.2585915492957747,True
TTAGACTCACGTGCTG-1,4413.0,2041,7.2286425,0.06592776609975157,False
TTAGACTCACTTACAG-1,4102.0,1901,9.4344225,0.02042921997523731,False
TTAGACTCATCAATCG-1,2584.0,1425,6.9659443,0.0580168776371308,False
TTAGACTCATGCATAT-1,3316.0,1800,7.599518,0.021451104100946368,False
TTAGACTCATTGGGAG-1,2271.0,1250,8.014091,0.03680733450182013,False
TTAGACTCATTTAAGC-1,4283.0,2003,4.7396684,0.06949118986339338,False
TTAGCAATCAAACCGT-1,4850.0,2334,2.3505156,0.06102433708681438,False
TTAGCAATCCGGTATG-1,3478.0,1745,7.6768255,0.11472602739726025,False
TTAGCAATCCTAATGA-1,2737.0,1505,7.8187795,0.08190899001109879,False
TTAGCAATCGTTCACC-1,6129.0,2690,6.8037195,0.06949118986339338,False
TTAGCAGGTGGAAGGC-1,2858.0,1434,6.123163,0.03767403767403767,False
TTAGCAGGTGGATTCA-1,2945.0,1634,1.0526316,0.02042921997523731,False
TTAGCAGGTGGGAACA-1,4212.0,2185,1.9705603,0.018496420047732696,False
TTAGCCTGTAACTACG-1,6116.0,2817,8.747547,0.3590909090909092,True
TTAGCCTGTACGTTTC-1,426.0,158,57.276993,0.13184713375796173,False
TTAGCCTGTCTAGCTT-1,3612.0,1784,12.513844,0.04040833687792429,False
TTAGCCTGTCTTTATG-1,11741.0,4148,9.317775,0.33380581148121885,True
TTAGCCTGTTGCAATG-1,3987.0,1962,7.424128,0.03128880059597715,False
TTAGCCTGTTTGCAGA-1,4074.0,1771,8.836524,0.029182178455626276,False
TTAGCTGCAATGAAGC-1,2771.0,1501,15.156982,0.0385625431928127,False
TTAGCTGCACATACTG-1,4458.0,2018,7.3126965,0.03680733450182013,False
TTAGCTGCACCTCACC-1,7696.0,2989,14.643971,0.052544613350958363,False
TTAGCTGCATTGTGTG-1,3499.0,1746,7.859389,0.046565237436606725,False
TTAGGAACAAGCCAGA-1,2809.0,1469,11.925952,0.01669865642994242,False
TTAGGAACAATCCTAG-1,3959.0,1839,12.604194,0.09481481481481482,False
TTAGGAACACGAACAG-1,3803.0,1740,10.123587,0.09200676165177493,False
TTAGGAACATAATCCG-1,6811.0,2774,14.549993,0.03354324636936127,False
TTAGGAACATATAACC-1,5688.0,2559,13.29114,0.06260387811634349,False
TTAGGAACATGCTATG-1,6572.0,2730,9.007912,0.07332101047443006,False
TTAGGATGTACAAAGA-1,1778.0,1062,10.911136,0.01896638233818364,False
TTAGGATGTCATGAGC-1,3532.0,1862,7.8425827,0.00432338953739732,False
TTAGGATGTTACGCAA-1,7076.0,3047,6.133409,0.10405083399523428,False
TTAGGATGTTGGCCGA-1,3222.0,1322,21.104904,0.04235191384078009,False
TTAGGATGTTTCGCCA-1,4948.0,2402,9.963622,0.02042921997523731,False
TTAGGATGTTTGGCGG-1,3306.0,1661,5.0514216,0.04885375494071145,False
TTAGGCCCAACAGGTG-1,3782.0,1929,8.038075,0.02851033499643621,False
TTAGGCCCAAGTAAGC-1,7248.0,3001,14.914459,0.021451104100946368,False
TTAGGCCCAATCTCTC-1,3006.0,1674,11.809714,0.01626867091618305,False
TTAGGCCCACACCAAC-1,3554.0,1825,7.7940354,0.052544613350958363,False
TTAGGCCCACCATATG-1,7613.0,3090,13.529489,0.04136742315426601,False
TTAGGCCCAGCAAATA-1,3398.0,1751,6.5626836,0.05658418411489879,False
TTAGGCCCAGTTAAAG-1,5473.0,2394,10.542664,0.024185532854776367,False
TTAGGCCCATAAGGAC-1,5063.0,2340,12.581473,0.11098748261474266,False
TTAGGCCCATTGCGAC-1,2653.0,1442,7.086317,0.03596164091635589,False
TTAGGCGTCACCGGTA-1,2572.0,1445,9.214619,0.0594961586564231,False
TTAGGCGTCAGGAAGC-1,3815.0,1615,8.152031,0.030570902394106814,False
TTAGGCGTCCCAGTAG-1,3946.0,1816,16.16827,0.03277439024390243,False
TTAGGCGTCCGGCTAA-1,3540.0,1735,10.564972,0.08190899001109879,False
TTAGGCGTCCTAAGAC-1,5440.0,2041,6.8198533,0.08190899001109879,False
TTAGGCGTCCTGGTGA-1,3656.0,1948,11.378555,0.024185532854776367,False
TTAGGCGTCCTTCGTA-1,5000.0,2501,7.2599998,0.02657921988263721,False
TTAGGCGTCGCTATAA-1,2689.0,1428,10.152473,0.030570902394106814,False
TTAGGCTAGCGAGTAA-1,4537.0,2086,13.709499,0.011987491313412093,False
TTAGGCTAGCGGCTGT-1,3092.0,1454,25.22639,0.04546832373446498,False
TTAGGCTAGGTCTTGG-1,4744.0,2118,13.34317,0.04235191384078009,False
TTAGTCAAGCCTGTTC-1,4717.0,2001,11.553953,0.09775195756504167,False
TTAGTCAAGGAGGGTT-1,3023.0,1616,8.699967,0.013837388079949352,False
TTAGTCAAGGCATTGT-1,2532.0,1287,11.097946,0.014225788801750865,False
TTAGTCAAGGTGCTGC-1,4970.0,2274,10.764587,0.03513620213185945,False
TTAGTCAAGTATCGCG-1,4541.0,2216,7.5313807,0.039473684210526314,False
TTAGTCAAGTGTGATC-1,6191.0,2717,7.88241,0.01128783991790662,False
TTAGTCAAGTTACCGG-1,6138.0,2787,7.086999,0.3590909090909092,True
TTATAGCCACCCTCAC-1,2280.0,1241,6.973685,0.052544613350958363,False
TTATAGCCACGAATCC-1,5798.0,2439,9.779234,0.10405083399523428,False
TTATAGCCACGGTTTA-1,1945.0,1098,9.871465,0.06260387811634349,False
TTATAGCCAGCACGAA-1,4817.0,2320,4.463359,0.05658418411489879,False
TTATAGCCAGCCTGCA-1,3101.0,1627,11.705901,0.01896638233818364,False
TTATAGCCAGGCTTGT-1,5718.0,2344,5.8586917,0.02476572958500669,False
TTATAGCCATGAGCAG-1,3577.0,1846,6.4299693,0.030570902394106814,False
TTATCCGTCAGGAACA-1,3798.0,1852,8.083202,0.02251286449399657,False
TTATCCGTCAGGTTTA-1,3623.0,1970,7.838807,0.010946117946542214,False
TTATCCGTCATGCTAA-1,2484.0,1424,10.507246,0.04040833687792429,False
TTATCCGTCATTGTTC-1,10861.0,3814,11.232851,0.38812042310821776,True
TTATCCGTCCCATAGG-1,2723.0,1337,10.686743,0.04885375494071145,False
TTATCCGTCCCTTGCG-1,2833.0,1627,7.165549,0.11098748261474266,False
TTATCCGTCGCAGGCT-1,5050.0,2546,12.712872,0.3590909090909092,True
TTATCCGTCGCATCCT-1,5367.0,2349,11.440283,0.014225788801750865,False
TTATCCGTCGCTAGCA-1,6069.0,2903,2.8340747,0.07332101047443006,False
TTATCCGTCTCCTCAA-1,3230.0,1604,9.287926,0.00666207213416035,False
TTATCCTAGCTATTAG-1,11978.0,4165,11.270663,0.1900043084877208,True
TTATCCTAGGGACTAA-1,4770.0,2187,10.607966,0.04885375494071145,False
TTATCCTAGTTCCTCA-1,3700.0,1405,24.054054,0.0385625431928127,False
TTATGACCAAGTGTTT-1,2658.0,1369,6.734387,0.01758155889822231,False
TTATGACCACTATGGC-1,4277.0,2046,8.393734,0.06592776609975157,False
TTATGACCAGCAAATA-1,4256.0,1988,8.740602,0.01626867091618305,False
TTATGACCAGCAAGGC-1,887.0,600,13.303269,0.01993253603189206,False
TTATGACCAGGCATGA-1,2389.0,1249,8.874006,0.07332101047443006,False
TTATGACCAGTTTGTG-1,4945.0,2303,7.2598586,0.1367661528369957,False
TTATGACCATCAGCAC-1,3628.0,1748,11.631753,0.052544613350958363,False
TTATGACCATTGTGCA-1,5499.0,2423,15.693763,0.025357827115969796,False
TTATGCGCACAACAGG-1,5062.0,2385,9.2453575,0.2585915492957747,True
TTATGCGCACATGCTA-1,10524.0,3706,13.236412,0.023616881696916687,False
TTATGCGCACCCTCAC-1,5121.0,2227,9.587971,0.02657921988263721,False
TTATGCGCAGAAATGC-1,17999.0,5076,5.394744,0.04235191384078009,False
TTATGCGCATGCTCCC-1,7718.0,3216,7.7092514,0.3590909090909092,True
TTATTGCTCAATCATG-1,3193.0,1500,6.482931,0.15345821325648415,False
TTATTGCTCATGCAAC-1,3074.0,1642,6.2784643,0.06423741547708492,False
TTATTGCTCATTACGA-1,23282.0,5992,10.243965,0.23147675012774666,True
TTATTGCTCATTGTTC-1,4647.0,2076,10.114052,0.04885375494071145,False
TTATTGCTCCTAAGTA-1,4416.0,1849,12.907609,0.02093531923757942,False
TTATTGCTCGCAAACT-1,4331.0,2051,9.974602,0.032023106869270374,False
TTATTGCTCGCCTGTT-1,4588.0,1996,6.233653,0.04546832373446498,False
TTATTGCTCTAAGTCA-1,2696.0,1446,12.945104,0.007222179078978022,False
TTATTGCTCTTTGAGA-1,2601.0,1474,6.5743947,0.10743353228431904,False
TTCACTGTCCAAATCA-1,4603.0,2059,9.493809,0.03128880059597715,False
TTCACTGTCCACCTGT-1,3477.0,1781,6.0396895,0.008391273076000958,False
TTCACTGTCCTCCTAA-1,3302.0,1661,12.689279,0.07534533277521976,False
TTCACTGTCGCAAACT-1,3296.0,1657,10.406553,0.052544613350958363,False
TTCACTGTCGGCTAGC-1,3600.0,1920,5.111111,0.04546832373446498,False
TTCACTGTCGTAATCA-1,3843.0,1986,6.583399,0.007508212106992022,False
TTCACTGTCGTTTCGC-1,3785.0,1829,6.789961,0.09775195756504167,False
TTCACTGTCTGGCTTC-1,3243.0,1832,6.5063214,0.015430655569063874,False
TTCAGCACACCATATG-1,1538.0,1019,3.6410923,0.029868868382710054,False
TTCAGCACATAATGTC-1,4295.0,2033,8.05588,0.04546832373446498,False
TTCAGCACATCCATCT-1,3580.0,1730,7.4022346,0.08190899001109879,False
TTCAGCACATGAGTTT-1,4342.0,2060,6.6559186,0.08931947069943286,False
TTCAGGTAGACAGGCG-1,3537.0,1797,9.21685,0.029868868382710054,False
TTCAGGTAGCGAGCGA-1,2150.0,1222,10.511628,0.08931947069943286,False
TTCAGGTAGCTTGCTC-1,4241.0,1979,13.487385,0.01713621841417369,False
TTCAGGTAGGACAATG-1,2416.0,1281,11.754967,0.06260387811634349,False
TTCAGGTAGGACCTGC-1,3896.0,1704,8.726899,0.17379145025968837,False
TTCAGGTAGGCCAATT-1,2820.0,1454,11.737589,0.04136742315426601,False
TTCAGGTAGGCCTTAG-1,21409.0,2767,0.23821758,0.02093531923757942,False
TTCAGGTAGGCTTAGT-1,3812.0,1633,8.551941,0.07137096774193549,False
TTCAGGTAGTGAGGGT-1,6335.0,2847,9.550118,0.24437299035369767,True
TTCAGTTTCACAGGAA-1,4710.0,2112,11.273886,0.07534533277521976,False
TTCAGTTTCATCACTT-1,2918.0,1527,9.252913,0.011987491313412093,False
TTCAGTTTCCTGAATA-1,4406.0,2127,7.0131636,0.03128880059597715,False
TTCAGTTTCCTGGTGA-1,8016.0,3131,10.741017,0.009313725490196078,False
TTCAGTTTCGAAGCGG-1,5114.0,2256,9.992179,0.03596164091635589,False
TTCATCCCAAGGGTTG-1,1457.0,628,12.354153,0.021976855292493894,False
TTCATCCCAATTAGCT-1,2902.0,1550,6.374914,0.046565237436606725,False
TTCATCCCACGTAATT-1,4560.0,1978,6.9078946,0.03596164091635589,False
TTCATCCCAGGTTACC-1,8497.0,3279,11.192185,0.025357827115969796,False
TTCATTCAGAGGAGGA-1,3138.0,1595,9.592096,0.04336283185840707,False
TTCATTCAGCACTAAC-1,3746.0,1878,11.158569,0.051277877258668406,False
TTCATTCAGCTATTAG-1,5447.0,2417,11.694511,0.15345821325648415,False
TTCATTCAGGCATTGT-1,3131.0,1628,10.635579,0.011987491313412093,False
TTCATTCAGGCCTAAT-1,2982.0,1221,26.15694,0.013837388079949352,False
TTCATTCAGGCTGGCT-1,2262.0,1277,8.090185,0.13184713375796173,False
TTCATTCAGTCACCTC-1,5122.0,2263,4.5099573,0.03680733450182013,False
TTCCACGGTCAAGTGC-1,2752.0,1510,6.90407,0.006940160394818014,False
TTCCACGGTGCTCCAC-1,4879.0,2183,7.522033,0.1367661528369957,False
TTCCACGGTGTGTGGT-1,1812.0,1062,10.816776,0.11098748261474266,False
TTCCACGGTTAGCGTA-1,2307.0,1276,10.793238,0.008694252133311868,False
TTCCCACAGCCAAATC-1,9775.0,3454,10.076726,0.07137096774193549,False
TTCCCACAGCTAAAGG-1,4010.0,1930,7.9301744,0.09200676165177493,False
TTCCCACAGGCATGAA-1,2912.0,1589,11.950549,0.008391273076000958,False
TTCCCACAGTCTTGAA-1,4775.0,2076,10.994764,0.05658418411489879,False
TTCCCACAGTGGCGGA-1,1691.0,1013,8.219988,0.0594961586564231,False
TTCCCACAGTGTGATC-1,2502.0,1439,9.992006,0.0053278081989048395,False
TTCCCACAGTTGGCCA-1,5479.0,2509,10.439861,0.03596164091635589,False
TTCCCGCCAAACCTAT-1,2494.0,1346,13.231756,0.02042921997523731,False
TTCCCGCCAAACTCAT-1,5636.0,2307,13.005678,0.02476572958500669,False
TTCCCGCCAAAGCTCC-1,6585.0,3088,8.10934,0.023059434881455017,False
TTCCCGCCAATAACGA-1,10896.0,3882,12.233848,0.05004812319538016,False
TTCCCGCCAATTTGGT-1,4884.0,2266,14.578215,0.04885375494071145,False
TTCCCGCCACAAACTT-1,2406.0,1309,8.021612,0.0385625431928127,False
TTCCCGCCATGGTTAT-1,4737.0,2100,9.626346,0.06102433708681438,False
TTCCCGCCATGTGGGA-1,4102.0,1847,9.531936,0.025962195399681167,False
TTCCTCAAGCACAGAA-1,3495.0,1716,3.118741,0.018496420047732696,False
TTCCTCAAGCTATTAG-1,2732.0,1475,7.869693,0.03680733450182013,False
TTCCTCAAGGAGCACG-1,2439.0,1370,7.708077,0.10743353228431904,False
TTCCTCAAGGTTTGAC-1,3580.0,1833,7.4301677,0.11472602739726025,False
TTCCTTCTCCTAATGA-1,4032.0,2003,7.66369,0.01669865642994242,False
TTCCTTCTCCTAGTAA-1,338.0,168,42.60355,0.01584606677985286,False
TTCCTTCTCCTCACAC-1,12967.0,4358,7.835274,0.33380581148121885,True
TTCCTTCTCGGTTTCC-1,4397.0,2045,8.8924265,0.047693266832917705,False
TTCCTTCTCTAAGTGC-1,3508.0,1263,13.968073,0.01128783991790662,False
TTCCTTGAGCTCCTTA-1,4765.0,1926,5.7502623,0.07332101047443006,False
TTCCTTGAGTAAGGGC-1,2743.0,1428,9.478673,0.04546832373446498,False
TTCCTTGAGTCTTGAA-1,3497.0,1763,8.607378,0.01584606677985286,False
TTCGCAACAATTGACT-1,3322.0,1750,6.5924144,0.03596164091635589,False
TTCGCAACACCATATG-1,3092.0,1543,11.093143,0.02251286449399657,False
TTCGCAACACCTGTAA-1,5193.0,2089,5.988831,0.07137096774193549,False
TTCGCAACAGCCAGTT-1,12495.0,4058,10.220088,0.047693266832917705,False
TTCGCAACATAAGTCT-1,4534.0,2042,13.012793,0.023059434881455017,False
TTCGGTACAAACAACA-1,6658.0,2760,9.17693,0.01993253603189206,False
TTCGGTACACCCACAG-1,3765.0,1748,13.17397,0.025357827115969796,False
TTCGGTACAGGAACTG-1,5921.0,2436,12.98767,0.032023106869270374,False
TTCGGTACATAAGCAA-1,3773.0,1833,10.38961,0.01234567901234568,False
TTCGGTACATTGCAGC-1,3235.0,1712,9.582689,0.05004812319538016,False
TTCGTGCTCATTAGTG-1,5075.0,2205,18.187193,0.03767403767403767,False
TTCGTGCTCCCGTTGT-1,3394.0,1750,8.367707,0.10743353228431904,False
TTCGTGCTCCTTAATC-1,2322.0,1319,5.770887,0.027209302325581396,False
TTCGTGCTCGAAGCGG-1,7093.0,3032,11.574792,0.27434679334916884,True
TTCGTGCTCGAGCAAA-1,3305.0,1721,7.2314672,0.052544613350958363,False
TTCGTGCTCGCTCCAT-1,1894.0,1040,11.510032,0.051277877258668406,False
TTCGTGCTCGTTTCGC-1,3823.0,1711,11.143082,0.07137096774193549,False
TTCGTGCTCTATCGCC-1,2445.0,1283,10.347648,0.051277877258668406,False
TTCGTGCTCTGCAAAC-1,7660.0,2974,8.563969,0.2585915492957747,True
TTCGTTAGTCCTTCTC-1,12795.0,4152,14.279016,0.05004812319538016,False
TTCGTTAGTCTCAGCC-1,4448.0,2083,7.104316,0.02476572958500669,False
TTCGTTAGTGGGAACA-1,6632.0,2615,17.249699,0.006940160394818014,False
TTCGTTAGTTCCAGGG-1,5502.0,2429,12.413668,0.07137096774193549,False
TTCTTAGGTATACTGG-1,3689.0,1832,9.243698,0.07332101047443006,False
TTCTTAGGTATTGCAG-1,7568.0,2925,11.099366,0.12281757977122211,False
TTCTTAGGTCCTCCAA-1,9873.0,3724,12.691177,0.2919020715630885,True
TTCTTAGGTCTTTGAC-1,6578.0,2800,7.5250835,0.008694252133311868,False
TTCTTAGGTTCCATTA-1,5290.0,2405,7.410208,0.06949118986339338,False
TTCTTAGGTTCCTGTG-1,3931.0,1888,6.9193587,0.06423741547708492,False
TTCTTAGGTTTGCAGA-1,5030.0,2531,7.5944333,0.02785286167587261,False
TTGACATCAACAGCCT-1,5843.0,2439,15.129214,0.09200676165177493,False
TTGACATCAATAATGG-1,4323.0,2020,11.380985,0.07963446475195822,False
TTGACATCAGCAAATA-1,3625.0,1726,7.448276,0.02476572958500669,False
TTGACATCAGGCCTTG-1,3012.0,1620,10.690572,0.005587424569768309,False
TTGACATCATCCAGGT-1,2736.0,1492,7.6754384,0.023059434881455017,False
TTGACATCATCCATCT-1,6389.0,2765,9.29723,0.06260387811634349,False
TTGACGTAGCTAAGTC-1,4162.0,1868,9.034118,0.02251286449399657,False
TTGACGTAGCTTAGTA-1,10592.0,3808,13.689577,0.38812042310821776,True
TTGACGTAGGATTGAG-1,2551.0,1352,4.390435,0.04235191384078009,False
TTGACGTAGTGCTGTG-1,2809.0,1504,7.47597,0.06592776609975157,False
TTGACGTAGTTACCGG-1,8900.0,3497,17.415731,0.0385625431928127,False
TTGACGTAGTTAGCTA-1,2477.0,1415,7.6705694,0.08427729950158584,False
TTGACTAAGCACCACA-1,3867.0,1912,9.594001,0.08931947069943286,False
TTGACTAAGGCTGGCT-1,4833.0,2214,15.042417,0.09200676165177493,False
TTGACTAAGTGAAGTG-1,3845.0,1893,13.081924,0.01758155889822231,False
TTGACTAAGTGCACGC-1,3098.0,1673,5.4228535,0.19910313901345295,True
TTGACTAAGTGTTGTA-1,8167.0,3203,11.166891,0.20897615708274905,True
TTGAGCTAGATGGAGC-1,2332.0,1258,9.948542,0.09200676165177493,False
TTGAGCTAGCAATAGG-1,4217.0,2134,8.038891,0.07137096774193549,False
TTGAGCTAGCCGCTTT-1,2280.0,1266,10.0438595,0.09775195756504167,False
TTGAGCTAGCGCATTG-1,8246.0,3200,13.703614,0.07332101047443006,False
TTGAGCTAGCGGCTGT-1,4687.0,1984,8.192874,0.19910313901345295,True
TTGAGCTAGCTAAAGG-1,1786.0,1021,9.462486,0.03680733450182013,False
TTGAGCTAGCTCATAA-1,2535.0,1383,11.084813,0.01758155889822231,False
TTGAGCTAGCTTACTT-1,4261.0,1981,11.358836,0.021976855292493894,False
TTGAGCTAGGAAGCAC-1,2197.0,1264,11.01502,0.032023106869270374,False
TTGAGCTAGGAAGTAT-1,4593.0,2249,10.581319,0.12281757977122211,False
TTGAGCTAGGTGTCCA-1,4123.0,1981,12.539413,0.025357827115969796,False
TTGAGCTAGTATTGTG-1,3101.0,1493,9.642051,0.11866393202461177,False
TTGAGCTAGTCATGCG-1,4761.0,2044,12.350347,0.032023106869270374,False
TTGAGCTAGTCGCAAT-1,7828.0,3185,11.356668,0.02785286167587261,False
TTGAGGCGTCATCAAG-1,3726.0,1839,9.608159,0.04336283185840707,False
TTGAGGCGTCGTTATC-1,1194.0,607,28.978226,0.15345821325648415,False
TTGAGGCGTGTGCACG-1,2253.0,1250,8.788282,0.05519591141396934,False
TTGAGGCGTTAGCGTA-1,2400.0,1218,7.125,0.04235191384078009,False
TTGAGGCGTTAGGCTA-1,4429.0,1966,12.102055,0.015430655569063874,False
TTGAGGCGTTAGTACG-1,2019.0,1088,14.611194,0.025357827115969796,False
TTGAGGCGTTCTTTAG-1,3352.0,1718,11.485681,0.039473684210526314,False
TTGAGGCGTTGAGCCG-1,1777.0,833,10.917276,0.02042921997523731,False
TTGAGGCGTTTGAGGC-1,3730.0,1706,7.9624667,0.01993253603189206,False
TTGATGTCAAATTCGT-1,7234.0,2797,12.9250765,0.006387832699619771,False
TTGATGTCAAGGTATA-1,2546.0,1374,13.315004,0.0594961586564231,False
TTGATGTCAAGTCGCT-1,1867.0,1053,6.641671,0.0594961586564231,False
TTGATGTCACTATGGC-1,3367.0,1736,11.167212,0.009630422256975885,False
TTGATGTCAGCCAGTT-1,4921.0,2153,12.49746,0.05658418411489879,False
TTGATGTCAGGCTACT-1,4551.0,1998,11.228301,0.05519591141396934,False
TTGATGTCATAAACCT-1,3616.0,1920,6.8030977,0.009951899154088572,False
TTGATGTCATCCAGGT-1,3697.0,1714,10.738437,0.010278265229380797,False
TTGATGTCATTGTGGC-1,4755.0,2157,16.046268,0.052544613350958363,False
TTGCAACAGGAGGTTA-1,1653.0,749,18.511795,0.01896638233818364,False
TTGCAACAGGGCCACT-1,2650.0,1414,11.09434,0.00666207213416035,False
TTGCAACAGTGAACGA-1,3706.0,1767,8.823529,0.0385625431928127,False
TTGCAAGGTAGCCTAA-1,3731.0,1726,13.2672205,0.05004812319538016,False
TTGCAAGGTAGTTGGC-1,1893.0,1063,11.251981,0.029182178455626276,False
TTGCAAGGTCACCTAT-1,3572.0,1756,5.9630456,0.07137096774193549,False
TTGCAAGGTCTATCGT-1,5999.0,2693,11.468578,0.01713621841417369,False
TTGCAAGGTGCAACTA-1,2623.0,1481,10.789172,0.04440125579309313,False
TTGCAAGGTGCACGCA-1,7581.0,2978,13.256827,0.00666207213416035,False
TTGCAAGGTGGGAACA-1,2066.0,1174,11.8586645,0.0053278081989048395,False
TTGCAAGGTGGTTATG-1,2215.0,1106,28.12641,0.029182178455626276,False
TTGCAAGGTTGGCGTG-1,2885.0,1448,14.696707,0.13184713375796173,False
TTGCAAGGTTTATCGC-1,2284.0,1289,7.4430823,0.032023106869270374,False
TTGCAATCAAACTGCC-1,8820.0,3331,7.539683,0.46131805157593153,True
TTGCAATCACCGGCTA-1,2741.0,1507,5.3994894,0.04885375494071145,False
TTGCAATCACGGTACT-1,4080.0,2043,9.828431,0.11866393202461177,False
TTGCAATCAGCTTAGC-1,3040.0,1543,11.578947,0.030570902394106814,False
TTGCAATCAGGTTAAA-1,2610.0,1447,10.613027,0.11472602739726025,False
TTGCAATCAGTTATGT-1,7372.0,3263,6.117743,0.021976855292493894,False
TTGCAATCAGTTTACG-1,2414.0,1323,11.806131,0.030570902394106814,False
TTGCAATCATAATCGT-1,2675.0,1424,7.9626164,0.021976855292493894,False
TTGCAATCATGTCAAT-1,414.0,350,1.6908212,0.03277439024390243,False
TTGCAATCATTTGCTC-1,4793.0,2145,10.09806,0.12281757977122211,False
TTGCACACAAGCCACT-1,4152.0,1971,7.10501,0.08931947069943286,False
TTGCACACAGCCTTGG-1,7895.0,3012,14.30019,0.030570902394106814,False
TTGCACACAGTAATAG-1,5141.0,2309,14.763665,0.005587424569768309,False
TTGCACACATCACTTC-1,6739.0,2560,14.275116,0.02093531923757942,False
TTGCACACATCGTTCT-1,3406.0,1602,4.5507927,0.04336283185840707,False
TTGCACACATGAAATG-1,2886.0,1448,14.241165,0.0077983458054352115,False
TTGCACACATTTAAGC-1,6367.0,2717,9.1408825,0.24437299035369767,True
TTGCAGCCAACAGGAT-1,3612.0,1848,7.253599,0.09481481481481482,False
TTGCAGCCAATGCCCG-1,3406.0,1822,9.806224,0.08427729950158584,False
TTGCAGCCACAACAAA-1,2614.0,1079,11.17062,0.01803488715876614,False
TTGCAGCCACCTCGCT-1,3264.0,1811,5.208333,0.009001703024896602,False
TTGCAGCCAGCAACCT-1,3010.0,1603,9.136212,0.02785286167587261,False
TTGCAGCCAGGAATCG-1,5954.0,2710,9.724555,0.33380581148121885,True
TTGCAGCCATAATCAC-1,2031.0,917,26.83407,0.052544613350958363,False
TTGCAGCCATACCCGG-1,2641.0,1276,9.428247,0.05658418411489879,False
TTGCATTTCATGGCTG-1,295.0,262,1.3559322,0.02476572958500669,False
TTGCATTTCATGGTTA-1,4630.0,2075,15.1403885,0.023059434881455017,False
TTGCATTTCCCAGTAG-1,2833.0,1706,0.5647723,0.01993253603189206,False
TTGCATTTCGCTAAGT-1,4800.0,2087,12.270834,0.04040833687792429,False
TTGCATTTCTAATCCT-1,3709.0,1776,7.7379346,0.13184713375796173,False
TTGCATTTCTCACAAA-1,6326.0,2619,8.899779,0.010278265229380797,False
TTGCATTTCTCCTCTT-1,14526.0,4530,6.16825,0.23147675012774666,True
TTGCATTTCTGTAATG-1,3291.0,1715,12.518991,0.010609632873021219,False
TTGCCCGTCCTCAGTC-1,2815.0,1055,5.1509767,0.01993253603189206,False
TTGCCCGTCGATTTGA-1,4629.0,2292,7.7986608,0.02476572958500669,False
TTGCGAGTCAGGAAGC-1,8467.0,3061,8.503602,0.08674531575294935,False
TTGCGAGTCATGCGTG-1,8985.0,3302,12.543127,0.00666207213416035,False
TTGCGAGTCATGCTCC-1,3791.0,1905,9.390662,0.03596164091635589,False
TTGCGAGTCCGGTTAG-1,2490.0,1310,13.092369,0.007222179078978022,False
TTGCGAGTCCTTCTAG-1,275.0,209,1.0909091,0.01234567901234568,False
TTGCGAGTCGCTTCTA-1,4513.0,1925,8.929758,0.04136742315426601,False
TTGCGAGTCGTCAAGT-1,3526.0,1727,9.784458,0.015430655569063874,False
TTGCGTCTCCGCTAGA-1,2661.0,1432,7.591131,0.10082730093071354,False
TTGCGTCTCCTCCATA-1,4586.0,2065,12.472743,0.06949118986339338,False
TTGCGTCTCCTGCGAA-1,9426.0,3490,13.430935,0.018496420047732696,False
TTGCGTCTCCTGGCTT-1,4454.0,2043,12.236192,0.06592776609975157,False
TTGCGTCTCGGGACCT-1,3438.0,1697,9.307737,0.0594961586564231,False
TTGCGTCTCTACCTGC-1,3813.0,1871,3.06845,0.01713621841417369,False
TTGCTCTCAATAGCAA-1,11563.0,3993,10.77575,0.0580168776371308,False
TTGCTCTCACAAGCCT-1,3630.0,1808,10.082645,0.023059434881455017,False
TTGCTCTCACGTAATT-1,3602.0,1659,7.995558,0.06767794632438741,False
TTGCTCTCAGGGAGCT-1,2475.0,1442,5.1313133,0.01896638233818364,False
TTGCTCTCATAGTCAT-1,6492.0,2811,8.564387,0.3590909090909092,True
TTGCTTAGTGCTAGAC-1,3172.0,1657,10.624212,0.03767403767403767,False
TTGCTTAGTGTGCAAC-1,2998.0,1660,6.904603,0.013455328310010764,False
TTGCTTAGTTTGCTGT-1,4326.0,1793,6.7036524,0.07963446475195822,False
TTGCTTTAGCAGCTAT-1,8465.0,3428,8.706438,0.2585915492957747,True
TTGCTTTAGCCTAACG-1,6524.0,2751,14.684243,0.03513620213185945,False
TTGCTTTAGCTTATGA-1,4794.0,2219,14.121819,0.11098748261474266,False
TTGCTTTAGGCATTGT-1,3568.0,1798,8.211884,0.05658418411489879,False
TTGCTTTAGGCGGGTA-1,5949.0,2765,8.589679,0.27434679334916884,True
TTGCTTTAGTATCGCG-1,4272.0,1980,14.372659,0.04336283185840707,False
TTGCTTTAGTTACTTC-1,3826.0,1935,7.422896,0.029182178455626276,False
TTGGAGGCACCTATAG-1,2550.0,1367,7.9215684,0.051277877258668406,False
TTGGAGGCAGACAAAC-1,3681.0,1967,9.888617,0.01669865642994242,False
TTGGAGGCAGGCTTCG-1,16900.0,5180,10.83432,0.421792618629174,True
TTGGAGGCATAATCCG-1,3865.0,1751,8.926261,0.10082730093071354,False
TTGGAGGCATAATGTC-1,2452.0,1264,15.375204,0.02093531923757942,False
TTGGAGGCATCCCGCT-1,3811.0,1780,15.927579,0.013455328310010764,False
TTGGAGGCATCTTGAG-1,6357.0,2758,14.016046,0.23147675012774666,True
TTGGAGGCATTGTTGG-1,3633.0,1843,7.7621803,0.08427729950158584,False
TTGGATATCAGGAAGC-1,1767.0,956,11.601584,0.04885375494071145,False
TTGGATATCATTGCGG-1,7947.0,3087,10.972694,0.01128783991790662,False
TTGGATATCCATCAGG-1,7632.0,3033,16.037735,0.04440125579309313,False
TTGGATATCCCATAGG-1,3269.0,1807,11.930254,0.03277439024390243,False
TTGGATCAGCAAGATG-1,3466.0,1666,8.742065,0.24437299035369767,True
TTGGATCAGCCACAAT-1,4706.0,2137,10.858479,0.38812042310821776,True
TTGGATCAGCGGGCAA-1,1980.0,1170,7.272727,0.023059434881455017,False
TTGGATCAGTAACCCG-1,6049.0,2303,6.910233,0.07744826114785579,False
TTGGATCAGTCAGGCC-1,2901.0,1736,0.20682523,0.05385002516356318,False
TTGGATCAGTTCCCAC-1,3645.0,1819,6.556927,0.23147675012774666,True
TTGGATTCAATCTCTC-1,4567.0,2143,7.6198816,0.10743353228431904,False
TTGGATTCACCATATG-1,2340.0,1285,7.905983,0.07744826114785579,False
TTGGATTCAGTCTATG-1,2036.0,1376,0.54027504,0.023059434881455017,False
TTGGATTCATTGGGAG-1,1888.0,1096,7.521187,0.0385625431928127,False
TTGGCGGGTAAACAAG-1,10070.0,3382,12.571997,0.421792618629174,True
TTGGCGGGTAATCGCA-1,2741.0,1473,7.8803353,0.07332101047443006,False
TTGGCGGGTCACCTAT-1,1650.0,957,8.060606,0.07332101047443006,False
TTGGCGGGTGGACATC-1,2899.0,1528,9.417041,0.011987491313412093,False
TTGGCGGGTTGTTGTC-1,2944.0,1586,9.375,0.01896638233818364,False
TTGGCTACAAGCTTTG-1,5462.0,2324,13.401684,0.06102433708681438,False
TTGGCTACAATCGCAC-1,10778.0,3794,8.814251,0.3590909090909092,True
TTGGCTACACCAAAGG-1,1477.0,879,12.999323,0.009951899154088572,False
TTGGCTACAGGACACA-1,6313.0,2652,11.373357,0.0385625431928127,False
TTGGCTGAGCAGCTAT-1,4926.0,2099,7.673569,0.18159203980099492,True
TTGGCTGAGCCTCTCG-1,2304.0,1199,11.284722,0.08674531575294935,False
TTGGCTGAGCCTGTTC-1,4423.0,1940,7.0992537,0.02785286167587261,False
TTGGCTGAGCTGTAAC-1,2492.0,1311,12.479936,0.11472602739726025,False
TTGGCTGAGGACCGCT-1,3051.0,1520,14.028187,0.06423741547708492,False
TTGGCTGAGGACCTGC-1,1929.0,1107,15.241058,0.03128880059597715,False
TTGGCTGAGGAGTAAT-1,3092.0,1549,8.182406,0.047693266832917705,False
TTGGCTGAGGCCTTAG-1,8851.0,3432,11.219071,0.33380581148121885,True
TTGGCTGAGGTTTGCG-1,4748.0,2327,6.8239255,0.004080463884315269,False
TTGGCTGAGTCAGGCC-1,3741.0,1925,6.121358,0.01234567901234568,False
TTGGCTGAGTTGGATC-1,9959.0,3547,14.489407,0.07963446475195822,False
TTGGCTTGTACCCACC-1,3837.0,1991,6.1506386,0.03596164091635589,False
TTGGCTTGTGAGCGAA-1,2714.0,1436,10.869565,0.04040833687792429,False
TTGGCTTGTGTTGTAG-1,2732.0,1545,9.553441,0.08931947069943286,False
TTGGCTTGTTAATGAC-1,3404.0,1659,12.220917,0.021451104100946368,False
TTGGCTTGTTTAACGG-1,3101.0,1566,6.2237988,0.1665381649961449,False
TTGGGCCAGAGAGGCT-1,3257.0,1692,14.553269,0.01626867091618305,False
TTGGGCCAGCCATCAG-1,3577.0,1732,13.502936,0.047693266832917705,False
TTGGGCCAGCTGTAAC-1,4575.0,2175,9.79235,0.04885375494071145,False
TTGGGCCAGTGAGAGC-1,3206.0,1674,14.472863,0.09775195756504167,False
TTGGGCCAGTTGGATC-1,2487.0,1389,11.86168,0.006940160394818014,False
TTGGGCGGTAATAGCT-1,3583.0,1876,8.261233,0.00666207213416035,False
TTGGGCGGTAATGGCC-1,3947.0,1601,6.8153033,0.029182178455626276,False
TTGGGCGGTGGTTCCC-1,2458.0,1384,8.462165,0.08427729950158584,False
TTGGGCGGTGTTTGCT-1,4080.0,1935,14.828432,0.07963446475195822,False
TTGGGTTAGACTTATG-1,6569.0,2762,11.219363,0.05519591141396934,False
TTGGGTTAGCAAGGGT-1,3042.0,1564,6.311637,0.05658418411489879,False
TTGGGTTAGGCGGGTA-1,4815.0,2184,18.213915,0.11098748261474266,False
TTGGGTTAGGCTTAGT-1,2167.0,1167,9.044763,0.04235191384078009,False
TTGGGTTAGGTCGAGG-1,631.0,536,0.79239297,0.1367661528369957,False
TTGGGTTAGTTGGGCC-1,6510.0,2651,15.46851,0.01713621841417369,False
TTGGTGAGTCTTGCAT-1,3093.0,1575,7.9534435,0.12281757977122211,False
TTGGTGAGTGAGCGAA-1,3835.0,1622,6.2320733,0.06949118986339338,False
TTGGTGAGTGGTTCTT-1,4879.0,2082,6.743185,0.15345821325648415,False
TTGGTGAGTTGCGCGA-1,4621.0,2134,14.08786,0.06102433708681438,False
TTGTAAGTCAGTTCCC-1,6207.0,2838,9.424843,0.2585915492957747,True
TTGTAAGTCCAATAGC-1,3885.0,1662,7.1299872,0.047693266832917705,False
TTGTAAGTCCCTCATA-1,7143.0,2993,9.9958,0.18159203980099492,True
TTGTAAGTCCGGTTGA-1,2795.0,1501,9.194991,0.11472602739726025,False
TTGTAAGTCCTTCGTA-1,4093.0,1977,11.116541,0.013837388079949352,False
TTGTAAGTCGAAGCGG-1,3508.0,1900,6.9555306,0.006387832699619771,False
TTGTAAGTCTAATCCT-1,7508.0,2991,5.7538624,0.07744826114785579,False
TTGTAAGTCTCACACC-1,2920.0,1529,9.931507,0.06767794632438741,False
TTGTCAAAGCCTAATA-1,4840.0,2080,7.6859503,0.08190899001109879,False
TTGTCAAAGGACCTTG-1,8531.0,3217,7.818544,0.33380581148121885,True
TTGTCAAAGGACTTAC-1,4565.0,2087,5.3669224,0.1367661528369957,False
TTGTCAAAGGCAATAG-1,2699.0,1465,4.001482,0.10405083399523428,False
TTGTCAAAGGGATGAC-1,2601.0,1425,10.726644,0.04136742315426601,False
TTGTCAAAGTATGTGC-1,8248.0,3566,7.7352085,0.5653179190751447,True
TTGTCAAAGTGAGCGG-1,2298.0,1024,11.183639,0.03277439024390243,False
TTGTCAAAGTTTGAGC-1,2349.0,1249,12.68625,0.05004812319538016,False
TTGTCAAAGTTTGGTA-1,3227.0,1793,4.4933376,0.04040833687792429,False
TTGTCCATCAAAGGCA-1,4117.0,1849,9.788681,0.052544613350958363,False
TTGTCCATCAACCAAC-1,3726.0,1930,7.756307,0.06592776609975157,False
TTGTCCATCACTAATG-1,7130.0,2896,8.036466,0.0594961586564231,False
TTGTCCATCAGTTCCC-1,2788.0,1544,7.8550935,0.06423741547708492,False
TTGTCCATCCCTGATC-1,10904.0,3904,8.272193,0.2585915492957747,True
TTGTCCATCCTCAGCT-1,7289.0,3148,6.132529,0.02785286167587261,False
TTGTCCATCCTTGCAC-1,6516.0,2515,5.8471456,0.01896638233818364,False
TTGTCCATCGAGCTAT-1,4753.0,2089,13.423101,0.14198782961460438,False
TTGTCCCAGATGGAGC-1,5049.0,2282,10.140621,0.08931947069943286,False
TTGTCCCAGCACAGAA-1,6946.0,3038,6.9680395,0.2585915492957747,True
TTGTCCCAGGATTTGC-1,4190.0,1965,11.073986,0.009313725490196078,False
TTGTCCCAGGGCCACT-1,6664.0,2783,13.055222,0.052544613350958363,False
TTGTCCCAGGTAACGA-1,3775.0,1815,13.006623,0.0385625431928127,False
TTGTCCCAGTGCTGTG-1,4059.0,1997,7.4648933,0.03128880059597715,False
TTGTCCCAGTGTTGCG-1,3195.0,1791,6.071987,0.003370313158264289,False
TTGTCCGGTAATCGGC-1,7181.0,2823,10.541707,0.03680733450182013,False
TTGTCCGGTACGATTG-1,3128.0,1513,12.116368,0.052544613350958363,False
TTGTCCGGTATTACCC-1,2696.0,1421,12.537092,0.05658418411489879,False
TTGTCCGGTCACAAAT-1,6834.0,2861,11.296458,0.08931947069943286,False
TTGTCCGGTCACAGAC-1,2459.0,1403,7.5640507,0.046565237436606725,False
TTGTCCGGTGCGCAAT-1,1191.0,696,18.97565,0.2585915492957747,True
TTGTCCGGTGGATTAT-1,3360.0,1677,10.952381,0.19910313901345295,True
TTGTCCGGTTGCTGGG-1,3584.0,1675,13.0859375,0.052544613350958363,False
TTGTCCGGTTGGATCA-1,3081.0,1575,7.4326515,0.04136742315426601,False
TTGTCCGGTTTATGGG-1,4132.0,1940,14.109389,0.07137096774193549,False
TTGTGAGGTCGCAATA-1,5382.0,2389,7.580825,0.04440125579309313,False
TTGTGAGGTGAAGCCT-1,2787.0,1485,13.527089,0.013455328310010764,False
TTGTGAGGTGCTTAGA-1,5917.0,2525,10.021971,0.03277439024390243,False
TTGTGAGGTGGATGTC-1,2379.0,1200,15.510718,0.0077983458054352115,False
TTGTGAGGTGGGAACA-1,2820.0,1477,7.1985817,0.052544613350958363,False
TTGTGAGGTTAACAGT-1,5106.0,2233,19.251862,0.13184713375796173,False
TTGTGAGGTTAGGTGC-1,3946.0,1800,13.735429,0.12720519962859794,False
TTGTGAGGTTGGATCA-1,2501.0,1340,6.1175528,0.04136742315426601,False
TTGTGCCTCAGGAAGC-1,5160.0,2438,10.290698,0.2585915492957747,True
TTGTGCCTCCGTTAAA-1,3016.0,1442,10.41114,0.10743353228431904,False
TTGTGCGAGTATTGGC-1,3174.0,1630,8.47511,0.04546832373446498,False
TTGTGCGAGTGGACAA-1,3385.0,1957,3.397341,0.03680733450182013,False
TTGTGCGAGTTGCGTG-1,9497.0,3629,11.456249,0.2919020715630885,True
TTGTGTGCACTGACCG-1,4904.0,2041,7.606036,0.04336283185840707,False
TTGTGTGCAGTTTGGC-1,2982.0,1561,12.575452,0.01896638233818364,False
TTGTGTGCATGCATAT-1,2748.0,1515,12.518194,0.0053278081989048395,False
TTGTGTGCATTTGCTC-1,6496.0,2742,16.625616,0.06767794632438741,False
TTGTTCCCAATAATCC-1,7233.0,2772,10.659477,0.1367661528369957,False
TTGTTCCCACAGACTC-1,2508.0,1525,6.2200956,0.030570902394106814,False
TTGTTCCCAGCTCATA-1,4877.0,2372,9.329506,0.19910313901345295,True
TTGTTCCCAGGACCTT-1,4305.0,1963,10.917538,0.07332101047443006,False
TTGTTCCCAGTAAAGC-1,2627.0,1349,12.790256,0.032023106869270374,False
TTGTTCCCATGGCCTG-1,5427.0,2440,13.285425,0.013455328310010764,False
TTGTTCCCATTTAAGC-1,2198.0,1183,10.646042,0.11098748261474266,False
TTGTTGCGTTTCCGGC-1,4370.0,2080,5.5835238,0.03767403767403767,False
TTGTTGTTCATTACAG-1,3614.0,1625,12.451577,0.10405083399523428,False
TTGTTGTTCATTTGTC-1,2835.0,1430,13.227513,0.0058505850585058505,False
TTGTTGTTCGGTCAGC-1,3021.0,1487,23.07183,0.08190899001109879,False
TTGTTGTTCGTTTCTG-1,3364.0,1710,21.789536,0.04336283185840707,False
TTGTTGTTCTGGCATG-1,15054.0,4651,9.5522785,0.5083682008368199,True
TTGTTGTTCTTAGTGA-1,2422.0,1268,9.083403,0.05519591141396934,False
TTGTTTGGTCAAGACC-1,2744.0,1494,11.588922,0.04336283185840707,False
TTGTTTGGTCACAGAC-1,8061.0,3183,8.336434,0.24437299035369767,True
TTGTTTGGTCATCCTG-1,5976.0,2533,10.157296,0.06949118986339338,False
TTGTTTGGTTAAGCTG-1,3938.0,1707,3.5804975,0.03767403767403767,False
TTGTTTGGTTACCTGT-1,7102.0,2836,15.86877,0.01993253603189206,False
TTGTTTGGTTGTTGCT-1,6140.0,2538,1.4332248,0.03277439024390243,False
TTGTTTGGTTTAAAGC-1,2909.0,1452,10.037813,0.0594961586564231,False
TTGTTTGGTTTATCGC-1,2330.0,1228,8.283262,0.03354324636936127,False
TTTAACCTCACAGCCA-1,13180.0,4509,13.490136,0.12720519962859794,False
TTTAACCTCATTACGA-1,3157.0,1486,3.420969,0.15977653631284908,False
TTTAACCTCCTAAGGT-1,6113.0,2653,9.635203,0.06423741547708492,False
TTTAACCTCCTGATGG-1,7628.0,3229,14.027267,0.03354324636936127,False
TTTAACCTCGATATTG-1,4183.0,1935,9.251733,0.05004812319538016,False
TTTAACCTCGCTATAA-1,6947.0,2840,13.401468,0.09775195756504167,False
TTTAACCTCGTTATAG-1,2460.0,1292,6.7073174,0.04235191384078009,False
TTTAACCTCTCACATT-1,5298.0,2091,6.4552665,0.08931947069943286,False
TTTAACGAGCGCTCAA-1,3783.0,1776,14.16865,0.007222179078978022,False
TTTAACGAGCTAATCA-1,6782.0,2831,11.04394,0.07963446475195822,False
TTTAACGAGCTCAAAC-1,3744.0,1808,7.238248,0.013837388079949352,False
TTTAACGAGTAAGAAC-1,3101.0,1638,11.222187,0.03767403767403767,False
TTTAACGAGTAAGTCC-1,6200.0,2629,5.612903,0.006387832699619771,False
TTTAACGAGTGAACCT-1,2043.0,1137,8.321096,0.02476572958500669,False
TTTAACGAGTTAGTGC-1,8405.0,3408,10.089232,0.421792618629174,True
TTTAAGCCAACACCTA-1,4433.0,2088,11.279043,0.07534533277521976,False
TTTAAGCCAAGTTATC-1,3453.0,1696,14.827686,0.0594961586564231,False
TTTAAGCCACAGCCAT-1,4008.0,1956,5.8632736,0.09200676165177493,False
TTTAAGCCACCGGCTA-1,7064.0,2908,11.39581,0.006117362736953402,False
TTTAAGCCAGGACCAA-1,2075.0,1085,19.518072,0.04040833687792429,False
TTTAAGCCATGTCAAT-1,3245.0,1718,10.816641,0.010609632873021219,False
TTTAAGCCATTATCCC-1,4585.0,2055,7.044711,0.18159203980099492,True
TTTAAGGTCACAGCCA-1,8570.0,3184,10.700117,0.12720519962859794,False
TTTAAGGTCAGGAAGC-1,4205.0,2074,11.629013,0.015430655569063874,False
TTTAAGGTCCCGAACA-1,371.0,269,14.555256,0.06260387811634349,False
TTTAAGGTCCCTGGAA-1,2861.0,1403,12.722824,0.00432338953739732,False
TTTAAGGTCCTTGTTG-1,2354.0,1240,10.067969,0.04040833687792429,False
TTTAAGGTCGGGCCAT-1,5011.0,2451,10.656556,0.0385625431928127,False
TTTAAGGTCTAAGTGC-1,3555.0,1755,6.891702,0.02851033499643621,False
TTTAAGGTCTGTTCAT-1,2142.0,1132,10.644258,0.06260387811634349,False
TTTACGAAGAGAAGGG-1,1272.0,588,15.1729555,0.01713621841417369,False
TTTACGAAGATGCCTG-1,7496.0,3103,11.779616,0.33380581148121885,True
TTTACGAAGCACTAGT-1,3654.0,1802,7.0607553,0.01669865642994242,False
TTTACGAAGCGGATTT-1,4716.0,2071,11.407973,0.11098748261474266,False
TTTACGAAGCTTAACA-1,2642.0,1367,10.2573805,0.11866393202461177,False
TTTACGAAGGACCAGG-1,7186.0,2939,13.401058,0.01713621841417369,False
TTTACGAAGGCCCAGT-1,5720.0,2565,13.548951,0.02851033499643621,False
TTTACGAAGTCTGGGC-1,2189.0,1326,4.0201006,0.05519591141396934,False
TTTACGAAGTGAACGA-1,2616.0,1379,12.041285,0.008092668993970167,False
TTTACGCGTCCTTCAG-1,3518.0,1641,7.4474134,0.013455328310010764,False
TTTACGCGTCTAGCTT-1,6717.0,2769,11.195474,0.06260387811634349,False
TTTACGCGTGAGACTC-1,4032.0,1943,8.28373,0.07963446475195822,False
TTTACGCGTGTTGCTT-1,4106.0,2067,12.542621,0.03277439024390243,False
TTTACGCGTTAAGGTT-1,328.0,244,10.97561,0.2585915492957747,True
TTTACGCGTTATGTGG-1,1462.0,693,28.317373,0.0385625431928127,False
TTTACGCGTTTATCTG-1,3773.0,1941,7.368142,0.01803488715876614,False
TTTACGCGTTTGCTGT-1,4064.0,1983,10.5807085,0.01758155889822231,False
TTTAGCAAGGCGGGTA-1,5390.0,2345,13.302411,0.38812042310821776,True
TTTAGCAAGGGACTAA-1,1225.0,798,6.7755103,0.01669865642994242,False
TTTAGCAAGTAACCCG-1,4828.0,2169,8.616405,0.04040833687792429,False
TTTAGCAAGTAGGATG-1,3108.0,1601,5.952381,0.14198782961460438,False
TTTAGCTTCATGAGCT-1,4307.0,1866,7.5690737,0.0385625431928127,False
TTTAGCTTCATGCCTC-1,2822.0,1506,12.012756,0.07137096774193549,False
TTTAGCTTCCGCAACA-1,9501.0,3415,13.356489,0.023616881696916687,False
TTTAGCTTCCTTAAGA-1,4592.0,2066,14.133274,0.03433029908972692,False
TTTAGCTTCGATAACC-1,1919.0,1089,13.288172,0.03767403767403767,False
TTTAGCTTCGTTTCGC-1,5679.0,2534,15.935904,0.051277877258668406,False
TTTAGGATCAAGTGAG-1,3975.0,1816,7.2452826,0.10405083399523428,False
TTTAGGATCCTTGCAC-1,6704.0,2825,10.143198,0.0580168776371308,False
TTTAGGATCGGTCAGC-1,3207.0,1584,10.414718,0.03354324636936127,False
TTTAGGATCGTAATCA-1,2826.0,1504,9.3418255,0.06423741547708492,False
TTTAGGATCTAGCTAA-1,3857.0,1983,6.66321,0.02042921997523731,False
TTTAGGATCTAGCTTT-1,4262.0,1956,14.711402,0.06260387811634349,False
TTTATGGAGAGAGGCT-1,3449.0,1733,13.221224,0.10405083399523428,False
TTTATGGAGCGGATAA-1,4170.0,2016,16.642685,0.06102433708681438,False
TTTATGGAGGAATAAC-1,4848.0,2051,5.7549505,0.04546832373446498,False
TTTATGGAGGGTTATC-1,3056.0,1563,8.802356,0.05658418411489879,False
TTTATGGAGTCGCAAT-1,6164.0,2915,10.123297,0.31158455392809603,True
TTTCACCCAAGCCAGA-1,4449.0,1983,8.271522,0.11098748261474266,False
TTTCACCCAGCCAGAA-1,3369.0,1703,4.8085485,0.07963446475195822,False
TTTCACCCAGGCGAGT-1,2701.0,1429,15.401703,0.03513620213185945,False
TTTCACCCATAGCAGG-1,1979.0,1146,7.579586,0.02093531923757942,False
TTTCACCCATGAAATG-1,5876.0,2570,13.427502,0.27434679334916884,True
TTTCACCCATTAAGCT-1,2195.0,1280,8.656036,0.08190899001109879,False
TTTCACCCATTAGCCA-1,4971.0,2001,3.9629855,0.15977653631284908,False
TTTCAGTTCATAACCA-1,6238.0,2721,2.8053863,0.09200676165177493,False
TTTCAGTTCATCCTGC-1,2330.0,1382,1.416309,0.027209302325581396,False
TTTCAGTTCATTACGA-1,3412.0,1675,13.862837,0.01993253603189206,False
TTTCAGTTCCAGGTCA-1,4653.0,2147,8.897486,0.04546832373446498,False
TTTCAGTTCGATCAGT-1,3384.0,1755,7.033097,0.009630422256975885,False
TTTCAGTTCGCTATAA-1,5228.0,2287,13.886764,0.02657921988263721,False
TTTCAGTTCTAATCCT-1,5366.0,2099,16.939993,0.01713621841417369,False
TTTCATCAGACAAACG-1,3599.0,1415,10.05835,0.027209302325581396,False
TTTCATCAGCGATACT-1,13004.0,4214,10.043064,0.008092668993970167,False
TTTCATCAGCTCCTTA-1,7144.0,2817,12.849943,0.03596164091635589,False
TTTCATCAGTGAGCAA-1,2884.0,1558,11.615811,0.04885375494071145,False
TTTCCACCAATAACCT-1,7655.0,3144,9.353363,0.2919020715630885,True
TTTCCACCAATAGTCT-1,2541.0,1352,4.9980326,0.07534533277521976,False
TTTCCACCACAGGAAT-1,3694.0,1770,5.6036816,0.030570902394106814,False
TTTCCACCACATGCTA-1,4626.0,2004,13.229571,0.04336283185840707,False
TTTCCACCACCTAAGC-1,2099.0,1120,12.767985,0.046565237436606725,False
TTTCCACCAGCAAGTG-1,2022.0,1095,13.155292,0.014225788801750865,False
TTTCCACCAGGCATCT-1,5741.0,2446,3.466295,0.03767403767403767,False
TTTCCACCAGGCTACT-1,1391.0,772,13.299784,0.02785286167587261,False
TTTCCACCAGTTATCG-1,4318.0,1983,5.673923,0.01993253603189206,False
TTTCCACCATGCTCCC-1,3651.0,1841,7.91564,0.01626867091618305,False
TTTCCACCATGGCCCA-1,3506.0,1780,3.7079294,0.018496420047732696,False
TTTCCGGGTAACCACA-1,6340.0,2803,7.492114,0.31158455392809603,True
TTTCCGGGTAATCACG-1,3641.0,1833,6.6739907,0.08931947069943286,False
TTTCCGGGTGAGCAAG-1,3167.0,1554,14.082728,0.02785286167587261,False
TTTCCGGGTGGGTGAA-1,2502.0,1314,12.989609,0.01626867091618305,False
TTTCCGGGTTATAGCG-1,1629.0,821,15.531,0.04040833687792429,False
TTTCCTGAGCTAAGTC-1,2976.0,1479,8.803763,0.0385625431928127,False
TTTCCTGAGCTTAGCG-1,3643.0,1895,5.2429314,0.04885375494071145,False
TTTCCTGAGCTTAGTA-1,4657.0,2308,7.558514,0.023059434881455017,False
TTTCCTGAGGAACCGG-1,3224.0,1500,7.754342,0.047693266832917705,False
TTTCCTGAGGCGGGTA-1,2255.0,1198,5.6762753,0.03128880059597715,False
TTTCCTGAGGTGAAGC-1,3621.0,1789,7.953604,0.10405083399523428,False
TTTCCTGAGTAACTCA-1,2888.0,1505,12.15374,0.006387832699619771,False
TTTCCTGAGTCAGTAC-1,2419.0,1423,5.3327823,0.052544613350958363,False
TTTCGTCCACCTACGG-1,14457.0,4450,9.123608,0.14754098360655732,False
TTTCGTCCACCTATAG-1,8465.0,3186,12.226816,0.0580168776371308,False
TTTCGTCCAGGTATTT-1,5158.0,2300,10.779372,0.15977653631284908,False
TTTCGTCCAGTAAGTA-1,3587.0,1715,6.1332593,0.04885375494071145,False
TTTCGTCCATAATGAG-1,3659.0,1637,5.1380157,0.047693266832917705,False
TTTCGTCCATGGCCCA-1,3776.0,1834,8.262712,0.0594961586564231,False
TTTCGTCCATGTGGGA-1,3528.0,1861,10.770975,0.0053278081989048395,False
TTTCGTCCATTGACAT-1,7622.0,2910,15.258463,0.007222179078978022,False
TTTCTCACAAACGCGA-1,5381.0,2367,11.55919,0.04235191384078009,False
TTTCTCACAAGGAATC-1,2971.0,1596,10.232245,0.01584606677985286,False
TTTCTCACACAATGTT-1,3388.0,1740,8.35301,0.052544613350958363,False
TTTCTCACACACAATT-1,4081.0,1799,4.141142,0.047693266832917705,False
TTTCTCACACACCAAC-1,5768.0,2460,8.651179,0.03354324636936127,False
TTTCTCACACATACTG-1,9725.0,3411,13.089974,0.14198782961460438,False
TTTCTCACAGGACCAA-1,3436.0,1728,7.945285,0.014225788801750865,False
TTTCTCACAGGCAAGC-1,2559.0,1335,6.0570536,0.052544613350958363,False
TTTCTCACAGGTTTGC-1,5676.0,2510,12.31501,0.009951899154088572,False
TTTCTTGCACATTAAC-1,2818.0,1532,8.836054,0.08674531575294935,False
TTTCTTGCAGGATAAC-1,2093.0,1090,8.361204,0.0580168776371308,False
TTTCTTGCAGGCTTCG-1,2685.0,1405,9.162011,0.10082730093071354,False
TTTGACCGTATTACCC-1,6390.0,2728,10.140845,0.31158455392809603,True
TTTGACCGTATTGTCC-1,6390.0,2481,7.8090763,0.0580168776371308,False
TTTGACCGTCGTTACT-1,2952.0,1804,0.57588077,0.11098748261474266,False
TTTGACCGTGTAACCA-1,3383.0,1618,9.518179,0.08931947069943286,False
TTTGACTTCAATCTAG-1,14866.0,3962,8.388268,0.04136742315426601,False
TTTGACTTCATTGTTC-1,4552.0,2079,5.6678386,0.12720519962859794,False
TTTGACTTCCAAATCA-1,4484.0,2115,9.656557,0.11098748261474266,False
TTTGACTTCCCAGTAG-1,18242.0,5325,14.669444,0.14754098360655732,False
TTTGACTTCCGTCCAT-1,3261.0,1756,6.5317383,0.06767794632438741,False
TTTGACTTCTCATCAT-1,6421.0,2642,15.153403,0.07963446475195822,False
TTTGACTTCTCGACCT-1,2818.0,1475,7.1682043,0.025357827115969796,False
TTTGACTTCTTACTCG-1,4393.0,1935,7.534714,0.1900043084877208,True
TTTGACTTCTTGTCCA-1,2890.0,1565,6.297578,0.08931947069943286,False
TTTGAGTCAATTAACC-1,4191.0,1937,9.87831,0.06592776609975157,False
TTTGAGTCACTTAACG-1,3682.0,1602,4.454101,0.07137096774193549,False
TTTGAGTCAGGCCATT-1,5801.0,2454,9.170833,0.039473684210526314,False
TTTGAGTCAGGGAGCT-1,3431.0,1782,9.006121,0.03354324636936127,False
TTTGAGTCATTGTGTG-1,6666.0,2708,16.89169,0.046565237436606725,False
TTTGCATTCAAACCGT-1,3401.0,1699,7.556601,0.07744826114785579,False
TTTGCATTCAATGTGC-1,4193.0,1821,3.9112806,0.05004812319538016,False
TTTGCATTCACAAGCT-1,3910.0,1886,9.130435,0.04885375494071145,False
TTTGCATTCATGAAGG-1,1843.0,997,13.456321,0.09481481481481482,False
TTTGCATTCCCGTTTA-1,3973.0,1912,11.477472,0.11866393202461177,False
TTTGCATTCCTCACAC-1,7284.0,2980,12.053817,0.023616881696916687,False
TTTGCATTCCTTGTTG-1,7465.0,3093,8.265238,0.27434679334916884,True
TTTGCATTCGGTCATG-1,5266.0,2196,13.482719,0.03596164091635589,False
TTTGCATTCTACTAAG-1,4567.0,1994,14.62667,0.007508212106992022,False
TTTGCGACACAAAGCG-1,4817.0,2194,8.345443,0.03128880059597715,False
TTTGCGACACCCACAG-1,4149.0,1947,9.56857,0.04040833687792429,False
TTTGCGACATAAGCAA-1,3967.0,1911,8.595917,0.052544613350958363,False
TTTGCGACATCACTTC-1,10795.0,3831,7.7443266,0.2919020715630885,True
TTTGCGACATGAGCAG-1,3285.0,1690,8.614917,0.04440125579309313,False
TTTGCGGAGGCGGATG-1,3489.0,1578,13.843508,0.02657921988263721,False
TTTGCGGAGGGACCTC-1,1897.0,1093,15.814445,0.047693266832917705,False
TTTGCGGAGGTATTGC-1,1713.0,1039,9.632224,0.00432338953739732,False
TTTGCGGAGTCACCTC-1,2534.0,1313,6.7482243,0.14198782961460438,False
TTTGCGGAGTTAGAGG-1,6527.0,2708,12.777692,0.02042921997523731,False
TTTGCGGAGTTTGGGT-1,3469.0,1624,15.191698,0.03513620213185945,False
TTTGGCTGTAACCTAG-1,10720.0,3825,9.841418,0.024185532854776367,False
TTTGGCTGTAGTAAGA-1,4751.0,2128,12.292149,0.04885375494071145,False
TTTGGCTGTCCTAATC-1,4645.0,2128,9.472551,0.05658418411489879,False
TTTGGCTGTCGACTCC-1,4089.0,1983,6.55417,0.08931947069943286,False
TTTGGCTGTCGCAAAC-1,4422.0,2081,11.261872,0.0580168776371308,False
TTTGGCTGTGAGGTAG-1,4598.0,2162,11.657243,0.04546832373446498,False
TTTGGCTGTGCTGTAA-1,3400.0,1732,7.117647,0.009951899154088572,False
TTTGGCTGTGCTTACT-1,2580.0,1393,5.4651165,0.039473684210526314,False
TTTGGTAAGAGGAGTC-1,3493.0,1735,7.386201,0.11866393202461177,False
TTTGGTAAGCACTAGT-1,3505.0,1664,11.982882,0.04040833687792429,False
TTTGGTAAGCGCCTTT-1,7468.0,2862,14.970541,0.5083682008368199,True
TTTGGTAAGTCATGCG-1,3495.0,1587,9.585121,0.01128783991790662,False
TTTGGTGCAAACTGTT-1,2601.0,1460,4.2291427,0.024185532854776367,False
TTTGGTGCAAGATTCT-1,3161.0,1514,12.369503,0.11098748261474266,False
TTTGGTGCAATTATGC-1,2358.0,1210,10.305344,0.03277439024390243,False
TTTGGTGCACAGCCTG-1,3781.0,1955,6.98228,0.02657921988263721,False
TTTGGTGCAGAAATGC-1,3123.0,1605,8.069164,0.02785286167587261,False
TTTGGTGCAGTATGTT-1,2924.0,1335,25.478796,0.10405083399523428,False
TTTGGTGCAGTTTGTG-1,5162.0,2316,13.134443,0.01758155889822231,False
TTTGGTGCATAATCCG-1,4843.0,2196,13.276895,0.12720519962859794,False
TTTGTCCCAATAGCAA-1,3386.0,1632,11.872416,0.039473684210526314,False
TTTGTCCCACTTAACG-1,5477.0,2477,6.5181665,0.01993253603189206,False
TTTGTCCCAGCTACGT-1,4373.0,2077,7.3404984,0.05658418411489879,False
TTTGTCCCAGTAGGAT-1,5404.0,2310,8.34567,0.01993253603189206,False
TTTGTCCCATAGCGAG-1,3167.0,1530,10.32523,0.09481481481481482,False
TTTGTCTAGACAACAG-1,6489.0,2937,8.707043,0.33380581148121885,True
TTTGTCTAGAGAGCCG-1,2758.0,1431,13.0529375,0.018496420047732696,False
TTTGTCTAGCTATTAG-1,3049.0,1603,4.690062,0.02657921988263721,False
TTTGTCTAGGACCTGC-1,10785.0,3967,10.709318,0.31158455392809603,True
TTTGTCTAGTAACCAC-1,807.0,550,14.374225,0.01803488715876614,False
TTTGTCTAGTTCCTGC-1,3762.0,1799,7.708666,0.11866393202461177,False
TTTGTGAAGCGATACT-1,4066.0,1988,14.06788,0.046565237436606725,False
TTTGTGAAGCTTAACA-1,5908.0,2321,5.179418,0.05658418411489879,False
TTTGTGAAGGAACGGT-1,4497.0,2110,12.9197235,0.07744826114785579,False
TTTGTGAAGGGATTAG-1,3288.0,1662,7.785888,0.11866393202461177,False
TTTGTGGCAAACAACA-1,4215.0,1975,11.791222,0.10743353228431904,False
TTTGTGGCAAGTGTCC-1,5383.0,2447,9.7715025,0.31158455392809603,True
TTTGTGGCACAGACTC-1,6933.0,2723,7.8465314,0.11098748261474266,False
TTTGTGGCAGCAACCT-1,3820.0,1951,8.534031,0.03680733450182013,False
TTTGTGGCAGTTTGTG-1,2179.0,1321,1.1473153,0.015022255192878337,False
TTTGTGTTCAAACCTA-1,11249.0,3793,4.2492666,0.03128880059597715,False
TTTGTGTTCAATTACG-1,3672.0,1895,8.551198,0.11098748261474266,False
TTTGTGTTCATTGACA-1,3877.0,1793,17.74568,0.06767794632438741,False
TTTGTGTTCCTCCTAA-1,7422.0,2892,13.365669,0.01896638233818364,False
TTTGTGTTCGATAACC-1,3208.0,1691,7.6995015,0.014620689655172414,False
TTTGTGTTCGATTTAG-1,3471.0,1604,23.595507,0.03433029908972692,False
TTTGTGTTCGGGACCT-1,3184.0,1590,13.913317,0.0580168776371308,False
TTTGTGTTCGGTCAAT-1,5165.0,2189,21.936108,0.08931947069943286,False
TTTGTGTTCGTCAAGT-1,6372.0,2651,10.059636,0.024185532854776367,False
TTTGTGTTCTCCATAT-1,5803.0,2499,9.443391,0.08931947069943286,False
TTTGTTGGTCAGGAAG-1,4690.0,2049,12.49467,0.03433029908972692,False
TTTGTTGGTCCACAAA-1,10194.0,3058,6.2978225,0.10082730093071354,False
TTTGTTGGTCTTTATG-1,6554.0,2792,6.499848,0.24437299035369767,True
TTTGTTGGTGACATGC-1,3285.0,1586,10.898022,0.024185532854776367,False
TTTGTTGGTGTTAAAC-1,2866.0,1525,11.060712,0.03513620213185945,False
TTTGTTGGTTAGGATT-1,4148.0,2024,9.932498,0.01234567901234568,False
TTTGTTGGTTGCAGTA-1,4834.0,2116,7.4265623,0.23147675012774666,True
TTTGTTGGTTGGTTAG-1,2976.0,1620,5.342742,0.0385625431928127,False
TTTGTTGGTTTGCAGA-1,4505.0,1920,7.4583797,0.1665381649961449,False
