cell_barcode,leiden_0_6,manual_marker_label,manual_annotation_confidence,celltypist_predicted_label,celltypist_majority_voting,celltypist_confidence
AAACAGCCAAGGAATC-1,1,CD4_T_cells,,Tcm/Naive helper T cells,Tcm/Naive helper T cells,0.9999826458293313
AAACAGCCAATCCCTT-1,2,T_cells_general,,Tcm/Naive helper T cells,Tem/Effector helper T cells,0.015577648820822966
AAACAGCCAATGCGCT-1,1,CD4_T_cells,,Tcm/Naive helper T cells,Tcm/Naive helper T cells,0.9999766448475054
AAACAGCCACCAACCG-1,3,CD4_T_cells,,Tcm/Naive cytotoxic T cells,Tcm/Naive cytotoxic T cells,0.9999812977413353
AAACAGCCAGGATAAC-1,1,CD4_T_cells,,Tcm/Naive helper T cells,Tcm/Naive helper T cells,0.9996841850489863
AAACAGCCAGTAGGTG-1,3,CD4_T_cells,,Tcm/Naive helper T cells,Tcm/Naive helper T cells,0.9657022395189996
AAACAGCCAGTTTACG-1,2,T_cells_general,,Tcm/Naive helper T cells,Tcm/Naive helper T cells,0.9794633365947419
AAACAGCCATCCAGGT-1,7,Monocytes_general,,Non-classical monocytes,Non-classical monocytes,0.9999975211261283
AAACATGCAAGGTCCT-1,3,CD4_T_cells,,Tcm/Naive cytotoxic T cells,Tcm/Naive cytotoxic T cells,0.9994991536265204
AAACATGCACCGGCTA-1,5,Cytotoxic_T_NK,,CD16+ NK cells,CD16+ NK cells,0.9989430962347084
AAACATGCACTTGTTC-1,1,CD4_T_cells,,Tcm/Naive helper T cells,Tcm/Naive helper T cells,0.8456110331207427
AAACATGCAGCAAGTG-1,2,T_cells_general,,Tcm/Naive helper T cells,Regulatory T cells,0.9523380646428651
AAACATGCAGGGAGCT-1,5,Cytotoxic_T_NK,,CD16+ NK cells,CD16+ NK cells,0.9698952294621466
AAACCAACACAATGCC-1,0,Monocytes_CD14,,Classical monocytes,Classical monocytes,0.9887712759618709
AAACCAACACTAAGAA-1,1,CD4_T_cells,,Tcm/Naive cytotoxic T cells,Tcm/Naive helper T cells,0.8887927815828313
AAACCAACAGGATGGC-1,2,T_cells_general,,Tcm/Naive helper T cells,Tcm/Naive helper T cells,0.5075175881743806
AAACCAACATAATCCG-1,0,Monocytes_CD14,,Classical monocytes,Classical monocytes,0.9975738413835329
AAACCAACATTGTGCA-1,0,Monocytes_CD14,,Classical monocytes,Classical monocytes,0.999981519500179
AAACCGAAGTGAGCAA-1,4,Cytotoxic_T_NK,,CD16+ NK cells,CD16+ NK cells,0.4726814703596085
AAACCGAAGTTGCGTG-1,3,CD4_T_cells,,Tcm/Naive cytotoxic T cells,Tcm/Naive cytotoxic T cells,0.8774447328687255
AAACCGCGTATGGTGC-1,1,CD4_T_cells,,Tcm/Naive helper T cells,Tcm/Naive helper T cells,0.9994162944720459
AAACCGCGTCTAACCT-1,7,Monocytes_general,,Non-classical monocytes,Non-classical monocytes,0.9999999178730571
AAACCGGCATAATCAC-1,9,Monocytes_general,,Classical monocytes,Classical monocytes,0.9805177836369501
AAACCGGCATTAGCCA-1,1,CD4_T_cells,,Tcm/Naive helper T cells,Tcm/Naive helper T cells,0.9983779512143414
AAACGCGCACCTACTT-1,1,CD4_T_cells,,Tcm/Naive helper T cells,Tcm/Naive helper T cells,0.9988323920964712
AAACGCGCAGCAAGAT-1,0,Monocytes_CD14,,Classical monocytes,Classical monocytes,0.9894394986204902
AAACGGATCATTCATC-1,1,CD4_T_cells,,Tcm/Naive helper T cells,Tcm/Naive helper T cells,0.9999975056797241
AAACGGATCCACCCTG-1,1,CD4_T_cells,,Tcm/Naive helper T cells,Tcm/Naive helper T cells,0.9999614879802187
AAACGGATCCCATAGG-1,0,Monocytes_CD14,,Classical monocytes,Classical monocytes,0.9909141795008382
AAACGGATCGGTAACT-1,1,CD4_T_cells,,Tcm/Naive helper T cells,Tcm/Naive helper T cells,0.9901974224626664
AAACGGATCGTTTCTG-1,1,CD4_T_cells,,Tcm/Naive helper T cells,Tcm/Naive helper T cells,0.9999236577253119
AAACGTACAAGTGTTT-1,3,CD4_T_cells,,Tcm/Naive helper T cells,Tcm/Naive cytotoxic T cells,0.958936490336422
AAACGTACACAACAGG-1,2,T_cells_general,,Tcm/Naive helper T cells,Tcm/Naive helper T cells,0.25274421518576384
AAACGTACACAAGCCT-1,1,CD4_T_cells,,Tcm/Naive helper T cells,Tcm/Naive helper T cells,0.9998078298766611
AAACGTACAGCTAATT-1,3,CD4_T_cells,,Tcm/Naive helper T cells,Tcm/Naive cytotoxic T cells,0.7526685594321503
AAACGTACAGGGAGGA-1,1,CD4_T_cells,,Tcm/Naive helper T cells,Tcm/Naive helper T cells,0.9971854303414434
AAAGCAAGTCCTTTAA-1,2,T_cells_general,,Regulatory T cells,Regulatory T cells,0.9999995606321429
AAAGCAAGTGTAATAC-1,2,T_cells_general,,Tcm/Naive helper T cells,Tcm/Naive helper T cells,0.9972103924278488
AAAGCACCAAATGCCC-1,3,CD4_T_cells,,Tcm/Naive cytotoxic T cells,Tcm/Naive helper T cells,0.9991204972353162
AAAGCACCATGGCCCA-1,1,CD4_T_cells,,Tcm/Naive helper T cells,Tcm/Naive helper T cells,0.9997874911962356
AAAGCACCATTGTGGC-1,9,Monocytes_general,,DC2,DC2,0.373417309484366
AAAGCCCGTATTGAGT-1,3,CD4_T_cells,,Tcm/Naive cytotoxic T cells,Tcm/Naive cytotoxic T cells,0.9998874004991639
AAAGCCCGTGAGAAAC-1,3,CD4_T_cells,,Tcm/Naive helper T cells,Tcm/Naive helper T cells,0.6293743125444159
AAAGCCCGTGCTAGAC-1,2,T_cells_general,,Tem/Effector helper T cells,Tem/Effector helper T cells,0.9942324029744408
AAAGCCCGTGGAAGGC-1,1,CD4_T_cells,,Tcm/Naive helper T cells,Tcm/Naive helper T cells,0.9999869151742159
AAAGCCCGTGTTGCTT-1,5,Cytotoxic_T_NK,,CD16+ NK cells,CD16+ NK cells,0.9998877983340693
AAAGCCCGTTATCCTA-1,0,Monocytes_CD14,,Classical monocytes,Classical monocytes,0.9844369040968945
AAAGCCCGTTGGTTGA-1,0,Monocytes_CD14,,Classical monocytes,Classical monocytes,0.9954481598384225
AAAGCCGCACTGACTA-1,3,CD4_T_cells,,Tcm/Naive cytotoxic T cells,Tcm/Naive cytotoxic T cells,0.9932303906829448
AAAGCCGCACTGGCTG-1,3,CD4_T_cells,,Tcm/Naive cytotoxic T cells,Tcm/Naive cytotoxic T cells,0.5736015329384971
AAAGCCGCAGGAACTG-1,7,Monocytes_general,,Non-classical monocytes,Non-classical monocytes,0.9988987229502807
AAAGCCGCAGTTAAAG-1,0,Monocytes_CD14,,Classical monocytes,Classical monocytes,0.9994938011279827
AAAGCCGCATAGACTT-1,1,CD4_T_cells,,Tcm/Naive helper T cells,Tcm/Naive helper T cells,0.9992775025778725
AAAGCCGCATAGCTTG-1,1,CD4_T_cells,,Tcm/Naive helper T cells,Tcm/Naive helper T cells,0.9993401153560332
AAAGCCGCATGCAACC-1,2,T_cells_general,,Tcm/Naive helper T cells,Tcm/Naive helper T cells,0.8305310249826309
AAAGCCGCATTAAGCT-1,0,Monocytes_CD14,,Classical monocytes,Classical monocytes,0.9999504716835599
AAAGCCGCATTGTTGG-1,3,CD4_T_cells,,Tcm/Naive helper T cells,Tcm/Naive cytotoxic T cells,0.87841811744564
AAAGCGGGTAGCCTCC-1,3,CD4_T_cells,,Tcm/Naive cytotoxic T cells,Tcm/Naive cytotoxic T cells,0.9999994600201985
AAAGCGGGTCATCCTG-1,13,Plasma_cells,,Plasma cells,Plasma cells,0.9997934441936199
AAAGCGGGTGATCAGC-1,3,CD4_T_cells,,Tcm/Naive cytotoxic T cells,Tcm/Naive cytotoxic T cells,0.9961446120801578
AAAGCGGGTTAACACG-1,2,T_cells_general,,Tcm/Naive helper T cells,Tcm/Naive helper T cells,0.9871087417421728
AAAGCGGGTTCCGGGA-1,0,Monocytes_CD14,,Classical monocytes,Classical monocytes,0.9993519518491745
AAAGCGGGTTGAATCG-1,3,CD4_T_cells,,Tcm/Naive cytotoxic T cells,Tcm/Naive cytotoxic T cells,0.9989092261948248
AAAGCGGGTTGCACAA-1,2,T_cells_general,,Tcm/Naive helper T cells,Tcm/Naive helper T cells,0.9991784783072566
AAAGCGGGTTTACCGT-1,3,CD4_T_cells,,Tcm/Naive cytotoxic T cells,Tcm/Naive cytotoxic T cells,0.9978291145005179
AAAGCTTGTCAATACG-1,10,Cytotoxic_T_NK,,MAIT cells,MAIT cells,0.9999910750498218
AAAGCTTGTCGACTAA-1,2,T_cells_general,,Tcm/Naive helper T cells,Tcm/Naive helper T cells,0.9983349197817103
AAAGCTTGTTAGAGGG-1,10,Cytotoxic_T_NK,,MAIT cells,MAIT cells,0.9997191648596643
AAAGGACGTCCTTCTC-1,0,Monocytes_CD14,,Classical monocytes,Classical monocytes,0.9937477600249979
AAAGGACGTTGGATCA-1,2,T_cells_general,,Tem/Effector helper T cells,Tcm/Naive helper T cells,0.874865989361053
AAAGGAGCACAGAAAC-1,6,B_cells,,Memory B cells,Memory B cells,0.9183222866576721
AAAGGAGCACCTGTAA-1,2,T_cells_general,,Tcm/Naive helper T cells,Tcm/Naive helper T cells,0.9900215630025715
AAAGGAGCAGGTTAAA-1,4,Cytotoxic_T_NK,,Tem/Trm cytotoxic T cells,Tem/Trm cytotoxic T cells,0.14126215266229214
AAAGGAGCATTGTCCT-1,3,CD4_T_cells,,Tcm/Naive cytotoxic T cells,Tcm/Naive cytotoxic T cells,0.9335686890998268
AAAGGCTCAATCCTAG-1,0,Monocytes_CD14,,Classical monocytes,Classical monocytes,0.9769638004988596
AAAGGCTCAATGCCCG-1,5,Cytotoxic_T_NK,,CD16+ NK cells,CD16+ NK cells,0.9882162652761461
AAAGGCTCACAACAAA-1,5,Cytotoxic_T_NK,,CD16+ NK cells,CD16+ NK cells,0.7478262663225114
AAAGGCTCACAGCCAT-1,2,T_cells_general,,Regulatory T cells,Regulatory T cells,0.9999858047681545
AAAGGCTCACCTACGG-1,0,Monocytes_CD14,,Classical monocytes,Classical monocytes,0.9236073876014746
AAAGGCTCACTTCACT-1,3,CD4_T_cells,,Tcm/Naive cytotoxic T cells,Tcm/Naive cytotoxic T cells,0.9290954408293568
AAAGGCTCAGGACACA-1,6,B_cells,,Memory B cells,Memory B cells,0.9999873169003137
AAAGGCTCAGGATAAC-1,2,T_cells_general,,Tcm/Naive helper T cells,Tcm/Naive helper T cells,0.8565943593527952
AAAGGTTAGCGATAAG-1,1,CD4_T_cells,,Tcm/Naive helper T cells,Tcm/Naive helper T cells,0.9997922012835305
AAAGGTTAGGACGTAA-1,4,Cytotoxic_T_NK,,Tem/Trm cytotoxic T cells,Tem/Trm cytotoxic T cells,0.5231493813897227
AAAGGTTAGGCGAAAC-1,8,B_cells,,Naive B cells,Naive B cells,0.9999999999992275
AAAGGTTAGGTGAAAT-1,0,Monocytes_CD14,,Classical monocytes,Classical monocytes,0.864586811778276
AAAGGTTAGTTAGCCG-1,0,Monocytes_CD14,,Classical monocytes,Classical monocytes,0.8402640710323598
AAATCCGGTAAACAAG-1,0,Monocytes_CD14,,Non-classical monocytes,Classical monocytes,0.23214534798566794
AAATCCGGTCAGGCAT-1,7,Monocytes_general,,Non-classical monocytes,Non-classical monocytes,0.9999649630712185
AAATCCGGTCTAGCTT-1,8,B_cells,,Naive B cells,Naive B cells,0.9999999994791038
AAATCCGGTCTCAGCC-1,1,CD4_T_cells,,Tcm/Naive helper T cells,Tcm/Naive helper T cells,0.9641168791444179
AAATCCGGTGAGACTC-1,0,Monocytes_CD14,,Classical monocytes,Classical monocytes,0.9995990122643307
AAATCCGGTGTTGTGA-1,2,T_cells_general,,Tem/Effector helper T cells,Tcm/Naive helper T cells,0.6740385680119781
AAATCCGGTTATCGAG-1,4,Cytotoxic_T_NK,,Tem/Temra cytotoxic T cells,Tem/Trm cytotoxic T cells,0.05228844586446937
AAATGCCTCCTAGTCC-1,3,CD4_T_cells,,Tcm/Naive helper T cells,Tcm/Naive helper T cells,0.2623307526384989
AAATGCCTCCTCACAC-1,3,CD4_T_cells,,Tcm/Naive helper T cells,Tcm/Naive cytotoxic T cells,0.9918693245701787
AAATGCCTCGATTTAG-1,0,Monocytes_CD14,,Classical monocytes,Classical monocytes,0.999307940278685
AAATGCCTCGATTTGA-1,2,T_cells_general,,Tcm/Naive helper T cells,Tcm/Naive helper T cells,0.9909262677253571
AAATGCCTCTAGCTTT-1,1,CD4_T_cells,,Tcm/Naive helper T cells,Tcm/Naive helper T cells,0.999997200033636
AAATGGCCAAGGTACG-1,7,Monocytes_general,,Non-classical monocytes,Non-classical monocytes,0.9997910815787436
AAATGGCCACATAGCC-1,1,CD4_T_cells,,Tcm/Naive helper T cells,Tcm/Naive helper T cells,0.9999745546990881
AAATGGCCACGAACAG-1,1,CD4_T_cells,,Tcm/Naive helper T cells,Tcm/Naive helper T cells,0.999625835434163
AAATGGCCAGAGAGCC-1,4,Cytotoxic_T_NK,,Tem/Temra cytotoxic T cells,Tem/Temra cytotoxic T cells,0.997110089664834
AAATGGCCAGCCTTGG-1,6,B_cells,,Memory B cells,Age-associated B cells,0.993885377298198
AAATGGCCAGTTATGT-1,4,Cytotoxic_T_NK,,Tem/Temra cytotoxic T cells,Tem/Temra cytotoxic T cells,0.9928852287838563
AAATGGCCATCACTTC-1,7,Monocytes_general,,Non-classical monocytes,Non-classical monocytes,0.9883650576217012
AACAAAGGTACTTCAC-1,3,CD4_T_cells,,Tcm/Naive cytotoxic T cells,Tcm/Naive cytotoxic T cells,0.9959152967682473
AACAAAGGTAGCTGGT-1,1,CD4_T_cells,,Tcm/Naive helper T cells,Tcm/Naive helper T cells,0.9986635605379013
AACAAAGGTTAATCGG-1,5,Cytotoxic_T_NK,,CD16+ NK cells,CD16+ NK cells,0.9999695391936197
AACAAAGGTTATAGCG-1,0,Monocytes_CD14,,Classical monocytes,Classical monocytes,0.9991302846835692
AACAAGCCAAATATCC-1,3,CD4_T_cells,,Tcm/Naive cytotoxic T cells,Tcm/Naive cytotoxic T cells,0.995940012336108
AACAAGCCAACCGCCA-1,1,CD4_T_cells,,Tcm/Naive helper T cells,Tcm/Naive helper T cells,0.9972211228704551
AACAAGCCACAGACTC-1,0,Monocytes_CD14,,Classical monocytes,Classical monocytes,0.9999879076635532
AACAAGCCATCAGTAT-1,0,Monocytes_CD14,,Classical monocytes,Classical monocytes,0.943765972362596
AACAAGCCATCTTGAG-1,3,CD4_T_cells,,Tcm/Naive cytotoxic T cells,Tcm/Naive cytotoxic T cells,0.9989697639739485
AACAAGCCATTAAACC-1,0,Monocytes_CD14,,Classical monocytes,Classical monocytes,0.9994858596516792
AACAGATAGACTAAGG-1,3,CD4_T_cells,,Tcm/Naive cytotoxic T cells,Tcm/Naive cytotoxic T cells,0.8880453614907665
AACAGATAGCCGCTAA-1,3,CD4_T_cells,,Tcm/Naive cytotoxic T cells,Tcm/Naive cytotoxic T cells,0.9999557501691972
AACAGATAGCTATTGA-1,4,Cytotoxic_T_NK,,Tem/Temra cytotoxic T cells,Tem/Temra cytotoxic T cells,0.9980536111398266
AACAGATAGCTTAGTA-1,0,Monocytes_CD14,,Classical monocytes,Classical monocytes,0.9727599567314416
AACAGATAGGAACGCG-1,0,Monocytes_CD14,,Classical monocytes,Classical monocytes,0.9997502147739364
AACAGATAGGTCCTAG-1,0,Monocytes_CD14,,Classical monocytes,Classical monocytes,0.4245517696941518
AACAGATAGTAACCCG-1,11,pDC,,pDC,pDC,0.9999988190777606
AACAGATAGTCAGGCC-1,0,Monocytes_CD14,,Classical monocytes,Classical monocytes,0.9981759153305829
AACAGATAGTGACCTG-1,4,Cytotoxic_T_NK,,Tem/Temra cytotoxic T cells,Tem/Temra cytotoxic T cells,0.9999947374049808
AACAGCAAGCGCAATT-1,8,B_cells,,Naive B cells,Naive B cells,0.9999997386837293
AACAGCAAGGAACACA-1,1,CD4_T_cells,,Tcm/Naive helper T cells,Tcm/Naive helper T cells,0.9990597988689232
AACAGCAAGTAAACCC-1,3,CD4_T_cells,,Tcm/Naive helper T cells,Tcm/Naive helper T cells,0.9914112009429017
AACAGGATCATGCAAC-1,7,Monocytes_general,,Non-classical monocytes,Non-classical monocytes,0.998859351985212
AACAGGATCATGCGTG-1,6,B_cells,,Memory B cells,Memory B cells,0.9999915432706422
AACAGGATCCTAATAG-1,1,CD4_T_cells,,Tcm/Naive helper T cells,Tcm/Naive helper T cells,0.997930093838178
AACAGGATCGAAGTAG-1,0,Monocytes_CD14,,Classical monocytes,Classical monocytes,0.9998067452570053
AACAGGATCGTTAGCG-1,0,Monocytes_CD14,,Non-classical monocytes,Classical monocytes,0.3824431068306324
AACAGGATCTGTGAGT-1,0,Monocytes_CD14,,Classical monocytes,Classical monocytes,0.9962796840284145
AACATAGCAATAATGG-1,2,T_cells_general,,Tcm/Naive helper T cells,Tcm/Naive helper T cells,0.9755106686917123
AACATAGCAATGAGGT-1,2,T_cells_general,,Tcm/Naive helper T cells,Tcm/Naive helper T cells,0.8245145029734025
AACATAGCACCATATG-1,0,Monocytes_CD14,,Classical monocytes,Classical monocytes,0.9988612422538492
AACATAGCAGGCTAAG-1,1,CD4_T_cells,,Tcm/Naive helper T cells,Tcm/Naive helper T cells,0.9999975689429347
AACATAGCAGTCTAAT-1,2,T_cells_general,,Tcm/Naive helper T cells,Tcm/Naive helper T cells,0.9982728479601213
AACATAGCATGAATAG-1,0,Monocytes_CD14,,Classical monocytes,Classical monocytes,0.9963944618686813
AACATAGCATGTGGGA-1,3,CD4_T_cells,,Tcm/Naive cytotoxic T cells,Tcm/Naive cytotoxic T cells,0.999871082888687
AACATCATCAGCATTA-1,8,B_cells,,Naive B cells,Naive B cells,0.9999999301187188
AACATCATCGCTAAGT-1,1,CD4_T_cells,,Tcm/Naive helper T cells,Tcm/Naive helper T cells,0.9996735649933788
AACATCATCTTGATGA-1,3,CD4_T_cells,,Tcm/Naive helper T cells,Tcm/Naive helper T cells,0.992545366852707
AACATTGTCCCTGACT-1,0,Monocytes_CD14,,Classical monocytes,Classical monocytes,0.35444970157391503
AACATTGTCGCTAGAT-1,0,Monocytes_CD14,,Classical monocytes,Classical monocytes,0.9998528026676667
AACCCGCAGCCTAACG-1,5,Cytotoxic_T_NK,,CD16- NK cells,CD16+ NK cells,0.9505158099941992
AACCCGCAGCGGATTT-1,0,Monocytes_CD14,,Classical monocytes,Classical monocytes,0.9510464990706625
AACCCGCAGGTAGCTT-1,4,Cytotoxic_T_NK,,Tem/Temra cytotoxic T cells,Tem/Temra cytotoxic T cells,0.9644780041293539
AACCCGCAGGTCATTA-1,5,Cytotoxic_T_NK,,CD16+ NK cells,CD16+ NK cells,0.7643210569397406
AACCCGCAGGTGTCCA-1,7,Monocytes_general,,Non-classical monocytes,Non-classical monocytes,0.9999877815363737
AACCCGCAGTATTGGC-1,3,CD4_T_cells,,Tcm/Naive helper T cells,Tcm/Naive cytotoxic T cells,0.9867265393586471
AACCCGCAGTGGACAA-1,2,T_cells_general,,Tcm/Naive helper T cells,Tcm/Naive helper T cells,0.7860923211864993
AACCGCTCACCTCAGG-1,4,Cytotoxic_T_NK,,CD16+ NK cells,Tem/Temra cytotoxic T cells,0.949768897719531
AACCGCTCACTAAATC-1,3,CD4_T_cells,,Tcm/Naive cytotoxic T cells,Tcm/Naive cytotoxic T cells,0.9471784892853076
AACCGCTCAGCATGAG-1,4,Cytotoxic_T_NK,,Tem/Temra cytotoxic T cells,Tem/Temra cytotoxic T cells,0.28358958539476004
AACCGCTCAGCTTACA-1,9,Monocytes_general,,Classical monocytes,Classical monocytes,0.9552161808229775
AACCGCTCATATAACC-1,6,B_cells,,Tcm/Naive cytotoxic T cells,Age-associated B cells,0.05675427517858731
AACCGCTCATCTAGCA-1,2,T_cells_general,,Regulatory T cells,Regulatory T cells,0.5719664901285961
AACCGGCTCATAACTG-1,3,CD4_T_cells,,Tcm/Naive cytotoxic T cells,Tcm/Naive cytotoxic T cells,0.9994325586155758
AACCGGCTCCGCAACA-1,2,T_cells_general,,Tem/Effector helper T cells,Tem/Effector helper T cells,0.9729907256757843
AACCGGCTCTCCATGC-1,1,CD4_T_cells,,Tcm/Naive helper T cells,Tcm/Naive helper T cells,0.9927529622646293
AACCGGCTCTTAGCCC-1,0,Monocytes_CD14,,Classical monocytes,Classical monocytes,0.9577179452701028
AACCGGCTCTTGAGCG-1,1,CD4_T_cells,,Tcm/Naive helper T cells,Tcm/Naive helper T cells,0.9999768299839062
AACCTAATCATTGTTC-1,3,CD4_T_cells,,Tcm/Naive cytotoxic T cells,Tcm/Naive cytotoxic T cells,0.9998973889127066
AACCTAATCCTGCGAA-1,3,CD4_T_cells,,Tcm/Naive helper T cells,Tcm/Naive helper T cells,0.9998835644025709
AACCTAATCCTTGCAC-1,2,T_cells_general,,Tcm/Naive helper T cells,Tcm/Naive helper T cells,0.8785880238238403
AACCTCACAACACCTA-1,3,CD4_T_cells,,Tcm/Naive helper T cells,Tcm/Naive cytotoxic T cells,0.7601116803939297
AACCTCACACAAAGCG-1,0,Monocytes_CD14,,Classical monocytes,Classical monocytes,0.9982018500867085
AACCTCACAGTATGTT-1,5,Cytotoxic_T_NK,,CD16- NK cells,CD16+ NK cells,0.5138864173662571
AACCTCACAGTCTAAT-1,1,CD4_T_cells,,Tcm/Naive helper T cells,Tcm/Naive helper T cells,0.9999172120347856
AACCTCACATACTCCT-1,3,CD4_T_cells,,Tcm/Naive cytotoxic T cells,Tcm/Naive helper T cells,0.9613965140947575
AACCTCACATAGACTT-1,3,CD4_T_cells,,Tcm/Naive helper T cells,Tcm/Naive helper T cells,0.9990381661990342
AACCTCACATGACTAT-1,0,Monocytes_CD14,,Classical monocytes,Classical monocytes,0.999982060870839
AACCTCACATTTGCTC-1,4,Cytotoxic_T_NK,,Tem/Temra cytotoxic T cells,Tem/Temra cytotoxic T cells,0.9861052468716869
AACCTCCTCATTACGA-1,2,T_cells_general,,Tem/Effector helper T cells,Tem/Effector helper T cells,0.8615320176108273
AACCTCCTCCGCCAAA-1,2,T_cells_general,,Regulatory T cells,Tcm/Naive helper T cells,0.9756875699957135
AACCTCCTCCTCAGTC-1,1,CD4_T_cells,,Tcm/Naive helper T cells,Tcm/Naive helper T cells,0.9959976291594305
AACCTCCTCCTCGATC-1,4,Cytotoxic_T_NK,,Tem/Temra cytotoxic T cells,Tem/Temra cytotoxic T cells,0.4865497338779689
AACCTCCTCGCAAACT-1,1,CD4_T_cells,,Tcm/Naive helper T cells,Tcm/Naive helper T cells,0.999331380565636
AACCTCCTCGCGCTAA-1,4,Cytotoxic_T_NK,,Tem/Trm cytotoxic T cells,Tem/Trm cytotoxic T cells,0.728258124516728
AACCTCCTCTCATCAT-1,8,B_cells,,Naive B cells,Naive B cells,0.9999999997473361
AACCTTAAGAGGAAGG-1,4,Cytotoxic_T_NK,,Tem/Temra cytotoxic T cells,Tem/Temra cytotoxic T cells,0.9978342018949885
AACCTTAAGCAAGGGT-1,0,Monocytes_CD14,,Classical monocytes,Classical monocytes,0.9977138174574609
AACCTTAAGCCTTAAA-1,2,T_cells_general,,Tem/Trm cytotoxic T cells,Tcm/Naive helper T cells,0.792542359932903
AACCTTAAGTTATGTG-1,0,Monocytes_CD14,,Classical monocytes,Classical monocytes,0.7466424139320467
AACCTTGCAAACTGTT-1,9,Monocytes_general,,Classical monocytes,Classical monocytes,0.9994229181883575
AACCTTGCAAAGCGGC-1,0,Monocytes_CD14,,Classical monocytes,Classical monocytes,0.9231724678867219
AACCTTGCAAGGAATC-1,3,CD4_T_cells,,Tcm/Naive cytotoxic T cells,Tcm/Naive cytotoxic T cells,0.49827306032178226
AACCTTGCACCTATAG-1,3,CD4_T_cells,,Tcm/Naive cytotoxic T cells,Tcm/Naive cytotoxic T cells,0.9447883239140112
AACCTTGCAGTTTGTG-1,8,B_cells,,Naive B cells,Naive B cells,0.9999996065313499
AACCTTGCATCCCTCA-1,1,CD4_T_cells,,Tcm/Naive helper T cells,Tcm/Naive helper T cells,0.9999994229290713
AACGACAAGCCGGTAC-1,3,CD4_T_cells,,Tcm/Naive cytotoxic T cells,Tcm/Naive helper T cells,0.6738205082789236
AACGACAAGCTGGCTA-1,7,Monocytes_general,,Non-classical monocytes,Non-classical monocytes,0.9999956168447215
AACGACAAGGACACTT-1,7,Monocytes_general,,Non-classical monocytes,Non-classical monocytes,0.9999956885007333
AACGACAAGGGTCCAC-1,0,Monocytes_CD14,,Classical monocytes,Classical monocytes,0.9997289505494125
AACGACAAGGTGAAGC-1,0,Monocytes_CD14,,Classical monocytes,Classical monocytes,0.6627508939519493
AACGACAAGTAAGTCC-1,1,CD4_T_cells,,Tcm/Naive helper T cells,Tcm/Naive helper T cells,0.9999393980833102
AACGCCCAGAGGAAGG-1,3,CD4_T_cells,,Tcm/Naive cytotoxic T cells,Tcm/Naive cytotoxic T cells,0.9999969852589663
AACGCCCAGCCTGAGC-1,0,Monocytes_CD14,,Classical monocytes,Classical monocytes,0.9992900942155492
AACGCCCAGCTTTGGG-1,1,CD4_T_cells,,Tcm/Naive helper T cells,Tcm/Naive helper T cells,0.999986165755501
AACGCCCAGTAGCCAT-1,7,Monocytes_general,,Non-classical monocytes,Non-classical monocytes,0.9780726821206428
AACGCCCAGTAGGATG-1,2,T_cells_general,,Tem/Effector helper T cells,Tcm/Naive helper T cells,0.9593666658140025
AACGCTAGTAATAACC-1,9,Monocytes_general,,DC2,DC2,0.9677966673912971
AACGCTAGTACGGGTT-1,3,CD4_T_cells,,Tcm/Naive helper T cells,Tcm/Naive cytotoxic T cells,0.8882179904653315
AACGCTAGTCACAAAT-1,4,Cytotoxic_T_NK,,Tem/Temra cytotoxic T cells,Tem/Temra cytotoxic T cells,0.9988114721627532
AACGCTAGTCCTGATT-1,0,Monocytes_CD14,,Classical monocytes,Classical monocytes,0.9999655722406853
AACGCTAGTGTTGCTT-1,0,Monocytes_CD14,,Classical monocytes,Classical monocytes,0.9999990009032437
AACGCTAGTTTGTCTA-1,0,Monocytes_CD14,,Classical monocytes,Classical monocytes,0.9998158454220928
AACGGTAAGGACCTCA-1,0,Monocytes_CD14,,Classical monocytes,Classical monocytes,0.999999316776696
AACTACTCAACCGCCA-1,0,Monocytes_CD14,,Classical monocytes,Classical monocytes,0.9981522808588508
AACTACTCAATAGCAA-1,2,T_cells_general,,Tcm/Naive helper T cells,Tcm/Naive helper T cells,0.9933055536704982
AACTACTCACAATGTT-1,4,Cytotoxic_T_NK,,Tem/Temra cytotoxic T cells,Tem/Temra cytotoxic T cells,0.9965894589387134
AACTACTCACTTCACT-1,4,Cytotoxic_T_NK,,Tem/Trm cytotoxic T cells,Tem/Trm cytotoxic T cells,0.8890343641135058
AACTACTCATAATCGT-1,2,T_cells_general,,Tcm/Naive helper T cells,Tem/Effector helper T cells,0.8022699033055258
AACTACTCATTAAGCT-1,0,Monocytes_CD14,,Classical monocytes,Classical monocytes,0.9999262232748242
AACTACTCATTCCTCG-1,0,Monocytes_CD14,,Classical monocytes,Classical monocytes,0.9893470953775446
AACTAGCTCAGGCCTA-1,3,CD4_T_cells,,Tcm/Naive cytotoxic T cells,Tcm/Naive cytotoxic T cells,0.9949718804880318
AACTAGCTCGGTTAGT-1,2,T_cells_general,,Tcm/Naive helper T cells,Tcm/Naive helper T cells,0.9995649038510641
AACTAGCTCTTGCTAT-1,0,Monocytes_CD14,,Classical monocytes,Classical monocytes,0.9869806396561522
AACTAGTGTAATTAGC-1,6,B_cells,,Memory B cells,Memory B cells,0.9999434834856319
AACTAGTGTCAATAGT-1,4,Cytotoxic_T_NK,,Tem/Trm cytotoxic T cells,Tem/Trm cytotoxic T cells,0.9750323084565266
AACTAGTGTGTTAGCA-1,0,Monocytes_CD14,,Classical monocytes,Classical monocytes,0.9204304238068746
AACTAGTGTTACGCAA-1,6,B_cells,,Naive B cells,Naive B cells,0.9999869815550716
AACTAGTGTTCTTTAG-1,0,Monocytes_CD14,,Classical monocytes,Classical monocytes,0.9715785805087058
AACTCACAGAGAGGCT-1,3,CD4_T_cells,,Tcm/Naive helper T cells,Tcm/Naive helper T cells,0.9732047846161352
AACTCACAGCAACATC-1,4,Cytotoxic_T_NK,,Tem/Temra cytotoxic T cells,Tem/Temra cytotoxic T cells,0.6969339241603327
AACTCACAGCACAGAA-1,3,CD4_T_cells,,Tcm/Naive cytotoxic T cells,Tcm/Naive cytotoxic T cells,0.9914817772705834
AACTGTTCAATAATCC-1,3,CD4_T_cells,,Tcm/Naive helper T cells,Tcm/Naive cytotoxic T cells,0.9904443604821019
AACTGTTCACAAACTT-1,0,Monocytes_CD14,,Non-classical monocytes,Classical monocytes,0.9556887655974351
AACTGTTCAGCAACCT-1,0,Monocytes_CD14,,Classical monocytes,Classical monocytes,0.9936835554724104
AACTTAGTCCCGTTAC-1,5,Cytotoxic_T_NK,,CD16+ NK cells,CD16+ NK cells,0.993946838272285
AACTTAGTCCCTGACT-1,4,Cytotoxic_T_NK,,CRTAM+ gamma-delta T cells,Tem/Temra cytotoxic T cells,0.7075495757959737
AACTTAGTCCGGTTAG-1,0,Monocytes_CD14,,Classical monocytes,Classical monocytes,0.9480890148236224
AACTTAGTCGCATTAA-1,4,Cytotoxic_T_NK,,Tem/Temra cytotoxic T cells,Tem/Temra cytotoxic T cells,0.9106600097027674
AACTTAGTCGGTAACT-1,3,CD4_T_cells,,Tcm/Naive cytotoxic T cells,Tcm/Naive cytotoxic T cells,0.9703509530694208
AACTTAGTCGTACCGA-1,2,T_cells_general,,Tcm/Naive helper T cells,Tcm/Naive helper T cells,0.9907698075298602
AACTTAGTCGTCATTT-1,0,Monocytes_CD14,,Classical monocytes,Classical monocytes,0.9858762983720468
AAGAACAGTAGGTTGC-1,2,T_cells_general,,Tem/Effector helper T cells,Tcm/Naive helper T cells,0.9864157771855874
AAGAACAGTATTCGTC-1,1,CD4_T_cells,,Tcm/Naive helper T cells,Tcm/Naive helper T cells,0.990539952327492
AAGAACAGTGGACCTG-1,1,CD4_T_cells,,Tcm/Naive helper T cells,Tcm/Naive helper T cells,0.9992501188104391
AAGAACAGTGTTTGCT-1,6,B_cells,,Memory B cells,Memory B cells,0.9999215633177289
AAGAACAGTTAAGCTG-1,3,CD4_T_cells,,Tcm/Naive helper T cells,Tcm/Naive cytotoxic T cells,0.9983724660950105
AAGAATCAGAAGCTAG-1,1,CD4_T_cells,,Tcm/Naive helper T cells,Tcm/Naive helper T cells,0.9996283519487749
AAGAATCAGAGCCGGA-1,8,B_cells,,Naive B cells,Naive B cells,0.9999999993380304
AAGAATCAGCCTAATA-1,0,Monocytes_CD14,,Classical monocytes,Classical monocytes,0.9999889827320867
AAGAATCAGCTAGAAG-1,0,Monocytes_CD14,,Classical monocytes,Classical monocytes,0.9993734305620802
AAGAATCAGCTATATG-1,2,T_cells_general,,Tcm/Naive helper T cells,Tem/Effector helper T cells,0.2439692101630974
AAGAATCAGCTCCTTA-1,0,Monocytes_CD14,,Classical monocytes,Classical monocytes,0.9999366831876318
AAGAATCAGCTTAGCG-1,2,T_cells_general,,Tcm/Naive helper T cells,Tcm/Naive helper T cells,0.3116103178949884
AAGAATCAGGAGGGTT-1,2,T_cells_general,,Tem/Effector helper T cells,Tcm/Naive helper T cells,0.9518378984980105
AAGAATCAGTCCTTCA-1,0,Monocytes_CD14,,Classical monocytes,Classical monocytes,0.9906609858602277
AAGAATCAGTGACCTG-1,0,Monocytes_CD14,,Classical monocytes,Classical monocytes,0.8775896341297497
AAGAATCAGTTCCCGT-1,1,CD4_T_cells,,Tcm/Naive helper T cells,Tcm/Naive helper T cells,0.9976558806174716
AAGACAAGTCCTTTAA-1,1,CD4_T_cells,,Tcm/Naive helper T cells,Tcm/Naive helper T cells,0.9704287136750289
AAGACAAGTGGACCTG-1,0,Monocytes_CD14,,Classical monocytes,Classical monocytes,0.9628862298284246
AAGACAAGTTAGAGCC-1,2,T_cells_general,,Tcm/Naive helper T cells,Tcm/Naive helper T cells,0.8015519631484664
AAGACAAGTTCAAGCA-1,1,CD4_T_cells,,Tcm/Naive helper T cells,Tcm/Naive helper T cells,0.9996706224509844
AAGACAAGTTGGCGTG-1,2,T_cells_general,,Tcm/Naive helper T cells,Tcm/Naive helper T cells,0.9998809130347287
AAGACAAGTTGTTGTC-1,0,Monocytes_CD14,,Classical monocytes,Classical monocytes,0.9630004384129962
AAGACATAGCGGATAA-1,3,CD4_T_cells,,Tcm/Naive cytotoxic T cells,Tcm/Naive cytotoxic T cells,0.992484615755805
AAGACATAGGACAACA-1,4,Cytotoxic_T_NK,,Tem/Temra cytotoxic T cells,Tem/Temra cytotoxic T cells,0.8856676887329592
AAGACATAGGAGGTTA-1,4,Cytotoxic_T_NK,,Tem/Trm cytotoxic T cells,Tem/Trm cytotoxic T cells,0.9971366461088959
AAGACATAGGATTTGC-1,4,Cytotoxic_T_NK,,Tem/Temra cytotoxic T cells,Tem/Temra cytotoxic T cells,0.9999563317300685
AAGACATAGTAGGATG-1,4,Cytotoxic_T_NK,,Tem/Temra cytotoxic T cells,Tem/Temra cytotoxic T cells,0.9926337018856771
AAGACATAGTTACCGG-1,4,Cytotoxic_T_NK,,Tem/Temra cytotoxic T cells,Tem/Temra cytotoxic T cells,0.8810040981309507
AAGACCAAGTGTTGCG-1,2,T_cells_general,,Tcm/Naive helper T cells,Tcm/Naive helper T cells,0.9143310539680611
AAGACCAAGTTAGACC-1,4,Cytotoxic_T_NK,,Tem/Temra cytotoxic T cells,Tem/Temra cytotoxic T cells,0.4900331100749033
AAGACCAAGTTCCCAC-1,5,Cytotoxic_T_NK,,CD16+ NK cells,CD16+ NK cells,0.9981257997461634
AAGCAAGTCACGCCAA-1,2,T_cells_general,,Tcm/Naive helper T cells,Tcm/Naive helper T cells,0.9605162568674221
AAGCAAGTCATGCTTT-1,0,Monocytes_CD14,,Classical monocytes,Classical monocytes,0.9998691958316401
AAGCAAGTCCCTCACG-1,2,T_cells_general,,Tem/Effector helper T cells,Tcm/Naive helper T cells,0.999195225008985
AAGCATGAGGCCTAAT-1,4,Cytotoxic_T_NK,,Tem/Trm cytotoxic T cells,Tem/Trm cytotoxic T cells,0.9386098216150974
AAGCATGAGGGTTAGA-1,0,Monocytes_CD14,,Classical monocytes,Classical monocytes,0.7754415354173002
AAGCATGAGGTAGCTT-1,3,CD4_T_cells,,Tcm/Naive cytotoxic T cells,Tcm/Naive cytotoxic T cells,0.9902081394557295
AAGCCACGTCATAACG-1,6,B_cells,,Memory B cells,Memory B cells,0.9965644784487552
AAGCCACGTTTCAGGA-1,6,B_cells,,DC3,Age-associated B cells,0.7880561531150686
AAGCCACGTTTGGGCG-1,4,Cytotoxic_T_NK,,Tem/Temra cytotoxic T cells,Tem/Temra cytotoxic T cells,0.7814336604235739
AAGCCTCCAAACCTTG-1,3,CD4_T_cells,,Tcm/Naive cytotoxic T cells,Tcm/Naive cytotoxic T cells,0.9979043073613107
AAGCCTCCAAGTGAAC-1,5,Cytotoxic_T_NK,,CD16+ NK cells,CD16+ NK cells,0.9999932910861113
AAGCCTCCACAGGAAT-1,3,CD4_T_cells,,Tcm/Naive helper T cells,Tcm/Naive cytotoxic T cells,0.9857496759876402
AAGCCTCCAGAATGAC-1,1,CD4_T_cells,,Tcm/Naive helper T cells,Tcm/Naive helper T cells,0.9987735976891843
AAGCCTCCAGTATGTT-1,1,CD4_T_cells,,Tcm/Naive helper T cells,Tcm/Naive helper T cells,0.9990562066145611
AAGCCTCCATGCTTAG-1,0,Monocytes_CD14,,Classical monocytes,Classical monocytes,0.9304909657256004
AAGCCTCCATTGTGTG-1,1,CD4_T_cells,,Tcm/Naive helper T cells,Tcm/Naive helper T cells,0.9982697128957723
AAGCCTGTCATGACCG-1,3,CD4_T_cells,,Tcm/Naive cytotoxic T cells,Tcm/Naive cytotoxic T cells,0.9999717833018277
AAGCCTGTCATTACTC-1,6,B_cells,,Memory B cells,Memory B cells,0.992075713155002
AAGCCTGTCCGCAACA-1,1,CD4_T_cells,,Tcm/Naive helper T cells,Tcm/Naive helper T cells,0.9999993788212305
AAGCCTGTCGCGACAC-1,3,CD4_T_cells,,Tcm/Naive cytotoxic T cells,Tcm/Naive cytotoxic T cells,0.9993788397981797
AAGCCTGTCTACCTCA-1,0,Monocytes_CD14,,Classical monocytes,Classical monocytes,0.9996275872798822
AAGCCTGTCTAGCGAT-1,2,T_cells_general,,MAIT cells,Tcm/Naive helper T cells,0.9818041578284684
AAGCCTGTCTAGCTAA-1,7,Monocytes_general,,Non-classical monocytes,Non-classical monocytes,0.9999999952288208
AAGCCTGTCTTAGCCC-1,8,B_cells,,Naive B cells,Naive B cells,0.9999999879475304
AAGCCTTAGGCAACAA-1,0,Monocytes_CD14,,Classical monocytes,Classical monocytes,0.999594143139683
AAGCCTTAGTAAACCC-1,2,T_cells_general,,Tcm/Naive helper T cells,Tcm/Naive helper T cells,0.9889923804389328
AAGCGAATCAGCAAGA-1,0,Monocytes_CD14,,Classical monocytes,Classical monocytes,0.9987784676057342
AAGCGAATCCCGCATT-1,3,CD4_T_cells,,Tcm/Naive cytotoxic T cells,Tcm/Naive cytotoxic T cells,0.9988569424584369
AAGCGAATCCCTCAAC-1,0,Monocytes_CD14,,Classical monocytes,Classical monocytes,0.9995117288360041
AAGCGAGGTAACCTAG-1,1,CD4_T_cells,,Tcm/Naive helper T cells,Tcm/Naive helper T cells,0.5855911029372192
AAGCGAGGTAAGCTCA-1,4,Cytotoxic_T_NK,,Tem/Trm cytotoxic T cells,Tem/Trm cytotoxic T cells,0.9231360673558484
AAGCGAGGTAAGCTTG-1,1,CD4_T_cells,,Tcm/Naive helper T cells,Tcm/Naive helper T cells,0.87040284262182
AAGCGAGGTCATCCTG-1,1,CD4_T_cells,,Tcm/Naive helper T cells,Tcm/Naive helper T cells,0.9999912181701407
AAGCGAGGTGTCCTGC-1,0,Monocytes_CD14,,Classical monocytes,Classical monocytes,0.9585894960297461
AAGCGAGGTGTGCAAC-1,0,Monocytes_CD14,,Classical monocytes,Classical monocytes,0.9999405039438775
AAGCGAGGTTTAGCGA-1,0,Monocytes_CD14,,Classical monocytes,Classical monocytes,0.9999325599453631
AAGCGCTGTAGCTGCG-1,1,CD4_T_cells,,Tcm/Naive helper T cells,Tcm/Naive helper T cells,0.9998164103860917
AAGCGCTGTCATAAGT-1,1,CD4_T_cells,,Tcm/Naive helper T cells,Tcm/Naive helper T cells,0.9998620695927515
AAGCGCTGTGGACCTG-1,2,T_cells_general,,Tem/Effector helper T cells,Tcm/Naive helper T cells,0.8109288098267564
AAGCGCTGTGTTGCAA-1,7,Monocytes_general,,Non-classical monocytes,Non-classical monocytes,0.9999971538415047
AAGCGCTGTTAAGCCA-1,1,CD4_T_cells,,Tcm/Naive helper T cells,Tcm/Naive helper T cells,0.9396461193621527
AAGCGCTGTTATAGCG-1,4,Cytotoxic_T_NK,,Tem/Temra cytotoxic T cells,Tem/Temra cytotoxic T cells,0.9981932255853635
AAGCGGGTCAATGTCA-1,8,B_cells,,Naive B cells,Naive B cells,0.9986795335421432
AAGCGGGTCATGCTTT-1,0,Monocytes_CD14,,Classical monocytes,Classical monocytes,0.6039626898200933
AAGCGGGTCCGTCCAT-1,7,Monocytes_general,,Non-classical monocytes,Non-classical monocytes,0.9999594656917838
AAGCGGGTCCTCACAC-1,1,CD4_T_cells,,Tcm/Naive helper T cells,Tcm/Naive helper T cells,0.9994276743858914
AAGCGGGTCCTTGTTG-1,4,Cytotoxic_T_NK,,Tem/Trm cytotoxic T cells,Tem/Trm cytotoxic T cells,0.12292140807060578
AAGCGGGTCGAGGAGT-1,0,Monocytes_CD14,,Classical monocytes,Classical monocytes,0.999896984218528
AAGCGGGTCGCCTAAG-1,2,T_cells_general,,Tcm/Naive helper T cells,Tcm/Naive helper T cells,0.958888768591157
AAGCGGGTCGCGCTAA-1,8,B_cells,,Naive B cells,Naive B cells,0.999999952259312
AAGCGGGTCGTTACAA-1,1,CD4_T_cells,,Tcm/Naive helper T cells,Tcm/Naive helper T cells,0.9997433733569474
AAGCGGGTCTTCAATC-1,0,Monocytes_CD14,,Classical monocytes,Classical monocytes,0.9999996943657709
AAGCGTTTCACAGGAA-1,1,CD4_T_cells,,Tcm/Naive helper T cells,Tcm/Naive helper T cells,0.9999682916596554
AAGCGTTTCGTTTCTG-1,2,T_cells_general,,Tcm/Naive helper T cells,Tcm/Naive helper T cells,0.8309260396175978
AAGCTAGAGGAGGTTA-1,0,Monocytes_CD14,,Classical monocytes,Classical monocytes,0.999518952881267
AAGCTAGAGGATCACT-1,1,CD4_T_cells,,Tcm/Naive helper T cells,Tcm/Naive helper T cells,0.99873190072834
AAGCTAGAGGCACAGG-1,2,T_cells_general,,Tem/Effector helper T cells,Tcm/Naive helper T cells,0.9535416842839299
AAGCTAGAGGCCTGGT-1,0,Monocytes_CD14,,Classical monocytes,Classical monocytes,0.9920646537239053
AAGCTAGAGTTAACCA-1,10,Cytotoxic_T_NK,,MAIT cells,MAIT cells,0.988800445901905
AAGCTAGAGTTCCTGC-1,2,T_cells_general,,Regulatory T cells,Regulatory T cells,0.5189887453123289
AAGCTAGAGTTGTCAA-1,3,CD4_T_cells,,Tcm/Naive cytotoxic T cells,Tcm/Naive cytotoxic T cells,0.999912692527658
AAGCTATGTATTACCC-1,2,T_cells_general,,Tcm/Naive helper T cells,Tcm/Naive helper T cells,0.9987051947125237
AAGCTATGTGAGGTGA-1,2,T_cells_general,,Tcm/Naive helper T cells,Tcm/Naive helper T cells,0.7194147869639449
AAGCTATGTGCTGGTG-1,2,T_cells_general,,Tcm/Naive helper T cells,Regulatory T cells,0.21125853041014395
AAGCTATGTGGAAACG-1,3,CD4_T_cells,,Tcm/Naive helper T cells,Tcm/Naive cytotoxic T cells,0.997729431511854
AAGCTATGTGTTGTGA-1,11,pDC,,pDC,pDC,0.9999989528955084
AAGCTATGTTAACACG-1,0,Monocytes_CD14,,Classical monocytes,Classical monocytes,0.9998703266816517
AAGCTATGTTGCTTCG-1,0,Monocytes_CD14,,Classical monocytes,Classical monocytes,0.9999062977784607
AAGCTATGTTTACTTG-1,1,CD4_T_cells,,Tcm/Naive helper T cells,Tcm/Naive helper T cells,0.9953373745488978
AAGCTCCCAACACCTA-1,7,Monocytes_general,,Non-classical monocytes,Non-classical monocytes,0.9986956202491019
AAGCTCCCAATACTGT-1,2,T_cells_general,,ILC3,Tcm/Naive helper T cells,0.9384065403964308
AAGCTCCCAGATAGAC-1,2,T_cells_general,,Regulatory T cells,Regulatory T cells,0.9741608024868322
AAGCTCCCATTAAGCT-1,3,CD4_T_cells,,Tcm/Naive cytotoxic T cells,Tcm/Naive helper T cells,0.7472126353320161
AAGCTTGGTGTTAAAC-1,0,Monocytes_CD14,,Classical monocytes,Classical monocytes,0.9959486292075389
AAGCTTGGTTAGTGAT-1,1,CD4_T_cells,,Tcm/Naive helper T cells,Tcm/Naive helper T cells,0.9975858073035041
AAGGAAGCAAACCTTG-1,11,pDC,,pDC,pDC,0.9999999999423952
AAGGAAGCACTGGCTG-1,0,Monocytes_CD14,,Classical monocytes,Classical monocytes,0.998651203659273
AAGGAAGCATTATGAC-1,0,Monocytes_CD14,,Classical monocytes,Classical monocytes,0.9968801619647966
AAGGATCCAGCAAGAT-1,0,Monocytes_CD14,,Classical monocytes,Classical monocytes,0.9998493839743384
AAGGATCCAGGCAAGC-1,5,Cytotoxic_T_NK,,CD16+ NK cells,CD16+ NK cells,0.9994475431912315
AAGGATCCATACTCCT-1,2,T_cells_general,,Tem/Effector helper T cells,Tcm/Naive helper T cells,0.6182875956240991
AAGGATCCATCAGTAT-1,3,CD4_T_cells,,Tcm/Naive helper T cells,Tcm/Naive cytotoxic T cells,0.9950423761585937
AAGGATCCATTAAACC-1,0,Monocytes_CD14,,Classical monocytes,Classical monocytes,0.9998407652030079
AAGGATGTCCAGCACA-1,7,Monocytes_general,,Non-classical monocytes,Non-classical monocytes,0.9999996991807764
AAGGATGTCGCATTAA-1,0,Monocytes_CD14,,Classical monocytes,Classical monocytes,0.9998597685237453
AAGGATGTCGGTAACT-1,1,CD4_T_cells,,Tcm/Naive helper T cells,Tcm/Naive helper T cells,0.9999472157167959
AAGGATGTCTTGAGCG-1,1,CD4_T_cells,,Tcm/Naive helper T cells,Tcm/Naive helper T cells,0.999276233077967
AAGGATTAGAGGGACT-1,0,Monocytes_CD14,,Classical monocytes,Classical monocytes,0.9999996611242834
AAGGATTAGATAAAGC-1,0,Monocytes_CD14,,Classical monocytes,Classical monocytes,0.999811672980341
AAGGATTAGCAATAGG-1,10,Cytotoxic_T_NK,,MAIT cells,MAIT cells,0.9843594278157086
AAGGATTAGGAGGGTT-1,5,Cytotoxic_T_NK,,CD16+ NK cells,CD16+ NK cells,0.9998410890413011
AAGGATTAGGCTTAGT-1,11,pDC,,pDC,pDC,0.9998751562817829
AAGGATTAGTAGCTTA-1,1,CD4_T_cells,,Classical monocytes,Tcm/Naive helper T cells,0.05400761417547854
AAGGATTAGTCATTTC-1,0,Monocytes_CD14,,Classical monocytes,Classical monocytes,0.9997011907143188
AAGGATTAGTCTTGAA-1,3,CD4_T_cells,,Tcm/Naive cytotoxic T cells,Tcm/Naive cytotoxic T cells,0.9983796815350249
AAGGCCCTCGCATTAA-1,4,Cytotoxic_T_NK,,Tem/Temra cytotoxic T cells,Tem/Temra cytotoxic T cells,0.999674960812995
AAGGTATAGGAGCAAC-1,3,CD4_T_cells,,Tcm/Naive cytotoxic T cells,Tcm/Naive helper T cells,0.9767406340640872
AAGGTATAGTTGGCCA-1,0,Monocytes_CD14,,Classical monocytes,Classical monocytes,0.9997300988440313
AAGGTCAAGCCTAACG-1,2,T_cells_general,,Regulatory T cells,Regulatory T cells,0.9398000012560461
AAGGTCAAGCTAAGTC-1,1,CD4_T_cells,,Tcm/Naive helper T cells,Tcm/Naive helper T cells,0.9987230900245334
AAGGTCAAGCTTAGCG-1,7,Monocytes_general,,Non-classical monocytes,Non-classical monocytes,0.822769068855133
AAGGTCAAGGAAGTAT-1,2,T_cells_general,,Regulatory T cells,Regulatory T cells,0.9896195148567282
AAGGTCAAGGGTCTAT-1,1,CD4_T_cells,,Tcm/Naive helper T cells,Tcm/Naive helper T cells,0.9976462278107857
AAGGTCAAGGTCGATT-1,3,CD4_T_cells,,Tcm/Naive cytotoxic T cells,Tcm/Naive cytotoxic T cells,0.9998368164190361
AAGGTCAAGTAAGTGG-1,2,T_cells_general,,Tcm/Naive helper T cells,Tcm/Naive helper T cells,0.999838125080212
AAGGTCAAGTCACCAG-1,3,CD4_T_cells,,Tcm/Naive cytotoxic T cells,Tcm/Naive cytotoxic T cells,0.8216380347953521
AAGGTGCAGACTAAGG-1,2,T_cells_general,,Tcm/Naive helper T cells,Tcm/Naive helper T cells,0.5358002528894086
AAGGTGCAGCCACATG-1,4,Cytotoxic_T_NK,,CD8a/a,CD8a/a,0.6965101384783873
AAGGTGCAGCTAATCA-1,2,T_cells_general,,Tem/Effector helper T cells,Tem/Effector helper T cells,0.9138555196332128
AAGGTGCAGCTAGAAG-1,4,Cytotoxic_T_NK,,Tem/Temra cytotoxic T cells,Tem/Temra cytotoxic T cells,0.9811719528621069
AAGGTGCAGCTATGAC-1,2,T_cells_general,,Tcm/Naive helper T cells,Tcm/Naive helper T cells,0.9248059414833932
AAGGTGCAGTATCGCG-1,0,Monocytes_CD14,,Classical monocytes,Classical monocytes,0.9974028901219382
AAGGTGCAGTGCACGC-1,2,T_cells_general,,Tcm/Naive helper T cells,Tem/Effector helper T cells,0.22138137777475833
AAGGTGCAGTTATCCT-1,4,Cytotoxic_T_NK,,Tem/Temra cytotoxic T cells,Tem/Temra cytotoxic T cells,0.8188012393381632
AAGTAGCCAAGTGAAC-1,6,B_cells,,Memory B cells,Memory B cells,0.9673664986452114
AAGTAGCCAGCTCATA-1,0,Monocytes_CD14,,Classical monocytes,Classical monocytes,0.9992848254788892
AAGTAGCCAGGAACCA-1,9,Monocytes_general,,DC2,DC2,0.9956909136267112
AAGTAGCCATATAACC-1,1,CD4_T_cells,,Tcm/Naive helper T cells,Tcm/Naive helper T cells,0.9999190685962906
AAGTAGCCATTCAGCA-1,3,CD4_T_cells,,Tcm/Naive cytotoxic T cells,Tcm/Naive cytotoxic T cells,0.9994679664358451
AAGTCTATCCATAAGC-1,0,Monocytes_CD14,,Classical monocytes,Classical monocytes,0.9999960454400991
AAGTCTATCCCTTGCG-1,1,CD4_T_cells,,Tcm/Naive helper T cells,Tcm/Naive helper T cells,0.9999977504200499
AAGTGAAGTACCGTAA-1,1,CD4_T_cells,,Tcm/Naive helper T cells,Tcm/Naive helper T cells,0.9998508394403685
AAGTGAAGTATTCGCT-1,2,T_cells_general,,Tcm/Naive helper T cells,Tcm/Naive helper T cells,0.9999206278883264
AAGTGAAGTCACCAAA-1,9,Monocytes_general,,DC2,DC2,0.20088309804740773
AAGTGAAGTCGCGCAA-1,1,CD4_T_cells,,Tcm/Naive helper T cells,Tcm/Naive helper T cells,0.9636026322957068
AAGTGAAGTGAGGTAG-1,0,Monocytes_CD14,,Classical monocytes,Classical monocytes,0.9793281601006383
AAGTGAAGTTCTTTAG-1,0,Monocytes_CD14,,Classical monocytes,Classical monocytes,0.9999409771428632
AAGTGCAAGACAAGTG-1,2,T_cells_general,,Tcm/Naive helper T cells,Tem/Effector helper T cells,0.8125190591674362
AAGTGCAAGAGAGCCG-1,8,B_cells,,Naive B cells,Naive B cells,0.9999971800730888
AAGTGCAAGCCAAATC-1,1,CD4_T_cells,,Tcm/Naive helper T cells,Tcm/Naive helper T cells,0.9999055033035021
AAGTGCAAGGGTGGAT-1,1,CD4_T_cells,,Tcm/Naive helper T cells,Tcm/Naive helper T cells,0.9998814949469262
AAGTGTTGTAATCCCT-1,1,CD4_T_cells,,Tcm/Naive helper T cells,Tcm/Naive helper T cells,0.9999384518582706
AAGTGTTGTCACAAAT-1,3,CD4_T_cells,,Tcm/Naive cytotoxic T cells,Tcm/Naive cytotoxic T cells,0.9307918271179347
AAGTGTTGTTGCACGG-1,3,CD4_T_cells,,Tcm/Naive cytotoxic T cells,Tcm/Naive cytotoxic T cells,0.9987401688640115
AAGTGTTGTTTGTGGA-1,0,Monocytes_CD14,,Classical monocytes,Classical monocytes,0.9999981129947514
AAGTTACGTACTGAAT-1,10,Cytotoxic_T_NK,,MAIT cells,MAIT cells,0.9974332851147232
AAGTTACGTTAGTGAT-1,2,T_cells_general,,Tcm/Naive helper T cells,Tcm/Naive helper T cells,0.9980304472745279
AAGTTACGTTCATTTG-1,0,Monocytes_CD14,,Classical monocytes,Classical monocytes,0.4863067903844117
AAGTTAGCAACAGCCT-1,1,CD4_T_cells,,Tcm/Naive helper T cells,Tcm/Naive helper T cells,0.20734486252960513
AAGTTAGCAAGGTGGC-1,2,T_cells_general,,Tcm/Naive helper T cells,Tcm/Naive helper T cells,0.9297752288882678
AAGTTAGCACTAGCGT-1,2,T_cells_general,,Tem/Effector helper T cells,Tem/Effector helper T cells,0.045075484016868346
AAGTTAGCACTGGCCA-1,1,CD4_T_cells,,Tcm/Naive helper T cells,Tcm/Naive helper T cells,0.9900408167417942
AAGTTAGCAGGCGAGT-1,3,CD4_T_cells,,Tcm/Naive cytotoxic T cells,Tcm/Naive cytotoxic T cells,0.9927609724315721
AAGTTAGCAGTTTACG-1,3,CD4_T_cells,,Tcm/Naive cytotoxic T cells,Tcm/Naive cytotoxic T cells,0.9997963534066944
AAGTTAGCATAGACTT-1,0,Monocytes_CD14,,Classical monocytes,Classical monocytes,0.9999761268769536
AAGTTAGCATTGTGAT-1,3,CD4_T_cells,,Tcm/Naive cytotoxic T cells,Tcm/Naive cytotoxic T cells,0.986787594584728
AAGTTTGTCCAGGTTG-1,0,Monocytes_CD14,,Classical monocytes,Classical monocytes,0.9971440731317706
AAGTTTGTCGCTAGAT-1,0,Monocytes_CD14,,Classical monocytes,Classical monocytes,0.9999696625410475
AAGTTTGTCGGTTAGT-1,2,T_cells_general,,Tcm/Naive helper T cells,Tcm/Naive helper T cells,0.7002538582598574
AAGTTTGTCGTTATCT-1,3,CD4_T_cells,,Tcm/Naive cytotoxic T cells,Tcm/Naive cytotoxic T cells,0.982907094062197
AATAACCGTAATAGCT-1,2,T_cells_general,,Tem/Effector helper T cells,Tcm/Naive helper T cells,0.21666720893069866
AATAACCGTCACCAAA-1,4,Cytotoxic_T_NK,,Tem/Temra cytotoxic T cells,Tem/Trm cytotoxic T cells,0.9483782462163175
AATAACCGTTACGCAA-1,1,CD4_T_cells,,Tcm/Naive helper T cells,Tcm/Naive helper T cells,0.999857203070385
AATAACCGTTCACCAT-1,3,CD4_T_cells,,Tcm/Naive cytotoxic T cells,Tcm/Naive cytotoxic T cells,0.9999774653050179
AATACCGGTGGACCTG-1,2,T_cells_general,,Tem/Effector helper T cells,Tem/Effector helper T cells,0.8525916176191561
AATAGAGGTAAGCTTG-1,3,CD4_T_cells,,Tcm/Naive helper T cells,Tcm/Naive cytotoxic T cells,0.9846559588911623
AATAGAGGTAAGGTTT-1,2,T_cells_general,,Tcm/Naive helper T cells,Tcm/Naive helper T cells,0.9993349908317015
AATAGAGGTAGGATCC-1,1,CD4_T_cells,,Tcm/Naive helper T cells,Tcm/Naive helper T cells,0.9996796801400759
AATAGAGGTCGACTCC-1,4,Cytotoxic_T_NK,,CD16- NK cells,Tem/Temra cytotoxic T cells,0.03881895359058956
AATAGAGGTGCTCACC-1,9,Monocytes_general,,DC2,DC2,0.9995951385548681
AATAGAGGTGGTTATG-1,3,CD4_T_cells,,Tcm/Naive cytotoxic T cells,Tcm/Naive cytotoxic T cells,0.9995248361689775
AATAGAGGTTAACGAT-1,2,T_cells_general,,Follicular helper T cells,Tcm/Naive helper T cells,0.2274292802174681
AATAGAGGTTAATCGG-1,1,CD4_T_cells,,Tcm/Naive helper T cells,Tcm/Naive helper T cells,0.9999946471781065
AATAGAGGTTTCAGGA-1,3,CD4_T_cells,,DC,Tcm/Naive helper T cells,0.5191586386920533
AATAGCTGTCACACCC-1,4,Cytotoxic_T_NK,,Tem/Temra cytotoxic T cells,Tem/Temra cytotoxic T cells,0.9986341275350444
AATAGCTGTCCTAAGA-1,1,CD4_T_cells,,Tcm/Naive cytotoxic T cells,Tcm/Naive helper T cells,0.9947042401052221
AATATCCCAGCAAATA-1,0,Monocytes_CD14,,Classical monocytes,Classical monocytes,0.9984907671322744
AATATCCCATAGCTGC-1,1,CD4_T_cells,,Tcm/Naive helper T cells,Tcm/Naive helper T cells,0.9976988136934684
AATCAGGAGGCATGTT-1,2,T_cells_general,,Tcm/Naive helper T cells,Tcm/Naive helper T cells,0.9732108740960286
AATCAGGAGGTAAGGC-1,2,T_cells_general,,Tem/Effector helper T cells,Tem/Effector helper T cells,0.9936484681641374
AATCAGGAGTATTGCA-1,1,CD4_T_cells,,Tcm/Naive helper T cells,Tcm/Naive helper T cells,0.9991307091728794
AATCATCCAAACTAAG-1,8,B_cells,,Naive B cells,Naive B cells,0.9999999687722442
AATCATCCACATTGCA-1,1,CD4_T_cells,,Tcm/Naive helper T cells,Tcm/Naive helper T cells,0.9993586549586945
AATCATCCACCAAAGG-1,6,B_cells,,Memory B cells,Memory B cells,0.8899916085309939
AATCATCCAGCACGAA-1,6,B_cells,,Memory B cells,Memory B cells,0.9999994670230957
AATCATCCAGCATGGA-1,3,CD4_T_cells,,Tcm/Naive cytotoxic T cells,Tcm/Naive cytotoxic T cells,0.9744925688148282
AATCATCCAGGCCTTG-1,3,CD4_T_cells,,Tcm/Naive cytotoxic T cells,Tcm/Naive cytotoxic T cells,0.9939237897735562
AATCATCCAGTTTGTG-1,0,Monocytes_CD14,,Classical monocytes,Classical monocytes,0.9710562979513665
AATCATCCATTAAGCT-1,8,B_cells,,Naive B cells,Naive B cells,0.9999999984951469
AATCATGTCCAATAGC-1,0,Monocytes_CD14,,Classical monocytes,Classical monocytes,0.9988569611462589
AATCATGTCTAATCAG-1,4,Cytotoxic_T_NK,,Tem/Temra cytotoxic T cells,Tem/Temra cytotoxic T cells,0.6641782264288778
AATCATGTCTCCATAT-1,2,T_cells_general,,Tcm/Naive helper T cells,Tcm/Naive helper T cells,0.9999817617882271
AATCCATCAACGTGCT-1,0,Monocytes_CD14,,Classical monocytes,Classical monocytes,0.9982773818367825
AATCCATCACAGGAAT-1,3,CD4_T_cells,,Tcm/Naive cytotoxic T cells,Tcm/Naive cytotoxic T cells,0.9870339342171295
AATCCATCACGAACAG-1,0,Monocytes_CD14,,Classical monocytes,Classical monocytes,0.9999949999403774
AATCCATCACTTAACG-1,1,CD4_T_cells,,Tcm/Naive helper T cells,Tcm/Naive helper T cells,0.9999912591419561
AATCCCTGTAATGGCC-1,0,Monocytes_CD14,,Classical monocytes,Classical monocytes,0.9999055294695254
AATCCCTGTAGGTGTC-1,0,Monocytes_CD14,,Classical monocytes,Classical monocytes,0.7078111838505592
AATCCCTGTATGGTGC-1,7,Monocytes_general,,Non-classical monocytes,Non-classical monocytes,0.9999998596920042
AATCCCTGTCGTAATG-1,10,Cytotoxic_T_NK,,MAIT cells,MAIT cells,0.9167955397622005
AATCCCTGTGAGCGAA-1,5,Cytotoxic_T_NK,,CD16+ NK cells,CD16+ NK cells,0.9965947986128052
AATCCCTGTGCGCAAT-1,10,Cytotoxic_T_NK,,MAIT cells,MAIT cells,0.9996528394539401
AATCCCTGTGCGCGTA-1,0,Monocytes_CD14,,Classical monocytes,Classical monocytes,0.996802225957689
AATCCCTGTTAACAGT-1,2,T_cells_general,,Tcm/Naive helper T cells,Tcm/Naive helper T cells,0.9401132220850364
AATCCGTAGCACTAAC-1,3,CD4_T_cells,,Tcm/Naive cytotoxic T cells,Tcm/Naive cytotoxic T cells,0.9537325929056641
AATCCGTAGCCATCAG-1,3,CD4_T_cells,,Tcm/Naive cytotoxic T cells,Tcm/Naive cytotoxic T cells,0.9198321143669421
AATCCGTAGCTGGAAA-1,1,CD4_T_cells,,Tcm/Naive helper T cells,Tcm/Naive helper T cells,0.9964691336823766
AATCCGTAGGGCTAAA-1,1,CD4_T_cells,,Tcm/Naive helper T cells,Tcm/Naive helper T cells,0.9998297343227373
AATCCTAAGCACGTTG-1,0,Monocytes_CD14,,Classical monocytes,Classical monocytes,0.9985070326380069
AATCCTAAGCGAGTAA-1,7,Monocytes_general,,Non-classical monocytes,Non-classical monocytes,0.9999948091789558
AATCCTAAGCTAATTG-1,0,Monocytes_CD14,,Classical monocytes,Classical monocytes,0.9998811832318105
AATCCTAAGGTTAGCT-1,0,Monocytes_CD14,,Classical monocytes,Classical monocytes,0.999986129818255
AATCGCCCAAGGTCCT-1,0,Monocytes_CD14,,Classical monocytes,Classical monocytes,0.9909945454146498
AATCGCCCAGGTTAAA-1,0,Monocytes_CD14,,Classical monocytes,Classical monocytes,0.9999477698404252
AATCGCCCATATTGAC-1,3,CD4_T_cells,,Tcm/Naive cytotoxic T cells,Tcm/Naive cytotoxic T cells,0.9633985273043824
AATCTCAAGAAACTGG-1,9,Monocytes_general,,DC2,DC2,0.9973284610989712
AATCTCAAGACAACGA-1,9,Monocytes_general,,DC2,DC2,0.4428647678004052
AATCTCAAGATGGACA-1,4,Cytotoxic_T_NK,,Tem/Temra cytotoxic T cells,Tem/Temra cytotoxic T cells,0.9998880523801271
AATCTCAAGCAGCTCA-1,1,CD4_T_cells,,Tcm/Naive helper T cells,Tcm/Naive helper T cells,0.9959685063044258
AATCTCAAGCTATATG-1,6,B_cells,,Memory B cells,Memory B cells,0.9999999445688574
AATCTCAAGGCCTAAT-1,1,CD4_T_cells,,Tcm/Naive helper T cells,Tcm/Naive helper T cells,0.9996554602527341
AATCTCAAGGCTTAGT-1,2,T_cells_general,,Tcm/Naive helper T cells,Tcm/Naive helper T cells,0.9731987880072998
AATCTCAAGTAACGGA-1,4,Cytotoxic_T_NK,,Tem/Temra cytotoxic T cells,Tem/Temra cytotoxic T cells,0.9959227676693407
AATCTCAAGTTAGTTG-1,1,CD4_T_cells,,Tcm/Naive helper T cells,Tcm/Naive helper T cells,0.9974198378859722
AATCTTGAGAGAGGCT-1,6,B_cells,,Naive B cells,Memory B cells,0.964055632379414
AATCTTGAGCTCGCTT-1,8,B_cells,,Naive B cells,Naive B cells,0.9993078110753684
AATCTTGAGTCACCAG-1,3,CD4_T_cells,,Tcm/Naive cytotoxic T cells,Tcm/Naive helper T cells,0.9381642315977402
AATCTTGAGTCGCTAG-1,0,Monocytes_CD14,,Classical monocytes,Classical monocytes,0.998830828239279
AATGAAGGTCATGCCC-1,6,B_cells,,Memory B cells,Memory B cells,0.9868678391470672
AATGAAGGTGATCATG-1,6,B_cells,,Memory B cells,Memory B cells,0.9998243701651988
AATGAAGGTGCAATGC-1,2,T_cells_general,,Tcm/Naive helper T cells,Tcm/Naive helper T cells,0.2026260573015358
AATGAAGGTTAGTGAT-1,2,T_cells_general,,Tcm/Naive helper T cells,Tcm/Naive helper T cells,0.9200748164504693
AATGAAGGTTCACTGT-1,2,T_cells_general,,Tcm/Naive helper T cells,Tcm/Naive helper T cells,0.9950239098242064
AATGAAGGTTTACCGT-1,5,Cytotoxic_T_NK,,CD16+ NK cells,CD16+ NK cells,0.9999692132489123
AATGCAACAATGAATG-1,7,Monocytes_general,,Non-classical monocytes,Non-classical monocytes,0.9998388212978695
AATGCAACATGTCAGC-1,1,CD4_T_cells,,Tcm/Naive helper T cells,Tcm/Naive helper T cells,0.9995506921676427
AATGCAACATTGTGTG-1,2,T_cells_general,,Tcm/Naive helper T cells,Tcm/Naive helper T cells,0.06336538799800896
AATGCATGTAAAGCGG-1,1,CD4_T_cells,,Tcm/Naive helper T cells,Tcm/Naive helper T cells,0.9994244922472733
AATGCATGTAGGATCC-1,6,B_cells,,Memory B cells,Age-associated B cells,0.9792542593608308
AATGCATGTCAAGTAT-1,4,Cytotoxic_T_NK,,Tem/Trm cytotoxic T cells,Tem/Trm cytotoxic T cells,0.6919641336744528
AATGCATGTCAGGCAT-1,3,CD4_T_cells,,Tcm/Naive cytotoxic T cells,Tcm/Naive cytotoxic T cells,0.9752818275442847
AATGCATGTCCGCTGT-1,3,CD4_T_cells,,Tcm/Naive helper T cells,Tcm/Naive cytotoxic T cells,0.8781399142306141
AATGCATGTGTCCAAA-1,0,Monocytes_CD14,,Classical monocytes,Classical monocytes,0.9999410821279628
AATGCATGTTCGGGAT-1,8,B_cells,,Naive B cells,Naive B cells,0.9999999999001692
AATGCGCGTACCGTAA-1,0,Monocytes_CD14,,Classical monocytes,Classical monocytes,0.9714240961424917
AATGCGCGTACGGGTT-1,5,Cytotoxic_T_NK,,CD16+ NK cells,CD16+ NK cells,0.9951072973687926
AATGCGCGTCGTAATG-1,5,Cytotoxic_T_NK,,CD16+ NK cells,CD16+ NK cells,0.981786045952876
AATGCGCGTTAGGCTA-1,3,CD4_T_cells,,Tcm/Naive cytotoxic T cells,Tcm/Naive cytotoxic T cells,0.9976911060670648
AATGCGCGTTCATCTA-1,3,CD4_T_cells,,Tcm/Naive cytotoxic T cells,Tcm/Naive cytotoxic T cells,0.9825518988193283
AATGCGCGTTTGAGGC-1,0,Monocytes_CD14,,Classical monocytes,Classical monocytes,0.9379916743371086
AATGGCGCAATTAGGA-1,2,T_cells_general,,Tcm/Naive helper T cells,Tcm/Naive helper T cells,0.9608051602094951
AATGGCGCAGTATGTT-1,12,Stress_response,,HSC/MPP,HSC/MPP,0.9997820466574157
AATGTCATCAATGACC-1,7,Monocytes_general,,Non-classical monocytes,Non-classical monocytes,0.9994494101320258
AATGTCATCCAAACAC-1,0,Monocytes_CD14,,Classical monocytes,Classical monocytes,0.9999901543769477
AATGTCATCCGCAACA-1,4,Cytotoxic_T_NK,,Tem/Trm cytotoxic T cells,Tem/Trm cytotoxic T cells,0.9532091383452045
AATGTCATCCTCATGC-1,3,CD4_T_cells,,Tcm/Naive cytotoxic T cells,Tcm/Naive cytotoxic T cells,0.9936372941248556
AATGTCATCGCTCACT-1,1,CD4_T_cells,,Tcm/Naive helper T cells,Tcm/Naive helper T cells,0.9920551728256284
AATGTCCAGCCTGAGC-1,3,CD4_T_cells,,Tcm/Naive cytotoxic T cells,Tcm/Naive cytotoxic T cells,0.9956673457676621
AATGTCCAGCGCCTTT-1,5,Cytotoxic_T_NK,,CD16+ NK cells,CD16+ NK cells,0.927356512745192
AATGTCCAGCGGTTAT-1,1,CD4_T_cells,,Tcm/Naive helper T cells,Tcm/Naive helper T cells,0.9999973167847319
AATGTCCAGGCATGAA-1,4,Cytotoxic_T_NK,,Tem/Trm cytotoxic T cells,Tem/Temra cytotoxic T cells,0.34848469385516406
AATGTCCAGTTAGAGG-1,1,CD4_T_cells,,Tcm/Naive helper T cells,Tcm/Naive helper T cells,0.9999562996169418
AATTACCCAAAGCTAA-1,2,T_cells_general,,Tem/Effector helper T cells,Tcm/Naive helper T cells,0.460222767774847
AATTACCCAACACTTG-1,0,Monocytes_CD14,,Classical monocytes,Classical monocytes,0.9988447750026707
AATTACCCACCTGTAA-1,0,Monocytes_CD14,,Classical monocytes,Classical monocytes,0.9998439825197385
AATTACCCACGAACAG-1,1,CD4_T_cells,,Tcm/Naive helper T cells,Tcm/Naive helper T cells,0.999867349011311
AATTACCCATCCTGAA-1,0,Monocytes_CD14,,Classical monocytes,Classical monocytes,0.9987448906461945
AATTAGCGTACCGGAT-1,1,CD4_T_cells,,Tcm/Naive helper T cells,Tcm/Naive helper T cells,0.9999975860736724
AATTAGCGTATTCGCT-1,2,T_cells_general,,Tcm/Naive helper T cells,Tcm/Naive helper T cells,0.8048836212376747
AATTAGCGTCACAGCG-1,1,CD4_T_cells,,Tcm/Naive helper T cells,Tcm/Naive helper T cells,0.9999545577184994
AATTAGCGTGGACATC-1,2,T_cells_general,,Tcm/Naive helper T cells,Tcm/Naive helper T cells,0.9043849905064524
AATTAGCGTTAACGGC-1,0,Monocytes_CD14,,Classical monocytes,Classical monocytes,0.9976309877222651
AATTAGCGTTAGCAGC-1,8,B_cells,,Naive B cells,Naive B cells,0.999997804317319
AATTAGGCACTGACCG-1,0,Monocytes_CD14,,Classical monocytes,Classical monocytes,0.784036595876296
AATTAGGCAGATAGAC-1,1,CD4_T_cells,,Tcm/Naive helper T cells,Tcm/Naive helper T cells,0.9999591988060947
AATTAGGCAGTAAGTA-1,0,Monocytes_CD14,,Classical monocytes,Classical monocytes,0.9999559236733139
AATTAGGCAGTAATAG-1,3,CD4_T_cells,,Tcm/Naive cytotoxic T cells,Tcm/Naive cytotoxic T cells,0.8423934515415837
AATTAGGCATACTCCT-1,0,Monocytes_CD14,,Classical monocytes,Classical monocytes,0.7821100207548659
AATTCGTCATCGCTTT-1,1,CD4_T_cells,,Tcm/Naive helper T cells,Tcm/Naive helper T cells,0.99998488365114
AATTCGTCATTAGCGC-1,0,Monocytes_CD14,,Classical monocytes,Classical monocytes,0.9953129798157485
AATTCGTCATTATGCG-1,0,Monocytes_CD14,,Classical monocytes,Classical monocytes,0.9851760962954667
AATTGACGTGCTAGAC-1,3,CD4_T_cells,,Tcm/Naive cytotoxic T cells,Tcm/Naive cytotoxic T cells,0.980855564712621
AATTGACGTTAGGATT-1,7,Monocytes_general,,Non-classical monocytes,Non-classical monocytes,0.9999960292370894
AATTGCCAGGATGATG-1,0,Monocytes_CD14,,Classical monocytes,Classical monocytes,0.9956594420335788
AATTGCCAGTATTGCA-1,2,T_cells_general,,Tcm/Naive helper T cells,Tcm/Naive helper T cells,0.9770402974625879
AATTGCTCAAACTCAT-1,2,T_cells_general,,Tem/Effector helper T cells,Tem/Effector helper T cells,0.9999034972804636
AATTGCTCAATTAGCT-1,0,Monocytes_CD14,,Classical monocytes,Classical monocytes,0.9995985552081755
AATTGCTCACAGACTC-1,8,B_cells,,Naive B cells,Naive B cells,0.9999999897970145
AATTGCTCACCTGTAA-1,2,T_cells_general,,Tcm/Naive helper T cells,Tcm/Naive helper T cells,0.9965985503300386
AATTGCTCACTAAATC-1,9,Monocytes_general,,DC2,DC2,0.8634736512416477
AATTGCTCAGCGCTTG-1,1,CD4_T_cells,,Tcm/Naive helper T cells,Tcm/Naive helper T cells,0.997272369526598
AATTGGACAATCGCAC-1,0,Monocytes_CD14,,Classical monocytes,Classical monocytes,0.9996903935461215
AATTGGACAGTAGGTG-1,1,CD4_T_cells,,Tcm/Naive helper T cells,Tcm/Naive helper T cells,0.9885525294021653
AATTGGACATCTTGAG-1,2,T_cells_general,,Tcm/Naive helper T cells,Tcm/Naive helper T cells,0.835626728875807
AATTGGACATGCTTAG-1,1,CD4_T_cells,,Tcm/Naive helper T cells,Tcm/Naive helper T cells,0.8861436889805152
AATTGGGAGAGAGGCT-1,2,T_cells_general,,Tem/Trm cytotoxic T cells,Tem/Effector helper T cells,0.8407577678554032
AATTGGGAGGACCGCT-1,2,T_cells_general,,Tcm/Naive helper T cells,Tcm/Naive helper T cells,0.9994411512452875
AATTGGGAGTCACTAA-1,4,Cytotoxic_T_NK,,Tem/Trm cytotoxic T cells,Tem/Trm cytotoxic T cells,0.7681465696089843
AATTGGGAGTTACTTC-1,4,Cytotoxic_T_NK,,CD16+ NK cells,Tem/Temra cytotoxic T cells,0.997976869091647
AATTGTGTCCAACTGG-1,11,pDC,,pDC,pDC,0.9999999999874103
AATTGTGTCCCTCACG-1,2,T_cells_general,,Tcm/Naive helper T cells,Tcm/Naive helper T cells,0.9450805150531261
AATTGTGTCCTAAGGT-1,3,CD4_T_cells,,Tcm/Naive cytotoxic T cells,Tcm/Naive cytotoxic T cells,0.9886274879747858
AATTGTGTCCTCATCA-1,3,CD4_T_cells,,Tcm/Naive cytotoxic T cells,Tcm/Naive helper T cells,0.3814240614634926
AATTGTGTCCTTCGTA-1,1,CD4_T_cells,,Tcm/Naive helper T cells,Tcm/Naive helper T cells,0.999117517418046
AATTGTGTCGCCTAAG-1,1,CD4_T_cells,,Tcm/Naive helper T cells,Tcm/Naive helper T cells,0.9997994231209094
AATTGTGTCGTCATTT-1,1,CD4_T_cells,,Tcm/Naive helper T cells,Tcm/Naive helper T cells,0.9998708532459777
AATTGTGTCGTTTCCA-1,0,Monocytes_CD14,,Classical monocytes,Classical monocytes,0.9999989836322458
AATTTCCTCATGGCTG-1,5,Cytotoxic_T_NK,,CD16+ NK cells,CD16+ NK cells,0.9999982776344059
AATTTCCTCCCGTTAC-1,10,Cytotoxic_T_NK,,MAIT cells,MAIT cells,0.5365774277339432
AATTTCCTCGGTCAAT-1,1,CD4_T_cells,,Tcm/Naive helper T cells,Tcm/Naive helper T cells,0.9999703759298926
AATTTCCTCGTGCCTT-1,1,CD4_T_cells,,Tcm/Naive helper T cells,Tcm/Naive helper T cells,0.850719882701561
AATTTCCTCTCGACCT-1,0,Monocytes_CD14,,Classical monocytes,Classical monocytes,0.9998677653444289
AATTTGCCAAGTTATC-1,8,B_cells,,Naive B cells,Naive B cells,0.9999997596609254
AATTTGCCAATAATGG-1,3,CD4_T_cells,,Tcm/Naive cytotoxic T cells,Tcm/Naive cytotoxic T cells,0.9618814535425361
AATTTGCCAATACTGT-1,2,T_cells_general,,Tcm/Naive helper T cells,Regulatory T cells,0.92488221193542
AATTTGCCAATTGCGC-1,2,T_cells_general,,Tem/Temra cytotoxic T cells,Tcm/Naive helper T cells,0.25700583530157234
AATTTGCCAGAGGGAG-1,3,CD4_T_cells,,Tcm/Naive helper T cells,Tcm/Naive cytotoxic T cells,0.7198292971468627
AATTTGCCAGGGAGGA-1,0,Monocytes_CD14,,Classical monocytes,Classical monocytes,0.9999960238780394
AATTTGCCAGGTTATT-1,7,Monocytes_general,,Non-classical monocytes,Non-classical monocytes,0.9999737405238065
AATTTGCCAGTTAGCC-1,0,Monocytes_CD14,,Classical monocytes,Classical monocytes,0.9728592853520414
AATTTGCCATTATCCC-1,6,B_cells,,Memory B cells,Memory B cells,0.9999968537834576
AATTTGGTCAATGTCA-1,0,Monocytes_CD14,,Classical monocytes,Classical monocytes,0.999984811650499
AATTTGGTCACATTGA-1,3,CD4_T_cells,,Tcm/Naive cytotoxic T cells,Tcm/Naive cytotoxic T cells,0.9999804325679846
AATTTGGTCAGGAAGC-1,1,CD4_T_cells,,Tcm/Naive helper T cells,Tcm/Naive helper T cells,0.9998072123622449
AATTTGGTCCCAGTAG-1,0,Monocytes_CD14,,Classical monocytes,Classical monocytes,0.9982405222934162
AATTTGGTCCCTGTTA-1,4,Cytotoxic_T_NK,,Tem/Temra cytotoxic T cells,Tem/Temra cytotoxic T cells,0.9993852208374207
AATTTGGTCCTTGAGG-1,1,CD4_T_cells,,Tcm/Naive helper T cells,Tcm/Naive helper T cells,0.9999934344780796
AATTTGGTCGCACACA-1,2,T_cells_general,,Tcm/Naive helper T cells,Tem/Effector helper T cells,0.9984887321378294
AATTTGGTCTTGGACG-1,1,CD4_T_cells,,Tcm/Naive helper T cells,Tcm/Naive helper T cells,0.9995468242207923
ACAAACTGTAACGAGG-1,9,Monocytes_general,,Classical monocytes,Classical monocytes,0.9194997242290637
ACAAACTGTAGGTTGC-1,6,B_cells,,Age-associated B cells,Age-associated B cells,0.9861718496353405
ACAAACTGTCCAAATG-1,0,Monocytes_CD14,,Classical monocytes,Classical monocytes,0.9999823064212696
ACAAACTGTCCGTAGG-1,3,CD4_T_cells,,Tcm/Naive cytotoxic T cells,Tcm/Naive cytotoxic T cells,0.9514350078642718
ACAAACTGTCTAGCTT-1,3,CD4_T_cells,,Tcm/Naive cytotoxic T cells,Tcm/Naive cytotoxic T cells,0.8746274945413874
ACAAAGGTCAGCACCA-1,0,Monocytes_CD14,,Classical monocytes,Classical monocytes,0.48165545824738526
ACAAAGGTCAGTTCCC-1,1,CD4_T_cells,,Tcm/Naive helper T cells,Tcm/Naive helper T cells,0.9988879698095313
ACAAAGGTCATAACCA-1,4,Cytotoxic_T_NK,,Tem/Temra cytotoxic T cells,Tem/Temra cytotoxic T cells,0.9957897709727245
ACAAAGGTCCCGAACA-1,2,T_cells_general,,Tcm/Naive helper T cells,Tcm/Naive helper T cells,0.9442965983061187
ACAAAGGTCCCTCACG-1,8,B_cells,,Naive B cells,Naive B cells,0.999999988846514
ACAAAGGTCCTCCATA-1,7,Monocytes_general,,Non-classical monocytes,Non-classical monocytes,0.9999610188137827
ACAAAGGTCGGTTCCT-1,6,B_cells,,Naive B cells,Memory B cells,0.9999481950973278
ACAACAACAACAACAA-1,2,T_cells_general,,Tem/Temra cytotoxic T cells,Tem/Effector helper T cells,0.9398324583384593
ACAACAACAACAGGTG-1,0,Monocytes_CD14,,Classical monocytes,Classical monocytes,0.9999969554736533
ACAACAACAGCCAGAA-1,7,Monocytes_general,,Non-classical monocytes,Non-classical monocytes,0.9999732613960395
ACAACAACAGTAGCCT-1,3,CD4_T_cells,,Tcm/Naive helper T cells,Tcm/Naive cytotoxic T cells,0.9972867987765778
ACAACAACATAAGTTC-1,2,T_cells_general,,Tcm/Naive helper T cells,Tem/Effector helper T cells,0.6525508006226604
ACAACAACATAATGTC-1,1,CD4_T_cells,,Tcm/Naive helper T cells,Tcm/Naive helper T cells,0.9973154163218898
ACAACAACATAGCGAG-1,0,Monocytes_CD14,,Classical monocytes,Classical monocytes,0.9989724345787141
ACAACAACATGGCCTG-1,0,Monocytes_CD14,,Classical monocytes,Classical monocytes,0.99989496625791
ACAACACTCCTAAATG-1,0,Monocytes_CD14,,Classical monocytes,Classical monocytes,0.9996731099534262
ACAACACTCGCATTAA-1,0,Monocytes_CD14,,Classical monocytes,Classical monocytes,0.9998662926846452
ACAACACTCTACCTAT-1,0,Monocytes_CD14,,Classical monocytes,Classical monocytes,0.9999113586662837
ACAACACTCTGTGAGT-1,0,Monocytes_CD14,,Classical monocytes,Classical monocytes,0.9838578527933648
ACAACACTCTTGGATA-1,4,Cytotoxic_T_NK,,Tem/Temra cytotoxic T cells,Tem/Temra cytotoxic T cells,0.9522515772436438
ACAACAGAGCGCTCAA-1,6,B_cells,,Memory B cells,Memory B cells,0.9999966749810572
ACAACAGAGGAGGGTT-1,2,T_cells_general,,Regulatory T cells,Tcm/Naive helper T cells,0.6482009575405816
ACAACAGAGGCGCTTA-1,0,Monocytes_CD14,,Classical monocytes,Classical monocytes,0.9842622064928418
ACAACAGAGTAACCAC-1,7,Monocytes_general,,Non-classical monocytes,Non-classical monocytes,0.9999055860632253
ACAACATGTATTACCC-1,6,B_cells,,Memory B cells,Memory B cells,0.9999800916298601
ACAACATGTCATTAGG-1,0,Monocytes_CD14,,Classical monocytes,Classical monocytes,0.9999082413710545
ACACAATGTCAAGTAT-1,1,CD4_T_cells,,Tcm/Naive helper T cells,Tcm/Naive helper T cells,0.9999699826642363
ACACAATGTCCAAGAC-1,0,Monocytes_CD14,,Classical monocytes,Classical monocytes,0.9998767128852831
ACACAATGTGATTTGG-1,3,CD4_T_cells,,Tcm/Naive cytotoxic T cells,Tcm/Naive cytotoxic T cells,0.9999120357363265
ACACAATGTGGTGAGA-1,3,CD4_T_cells,,Tcm/Naive cytotoxic T cells,Tcm/Naive cytotoxic T cells,0.9963570111189024
ACACAATGTTGAAGCC-1,6,B_cells,,Memory B cells,Memory B cells,0.9995854674301511
ACACAATGTTTACGTC-1,0,Monocytes_CD14,,Classical monocytes,Classical monocytes,0.5345127139138679
ACACCTTGTAACCAGC-1,3,CD4_T_cells,,Tcm/Naive cytotoxic T cells,Tcm/Naive cytotoxic T cells,0.9878937535517035
ACACCTTGTAGACAAA-1,5,Cytotoxic_T_NK,,CD16+ NK cells,CD16+ NK cells,0.8456606977035896
ACACCTTGTCATGCCC-1,5,Cytotoxic_T_NK,,Tem/Temra cytotoxic T cells,CD16+ NK cells,0.9960081214373817
ACACCTTGTCGCAAAC-1,8,B_cells,,Naive B cells,Naive B cells,0.9999672901680967
ACACCTTGTGACATGC-1,2,T_cells_general,,Tcm/Naive helper T cells,Tcm/Naive helper T cells,0.9570875405350809
ACACGGACAATTAGGA-1,3,CD4_T_cells,,Tcm/Naive cytotoxic T cells,Tcm/Naive cytotoxic T cells,0.9967388021046169
ACACGGACAGTACCGT-1,1,CD4_T_cells,,Tcm/Naive helper T cells,Tcm/Naive helper T cells,0.9979629455871395
ACACGGACATTGCAGC-1,0,Monocytes_CD14,,Classical monocytes,Classical monocytes,0.9997913178523026
ACACTAATCCAACTGG-1,1,CD4_T_cells,,Tcm/Naive helper T cells,Tcm/Naive helper T cells,0.9629264590764225
ACACTAATCCTAAGGT-1,4,Cytotoxic_T_NK,,Tem/Temra cytotoxic T cells,Tem/Temra cytotoxic T cells,0.9938893955882471
ACACTAATCTTGCTAT-1,3,CD4_T_cells,,Tcm/Naive cytotoxic T cells,Tcm/Naive cytotoxic T cells,0.9955637227308535
ACACTAGGTACCTTAC-1,0,Monocytes_CD14,,Classical monocytes,Classical monocytes,0.9994890713705402
ACACTAGGTAGTAAGA-1,1,CD4_T_cells,,Tcm/Naive helper T cells,Tcm/Naive helper T cells,0.99992822673634
ACACTAGGTCCACAAA-1,6,B_cells,,Memory B cells,Age-associated B cells,0.9840008598360631
ACACTTAAGACAGGCG-1,7,Monocytes_general,,Non-classical monocytes,Non-classical monocytes,0.9999996018439954
ACACTTAAGAGCAAGC-1,2,T_cells_general,,Tem/Effector helper T cells,Tcm/Naive helper T cells,0.9425100610844046
ACACTTAAGATAACCC-1,2,T_cells_general,,Regulatory T cells,Regulatory T cells,0.9911989560390483
ACACTTAAGATGCCTG-1,2,T_cells_general,,Tem/Effector helper T cells,Tcm/Naive helper T cells,0.6147281887149773
ACACTTAAGCAGGTGG-1,2,T_cells_general,,Tcm/Naive helper T cells,Tcm/Naive helper T cells,0.9764210778519915
ACACTTAAGCTATATG-1,3,CD4_T_cells,,Tcm/Naive cytotoxic T cells,Tcm/Naive cytotoxic T cells,0.9999924200105847
ACACTTAAGCTCCTTA-1,9,Monocytes_general,,DC2,DC2,0.9994442715276214
ACACTTGCACAATGTT-1,7,Monocytes_general,,Non-classical monocytes,Non-classical monocytes,0.9959514058035694
ACACTTGCAGCAAGTG-1,1,CD4_T_cells,,Tcm/Naive helper T cells,Tcm/Naive helper T cells,0.9999233700696584
ACACTTGCATAATCCG-1,4,Cytotoxic_T_NK,,Tem/Temra cytotoxic T cells,Tem/Temra cytotoxic T cells,0.9859610625640317
ACACTTGCATACCCGG-1,1,CD4_T_cells,,Tcm/Naive helper T cells,Tcm/Naive helper T cells,0.999757234112258
ACACTTGCATGAAATG-1,0,Monocytes_CD14,,Classical monocytes,Classical monocytes,0.9999322521441063
ACAGCCGGTCATCAAG-1,0,Monocytes_CD14,,Classical monocytes,Classical monocytes,0.9999998841840309
ACAGCCGGTGTCCAAA-1,8,B_cells,,Naive B cells,Naive B cells,0.999999999862917
ACAGCCGGTTGCGGAT-1,0,Monocytes_CD14,,Classical monocytes,Classical monocytes,0.99954855682673
ACAGCCGGTTGTTGTC-1,3,CD4_T_cells,,Tcm/Naive cytotoxic T cells,Tcm/Naive cytotoxic T cells,0.9849536560248536
ACAGCGCTCCTAGTTT-1,2,T_cells_general,,Tcm/Naive helper T cells,Tcm/Naive helper T cells,0.87615515271231
ACAGCGCTCCTGTTCA-1,3,CD4_T_cells,,Tcm/Naive cytotoxic T cells,Tcm/Naive cytotoxic T cells,0.9948230123589781
ACAGCGCTCTGTGAGT-1,1,CD4_T_cells,,Tcm/Naive helper T cells,Tcm/Naive helper T cells,0.9970722932575611
ACAGGAATCATTACAG-1,2,T_cells_general,,Regulatory T cells,Tcm/Naive helper T cells,0.9159941079649274
ACAGGAATCCCGTTTA-1,0,Monocytes_CD14,,Classical monocytes,Classical monocytes,0.9999979366816085
ACAGGAATCGGCCAGT-1,2,T_cells_general,,Regulatory T cells,Regulatory T cells,0.9713958012601681
ACAGGAATCGGGATTT-1,4,Cytotoxic_T_NK,,Tem/Temra cytotoxic T cells,Tem/Temra cytotoxic T cells,0.9996148270859734
ACAGGAATCTAAGGTC-1,2,T_cells_general,,Regulatory T cells,Tem/Effector helper T cells,0.9632340401860462
ACAGGATCAACTAACT-1,0,Monocytes_CD14,,Classical monocytes,Classical monocytes,0.9839463521578967
ACAGGATCAATATAGG-1,0,Monocytes_CD14,,Classical monocytes,Classical monocytes,0.9992918667755079
ACAGGATCAATGAAGC-1,0,Monocytes_CD14,,Classical monocytes,Classical monocytes,0.7542423127439731
ACAGGATCACAAAGCG-1,4,Cytotoxic_T_NK,,Tem/Temra cytotoxic T cells,Tem/Trm cytotoxic T cells,0.9655857790497011
ACAGGATCACTGGCCA-1,5,Cytotoxic_T_NK,,CD16+ NK cells,CD16+ NK cells,0.7297453462326258
ACAGGATCATTGACAT-1,0,Monocytes_CD14,,Classical monocytes,Classical monocytes,0.9999914608469574
ACAGGCTGTAGCTAAT-1,4,Cytotoxic_T_NK,,Tem/Temra cytotoxic T cells,Tem/Temra cytotoxic T cells,0.9986901666190839
ACAGGCTGTCAAACTG-1,4,Cytotoxic_T_NK,,Tem/Temra cytotoxic T cells,Tem/Temra cytotoxic T cells,0.9796412045119486
ACAGGCTGTTAATCGG-1,3,CD4_T_cells,,Tcm/Naive helper T cells,Tcm/Naive helper T cells,0.8966942546027298
ACAGGCTGTTAGTACG-1,3,CD4_T_cells,,Tcm/Naive helper T cells,Tcm/Naive cytotoxic T cells,0.9627033954803704
ACAGGTAAGGACGTAA-1,1,CD4_T_cells,,Tcm/Naive helper T cells,Tcm/Naive helper T cells,0.999809318972413
ACAGGTAAGTAACTCA-1,1,CD4_T_cells,,Tcm/Naive helper T cells,Tcm/Naive helper T cells,0.9991795820649697
ACAGGTAAGTCACTCC-1,3,CD4_T_cells,,Tcm/Naive cytotoxic T cells,Tcm/Naive cytotoxic T cells,0.6626766997441762
ACAGGTAAGTTCCCAC-1,7,Monocytes_general,,Non-classical monocytes,Non-classical monocytes,0.9997298105015221
ACAGTATGTAATCGTG-1,3,CD4_T_cells,,Tcm/Naive cytotoxic T cells,Tcm/Naive cytotoxic T cells,0.9887149333799107
ACAGTATGTACTGAAT-1,0,Monocytes_CD14,,Classical monocytes,Classical monocytes,0.9999655492166705
ACAGTATGTCACACCC-1,4,Cytotoxic_T_NK,,Tem/Trm cytotoxic T cells,Tem/Trm cytotoxic T cells,0.7580994656945259
ACAGTATGTCGCAAAC-1,0,Monocytes_CD14,,Classical monocytes,Classical monocytes,0.9988021831737098
ACAGTATGTGGAAGGC-1,1,CD4_T_cells,,Tcm/Naive helper T cells,Tcm/Naive helper T cells,0.9999950644403881
ACAGTATGTTACAACG-1,0,Monocytes_CD14,,Classical monocytes,Classical monocytes,0.9999977964627697
ACAGTATGTTATAGCG-1,4,Cytotoxic_T_NK,,Tem/Temra cytotoxic T cells,Tem/Temra cytotoxic T cells,0.8408979276010466
ACAGTATGTTTCAGGA-1,3,CD4_T_cells,,Tcm/Naive cytotoxic T cells,Tcm/Naive cytotoxic T cells,0.9984595704358673
ACATAGCTCCAAGTGT-1,2,T_cells_general,,Tem/Effector helper T cells,Tcm/Naive helper T cells,0.25348803377592577
ACATAGCTCCCTGACT-1,8,B_cells,,Naive B cells,Naive B cells,0.9999992457144405
ACATAGCTCGTTAAGC-1,3,CD4_T_cells,,Tcm/Naive helper T cells,Tcm/Naive cytotoxic T cells,0.7726810248015465
ACATCAATCATGCTCC-1,0,Monocytes_CD14,,Classical monocytes,Classical monocytes,0.9990888608360248
ACATCAATCATTTGTC-1,5,Cytotoxic_T_NK,,CD16+ NK cells,CD16+ NK cells,0.9999716905161946
ACATCAATCCAAATCA-1,3,CD4_T_cells,,Tcm/Naive cytotoxic T cells,Tcm/Naive cytotoxic T cells,0.9878221047595266
ACATCAATCCAATTAG-1,4,Cytotoxic_T_NK,,Tem/Trm cytotoxic T cells,Tem/Trm cytotoxic T cells,0.9981250788658215
ACATCAATCCTCAGTC-1,1,CD4_T_cells,,Tcm/Naive helper T cells,Tcm/Naive helper T cells,0.9864848504086215
ACATCAATCCTTAATC-1,0,Monocytes_CD14,,Classical monocytes,Classical monocytes,0.9914187025050519
ACATCAATCGCTAAAC-1,4,Cytotoxic_T_NK,,Tem/Temra cytotoxic T cells,Tem/Temra cytotoxic T cells,0.999938903841989
ACATCAATCTGTGCCT-1,0,Monocytes_CD14,,Classical monocytes,Classical monocytes,0.999884070083649
ACATCATCAAACCTAT-1,0,Monocytes_CD14,,Classical monocytes,Classical monocytes,0.9999348994333686
ACATCATCAAGGCCAA-1,0,Monocytes_CD14,,Classical monocytes,Classical monocytes,0.9997045244179577
ACATCATCAGCATGTC-1,0,Monocytes_CD14,,Classical monocytes,Classical monocytes,0.9974081984545987
ACATCATCATTAAAGG-1,2,T_cells_general,,Tcm/Naive helper T cells,Tcm/Naive helper T cells,0.9973252549041626
ACATTAGTCGACCTGA-1,1,CD4_T_cells,,Tcm/Naive helper T cells,Tcm/Naive helper T cells,0.7716946316378263
ACATTAGTCTTGGATA-1,3,CD4_T_cells,,Tcm/Naive cytotoxic T cells,Tcm/Naive cytotoxic T cells,0.997215008645925
ACATTGCAGACAGGTA-1,1,CD4_T_cells,,Memory B cells,Tcm/Naive helper T cells,0.35697559970187875
ACATTGCAGCACTAAC-1,4,Cytotoxic_T_NK,,Tem/Trm cytotoxic T cells,Tem/Trm cytotoxic T cells,0.10114138859825923
ACATTGCAGCCTGTTC-1,7,Monocytes_general,,Non-classical monocytes,Non-classical monocytes,0.9999489500464855
ACATTGCAGGGTTAGA-1,1,CD4_T_cells,,Tcm/Naive helper T cells,Tcm/Naive helper T cells,0.9786310392105951
ACATTGCAGGGTTATC-1,0,Monocytes_CD14,,Classical monocytes,Classical monocytes,0.9923889355849779
ACATTGCAGTCGCAAT-1,1,CD4_T_cells,,Tcm/Naive helper T cells,Tcm/Naive helper T cells,0.999909729257725
ACCAAACTCAAGCCTG-1,0,Monocytes_CD14,,Classical monocytes,Classical monocytes,0.9999997716307236
ACCAAACTCACTCGCT-1,1,CD4_T_cells,,Tcm/Naive helper T cells,Tcm/Naive helper T cells,0.9999566938949194
ACCAAACTCAGCAAGA-1,1,CD4_T_cells,,Tcm/Naive helper T cells,Tcm/Naive helper T cells,0.9991268245740557
ACCAAACTCATGCGTG-1,0,Monocytes_CD14,,Classical monocytes,Classical monocytes,0.9854767761150904
ACCAAACTCATTATGG-1,4,Cytotoxic_T_NK,,Tem/Trm cytotoxic T cells,Tem/Trm cytotoxic T cells,0.9969669861575293
ACCAAACTCCCGTTTA-1,3,CD4_T_cells,,Tcm/Naive cytotoxic T cells,Tcm/Naive cytotoxic T cells,0.9623912174117341
ACCAAACTCTCCTCAA-1,0,Monocytes_CD14,,Classical monocytes,Classical monocytes,0.9999953987653654
ACCAAGCGTAATCGCA-1,0,Monocytes_CD14,,Classical monocytes,Classical monocytes,0.999999923271805
ACCAAGCGTAATCGGC-1,3,CD4_T_cells,,Tcm/Naive cytotoxic T cells,Tcm/Naive cytotoxic T cells,0.9658269536619245
ACCAAGCGTTGTTGGA-1,3,CD4_T_cells,,Tcm/Naive cytotoxic T cells,Tcm/Naive cytotoxic T cells,0.9969817760026396
ACCAAGTTCATGCGTG-1,8,B_cells,,Naive B cells,Naive B cells,0.9999999993934823
ACCAAGTTCCACCCTG-1,2,T_cells_general,,Tcm/Naive helper T cells,Tcm/Naive helper T cells,0.9014802514366987
ACCAAGTTCTCGCCTG-1,1,CD4_T_cells,,Tcm/Naive helper T cells,Tcm/Naive helper T cells,0.9975273875895451
ACCAAGTTCTTTGTAC-1,5,Cytotoxic_T_NK,,CD16+ NK cells,CD16+ NK cells,0.9999310897366924
ACCAATATCACAGACT-1,0,Monocytes_CD14,,Classical monocytes,Classical monocytes,0.9927121212234883
ACCAATATCACATTGA-1,0,Monocytes_CD14,,Classical monocytes,Classical monocytes,0.9705992464567337
ACCAATATCGAAGTGA-1,3,CD4_T_cells,,Tcm/Naive cytotoxic T cells,Tcm/Naive cytotoxic T cells,0.987701898103358
ACCAATATCGCATTAA-1,10,Cytotoxic_T_NK,,MAIT cells,MAIT cells,0.9997272149165608
ACCACACCACATGCTA-1,4,Cytotoxic_T_NK,,Tem/Temra cytotoxic T cells,Tem/Temra cytotoxic T cells,0.7639040300902893
ACCACACCACGAATTT-1,11,pDC,,pDC,pDC,0.9999999984331278
ACCACACCAGTTATGT-1,2,T_cells_general,,Tcm/Naive helper T cells,Tem/Effector helper T cells,0.9554414371865185
ACCACATAGCTAAGTC-1,2,T_cells_general,,Tem/Effector helper T cells,Tem/Effector helper T cells,0.9908865699510969
ACCACATAGGAGGCAT-1,1,CD4_T_cells,,Tcm/Naive helper T cells,Tcm/Naive helper T cells,0.999994267964254
ACCACATAGGGACTAA-1,1,CD4_T_cells,,Tcm/Naive helper T cells,Tcm/Naive helper T cells,0.9999648970141969
ACCACATAGTCAATTG-1,2,T_cells_general,,Tcm/Naive helper T cells,Tcm/Naive helper T cells,0.09149946046180396
ACCACATAGTGCACGC-1,0,Monocytes_CD14,,Classical monocytes,Classical monocytes,0.9975123332975433
ACCAGCTCAAAGGTAC-1,4,Cytotoxic_T_NK,,Tem/Temra cytotoxic T cells,Tem/Temra cytotoxic T cells,0.9993844436775084
ACCAGCTCAACAGCCT-1,2,T_cells_general,,Regulatory T cells,Tcm/Naive helper T cells,0.3013886640784598
ACCAGCTCAACGTGCT-1,0,Monocytes_CD14,,Classical monocytes,Classical monocytes,0.6191638133430015
ACCAGGACAACTGGGA-1,4,Cytotoxic_T_NK,,Tem/Temra cytotoxic T cells,Tem/Temra cytotoxic T cells,0.9994236591240017
ACCAGGCTCCGTTATT-1,5,Cytotoxic_T_NK,,CD16+ NK cells,CD16+ NK cells,0.999997122598029
ACCAGGCTCCTCCTAA-1,2,T_cells_general,,Tcm/Naive helper T cells,Tem/Effector helper T cells,0.8130858975422653
ACCAGGCTCCTTGCGT-1,4,Cytotoxic_T_NK,,Tem/Trm cytotoxic T cells,Tem/Temra cytotoxic T cells,0.6770934097490592
ACCAGGCTCGAAGTAG-1,2,T_cells_general,,Tcm/Naive helper T cells,Tcm/Naive helper T cells,0.9953892281118492
ACCAGGCTCTTAGCGG-1,7,Monocytes_general,,Non-classical monocytes,Non-classical monocytes,0.9998540395948492
ACCAGGCTCTTGTTCG-1,0,Monocytes_CD14,,Classical monocytes,Classical monocytes,0.9995065390060064
ACCAGGGAGAAAGGAA-1,1,CD4_T_cells,,Tcm/Naive helper T cells,Tcm/Naive helper T cells,0.9996724297179531
ACCAGGGAGACTAAGG-1,0,Monocytes_CD14,,Classical monocytes,Classical monocytes,0.9615130164212833
ACCAGGGAGCGAAGTA-1,2,T_cells_general,,Tcm/Naive cytotoxic T cells,Tcm/Naive helper T cells,0.8845006144532405
ACCAGGGAGCGCCTTT-1,4,Cytotoxic_T_NK,,Tem/Temra cytotoxic T cells,Tem/Temra cytotoxic T cells,0.9974345406931383
ACCAGGGAGGATTGCT-1,7,Monocytes_general,,Non-classical monocytes,Non-classical monocytes,0.9979446667168416
ACCAGGGAGTGAGCGG-1,3,CD4_T_cells,,Tcm/Naive cytotoxic T cells,Tcm/Naive cytotoxic T cells,0.9998816509536983
ACCATAATCAAACTCA-1,0,Monocytes_CD14,,Classical monocytes,Classical monocytes,0.9998318746472602
ACCATAATCAATCATG-1,0,Monocytes_CD14,,Classical monocytes,Classical monocytes,0.9648604952737432
ACCATAATCCCGAAGC-1,0,Monocytes_CD14,,Classical monocytes,Classical monocytes,0.9999999947556062
ACCATTAAGCGAAGTA-1,6,B_cells,,Memory B cells,Memory B cells,0.999581752822108
ACCATTAAGCGGGCAA-1,0,Monocytes_CD14,,Classical monocytes,Classical monocytes,0.9962465159968819
ACCATTAAGCTAAGTC-1,0,Monocytes_CD14,,Classical monocytes,Classical monocytes,0.9999007025784842
ACCATTAAGGACTTAC-1,1,CD4_T_cells,,Tcm/Naive helper T cells,Tcm/Naive helper T cells,0.9988574377621151
ACCATTAAGGCGCATC-1,3,CD4_T_cells,,Tcm/Naive cytotoxic T cells,Tcm/Naive cytotoxic T cells,0.8858610147552082
ACCCAACCACATAACT-1,3,CD4_T_cells,,Tcm/Naive cytotoxic T cells,Tcm/Naive cytotoxic T cells,0.9780895111229759
ACCCAACCACCTACTT-1,1,CD4_T_cells,,Tcm/Naive helper T cells,Tcm/Naive helper T cells,0.9999858904771981
ACCCAACCAGCATGGA-1,0,Monocytes_CD14,,Classical monocytes,Classical monocytes,0.9906602532592339
ACCCAGGGTAGCCATA-1,1,CD4_T_cells,,Tcm/Naive helper T cells,Tcm/Naive helper T cells,0.995656247791149
ACCCGCTGTAACCAGC-1,3,CD4_T_cells,,Tcm/Naive helper T cells,Tcm/Naive cytotoxic T cells,0.9708069417589369
ACCCGCTGTAATGGCC-1,3,CD4_T_cells,,Tcm/Naive cytotoxic T cells,Tcm/Naive cytotoxic T cells,0.9994355391944862
ACCCGCTGTGGACATC-1,3,CD4_T_cells,,Tcm/Naive cytotoxic T cells,Tcm/Naive cytotoxic T cells,0.9999437263203014
ACCCGCTGTGGGAACA-1,3,CD4_T_cells,,Tcm/Naive cytotoxic T cells,Tcm/Naive cytotoxic T cells,0.9999538724189685
ACCCGCTGTGTTTCAC-1,0,Monocytes_CD14,,Classical monocytes,Classical monocytes,0.9991884102961911
ACCCGCTGTTAGAGCC-1,9,Monocytes_general,,DC2,DC2,0.9998572846808184
ACCCGCTGTTAGGATT-1,0,Monocytes_CD14,,Classical monocytes,Classical monocytes,0.9901952704136482
ACCCGCTGTTTGAGGC-1,2,T_cells_general,,Tcm/Naive helper T cells,Tcm/Naive helper T cells,0.9949458749637571
ACCCGGTAGCATGTTA-1,1,CD4_T_cells,,Tcm/Naive helper T cells,Tcm/Naive helper T cells,0.9985644216885221
ACCCGGTAGTACTGGT-1,3,CD4_T_cells,,Tcm/Naive cytotoxic T cells,Tcm/Naive cytotoxic T cells,0.9981343335403546
ACCCGGTAGTAGGATG-1,0,Monocytes_CD14,,Classical monocytes,Classical monocytes,0.9982835779122904
ACCCGTAAGAGCCGGA-1,3,CD4_T_cells,,Tcm/Naive cytotoxic T cells,Tcm/Naive cytotoxic T cells,0.9990501434883026
ACCCGTAAGAGGAGTC-1,3,CD4_T_cells,,Tcm/Naive cytotoxic T cells,Tcm/Naive cytotoxic T cells,0.9924841224304711
ACCCGTAAGCATGTTA-1,2,T_cells_general,,Tcm/Naive helper T cells,Tem/Effector helper T cells,0.7805689814197484
ACCCGTAAGGATTGAG-1,2,T_cells_general,,Tcm/Naive helper T cells,Tcm/Naive helper T cells,0.9967964063897928
ACCCGTAAGGCGTAAA-1,3,CD4_T_cells,,Tcm/Naive cytotoxic T cells,Tcm/Naive cytotoxic T cells,0.996613831265871
ACCCGTAAGGCTTAAC-1,3,CD4_T_cells,,Tcm/Naive cytotoxic T cells,Tcm/Naive cytotoxic T cells,0.9882342770529052
ACCCGTAAGGTGAAGC-1,6,B_cells,,Age-associated B cells,Age-associated B cells,0.9999971756244956
ACCCGTAAGTGAGGGT-1,1,CD4_T_cells,,Tcm/Naive helper T cells,Tcm/Naive helper T cells,0.999889014491706
ACCCTCCCAAGCTACC-1,0,Monocytes_CD14,,Classical monocytes,Classical monocytes,0.9999765101708376
ACCCTCCCACCCTCAC-1,4,Cytotoxic_T_NK,,Tem/Temra cytotoxic T cells,Tem/Temra cytotoxic T cells,0.8749080967319566
ACCCTCCCACCGGTAT-1,8,B_cells,,Naive B cells,Naive B cells,0.9999949279500768
ACCCTCCCAGGAACTG-1,3,CD4_T_cells,,Tcm/Naive cytotoxic T cells,Tcm/Naive cytotoxic T cells,0.9968219812615989
ACCCTCCCAGTAGGTG-1,5,Cytotoxic_T_NK,,CD16- NK cells,CD16+ NK cells,0.9736075432360551
ACCCTCCCATAAGTTC-1,1,CD4_T_cells,,Classical monocytes,Classical monocytes,0.9191807019385991
ACCCTGTTCAAACCGT-1,0,Monocytes_CD14,,Classical monocytes,Classical monocytes,0.8733606919169717
ACCCTGTTCCTCCCTC-1,1,CD4_T_cells,,Tcm/Naive helper T cells,Tcm/Naive helper T cells,0.8204909862740326
ACCCTGTTCTGGCAAT-1,7,Monocytes_general,,Non-classical monocytes,Non-classical monocytes,0.9903682184572989
ACCGAAGCACAGGGAC-1,1,CD4_T_cells,,Tcm/Naive helper T cells,Tcm/Naive helper T cells,0.9971545798136761
ACCGAAGCATAATTGC-1,1,CD4_T_cells,,Tcm/Naive helper T cells,Tcm/Naive helper T cells,0.9989490426132985
ACCGAAGCATCCTGAA-1,3,CD4_T_cells,,Tcm/Naive cytotoxic T cells,Tcm/Naive cytotoxic T cells,0.9992683907600151
ACCGCAATCAAGGACA-1,0,Monocytes_CD14,,Classical monocytes,Classical monocytes,0.999984263542104
ACCGCAATCATTACAG-1,1,CD4_T_cells,,Tcm/Naive helper T cells,Tcm/Naive helper T cells,0.9999990447149845
ACCGCAATCCCGAACA-1,4,Cytotoxic_T_NK,,Tem/Trm cytotoxic T cells,Tem/Trm cytotoxic T cells,0.765941618950255
ACCGCAATCGTTTCCA-1,2,T_cells_general,,Regulatory T cells,Regulatory T cells,0.9984978287623466
ACCGCAATCTAATCAG-1,0,Monocytes_CD14,,Classical monocytes,Classical monocytes,0.9999692983552182
ACCGCAATCTCAATTC-1,2,T_cells_general,,Tem/Effector helper T cells,Tem/Effector helper T cells,0.7973064847346204
ACCGGCTAGAGGCTAA-1,0,Monocytes_CD14,,Classical monocytes,Classical monocytes,0.6661628153726008
ACCGGCTAGGAATAAC-1,1,CD4_T_cells,,Tcm/Naive helper T cells,Tcm/Naive helper T cells,0.7292793427923954
ACCGGCTAGGACCTGC-1,6,B_cells,,Memory B cells,Memory B cells,0.9973542772246005
ACCGGCTAGTAGCGGG-1,0,Monocytes_CD14,,Classical monocytes,Classical monocytes,0.9999279917175915
ACCGGCTAGTGAGCAA-1,7,Monocytes_general,,Non-classical monocytes,Non-classical monocytes,0.999964220960673
ACCTAAATCATTCATC-1,4,Cytotoxic_T_NK,,Tem/Temra cytotoxic T cells,Tem/Trm cytotoxic T cells,0.5330213169826493
ACCTAAATCCTGAGTG-1,3,CD4_T_cells,,Tcm/Naive helper T cells,Tcm/Naive cytotoxic T cells,0.9866232101757559
ACCTAAATCGTTTCTG-1,2,T_cells_general,,Tcm/Naive helper T cells,Tcm/Naive helper T cells,0.9880399133800268
ACCTAAATCTCCATAT-1,0,Monocytes_CD14,,Classical monocytes,Classical monocytes,0.9998244953877221
ACCTAAATCTGCAAAC-1,2,T_cells_general,,Tem/Effector helper T cells,Tem/Effector helper T cells,0.36200806792364226
ACCTAAGGTCCCGAAG-1,1,CD4_T_cells,,Tcm/Naive helper T cells,Tcm/Naive helper T cells,0.9998518514242061
ACCTAAGGTTCGGGAT-1,8,B_cells,,Naive B cells,Naive B cells,0.9999956412055043
ACCTACCTCAGGTTTA-1,0,Monocytes_CD14,,Classical monocytes,Classical monocytes,0.9995778455636233
ACCTACCTCGCTCACT-1,3,CD4_T_cells,,Tcm/Naive helper T cells,Tcm/Naive helper T cells,0.45995966303775365
ACCTACCTCTAGCTTT-1,1,CD4_T_cells,,Tcm/Naive helper T cells,Tcm/Naive helper T cells,0.9249820371703781
ACCTACCTCTTTAAGG-1,0,Monocytes_CD14,,Non-classical monocytes,Classical monocytes,0.7779548124688968
ACCTCACTCATGGCTG-1,6,B_cells,,Memory B cells,Memory B cells,0.9999960093515331
ACCTCACTCGGCCATA-1,0,Monocytes_CD14,,Classical monocytes,Classical monocytes,0.9999986113486755
ACCTCACTCGTGCTTC-1,0,Monocytes_CD14,,Classical monocytes,Classical monocytes,0.9999836336312768
ACCTCACTCTTGTCCA-1,0,Monocytes_CD14,,Classical monocytes,Classical monocytes,0.9999881711230011
ACCTGGATCAGGCCTA-1,3,CD4_T_cells,,Tcm/Naive cytotoxic T cells,Tcm/Naive cytotoxic T cells,0.09511259252488058
ACCTGGATCCCTGTTA-1,3,CD4_T_cells,,Tcm/Naive cytotoxic T cells,Tcm/Naive cytotoxic T cells,0.9998533430250913
ACCTGGATCCTCAGTC-1,0,Monocytes_CD14,,Classical monocytes,Classical monocytes,0.9943865093702645
ACCTGGATCGCGCTAA-1,1,CD4_T_cells,,Tcm/Naive helper T cells,Tcm/Naive helper T cells,0.7898618578233546
ACCTGGATCGGCTAGC-1,3,CD4_T_cells,,Tcm/Naive cytotoxic T cells,Tcm/Naive cytotoxic T cells,0.37149833849563346
ACCTGGATCTTGTCCA-1,0,Monocytes_CD14,,Classical monocytes,Classical monocytes,0.9998200586998639
ACCTGGTCAAGGTCCT-1,0,Monocytes_CD14,,Classical monocytes,Classical monocytes,0.9990498095581123
ACCTGGTCACGTAATT-1,0,Monocytes_CD14,,Classical monocytes,Classical monocytes,0.9999609652587079
ACCTGGTCAGCAGGTA-1,0,Monocytes_CD14,,Non-classical monocytes,Classical monocytes,0.9933413102693974
ACCTGGTCAGGTTCAC-1,3,CD4_T_cells,,Tcm/Naive cytotoxic T cells,Tcm/Naive cytotoxic T cells,0.9998796588918499
ACCTGGTCAGTGAACG-1,2,T_cells_general,,Tem/Effector helper T cells,Tem/Effector helper T cells,0.9999481863124948
ACCTGGTCATAATCAC-1,1,CD4_T_cells,,Tcm/Naive helper T cells,Tcm/Naive helper T cells,0.999996891144986
ACCTGGTCATACTCCT-1,5,Cytotoxic_T_NK,,CD16+ NK cells,CD16+ NK cells,0.7340662455096568
ACCTGGTCATGAAATG-1,7,Monocytes_general,,Non-classical monocytes,Non-classical monocytes,0.9554588983823903
ACCTGTTGTCAAGTAT-1,0,Monocytes_CD14,,Classical monocytes,Classical monocytes,0.9973546932384099
ACCTGTTGTCATGCCC-1,2,T_cells_general,,Tcm/Naive helper T cells,Tcm/Naive helper T cells,0.9948979839691334
ACCTGTTGTCGCAAAC-1,6,B_cells,,Memory B cells,Memory B cells,0.9994148410976503
ACCTGTTGTGACCTGG-1,1,CD4_T_cells,,Type 17 helper T cells,Tcm/Naive helper T cells,0.0388063293872305
ACCTGTTGTGCAATGC-1,1,CD4_T_cells,,Tcm/Naive helper T cells,Tcm/Naive helper T cells,0.9999660649021733
ACCTGTTGTTAACGGC-1,11,pDC,,pDC,pDC,0.9999999991935351
ACCTGTTGTTTGAGGC-1,2,T_cells_general,,Tem/Effector helper T cells,Tcm/Naive helper T cells,0.9610173852202413
ACCTTCCAGCCTGTGA-1,2,T_cells_general,,Tem/Effector helper T cells,Tcm/Naive helper T cells,0.28724495532556277
ACCTTCCAGGAACGCG-1,0,Monocytes_CD14,,Classical monocytes,Classical monocytes,0.9996237651369698
ACCTTCCAGGACCGCT-1,1,CD4_T_cells,,Tcm/Naive helper T cells,Tcm/Naive helper T cells,0.9999919684884546
ACCTTCCAGGACCTCA-1,2,T_cells_general,,Tcm/Naive helper T cells,Tcm/Naive helper T cells,0.5650049821413052
ACCTTCCAGGACGTAA-1,1,CD4_T_cells,,Tcm/Naive helper T cells,Tcm/Naive helper T cells,0.9752291795577553
ACCTTCCAGTTAGCCG-1,3,CD4_T_cells,,Tcm/Naive helper T cells,Tcm/Naive cytotoxic T cells,0.9999707704183929
ACCTTGCTCAATGACC-1,2,T_cells_general,,Tcm/Naive helper T cells,Tem/Effector helper T cells,0.9297162338762199
ACCTTGCTCACGTTAA-1,2,T_cells_general,,Tcm/Naive helper T cells,Tcm/Naive helper T cells,0.9056827516826399
ACCTTGCTCACTAGGT-1,1,CD4_T_cells,,Tcm/Naive helper T cells,Tcm/Naive helper T cells,0.8493087020429491
ACCTTGCTCCCATAAA-1,1,CD4_T_cells,,Tcm/Naive helper T cells,Tcm/Naive helper T cells,0.8472511314522861
ACCTTGCTCCGGTATG-1,0,Monocytes_CD14,,Classical monocytes,Classical monocytes,0.9995650057244067
ACCTTGCTCCTAATGA-1,3,CD4_T_cells,,Tcm/Naive cytotoxic T cells,Tcm/Naive cytotoxic T cells,0.9994400168323306
ACCTTGCTCGCTCACT-1,0,Monocytes_CD14,,Classical monocytes,Classical monocytes,0.9984783134963701
ACCTTGCTCTAAGTGC-1,2,T_cells_general,,Tem/Effector helper T cells,Tcm/Naive helper T cells,0.7638027105011143
ACCTTGCTCTGCAAGT-1,2,T_cells_general,,Tem/Effector helper T cells,Tem/Effector helper T cells,0.9269391853733778
ACCTTGTGTCGCGCAA-1,4,Cytotoxic_T_NK,,Tem/Temra cytotoxic T cells,Tem/Temra cytotoxic T cells,0.9993322642372037
ACGAACAAGCAATAGG-1,2,T_cells_general,,Regulatory T cells,Regulatory T cells,0.9999999997700137
ACGAACAAGCACTTGG-1,2,T_cells_general,,Tcm/Naive helper T cells,Tcm/Naive helper T cells,0.9939679685975266
ACGAACAAGCCACAAT-1,1,CD4_T_cells,,Tcm/Naive helper T cells,Tcm/Naive helper T cells,0.9999753366263262
ACGAACAAGGCGCATC-1,0,Monocytes_CD14,,Classical monocytes,Classical monocytes,0.9996104577564685
ACGAACAAGTAACAGG-1,4,Cytotoxic_T_NK,,Tem/Temra cytotoxic T cells,Tem/Temra cytotoxic T cells,0.6133023114786779
ACGAACAAGTAAGTGG-1,0,Monocytes_CD14,,Classical monocytes,Classical monocytes,0.9985961071205961
ACGAACAAGTCACTCC-1,0,Monocytes_CD14,,Classical monocytes,Classical monocytes,0.9999269061509124
ACGAAGTCAACCCTCC-1,1,CD4_T_cells,,Tcm/Naive helper T cells,Tcm/Naive helper T cells,0.9995653403921522
ACGAAGTCAAGGAATC-1,3,CD4_T_cells,,Tcm/Naive cytotoxic T cells,Tcm/Naive cytotoxic T cells,0.8945353066735647
ACGAAGTCACTGGCTG-1,2,T_cells_general,,Tcm/Naive helper T cells,Tcm/Naive helper T cells,0.22796114776064785
ACGAAGTCAGGAACAT-1,1,CD4_T_cells,,Tcm/Naive helper T cells,Tcm/Naive helper T cells,0.9848581484542367
ACGAAGTCATGCAACC-1,0,Monocytes_CD14,,Classical monocytes,Classical monocytes,0.9965495436742501
ACGAATCTCATTTGCT-1,0,Monocytes_CD14,,Classical monocytes,Classical monocytes,0.9999990270920467
ACGAATCTCCTCGATC-1,3,CD4_T_cells,,Tcm/Naive cytotoxic T cells,Tcm/Naive cytotoxic T cells,0.9904868130702532
ACGACAAAGTCACCTC-1,2,T_cells_general,,Tcm/Naive helper T cells,Tem/Effector helper T cells,0.9329920388138087
ACGACAAAGTTTCCGC-1,2,T_cells_general,,Regulatory T cells,Tcm/Naive helper T cells,0.9548086513120156
ACGACTTAGCGGGCAA-1,0,Monocytes_CD14,,Classical monocytes,Classical monocytes,0.7300259721448286
ACGACTTAGGACCTCA-1,4,Cytotoxic_T_NK,,Tem/Trm cytotoxic T cells,Tem/Trm cytotoxic T cells,0.5217738344329513
ACGACTTAGGTAAGCA-1,0,Monocytes_CD14,,Classical monocytes,Classical monocytes,0.9999999927592493
ACGACTTAGGTGTCCA-1,0,Monocytes_CD14,,Classical monocytes,Classical monocytes,0.7614227274830698
ACGACTTAGTTAGTGC-1,6,B_cells,,Memory B cells,Memory B cells,0.9999957026465945
ACGAGTAAGGCTACAT-1,2,T_cells_general,,Tcm/Naive helper T cells,Tcm/Naive helper T cells,0.9840176933979508
ACGAGTAAGTAAGGGC-1,0,Monocytes_CD14,,Classical monocytes,Classical monocytes,0.998177520601344
ACGAGTAAGTCATGCG-1,0,Monocytes_CD14,,Classical monocytes,Classical monocytes,0.9989684209258493
ACGAGTAAGTGGCGGA-1,3,CD4_T_cells,,Tcm/Naive cytotoxic T cells,Tcm/Naive cytotoxic T cells,0.752796088416855
ACGAGTAAGTTACCGG-1,7,Monocytes_general,,Non-classical monocytes,Non-classical monocytes,0.9999993135134934
ACGATTCAGAAAGGAA-1,2,T_cells_general,,Tcm/Naive helper T cells,Tcm/Naive helper T cells,0.9994479968809902
ACGATTCAGAATCTCA-1,2,T_cells_general,,Tcm/Naive helper T cells,Tcm/Naive helper T cells,0.43912580459626427
ACGATTCAGACTATTG-1,0,Monocytes_CD14,,Classical monocytes,Classical monocytes,0.9993975076245954
ACGATTCAGCTAATTG-1,7,Monocytes_general,,Non-classical monocytes,Non-classical monocytes,0.999999704678002
ACGATTCAGTTATCTC-1,7,Monocytes_general,,Non-classical monocytes,Non-classical monocytes,0.997066705772424
ACGCAAGCACCGGTAT-1,1,CD4_T_cells,,Tcm/Naive helper T cells,Tcm/Naive helper T cells,0.9997869311259379
ACGCAAGCACGAACAG-1,1,CD4_T_cells,,Tcm/Naive helper T cells,Tcm/Naive helper T cells,0.9992328971095374
ACGCAAGCACTGACTA-1,1,CD4_T_cells,,Tcm/Naive helper T cells,Tcm/Naive helper T cells,0.999767939873526
ACGCAAGCATAATTGC-1,0,Monocytes_CD14,,Classical monocytes,Classical monocytes,0.9999804730957493
ACGCACGGTTAGCGTA-1,3,CD4_T_cells,,Tcm/Naive helper T cells,Tcm/Naive cytotoxic T cells,0.9898184860763221
ACGCACGGTTGTAACG-1,2,T_cells_general,,Tcm/Naive helper T cells,Tcm/Naive helper T cells,0.9999594275156015
ACGCCACAGGCGCACT-1,0,Monocytes_CD14,,Classical monocytes,Classical monocytes,0.9999687900339347
ACGCCACAGTAGCTTA-1,6,B_cells,,Memory B cells,Memory B cells,0.9932730586782103
ACGCCACAGTTATCTC-1,7,Monocytes_general,,Non-classical monocytes,Non-classical monocytes,0.9999895258845395
ACGCCTAAGAGGCTAA-1,1,CD4_T_cells,,Tcm/Naive helper T cells,Tcm/Naive helper T cells,0.9998648873800282
ACGCCTAAGCTAGAAG-1,3,CD4_T_cells,,Tcm/Naive helper T cells,Tcm/Naive cytotoxic T cells,0.863357590378617
ACGCCTAAGCTATTAG-1,9,Monocytes_general,,DC1,DC2,0.9999893652666568
ACGCCTAAGCTGAGGG-1,2,T_cells_general,,Tcm/Naive helper T cells,Regulatory T cells,0.98287848454101
ACGCCTAAGGACCTGC-1,1,CD4_T_cells,,Tcm/Naive helper T cells,Tcm/Naive helper T cells,0.9967076119292655
ACGCCTAAGGGTGAAC-1,1,CD4_T_cells,,Tcm/Naive helper T cells,Tcm/Naive helper T cells,0.9999809985614369
ACGCCTAAGGTAGCTT-1,0,Monocytes_CD14,,Classical monocytes,Classical monocytes,0.9999877081105889
ACGCCTAAGTAAAGGT-1,1,CD4_T_cells,,Tcm/Naive helper T cells,Tcm/Naive helper T cells,0.9966824237529386
ACGCCTTTCATGAAGG-1,0,Monocytes_CD14,,Non-classical monocytes,Classical monocytes,0.999528325458348
ACGCCTTTCCGGGACT-1,0,Monocytes_CD14,,Classical monocytes,Classical monocytes,0.9996373207641251
ACGCCTTTCCTAGTAA-1,6,B_cells,,Memory B cells,Memory B cells,0.7642839057490741
ACGCCTTTCCTCGATC-1,3,CD4_T_cells,,Tcm/Naive cytotoxic T cells,Tcm/Naive cytotoxic T cells,0.959171869290207
ACGCCTTTCGTGCTTC-1,3,CD4_T_cells,,Tcm/Naive cytotoxic T cells,Tcm/Naive cytotoxic T cells,0.9999338646978784
ACGCTTGAGCATGTCG-1,7,Monocytes_general,,Non-classical monocytes,Non-classical monocytes,0.9999947062350497
ACGCTTGAGCGATAAG-1,0,Monocytes_CD14,,Classical monocytes,Classical monocytes,0.9995825705729421
ACGCTTGAGGCTACAT-1,1,CD4_T_cells,,Tcm/Naive helper T cells,Tcm/Naive helper T cells,0.9998711581744126
ACGCTTGAGGTCCTGA-1,0,Monocytes_CD14,,Classical monocytes,Classical monocytes,0.661443666935897
ACGCTTGAGTGAGCAA-1,3,CD4_T_cells,,Tcm/Naive cytotoxic T cells,Tcm/Naive cytotoxic T cells,0.9775262786263155
ACGCTTGAGTTAGGCT-1,8,B_cells,,Naive B cells,Naive B cells,0.9999999573658798
ACGCTTGAGTTATCTC-1,4,Cytotoxic_T_NK,,Tem/Trm cytotoxic T cells,Tem/Temra cytotoxic T cells,0.3281190098150859
ACGCTTGAGTTCCTCA-1,5,Cytotoxic_T_NK,,CD16+ NK cells,CD16+ NK cells,0.999995541400942
ACGCTTGAGTTGTCCC-1,0,Monocytes_CD14,,Classical monocytes,Classical monocytes,0.9840392141390798
ACGGGAAGTGTTAGCA-1,3,CD4_T_cells,,Tcm/Naive helper T cells,Tcm/Naive cytotoxic T cells,0.8813489128679609
ACGGTACGTGAATCGC-1,2,T_cells_general,,Tcm/Naive helper T cells,Tcm/Naive helper T cells,0.9984452751586654
ACGGTACGTTACATCC-1,4,Cytotoxic_T_NK,,Tem/Temra cytotoxic T cells,Tem/Temra cytotoxic T cells,0.8227631541205502
ACGGTACGTTACTAGG-1,0,Monocytes_CD14,,Classical monocytes,Classical monocytes,0.9975076404129214
ACGGTACGTTCCTCCT-1,0,Monocytes_CD14,,Classical monocytes,Classical monocytes,0.9999954484406646
ACGGTACGTTGCAGTA-1,7,Monocytes_general,,Non-classical monocytes,Non-classical monocytes,0.9999872394261756
ACGGTACGTTGTTGCT-1,0,Monocytes_CD14,,Classical monocytes,Classical monocytes,0.8808777521030327
ACGGTTAGTACGCGCA-1,4,Cytotoxic_T_NK,,Myelocytes,Tem/Temra cytotoxic T cells,0.04979171523049167
ACGGTTAGTGTCACGG-1,6,B_cells,,Memory B cells,Memory B cells,0.9474797530597661
ACGGTTAGTTGTAAAC-1,1,CD4_T_cells,,Tcm/Naive helper T cells,Tcm/Naive helper T cells,0.9966199333658545
ACGGTTTAGATGGACA-1,6,B_cells,,Memory B cells,Memory B cells,0.9976712150765115
ACGGTTTAGCCTGAGC-1,0,Monocytes_CD14,,Classical monocytes,Classical monocytes,0.9753994353167769
ACGGTTTAGTTATCTC-1,4,Cytotoxic_T_NK,,Tem/Temra cytotoxic T cells,Tem/Temra cytotoxic T cells,0.9913998663210931
ACGTACCCAACAACAA-1,7,Monocytes_general,,Non-classical monocytes,Non-classical monocytes,0.9999999756324415
ACGTACCCAAGGCCAA-1,2,T_cells_general,,Regulatory T cells,Regulatory T cells,0.6513687011945044
ACGTACCCACTCGCTC-1,1,CD4_T_cells,,Tcm/Naive helper T cells,Tcm/Naive cytotoxic T cells,0.9040413720122684
ACGTACCCAGAGGCTA-1,3,CD4_T_cells,,Tcm/Naive cytotoxic T cells,Tcm/Naive cytotoxic T cells,0.9977997432314185
ACGTACCCAGGCGATA-1,4,Cytotoxic_T_NK,,Tem/Trm cytotoxic T cells,Tem/Trm cytotoxic T cells,0.9775237683998778
ACGTACCCAGTTTGGC-1,3,CD4_T_cells,,Tcm/Naive cytotoxic T cells,Tcm/Naive cytotoxic T cells,0.7797090768911816
ACGTACCCATGAAATG-1,3,CD4_T_cells,,Tcm/Naive cytotoxic T cells,Tcm/Naive cytotoxic T cells,0.999989361778531
ACGTACCCATGAGCAG-1,1,CD4_T_cells,,Tcm/Naive helper T cells,Tcm/Naive helper T cells,0.976738795311656
ACGTACCCATGCTTAG-1,1,CD4_T_cells,,Tcm/Naive helper T cells,Tcm/Naive helper T cells,0.999880532847377
ACGTACCCATTAGGCC-1,8,B_cells,,Naive B cells,Naive B cells,0.9999999992623352
ACGTCAAGTCACCAAA-1,0,Monocytes_CD14,,Non-classical monocytes,Classical monocytes,0.9741063293413595
ACGTCAAGTGCTCCAC-1,4,Cytotoxic_T_NK,,Tem/Trm cytotoxic T cells,Tem/Temra cytotoxic T cells,0.07923286961731106
ACGTCAAGTTCCTGAT-1,1,CD4_T_cells,,Tcm/Naive helper T cells,Tcm/Naive helper T cells,0.9955264478937284
ACGTCCAAGCGATAAG-1,4,Cytotoxic_T_NK,,Tem/Temra cytotoxic T cells,Tem/Temra cytotoxic T cells,0.9999618413808077
ACGTCCAAGCTATGAC-1,1,CD4_T_cells,,Tcm/Naive helper T cells,Tcm/Naive helper T cells,0.9989748852472345
ACGTCCAAGTAACCCG-1,1,CD4_T_cells,,Tcm/Naive helper T cells,Tcm/Naive helper T cells,0.9999911336373317
ACGTCCAAGTTACCGG-1,3,CD4_T_cells,,Tcm/Naive helper T cells,Tcm/Naive helper T cells,0.9645740140857408
ACGTCCTTCACCTGCT-1,1,CD4_T_cells,,Tcm/Naive helper T cells,Tcm/Naive helper T cells,0.9999997927124232
ACGTCCTTCCAAATCA-1,0,Monocytes_CD14,,Classical monocytes,Classical monocytes,0.9999314553498001
ACGTCCTTCCACCTGT-1,0,Monocytes_CD14,,Classical monocytes,Classical monocytes,0.9956895893468725
ACGTCCTTCCTTGTTG-1,1,CD4_T_cells,,Tcm/Naive helper T cells,Tcm/Naive helper T cells,0.9995950046244557
ACGTCCTTCGACCTGA-1,2,T_cells_general,,Tem/Effector helper T cells,Tem/Effector helper T cells,0.9648551772775583
ACGTCCTTCGGTTACG-1,2,T_cells_general,,Tcm/Naive helper T cells,Tcm/Naive helper T cells,0.5373369731241444
ACGTCCTTCGGTTTCC-1,3,CD4_T_cells,,Tcm/Naive helper T cells,Tcm/Naive cytotoxic T cells,0.9998002428511081
ACGTCCTTCTCAATAG-1,0,Monocytes_CD14,,Classical monocytes,Classical monocytes,0.9265233750012156
ACGTCCTTCTTAGTCT-1,0,Monocytes_CD14,,Classical monocytes,Classical monocytes,0.8280750556374149
ACGTTACAGCCACATG-1,1,CD4_T_cells,,Tcm/Naive helper T cells,Tcm/Naive helper T cells,0.9911442747895712
ACGTTACAGTAAACCC-1,2,T_cells_general,,Tem/Effector helper T cells,Tem/Effector helper T cells,0.9580094970740369
ACGTTACAGTTCCTGC-1,5,Cytotoxic_T_NK,,CD16+ NK cells,CD16+ NK cells,0.9942013061524588
ACGTTGTAGAACCTGT-1,0,Monocytes_CD14,,Classical monocytes,Classical monocytes,0.9964639924527084
ACGTTGTAGGCAGGTG-1,1,CD4_T_cells,,Tcm/Naive helper T cells,Tcm/Naive helper T cells,0.9972868834824852
ACGTTGTAGGGCCATC-1,0,Monocytes_CD14,,Classical monocytes,Classical monocytes,0.9999976654588014
ACTAAAGCAATTAGCT-1,2,T_cells_general,,Tcm/Naive helper T cells,Tem/Effector helper T cells,0.9831710382644935
ACTAAAGCAATTGCGC-1,3,CD4_T_cells,,Tcm/Naive helper T cells,Tcm/Naive helper T cells,0.9104249286846103
ACTAAAGCACACCAAC-1,1,CD4_T_cells,,Tcm/Naive helper T cells,Tcm/Naive helper T cells,0.9998949049853646
ACTAAAGCAGGACACA-1,0,Monocytes_CD14,,Classical monocytes,Classical monocytes,0.9603823506676136
ACTAAAGCAGTAGCCT-1,0,Monocytes_CD14,,Classical monocytes,Classical monocytes,0.9886223590097069
ACTAACCAGACAAGTG-1,7,Monocytes_general,,Non-classical monocytes,Non-classical monocytes,0.9945804798104816
ACTAACCAGCATGTCG-1,1,CD4_T_cells,,Tcm/Naive helper T cells,Tcm/Naive helper T cells,0.9977502937175388
ACTAACGGTACAAAGA-1,0,Monocytes_CD14,,Classical monocytes,Classical monocytes,0.8507044239636881
ACTAACGGTCAGGCCA-1,4,Cytotoxic_T_NK,,CD8a/a,CD8a/a,0.8624461132853605
ACTAACGGTCCGGTTC-1,1,CD4_T_cells,,Tcm/Naive helper T cells,Tcm/Naive helper T cells,0.9749260289487334
ACTAACGGTCCTTTAA-1,4,Cytotoxic_T_NK,,Tem/Temra cytotoxic T cells,Tem/Temra cytotoxic T cells,0.99931320924934
ACTAACGGTGAAACAA-1,3,CD4_T_cells,,Tcm/Naive cytotoxic T cells,Tcm/Naive cytotoxic T cells,0.7680123182564784
ACTAACGGTGTTGTGA-1,0,Monocytes_CD14,,Classical monocytes,Classical monocytes,0.925594499985741
ACTAACGGTTGGCGTG-1,2,T_cells_general,,Tcm/Naive helper T cells,Tcm/Naive helper T cells,0.8213987601585052
ACTAACGGTTTAAAGC-1,2,T_cells_general,,Tem/Effector helper T cells,Tcm/Naive helper T cells,0.9577286811549361
ACTAACTCAAGGCCAA-1,1,CD4_T_cells,,Tcm/Naive helper T cells,Tcm/Naive helper T cells,0.9482968150716656
ACTAACTCAAGGTATA-1,7,Monocytes_general,,Non-classical monocytes,Non-classical monocytes,0.9999996517778309
ACTAACTCAATTTGGT-1,1,CD4_T_cells,,Tcm/Naive helper T cells,Tcm/Naive helper T cells,0.9999813589735712
ACTAACTCACCTAAGC-1,1,CD4_T_cells,,Tcm/Naive helper T cells,Tcm/Naive helper T cells,0.9999186217400888
ACTAACTCAGGAACAT-1,1,CD4_T_cells,,Tcm/Naive helper T cells,Tcm/Naive helper T cells,0.9999986001314282
ACTAACTCATTGTCCT-1,0,Monocytes_CD14,,Non-classical monocytes,Classical monocytes,0.993168109762074
ACTAATCCAAGGAATC-1,0,Monocytes_CD14,,Classical monocytes,Classical monocytes,0.9401947172732964
ACTAATCCAAGTAAGC-1,1,CD4_T_cells,,Tcm/Naive helper T cells,Tcm/Naive helper T cells,0.9999840182503805
ACTAATCCAATAAGCA-1,6,B_cells,,Memory B cells,Memory B cells,0.9991674354341438
ACTAATCCAGGAACTG-1,3,CD4_T_cells,,Tcm/Naive cytotoxic T cells,Tcm/Naive cytotoxic T cells,0.999873317577256
ACTAATCCATAATTGC-1,1,CD4_T_cells,,Tcm/Naive helper T cells,Tcm/Naive helper T cells,0.9999922769769259
ACTAATCCATGAATCT-1,1,CD4_T_cells,,Tcm/Naive helper T cells,Tcm/Naive helper T cells,0.9999870152330411
ACTAGGCGTCCCGAAG-1,3,CD4_T_cells,,Tcm/Naive helper T cells,Tcm/Naive helper T cells,0.9892285455268357
ACTAGGCGTTAGACCA-1,0,Monocytes_CD14,,Classical monocytes,Classical monocytes,0.999956680802351
ACTAGGCGTTATCCTA-1,0,Monocytes_CD14,,Classical monocytes,Classical monocytes,0.9992152581182382
ACTAGGCGTTTGGCGG-1,2,T_cells_general,,Tcm/Naive helper T cells,Tcm/Naive helper T cells,0.9330293258272948
ACTATCCGTACAAAGA-1,1,CD4_T_cells,,Tcm/Naive helper T cells,Tcm/Naive helper T cells,0.9999658874873582
ACTATCCGTATTGGTG-1,1,CD4_T_cells,,Tcm/Naive helper T cells,Tcm/Naive helper T cells,0.9994148079648069
ACTATCCGTGAGACTC-1,2,T_cells_general,,Tcm/Naive helper T cells,Tcm/Naive helper T cells,0.9991933500528674
ACTATCCGTGATCATG-1,0,Monocytes_CD14,,Classical monocytes,Classical monocytes,0.9687222771312648
ACTATCCGTGTTAGCA-1,11,pDC,,pDC,pDC,0.9999999956274095
ACTATGTCAATAGCAA-1,9,Monocytes_general,,DC2,DC2,0.9986011503333603
ACTATGTCATTATCCC-1,2,T_cells_general,,Tcm/Naive helper T cells,Tcm/Naive helper T cells,0.9807350782915375
ACTCACCTCATGCTCC-1,3,CD4_T_cells,,Tcm/Naive cytotoxic T cells,Tcm/Naive cytotoxic T cells,0.9925984659846644
ACTCACCTCCTGCGAA-1,0,Monocytes_CD14,,Classical monocytes,Classical monocytes,0.9878345349836197
ACTCACCTCGATCAGT-1,3,CD4_T_cells,,Tcm/Naive helper T cells,Tcm/Naive cytotoxic T cells,0.3101423938199021
ACTCACTGTCAAGTAT-1,4,Cytotoxic_T_NK,,CD16- NK cells,Tem/Trm cytotoxic T cells,0.8952592516927971
ACTCACTGTCCCGAAG-1,0,Monocytes_CD14,,Classical monocytes,Classical monocytes,0.8831999627015842
ACTCACTGTTACCTGT-1,3,CD4_T_cells,,Tcm/Naive cytotoxic T cells,Tcm/Naive cytotoxic T cells,0.9982639676385301
ACTCACTGTTACTAGG-1,5,Cytotoxic_T_NK,,CD16+ NK cells,CD16+ NK cells,0.9999786123044762
ACTCACTGTTTCAGGA-1,0,Monocytes_CD14,,Classical monocytes,Classical monocytes,0.9998364229354875
ACTCACTGTTTGGCGG-1,2,T_cells_general,,Regulatory T cells,Regulatory T cells,0.880982471287948
ACTCACTGTTTGGTTC-1,5,Cytotoxic_T_NK,,CD16+ NK cells,CD16+ NK cells,0.9953296594180575
ACTCAGTAGCGAGTAA-1,0,Monocytes_CD14,,Classical monocytes,Classical monocytes,0.9883670589801683
ACTCAGTAGGACCGCT-1,3,CD4_T_cells,,Tcm/Naive cytotoxic T cells,Tcm/Naive cytotoxic T cells,0.5696127077389618
ACTCAGTAGGATTGAG-1,0,Monocytes_CD14,,Classical monocytes,Classical monocytes,0.7555353774019667
ACTCAGTAGGCACAGG-1,3,CD4_T_cells,,Tcm/Naive cytotoxic T cells,Tcm/Naive cytotoxic T cells,0.9457967243905124
ACTCAGTAGTAGGATG-1,3,CD4_T_cells,,Tcm/Naive helper T cells,Tcm/Naive cytotoxic T cells,0.7722531179697024
ACTCCTCAGCAGCTCA-1,0,Monocytes_CD14,,Classical monocytes,Classical monocytes,0.9999972920501017
ACTCCTCAGCTTACTT-1,7,Monocytes_general,,Non-classical monocytes,Non-classical monocytes,0.9999997841870691
ACTCCTCAGGCATTAC-1,3,CD4_T_cells,,Tcm/Naive helper T cells,Tcm/Naive helper T cells,0.5709461001958578
ACTCGCGCAATCCTGA-1,1,CD4_T_cells,,Tcm/Naive helper T cells,Tcm/Naive helper T cells,0.9996329699619436
ACTCGCGCAATGCGCT-1,1,CD4_T_cells,,Tcm/Naive helper T cells,Tcm/Naive helper T cells,0.9999898609947093
ACTCGCGCAATTAGCT-1,0,Monocytes_CD14,,Classical monocytes,Classical monocytes,0.9976380549549292
ACTCGCGCACGTTACA-1,0,Monocytes_CD14,,Classical monocytes,Classical monocytes,0.9990751508800645
ACTCGCGCACTGACTA-1,8,B_cells,,Naive B cells,Naive B cells,0.9285770952144479
ACTCGCGCAGCAAGTG-1,0,Monocytes_CD14,,Classical monocytes,Classical monocytes,0.999648162410795
ACTCGCGCAGGCCAAA-1,2,T_cells_general,,Tcm/Naive helper T cells,Tcm/Naive helper T cells,0.6750681872843434
ACTCGCGCAGGTTTGC-1,1,CD4_T_cells,,Tcm/Naive helper T cells,Tcm/Naive helper T cells,0.9997794724257618
ACTCGCGCAGTTTACG-1,4,Cytotoxic_T_NK,,Tem/Temra cytotoxic T cells,Tem/Temra cytotoxic T cells,0.9919410519682353
ACTCGCGCATAGACTT-1,6,B_cells,,Memory B cells,Memory B cells,0.999809709103832
ACTCGCGCATAGGCGA-1,3,CD4_T_cells,,Tcm/Naive cytotoxic T cells,Tcm/Naive cytotoxic T cells,0.9994671025126383
ACTCGCTTCAGCAAGA-1,0,Monocytes_CD14,,Classical monocytes,Classical monocytes,0.9999773280925239
ACTCGCTTCCAAACAC-1,3,CD4_T_cells,,Tcm/Naive cytotoxic T cells,Tcm/Naive cytotoxic T cells,0.9899451104659478
ACTCGCTTCGGTTCCT-1,0,Monocytes_CD14,,Classical monocytes,Classical monocytes,0.9980724174838829
ACTGAAACAAACGGGC-1,2,T_cells_general,,Tcm/Naive helper T cells,Tcm/Naive helper T cells,0.9517952715091876
ACTGAAACAACCCTAA-1,0,Monocytes_CD14,,Classical monocytes,Classical monocytes,0.9999140186279711
ACTGAAACAACTAGCC-1,8,B_cells,,Naive B cells,Naive B cells,0.9999999877218916
ACTGAAACAATCATGT-1,0,Monocytes_CD14,,Classical monocytes,Classical monocytes,0.9955930429203026
ACTGAAACATGACTAT-1,3,CD4_T_cells,,Tcm/Naive helper T cells,Tcm/Naive cytotoxic T cells,0.9679462764465899
ACTGAAACATGATTGT-1,3,CD4_T_cells,,Tcm/Naive cytotoxic T cells,Tcm/Naive cytotoxic T cells,0.9386737561267916
ACTGAAACATGCAACC-1,0,Monocytes_CD14,,Classical monocytes,Classical monocytes,0.9670872439240924
ACTGAATGTACCGTAA-1,1,CD4_T_cells,,Tcm/Naive helper T cells,Tcm/Naive helper T cells,0.9999855204477568
ACTGAATGTCACCAAA-1,9,Monocytes_general,,DC2,DC2,0.990826780085925
ACTGAATGTGAGCAAG-1,0,Monocytes_CD14,,Classical monocytes,Classical monocytes,0.9974562945096588
ACTGAATGTTACGCAA-1,2,T_cells_general,,Tem/Effector helper T cells,Tem/Effector helper T cells,0.825449788611854
ACTGAATGTTAGCGTA-1,2,T_cells_general,,Tem/Effector helper T cells,Tcm/Naive helper T cells,0.47927869139041357
ACTGAATGTTTGAGGC-1,1,CD4_T_cells,,Tcm/Naive helper T cells,Tcm/Naive helper T cells,0.9999774313265706
ACTTACAAGCAAGATG-1,5,Cytotoxic_T_NK,,CD16+ NK cells,CD16+ NK cells,0.0471003497037212
ACTTACAAGGAGCACG-1,2,T_cells_general,,Tcm/Naive helper T cells,Tem/Effector helper T cells,0.9875951344840407
ACTTACAAGGATTTGC-1,2,T_cells_general,,Tcm/Naive helper T cells,Tcm/Naive helper T cells,0.9172811490740749
ACTTACAAGGGATTAG-1,0,Monocytes_CD14,,Classical monocytes,Classical monocytes,0.9884103950620026
ACTTACAAGTTCCTGC-1,3,CD4_T_cells,,Tcm/Naive cytotoxic T cells,Tcm/Naive cytotoxic T cells,0.6029352933129212
ACTTACTTCACAAGCT-1,0,Monocytes_CD14,,Classical monocytes,Classical monocytes,0.9798793501539396
ACTTACTTCCATAAGC-1,8,B_cells,,Naive B cells,Naive B cells,0.9999998582363349
ACTTACTTCGCTTCTA-1,0,Monocytes_CD14,,Classical monocytes,Classical monocytes,0.9982048260549917
ACTTAGGGTATACTGG-1,7,Monocytes_general,,Non-classical monocytes,Non-classical monocytes,0.99999882646484
ACTTAGGGTTCCTGTG-1,2,T_cells_general,,Tem/Effector helper T cells,Tcm/Naive helper T cells,0.3648913333770353
ACTTAGTCAAACTGCC-1,0,Monocytes_CD14,,Classical monocytes,Classical monocytes,0.9998875244933185
ACTTAGTCAACCGCCA-1,6,B_cells,,Memory B cells,Memory B cells,0.9532054565591849
ACTTAGTCAATCTCTC-1,4,Cytotoxic_T_NK,,Tem/Temra cytotoxic T cells,Tem/Trm cytotoxic T cells,0.28957575820218395
ACTTAGTCAATTGCGC-1,3,CD4_T_cells,,Tcm/Naive cytotoxic T cells,Tcm/Naive cytotoxic T cells,0.990213556646537
ACTTAGTCACGTAAGG-1,0,Monocytes_CD14,,Classical monocytes,Classical monocytes,0.8561248220099126
ACTTAGTCAGCATTAT-1,2,T_cells_general,,Tcm/Naive helper T cells,Tcm/Naive helper T cells,0.4616524003071825
ACTTAGTCAGGAACTG-1,3,CD4_T_cells,,Tcm/Naive cytotoxic T cells,Tcm/Naive cytotoxic T cells,0.5701275675164755
ACTTAGTCAGGGAGCT-1,2,T_cells_general,,Tcm/Naive helper T cells,Tcm/Naive helper T cells,0.9820639509642827
ACTTAGTCATCCTAGA-1,4,Cytotoxic_T_NK,,Tem/Temra cytotoxic T cells,Tem/Temra cytotoxic T cells,0.9968600009966971
ACTTAGTCATTATGGT-1,0,Monocytes_CD14,,Classical monocytes,Classical monocytes,0.9511417267263717
ACTTATCTCATAATCG-1,10,Cytotoxic_T_NK,,MAIT cells,MAIT cells,0.9999925061484745
ACTTATCTCCGTCCAT-1,0,Monocytes_CD14,,Classical monocytes,Classical monocytes,0.9999940863270164
ACTTATCTCCTGAATA-1,0,Monocytes_CD14,,Classical monocytes,Classical monocytes,0.9961582442135364
ACTTATCTCGAAGTAG-1,1,CD4_T_cells,,Tcm/Naive helper T cells,Tcm/Naive helper T cells,0.9980204611527788
ACTTATCTCGGTTTGG-1,0,Monocytes_CD14,,Classical monocytes,Classical monocytes,0.9999176848711647
ACTTATCTCTTTGAGA-1,3,CD4_T_cells,,Tcm/Naive helper T cells,Tcm/Naive helper T cells,0.9884599458961291
ACTTATGAGCTTAGCG-1,3,CD4_T_cells,,Tcm/Naive cytotoxic T cells,Tcm/Naive cytotoxic T cells,0.36190697921610204
ACTTATGAGTTCCCGT-1,1,CD4_T_cells,,Tcm/Naive helper T cells,Tcm/Naive helper T cells,0.9998521335535663
ACTTCGCTCAAACACC-1,3,CD4_T_cells,,Tcm/Naive cytotoxic T cells,Tcm/Naive cytotoxic T cells,0.9996809954083342
ACTTCGCTCAAGCGCC-1,1,CD4_T_cells,,Tcm/Naive helper T cells,Tcm/Naive helper T cells,0.9997537411945626
ACTTCGCTCCAATAGC-1,2,T_cells_general,,Tem/Effector helper T cells,Tcm/Naive helper T cells,0.9341616674193344
ACTTCGCTCCAGGTTG-1,4,Cytotoxic_T_NK,,Tem/Temra cytotoxic T cells,Tem/Temra cytotoxic T cells,0.5506248286284191
ACTTCGCTCCCAGTAG-1,0,Monocytes_CD14,,Classical monocytes,Classical monocytes,0.9987625076790083
ACTTCGCTCCGCCTCA-1,0,Monocytes_CD14,,Classical monocytes,Classical monocytes,0.9991109875591379
ACTTGAATCCCGCCTA-1,0,Monocytes_CD14,,Classical monocytes,Classical monocytes,0.9997449213761468
ACTTGAATCCTCCTAA-1,2,T_cells_general,,Tcm/Naive helper T cells,Tem/Effector helper T cells,0.9989592421210666
ACTTGAATCTTTGAGA-1,1,CD4_T_cells,,Tcm/Naive helper T cells,Tcm/Naive helper T cells,0.999772428930807
ACTTGCACAATGAAGC-1,6,B_cells,,Memory B cells,Memory B cells,0.9999896818066676
ACTTGCACAATTGAAG-1,3,CD4_T_cells,,Tcm/Naive cytotoxic T cells,Tcm/Naive cytotoxic T cells,0.9974154009699971
ACTTGCACAATTTAGC-1,2,T_cells_general,,Tem/Trm cytotoxic T cells,Tcm/Naive helper T cells,0.2648195873514305
ACTTGCACACGAATTT-1,1,CD4_T_cells,,Tcm/Naive helper T cells,Tcm/Naive helper T cells,0.9999147427975187
ACTTGCACATGAATCT-1,8,B_cells,,Naive B cells,Naive B cells,0.9998600026397262
ACTTGCACATTAGGCC-1,3,CD4_T_cells,,Tcm/Naive cytotoxic T cells,Tcm/Naive cytotoxic T cells,0.9947593247068565
ACTTGTAAGAACCTGT-1,7,Monocytes_general,,Non-classical monocytes,Non-classical monocytes,0.9999049597666597
ACTTGTAAGACAAACG-1,0,Monocytes_CD14,,Classical monocytes,Classical monocytes,0.9996053294750912
ACTTGTAAGGATCACT-1,0,Monocytes_CD14,,Classical monocytes,Classical monocytes,0.9930683353287628
ACTTGTAAGGCGGGTA-1,0,Monocytes_CD14,,Classical monocytes,Classical monocytes,0.9989560602661275
ACTTGTCGTCTAACCT-1,4,Cytotoxic_T_NK,,Tem/Temra cytotoxic T cells,Tem/Temra cytotoxic T cells,0.1052852512474454
ACTTGTCGTGTGCACG-1,3,CD4_T_cells,,Tcm/Naive cytotoxic T cells,Tcm/Naive cytotoxic T cells,0.9935301096602376
ACTTGTCGTTTATGGG-1,2,T_cells_general,,Tem/Effector helper T cells,Tcm/Naive helper T cells,0.5729174517825335
ACTTGTCGTTTCAGGA-1,3,CD4_T_cells,,Tcm/Naive cytotoxic T cells,Tcm/Naive cytotoxic T cells,0.730876355363393
ACTTTGTTCAGGCCTA-1,4,Cytotoxic_T_NK,,Tem/Temra cytotoxic T cells,Tem/Temra cytotoxic T cells,0.9359421288243625
ACTTTGTTCCAGCACA-1,3,CD4_T_cells,,Tcm/Naive cytotoxic T cells,Tcm/Naive cytotoxic T cells,0.8936312598183029
ACTTTGTTCCGCCAAA-1,4,Cytotoxic_T_NK,,Tem/Trm cytotoxic T cells,Tem/Trm cytotoxic T cells,0.9938624849775867
ACTTTGTTCTAAGGAG-1,1,CD4_T_cells,,Tcm/Naive helper T cells,Tcm/Naive helper T cells,0.9876640608956341
AGAAACCCAAAGGTAC-1,5,Cytotoxic_T_NK,,CD16+ NK cells,CD16+ NK cells,0.9992382637747432
AGAAACCCAACTAACT-1,9,Monocytes_general,,DC2,DC2,0.9999992247350118
AGAAACCCACGTGCTG-1,1,CD4_T_cells,,Tcm/Naive helper T cells,Tcm/Naive helper T cells,0.9895227968258539
AGAAACCCATGCTTAG-1,2,T_cells_general,,Tem/Effector helper T cells,Tem/Effector helper T cells,0.3311856300028224
AGAAACTAGCCTGGTA-1,2,T_cells_general,,Tem/Effector helper T cells,Tem/Effector helper T cells,0.9837813662916508
AGAAACTAGGTCCGTA-1,0,Monocytes_CD14,,Classical monocytes,Classical monocytes,0.9991618418845004
AGAAACTAGTCACGAT-1,4,Cytotoxic_T_NK,,Tem/Temra cytotoxic T cells,CD8a/a,0.08829387336286376
AGAAACTAGTTCCTCA-1,5,Cytotoxic_T_NK,,CD16+ NK cells,CD16+ NK cells,0.5483606082952425
AGAAAGGCAAAGCGCA-1,0,Monocytes_CD14,,Classical monocytes,Classical monocytes,0.9970472870949891
AGAAAGGCAATAATGG-1,0,Monocytes_CD14,,Classical monocytes,Classical monocytes,0.9996483357270347
AGAAAGGCAATCCCTT-1,1,CD4_T_cells,,Tcm/Naive helper T cells,Tcm/Naive helper T cells,0.9981855216019812
AGAAAGGCACAGAACG-1,1,CD4_T_cells,,Tcm/Naive helper T cells,Tcm/Naive helper T cells,0.9978356227771163
AGAAAGGCAGCTTAAT-1,0,Monocytes_CD14,,Classical monocytes,Classical monocytes,0.9999917401957543
AGAAAGGCATCCAGGT-1,4,Cytotoxic_T_NK,,Tem/Temra cytotoxic T cells,Tem/Temra cytotoxic T cells,0.9996231598899622
AGAAAGGCATTGTCAG-1,7,Monocytes_general,,Non-classical monocytes,Non-classical monocytes,0.9999967365240915
AGAACAAGTAGCTGGT-1,3,CD4_T_cells,,Tcm/Naive cytotoxic T cells,Tcm/Naive cytotoxic T cells,0.8953467640643142
AGAACAAGTCAATACG-1,4,Cytotoxic_T_NK,,Tem/Trm cytotoxic T cells,Tem/Trm cytotoxic T cells,0.8029622877939365
AGAACAAGTCCTTCTC-1,0,Monocytes_CD14,,Classical monocytes,Classical monocytes,0.9999639981886265
AGAACAAGTTAGTGAT-1,4,Cytotoxic_T_NK,,Tem/Trm cytotoxic T cells,Tem/Trm cytotoxic T cells,0.9477186030213715
AGAACAAGTTCCTCCT-1,3,CD4_T_cells,,Tcm/Naive cytotoxic T cells,Tcm/Naive cytotoxic T cells,0.9976748913600383
AGAACAAGTTGGTTCT-1,0,Monocytes_CD14,,Classical monocytes,Classical monocytes,0.9964393437466353
AGAACCAAGCTGTAAC-1,4,Cytotoxic_T_NK,,Tem/Trm cytotoxic T cells,Tem/Trm cytotoxic T cells,0.9424713223192747
AGAACCAAGCTTACTT-1,2,T_cells_general,,Tem/Effector helper T cells,Tcm/Naive helper T cells,0.8946405047192539
AGAACCAAGGCTACAT-1,5,Cytotoxic_T_NK,,CD16+ NK cells,CD16+ NK cells,0.9999961055639434
AGAACCAAGGTCCTGA-1,0,Monocytes_CD14,,Classical monocytes,Classical monocytes,0.997517174597692
AGAACCGCAAGTCGCT-1,2,T_cells_general,,Tcm/Naive helper T cells,Tem/Effector helper T cells,0.352865339164909
AGAACCGCACATTAAC-1,2,T_cells_general,,Tcm/Naive helper T cells,Tcm/Naive helper T cells,0.9996387095499998
AGAACCGCAGGCGATA-1,6,B_cells,,Age-associated B cells,Age-associated B cells,0.8479699972214688
AGAACCGCAGGCTAAG-1,2,T_cells_general,,Tcm/Naive helper T cells,Tcm/Naive helper T cells,0.9809946387122143
AGAAGGTGTAGGTTGC-1,11,pDC,,pDC,pDC,0.9999999996056308
AGAAGGTGTCGCGCAA-1,4,Cytotoxic_T_NK,,Tem/Temra cytotoxic T cells,Tem/Temra cytotoxic T cells,0.982679093848924
AGAAGGTGTGATCAGC-1,4,Cytotoxic_T_NK,,Tem/Trm cytotoxic T cells,Tem/Trm cytotoxic T cells,0.9167624658757056
AGAAGGTGTTAGGCGT-1,1,CD4_T_cells,,Tcm/Naive helper T cells,Tcm/Naive helper T cells,0.998785116826992
AGAATCGAGACAAGTG-1,7,Monocytes_general,,Non-classical monocytes,Non-classical monocytes,0.9982519153977164
AGAATCGAGTAATCCA-1,0,Monocytes_CD14,,Classical monocytes,Classical monocytes,0.989806062762575
AGAATCGAGTCTTGAA-1,1,CD4_T_cells,,Tcm/Naive helper T cells,Tcm/Naive helper T cells,0.999871400875858
AGAATCTGTCAACAAT-1,0,Monocytes_CD14,,Classical monocytes,Classical monocytes,0.9950850306938727
AGAATCTGTGTGAGGA-1,0,Monocytes_CD14,,Classical monocytes,Classical monocytes,0.9999183948752576
AGACAATAGCTAAAGG-1,0,Monocytes_CD14,,Classical monocytes,Classical monocytes,0.9463519411935772
AGACAATAGGATCACT-1,5,Cytotoxic_T_NK,,CD16+ NK cells,CD16+ NK cells,0.9290650069041533
AGACAATAGGTGCTGC-1,1,CD4_T_cells,,Tcm/Naive helper T cells,Tcm/Naive helper T cells,0.9996951538516694
AGACAATAGTCATTGA-1,7,Monocytes_general,,Non-classical monocytes,Non-classical monocytes,0.9988493448086008
AGACAATAGTGACCTG-1,3,CD4_T_cells,,Tcm/Naive cytotoxic T cells,Tcm/Naive cytotoxic T cells,0.9970404673733404
AGACACGCAGACAAAC-1,0,Monocytes_CD14,,Classical monocytes,Classical monocytes,0.9973549038031332
AGACACGCAGGATAAC-1,4,Cytotoxic_T_NK,,Tem/Temra cytotoxic T cells,Tem/Temra cytotoxic T cells,0.9997341276367679
AGACACGCATGTCAAT-1,1,CD4_T_cells,,Tcm/Naive helper T cells,Tcm/Naive helper T cells,0.9984087621497002
AGACCCGGTAAGGTCC-1,1,CD4_T_cells,,Tcm/Naive helper T cells,Tcm/Naive helper T cells,0.9999935829529484
AGACCCGGTATTGTCC-1,6,B_cells,,Memory B cells,Memory B cells,0.9954492677330185
AGACCCGGTTAATGCG-1,6,B_cells,,Memory B cells,Memory B cells,0.9971159627283823
AGACCCGGTTACTAGG-1,4,Cytotoxic_T_NK,,Tem/Trm cytotoxic T cells,Tem/Trm cytotoxic T cells,0.9998803652080509
AGACTATGTAATCGCA-1,1,CD4_T_cells,,Tcm/Naive helper T cells,Tcm/Naive helper T cells,0.9837806297543215
AGACTATGTACCCACC-1,3,CD4_T_cells,,Tcm/Naive cytotoxic T cells,Tcm/Naive cytotoxic T cells,0.9986304540095678
AGACTATGTGTGTCCC-1,1,CD4_T_cells,,Tcm/Naive helper T cells,Tcm/Naive helper T cells,0.9996286376166389
AGACTATGTTTAGCTC-1,1,CD4_T_cells,,Tcm/Naive helper T cells,Tcm/Naive helper T cells,0.9999378858708445
AGAGAAGCAACTAGCC-1,2,T_cells_general,,Tem/Effector helper T cells,Tem/Effector helper T cells,0.9507592900611
AGAGAAGCACAACAAA-1,0,Monocytes_CD14,,Classical monocytes,Classical monocytes,0.998252850512145
AGAGAAGCACTTGTTC-1,0,Monocytes_CD14,,Classical monocytes,Classical monocytes,0.999972208177982
AGAGAAGCAGCTTAGC-1,0,Monocytes_CD14,,Classical monocytes,Classical monocytes,0.9264565473957688
AGAGAAGCAGTACCGT-1,0,Monocytes_CD14,,Classical monocytes,Classical monocytes,0.9996005044985921
AGAGAAGCAGTAGCCT-1,2,T_cells_general,,Tem/Effector helper T cells,Tem/Effector helper T cells,0.9855939772145819
AGAGAAGCATCCCGCT-1,0,Monocytes_CD14,,Classical monocytes,Classical monocytes,0.9956033584481652
AGAGAAGCATGGCCTG-1,0,Monocytes_CD14,,Classical monocytes,Classical monocytes,0.9999584935525495
AGAGAGGAGAGCCGCT-1,11,pDC,,pDC,pDC,0.999999999993777
AGAGAGGAGTTCCCGT-1,3,CD4_T_cells,,Tcm/Naive helper T cells,Tcm/Naive cytotoxic T cells,0.9841130944679058
AGAGATTAGCATGGTT-1,2,T_cells_general,,Tcm/Naive helper T cells,Tcm/Naive helper T cells,0.04073971880488255
AGAGATTAGGATCACT-1,4,Cytotoxic_T_NK,,Tem/Temra cytotoxic T cells,Tem/Temra cytotoxic T cells,0.9343360795524162
AGAGATTAGGCTTAAC-1,0,Monocytes_CD14,,Classical monocytes,Classical monocytes,0.9920060349577624
AGAGATTAGGGATGCG-1,0,Monocytes_CD14,,Classical monocytes,Classical monocytes,0.9966262607756863
AGAGATTAGTACTGGT-1,3,CD4_T_cells,,Tcm/Naive helper T cells,Tcm/Naive cytotoxic T cells,0.9410207777362195
AGAGGAACATTGTGAT-1,0,Monocytes_CD14,,Classical monocytes,Classical monocytes,0.9999124172595947
AGAGGATGTCATCCTG-1,1,CD4_T_cells,,Tcm/Naive helper T cells,Tcm/Naive helper T cells,0.9999470560609313
AGAGGATGTGAAACAA-1,1,CD4_T_cells,,Tcm/Naive helper T cells,Tcm/Naive helper T cells,0.9999919724080125
AGAGGATGTGGGAACA-1,1,CD4_T_cells,,Tcm/Naive helper T cells,Regulatory T cells,0.9280718975272415
AGAGGATGTTACTTCA-1,5,Cytotoxic_T_NK,,CD16+ NK cells,CD16+ NK cells,0.973207188322433
AGAGGATGTTGCACAA-1,1,CD4_T_cells,,Tcm/Naive helper T cells,Tcm/Naive helper T cells,0.999787583326637
AGATGAAGTCACTCGC-1,1,CD4_T_cells,,Tcm/Naive helper T cells,Tcm/Naive helper T cells,0.9980427695839046
AGATGAAGTGGATTCA-1,0,Monocytes_CD14,,Classical monocytes,Classical monocytes,0.9999349573383374
AGATGAAGTTTAACCC-1,6,B_cells,,Naive B cells,Memory B cells,0.9968203861537319
AGATGCTTCCGGTTGA-1,1,CD4_T_cells,,Tcm/Naive helper T cells,Tcm/Naive helper T cells,0.9999474997289867
AGATGCTTCGTCATTT-1,2,T_cells_general,,Tcm/Naive helper T cells,Tcm/Naive helper T cells,0.7850733772037293
AGATGCTTCTCCATAT-1,2,T_cells_general,,MAIT cells,Tem/Effector helper T cells,0.9455676396645487
AGATGCTTCTTCAATC-1,2,T_cells_general,,Regulatory T cells,Regulatory T cells,0.9999874842868425
AGCAAATAGGACCTGC-1,1,CD4_T_cells,,Tcm/Naive helper T cells,Tcm/Naive helper T cells,0.828667082436333
AGCAAATAGTACTGGT-1,0,Monocytes_CD14,,Classical monocytes,Classical monocytes,0.9999998714562287
AGCAACAAGACAACGA-1,4,Cytotoxic_T_NK,,Tem/Temra cytotoxic T cells,Tem/Trm cytotoxic T cells,0.8483325199107852
AGCAACAAGACAGGTA-1,2,T_cells_general,,Regulatory T cells,Regulatory T cells,0.9994197601454965
AGCAACAAGCCGCTAA-1,9,Monocytes_general,,DC2,DC2,0.999938293737946
AGCAACAAGGCTACTG-1,1,CD4_T_cells,,Tcm/Naive helper T cells,Tcm/Naive helper T cells,0.9993919169829459
AGCAACAAGGTAACGA-1,2,T_cells_general,,Regulatory T cells,Regulatory T cells,0.9999881550821885
AGCAAGGGTCTAACAG-1,2,T_cells_general,,Regulatory T cells,Regulatory T cells,0.9999993126822081
AGCAAGGGTGCATTTC-1,2,T_cells_general,,Tem/Effector helper T cells,Tem/Effector helper T cells,0.1410888768036173
AGCAAGGGTTATCGAG-1,0,Monocytes_CD14,,Classical monocytes,Classical monocytes,0.9999309138349491
AGCAAGGGTTATGTGG-1,3,CD4_T_cells,,Tcm/Naive cytotoxic T cells,Tcm/Naive cytotoxic T cells,0.9867356563457546
AGCAAGGGTTCCATTA-1,2,T_cells_general,,Tcm/Naive helper T cells,Tem/Effector helper T cells,0.8981472489124858
AGCAAGGGTTTGAGGC-1,4,Cytotoxic_T_NK,,Tem/Trm cytotoxic T cells,Tem/Temra cytotoxic T cells,0.47286542101222867
AGCAATACAACTGGCT-1,10,Cytotoxic_T_NK,,MAIT cells,MAIT cells,0.96971351807694
AGCAATACAATATACC-1,8,B_cells,,Naive B cells,Naive B cells,0.9999998811741576
AGCAATACAATCGCAC-1,2,T_cells_general,,Tem/Effector helper T cells,Tcm/Naive helper T cells,0.6241532534461316
AGCAATACAGTACCGT-1,3,CD4_T_cells,,Tcm/Naive helper T cells,Tcm/Naive cytotoxic T cells,0.860960144620495
AGCAATACAGTCTATG-1,2,T_cells_general,,Tcm/Naive helper T cells,Tcm/Naive helper T cells,0.08793886334676107
AGCAATACATAGACCC-1,2,T_cells_general,,Tcm/Naive helper T cells,Tcm/Naive helper T cells,0.5759051938262228
AGCAATTGTAATCACG-1,3,CD4_T_cells,,Tcm/Naive cytotoxic T cells,Tcm/Naive cytotoxic T cells,0.9985907292427671
AGCAATTGTACAAAGA-1,9,Monocytes_general,,DC2,DC2,0.9978615476687456
AGCAATTGTCTAACCT-1,2,T_cells_general,,Tcm/Naive helper T cells,Tcm/Naive helper T cells,0.86072309016321
AGCAATTGTGCAATGC-1,4,Cytotoxic_T_NK,,Tem/Trm cytotoxic T cells,Tem/Temra cytotoxic T cells,0.4091661650184017
AGCAATTGTTCCATTA-1,1,CD4_T_cells,,Tcm/Naive helper T cells,Tcm/Naive helper T cells,0.25540420076707687
AGCAATTGTTTGCAGA-1,0,Monocytes_CD14,,Classical monocytes,Classical monocytes,0.999998367593943
AGCACAGCACGAACAG-1,0,Monocytes_CD14,,Classical monocytes,Classical monocytes,0.999845045728269
AGCACAGCACTGGCTG-1,0,Monocytes_CD14,,Classical monocytes,Classical monocytes,0.9999745681737294
AGCACAGCATTGTTGG-1,3,CD4_T_cells,,Tcm/Naive cytotoxic T cells,Tcm/Naive cytotoxic T cells,0.9358567383346794
AGCACTAGTACTGATG-1,1,CD4_T_cells,,Tcm/Naive helper T cells,Tcm/Naive helper T cells,0.981336983725597
AGCACTAGTCACCTAT-1,3,CD4_T_cells,,Tcm/Naive cytotoxic T cells,Tcm/Naive cytotoxic T cells,0.99580643069678
AGCACTAGTGGACATC-1,1,CD4_T_cells,,Tcm/Naive helper T cells,Tcm/Naive helper T cells,0.9996795717841805
AGCACTAGTGTCACGG-1,2,T_cells_general,,Tcm/Naive helper T cells,Tcm/Naive helper T cells,0.7693183963573125
AGCACTAGTGTGTCCC-1,1,CD4_T_cells,,Tcm/Naive helper T cells,Tcm/Naive helper T cells,0.9985251365657308
AGCACTAGTTAAGCGC-1,1,CD4_T_cells,,Tcm/Naive helper T cells,Tcm/Naive helper T cells,0.9822831886634666
AGCACTAGTTAATGCG-1,3,CD4_T_cells,,Tcm/Naive cytotoxic T cells,Tcm/Naive cytotoxic T cells,0.9875968307365801
AGCACTAGTTACGCGG-1,2,T_cells_general,,Regulatory T cells,Regulatory T cells,0.99999885318354
AGCACTTAGCACTAAC-1,3,CD4_T_cells,,Tcm/Naive helper T cells,Tcm/Naive cytotoxic T cells,0.9866506896876558
AGCACTTAGCGATAAG-1,0,Monocytes_CD14,,Classical monocytes,Classical monocytes,0.9687849193284656
AGCACTTAGCTTAGTA-1,3,CD4_T_cells,,Tcm/Naive cytotoxic T cells,Tcm/Naive cytotoxic T cells,0.9796543218148321
AGCACTTAGGTGAGAC-1,1,CD4_T_cells,,Tcm/Naive helper T cells,Tcm/Naive helper T cells,0.9999927175465515
AGCACTTAGTAATCCA-1,0,Monocytes_CD14,,Classical monocytes,Classical monocytes,0.9999541623033597
AGCAGGTAGCGAGGTG-1,4,Cytotoxic_T_NK,,Tem/Trm cytotoxic T cells,Tem/Trm cytotoxic T cells,0.5451598914051171
AGCAGGTAGCTCGCTT-1,1,CD4_T_cells,,Tcm/Naive helper T cells,Tcm/Naive helper T cells,0.9983600206801744
AGCAGGTAGGCATGTT-1,1,CD4_T_cells,,Tcm/Naive helper T cells,Tcm/Naive helper T cells,0.9880841641784338
AGCAGGTAGGGACCTC-1,0,Monocytes_CD14,,Classical monocytes,Classical monocytes,0.9982759853600589
AGCAGGTAGGTAAGGC-1,9,Monocytes_general,,DC2,DC2,0.9763725911904066
AGCAGGTAGTTCCCGT-1,0,Monocytes_CD14,,Classical monocytes,Classical monocytes,0.9975673374885384
AGCATCCCAATAACCT-1,11,pDC,,pDC,pDC,0.9999977384754638
AGCATCCCACAGCCTG-1,0,Monocytes_CD14,,Classical monocytes,Classical monocytes,0.9998462954154173
AGCATCCCAGATTCAT-1,1,CD4_T_cells,,Tcm/Naive helper T cells,Tcm/Naive helper T cells,0.9996904690124834
AGCATCCCAGTAGCCT-1,0,Monocytes_CD14,,Non-classical monocytes,Classical monocytes,0.9329933449736615
AGCATCCCATCGTTCT-1,0,Monocytes_CD14,,Classical monocytes,Classical monocytes,0.9987422673010172
AGCATTTCAATGAATG-1,0,Monocytes_CD14,,Classical monocytes,Classical monocytes,0.7080873465065078
AGCATTTCACCGGTAT-1,0,Monocytes_CD14,,Classical monocytes,Classical monocytes,0.999900030095718
AGCATTTCACGAACAG-1,3,CD4_T_cells,,Tcm/Naive helper T cells,Tcm/Naive cytotoxic T cells,0.6451241337407067
AGCATTTCATGGTTAT-1,5,Cytotoxic_T_NK,,Regulatory T cells,CD16+ NK cells,0.9999349532312917
AGCCAGTGTCATAACG-1,1,CD4_T_cells,,Tcm/Naive helper T cells,Tcm/Naive helper T cells,0.9999666310728431
AGCCAGTGTTACATCC-1,0,Monocytes_CD14,,Classical monocytes,Classical monocytes,0.9922655177209956
AGCCAGTGTTAGGATT-1,2,T_cells_general,,Tem/Effector helper T cells,Tem/Effector helper T cells,0.9275642374380834
AGCCAGTGTTATAGCG-1,1,CD4_T_cells,,Tcm/Naive helper T cells,Tcm/Naive helper T cells,0.9969364330557086
AGCCAGTGTTCCTCCT-1,1,CD4_T_cells,,Tcm/Naive helper T cells,Tcm/Naive helper T cells,0.9999113911540383
AGCCAGTGTTCGCGCT-1,0,Monocytes_CD14,,Non-classical monocytes,Classical monocytes,0.9807729977606021
AGCCAGTGTTTAGCGA-1,6,B_cells,,Naive B cells,Memory B cells,0.9166912475970076
AGCCGCTAGCCGCAGT-1,2,T_cells_general,,Tcm/Naive helper T cells,Tem/Effector helper T cells,0.24555446955264876
AGCCGCTAGGAGGACT-1,7,Monocytes_general,,Non-classical monocytes,Non-classical monocytes,0.9997927315117275
AGCCGCTAGGCGCTAC-1,1,CD4_T_cells,,Tcm/Naive helper T cells,Tcm/Naive cytotoxic T cells,0.9035563133640058
AGCCGCTAGTTCCTGC-1,1,CD4_T_cells,,Tcm/Naive helper T cells,Tcm/Naive helper T cells,0.9999895408597155
AGCCGGTTCAAGTGTC-1,1,CD4_T_cells,,Tcm/Naive helper T cells,Tcm/Naive helper T cells,0.9917939913942204
AGCCGGTTCAATGTGC-1,3,CD4_T_cells,,Tcm/Naive cytotoxic T cells,Tcm/Naive cytotoxic T cells,0.9878898019074119
AGCCGGTTCAGGAAGC-1,3,CD4_T_cells,,Tcm/Naive cytotoxic T cells,Tcm/Naive cytotoxic T cells,0.9993051587611882
AGCCGGTTCTGTTGCC-1,2,T_cells_general,,Tcm/Naive helper T cells,Tcm/Naive helper T cells,0.9425308733119687
AGCCTAAGTACGTTTC-1,2,T_cells_general,,Tem/Effector helper T cells,Tem/Effector helper T cells,0.8735382871760639
AGCCTAAGTATTACCC-1,0,Monocytes_CD14,,Classical monocytes,Classical monocytes,0.9287872152284407
AGCCTAAGTTGGTTAG-1,4,Cytotoxic_T_NK,,Tem/Temra cytotoxic T cells,Tem/Temra cytotoxic T cells,0.9130796035066067
AGCCTAAGTTTGCGAA-1,4,Cytotoxic_T_NK,,Tem/Temra cytotoxic T cells,Tem/Temra cytotoxic T cells,0.9999539457329601
AGCCTAGTCATTACGA-1,0,Monocytes_CD14,,Non-classical monocytes,Classical monocytes,0.758944117562409
AGCCTAGTCCATTACT-1,3,CD4_T_cells,,Tcm/Naive cytotoxic T cells,Tcm/Naive helper T cells,0.7651039229275476
AGCCTAGTCCTAAATG-1,0,Monocytes_CD14,,DC2,Classical monocytes,0.01893685752180848
AGCCTAGTCTAAGGAG-1,2,T_cells_general,,Tem/Effector helper T cells,Tem/Effector helper T cells,0.6495847403592269
AGCCTAGTCTGGCAAT-1,0,Monocytes_CD14,,Classical monocytes,Classical monocytes,0.9998970792724293
AGCCTCCGTCGCAAAC-1,8,B_cells,,Naive B cells,Naive B cells,0.999975732644585
AGCCTCCGTCTTACTA-1,5,Cytotoxic_T_NK,,CD16+ NK cells,CD16+ NK cells,0.9995973960033836
AGCCTCCGTGGACATC-1,1,CD4_T_cells,,Tcm/Naive helper T cells,Tcm/Naive helper T cells,0.9911279399861533
AGCCTCCGTTAATGCG-1,3,CD4_T_cells,,Tcm/Naive cytotoxic T cells,Tcm/Naive cytotoxic T cells,0.9998660905493836
AGCCTCCGTTGAAGCC-1,7,Monocytes_general,,Non-classical monocytes,Non-classical monocytes,0.9869687036706754
AGCCTGGGTGAGCGAA-1,7,Monocytes_general,,Non-classical monocytes,Non-classical monocytes,0.9999525737839212
AGCCTGGGTGCCGCAA-1,1,CD4_T_cells,,Tcm/Naive helper T cells,Tcm/Naive helper T cells,0.9945756440317703
AGCCTGGGTGCTCCAC-1,1,CD4_T_cells,,Tcm/Naive helper T cells,Tcm/Naive helper T cells,0.9999931919740678
AGCCTGGGTGGTGAGA-1,5,Cytotoxic_T_NK,,CD16+ NK cells,CD16+ NK cells,0.9999144858249147
AGCCTGGGTGTTGTGA-1,3,CD4_T_cells,,Tcm/Naive cytotoxic T cells,Tcm/Naive cytotoxic T cells,0.9727629281220944
AGCCTGGGTTAAATGC-1,2,T_cells_general,,Tcm/Naive helper T cells,Tcm/Naive helper T cells,0.5952211731169859
AGCCTGGGTTAGGATT-1,4,Cytotoxic_T_NK,,Tem/Temra cytotoxic T cells,Tem/Temra cytotoxic T cells,0.9999416373588144
AGCCTGGGTTCCGCAC-1,1,CD4_T_cells,,Tcm/Naive helper T cells,Tcm/Naive helper T cells,0.742080898112178
AGCCTGGGTTCCTGAT-1,9,Monocytes_general,,DC2,DC2,0.6821525137609964
AGCCTGGGTTGGCGTG-1,3,CD4_T_cells,,Tcm/Naive cytotoxic T cells,Tcm/Naive cytotoxic T cells,0.9845554279764017
AGCGATTTCCAGGAAA-1,3,CD4_T_cells,,Tcm/Naive cytotoxic T cells,Tcm/Naive cytotoxic T cells,0.9990513423831674
AGCGATTTCCGCAAGC-1,8,B_cells,,Naive B cells,Naive B cells,0.9999449820387715
AGCGATTTCGCTAAGT-1,3,CD4_T_cells,,Tcm/Naive cytotoxic T cells,Tcm/Naive cytotoxic T cells,0.9909787114156646
AGCGATTTCGCTAGTG-1,4,Cytotoxic_T_NK,,Tem/Temra cytotoxic T cells,Tem/Temra cytotoxic T cells,0.9874827296419703
AGCGATTTCGCTCCAT-1,0,Monocytes_CD14,,Classical monocytes,Classical monocytes,0.9767890619792005
AGCGATTTCGGTTTCC-1,3,CD4_T_cells,,Tcm/Naive cytotoxic T cells,Tcm/Naive cytotoxic T cells,0.9749503217342589
AGCGCCTAGAGGGACT-1,3,CD4_T_cells,,Tcm/Naive cytotoxic T cells,Tcm/Naive cytotoxic T cells,0.9996921935195051
AGCGCCTAGCATGCAT-1,1,CD4_T_cells,,Tcm/Naive helper T cells,Tcm/Naive helper T cells,0.9999910154160745
AGCGCCTAGCTTCTCA-1,0,Monocytes_CD14,,Classical monocytes,Classical monocytes,0.9999628606183922
AGCGCCTAGGACAACA-1,3,CD4_T_cells,,Tcm/Naive cytotoxic T cells,Tcm/Naive cytotoxic T cells,0.9952870486476498
AGCGCCTAGGTAACGA-1,11,pDC,,pDC,pDC,0.9999999983484824
AGCGCCTAGTAGCGCC-1,1,CD4_T_cells,,Classical monocytes,Classical monocytes,0.9392051176994154
AGCGCCTAGTCATTTC-1,0,Monocytes_CD14,,Classical monocytes,Classical monocytes,0.9981717061200084
AGCGCTCAGAGGCTAA-1,3,CD4_T_cells,,Tcm/Naive helper T cells,Tcm/Naive helper T cells,0.9892717354237356
AGCGCTCAGCATGCAT-1,7,Monocytes_general,,Non-classical monocytes,Non-classical monocytes,0.9979753526987909
AGCGCTCAGCCTGTGA-1,1,CD4_T_cells,,Tcm/Naive helper T cells,Tcm/Naive helper T cells,0.9999779795895848
AGCGCTCAGCTAAAGG-1,1,CD4_T_cells,,Tcm/Naive helper T cells,Regulatory T cells,0.999534229961612
AGCGCTCAGCTACTGG-1,4,Cytotoxic_T_NK,,Tem/Trm cytotoxic T cells,Tem/Trm cytotoxic T cells,0.8908118969062825
AGCGCTCAGGACAACA-1,3,CD4_T_cells,,Tcm/Naive cytotoxic T cells,Tcm/Naive cytotoxic T cells,0.960203229904614
AGCGCTCAGGCTACAT-1,1,CD4_T_cells,,Tcm/Naive helper T cells,Tcm/Naive helper T cells,0.9994650519151973
AGCGCTCAGGTGCTGC-1,0,Monocytes_CD14,,Classical monocytes,Classical monocytes,0.9999996182181666
AGCGGACCAAGGGTTG-1,1,CD4_T_cells,,Tcm/Naive helper T cells,Tcm/Naive helper T cells,0.996815455664466
AGCGGACCAATGAAGC-1,0,Monocytes_CD14,,Classical monocytes,Classical monocytes,0.9992237870437031
AGCGGACCACAACAGG-1,2,T_cells_general,,Tcm/Naive helper T cells,Tcm/Naive helper T cells,0.8579186533036578
AGCGGATAGAAAGCAT-1,2,T_cells_general,,Tem/Effector helper T cells,Tem/Effector helper T cells,0.6432381950987452
AGCGGATAGACTAAGG-1,5,Cytotoxic_T_NK,,CD16+ NK cells,CD16+ NK cells,0.9998381564360367
AGCGGATAGCAAGGAC-1,2,T_cells_general,,Tem/Trm cytotoxic T cells,Tem/Effector helper T cells,0.9928325190231855
AGCGGATAGCCGCAGT-1,7,Monocytes_general,,Non-classical monocytes,Non-classical monocytes,0.9947753261359056
AGCGGATAGGAACCAA-1,0,Monocytes_CD14,,Classical monocytes,Classical monocytes,0.9999987214544368
AGCGGATAGTCACTCC-1,2,T_cells_general,,Tcm/Naive helper T cells,Tcm/Naive helper T cells,0.7707590052269745
AGCGGATAGTTATGTG-1,3,CD4_T_cells,,Tcm/Naive cytotoxic T cells,Tcm/Naive cytotoxic T cells,0.995259583054801
AGCGTGCTCATGTCAA-1,1,CD4_T_cells,,Tcm/Naive helper T cells,Tcm/Naive helper T cells,0.99531186571926
AGCGTGCTCCGGTATG-1,2,T_cells_general,,Tcm/Naive helper T cells,Tcm/Naive helper T cells,0.5174923868358269
AGCGTGCTCCGGTTGA-1,2,T_cells_general,,Tcm/Naive helper T cells,Tcm/Naive helper T cells,0.3700479750229831
AGCGTGCTCCGTTATT-1,0,Monocytes_CD14,,Classical monocytes,Classical monocytes,0.9999999898033115
AGCGTGCTCGACAAAG-1,3,CD4_T_cells,,Tcm/Naive cytotoxic T cells,Tcm/Naive cytotoxic T cells,0.9216861789701397
AGCGTGCTCGCTAGCA-1,2,T_cells_general,,Regulatory T cells,Regulatory T cells,0.9980984536244951
AGCGTGCTCTACTAAG-1,3,CD4_T_cells,,Tcm/Naive cytotoxic T cells,Tcm/Naive cytotoxic T cells,0.9995217878942529
AGCGTGCTCTCAATGA-1,1,CD4_T_cells,,Tcm/Naive helper T cells,Tcm/Naive helper T cells,0.9997582082071157
AGCGTGCTCTCATCAT-1,0,Monocytes_CD14,,Classical monocytes,Classical monocytes,0.9991998000115716
AGCGTGCTCTCTAGCC-1,0,Monocytes_CD14,,Non-classical monocytes,Classical monocytes,0.03591512690865704
AGCTAAACAAGACTCC-1,1,CD4_T_cells,,Tcm/Naive helper T cells,Tcm/Naive helper T cells,0.9259701332337655
AGCTAAACACCTCAGG-1,0,Monocytes_CD14,,Classical monocytes,Classical monocytes,0.9752294142347344
AGCTAAACACTAAGCC-1,1,CD4_T_cells,,Tcm/Naive helper T cells,Tcm/Naive helper T cells,0.9999290209381673
AGCTAAACACTATGGC-1,2,T_cells_general,,Tcm/Naive helper T cells,Tcm/Naive helper T cells,0.993992604391999
AGCTAAACACTTACAG-1,0,Monocytes_CD14,,Classical monocytes,Classical monocytes,0.9917983863395475
AGCTAAACAGTCTATG-1,4,Cytotoxic_T_NK,,CRTAM+ gamma-delta T cells,Tem/Temra cytotoxic T cells,0.8111990137762533
AGCTAAACAGTTATGT-1,2,T_cells_general,,Tcm/Naive helper T cells,Tcm/Naive helper T cells,0.9986748822935063
AGCTAAACATTAAGTC-1,1,CD4_T_cells,,Tcm/Naive helper T cells,Tcm/Naive helper T cells,0.9999680322541076
AGCTAACTCTGTGCCT-1,10,Cytotoxic_T_NK,,MAIT cells,MAIT cells,0.9967397531665448
AGCTACGTCAATGAGG-1,1,CD4_T_cells,,Tcm/Naive helper T cells,Tcm/Naive helper T cells,0.9990330229481421
AGCTACGTCATAGACC-1,2,T_cells_general,,Tcm/Naive helper T cells,Tcm/Naive helper T cells,0.7430122989427212
AGCTACGTCCCGAAGC-1,2,T_cells_general,,Tcm/Naive helper T cells,Tcm/Naive helper T cells,0.9938312600639017
AGCTACGTCTAAGGAG-1,0,Monocytes_CD14,,Classical monocytes,Classical monocytes,0.9970245432228149
AGCTACGTCTAATCCT-1,2,T_cells_general,,Tcm/Naive helper T cells,Tcm/Naive helper T cells,0.8301105554245546
AGCTACGTCTCCTCTT-1,3,CD4_T_cells,,Tcm/Naive cytotoxic T cells,Tcm/Naive cytotoxic T cells,0.9999797091788725
AGCTACTAGAAGGTGC-1,1,CD4_T_cells,,Tcm/Naive helper T cells,Tcm/Naive helper T cells,0.9972734384648652
AGCTACTAGACTCGCA-1,2,T_cells_general,,Tcm/Naive helper T cells,Tcm/Naive helper T cells,0.6150171995363031
AGCTACTAGCAATAGG-1,10,Cytotoxic_T_NK,,MAIT cells,MAIT cells,0.998970486815735
AGCTACTAGGAAGCTA-1,11,pDC,,pDC,pDC,0.9999999999538378
AGCTACTAGTGCTGTG-1,1,CD4_T_cells,,Tcm/Naive helper T cells,Tcm/Naive helper T cells,0.9999935079484765
AGCTACTAGTTATGTG-1,4,Cytotoxic_T_NK,,Tem/Trm cytotoxic T cells,Tem/Trm cytotoxic T cells,0.10753351623205895
AGCTAGTTCGCTAGCA-1,2,T_cells_general,,Follicular helper T cells,Tcm/Naive helper T cells,0.7594155135790523
AGCTATATCAACCAAC-1,1,CD4_T_cells,,Tcm/Naive helper T cells,Tcm/Naive helper T cells,0.9984096161874807
AGCTATATCAGAAACG-1,9,Monocytes_general,,DC2,DC2,0.9994864606334805
AGCTATATCCCTCAGT-1,3,CD4_T_cells,,Tcm/Naive cytotoxic T cells,Tcm/Naive cytotoxic T cells,0.9925638606431471
AGCTATATCCTTCGTA-1,0,Monocytes_CD14,,Classical monocytes,Classical monocytes,0.9997549953264707
AGCTATATCGTTTCTG-1,3,CD4_T_cells,,Tcm/Naive cytotoxic T cells,Tcm/Naive cytotoxic T cells,0.9999727586687359
AGCTATATCTAAGTGC-1,0,Monocytes_CD14,,Classical monocytes,Classical monocytes,0.9999792522270927
AGCTCATAGACAGGCG-1,4,Cytotoxic_T_NK,,Tem/Temra cytotoxic T cells,Tem/Temra cytotoxic T cells,0.9999947969514158
AGCTCATAGACTCGCA-1,6,B_cells,,Memory B cells,Memory B cells,0.9998519904559298
AGCTCATAGGCCGGAA-1,0,Monocytes_CD14,,Classical monocytes,Classical monocytes,0.9998326661437877
AGCTCATAGGCTACTG-1,7,Monocytes_general,,Non-classical monocytes,Non-classical monocytes,0.9999435710866765
AGCTCATAGGCTGTGC-1,2,T_cells_general,,Tem/Effector helper T cells,Tem/Effector helper T cells,0.2863837117845143
AGCTCATAGGGTTAGA-1,2,T_cells_general,,Tcm/Naive helper T cells,Tcm/Naive helper T cells,0.9124625367404146
AGCTCATAGGTCCACA-1,1,CD4_T_cells,,Tcm/Naive helper T cells,Tcm/Naive helper T cells,0.9999273070028817
AGCTCATAGTGAGAGC-1,0,Monocytes_CD14,,Classical monocytes,Classical monocytes,0.9966625212214496
AGCTGCTCAGTAGGAT-1,1,CD4_T_cells,,Tcm/Naive helper T cells,Tcm/Naive helper T cells,0.912944134631167
AGCTGCTCAGTCTAGC-1,0,Monocytes_CD14,,Classical monocytes,Classical monocytes,0.9999909444938814
AGCTGCTCATGAATAG-1,0,Monocytes_CD14,,Classical monocytes,Classical monocytes,0.9999792767546891
AGCTTAATCACCGGTA-1,11,pDC,,pDC,pDC,0.9999999999494462
AGCTTAATCATGCCTC-1,3,CD4_T_cells,,Tcm/Naive helper T cells,Tcm/Naive cytotoxic T cells,0.9787873022958621
AGCTTAATCCATAATG-1,0,Monocytes_CD14,,Classical monocytes,Classical monocytes,0.9999999595139458
AGCTTAATCCCGAAGC-1,0,Monocytes_CD14,,Classical monocytes,Classical monocytes,0.997984705013228
AGCTTAATCCCTGATC-1,1,CD4_T_cells,,Tcm/Naive helper T cells,Tcm/Naive helper T cells,0.9999947354003745
AGCTTAATCGATATTG-1,1,CD4_T_cells,,Tcm/Naive helper T cells,Tcm/Naive helper T cells,0.9969649476755318
AGCTTAATCGTCATTT-1,1,CD4_T_cells,,Tcm/Naive helper T cells,Tcm/Naive helper T cells,0.9995610976822363
AGCTTCCTCACTAAGC-1,8,B_cells,,Naive B cells,Naive B cells,0.9999960104394271
AGCTTCCTCAGTATTG-1,4,Cytotoxic_T_NK,,Tem/Trm cytotoxic T cells,Tem/Trm cytotoxic T cells,0.995945960961118
AGCTTCCTCATGAAGG-1,3,CD4_T_cells,,Tcm/Naive helper T cells,Tcm/Naive cytotoxic T cells,0.9180273629350167
AGCTTCCTCATTACGA-1,0,Monocytes_CD14,,Classical monocytes,Classical monocytes,0.9967038114662276
AGCTTCCTCCCTGATC-1,1,CD4_T_cells,,Tcm/Naive helper T cells,Tcm/Naive helper T cells,0.9997199152110764
AGCTTCCTCGAGGTGG-1,0,Monocytes_CD14,,Classical monocytes,Classical monocytes,0.9999953947395958
AGCTTCCTCGTGCTTC-1,1,CD4_T_cells,,Tcm/Naive helper T cells,Tcm/Naive helper T cells,0.9988763045658868
AGCTTCCTCTAGCGTG-1,10,Cytotoxic_T_NK,,MAIT cells,MAIT cells,0.9998304785157983
AGCTTGGTCAACCAAC-1,1,CD4_T_cells,,Tcm/Naive helper T cells,Tcm/Naive helper T cells,0.9956564235103612
AGCTTGGTCCTTCTAG-1,2,T_cells_general,,Tcm/Naive helper T cells,Tcm/Naive helper T cells,0.8011051499760118
AGCTTGGTCGATAACC-1,3,CD4_T_cells,,Tcm/Naive cytotoxic T cells,Tcm/Naive helper T cells,0.9024415538629561
AGCTTGGTCGCTAGTG-1,3,CD4_T_cells,,Tcm/Naive helper T cells,Tcm/Naive cytotoxic T cells,0.9737508276279545
AGCTTGGTCTAACCTT-1,2,T_cells_general,,Regulatory T cells,Regulatory T cells,0.9911921344524568
AGCTTGGTCTCCTCAA-1,0,Monocytes_CD14,,Classical monocytes,Classical monocytes,0.9910988351785387
AGCTTTAAGCTGGACC-1,1,CD4_T_cells,,Tcm/Naive helper T cells,Tcm/Naive helper T cells,0.9998372052866425
AGCTTTAAGGAGGACT-1,0,Monocytes_CD14,,Classical monocytes,Classical monocytes,0.9999994482509325
AGCTTTAAGGCTACTG-1,1,CD4_T_cells,,Tcm/Naive helper T cells,Tcm/Naive helper T cells,0.8391136086153014
AGCTTTAAGTGGCGGA-1,2,T_cells_general,,Tem/Effector helper T cells,Tem/Effector helper T cells,0.8617108681568486
AGGAAACGTGCTGTAA-1,1,CD4_T_cells,,Tcm/Naive helper T cells,Tcm/Naive helper T cells,0.9999722764147545
AGGAAACGTGGGTACT-1,2,T_cells_general,,Tem/Effector helper T cells,Tcm/Naive helper T cells,0.7797681797555804
AGGAAACGTGGTTATG-1,3,CD4_T_cells,,Tcm/Naive helper T cells,Tcm/Naive helper T cells,0.9981169067017497
AGGAAACGTTGTGATG-1,0,Monocytes_CD14,,Classical monocytes,Classical monocytes,0.9993774606439699
AGGAAACGTTTGCAGA-1,7,Monocytes_general,,Non-classical monocytes,Non-classical monocytes,0.9962740429267384
AGGAACCAGCAACAAG-1,0,Monocytes_CD14,,Classical monocytes,Classical monocytes,0.98060238772768
AGGAACCAGGCAAGTA-1,0,Monocytes_CD14,,Classical monocytes,Classical monocytes,0.998930166254648
AGGAACCAGGCATTAC-1,1,CD4_T_cells,,Tcm/Naive helper T cells,Tcm/Naive helper T cells,0.9998913865612505
AGGAACCAGGCCATCA-1,1,CD4_T_cells,,Tcm/Naive helper T cells,Tcm/Naive helper T cells,0.9997743234879594
AGGAACCAGGGTTATC-1,1,CD4_T_cells,,Tcm/Naive helper T cells,Tcm/Naive helper T cells,0.9982967196075556
AGGAACCAGTAACCAC-1,3,CD4_T_cells,,Tcm/Naive cytotoxic T cells,Tcm/Naive helper T cells,0.8820221830259287
AGGAACCAGTTGTCAA-1,2,T_cells_general,,Tcm/Naive helper T cells,Tcm/Naive helper T cells,0.8391538551069584
AGGAACGGTAAGCTTG-1,4,Cytotoxic_T_NK,,Tem/Temra cytotoxic T cells,Tem/Temra cytotoxic T cells,0.9896336470847888
AGGAACGGTACTGATG-1,0,Monocytes_CD14,,Classical monocytes,Classical monocytes,0.9184347114473445
AGGAACGGTGGAAACG-1,1,CD4_T_cells,,Tcm/Naive helper T cells,Tcm/Naive helper T cells,0.9999313680618728
AGGAACGGTGTTAAAC-1,2,T_cells_general,,Tem/Effector helper T cells,Tem/Effector helper T cells,0.653960786906737
AGGAACGGTTTAAAGC-1,5,Cytotoxic_T_NK,,CD16+ NK cells,CD16+ NK cells,0.9994319609849802
AGGAACGGTTTAACGG-1,3,CD4_T_cells,,Tcm/Naive cytotoxic T cells,Tcm/Naive cytotoxic T cells,0.9951634901834192
AGGACGTAGACTAAGG-1,7,Monocytes_general,,Non-classical monocytes,Non-classical monocytes,0.9667892845189722
AGGACGTAGATAGACG-1,2,T_cells_general,,Tcm/Naive helper T cells,Tcm/Naive helper T cells,0.3818852454227112
AGGACGTAGCGATAGA-1,1,CD4_T_cells,,Tcm/Naive helper T cells,Tcm/Naive helper T cells,0.9999922755590657
AGGACGTAGGAATAAC-1,0,Monocytes_CD14,,Classical monocytes,Classical monocytes,0.9991191866084804
AGGACGTAGGCACAGG-1,2,T_cells_general,,Tcm/Naive helper T cells,Tcm/Naive helper T cells,0.4054923226717909
AGGACGTAGTCATGCG-1,5,Cytotoxic_T_NK,,CD16+ NK cells,CD16+ NK cells,0.9999927310892659
AGGACTAAGACTTATG-1,0,Monocytes_CD14,,Classical monocytes,Classical monocytes,0.9995145635408139
AGGACTAAGCTGTAAC-1,0,Monocytes_CD14,,Classical monocytes,Classical monocytes,0.9999536884493873
AGGACTAAGTAGGATG-1,2,T_cells_general,,Tcm/Naive helper T cells,Tem/Trm cytotoxic T cells,0.049714866362626835
AGGAGCTAGCAAGATG-1,9,Monocytes_general,,DC2,DC2,0.9998872666604749
AGGAGCTAGCCTGAGC-1,2,T_cells_general,,Tem/Effector helper T cells,Tcm/Naive helper T cells,0.5512677694807094
AGGAGCTAGCCTGGTA-1,0,Monocytes_CD14,,Non-classical monocytes,Classical monocytes,0.5896259065453491
AGGAGCTAGGAAACTG-1,7,Monocytes_general,,Non-classical monocytes,Non-classical monocytes,0.9954207511797273
AGGAGCTAGTATTGCA-1,3,CD4_T_cells,,Tcm/Naive cytotoxic T cells,Tcm/Naive cytotoxic T cells,0.9776302496740604
AGGAGCTAGTGAGGGT-1,0,Monocytes_CD14,,Classical monocytes,Classical monocytes,0.8089570914245392
AGGATATAGCCGCTAA-1,0,Monocytes_CD14,,Classical monocytes,Classical monocytes,0.9987017017645463
AGGATATAGGCTTAGT-1,0,Monocytes_CD14,,Classical monocytes,Classical monocytes,0.9999934751182837
AGGATCCGTACCCACC-1,0,Monocytes_CD14,,Classical monocytes,Classical monocytes,0.9999879453749687
AGGATCCGTAGGTGTC-1,1,CD4_T_cells,,Tcm/Naive helper T cells,Tcm/Naive helper T cells,0.9999386672951498
AGGATCCGTCACGAAC-1,1,CD4_T_cells,,Tcm/Naive helper T cells,Tcm/Naive helper T cells,0.9999757525168665
AGGATCCGTGAATCGC-1,6,B_cells,,Memory B cells,Memory B cells,0.989561509645245
AGGATCCGTGTTGCAA-1,4,Cytotoxic_T_NK,,Tem/Temra cytotoxic T cells,Tem/Temra cytotoxic T cells,0.9879180489326718
AGGATGCAGAACCTGT-1,8,B_cells,,Naive B cells,Naive B cells,0.9999999880516327
AGGATGCAGGATGATG-1,1,CD4_T_cells,,Tcm/Naive helper T cells,Tcm/Naive helper T cells,0.999932916438912
AGGATGCAGGGTTATC-1,1,CD4_T_cells,,Tcm/Naive helper T cells,Tcm/Naive helper T cells,0.9999490606534179
AGGATGTCACAACCTA-1,4,Cytotoxic_T_NK,,Tem/Temra cytotoxic T cells,Tem/Temra cytotoxic T cells,0.6425702570940157
AGGATGTCACCCTCAC-1,0,Monocytes_CD14,,Classical monocytes,Classical monocytes,0.9999197064258804
AGGATGTCACGTGCTG-1,3,CD4_T_cells,,Tcm/Naive cytotoxic T cells,Tcm/Naive cytotoxic T cells,0.8904949226110124
AGGATGTCAGGAACCA-1,1,CD4_T_cells,,Tcm/Naive helper T cells,Tcm/Naive helper T cells,0.9991869294311835
AGGATTGAGACAAGTG-1,2,T_cells_general,,Regulatory T cells,Regulatory T cells,0.998017502419994
AGGATTGAGCACCACA-1,1,CD4_T_cells,,Tcm/Naive helper T cells,Tcm/Naive helper T cells,0.9998958944181929
AGGATTGAGGTGCGGA-1,1,CD4_T_cells,,Tcm/Naive helper T cells,Tcm/Naive helper T cells,0.9998248362617961
AGGATTGAGTCTTGAA-1,0,Monocytes_CD14,,Classical monocytes,Classical monocytes,0.8452277737823506
AGGATTGAGTGATTCA-1,0,Monocytes_CD14,,Classical monocytes,Classical monocytes,0.9963780588986261
AGGATTGAGTTATCTC-1,2,T_cells_general,,Tem/Trm cytotoxic T cells,Tem/Effector helper T cells,0.6475034550210771
AGGCAATCAAACCCTA-1,11,pDC,,pDC,pDC,0.9999999999858151
AGGCAATCAAATTGCT-1,1,CD4_T_cells,,Tcm/Naive helper T cells,Tcm/Naive helper T cells,0.9979736019360724
AGGCAATCAGCAAGTG-1,2,T_cells_general,,Tem/Effector helper T cells,Tem/Effector helper T cells,0.9599280450204665
AGGCAATCATGAATCT-1,2,T_cells_general,,Tem/Effector helper T cells,Tem/Effector helper T cells,0.1334737438169022
AGGCAATCATGAGCAG-1,1,CD4_T_cells,,Tcm/Naive helper T cells,Tcm/Naive helper T cells,0.8063040579374318
AGGCAATCATTGACAT-1,8,B_cells,,Naive B cells,Naive B cells,0.9999999803017915
AGGCAGGTCCCAGTAG-1,3,CD4_T_cells,,Tcm/Naive cytotoxic T cells,Tcm/Naive cytotoxic T cells,0.9875935149816932
AGGCAGGTCCCGCATT-1,3,CD4_T_cells,,Tcm/Naive cytotoxic T cells,Tcm/Naive cytotoxic T cells,0.9315192977967222
AGGCAGGTCCTAAGTA-1,9,Monocytes_general,,Classical monocytes,DC2,0.6764363662422439
AGGCAGGTCTACTAAG-1,0,Monocytes_CD14,,Classical monocytes,Classical monocytes,0.9999971413321808
AGGCCCAGTCTCAGCC-1,1,CD4_T_cells,,Tcm/Naive helper T cells,Tcm/Naive helper T cells,0.9978603678342355
AGGCCCAGTCTTGCTG-1,0,Monocytes_CD14,,Classical monocytes,Classical monocytes,0.9999753285367065
AGGCCCAGTTACAACG-1,3,CD4_T_cells,,Tcm/Naive cytotoxic T cells,Tcm/Naive cytotoxic T cells,0.9999745694759741
AGGCCCAGTTATCCTA-1,5,Cytotoxic_T_NK,,CD16+ NK cells,CD16+ NK cells,0.2553334131209977
AGGCGGATCAATTGGC-1,4,Cytotoxic_T_NK,,Tem/Trm cytotoxic T cells,Tem/Trm cytotoxic T cells,0.9933303096512393
AGGCGGATCAGTATTG-1,2,T_cells_general,,Tem/Effector helper T cells,Tcm/Naive helper T cells,0.7606775615510349
AGGCTAAAGAGAGCCG-1,0,Monocytes_CD14,,Classical monocytes,Classical monocytes,0.9997166868344625
AGGCTAAAGCGCCTTT-1,3,CD4_T_cells,,Tcm/Naive cytotoxic T cells,Tcm/Naive cytotoxic T cells,0.9874823467735925
AGGCTAAAGTAACAGG-1,1,CD4_T_cells,,Tcm/Naive helper T cells,Tcm/Naive helper T cells,0.999255388569075
AGGCTAAAGTTGCGTG-1,8,B_cells,,Naive B cells,Naive B cells,0.9999711701359056
AGGCTAGCACAATGCC-1,3,CD4_T_cells,,Tcm/Naive helper T cells,Tcm/Naive cytotoxic T cells,0.9439086251777609
AGGCTAGCACCTCACC-1,2,T_cells_general,,Tem/Effector helper T cells,Tcm/Naive helper T cells,0.98965120468838
AGGCTAGCAGCTTACA-1,0,Monocytes_CD14,,Classical monocytes,Classical monocytes,0.9998514797776819
AGGCTAGCAGGTTATT-1,0,Monocytes_CD14,,Classical monocytes,Classical monocytes,0.9999723402664997
AGGCTAGCAGTTGCGT-1,0,Monocytes_CD14,,Classical monocytes,Classical monocytes,0.9999921488517808
AGGCTAGCATCCTGAA-1,0,Monocytes_CD14,,Classical monocytes,Classical monocytes,0.9999767980310823
AGGCTAGCATTAAACC-1,3,CD4_T_cells,,Tcm/Naive helper T cells,Tcm/Naive cytotoxic T cells,0.9205637613322663
AGGCTAGCATTGTGAT-1,10,Cytotoxic_T_NK,,MAIT cells,MAIT cells,0.9999933136339034
AGGGCCTTCAAACCGT-1,3,CD4_T_cells,,Tcm/Naive helper T cells,Tcm/Naive cytotoxic T cells,0.9614075317929371
AGGGCCTTCACGCATG-1,5,Cytotoxic_T_NK,,CD16+ NK cells,CD16+ NK cells,0.99960860185142
AGGGCCTTCAGCTAAC-1,2,T_cells_general,,Tcm/Naive helper T cells,Tcm/Naive helper T cells,0.9999231921062497
AGGGCCTTCATGCTAA-1,1,CD4_T_cells,,Tcm/Naive helper T cells,Tcm/Naive helper T cells,0.9999951998862787
AGGGCCTTCCTCAGTC-1,0,Monocytes_CD14,,Classical monocytes,Classical monocytes,0.997453031863112
AGGGCCTTCGAGGAAC-1,4,Cytotoxic_T_NK,,Tem/Temra cytotoxic T cells,Tem/Temra cytotoxic T cells,0.9986053710102052
AGGGCCTTCTAACTGA-1,5,Cytotoxic_T_NK,,Tem/Temra cytotoxic T cells,CD16+ NK cells,0.053354567571726796
AGGGCCTTCTCACATT-1,1,CD4_T_cells,,Tcm/Naive helper T cells,Tcm/Naive helper T cells,0.9998381881282692
AGGGCTACACAACCTA-1,0,Monocytes_CD14,,Classical monocytes,Classical monocytes,0.9972251911312395
AGGGCTACAGCATTAT-1,1,CD4_T_cells,,Tcm/Naive helper T cells,Tcm/Naive helper T cells,0.9969749710195145
AGGGCTACAGTTTACG-1,1,CD4_T_cells,,Tcm/Naive helper T cells,Tcm/Naive helper T cells,0.9999981594740892
AGGGTTGCAAGCTTAT-1,3,CD4_T_cells,,Tcm/Naive cytotoxic T cells,Tcm/Naive cytotoxic T cells,0.9415533476940922
AGGGTTGCAAGGACCA-1,0,Monocytes_CD14,,Classical monocytes,Classical monocytes,0.8848672367506408
AGGGTTGCAATATGGA-1,4,Cytotoxic_T_NK,,Tem/Temra cytotoxic T cells,Tem/Temra cytotoxic T cells,0.4286555296965277
AGGGTTGCACCTCACC-1,0,Monocytes_CD14,,Classical monocytes,Classical monocytes,0.999921100547439
AGGGTTGCACGTAAGG-1,1,CD4_T_cells,,Tcm/Naive helper T cells,Tcm/Naive helper T cells,0.9999106183173204
AGGGTTGCAGCAACAG-1,9,Monocytes_general,,DC2,DC2,0.9985876725338579
AGGGTTGCAGTTATGT-1,0,Monocytes_CD14,,Classical monocytes,Classical monocytes,0.999978833786151
AGGTAACCACATTGCA-1,1,CD4_T_cells,,Tcm/Naive helper T cells,Tcm/Naive helper T cells,0.9999986106070307
AGGTAACCAGAAATGC-1,0,Monocytes_CD14,,Non-classical monocytes,Classical monocytes,0.9314860985979628
AGGTAACCAGCCTTGG-1,1,CD4_T_cells,,Tcm/Naive helper T cells,Tcm/Naive helper T cells,0.9996735560238006
AGGTACGCAAATTCGT-1,0,Monocytes_CD14,,Classical monocytes,Classical monocytes,0.9999811856332301
AGGTACGCAAGCTTTG-1,4,Cytotoxic_T_NK,,Tem/Temra cytotoxic T cells,Tem/Temra cytotoxic T cells,0.9998337791628127
AGGTACGCACCGGCTA-1,2,T_cells_general,,Tem/Effector helper T cells,Tem/Effector helper T cells,0.9996766584912845
AGGTACGCAGCCTTGG-1,2,T_cells_general,,Tcm/Naive helper T cells,Tcm/Naive helper T cells,0.8033390260297849
AGGTACGCATAGCAGG-1,2,T_cells_general,,Tem/Effector helper T cells,Tem/Effector helper T cells,0.7512436181807082
AGGTATTGTGTTTGTC-1,2,T_cells_general,,Tcm/Naive helper T cells,Tem/Effector helper T cells,0.3440503437237273
AGGTATTGTTAGTTGG-1,8,B_cells,,Naive B cells,Naive B cells,0.9999951829364134
AGGTATTGTTGCTTCG-1,7,Monocytes_general,,Non-classical monocytes,Non-classical monocytes,0.9200954242865653
AGGTATTGTTTCCACG-1,0,Monocytes_CD14,,Classical monocytes,Classical monocytes,0.9999712926698289
AGGTCAAAGAACAAGT-1,6,B_cells,,Memory B cells,Memory B cells,0.9879215641752582
AGGTCAAAGCGATAAG-1,0,Monocytes_CD14,,Classical monocytes,Classical monocytes,0.9655059724631878
AGGTCAAAGGATCCGC-1,5,Cytotoxic_T_NK,,CD16+ NK cells,CD16+ NK cells,0.9994566164214256
AGGTCAAAGGCCAATT-1,9,Monocytes_general,,DC2,DC2,0.969530007116043
AGGTCAAAGGCTGGCT-1,3,CD4_T_cells,,Tcm/Naive cytotoxic T cells,Tcm/Naive cytotoxic T cells,0.994297987277346
AGGTCAAAGTCGCTAG-1,2,T_cells_general,,Tcm/Naive helper T cells,Tcm/Naive helper T cells,0.9571142606247326
AGGTCAAAGTCTTGAA-1,2,T_cells_general,,Tcm/Naive helper T cells,Tcm/Naive helper T cells,0.9176698434937169
AGGTCAAAGTTACTTC-1,0,Monocytes_CD14,,Classical monocytes,Classical monocytes,0.9990088566104154
AGGTCATTCCACCCTG-1,1,CD4_T_cells,,Tcm/Naive helper T cells,Tcm/Naive helper T cells,0.9890825681129026
AGGTCATTCCACCTTA-1,6,B_cells,,Memory B cells,Memory B cells,0.9999821459971011
AGGTCATTCCAGGTCA-1,3,CD4_T_cells,,Tcm/Naive cytotoxic T cells,Tcm/Naive cytotoxic T cells,0.9883554708833033
AGGTCATTCCGCAAGC-1,2,T_cells_general,,Tcm/Naive helper T cells,Tcm/Naive helper T cells,0.7983721533914174
AGGTCATTCCTAATAG-1,2,T_cells_general,,Regulatory T cells,Tcm/Naive helper T cells,0.9955799011792313
AGGTCATTCCTCAGCT-1,0,Monocytes_CD14,,Classical monocytes,Classical monocytes,0.8927786874156826
AGGTCATTCGCCTGTT-1,3,CD4_T_cells,,Tcm/Naive cytotoxic T cells,Tcm/Naive cytotoxic T cells,0.9949360365106485
AGGTCATTCGCTTGCT-1,4,Cytotoxic_T_NK,,Tem/Temra cytotoxic T cells,Tem/Temra cytotoxic T cells,0.9997858725664269
AGGTCATTCTAACCAA-1,0,Monocytes_CD14,,Classical monocytes,Classical monocytes,0.8155034504075503
AGGTCATTCTGCAAGT-1,1,CD4_T_cells,,Tcm/Naive helper T cells,Tcm/Naive helper T cells,0.9996498345398411
AGGTCCGGTAAAGCGG-1,1,CD4_T_cells,,Tcm/Naive helper T cells,Tcm/Naive helper T cells,0.9779483410976629
AGGTCCGGTATCTGGA-1,2,T_cells_general,,Tcm/Naive helper T cells,Tcm/Naive helper T cells,0.9913392031877831
AGGTCCGGTTCACCAT-1,9,Monocytes_general,,DC2,DC2,0.9995799716821
AGGTCTTAGCGAGCGA-1,8,B_cells,,Naive B cells,Naive B cells,0.9999999999924367
AGGTCTTAGCTCAAAC-1,3,CD4_T_cells,,Tcm/Naive cytotoxic T cells,Tcm/Naive cytotoxic T cells,0.9988235244283898
AGGTCTTAGGCAGGTG-1,0,Monocytes_CD14,,Classical monocytes,Classical monocytes,0.9993029086163587
AGGTCTTAGGCTGTGC-1,2,T_cells_general,,Tem/Trm cytotoxic T cells,Tcm/Naive helper T cells,0.46990122527991196
AGGTCTTAGGGACGCA-1,5,Cytotoxic_T_NK,,CD16+ NK cells,CD16+ NK cells,0.9999994011568638
AGGTCTTAGTCAGTAC-1,5,Cytotoxic_T_NK,,CD16+ NK cells,CD16+ NK cells,0.9995620214807703
AGGTGAATCAAGCTAC-1,2,T_cells_general,,Tcm/Naive helper T cells,Tem/Effector helper T cells,0.6909584301113102
AGGTGAATCACTCAAA-1,0,Monocytes_CD14,,Classical monocytes,Classical monocytes,0.9998846173027796
AGGTGAATCATTGTCT-1,10,Cytotoxic_T_NK,,MAIT cells,MAIT cells,0.44103622055338265
AGGTGAATCCAGGTTG-1,1,CD4_T_cells,,Tcm/Naive helper T cells,Tcm/Naive helper T cells,0.9955807047059726
AGGTGAATCCTTCGTA-1,0,Monocytes_CD14,,Classical monocytes,Classical monocytes,0.9816926522852868
AGGTGAATCGCTATGG-1,10,Cytotoxic_T_NK,,MAIT cells,MAIT cells,0.9999816246241059
AGGTGAATCTGGTCCT-1,0,Monocytes_CD14,,Classical monocytes,Classical monocytes,0.9999696545457293
AGGTGAATCTTGCAAA-1,1,CD4_T_cells,,Tcm/Naive helper T cells,Tcm/Naive helper T cells,0.9999951099420558
AGGTGAGGTACGTTTC-1,1,CD4_T_cells,,Tcm/Naive helper T cells,Tcm/Naive helper T cells,0.9999689513564956
AGGTGAGGTCACGGAT-1,2,T_cells_general,,Tcm/Naive helper T cells,Tcm/Naive helper T cells,0.9887791370281058
AGGTGAGGTCGCATAA-1,1,CD4_T_cells,,Tcm/Naive helper T cells,Tcm/Naive helper T cells,0.9999231427927519
AGGTGAGGTGGATTCA-1,9,Monocytes_general,,DC2,DC2,0.9593196922936114
AGGTGAGGTGGTTCCC-1,10,Cytotoxic_T_NK,,MAIT cells,MAIT cells,0.9995522439124522
AGGTGAGGTTCACCAT-1,9,Monocytes_general,,Classical monocytes,DC2,0.9953068043460431
AGGTTAACAACCGCCA-1,0,Monocytes_CD14,,Classical monocytes,Classical monocytes,0.9998985066999604
AGGTTAACACTTCACT-1,7,Monocytes_general,,Non-classical monocytes,Non-classical monocytes,0.9999996796404476
AGGTTAACAGCATGGA-1,1,CD4_T_cells,,Tcm/Naive helper T cells,Tcm/Naive helper T cells,0.9999931828851857
AGGTTACTCCCTCACG-1,1,CD4_T_cells,,Tcm/Naive helper T cells,Tcm/Naive helper T cells,0.9999673374657997
AGGTTACTCCTAAGTA-1,4,Cytotoxic_T_NK,,Tem/Temra cytotoxic T cells,Tem/Temra cytotoxic T cells,0.995185100682677
AGGTTACTCGAAGCGG-1,3,CD4_T_cells,,Tcm/Naive helper T cells,Tcm/Naive cytotoxic T cells,0.9716498950024501
AGGTTACTCGAAGTAG-1,1,CD4_T_cells,,Tcm/Naive helper T cells,Tcm/Naive helper T cells,0.9999776556965785
AGGTTACTCGGTCATG-1,9,Monocytes_general,,DC2,DC2,0.8439285329671815
AGGTTAGAGCAGGTTT-1,1,CD4_T_cells,,Tcm/Naive helper T cells,Tcm/Naive helper T cells,0.9362319195744178
AGGTTAGAGCATGTCG-1,3,CD4_T_cells,,Tcm/Naive helper T cells,Tcm/Naive cytotoxic T cells,0.8980736137345279
AGGTTAGAGGACCGCT-1,2,T_cells_general,,Tcm/Naive helper T cells,Tcm/Naive helper T cells,0.9947475420093352
AGGTTAGAGGAGTAAT-1,2,T_cells_general,,Tcm/Naive helper T cells,Tcm/Naive helper T cells,0.996413104492601
AGGTTAGAGGCGGGTA-1,11,pDC,,pDC,pDC,0.9999997131929746
AGGTTAGAGTTAGCCG-1,3,CD4_T_cells,,Tcm/Naive cytotoxic T cells,Tcm/Naive cytotoxic T cells,0.9974769871388481
AGGTTGCGTACCCACC-1,1,CD4_T_cells,,Tcm/Naive helper T cells,Tcm/Naive helper T cells,0.9997486837165593
AGGTTGCGTACTTCAC-1,1,CD4_T_cells,,Tcm/Naive helper T cells,Tcm/Naive helper T cells,0.9449489359973079
AGGTTGCGTGCAATGC-1,2,T_cells_general,,Tcm/Naive helper T cells,Tcm/Naive helper T cells,0.9878834098373902
AGGTTGCGTGGGAACA-1,6,B_cells,,Memory B cells,Memory B cells,0.9999667050920805
AGGTTGCGTTCCTCCT-1,0,Monocytes_CD14,,Classical monocytes,Classical monocytes,0.997813189359712
AGGTTGCGTTCTTTAG-1,1,CD4_T_cells,,Tcm/Naive helper T cells,Tcm/Naive helper T cells,0.9998433696764836
AGGTTGCGTTTAGTCC-1,4,Cytotoxic_T_NK,,CRTAM+ gamma-delta T cells,Tem/Trm cytotoxic T cells,0.1833614943774655
AGGTTTATCACAGACT-1,2,T_cells_general,,Tem/Effector helper T cells,Tem/Effector helper T cells,0.9977636652169144
AGGTTTATCATTAGTG-1,4,Cytotoxic_T_NK,,Tem/Temra cytotoxic T cells,Tem/Temra cytotoxic T cells,0.9828041484457476
AGGTTTATCCGCCTAT-1,0,Monocytes_CD14,,Classical monocytes,Classical monocytes,0.956763926018272
AGGTTTATCCTTCAAT-1,0,Monocytes_CD14,,Classical monocytes,Classical monocytes,0.8303341111739249
AGGTTTATCTTGGATA-1,1,CD4_T_cells,,Tcm/Naive helper T cells,Tcm/Naive helper T cells,0.9999352869485952
AGGTTTGGTAATCCCT-1,0,Monocytes_CD14,,Classical monocytes,Classical monocytes,0.9998050801223862
AGGTTTGGTCAAGACC-1,0,Monocytes_CD14,,Classical monocytes,Classical monocytes,0.9999814737545227
AGGTTTGGTGTTGCAA-1,5,Cytotoxic_T_NK,,CD16+ NK cells,CD16+ NK cells,0.9999730485040572
AGTAAACAGACTTATG-1,0,Monocytes_CD14,,Classical monocytes,Classical monocytes,0.9998693217915995
AGTAAACAGAGGAGTC-1,3,CD4_T_cells,,Tcm/Naive cytotoxic T cells,Tcm/Naive cytotoxic T cells,0.9998743110446793
AGTAAACAGCCTGTTC-1,11,pDC,,pDC,pDC,0.9999980015001367
AGTAAACAGCTGTCAG-1,0,Monocytes_CD14,,Classical monocytes,Classical monocytes,0.9997840843024073
AGTAAACAGGACCGCT-1,0,Monocytes_CD14,,Classical monocytes,Classical monocytes,0.9999851396652361
AGTAAACAGGGTTATC-1,0,Monocytes_CD14,,Classical monocytes,Classical monocytes,0.9996278461822324
AGTAAACAGTCCTGAG-1,1,CD4_T_cells,,Tcm/Naive helper T cells,Tcm/Naive helper T cells,0.9862573653374545
AGTAAACAGTTATGTG-1,1,CD4_T_cells,,Tcm/Naive helper T cells,Tcm/Naive helper T cells,0.9999526511637286
AGTAAACAGTTGCCTC-1,0,Monocytes_CD14,,Classical monocytes,Classical monocytes,0.9999038373788812
AGTAACACAAGCTTTG-1,6,B_cells,,Memory B cells,Age-associated B cells,0.22093906187090823
AGTAACACAATGCCCG-1,0,Monocytes_CD14,,Non-classical monocytes,Classical monocytes,0.9620787654967804
AGTAACACAATTAACC-1,2,T_cells_general,,Type 17 helper T cells,Tcm/Naive helper T cells,0.06619979591030227
AGTAACACAGCTAACC-1,1,CD4_T_cells,,Tcm/Naive helper T cells,Tcm/Naive helper T cells,0.9976672055925233
AGTAACACAGGCGAGT-1,1,CD4_T_cells,,Tcm/Naive helper T cells,Tcm/Naive helper T cells,0.9786540887557438
AGTAACACATAGGCGA-1,5,Cytotoxic_T_NK,,CD16+ NK cells,CD16+ NK cells,0.9976205245737904
AGTAACCTCAATCTAG-1,9,Monocytes_general,,DC2,DC2,0.9999786453808238
AGTAACCTCACCGGTA-1,3,CD4_T_cells,,Tcm/Naive cytotoxic T cells,Tcm/Naive cytotoxic T cells,0.9895543151357412
AGTAACCTCATTAGCA-1,2,T_cells_general,,Regulatory T cells,Regulatory T cells,0.9049178899554746
AGTAACCTCATTAGGC-1,2,T_cells_general,,Tem/Effector helper T cells,Tem/Effector helper T cells,0.6820860311390736
AGTAACCTCATTGTCT-1,2,T_cells_general,,Tcm/Naive helper T cells,Tcm/Naive helper T cells,0.985800895906485
AGTAACCTCCGGTTGA-1,2,T_cells_general,,Tcm/Naive helper T cells,Tcm/Naive helper T cells,0.9920930836902294
AGTAACCTCCTAATAG-1,0,Monocytes_CD14,,Classical monocytes,Classical monocytes,0.9996765806670138
AGTAACCTCGGCCATA-1,4,Cytotoxic_T_NK,,Tem/Trm cytotoxic T cells,Tem/Trm cytotoxic T cells,0.9943524942693728
AGTAACGAGAGAGGCT-1,1,CD4_T_cells,,Tcm/Naive helper T cells,Tcm/Naive helper T cells,0.9896094978110407
AGTAACGAGAGCCGCT-1,2,T_cells_general,,Tcm/Naive helper T cells,Tcm/Naive helper T cells,0.7877970498215824
AGTAACGAGGCGCTAC-1,2,T_cells_general,,Tem/Effector helper T cells,Tem/Effector helper T cells,0.5865357454735163
AGTAACGAGTTATTCC-1,2,T_cells_general,,Regulatory T cells,Regulatory T cells,0.9999684520993819
AGTAACGAGTTGTCAA-1,0,Monocytes_CD14,,Classical monocytes,Classical monocytes,0.9882686445403976
AGTAAGTAGCTTAACA-1,1,CD4_T_cells,,Tcm/Naive helper T cells,Tcm/Naive helper T cells,0.9999930838374075
AGTAAGTAGTATCGCG-1,1,CD4_T_cells,,Tcm/Naive helper T cells,Tcm/Naive helper T cells,0.984141208200041
AGTAAGTAGTCACTCC-1,0,Monocytes_CD14,,Classical monocytes,Classical monocytes,0.9984795136469922
AGTAAGTAGTTAGGCT-1,0,Monocytes_CD14,,Classical monocytes,Classical monocytes,0.9999093579729353
AGTAAGTAGTTGTCTT-1,0,Monocytes_CD14,,Classical monocytes,Classical monocytes,0.9999805318565341
AGTAATCGTCATGCCC-1,0,Monocytes_CD14,,Non-classical monocytes,Classical monocytes,0.16662919156124778
AGTAATCGTTGCGCGA-1,0,Monocytes_CD14,,Classical monocytes,Classical monocytes,0.9999971423837272
AGTAATGCAAACGCGA-1,4,Cytotoxic_T_NK,,Tem/Trm cytotoxic T cells,Tem/Trm cytotoxic T cells,0.7377221389607495
AGTAATGCAAGTTATC-1,3,CD4_T_cells,,Tcm/Naive cytotoxic T cells,Tcm/Naive cytotoxic T cells,0.9904549753619781
AGTAATGCACCAGGTT-1,1,CD4_T_cells,,ILC3,Tcm/Naive helper T cells,0.6708103085196836
AGTAATGCACCTACTT-1,0,Monocytes_CD14,,Classical monocytes,Classical monocytes,0.9810304730518058
AGTAATGCATAAGTTC-1,1,CD4_T_cells,,Tcm/Naive helper T cells,Tcm/Naive helper T cells,0.9988537389931703
AGTACGCGTAGTTACG-1,0,Monocytes_CD14,,Classical monocytes,Classical monocytes,0.9153348930773801
AGTACGCGTGAGACTC-1,11,pDC,,pDC,pDC,0.999999997125373
AGTAGCTTCAGGTCCA-1,6,B_cells,,Naive B cells,Memory B cells,0.9861499038988766
AGTAGCTTCTCACACC-1,3,CD4_T_cells,,Tcm/Naive cytotoxic T cells,Tcm/Naive cytotoxic T cells,0.9587844706808364
AGTAGGATCAAACCGT-1,2,T_cells_general,,Tcm/Naive helper T cells,Tem/Effector helper T cells,0.9783250072340215
AGTAGGATCAATCATG-1,1,CD4_T_cells,,Tcm/Naive helper T cells,Tcm/Naive helper T cells,0.9980295025045177
AGTAGGATCAATTGGC-1,2,T_cells_general,,Regulatory T cells,Regulatory T cells,0.9999994179112945
AGTAGGATCGCCTGTT-1,0,Monocytes_CD14,,Classical monocytes,Classical monocytes,0.9941867494368442
AGTAGGATCGCTAAGT-1,0,Monocytes_CD14,,Classical monocytes,Classical monocytes,0.9242500856839008
AGTAGGATCGTAATCA-1,3,CD4_T_cells,,Tcm/Naive cytotoxic T cells,Tcm/Naive cytotoxic T cells,0.8986259467028389
AGTATAGCAAATACCT-1,2,T_cells_general,,Tem/Effector helper T cells,Tem/Effector helper T cells,0.9921545520895834
AGTATAGCAAATTCGT-1,2,T_cells_general,,Type 1 helper T cells,Tem/Effector helper T cells,0.28233682628270723
AGTATAGCAACAACAA-1,10,Cytotoxic_T_NK,,MAIT cells,MAIT cells,0.6436403817948293
AGTATAGCACACTAAT-1,6,B_cells,,Memory B cells,Memory B cells,0.9999954106729216
AGTATAGCAGAGAGCC-1,3,CD4_T_cells,,Tcm/Naive cytotoxic T cells,Tcm/Naive cytotoxic T cells,0.35167177302193225
AGTATAGCAGGAACCA-1,1,CD4_T_cells,,Tcm/Naive helper T cells,Tcm/Naive helper T cells,0.9998937367441494
AGTATAGCATAGCTTG-1,0,Monocytes_CD14,,Classical monocytes,Classical monocytes,0.9976015478515029
AGTATAGCATCCATCT-1,3,CD4_T_cells,,Tcm/Naive helper T cells,Tcm/Naive cytotoxic T cells,0.6447828671248025
AGTATAGCATTGCAGC-1,0,Monocytes_CD14,,Classical monocytes,Classical monocytes,0.9827521213419685
AGTCAAGAGAACCTGT-1,0,Monocytes_CD14,,Classical monocytes,Classical monocytes,0.9999756657598842
AGTCAAGAGGAAACTG-1,2,T_cells_general,,Tcm/Naive helper T cells,Tcm/Naive helper T cells,0.9999280191699658
AGTCAATGTAATCACG-1,4,Cytotoxic_T_NK,,Tem/Trm cytotoxic T cells,Tem/Trm cytotoxic T cells,0.7548210312482925
AGTCAATGTAGGATTT-1,0,Monocytes_CD14,,Classical monocytes,Classical monocytes,0.9999912799425925
AGTCAATGTCAGGCAT-1,3,CD4_T_cells,,Tcm/Naive cytotoxic T cells,Tcm/Naive helper T cells,0.5920033132197987
AGTCAATGTGACATGC-1,0,Monocytes_CD14,,Classical monocytes,Classical monocytes,0.9999905113296588
AGTCAATGTGAGACTC-1,3,CD4_T_cells,,Tcm/Naive cytotoxic T cells,Tcm/Naive cytotoxic T cells,0.9998957627846891
AGTCAATGTGCCTCAC-1,9,Monocytes_general,,DC2,DC2,0.9999752054632854
AGTCAATGTGTTGCAA-1,6,B_cells,,Memory B cells,Age-associated B cells,0.9963121194052176
AGTCAGGCACTCAACA-1,0,Monocytes_CD14,,Classical monocytes,Classical monocytes,0.9559144593180776
AGTCAGGCATGAAATG-1,0,Monocytes_CD14,,Classical monocytes,Classical monocytes,0.9999982125455846
AGTCAGGCATGGCCTG-1,2,T_cells_general,,Tcm/Naive helper T cells,Tcm/Naive helper T cells,0.9999439714979446
AGTCAGGCATGGTTAT-1,0,Monocytes_CD14,,Classical monocytes,Classical monocytes,0.9999999911555663
AGTCCTGAGACAACAG-1,10,Cytotoxic_T_NK,,MAIT cells,MAIT cells,0.9912566027101128
AGTCCTGAGCCATCAG-1,2,T_cells_general,,Tcm/Naive helper T cells,Tcm/Naive helper T cells,0.768120496629565
AGTCCTGAGCTAATTG-1,0,Monocytes_CD14,,Classical monocytes,Classical monocytes,0.9291441058635791
AGTCCTGAGGCTACTG-1,13,Plasma_cells,,Plasma cells,Plasma cells,0.9996394250370491
AGTCCTGAGGGATGAC-1,4,Cytotoxic_T_NK,,Tem/Trm cytotoxic T cells,Tem/Trm cytotoxic T cells,0.2692759536222984
AGTCCTGAGTCCTTCA-1,0,Monocytes_CD14,,Classical monocytes,Classical monocytes,0.9846566123821199
AGTCCTGAGTTACCGG-1,1,CD4_T_cells,,Tcm/Naive helper T cells,Tcm/Naive helper T cells,0.9999984596775202
AGTCCTTGTAAGCACC-1,0,Monocytes_CD14,,Classical monocytes,Classical monocytes,0.9999815970048958
AGTCCTTGTCAAGTGC-1,3,CD4_T_cells,,Tcm/Naive cytotoxic T cells,Tcm/Naive cytotoxic T cells,0.9134678269535224
AGTCCTTGTTTACGTC-1,4,Cytotoxic_T_NK,,Tem/Temra cytotoxic T cells,Tem/Temra cytotoxic T cells,0.9965243707192248
AGTCGCATCAAACCGT-1,3,CD4_T_cells,,Tcm/Naive cytotoxic T cells,Tcm/Naive cytotoxic T cells,0.9954657215149008
AGTCGCATCAAGTGTC-1,0,Monocytes_CD14,,Classical monocytes,Classical monocytes,0.9999846269191076
AGTCGCATCCAAACAC-1,4,Cytotoxic_T_NK,,Tem/Trm cytotoxic T cells,Tem/Trm cytotoxic T cells,0.9990504579288723
AGTCGCATCCGCACAA-1,1,CD4_T_cells,,Tcm/Naive helper T cells,Tcm/Naive helper T cells,0.9833358085049728
AGTCGCATCTATCGCC-1,2,T_cells_general,,Regulatory T cells,Regulatory T cells,0.9994448291023826
AGTCTTGCACTTAGGC-1,3,CD4_T_cells,,Tcm/Naive helper T cells,Tcm/Naive cytotoxic T cells,0.16683515223708636
AGTCTTGCAGAAACGT-1,1,CD4_T_cells,,Tcm/Naive helper T cells,Tcm/Naive helper T cells,0.9998619836383408
AGTCTTGCATAAACCT-1,7,Monocytes_general,,Non-classical monocytes,Non-classical monocytes,0.999998264498052
AGTCTTGCATAGCTTG-1,3,CD4_T_cells,,Tcm/Naive cytotoxic T cells,Tcm/Naive cytotoxic T cells,0.37207261572817496
AGTGAACCAAGGTCGA-1,3,CD4_T_cells,,Tcm/Naive cytotoxic T cells,Tcm/Naive cytotoxic T cells,0.9996423757044496
AGTGAACCAATTAGGA-1,5,Cytotoxic_T_NK,,CD16+ NK cells,CD16+ NK cells,0.9990825454871678
AGTGAACCACCTACGG-1,4,Cytotoxic_T_NK,,Tem/Temra cytotoxic T cells,Tem/Temra cytotoxic T cells,0.46568103174129616
AGTGAACCACCTCAGG-1,3,CD4_T_cells,,Tcm/Naive cytotoxic T cells,Tcm/Naive cytotoxic T cells,0.9572279632146696
AGTGAACCACTGGCTG-1,2,T_cells_general,,Tcm/Naive helper T cells,Tcm/Naive helper T cells,0.9332582653261202
AGTGAGTCAACAACAA-1,9,Monocytes_general,,DC2,DC2,0.9999708984967022
AGTGAGTCAATAGCCC-1,2,T_cells_general,,Tcm/Naive helper T cells,Tcm/Naive helper T cells,0.9887731877131001
AGTGAGTCAATATACC-1,2,T_cells_general,,Regulatory T cells,Tcm/Naive helper T cells,0.9810394490754086
AGTGAGTCAGCAAGAT-1,1,CD4_T_cells,,Tcm/Naive helper T cells,Tcm/Naive helper T cells,0.9002985869250644
AGTGAGTCAGCTACGT-1,2,T_cells_general,,Tcm/Naive helper T cells,Tem/Effector helper T cells,0.6140478834973202
AGTGAGTCAGGATAAC-1,11,pDC,,pDC,pDC,0.9999999998974771
AGTGAGTCATAGGCGA-1,4,Cytotoxic_T_NK,,Memory CD4+ cytotoxic T cells,Tem/Temra cytotoxic T cells,0.1729604954539418
AGTGATGAGATGGACA-1,0,Monocytes_CD14,,Classical monocytes,Classical monocytes,0.999359239924913
AGTGATGAGTCACCTC-1,1,CD4_T_cells,,Tcm/Naive helper T cells,Tcm/Naive helper T cells,0.9992369569931673
AGTGCACGTCAAAGGG-1,0,Monocytes_CD14,,Classical monocytes,Classical monocytes,0.9999900743681516
AGTGCACGTCAATGTG-1,8,B_cells,,Naive B cells,Naive B cells,0.9999999932609129
AGTGCACGTCACACCC-1,1,CD4_T_cells,,Tcm/Naive helper T cells,Tcm/Naive helper T cells,0.9973631089608879
AGTGCACGTCCTAACT-1,0,Monocytes_CD14,,Classical monocytes,Classical monocytes,0.999746430306508
AGTGCACGTGCGCGTA-1,8,B_cells,,Naive B cells,Naive B cells,0.9999999419838612
AGTGCACGTTACAACG-1,0,Monocytes_CD14,,Classical monocytes,Classical monocytes,0.9999962124507205
AGTGCACGTTCCGCAC-1,0,Monocytes_CD14,,Classical monocytes,Classical monocytes,0.8274551381729888
AGTGCACGTTGCACAA-1,8,B_cells,,Naive B cells,Naive B cells,0.9999993172439435
AGTGCACGTTTGGGCG-1,1,CD4_T_cells,,Tcm/Naive helper T cells,Tcm/Naive helper T cells,0.9999427545965813
AGTGCCGGTGCGCATG-1,8,B_cells,,Naive B cells,Naive B cells,0.9995566706116481
AGTGCCGGTGTTGCAA-1,0,Monocytes_CD14,,Classical monocytes,Classical monocytes,0.5541394844373542
AGTGCCGGTTACCTGT-1,1,CD4_T_cells,,Tcm/Naive helper T cells,Tcm/Naive helper T cells,0.9999080026352974
AGTGCGGAGAAAGCAT-1,1,CD4_T_cells,,Tcm/Naive helper T cells,Tcm/Naive helper T cells,0.7481401837764258
AGTGCGGAGAGCAAGC-1,6,B_cells,,Memory B cells,Memory B cells,0.9987239915799488
AGTGCGGAGCACCACA-1,1,CD4_T_cells,,Tcm/Naive helper T cells,Tcm/Naive helper T cells,0.9929457583876748
AGTGCGGAGCTAATTG-1,7,Monocytes_general,,Non-classical monocytes,Non-classical monocytes,0.9999998007583171
AGTGCGGAGGCTGTGC-1,2,T_cells_general,,Tcm/Naive helper T cells,Tcm/Naive helper T cells,0.8162897211058722
AGTGCGGAGTAACGAG-1,0,Monocytes_CD14,,Classical monocytes,Classical monocytes,0.9994938989057828
AGTGCGGAGTGAGGTA-1,3,CD4_T_cells,,Tcm/Naive cytotoxic T cells,Tcm/Naive cytotoxic T cells,0.9209832098358081
AGTGCGGAGTTGCGTG-1,2,T_cells_general,,Tcm/Naive helper T cells,Tem/Effector helper T cells,0.4876922284577517
AGTGGACAGAGGAGGA-1,0,Monocytes_CD14,,Classical monocytes,Classical monocytes,0.37223431931315704
AGTGGACAGGCCGGAA-1,2,T_cells_general,,Regulatory T cells,Regulatory T cells,0.9999944596399216
AGTGGACAGGGTCCAC-1,6,B_cells,,Memory B cells,Memory B cells,0.9996621260674241
AGTGTGGCAATAGTCT-1,3,CD4_T_cells,,Tcm/Naive cytotoxic T cells,Tcm/Naive cytotoxic T cells,0.9787006976331489
AGTGTGGCAATGAAGC-1,1,CD4_T_cells,,Tcm/Naive helper T cells,Tcm/Naive helper T cells,0.9998321749620596
AGTGTGGCACGTGCTG-1,2,T_cells_general,,Tcm/Naive helper T cells,Tcm/Naive helper T cells,0.9987880110313919
AGTGTGGCAGCACGAA-1,0,Monocytes_CD14,,Classical monocytes,Classical monocytes,0.9999992222658289
AGTGTGGCATAAAGCA-1,0,Monocytes_CD14,,Classical monocytes,Classical monocytes,0.9983298626974202
AGTGTGGCATAAGGAC-1,2,T_cells_general,,Tcm/Naive helper T cells,Tcm/Naive helper T cells,0.900923690285976
AGTGTGGCATCGTTCT-1,1,CD4_T_cells,,Tcm/Naive helper T cells,Tcm/Naive helper T cells,0.8103141435493145
AGTGTGGCATTGTGCA-1,0,Monocytes_CD14,,Classical monocytes,Classical monocytes,0.999641509482022
AGTGTTTCAAGGTACG-1,2,T_cells_general,,Tcm/Naive helper T cells,Tcm/Naive helper T cells,0.11314099750278822
AGTGTTTCACTTGTTC-1,4,Cytotoxic_T_NK,,Tem/Temra cytotoxic T cells,Tem/Temra cytotoxic T cells,0.9998539762756541
AGTGTTTCAGCACCAT-1,10,Cytotoxic_T_NK,,MAIT cells,MAIT cells,0.9863978827767429
AGTGTTTCATAGCTGC-1,9,Monocytes_general,,DC2,DC2,0.990347274086523
AGTGTTTCATTAAAGG-1,1,CD4_T_cells,,Tcm/Naive helper T cells,Tcm/Naive helper T cells,0.9998759110934208
AGTTACATCCAGGTCA-1,2,T_cells_general,,Tcm/Naive helper T cells,Tcm/Naive helper T cells,0.9994747868083719
AGTTACATCCTGGTCT-1,2,T_cells_general,,Tem/Effector helper T cells,Tcm/Naive helper T cells,0.9868741841698501
AGTTACATCGCACAAT-1,0,Monocytes_CD14,,Classical monocytes,Classical monocytes,0.9998349091986899
AGTTACATCTAGCGTG-1,1,CD4_T_cells,,Tcm/Naive helper T cells,Tcm/Naive helper T cells,0.9990966584867154
AGTTACTCAAATTCGT-1,3,CD4_T_cells,,Tcm/Naive cytotoxic T cells,Tcm/Naive cytotoxic T cells,0.9368612146321819
AGTTACTCAGCTTACA-1,0,Monocytes_CD14,,Classical monocytes,Classical monocytes,0.9999986348879447
AGTTACTCAGGCAAGC-1,3,CD4_T_cells,,Tcm/Naive helper T cells,Tcm/Naive helper T cells,0.9952094872110445
AGTTACTCATTGCAGC-1,2,T_cells_general,,Tem/Effector helper T cells,Tem/Effector helper T cells,0.7223103935490869
AGTTATGTCATCCTGC-1,0,Monocytes_CD14,,Classical monocytes,Classical monocytes,0.999631182018872
AGTTATGTCATGTGGT-1,0,Monocytes_CD14,,Classical monocytes,Classical monocytes,0.9998800029878563
AGTTATGTCCAATAGC-1,2,T_cells_general,,Tcm/Naive helper T cells,Tcm/Naive helper T cells,0.6706483028177369
AGTTATGTCTAACCTT-1,1,CD4_T_cells,,Tcm/Naive helper T cells,Tcm/Naive helper T cells,0.8904206414687307
AGTTGCGTCATGGTTA-1,7,Monocytes_general,,Non-classical monocytes,Non-classical monocytes,0.9973253781856658
AGTTGCGTCCCATAAA-1,1,CD4_T_cells,,Tcm/Naive helper T cells,Tcm/Naive helper T cells,0.9999667628807821
AGTTGCGTCCGCCTCA-1,3,CD4_T_cells,,Tcm/Naive cytotoxic T cells,Tcm/Naive cytotoxic T cells,0.9719644873263852
AGTTGCGTCCTGGTCT-1,0,Monocytes_CD14,,Non-classical monocytes,Classical monocytes,0.9887003495876292
AGTTGCGTCTGCAAAC-1,1,CD4_T_cells,,Tcm/Naive helper T cells,Tcm/Naive helper T cells,0.9999889494368945
AGTTGGCGTCGCAATA-1,0,Monocytes_CD14,,Classical monocytes,Classical monocytes,0.999285168749005
AGTTGGCGTGGACCTG-1,2,T_cells_general,,Regulatory T cells,Regulatory T cells,0.9938747711537219
AGTTGGCGTTGCCTCA-1,2,T_cells_general,,Tcm/Naive helper T cells,Tcm/Naive helper T cells,0.5748719377897568
AGTTGGCGTTTGTGGA-1,1,CD4_T_cells,,Tcm/Naive helper T cells,Tcm/Naive helper T cells,0.9999681469106502
AGTTGTCAGAACCTGT-1,3,CD4_T_cells,,Tcm/Naive helper T cells,Tcm/Naive cytotoxic T cells,0.9992359367129862
AGTTGTCAGCAAGGAC-1,0,Monocytes_CD14,,Classical monocytes,Classical monocytes,0.9999590472572272
AGTTGTCAGGCATTAC-1,1,CD4_T_cells,,Tcm/Naive helper T cells,Tcm/Naive helper T cells,0.9986469824266724
AGTTGTCAGTCAATTG-1,2,T_cells_general,,Regulatory T cells,Regulatory T cells,0.9981686759343186
AGTTGTCAGTTGTCCC-1,0,Monocytes_CD14,,Classical monocytes,Classical monocytes,0.9999793812549821
AGTTTGATCCCGCCTA-1,9,Monocytes_general,,DC2,DC2,0.9998462046833995
AGTTTGATCTCGCCTG-1,3,CD4_T_cells,,Tcm/Naive cytotoxic T cells,Tcm/Naive cytotoxic T cells,0.9988682414860754
AGTTTGCAGGAACCAA-1,0,Monocytes_CD14,,Non-classical monocytes,Classical monocytes,0.9815989523939356
AGTTTGCAGGCCCAGT-1,2,T_cells_general,,Tcm/Naive helper T cells,Tcm/Naive helper T cells,0.7852452976688972
AGTTTGCAGGCCTGGT-1,2,T_cells_general,,Tcm/Naive helper T cells,Tem/Effector helper T cells,0.990792131636958
AGTTTGCAGGCCTTAG-1,4,Cytotoxic_T_NK,,Tem/Trm cytotoxic T cells,Tem/Trm cytotoxic T cells,0.9992157342351339
ATAACGACAATGAGGT-1,2,T_cells_general,,Type 17 helper T cells,Tcm/Naive helper T cells,0.8517326174363817
ATAACGACACACCAAC-1,1,CD4_T_cells,,Tcm/Naive helper T cells,Tcm/Naive helper T cells,0.9928788805220184
ATAACGACATAGTCAT-1,8,B_cells,,Naive B cells,Naive B cells,0.9999996559188011
ATAACGACATTAAACC-1,0,Monocytes_CD14,,Classical monocytes,Classical monocytes,0.9999177984067033
ATAAGCCTCTTAGGGT-1,6,B_cells,,Memory B cells,Memory B cells,0.956644888888
ATAAGTCGTAACTACG-1,0,Monocytes_CD14,,Classical monocytes,Classical monocytes,0.999469430857684
ATAAGTCGTAGCCTCC-1,8,B_cells,,Naive B cells,Naive B cells,0.99999999940944
ATAAGTCGTCTCACTG-1,0,Monocytes_CD14,,Classical monocytes,Classical monocytes,0.7492083349939094
ATAAGTCGTTCATTTG-1,3,CD4_T_cells,,Tcm/Naive cytotoxic T cells,Tcm/Naive cytotoxic T cells,0.9996824265428372
ATAAGTCGTTGGATAT-1,3,CD4_T_cells,,Tcm/Naive cytotoxic T cells,Tcm/Naive cytotoxic T cells,0.9998142543742857
ATAAGTCGTTGGCCGA-1,2,T_cells_general,,Tcm/Naive helper T cells,Tcm/Naive helper T cells,0.10934464439597026
ATAAGTCGTTGGTTGA-1,11,pDC,,pDC,pDC,0.9999986345291649
ATAATGGCAATTAAGG-1,0,Monocytes_CD14,,Classical monocytes,Classical monocytes,0.999858888566778
ATAATGGCACAACCTA-1,0,Monocytes_CD14,,Classical monocytes,Classical monocytes,0.9999977954383521
ATAATGGCACAATGTT-1,2,T_cells_general,,Tcm/Naive helper T cells,Tem/Effector helper T cells,0.6051984671162729
ATAATGGCAGAAACGT-1,0,Monocytes_CD14,,Classical monocytes,Classical monocytes,0.9971185011987419
ATAATGGCAGTACCGT-1,6,B_cells,,Memory B cells,Memory B cells,0.999673353179467
ATAATGGCAGTCTATG-1,3,CD4_T_cells,,Tcm/Naive cytotoxic T cells,Tcm/Naive cytotoxic T cells,0.23949101684289129
ATAATGGCATTAAGTC-1,7,Monocytes_general,,Non-classical monocytes,Non-classical monocytes,0.9990453081698333
ATAATGGCATTGCGTA-1,5,Cytotoxic_T_NK,,CD16+ NK cells,CD16+ NK cells,0.9480838539484293
ATACCGGTCAATGACC-1,1,CD4_T_cells,,Tcm/Naive helper T cells,Tcm/Naive helper T cells,0.9948233302527941
ATACCGGTCAGCCAAT-1,4,Cytotoxic_T_NK,,Tem/Temra cytotoxic T cells,Tem/Temra cytotoxic T cells,0.9992382029295849
ATACCGGTCAGGCCTA-1,3,CD4_T_cells,,Tcm/Naive cytotoxic T cells,Tcm/Naive helper T cells,0.9984118412893304
ATACCGGTCATTTGTC-1,0,Monocytes_CD14,,Classical monocytes,Classical monocytes,0.9994571669096778
ATACCGGTCGGTTACG-1,8,B_cells,,Naive B cells,Naive B cells,0.999999948336568
ATACCGGTCTAAGTGC-1,4,Cytotoxic_T_NK,,Tem/Temra cytotoxic T cells,Tem/Temra cytotoxic T cells,0.998014792152081
ATACCTGCAACTAGGG-1,7,Monocytes_general,,Non-classical monocytes,Non-classical monocytes,0.9992649080743081
ATACCTGCACTAAGCC-1,1,CD4_T_cells,,Tcm/Naive helper T cells,Tcm/Naive helper T cells,0.9999286523155388
ATACCTGCACTGACCG-1,3,CD4_T_cells,,Tcm/Naive helper T cells,Tcm/Naive helper T cells,0.9655512877102136
ATACCTGCAGCCAGTT-1,2,T_cells_general,,Regulatory T cells,Regulatory T cells,0.9999991196532462
ATACCTGCAGCCTTGG-1,5,Cytotoxic_T_NK,,Tem/Temra cytotoxic T cells,CD16+ NK cells,0.9300652058173223
ATACCTGCAGCTAATT-1,0,Monocytes_CD14,,Classical monocytes,Classical monocytes,0.9999800425118263
ATACCTGCATCGCTCC-1,5,Cytotoxic_T_NK,,CD16+ NK cells,CD16+ NK cells,0.6625442421830714
ATACCTGCATGGAGGC-1,3,CD4_T_cells,,Tcm/Naive cytotoxic T cells,Tcm/Naive cytotoxic T cells,0.9999199294184248
ATACCTGCATGGCCTG-1,0,Monocytes_CD14,,Classical monocytes,Classical monocytes,0.9788885913484849
ATAGATGCAAACCTTG-1,1,CD4_T_cells,,Tcm/Naive helper T cells,Tcm/Naive helper T cells,0.9997026903576586
ATAGATGCACACTAAT-1,0,Monocytes_CD14,,Classical monocytes,Classical monocytes,0.9999906513234402
ATAGATGCAGGCATGA-1,3,CD4_T_cells,,Tcm/Naive cytotoxic T cells,Tcm/Naive cytotoxic T cells,0.9282252321693875
ATAGATGCAGGTTAAA-1,2,T_cells_general,,Tem/Effector helper T cells,Tcm/Naive helper T cells,0.9980747433214482
ATAGATGCATCGCTTT-1,3,CD4_T_cells,,Tcm/Naive cytotoxic T cells,Tcm/Naive cytotoxic T cells,0.981733304024452
ATAGATGCATGATTGT-1,0,Monocytes_CD14,,Classical monocytes,Classical monocytes,0.711602577624655
ATAGATGCATTGTGGC-1,2,T_cells_general,,Tcm/Naive helper T cells,Tcm/Naive helper T cells,0.999803339858434
ATAGCATGTAAGCACC-1,7,Monocytes_general,,Non-classical monocytes,Non-classical monocytes,0.9999998281314075
ATAGCATGTAATGACT-1,3,CD4_T_cells,,Tcm/Naive helper T cells,Tcm/Naive cytotoxic T cells,0.8748390022589158
ATAGCATGTCAGGAAG-1,2,T_cells_general,,Tcm/Naive helper T cells,Tcm/Naive helper T cells,0.41299483848327717
ATAGCATGTGACCTGG-1,0,Monocytes_CD14,,Classical monocytes,Classical monocytes,0.9999949779123213
ATAGCATGTGAGACTC-1,7,Monocytes_general,,Non-classical monocytes,Non-classical monocytes,0.9999999067673262
ATAGCATGTTATCCGT-1,3,CD4_T_cells,,Tcm/Naive cytotoxic T cells,Tcm/Naive cytotoxic T cells,0.7299365742439831
ATAGGTACAAACGCGA-1,3,CD4_T_cells,,Tcm/Naive cytotoxic T cells,Tcm/Naive cytotoxic T cells,0.8455171083718929
ATAGGTACAAAGCCTC-1,9,Monocytes_general,,DC2,DC2,0.9997612100644307
ATAGGTACACTGACCG-1,1,CD4_T_cells,,Tcm/Naive helper T cells,Tcm/Naive helper T cells,0.9996755937287081
ATAGGTACAGGTCCTG-1,0,Monocytes_CD14,,Classical monocytes,Classical monocytes,0.9999989703429116
ATAGGTACATCCAGGT-1,3,CD4_T_cells,,Tcm/Naive cytotoxic T cells,Tcm/Naive cytotoxic T cells,0.8172514441256687
ATATAGGCAATTGACT-1,2,T_cells_general,,Tem/Trm cytotoxic T cells,Tcm/Naive helper T cells,0.08135547288713968
ATATAGGCAATTTAGC-1,0,Monocytes_CD14,,Classical monocytes,Classical monocytes,0.990651266129953
ATATAGGCACCACAAC-1,5,Cytotoxic_T_NK,,CD16+ NK cells,CD16+ NK cells,0.9942529345175286
ATATGCATCAAATCGC-1,1,CD4_T_cells,,Tcm/Naive helper T cells,Tcm/Naive helper T cells,0.9549674169279434
ATATGCATCAACAAGG-1,4,Cytotoxic_T_NK,,Tem/Temra cytotoxic T cells,Tem/Temra cytotoxic T cells,0.9858480299019377
ATATGCATCAATACGC-1,2,T_cells_general,,Tcm/Naive helper T cells,Tcm/Naive helper T cells,0.9977474480104642
ATATGCATCACTTCAT-1,0,Monocytes_CD14,,Classical monocytes,Classical monocytes,0.9144005565596816
ATATGCATCCCTGACT-1,5,Cytotoxic_T_NK,,CD16+ NK cells,CD16+ NK cells,0.9999845623737567
ATATGCATCCTAGTCC-1,0,Monocytes_CD14,,Classical monocytes,Classical monocytes,0.9991646939433148
ATATGCATCCTTCTAG-1,2,T_cells_general,,Regulatory T cells,Regulatory T cells,0.9999876523852819
ATATGCATCTCTAGCC-1,4,Cytotoxic_T_NK,,Tem/Trm cytotoxic T cells,Tem/Trm cytotoxic T cells,0.6049509341781095
ATATGCATCTTGGACG-1,0,Monocytes_CD14,,Classical monocytes,Classical monocytes,0.9998216530780913
ATATGCTCAAACTCAT-1,4,Cytotoxic_T_NK,,Tem/Temra cytotoxic T cells,Tem/Temra cytotoxic T cells,0.5624502244110126
ATATGCTCAAGCGAGC-1,1,CD4_T_cells,,Tcm/Naive helper T cells,Tcm/Naive helper T cells,0.9999912734490861
ATATGCTCAAGCTAAA-1,2,T_cells_general,,Tcm/Naive helper T cells,Tcm/Naive helper T cells,0.9358273302981648
ATATGCTCAATGAAGC-1,6,B_cells,,Memory B cells,Memory B cells,0.9999903707545664
ATATGCTCATAAACCT-1,5,Cytotoxic_T_NK,,CD16+ NK cells,CD16+ NK cells,0.9628665626633283
ATATGCTCATCACTTC-1,3,CD4_T_cells,,Tcm/Naive helper T cells,Tcm/Naive cytotoxic T cells,0.6726480630655848
ATATGCTCATCGCTTT-1,3,CD4_T_cells,,Tcm/Naive helper T cells,Tcm/Naive cytotoxic T cells,0.6445742223837754
ATATGCTCATTAGGTT-1,4,Cytotoxic_T_NK,,Tem/Temra cytotoxic T cells,Tem/Temra cytotoxic T cells,0.46706327571401707
ATATGCTCATTTGCTC-1,0,Monocytes_CD14,,Classical monocytes,Classical monocytes,0.9993234533646947
ATATGGTGTAAGCTCA-1,2,T_cells_general,,Tcm/Naive helper T cells,Tcm/Naive helper T cells,0.9886820672271697
ATATGGTGTCAGGAAG-1,1,CD4_T_cells,,Tcm/Naive helper T cells,Tcm/Naive helper T cells,0.9997403718674153
ATATGGTGTGAGCACT-1,3,CD4_T_cells,,Tcm/Naive cytotoxic T cells,Tcm/Naive cytotoxic T cells,0.9744600787146882
ATATGGTGTTATTGCC-1,1,CD4_T_cells,,Tcm/Naive helper T cells,Tcm/Naive helper T cells,0.9948981606592379
ATATGGTGTTGCATCT-1,7,Monocytes_general,,Non-classical monocytes,Non-classical monocytes,0.9997104726303506
ATATGGTGTTGCGCGA-1,1,CD4_T_cells,,Tcm/Naive helper T cells,Tcm/Naive helper T cells,0.9999753112345355
ATATGGTGTTGTGACA-1,4,Cytotoxic_T_NK,,Tem/Temra cytotoxic T cells,Tem/Temra cytotoxic T cells,0.9236122578254211
ATATGTCCAAACTGCC-1,7,Monocytes_general,,Non-classical monocytes,Non-classical monocytes,0.9994860841808728
ATATGTCCACAAAGAC-1,6,B_cells,,Memory B cells,Memory B cells,0.9999022510755916
ATATGTCCAGCATGTC-1,3,CD4_T_cells,,Tcm/Naive cytotoxic T cells,Tcm/Naive cytotoxic T cells,0.8889224904944597
ATATGTCCATGAAATG-1,3,CD4_T_cells,,Tcm/Naive cytotoxic T cells,Tcm/Naive helper T cells,0.9974276784413705
ATATGTCCATGAGCAG-1,0,Monocytes_CD14,,Classical monocytes,Classical monocytes,0.8721117754097242
ATATGTCCATGTCGCG-1,3,CD4_T_cells,,Tcm/Naive helper T cells,Tcm/Naive cytotoxic T cells,0.973087409559567
ATCAAGACAATGCCCG-1,3,CD4_T_cells,,Tcm/Naive cytotoxic T cells,Tcm/Naive cytotoxic T cells,0.9423790921129638
ATCAAGACACAGAACG-1,3,CD4_T_cells,,Tcm/Naive cytotoxic T cells,Tcm/Naive cytotoxic T cells,0.9885278414846556
ATCAAGACATCTAGCA-1,1,CD4_T_cells,,Tcm/Naive helper T cells,Tcm/Naive helper T cells,0.9999030459115127
ATCAAGCTCACACAGT-1,2,T_cells_general,,Tcm/Naive helper T cells,Tcm/Naive helper T cells,0.9954658917091842
ATCAAGCTCATGCAAC-1,10,Cytotoxic_T_NK,,MAIT cells,MAIT cells,0.9994244758411578
ATCAAGCTCCCTTGCG-1,3,CD4_T_cells,,Tcm/Naive cytotoxic T cells,Tcm/Naive cytotoxic T cells,0.9773163004444764
ATCAAGCTCGGGATTT-1,2,T_cells_general,,Tcm/Naive helper T cells,Tcm/Naive helper T cells,0.9246344402805349
ATCAAGCTCGGTTTCC-1,0,Monocytes_CD14,,Classical monocytes,Classical monocytes,0.2634821250195237
ATCAAGCTCTGCAAGT-1,4,Cytotoxic_T_NK,,Tem/Temra cytotoxic T cells,Tem/Temra cytotoxic T cells,0.942219293414299
ATCAAGCTCTTAGGGT-1,9,Monocytes_general,,Classical monocytes,Classical monocytes,0.9969378705938472
ATCAATCCAAGGGTTG-1,0,Monocytes_CD14,,Classical monocytes,Classical monocytes,0.9999029624139867
ATCAATCCACTTCATC-1,0,Monocytes_CD14,,Classical monocytes,Classical monocytes,0.9984634888258718
ATCAATCCAGGAACAT-1,6,B_cells,,Memory B cells,Memory B cells,0.9995966786862525
ATCAATCCATGAATCT-1,1,CD4_T_cells,,Tcm/Naive helper T cells,Tcm/Naive helper T cells,0.9999915931453719
ATCAATCCATTAAGTC-1,0,Monocytes_CD14,,Classical monocytes,Classical monocytes,0.9996806902577997
ATCACAATCACCTGCT-1,3,CD4_T_cells,,Tcm/Naive helper T cells,Tcm/Naive cytotoxic T cells,0.5604474649843816
ATCACAATCCTTCAAT-1,3,CD4_T_cells,,Tcm/Naive helper T cells,Tcm/Naive helper T cells,0.9858056067801771
ATCACAATCGTTCACC-1,0,Monocytes_CD14,,Classical monocytes,Classical monocytes,0.9997703081005788
ATCACACAGCGCTAAT-1,3,CD4_T_cells,,Tcm/Naive cytotoxic T cells,Tcm/Naive cytotoxic T cells,0.9949201105148184
ATCACACAGTAACTCA-1,9,Monocytes_general,,DC2,DC2,0.9846342733707563
ATCACACAGTTGTCCC-1,2,T_cells_general,,Tcm/Naive helper T cells,Tcm/Naive helper T cells,0.9990467098799979
ATCACCCTCAGGCTAT-1,0,Monocytes_CD14,,Classical monocytes,Classical monocytes,0.9785586015058465
ATCACCCTCAGTTCCC-1,1,CD4_T_cells,,Tcm/Naive helper T cells,Tcm/Naive helper T cells,0.9975567284994352
ATCACCCTCGAGGAGT-1,3,CD4_T_cells,,Tcm/Naive cytotoxic T cells,Tcm/Naive cytotoxic T cells,0.9981968690063143
ATCACCCTCGATTTGA-1,8,B_cells,,Naive B cells,Naive B cells,0.9999999096370402
ATCACCCTCGCCTGTT-1,3,CD4_T_cells,,Tcm/Naive cytotoxic T cells,Tcm/Naive cytotoxic T cells,0.999981150233247
ATCACCCTCTGTGCCT-1,5,Cytotoxic_T_NK,,CD16+ NK cells,CD16+ NK cells,0.9986371372801504
ATCACTAAGTAAGTGG-1,0,Monocytes_CD14,,Classical monocytes,Classical monocytes,0.999817956073856
ATCAGGTTCAAGCTAC-1,1,CD4_T_cells,,Tcm/Naive helper T cells,Tcm/Naive helper T cells,0.9697019175974421
ATCAGGTTCCCAGTAG-1,2,T_cells_general,,Regulatory T cells,Regulatory T cells,0.9998840812443293
ATCAGGTTCCCGTTGT-1,4,Cytotoxic_T_NK,,Tem/Temra cytotoxic T cells,Tem/Temra cytotoxic T cells,0.3255787933236718
ATCAGGTTCCGCAACA-1,2,T_cells_general,,Regulatory T cells,Regulatory T cells,0.9990514698630365
ATCAGGTTCCGCCTCA-1,8,B_cells,,Naive B cells,Naive B cells,0.9999999887170422
ATCAGGTTCCTTGAGG-1,1,CD4_T_cells,,Tcm/Naive helper T cells,Tcm/Naive helper T cells,0.8156547286017579
ATCAGGTTCCTTGCGT-1,0,Monocytes_CD14,,Classical monocytes,Classical monocytes,0.8185572272694089
ATCAGGTTCTGGCAAT-1,0,Monocytes_CD14,,Classical monocytes,Classical monocytes,0.9999993076955659
ATCATCAAGACTTACA-1,8,B_cells,,Naive B cells,Naive B cells,0.9999389412530748
ATCATCAAGCAGGTTT-1,0,Monocytes_CD14,,Classical monocytes,Classical monocytes,0.9991113410235861
ATCATCAAGCCTGACA-1,1,CD4_T_cells,,Tcm/Naive helper T cells,Tcm/Naive helper T cells,0.999793258406229
ATCATCAAGGACAACA-1,1,CD4_T_cells,,Tcm/Naive helper T cells,Tcm/Naive helper T cells,0.9996906798547598
ATCATCAAGGCATTAC-1,3,CD4_T_cells,,Tcm/Naive cytotoxic T cells,Tcm/Naive cytotoxic T cells,0.9994703718405421
ATCATCAAGGCCTAAT-1,7,Monocytes_general,,Non-classical monocytes,Non-classical monocytes,0.9992141535860912
ATCATCAAGTAACGAG-1,8,B_cells,,Naive B cells,Naive B cells,0.9999999347626978
ATCATCAAGTCGCTAG-1,13,Plasma_cells,,Plasma cells,Plasma cells,0.999925660306478
ATCATGTCAACTGGGA-1,8,B_cells,,Naive B cells,Naive B cells,0.9999999752263413
ATCATGTCAATAGCAA-1,0,Monocytes_CD14,,Classical monocytes,Classical monocytes,0.9807688533640662
ATCATGTCAATGCGCT-1,4,Cytotoxic_T_NK,,Tcm/Naive helper T cells,Tem/Trm cytotoxic T cells,0.8536661096503739
ATCATGTCACTAAGCC-1,2,T_cells_general,,Tcm/Naive helper T cells,Tcm/Naive helper T cells,0.836691478661768
ATCATGTCAGCTTAGC-1,10,Cytotoxic_T_NK,,MAIT cells,MAIT cells,0.9639984664582945
ATCATGTCATAAGTCT-1,2,T_cells_general,,Tcm/Naive helper T cells,Tcm/Naive helper T cells,0.9968596135004316
ATCATGTCATCCATCT-1,1,CD4_T_cells,,Tcm/Naive helper T cells,Tcm/Naive helper T cells,0.9994439186184494
ATCATGTCATCGCTTT-1,3,CD4_T_cells,,Tcm/Naive helper T cells,Tcm/Naive cytotoxic T cells,0.9192001752442358
ATCATGTCATGGTTAT-1,9,Monocytes_general,,DC2,DC2,0.9998235322635972
ATCCAACAGACCATAC-1,0,Monocytes_CD14,,Classical monocytes,Classical monocytes,0.7877338039819843
ATCCAACAGCTATATG-1,0,Monocytes_CD14,,Classical monocytes,Classical monocytes,0.9988194233257627
ATCCAACAGGAAACTG-1,2,T_cells_general,,Regulatory T cells,Regulatory T cells,0.9999999229666713
ATCCAACAGGAACGCG-1,0,Monocytes_CD14,,Classical monocytes,Classical monocytes,0.9999414563917597
ATCCAACAGGTGTCCA-1,0,Monocytes_CD14,,Classical monocytes,Classical monocytes,0.998915876461502
ATCCACCTCACTCGCT-1,5,Cytotoxic_T_NK,,CD16+ NK cells,CD16+ NK cells,0.9998747848613587
ATCCACCTCAGGTTTA-1,1,CD4_T_cells,,Tcm/Naive helper T cells,Tcm/Naive helper T cells,0.9999911241576979
ATCCACCTCGTGCTAG-1,6,B_cells,,Memory B cells,Memory B cells,0.9998260614774236
ATCCATAAGCATGCAT-1,1,CD4_T_cells,,Tcm/Naive helper T cells,Tcm/Naive helper T cells,0.999964438886427
ATCCATAAGGCGCTAC-1,4,Cytotoxic_T_NK,,Tem/Trm cytotoxic T cells,Tem/Trm cytotoxic T cells,0.7550468613091132
ATCCATAAGGTCCACA-1,1,CD4_T_cells,,Tcm/Naive helper T cells,Tcm/Naive helper T cells,0.9999310287375041
ATCCATAAGTATTGCA-1,2,T_cells_general,,Treg(diff),Tem/Effector helper T cells,0.7230374675265511
ATCCATAAGTGAACGA-1,1,CD4_T_cells,,Tcm/Naive helper T cells,Tcm/Naive helper T cells,0.9996075692608781
ATCCCGCGTAACCAGC-1,1,CD4_T_cells,,Tcm/Naive helper T cells,Tcm/Naive helper T cells,0.9715769693758146
ATCCCGCGTAGGATCC-1,0,Monocytes_CD14,,Classical monocytes,Classical monocytes,0.9974898015683941
ATCCCGCGTCAAGACC-1,2,T_cells_general,,Tem/Effector helper T cells,Tcm/Naive helper T cells,0.9524433045233592
ATCCCGCGTGTTGTAG-1,1,CD4_T_cells,,Tcm/Naive helper T cells,Tcm/Naive helper T cells,0.9995774406106924
ATCCCGCGTTATAGCG-1,3,CD4_T_cells,,Tcm/Naive cytotoxic T cells,Tcm/Naive cytotoxic T cells,0.9999682290132506
ATCCCGCGTTGCAATG-1,1,CD4_T_cells,,Tcm/Naive helper T cells,Tcm/Naive helper T cells,0.9962862711038583
ATCCCGCGTTGCCTCA-1,2,T_cells_general,,Tcm/Naive helper T cells,Tcm/Naive helper T cells,0.9503784082849469
ATCCCGCGTTTGTTGC-1,1,CD4_T_cells,,Tcm/Naive helper T cells,Tcm/Naive helper T cells,0.9999709611962344
ATCCGTGAGAGGAGTC-1,5,Cytotoxic_T_NK,,CD16+ NK cells,CD16+ NK cells,0.9495600012049364
ATCCGTGAGCGGCTGT-1,1,CD4_T_cells,,Tcm/Naive helper T cells,Tcm/Naive helper T cells,0.9998336668729065
ATCCGTGAGCTAAGTC-1,3,CD4_T_cells,,Tcm/Naive cytotoxic T cells,Tcm/Naive cytotoxic T cells,0.999054036158576
ATCCGTGAGGACTAAG-1,0,Monocytes_CD14,,Classical monocytes,Classical monocytes,0.9042228638027249
ATCCGTGAGGCAACAA-1,2,T_cells_general,,Tcm/Naive helper T cells,Tcm/Naive helper T cells,0.9996433051844709
ATCCGTGAGGGTTATC-1,2,T_cells_general,,Regulatory T cells,Regulatory T cells,0.9972251599183218
ATCCTCATCAGCAAGA-1,4,Cytotoxic_T_NK,,Tem/Trm cytotoxic T cells,Tem/Trm cytotoxic T cells,0.759423513570158
ATCCTCATCATGCGTG-1,5,Cytotoxic_T_NK,,Tem/Trm cytotoxic T cells,CD16+ NK cells,0.993615540000051
ATCCTCATCCTTGAGG-1,1,CD4_T_cells,,Tcm/Naive helper T cells,Tcm/Naive helper T cells,0.9123160106487539
ATCCTGACAAACCTTG-1,0,Monocytes_CD14,,Classical monocytes,Classical monocytes,0.9999024345028003
ATCCTGACAAATACCT-1,3,CD4_T_cells,,Tcm/Naive cytotoxic T cells,Tcm/Naive cytotoxic T cells,0.9999909046973675
ATCCTGACAAGGTCCT-1,1,CD4_T_cells,,Tcm/Naive helper T cells,Tcm/Naive helper T cells,0.10632853103920126
ATCCTGACAGTAAAGC-1,5,Cytotoxic_T_NK,,CD16+ NK cells,CD16+ NK cells,0.9999783265219642
ATCCTTAGTAAATTGC-1,2,T_cells_general,,Tem/Effector helper T cells,Tem/Effector helper T cells,0.9989822905569794
ATCCTTAGTACAAAGA-1,5,Cytotoxic_T_NK,,CD16+ NK cells,CD16+ NK cells,0.9999903667624384
ATCCTTAGTATTCGCT-1,1,CD4_T_cells,,Tcm/Naive helper T cells,Tcm/Naive helper T cells,0.999997360224917
ATCCTTAGTCTTGCAT-1,1,CD4_T_cells,,Tcm/Naive helper T cells,Tcm/Naive helper T cells,0.9951645160858749
ATCCTTAGTGAAACAA-1,2,T_cells_general,,Tcm/Naive helper T cells,Regulatory T cells,0.6264934877285443
ATCCTTAGTGAGAAAC-1,3,CD4_T_cells,,Tcm/Naive cytotoxic T cells,Tcm/Naive cytotoxic T cells,0.9989404082559455
ATCCTTAGTGCAATGC-1,1,CD4_T_cells,,Tcm/Naive helper T cells,Tcm/Naive helper T cells,0.9999222309857552
ATCCTTAGTGCTAGCG-1,2,T_cells_general,,Tcm/Naive helper T cells,Tcm/Naive helper T cells,0.6823109721357311
ATCCTTAGTGTGCACG-1,0,Monocytes_CD14,,Classical monocytes,Classical monocytes,0.9955473839759958
ATCCTTAGTGTTGTAG-1,3,CD4_T_cells,,Tcm/Naive helper T cells,Tcm/Naive cytotoxic T cells,0.8812867670905655
ATCGAGGCAAACATAG-1,3,CD4_T_cells,,Tcm/Naive helper T cells,Tcm/Naive cytotoxic T cells,0.6170506191406422
ATCGAGGCAAAGCGGC-1,3,CD4_T_cells,,Tcm/Naive cytotoxic T cells,Tcm/Naive cytotoxic T cells,0.9947784288740182
ATCGAGGCAATCTCTC-1,1,CD4_T_cells,,Tcm/Naive helper T cells,Tcm/Naive helper T cells,0.9995602980681695
ATCGAGGCAATTTAGC-1,2,T_cells_general,,Tem/Effector helper T cells,Tem/Effector helper T cells,0.5595272544143027
ATCGAGGCACGTTACA-1,2,T_cells_general,,Tcm/Naive helper T cells,Tcm/Naive helper T cells,0.8959176546826404
ATCGAGGCACTAAGCC-1,2,T_cells_general,,Tcm/Naive helper T cells,Tcm/Naive helper T cells,0.6260498008087173
ATCGAGGCACTGGCTG-1,2,T_cells_general,,Tem/Effector helper T cells,Tcm/Naive helper T cells,0.2562473088245632
ATCGAGGCATAATGTC-1,3,CD4_T_cells,,Tcm/Naive helper T cells,Tcm/Naive cytotoxic T cells,0.99940336938632
ATCGAGGCATCGCTCC-1,5,Cytotoxic_T_NK,,CD16+ NK cells,CD16+ NK cells,0.9549317416273317
ATCGAGGCATTTAAGC-1,8,B_cells,,Naive B cells,Naive B cells,0.9999951441984036
ATCGCCCGTAACGGGA-1,1,CD4_T_cells,,Tcm/Naive helper T cells,Tcm/Naive helper T cells,0.8030847214982233
ATCGCCCGTGAGCAAG-1,5,Cytotoxic_T_NK,,CD16+ NK cells,CD16+ NK cells,0.9804036307283066
ATCGCCCGTTAGACCA-1,3,CD4_T_cells,,Tcm/Naive cytotoxic T cells,Tcm/Naive cytotoxic T cells,0.999990771818799
ATCGCCCGTTCAAGAT-1,0,Monocytes_CD14,,Classical monocytes,Classical monocytes,0.9999028224854071
ATCGCCCGTTCGCTCA-1,4,Cytotoxic_T_NK,,Tem/Temra cytotoxic T cells,Tem/Temra cytotoxic T cells,0.9971022537012586
ATCGCTTGTAAATTGC-1,0,Monocytes_CD14,,Classical monocytes,Classical monocytes,0.9985287430396637
ATCGCTTGTAATGACT-1,3,CD4_T_cells,,Tcm/Naive cytotoxic T cells,Tcm/Naive cytotoxic T cells,0.9992298481434216
ATCGCTTGTACCGTAA-1,1,CD4_T_cells,,Tcm/Naive helper T cells,Tcm/Naive helper T cells,0.9999701082035625
ATCGCTTGTCAGGCCA-1,1,CD4_T_cells,,Tcm/Naive helper T cells,Tcm/Naive helper T cells,0.999969905898574
ATCGCTTGTGGATTGC-1,0,Monocytes_CD14,,Classical monocytes,Classical monocytes,0.9997681204920944
ATCGCTTGTTTATTCG-1,0,Monocytes_CD14,,Classical monocytes,Classical monocytes,0.9999640140666269
ATCGGCCAGAAGGTGC-1,0,Monocytes_CD14,,Classical monocytes,Classical monocytes,0.999761912190128
ATCGGCCAGACAGGCG-1,1,CD4_T_cells,,Tcm/Naive helper T cells,Tcm/Naive helper T cells,0.9999931153167125
ATCGGCCAGAGGCTAA-1,1,CD4_T_cells,,Tcm/Naive helper T cells,Tcm/Naive helper T cells,0.9998646149507684
ATCGGCCAGGGTTAGA-1,7,Monocytes_general,,Non-classical monocytes,Non-classical monocytes,0.9999165348883653
ATCGGCCAGGTCATTA-1,0,Monocytes_CD14,,Classical monocytes,Classical monocytes,0.9999002237672923
ATCGGCCAGTCGCTAG-1,0,Monocytes_CD14,,Classical monocytes,Classical monocytes,0.9928390330941159
ATCGGCCAGTCTATGA-1,0,Monocytes_CD14,,Classical monocytes,Classical monocytes,0.9993592875520195
ATCGGCCAGTTACTTC-1,5,Cytotoxic_T_NK,,CD16+ NK cells,CD16+ NK cells,0.9987423665338494
ATCGGCCAGTTATTCC-1,2,T_cells_general,,Tem/Effector helper T cells,Tcm/Naive helper T cells,0.11752943073675108
ATCTATGAGACAAGTG-1,2,T_cells_general,,MAIT cells,Tem/Effector helper T cells,0.7931548119576343
ATCTATGAGAGGGACT-1,5,Cytotoxic_T_NK,,CD16+ NK cells,CD16+ NK cells,0.9235600601978944
ATCTATGAGCTAAGTC-1,3,CD4_T_cells,,Tcm/Naive cytotoxic T cells,Tcm/Naive cytotoxic T cells,0.9785600958749879
ATCTATGAGGTTAGCT-1,3,CD4_T_cells,,Tcm/Naive cytotoxic T cells,Tcm/Naive cytotoxic T cells,0.9306470516888553
ATCTATGAGTCAGTAC-1,0,Monocytes_CD14,,Classical monocytes,Classical monocytes,0.9991754193650455
ATCTTTGGTAAGCTTG-1,7,Monocytes_general,,Non-classical monocytes,Non-classical monocytes,0.9999184731022097
ATCTTTGGTACTTCAC-1,0,Monocytes_CD14,,Classical monocytes,Classical monocytes,0.996476967799906
ATCTTTGGTAGTCAAT-1,3,CD4_T_cells,,Tcm/Naive cytotoxic T cells,Tcm/Naive helper T cells,0.9992877644787723
ATCTTTGGTGTTAAAC-1,5,Cytotoxic_T_NK,,CD16+ NK cells,CD16+ NK cells,0.9976069303107924
ATGAAGCCAATGCCTA-1,0,Monocytes_CD14,,Non-classical monocytes,Classical monocytes,0.19495518721747235
ATGAAGCCAATTATGC-1,0,Monocytes_CD14,,Classical monocytes,Classical monocytes,0.9999949528710306
ATGAAGCCACCATATG-1,3,CD4_T_cells,,Tcm/Naive cytotoxic T cells,Tcm/Naive cytotoxic T cells,0.9951044527076316
ATGAAGCCACGGTTTA-1,0,Monocytes_CD14,,Classical monocytes,Classical monocytes,0.9999280787541139
ATGAAGCCACGTAAGG-1,0,Monocytes_CD14,,Classical monocytes,Classical monocytes,0.9931981448593066
ATGAAGCCAGAGGCTA-1,2,T_cells_general,,Tem/Effector helper T cells,Tcm/Naive helper T cells,0.8976741998421294
ATGAAGCCATAAGGAC-1,7,Monocytes_general,,Non-classical monocytes,Non-classical monocytes,0.9999502934804809
ATGAAGCCATAGTCAT-1,3,CD4_T_cells,,Tcm/Naive cytotoxic T cells,Tcm/Naive cytotoxic T cells,0.8866179093543569
ATGAAGTAGGATTGCT-1,0,Monocytes_CD14,,Classical monocytes,Classical monocytes,0.7831998040313174
ATGAAGTAGGGATGCG-1,1,CD4_T_cells,,Tcm/Naive helper T cells,Tcm/Naive helper T cells,0.9999894392564966
ATGAAGTAGTAACCAC-1,2,T_cells_general,,MAIT cells,Tcm/Naive helper T cells,0.24688357998193725
ATGAAGTAGTCCTTCA-1,1,CD4_T_cells,,Tcm/Naive helper T cells,Tcm/Naive helper T cells,0.9999931547680684
ATGAATGCAAATTGCT-1,1,CD4_T_cells,,Naive B cells,Tcm/Naive helper T cells,0.21414141661609443
ATGAATGCAACATAAG-1,1,CD4_T_cells,,Tcm/Naive helper T cells,Tcm/Naive helper T cells,0.9967766460362787
ATGAATGCAATCCTGA-1,1,CD4_T_cells,,Tcm/Naive helper T cells,Regulatory T cells,0.9992010263467176
ATGAATGCAATCTCTC-1,3,CD4_T_cells,,Tcm/Naive cytotoxic T cells,Tcm/Naive cytotoxic T cells,0.9998040811292712
ATGAATGCACTTACAG-1,0,Monocytes_CD14,,Classical monocytes,Classical monocytes,0.9999535051465495
ATGAATGCAGGCCATT-1,0,Monocytes_CD14,,Classical monocytes,Classical monocytes,0.8904561881805683
ATGAATGCAGGTTACC-1,5,Cytotoxic_T_NK,,CD16+ NK cells,CD16+ NK cells,0.9997208545820443
ATGAATGCATAAGTTC-1,0,Monocytes_CD14,,Classical monocytes,Classical monocytes,0.9999984531086893
ATGAATGCATAGCTTG-1,1,CD4_T_cells,,Tcm/Naive helper T cells,Tcm/Naive helper T cells,0.9987485657709385
ATGAATGCATTGTCAG-1,0,Monocytes_CD14,,Classical monocytes,Classical monocytes,0.9999475919560252
ATGACAACAAGGCCAA-1,2,T_cells_general,,Tem/Effector helper T cells,Tcm/Naive helper T cells,0.9978841169300565
ATGACAACAATAGTCT-1,2,T_cells_general,,Tem/Effector helper T cells,Tem/Effector helper T cells,0.945822411603368
ATGACAACAATTGACT-1,6,B_cells,,Memory B cells,Memory B cells,0.9759847269356376
ATGACAACACGCAACT-1,3,CD4_T_cells,,Tcm/Naive cytotoxic T cells,Tcm/Naive cytotoxic T cells,0.9999650686117999
ATGACCAGTAGTCAAT-1,9,Monocytes_general,,DC2,DC2,0.9190264680254655
ATGACCAGTCGCAATA-1,1,CD4_T_cells,,Tcm/Naive helper T cells,Tcm/Naive helper T cells,0.9999834375845091
ATGACCAGTGCCGCAA-1,1,CD4_T_cells,,Tcm/Naive helper T cells,Tcm/Naive helper T cells,0.9995424539996461
ATGACCAGTGTGAGAG-1,0,Monocytes_CD14,,Classical monocytes,Classical monocytes,0.9946539777304928
ATGACCAGTTAGACCA-1,0,Monocytes_CD14,,Classical monocytes,Classical monocytes,0.9980932157184549
ATGACGAAGGAGGGTT-1,1,CD4_T_cells,,Tcm/Naive helper T cells,Tcm/Naive helper T cells,0.9998952276690785
ATGACGAAGGCAACAA-1,10,Cytotoxic_T_NK,,MAIT cells,MAIT cells,0.9999878266886854
ATGACGAAGTAACAGG-1,2,T_cells_general,,Tcm/Naive helper T cells,Tcm/Naive helper T cells,0.3388347351642575
ATGACGAAGTCACCAG-1,4,Cytotoxic_T_NK,,Tcm/Naive cytotoxic T cells,Tem/Trm cytotoxic T cells,0.7927886264687161
ATGACGAAGTTTGAGC-1,2,T_cells_general,,Tcm/Naive helper T cells,Tcm/Naive helper T cells,0.443096694919696
ATGACTCAGCTCCTAC-1,2,T_cells_general,,Tem/Trm cytotoxic T cells,Tcm/Naive helper T cells,0.6635325654590403
ATGACTCAGGATTGAG-1,3,CD4_T_cells,,Tcm/Naive cytotoxic T cells,Tcm/Naive cytotoxic T cells,0.9711370063202003
ATGACTCAGGCATTAC-1,2,T_cells_general,,Tcm/Naive helper T cells,Tcm/Naive helper T cells,0.7197949353031146
ATGACTCAGGCCTGGT-1,6,B_cells,,Memory B cells,Memory B cells,0.9996980780109779
ATGACTCAGGCGCACT-1,0,Monocytes_CD14,,Classical monocytes,Classical monocytes,0.9145924158464225
ATGACTCAGGCGCATC-1,3,CD4_T_cells,,Tcm/Naive helper T cells,Tcm/Naive helper T cells,0.9908811505854115
ATGACTCAGGCTAATC-1,0,Monocytes_CD14,,Classical monocytes,Classical monocytes,0.9992329342598998
ATGACTCAGTAGAGGC-1,0,Monocytes_CD14,,Classical monocytes,Classical monocytes,0.9921121673538487
ATGACTCAGTGAAGTG-1,4,Cytotoxic_T_NK,,Tem/Temra cytotoxic T cells,Tem/Temra cytotoxic T cells,0.9979569495695553
ATGACTCAGTGAGCGG-1,3,CD4_T_cells,,Tcm/Naive cytotoxic T cells,Tcm/Naive cytotoxic T cells,0.9958837210189448
ATGAGCCGTCAGTAAT-1,2,T_cells_general,,Tem/Effector helper T cells,Tcm/Naive helper T cells,0.4877658581316266
ATGAGCCGTCTTTGAC-1,7,Monocytes_general,,Non-classical monocytes,Non-classical monocytes,0.998646072351042
ATGAGCCGTGCTCCGT-1,4,Cytotoxic_T_NK,,Tem/Temra cytotoxic T cells,Tem/Temra cytotoxic T cells,0.9999435417826099
ATGAGCCGTGTCACGG-1,0,Monocytes_CD14,,Classical monocytes,Classical monocytes,0.9829110774184889
ATGATGACAGGCTTGT-1,1,CD4_T_cells,,Tcm/Naive helper T cells,Tcm/Naive helper T cells,0.999915277900838
ATGATGACATAAGGAC-1,2,T_cells_general,,Tem/Effector helper T cells,Tem/Effector helper T cells,0.3296993211027681
ATGATGACATGGTTAT-1,2,T_cells_general,,Tem/Temra cytotoxic T cells,Tem/Effector helper T cells,0.9352900655298485
ATGATGGAGCAAGATG-1,3,CD4_T_cells,,Tcm/Naive cytotoxic T cells,Tcm/Naive cytotoxic T cells,0.9999311114620053
ATGATGGAGCAGGTTT-1,2,T_cells_general,,Tcm/Naive helper T cells,Tcm/Naive helper T cells,0.6258314501128951
ATGATGGAGCGATAAG-1,5,Cytotoxic_T_NK,,CD16+ NK cells,CD16+ NK cells,0.9970263149196651
ATGATGGAGGTGAGAC-1,5,Cytotoxic_T_NK,,CD16+ NK cells,CD16+ NK cells,0.9999921937538843
ATGATGGAGTAAGGGC-1,2,T_cells_general,,Tem/Effector helper T cells,Tem/Effector helper T cells,0.5204883873161764
ATGATGGAGTTGGATC-1,3,CD4_T_cells,,Tcm/Naive cytotoxic T cells,Tcm/Naive cytotoxic T cells,0.9119879581173544
ATGCAAACAACCGCCA-1,0,Monocytes_CD14,,Classical monocytes,Classical monocytes,0.9999895060525921
ATGCAAACATTAAAGG-1,0,Monocytes_CD14,,Classical monocytes,Classical monocytes,0.998848772716438
ATGCAAACATTTAAGC-1,4,Cytotoxic_T_NK,,Tem/Trm cytotoxic T cells,Tem/Trm cytotoxic T cells,0.3769991498147331
ATGCAGGCAAGCTAAA-1,2,T_cells_general,,Tcm/Naive helper T cells,Tcm/Naive helper T cells,0.9802955927500344
ATGCAGGCACCTCAGG-1,4,Cytotoxic_T_NK,,Tem/Temra cytotoxic T cells,Tem/Temra cytotoxic T cells,0.9294389503380902
ATGCAGGCAGGGAGCT-1,0,Monocytes_CD14,,Classical monocytes,Classical monocytes,0.8761846454527653
ATGCAGGCAGGTTATT-1,0,Monocytes_CD14,,Classical monocytes,Classical monocytes,0.9998660756221339
ATGCAGGCATTGCAGC-1,0,Monocytes_CD14,,Classical monocytes,Classical monocytes,0.999945504266819
ATGCAGGCATTGCGTA-1,3,CD4_T_cells,,Tcm/Naive helper T cells,Tcm/Naive cytotoxic T cells,0.9963830920197119
ATGCATTCAACAGCCT-1,3,CD4_T_cells,,Tcm/Naive cytotoxic T cells,Tcm/Naive cytotoxic T cells,0.9983105429379452
ATGCATTCAATCCTGA-1,1,CD4_T_cells,,Tcm/Naive helper T cells,Tcm/Naive helper T cells,0.9999242247049945
ATGCATTCAATCTCTC-1,1,CD4_T_cells,,Tcm/Naive helper T cells,Tcm/Naive helper T cells,0.9999201586750084
ATGCATTCAGCAACAG-1,1,CD4_T_cells,,Tcm/Naive helper T cells,Tcm/Naive helper T cells,0.9999246779558365
ATGCATTCAGCATGAG-1,2,T_cells_general,,Tcm/Naive helper T cells,Tcm/Naive helper T cells,0.9106975888823348
ATGCATTCATCATGTG-1,1,CD4_T_cells,,Tcm/Naive helper T cells,Tcm/Naive helper T cells,0.9999891406519908
ATGCCTGAGATAGACG-1,4,Cytotoxic_T_NK,,Tem/Temra cytotoxic T cells,Tem/Temra cytotoxic T cells,0.9998880481459054
ATGCCTGAGCACAGCC-1,8,B_cells,,Naive B cells,Naive B cells,0.9999998310582597
ATGCCTGAGCTCGCTT-1,1,CD4_T_cells,,Tcm/Naive helper T cells,Tcm/Naive helper T cells,0.9999845120726049
ATGCCTGAGGATCACT-1,1,CD4_T_cells,,Tcm/Naive helper T cells,Tcm/Naive helper T cells,0.9998675255745694
ATGCCTGAGGCCTGGT-1,2,T_cells_general,,Tem/Effector helper T cells,Tem/Effector helper T cells,0.8506571462919189
ATGCCTGAGTCACCAG-1,11,pDC,,pDC,pDC,0.9999999657675828
ATGCCTGAGTGAACGA-1,1,CD4_T_cells,,Tcm/Naive helper T cells,Tcm/Naive helper T cells,0.99995157070622
ATGCCTGAGTTAGACC-1,10,Cytotoxic_T_NK,,MAIT cells,MAIT cells,0.9378427388912428
ATGCGATTCCTCAGCT-1,0,Monocytes_CD14,,Classical monocytes,Classical monocytes,0.9892235849311204
ATGCGATTCCTTAAGA-1,3,CD4_T_cells,,Tcm/Naive helper T cells,Tcm/Naive helper T cells,0.5673677509533432
ATGCGATTCGATTCTT-1,2,T_cells_general,,Tem/Effector helper T cells,Tem/Effector helper T cells,0.848230706869734
ATGCGATTCGCCTGTT-1,1,CD4_T_cells,,Tcm/Naive helper T cells,Tcm/Naive helper T cells,0.9999668253288344
ATGCGATTCGGTTAGT-1,2,T_cells_general,,Tcm/Naive helper T cells,Tcm/Naive helper T cells,0.9369071580692655
ATGCGATTCGTCAAGT-1,3,CD4_T_cells,,Tcm/Naive cytotoxic T cells,Tcm/Naive cytotoxic T cells,0.9983363078579159
ATGCGATTCTAATCCT-1,1,CD4_T_cells,,Tcm/Naive helper T cells,Tcm/Naive helper T cells,0.15310054684637117
ATGCGATTCTTGATGA-1,1,CD4_T_cells,,Tcm/Naive helper T cells,Tcm/Naive helper T cells,0.9958714190346237
ATGCTTAAGCACTAAC-1,0,Monocytes_CD14,,Classical monocytes,Classical monocytes,0.9999984923592712
ATGCTTAAGCCTGATG-1,7,Monocytes_general,,Non-classical monocytes,Non-classical monocytes,0.9999836300988278
ATGCTTAAGCTGTAAC-1,10,Cytotoxic_T_NK,,MAIT cells,MAIT cells,0.9946973602374571
ATGCTTAAGGTCATTA-1,3,CD4_T_cells,,Tcm/Naive cytotoxic T cells,Tcm/Naive cytotoxic T cells,0.9997696335404317
ATGCTTAAGTAAGAAC-1,2,T_cells_general,,Tem/Effector helper T cells,Tem/Effector helper T cells,0.9612839483576175
ATGCTTAAGTATTGCA-1,1,CD4_T_cells,,Tcm/Naive helper T cells,Tcm/Naive helper T cells,0.9999572483483034
ATGCTTAAGTTCCCAC-1,2,T_cells_general,,Tem/Effector helper T cells,Tem/Effector helper T cells,0.7844531251287125
ATGGACAAGGCCCAGT-1,4,Cytotoxic_T_NK,,NK cells,Tem/Temra cytotoxic T cells,0.06797578812448267
ATGGACAAGTCACCAG-1,5,Cytotoxic_T_NK,,CD16+ NK cells,CD16+ NK cells,0.9961855573534829
ATGGCCCAGAGGAGTC-1,0,Monocytes_CD14,,Classical monocytes,Classical monocytes,0.9999976748336062
ATGGCCCAGCTAGAAG-1,0,Monocytes_CD14,,Classical monocytes,Classical monocytes,0.9993200814112252
ATGGCCCAGGAGCACG-1,2,T_cells_general,,Tcm/Naive helper T cells,Tcm/Naive helper T cells,0.9617469986196641
ATGGCCCAGGAGGCAT-1,3,CD4_T_cells,,Tcm/Naive cytotoxic T cells,Tcm/Naive cytotoxic T cells,0.8149985567588908
ATGGCCCAGTTTCCTG-1,3,CD4_T_cells,,Tcm/Naive cytotoxic T cells,Tcm/Naive cytotoxic T cells,0.9998614907570298
ATGGCCGGTAAGCTCA-1,2,T_cells_general,,Tem/Effector helper T cells,Tcm/Naive helper T cells,0.2844107134393889
ATGGCCGGTACCCACC-1,9,Monocytes_general,,DC2,DC2,0.9999787160774096
ATGGCCGGTCTCAGCC-1,3,CD4_T_cells,,Tcm/Naive cytotoxic T cells,Tcm/Naive cytotoxic T cells,0.7812454560344622
ATGGCCGGTGGTGAGA-1,8,B_cells,,Naive B cells,Naive B cells,0.9999999845112684
ATGGCCGGTGTTAAAC-1,1,CD4_T_cells,,Tcm/Naive helper T cells,Tcm/Naive helper T cells,0.9994554995496314
ATGGCCGGTGTTGCAA-1,7,Monocytes_general,,Non-classical monocytes,Non-classical monocytes,0.9999944671429191
ATGGCTAGTGAGCAAG-1,0,Monocytes_CD14,,Classical monocytes,Classical monocytes,0.9699747708302151
ATGGCTAGTGATGATT-1,3,CD4_T_cells,,Tcm/Naive cytotoxic T cells,Tcm/Naive cytotoxic T cells,0.9991795929328606
ATGGCTAGTGATTACG-1,5,Cytotoxic_T_NK,,CD16+ NK cells,CD16+ NK cells,0.7347730726900453
ATGGCTAGTGATTTGG-1,2,T_cells_general,,Regulatory T cells,Regulatory T cells,0.9988081426800062
ATGGCTAGTTAATCGG-1,7,Monocytes_general,,Non-classical monocytes,Non-classical monocytes,0.997527708648886
ATGGCTAGTTTATTCG-1,4,Cytotoxic_T_NK,,Tem/Temra cytotoxic T cells,Tem/Temra cytotoxic T cells,0.9974243135720969
ATGGCTGTCCATCAGG-1,7,Monocytes_general,,Non-classical monocytes,Non-classical monocytes,0.9999952169437041
ATGGCTGTCTAGCTTT-1,2,T_cells_general,,Treg(diff),Regulatory T cells,0.9926925459181292
ATGGCTGTCTTGAGCG-1,8,B_cells,,Naive B cells,Naive B cells,0.9999999995835482
ATGGCTTAGCATGTTA-1,0,Monocytes_CD14,,Classical monocytes,Classical monocytes,0.9985595217712196
ATGGCTTAGCTGAGGG-1,9,Monocytes_general,,DC2,DC2,0.9999844618451468
ATGGCTTAGGGTGGAT-1,0,Monocytes_CD14,,Classical monocytes,Classical monocytes,0.9999805560972614
ATGGCTTAGTGAACGA-1,2,T_cells_general,,ILC3,Tcm/Naive helper T cells,0.13666864487632988
ATGGTCTAGACAAAGT-1,1,CD4_T_cells,,Tcm/Naive helper T cells,Tcm/Naive helper T cells,0.9944504444642435
ATGGTCTAGCGTGCAC-1,0,Monocytes_CD14,,Classical monocytes,Classical monocytes,0.996347783991276
ATGGTCTAGGAGGACT-1,2,T_cells_general,,Tcm/Naive helper T cells,Tcm/Naive helper T cells,0.9974271645813002
ATGGTCTAGGCTTAAC-1,5,Cytotoxic_T_NK,,CD16+ NK cells,CD16+ NK cells,0.9987809691029962
ATGGTCTAGGCTTAGT-1,0,Monocytes_CD14,,Classical monocytes,Classical monocytes,0.9998245797872268
ATGGTCTAGTCACCAG-1,4,Cytotoxic_T_NK,,Tem/Trm cytotoxic T cells,Tem/Trm cytotoxic T cells,0.9370901927915194
ATGGTGCGTAACCTAG-1,1,CD4_T_cells,,Tcm/Naive helper T cells,Tcm/Naive cytotoxic T cells,0.9981688170056785
ATGGTGCGTATTGTCC-1,6,B_cells,,Age-associated B cells,Age-associated B cells,0.9992494289726036
ATGGTGCGTGCGCATG-1,3,CD4_T_cells,,Tcm/Naive cytotoxic T cells,Tcm/Naive cytotoxic T cells,0.9930406032625111
ATGGTGCGTGTCCAAA-1,1,CD4_T_cells,,Tcm/Naive helper T cells,Tcm/Naive helper T cells,0.8359215753756799
ATGGTGCGTTATCGAG-1,2,T_cells_general,,Tcm/Naive helper T cells,Tcm/Naive helper T cells,0.21456350918082026
ATGGTTATCCTAATTC-1,0,Monocytes_CD14,,Classical monocytes,Classical monocytes,0.999998030344331
ATGGTTATCGGGCCAT-1,0,Monocytes_CD14,,Classical monocytes,Classical monocytes,0.5814940160375762
ATGGTTATCTAATTGG-1,2,T_cells_general,,Tcm/Naive helper T cells,Tcm/Naive helper T cells,0.8119747984683183
ATGGTTATCTTCAATC-1,7,Monocytes_general,,Non-classical monocytes,Non-classical monocytes,0.9999817990122973
ATGTAACGTAGGTTTG-1,0,Monocytes_CD14,,Classical monocytes,Classical monocytes,0.9996616238366952
ATGTAACGTCGCGCAA-1,5,Cytotoxic_T_NK,,CD16+ NK cells,CD16+ NK cells,0.9964100401512552
ATGTAACGTGAGCACT-1,2,T_cells_general,,Tcm/Naive helper T cells,Tcm/Naive helper T cells,0.8485982113746744
ATGTAACGTGGACCTG-1,0,Monocytes_CD14,,Classical monocytes,Classical monocytes,0.9345582741630394
ATGTAACGTTGCGGAT-1,0,Monocytes_CD14,,Classical monocytes,Classical monocytes,0.999999947763312
ATGTAACGTTTGCTGT-1,3,CD4_T_cells,,Tcm/Naive helper T cells,Tcm/Naive cytotoxic T cells,0.822172776087998
ATGTAACGTTTGGGTA-1,1,CD4_T_cells,,Tcm/Naive helper T cells,Regulatory T cells,0.9994133101623751
ATGTAAGCAACACTTG-1,1,CD4_T_cells,,Tcm/Naive helper T cells,Tcm/Naive helper T cells,0.9999995958169302
ATGTAAGCACATACTG-1,3,CD4_T_cells,,Tcm/Naive cytotoxic T cells,Tcm/Naive cytotoxic T cells,0.9925245719024711
ATGTAAGCACATGCTA-1,0,Monocytes_CD14,,Classical monocytes,Classical monocytes,0.9999991424439045
ATGTAAGCACCAAAGG-1,3,CD4_T_cells,,Tcm/Naive helper T cells,Tcm/Naive cytotoxic T cells,0.4380215169406116
ATGTAAGCACTCAACA-1,1,CD4_T_cells,,Tcm/Naive helper T cells,Regulatory T cells,0.9986826894466903
ATGTAAGCAGTAGGAT-1,0,Monocytes_CD14,,Classical monocytes,Classical monocytes,0.9997479806546433
ATGTAAGCATTAGGTT-1,0,Monocytes_CD14,,Classical monocytes,Classical monocytes,0.8928648412393643
ATGTCAATCATCCTAT-1,3,CD4_T_cells,,Tcm/Naive cytotoxic T cells,Tcm/Naive helper T cells,0.9793079294147233
ATGTCAATCGAGGAAC-1,2,T_cells_general,,Tem/Effector helper T cells,Tcm/Naive helper T cells,0.7619318488675771
ATGTCAATCGATAACC-1,7,Monocytes_general,,Non-classical monocytes,Non-classical monocytes,0.9999891589566221
ATGTCAATCGCGACAC-1,2,T_cells_general,,Tcm/Naive helper T cells,Tcm/Naive helper T cells,0.9763924897299051
ATGTCAATCGGTTACG-1,0,Monocytes_CD14,,Classical monocytes,Classical monocytes,0.9998851777469168
ATGTCAATCGTAATCA-1,1,CD4_T_cells,,Tcm/Naive helper T cells,Tcm/Naive helper T cells,0.9995385278807032
ATGTCAATCTAAGGAG-1,3,CD4_T_cells,,Tcm/Naive cytotoxic T cells,Tcm/Naive cytotoxic T cells,0.9498433655774894
ATGTCAATCTCAATTC-1,4,Cytotoxic_T_NK,,Tem/Temra cytotoxic T cells,Tem/Temra cytotoxic T cells,0.9968925577841211
ATGTCAATCTTAATGG-1,0,Monocytes_CD14,,Classical monocytes,Classical monocytes,0.9996351260338117
ATGTCATCAATAGTCT-1,0,Monocytes_CD14,,Classical monocytes,Classical monocytes,0.9987708547256431
ATGTCATCAATTAAGG-1,6,B_cells,,Memory B cells,Memory B cells,0.9992460276317033
ATGTCATCACGTTACA-1,4,Cytotoxic_T_NK,,Tem/Temra cytotoxic T cells,Tem/Temra cytotoxic T cells,0.9974037653447334
ATGTCATCATAATCGT-1,0,Monocytes_CD14,,Classical monocytes,Classical monocytes,0.7487736395702739
ATGTCATCATCCATCT-1,3,CD4_T_cells,,Tcm/Naive cytotoxic T cells,Tcm/Naive cytotoxic T cells,0.9999842446929164
ATGTCATCATTATGAC-1,2,T_cells_general,,Tcm/Naive helper T cells,Tcm/Naive helper T cells,0.05820756821007388
ATGTCCACACAATTAC-1,2,T_cells_general,,Tcm/Naive helper T cells,Tcm/Naive helper T cells,0.9153300616583009
ATGTCCACACTTCATC-1,0,Monocytes_CD14,,Classical monocytes,Classical monocytes,0.999991844930793
ATGTCCACAGCAGGTA-1,6,B_cells,,Age-associated B cells,Age-associated B cells,0.9999245077737279
ATGTCCACAGGTTCAC-1,2,T_cells_general,,Tem/Effector helper T cells,Tem/Effector helper T cells,0.8640851283240986
ATGTCCACATTTGCTC-1,0,Monocytes_CD14,,Classical monocytes,Classical monocytes,0.6100470155522706
ATGTGAGAGACAAGTG-1,2,T_cells_general,,Tcm/Naive helper T cells,Tcm/Naive helper T cells,0.9999492851257257
ATGTGAGAGAGAAGGG-1,9,Monocytes_general,,DC1,DC2,0.995975535982457
ATGTGAGAGCTAATCA-1,0,Monocytes_CD14,,Classical monocytes,Classical monocytes,0.9217786411954082
ATGTGAGAGGCGAATA-1,3,CD4_T_cells,,Tcm/Naive cytotoxic T cells,Tcm/Naive helper T cells,0.9622000256919712
ATGTTCAAGAGCCGCT-1,4,Cytotoxic_T_NK,,Tem/Temra cytotoxic T cells,Tem/Temra cytotoxic T cells,0.9669307618266232
ATGTTCAAGCCTGATG-1,0,Monocytes_CD14,,Classical monocytes,Classical monocytes,0.9994356036406388
ATGTTCAAGGCTTAAC-1,1,CD4_T_cells,,Tcm/Naive helper T cells,Tcm/Naive helper T cells,0.9999427523773926
ATGTTGTCAACCGCCA-1,0,Monocytes_CD14,,Classical monocytes,Classical monocytes,0.9987223289148874
ATGTTGTCACAAAGCG-1,0,Monocytes_CD14,,Classical monocytes,Classical monocytes,0.9734742158685571
ATGTTGTCACTTACAG-1,3,CD4_T_cells,,Tcm/Naive cytotoxic T cells,Tcm/Naive cytotoxic T cells,0.9768147367451526
ATGTTGTCATCAATCG-1,3,CD4_T_cells,,Tcm/Naive cytotoxic T cells,Tcm/Naive cytotoxic T cells,0.7413904520016291
ATGTTGTCATTAAGTC-1,3,CD4_T_cells,,Tcm/Naive cytotoxic T cells,Tcm/Naive cytotoxic T cells,0.7805226725925553
ATGTTTGAGCTAGAAG-1,2,T_cells_general,,Tcm/Naive helper T cells,Tcm/Naive helper T cells,0.7315415386353311
ATGTTTGAGGACAACA-1,0,Monocytes_CD14,,Classical monocytes,Classical monocytes,0.9997874303756994
ATGTTTGAGTATTGTG-1,0,Monocytes_CD14,,Classical monocytes,Classical monocytes,0.8743514495690654
ATGTTTGAGTTGTCTT-1,11,pDC,,pDC,pDC,0.999999997178199
ATTAACCCAACCTGGT-1,8,B_cells,,Naive B cells,Naive B cells,0.9999999996401907
ATTAACCCAACTAGGG-1,2,T_cells_general,,Regulatory T cells,Regulatory T cells,0.9903304737172687
ATTAACCCACATAGCC-1,6,B_cells,,Age-associated B cells,Age-associated B cells,0.9999986094433176
ATTAACCCACGTGCTG-1,3,CD4_T_cells,,Tcm/Naive cytotoxic T cells,Tcm/Naive cytotoxic T cells,0.9190743844011101
ATTAACCCAGAAATGC-1,4,Cytotoxic_T_NK,,Tem/Temra cytotoxic T cells,Tem/Temra cytotoxic T cells,0.9999976028964017
ATTAACCCAGAACCGA-1,10,Cytotoxic_T_NK,,MAIT cells,MAIT cells,0.9991099546451033
ATTAACCCATAGCGGA-1,3,CD4_T_cells,,Tcm/Naive cytotoxic T cells,Tcm/Naive cytotoxic T cells,0.9735087234917655
ATTACCCGTACTGATG-1,4,Cytotoxic_T_NK,,CRTAM+ gamma-delta T cells,Tem/Temra cytotoxic T cells,0.28659672468686104
ATTACCCGTCAGGCCA-1,4,Cytotoxic_T_NK,,CD16+ NK cells,Tem/Temra cytotoxic T cells,0.7886710375527062
ATTACCCGTCCTTCTC-1,2,T_cells_general,,Regulatory T cells,Regulatory T cells,0.9955837667729706
ATTACCCGTCTAGCTT-1,5,Cytotoxic_T_NK,,CD16+ NK cells,CD16+ NK cells,0.9705554837096425
ATTACCCGTGCTCCAC-1,0,Monocytes_CD14,,Classical monocytes,Classical monocytes,0.9999779648322913
ATTACCCGTGTTGTAG-1,9,Monocytes_general,,DC2,DC2,0.8558313411264398
ATTACCCGTTACCGGG-1,0,Monocytes_CD14,,Classical monocytes,Classical monocytes,0.9998980886007939
ATTACCCGTTGCTGGG-1,10,Cytotoxic_T_NK,,MAIT cells,MAIT cells,0.9702869948155729
ATTACCCGTTTCAGGA-1,1,CD4_T_cells,,Tcm/Naive helper T cells,Tcm/Naive helper T cells,0.9999955192762814
ATTACCGCAAATACCT-1,8,B_cells,,Naive B cells,Naive B cells,0.9999997200843855
ATTACCGCAAGACTCC-1,0,Monocytes_CD14,,Classical monocytes,Classical monocytes,0.8529798143390991
ATTACCGCAAGCTTTG-1,0,Monocytes_CD14,,Classical monocytes,Classical monocytes,0.999985256628208
ATTACCGCAATAAGCA-1,2,T_cells_general,,Regulatory T cells,Tem/Effector helper T cells,0.9382475754301519
ATTACCGCAATGCCCG-1,0,Monocytes_CD14,,Classical monocytes,Classical monocytes,0.9971673171668476
ATTACCGCAGCTTAGC-1,2,T_cells_general,,Tcm/Naive helper T cells,Tcm/Naive helper T cells,0.10041746906838624
ATTACCGCAGGACACA-1,10,Cytotoxic_T_NK,,MAIT cells,MAIT cells,0.7568311382467661
ATTACGTCAACAGCCT-1,2,T_cells_general,,Tem/Effector helper T cells,Tem/Effector helper T cells,0.9999329059251011
ATTACGTCACAAGCCT-1,2,T_cells_general,,Tcm/Naive helper T cells,Tem/Effector helper T cells,0.9838876835803624
ATTACGTCACCTGTAA-1,13,Plasma_cells,,Plasma cells,Plasma cells,0.9999935981207504
ATTACGTCAGGCTAAG-1,2,T_cells_general,,Tcm/Naive helper T cells,Tcm/Naive helper T cells,0.9650606876005574
ATTACGTCATAATCCG-1,8,B_cells,,Naive B cells,Naive B cells,0.9999999699775053
ATTACGTCATGAATCT-1,2,T_cells_general,,Tcm/Naive helper T cells,Tcm/Naive helper T cells,0.9997232098067352
ATTACGTCATTAGGTT-1,0,Monocytes_CD14,,Classical monocytes,Classical monocytes,0.9967870197668832
ATTACGTCATTATGAC-1,2,T_cells_general,,Tcm/Naive helper T cells,Tcm/Naive helper T cells,0.9938246986446576
ATTACGTCATTATGCG-1,2,T_cells_general,,Tcm/Naive helper T cells,Tcm/Naive helper T cells,0.6747983113250425
ATTACTGAGAGGCTAA-1,0,Monocytes_CD14,,Classical monocytes,Classical monocytes,0.8926462763216543
ATTACTGAGCCGGTAC-1,5,Cytotoxic_T_NK,,CD16+ NK cells,CD16+ NK cells,0.9999317921701234
ATTACTGAGCTGAGGG-1,11,pDC,,pDC,pDC,0.9999991348813723
ATTACTGAGGAACACA-1,1,CD4_T_cells,,Tcm/Naive helper T cells,Tcm/Naive helper T cells,0.9949853679202239
ATTACTGAGGATGATG-1,3,CD4_T_cells,,Tcm/Naive helper T cells,Tcm/Naive cytotoxic T cells,0.18045287711632405
ATTACTGAGGCTACTG-1,2,T_cells_general,,Tcm/Naive helper T cells,Tcm/Naive helper T cells,0.4622129408799159
ATTACTGAGTTTCCTG-1,0,Monocytes_CD14,,Classical monocytes,Classical monocytes,0.9999546115224985
ATTAGCGGTAGCCTAA-1,11,pDC,,pDC,pDC,0.9999999998480753
ATTAGCGGTAGCTGGT-1,4,Cytotoxic_T_NK,,Tem/Temra cytotoxic T cells,Tem/Temra cytotoxic T cells,0.9879812473883377
ATTAGCGGTCATCAAG-1,1,CD4_T_cells,,Tcm/Naive helper T cells,Tcm/Naive helper T cells,0.9788363133005364
ATTAGCGGTCGTTATC-1,2,T_cells_general,,CRTAM+ gamma-delta T cells,Tcm/Naive helper T cells,0.7626413143617152
ATTAGCGGTTACTTCA-1,1,CD4_T_cells,,Tcm/Naive helper T cells,Tcm/Naive helper T cells,0.999770276123825
ATTAGCGGTTAGCGTA-1,1,CD4_T_cells,,Tcm/Naive helper T cells,Regulatory T cells,0.933512991097569
ATTAGCTCAACTAGGG-1,1,CD4_T_cells,,Tcm/Naive helper T cells,Tcm/Naive helper T cells,0.9989696683445054
ATTAGCTCAAGGCCAA-1,6,B_cells,,Memory B cells,Memory B cells,0.9998777510492606
ATTAGCTCAATATGGA-1,3,CD4_T_cells,,Tcm/Naive cytotoxic T cells,Tcm/Naive cytotoxic T cells,0.9726792998373438
ATTAGCTCACCTAAGC-1,5,Cytotoxic_T_NK,,CD16+ NK cells,CD16+ NK cells,0.22939829942321774
ATTAGCTCAGCAACCT-1,4,Cytotoxic_T_NK,,Tem/Temra cytotoxic T cells,Tem/Trm cytotoxic T cells,0.3666844184708728
ATTAGCTCATTGTCCT-1,0,Monocytes_CD14,,Classical monocytes,Classical monocytes,0.9994837137942462
ATTAGGTGTTACCGGG-1,2,T_cells_general,,Tcm/Naive helper T cells,Tcm/Naive helper T cells,0.8585747931891606
ATTAGGTGTTTGCAGA-1,7,Monocytes_general,,Non-classical monocytes,Non-classical monocytes,0.9994191393234659
ATTAGGTGTTTGGCGG-1,0,Monocytes_CD14,,Classical monocytes,Classical monocytes,0.9997118614018722
ATTAGGTGTTTGGCTT-1,1,CD4_T_cells,,Tcm/Naive helper T cells,Tcm/Naive helper T cells,0.9999903227711756
ATTAGTCCAGTAAAGC-1,0,Monocytes_CD14,,Classical monocytes,Classical monocytes,0.9999757576355707
ATTATCCTCAATCTCT-1,1,CD4_T_cells,,Tcm/Naive helper T cells,Tcm/Naive helper T cells,0.9990858185431996
ATTATCCTCAGAAACG-1,3,CD4_T_cells,,Tcm/Naive cytotoxic T cells,Tcm/Naive cytotoxic T cells,0.9792825601606049
ATTATCCTCAGCTAAC-1,7,Monocytes_general,,Non-classical monocytes,Non-classical monocytes,0.9999987447807965
ATTATCCTCATTAGTG-1,8,B_cells,,Naive B cells,Naive B cells,0.9999999309819881
ATTATCCTCCTTGCGT-1,0,Monocytes_CD14,,Classical monocytes,Classical monocytes,0.999999328335086
ATTATGGTCAAGCTAC-1,3,CD4_T_cells,,Tcm/Naive cytotoxic T cells,Tcm/Naive cytotoxic T cells,0.32838444853364307
ATTATGGTCATAGCCG-1,4,Cytotoxic_T_NK,,Tem/Trm cytotoxic T cells,Tem/Trm cytotoxic T cells,0.6947896115572844
ATTATGGTCATGCTAA-1,2,T_cells_general,,Tem/Effector helper T cells,Tem/Effector helper T cells,0.9900114213249227
ATTATGGTCCAGGTTG-1,4,Cytotoxic_T_NK,,Tem/Temra cytotoxic T cells,Tem/Temra cytotoxic T cells,0.999581845180616
ATTATGGTCCTTGAGG-1,4,Cytotoxic_T_NK,,Tem/Temra cytotoxic T cells,Tem/Temra cytotoxic T cells,0.9104931379633421
ATTATGGTCGGCCAGT-1,0,Monocytes_CD14,,Classical monocytes,Classical monocytes,0.9999527158662329
ATTCAACCACACAATT-1,3,CD4_T_cells,,Tcm/Naive cytotoxic T cells,Tcm/Naive cytotoxic T cells,0.8750599058034866
ATTCAACCACGCAACT-1,1,CD4_T_cells,,Tcm/Naive helper T cells,Tcm/Naive helper T cells,0.9993977426080647
ATTCAACCAGGAACAT-1,2,T_cells_general,,Tcm/Naive helper T cells,Tem/Effector helper T cells,0.9732589930540083
ATTCAACCAGGCGAGT-1,3,CD4_T_cells,,Tcm/Naive cytotoxic T cells,Tcm/Naive cytotoxic T cells,0.9941085791595204
ATTCAACCAGGCGATA-1,1,CD4_T_cells,,Tcm/Naive helper T cells,Classical monocytes,0.07507795707722023
ATTCACTTCGGTACGC-1,2,T_cells_general,,Regulatory T cells,Regulatory T cells,0.9607730433612788
ATTCACTTCTAGCTTT-1,1,CD4_T_cells,,Classical monocytes,Tcm/Naive helper T cells,0.07448203718205117
ATTCACTTCTCACATT-1,3,CD4_T_cells,,CD16- NK cells,Tcm/Naive helper T cells,0.9436938152117744
ATTCACTTCTTCAATC-1,4,Cytotoxic_T_NK,,Tem/Temra cytotoxic T cells,Tem/Temra cytotoxic T cells,0.996531859621746
ATTCACTTCTTGACCC-1,4,Cytotoxic_T_NK,,Tem/Temra cytotoxic T cells,Tem/Temra cytotoxic T cells,0.6083578181396027
ATTCATGAGCAAGGAC-1,0,Monocytes_CD14,,Classical monocytes,Classical monocytes,0.9944924353236165
ATTCATGAGCCGCTTT-1,2,T_cells_general,,Regulatory T cells,Regulatory T cells,0.9910329175487087
ATTCATGAGCCTCTGT-1,0,Monocytes_CD14,,Classical monocytes,Classical monocytes,0.9771433635104958
ATTCATGAGCTAATCA-1,2,T_cells_general,,Tcm/Naive helper T cells,Tcm/Naive helper T cells,0.9801433849129072
ATTCATGAGCTCATAA-1,3,CD4_T_cells,,Tcm/Naive cytotoxic T cells,Tcm/Naive cytotoxic T cells,0.9995406312712689
ATTCATGAGGATCACT-1,0,Monocytes_CD14,,Classical monocytes,Classical monocytes,0.9850644760146784
ATTCATGAGGCCATCA-1,3,CD4_T_cells,,Tcm/Naive cytotoxic T cells,Tcm/Naive cytotoxic T cells,0.9984011027857594
ATTCATGAGTTAGACC-1,1,CD4_T_cells,,Tcm/Naive helper T cells,Tcm/Naive helper T cells,0.9989965730533094
ATTCATGAGTTATCTC-1,0,Monocytes_CD14,,Classical monocytes,Classical monocytes,0.6574865566833324
ATTCCGGAGAACCTGT-1,0,Monocytes_CD14,,Classical monocytes,Classical monocytes,0.9976958134698627
ATTCCGGAGCTAAGTC-1,1,CD4_T_cells,,Tcm/Naive helper T cells,Tcm/Naive helper T cells,0.9997881406291704
ATTCCGGAGCTATTAG-1,3,CD4_T_cells,,Tcm/Naive cytotoxic T cells,Tcm/Naive cytotoxic T cells,0.9339777539263233
ATTCCGGAGGCTTAAC-1,0,Monocytes_CD14,,Classical monocytes,Classical monocytes,0.9992894519644445
ATTCCTAGTGCGCATG-1,5,Cytotoxic_T_NK,,CD16- NK cells,CD16+ NK cells,0.1912029258085014
ATTCCTAGTGTGTGGT-1,0,Monocytes_CD14,,Classical monocytes,Classical monocytes,0.9993584345770179
ATTCCTAGTTGCAATG-1,0,Monocytes_CD14,,Classical monocytes,Classical monocytes,0.9998009531948917
ATTCCTAGTTTGCTGT-1,0,Monocytes_CD14,,Classical monocytes,Classical monocytes,0.9999222934518383
ATTCCTAGTTTGTCTA-1,1,CD4_T_cells,,Tcm/Naive helper T cells,Tcm/Naive helper T cells,0.999942330372563
ATTCCTCCAAGGTGCA-1,6,B_cells,,Age-associated B cells,Memory B cells,0.7663467188493449
ATTCCTCCACCTACGG-1,2,T_cells_general,,Tcm/Naive helper T cells,Tem/Effector helper T cells,0.7776996952999837
ATTCCTCCAGCAATAA-1,4,Cytotoxic_T_NK,,Tem/Trm cytotoxic T cells,Tem/Trm cytotoxic T cells,0.9610248833879762
ATTCCTCCAGGTTCAC-1,3,CD4_T_cells,,Tcm/Naive cytotoxic T cells,Tcm/Naive cytotoxic T cells,0.810812696484884
ATTCCTCCAGTTTACG-1,4,Cytotoxic_T_NK,,Tem/Trm cytotoxic T cells,Tem/Trm cytotoxic T cells,0.4006004155983797
ATTCCTCCATTCCTGT-1,8,B_cells,,Naive B cells,Naive B cells,0.9999999252067189
ATTCGTTTCAAACCTA-1,1,CD4_T_cells,,Tcm/Naive helper T cells,Tcm/Naive helper T cells,0.9997245091088125
ATTCGTTTCATAACTG-1,5,Cytotoxic_T_NK,,CD16+ NK cells,CD16+ NK cells,0.9615736111299148
ATTCGTTTCCGGTTAG-1,0,Monocytes_CD14,,Classical monocytes,Classical monocytes,0.999910469682175
ATTCGTTTCGTTTCGC-1,6,B_cells,,Memory B cells,Memory B cells,0.9999995537644406
ATTCGTTTCTAATCCT-1,7,Monocytes_general,,Non-classical monocytes,Non-classical monocytes,0.9920589057739215
ATTCGTTTCTACCTAT-1,0,Monocytes_CD14,,Non-classical monocytes,Classical monocytes,0.9948901959549156
ATTCGTTTCTCACACC-1,4,Cytotoxic_T_NK,,Tem/Temra cytotoxic T cells,Tem/Temra cytotoxic T cells,0.9894410869326041
ATTCGTTTCTTGCAAA-1,3,CD4_T_cells,,Tcm/Naive cytotoxic T cells,Tcm/Naive cytotoxic T cells,0.9998690020494768
ATTGAAGCAAAGCGCA-1,4,Cytotoxic_T_NK,,Tem/Temra cytotoxic T cells,Tem/Trm cytotoxic T cells,0.34062639232726205
ATTGAAGCAAGACTCC-1,1,CD4_T_cells,,Classical monocytes,Classical monocytes,0.21248466235878424
ATTGAAGCAAGTCGCT-1,5,Cytotoxic_T_NK,,CD16- NK cells,CD16+ NK cells,0.9378762152761833
ATTGAAGCACTTACAG-1,1,CD4_T_cells,,Tcm/Naive helper T cells,Tcm/Naive helper T cells,0.9999323294522018
ATTGAAGCAGCCAGAA-1,0,Monocytes_CD14,,Classical monocytes,Classical monocytes,0.9880114014574629
ATTGAAGCAGGTTACC-1,1,CD4_T_cells,,Tcm/Naive helper T cells,Tcm/Naive helper T cells,0.9999081719231494
ATTGAAGCATAAGGAC-1,1,CD4_T_cells,,Tcm/Naive helper T cells,Tcm/Naive helper T cells,0.9999956837455838
ATTGAAGCATTATGAC-1,11,pDC,,pDC,pDC,0.9999999997254043
ATTGACTCACGTAAGG-1,8,B_cells,,Naive B cells,Naive B cells,0.9999987764328763
ATTGACTCATTAGCGC-1,1,CD4_T_cells,,Tcm/Naive helper T cells,Tcm/Naive helper T cells,0.9813588646284792
ATTGCACAGGATTTGC-1,4,Cytotoxic_T_NK,,Tem/Temra cytotoxic T cells,Tem/Temra cytotoxic T cells,0.9994131536722264
ATTGCACAGTTATGTG-1,0,Monocytes_CD14,,Classical monocytes,Classical monocytes,0.9997111531563417
ATTGCAGGTCCTTCAG-1,2,T_cells_general,,Tcm/Naive helper T cells,Tem/Effector helper T cells,0.9732417970860544
ATTGCAGGTGTCCTGC-1,2,T_cells_general,,Tcm/Naive helper T cells,Tcm/Naive helper T cells,0.9906681072864559
ATTGCAGGTGTTGTGA-1,2,T_cells_general,,Tem/Effector helper T cells,Tem/Effector helper T cells,0.5478059610094553
ATTGCAGGTTATCCTA-1,0,Monocytes_CD14,,Classical monocytes,Classical monocytes,0.9897925980045977
ATTGCGCCAAATTGCT-1,0,Monocytes_CD14,,Classical monocytes,Classical monocytes,0.9999580070699596
ATTGCGCCAACGTGCT-1,6,B_cells,,Memory B cells,Memory B cells,0.9994847346788934
ATTGCGCCAATGCCCG-1,2,T_cells_general,,Regulatory T cells,Regulatory T cells,0.9999989056018221
ATTGCGCCACCACAAC-1,4,Cytotoxic_T_NK,,Tem/Temra cytotoxic T cells,Tem/Temra cytotoxic T cells,0.998770930905923
ATTGCGCCACTAGCGT-1,3,CD4_T_cells,,Tcm/Naive cytotoxic T cells,Tcm/Naive cytotoxic T cells,0.9948882910976663
ATTGCGCCAGCTACGT-1,2,T_cells_general,,Tcm/Naive helper T cells,Tcm/Naive helper T cells,0.9799438720853576
ATTGCGCCAGGCGATA-1,3,CD4_T_cells,,Tcm/Naive cytotoxic T cells,Tcm/Naive cytotoxic T cells,0.996572429831935
ATTGCGCCAGTTTGGC-1,2,T_cells_general,,Tcm/Naive helper T cells,Tcm/Naive helper T cells,0.8470051614021877
ATTGCGCCATCGCTTT-1,6,B_cells,,Memory B cells,Memory B cells,0.9997237039603468
ATTGCGCCATCGTTCT-1,10,Cytotoxic_T_NK,,MAIT cells,MAIT cells,0.9999101832428756
ATTGCTCGTAATCGCA-1,3,CD4_T_cells,,Tcm/Naive helper T cells,Tcm/Naive helper T cells,0.973779186229446
ATTGCTCGTATCTGGA-1,0,Monocytes_CD14,,Classical monocytes,Classical monocytes,0.9602728225293953
ATTGCTCGTCCAAGAC-1,1,CD4_T_cells,,Tcm/Naive helper T cells,Tcm/Naive helper T cells,0.9991413426869168
ATTGCTCGTCCTTCAG-1,1,CD4_T_cells,,Tcm/Naive helper T cells,Tcm/Naive helper T cells,0.9999975562695077
ATTGCTCGTGAGAAAC-1,7,Monocytes_general,,Non-classical monocytes,Non-classical monocytes,0.999963423289099
ATTGCTCGTGTTTCAC-1,4,Cytotoxic_T_NK,,Tem/Trm cytotoxic T cells,Tem/Temra cytotoxic T cells,0.39123225812859297
ATTGCTCGTTGCAATG-1,7,Monocytes_general,,Non-classical monocytes,Non-classical monocytes,0.9859653740560862
ATTGGCTAGCGCAATT-1,3,CD4_T_cells,,Tcm/Naive cytotoxic T cells,Tcm/Naive cytotoxic T cells,0.7583959347302038
ATTGGCTAGCTGAGGG-1,1,CD4_T_cells,,Tcm/Naive helper T cells,Tcm/Naive helper T cells,0.5639767901011123
ATTGGCTAGGGCCACT-1,0,Monocytes_CD14,,Classical monocytes,Classical monocytes,0.9998178974339449
ATTGGCTAGTCACCAG-1,0,Monocytes_CD14,,Classical monocytes,Classical monocytes,0.9999917972422605
ATTGGCTAGTTGCCTC-1,7,Monocytes_general,,Non-classical monocytes,Non-classical monocytes,0.9999977232314978
ATTGGTTCAAAGCCTC-1,0,Monocytes_CD14,,Classical monocytes,Classical monocytes,0.6172958462705904
ATTGGTTCACATTAAC-1,0,Monocytes_CD14,,Classical monocytes,Classical monocytes,0.9953109320182059
ATTGGTTCACCTGCTC-1,3,CD4_T_cells,,Tcm/Naive cytotoxic T cells,Tcm/Naive cytotoxic T cells,0.7079010159714838
ATTGGTTCACGAATCC-1,1,CD4_T_cells,,Tcm/Naive cytotoxic T cells,Regulatory T cells,0.1439370682289662
ATTGGTTCACTGGCTG-1,7,Monocytes_general,,Non-classical monocytes,Non-classical monocytes,0.9999918772759737
ATTGGTTCATTGCAGC-1,6,B_cells,,Memory B cells,Memory B cells,0.9967020634535778
ATTGTCCGTAGCTGGT-1,4,Cytotoxic_T_NK,,Tem/Temra cytotoxic T cells,Tem/Temra cytotoxic T cells,0.5761325813783259
ATTGTCCGTATTGGAT-1,3,CD4_T_cells,,Tcm/Naive cytotoxic T cells,Tcm/Naive cytotoxic T cells,0.9998332566119431
ATTGTCCGTCAGTAAT-1,0,Monocytes_CD14,,Classical monocytes,Classical monocytes,0.8432302571536555
ATTGTCCGTCCGTAGG-1,0,Monocytes_CD14,,Non-classical monocytes,Classical monocytes,0.9998857996927818
ATTGTCCGTCGCGCAA-1,0,Monocytes_CD14,,Classical monocytes,Classical monocytes,0.999967833682421
ATTGTCCGTGATGATT-1,3,CD4_T_cells,,Tcm/Naive cytotoxic T cells,Tcm/Naive cytotoxic T cells,0.9957497575620778
ATTGTCCGTGTGCAAC-1,6,B_cells,,Naive B cells,Memory B cells,0.9983148201152467
ATTGTCCGTTATGTGG-1,0,Monocytes_CD14,,Classical monocytes,Classical monocytes,0.9999998605828738
ATTGTCCGTTGCTGGG-1,0,Monocytes_CD14,,Classical monocytes,Classical monocytes,0.961572665886209
ATTGTGATCATGCTCC-1,3,CD4_T_cells,,Tcm/Naive helper T cells,Tcm/Naive cytotoxic T cells,0.9540569422171298
ATTGTGATCATTGCAA-1,2,T_cells_general,,Tcm/Naive helper T cells,Tcm/Naive helper T cells,0.6176389087678136
ATTGTGATCCGGTTAG-1,2,T_cells_general,,Tcm/Naive helper T cells,Tcm/Naive helper T cells,0.7629181183432345
ATTGTGATCGAGGTGG-1,9,Monocytes_general,,DC2,DC2,0.871579797716397
ATTGTGATCGATTATG-1,3,CD4_T_cells,,Tcm/Naive helper T cells,Tcm/Naive cytotoxic T cells,0.8639717330336583
ATTGTGATCGCACAAT-1,4,Cytotoxic_T_NK,,CRTAM+ gamma-delta T cells,Tem/Temra cytotoxic T cells,0.6425238179796118
ATTGTGATCGCATTAA-1,0,Monocytes_CD14,,Classical monocytes,Classical monocytes,0.9996522641088478
ATTGTGATCGGTCAGC-1,7,Monocytes_general,,Non-classical monocytes,Non-classical monocytes,0.999955221667328
ATTGTGATCGTTACTT-1,8,B_cells,,Naive B cells,Naive B cells,0.999999997575991
ATTGTGATCTAACTGA-1,5,Cytotoxic_T_NK,,CD16+ NK cells,CD16+ NK cells,0.9984287104480483
ATTGTGATCTAAGGAG-1,3,CD4_T_cells,,Tcm/Naive cytotoxic T cells,Tcm/Naive cytotoxic T cells,0.9999705738919404
ATTTAGCCAAGCTTAT-1,1,CD4_T_cells,,Tcm/Naive helper T cells,Tcm/Naive helper T cells,0.9999999506249533
ATTTAGCCAAGGTACG-1,4,Cytotoxic_T_NK,,Tem/Temra cytotoxic T cells,Tem/Temra cytotoxic T cells,0.9985769165794903
ATTTAGCCAAGTTATC-1,2,T_cells_general,,Tcm/Naive helper T cells,Tcm/Naive helper T cells,0.9977895983454477
ATTTAGCCAGCTTACA-1,1,CD4_T_cells,,Memory B cells,Classical monocytes,0.5259710010726455
ATTTAGCCAGGTATTT-1,3,CD4_T_cells,,Tcm/Naive cytotoxic T cells,Tcm/Naive cytotoxic T cells,0.9999635671656923
ATTTAGCCAGTAATAG-1,2,T_cells_general,,Tcm/Naive helper T cells,Tcm/Naive helper T cells,0.997081475668167
ATTTAGCCATAACGGG-1,0,Monocytes_CD14,,Non-classical monocytes,Classical monocytes,0.999880185138799
ATTTAGCCATGACTAT-1,2,T_cells_general,,Tcm/Naive helper T cells,Tem/Trm cytotoxic T cells,0.990580205678812
ATTTAGCCATTGGGAG-1,5,Cytotoxic_T_NK,,CD16- NK cells,CD16+ NK cells,0.9805467431633534
ATTTAGCCATTTGCTC-1,1,CD4_T_cells,,Tcm/Naive helper T cells,Tcm/Naive helper T cells,0.9999991884723594
ATTTAGGTCATGCAAC-1,1,CD4_T_cells,,Tcm/Naive helper T cells,Tcm/Naive helper T cells,0.9995520931476863
ATTTAGGTCGGCTATG-1,1,CD4_T_cells,,Tcm/Naive helper T cells,Tcm/Naive helper T cells,0.9999203801643562
ATTTAGGTCTCACTAT-1,0,Monocytes_CD14,,Classical monocytes,Classical monocytes,0.9999940720351002
ATTTGCAAGCACTTGG-1,1,CD4_T_cells,,Tcm/Naive cytotoxic T cells,Tcm/Naive helper T cells,0.7801928702756248
ATTTGCAAGCCTGTGA-1,0,Monocytes_CD14,,Classical monocytes,Classical monocytes,0.9867819272326546
ATTTGCAAGGACTAAG-1,0,Monocytes_CD14,,Classical monocytes,Classical monocytes,0.9951059024250611
ATTTGCAAGGCAATAG-1,0,Monocytes_CD14,,Non-classical monocytes,Classical monocytes,0.9047025698799859
ATTTGCAAGGCTGTGC-1,5,Cytotoxic_T_NK,,CD16+ NK cells,CD16+ NK cells,0.9999918260887536
ATTTGCAAGTGCACGC-1,0,Monocytes_CD14,,Classical monocytes,Classical monocytes,0.9999445100631013
ATTTGCGCAAGATTCT-1,2,T_cells_general,,Tcm/Naive helper T cells,Tcm/Naive helper T cells,0.1995472218995467
ATTTGCGCAATTAGGA-1,1,CD4_T_cells,,Tcm/Naive helper T cells,Tcm/Naive helper T cells,0.5748935935488811
ATTTGCGCACATAGCC-1,0,Monocytes_CD14,,Classical monocytes,Classical monocytes,0.9397634532126783
ATTTGCGCACTTAACG-1,1,CD4_T_cells,,Tcm/Naive helper T cells,Tcm/Naive helper T cells,0.8422718879564509
ATTTGCGCAGGCTTGT-1,5,Cytotoxic_T_NK,,CD16+ NK cells,CD16+ NK cells,0.9999951953387378
ATTTGCGCAGTAGCCT-1,0,Monocytes_CD14,,Classical monocytes,Classical monocytes,0.9999790926778933
ATTTGCGCAGTCTATG-1,0,Monocytes_CD14,,Classical monocytes,Classical monocytes,0.7419214632884538
ATTTGTGAGCAAGATG-1,2,T_cells_general,,Tcm/Naive helper T cells,Tem/Effector helper T cells,0.7613349686566083
ATTTGTGAGCGCTCAA-1,3,CD4_T_cells,,Tcm/Naive cytotoxic T cells,Tcm/Naive cytotoxic T cells,0.9999840397726056
ATTTGTGAGCTAGAAG-1,1,CD4_T_cells,,Tcm/Naive helper T cells,Tcm/Naive helper T cells,0.9998711502226402
ATTTGTGAGGCAATAG-1,3,CD4_T_cells,,Tcm/Naive cytotoxic T cells,Tcm/Naive cytotoxic T cells,0.9917825042816291
ATTTGTGAGTCGCAAT-1,4,Cytotoxic_T_NK,,Tem/Temra cytotoxic T cells,Tem/Temra cytotoxic T cells,0.6469779315375396
ATTTGTGAGTGAACCT-1,3,CD4_T_cells,,Tcm/Naive cytotoxic T cells,Tcm/Naive cytotoxic T cells,0.7905664918109812
CAAACAACAGGCTACT-1,3,CD4_T_cells,,Tcm/Naive helper T cells,Tcm/Naive cytotoxic T cells,0.8873155427487436
CAAACAACAGTCTAAT-1,3,CD4_T_cells,,Tcm/Naive cytotoxic T cells,Tcm/Naive cytotoxic T cells,0.9999973001083721
CAAACAACATAAAGCA-1,4,Cytotoxic_T_NK,,Tem/Temra cytotoxic T cells,Tem/Temra cytotoxic T cells,0.9993841674569696
CAAACAACATCCATCT-1,5,Cytotoxic_T_NK,,CD16+ NK cells,CD16+ NK cells,0.9955768920625916
CAAACAACATGACTAT-1,2,T_cells_general,,Tem/Effector helper T cells,Tem/Effector helper T cells,0.9965465732491228
CAAACACTCCATCAGG-1,7,Monocytes_general,,Non-classical monocytes,Non-classical monocytes,0.9999901531598799
CAAACACTCCCTCATA-1,0,Monocytes_CD14,,Classical monocytes,Classical monocytes,0.9999658402948107
CAAACATGTACCGTAA-1,6,B_cells,,Memory B cells,Memory B cells,0.9999971846000113
CAAACATGTGGTTATG-1,2,T_cells_general,,Tcm/Naive helper T cells,Tcm/Naive helper T cells,0.9933015511835063
CAAACATGTGTTTGTC-1,5,Cytotoxic_T_NK,,CD16+ NK cells,CD16+ NK cells,0.9984691798335296
CAAACATGTTTAACCC-1,2,T_cells_general,,Tcm/Naive helper T cells,Tcm/Naive helper T cells,0.9997020181125468
CAAACATGTTTGCGCC-1,0,Monocytes_CD14,,Classical monocytes,Classical monocytes,0.9970101776434309
CAAACCGTCACTTTAC-1,5,Cytotoxic_T_NK,,Cycling T cells,CD16+ NK cells,0.9407191382798382
CAAACCGTCAGCATTA-1,1,CD4_T_cells,,Tcm/Naive helper T cells,Tcm/Naive helper T cells,0.09564189409783487
CAAACCGTCATCACTT-1,1,CD4_T_cells,,Tcm/Naive helper T cells,Tcm/Naive helper T cells,0.9735851465807736
CAAACCGTCATCCTGC-1,2,T_cells_general,,Tcm/Naive helper T cells,Tem/Effector helper T cells,0.981388447590617
CAAACCGTCCCGTTAC-1,2,T_cells_general,,Tcm/Naive helper T cells,Tcm/Naive helper T cells,0.8588147754211957
CAAACCGTCCCTGATC-1,4,Cytotoxic_T_NK,,Tem/Trm cytotoxic T cells,Tem/Trm cytotoxic T cells,0.028653779871664044
CAAACCGTCCGCAAAT-1,2,T_cells_general,,Tcm/Naive helper T cells,Tcm/Naive helper T cells,0.9981204862930629
CAAACCGTCGATTATG-1,1,CD4_T_cells,,Tcm/Naive helper T cells,Tcm/Naive helper T cells,0.9999806074111459
CAAACCGTCTTAGTGA-1,8,B_cells,,Naive B cells,Naive B cells,0.9999998015089803
CAAACGCGTATTACCC-1,1,CD4_T_cells,,Tcm/Naive helper T cells,Tcm/Naive helper T cells,0.9976418409802841
CAAACGCGTCAAGACC-1,1,CD4_T_cells,,Tcm/Naive cytotoxic T cells,Tcm/Naive helper T cells,0.9398555834313578
CAAACGCGTCCCGGAA-1,0,Monocytes_CD14,,Classical monocytes,Classical monocytes,0.8547453472712839
CAAACGCGTGGTTCCC-1,1,CD4_T_cells,,Tcm/Naive helper T cells,Tcm/Naive helper T cells,0.9999092433617157
CAAACGCGTTACATCC-1,2,T_cells_general,,Tem/Effector helper T cells,Tem/Effector helper T cells,0.9966639890902292
CAAACGCGTTGGATCA-1,1,CD4_T_cells,,Tcm/Naive helper T cells,Tcm/Naive helper T cells,0.7362974540582757
CAAACGCGTTTCGCGC-1,6,B_cells,,Memory B cells,Memory B cells,0.9999909237426305
CAAACTGGTACCTTAC-1,9,Monocytes_general,,Classical monocytes,Classical monocytes,0.9999898454572671
CAAACTGGTGATTACG-1,0,Monocytes_CD14,,Classical monocytes,Classical monocytes,0.9989036844921853
CAAACTGGTTATTGCC-1,2,T_cells_general,,Monocytes,Tem/Effector helper T cells,0.12596069163561402
CAAACTGGTTGGCCGA-1,3,CD4_T_cells,,Tcm/Naive cytotoxic T cells,Tcm/Naive cytotoxic T cells,0.9998613949635637
CAAAGCGCAAGCGAGC-1,0,Monocytes_CD14,,Classical monocytes,Classical monocytes,0.6806729275229216
CAAAGCGCACACCAAC-1,2,T_cells_general,,Tcm/Naive helper T cells,Tcm/Naive helper T cells,0.9941587033095698
CAAAGCGCACCCACCT-1,6,B_cells,,Memory B cells,Memory B cells,0.9984420334906344
CAAAGCGCACCTCGCT-1,1,CD4_T_cells,,Tcm/Naive helper T cells,Tcm/Naive helper T cells,0.9998377520918176
CAAAGCGCACGAACAG-1,13,Plasma_cells,,Plasma cells,Plasma cells,0.9999999984427952
CAAAGGATCATCCACC-1,3,CD4_T_cells,,Tcm/Naive cytotoxic T cells,Tcm/Naive cytotoxic T cells,0.9950662086392075
CAAAGGATCATGAGCT-1,0,Monocytes_CD14,,Classical monocytes,Classical monocytes,0.9994299101117813
CAAAGGATCCACCTTA-1,0,Monocytes_CD14,,Classical monocytes,Classical monocytes,0.9979509128658927
CAAAGGATCGTTAAGC-1,2,T_cells_general,,Tem/Effector helper T cells,Tem/Effector helper T cells,0.9177577776774141
CAAATCATCAAGCGCC-1,3,CD4_T_cells,,Tem/Trm cytotoxic T cells,Tcm/Naive cytotoxic T cells,0.4873339494109628
CAAATCATCACATTGA-1,0,Monocytes_CD14,,CRTAM+ gamma-delta T cells,Classical monocytes,0.12105481439959541
CAAATCATCACTTTAC-1,3,CD4_T_cells,,Tcm/Naive cytotoxic T cells,Tcm/Naive cytotoxic T cells,0.7591823354384282
CAAATCATCCATTACT-1,4,Cytotoxic_T_NK,,Tem/Temra cytotoxic T cells,Tem/Temra cytotoxic T cells,0.9998390683333617
CAAATCATCCGCTAGA-1,1,CD4_T_cells,,Tcm/Naive helper T cells,Tcm/Naive helper T cells,0.9997073761190474
CAAATCATCCTGTTCA-1,2,T_cells_general,,Tcm/Naive helper T cells,Tcm/Naive helper T cells,0.9992150801466189
CAAATCATCCTTAGGG-1,3,CD4_T_cells,,Tcm/Naive cytotoxic T cells,Tcm/Naive cytotoxic T cells,0.9998796407250007
CAAATCATCTCACTAT-1,2,T_cells_general,,Tem/Effector helper T cells,Tcm/Naive helper T cells,0.12112335043439469
CAAATCATCTTAGTCT-1,1,CD4_T_cells,,Tcm/Naive helper T cells,Tcm/Naive helper T cells,0.9995184752038374
CAACAATGTCACAAAT-1,6,B_cells,,Memory B cells,Age-associated B cells,0.7254949981847046
CAACAATGTCCAAGAC-1,3,CD4_T_cells,,Tcm/Naive cytotoxic T cells,Tcm/Naive cytotoxic T cells,0.9946454171205771
CAACAATGTGGACCTG-1,1,CD4_T_cells,,Tcm/Naive helper T cells,Tcm/Naive helper T cells,0.9998956716643718
CAACAATGTGTGAGAG-1,0,Monocytes_CD14,,Classical monocytes,Classical monocytes,0.9999988701545144
CAACAATGTTGCGCGA-1,1,CD4_T_cells,,Tcm/Naive helper T cells,Tcm/Naive helper T cells,0.9999853722985862
CAACAGGCAAACTGCC-1,10,Cytotoxic_T_NK,,MAIT cells,MAIT cells,0.999583766743097
CAACAGGCAAAGGCCA-1,0,Monocytes_CD14,,Classical monocytes,Classical monocytes,0.9997970874752518
CAACAGGCAAGACTCC-1,7,Monocytes_general,,Non-classical monocytes,Non-classical monocytes,0.9999902153982456
CAACAGGCAAGGTACG-1,3,CD4_T_cells,,Tcm/Naive cytotoxic T cells,Tcm/Naive cytotoxic T cells,0.5928092744201006
CAACAGGCAATAATGG-1,4,Cytotoxic_T_NK,,CD16- NK cells,Tem/Trm cytotoxic T cells,0.06965942608897932
CAACAGGCAATAGTCT-1,0,Monocytes_CD14,,Classical monocytes,Classical monocytes,0.9992758674160515
CAACAGGCACAAAGGT-1,1,CD4_T_cells,,Tcm/Naive helper T cells,Tcm/Naive helper T cells,0.999993894512699
CAACAGGCACGAACAG-1,0,Monocytes_CD14,,Classical monocytes,Classical monocytes,0.9999720368938765
CAACAGGCAGGCCAAA-1,1,CD4_T_cells,,Tcm/Naive helper T cells,Tcm/Naive helper T cells,0.9983132608825196
CAACAGGCAGTAAAGC-1,2,T_cells_general,,Tcm/Naive helper T cells,Tcm/Naive helper T cells,0.968533209040719
CAACAGGCAGTCTATG-1,0,Monocytes_CD14,,Classical monocytes,Classical monocytes,0.999989962269339
CAACAGGCATACTCCT-1,0,Monocytes_CD14,,Classical monocytes,Classical monocytes,0.9988568142126507
CAACCCGCAACTGGGA-1,9,Monocytes_general,,DC2,DC2,0.9997327241597382
CAACCCGCACAGGGAC-1,2,T_cells_general,,Tem/Effector helper T cells,Tem/Effector helper T cells,0.992828111297141
CAACCCGCAGAAATGC-1,9,Monocytes_general,,DC2,DC2,0.9875439289844485
CAACCCGCAGCATTAT-1,7,Monocytes_general,,Non-classical monocytes,Non-classical monocytes,0.9959797131243942
CAACCCGCAGTATGTT-1,0,Monocytes_CD14,,Classical monocytes,Classical monocytes,0.9972398845855754
CAACCCGCATAATGTC-1,1,CD4_T_cells,,Tcm/Naive helper T cells,Tcm/Naive helper T cells,0.9998243024546849
CAACCCGCATATAACC-1,6,B_cells,,Memory B cells,Memory B cells,0.9999801582174901
CAACCCTTCAAGCTAC-1,0,Monocytes_CD14,,Classical monocytes,Classical monocytes,0.9960560387371484
CAACCCTTCAGCCAAT-1,0,Monocytes_CD14,,Classical monocytes,Classical monocytes,0.9999977402926957
CAACCCTTCCCATAAA-1,10,Cytotoxic_T_NK,,MAIT cells,MAIT cells,0.9996989197834824
CAACCCTTCCGGTTGA-1,1,CD4_T_cells,,Tcm/Naive helper T cells,Tcm/Naive helper T cells,0.9999913838564396
CAACCCTTCTCAATTC-1,5,Cytotoxic_T_NK,,CD16+ NK cells,CD16+ NK cells,0.9991826790838473
CAACCCTTCTCGACCT-1,1,CD4_T_cells,,Tcm/Naive helper T cells,Tcm/Naive helper T cells,0.9999914599301301
CAACCCTTCTGGCTTC-1,2,T_cells_general,,Tcm/Naive helper T cells,Tcm/Naive helper T cells,0.999619632088614
CAACCCTTCTTGAGCG-1,3,CD4_T_cells,,Tcm/Naive helper T cells,Tcm/Naive helper T cells,0.8374301191002802
CAACCCTTCTTGGACG-1,1,CD4_T_cells,,Tcm/Naive helper T cells,Tcm/Naive helper T cells,0.3086524479592887
CAACCGGGTCAAGTGC-1,2,T_cells_general,,Tcm/Naive helper T cells,Tcm/Naive helper T cells,0.9974943952180001
CAACCGGGTGTGCAAC-1,7,Monocytes_general,,Non-classical monocytes,Non-classical monocytes,0.9977485510586183
CAACTAATCCCTGGAA-1,1,CD4_T_cells,,Tcm/Naive helper T cells,Tcm/Naive helper T cells,0.9987297122765099
CAACTAATCGTTTCGC-1,0,Monocytes_CD14,,Classical monocytes,Classical monocytes,0.9999998017641378
CAACTAGGTAACCAGC-1,0,Monocytes_CD14,,Classical monocytes,Classical monocytes,0.9988525945341635
CAACTAGGTGCGCGTA-1,0,Monocytes_CD14,,Classical monocytes,Classical monocytes,0.9973805895708542
CAACTAGGTGGATTGC-1,1,CD4_T_cells,,Tcm/Naive helper T cells,Tcm/Naive helper T cells,0.979897397430606
CAACTAGGTTTAGCTC-1,0,Monocytes_CD14,,Non-classical monocytes,Classical monocytes,0.9808561619256567
CAACTAGGTTTGGGTA-1,2,T_cells_general,,Tem/Effector helper T cells,Tcm/Naive helper T cells,0.9249400493137073
CAAGAACCAGAAACGT-1,1,CD4_T_cells,,Tcm/Naive helper T cells,Tcm/Naive helper T cells,0.9874631107900068
CAAGAACCAGTAGCCT-1,2,T_cells_general,,Tcm/Naive helper T cells,Tcm/Naive helper T cells,0.961816501479619
CAAGAACCATCCTGAA-1,4,Cytotoxic_T_NK,,Tem/Temra cytotoxic T cells,Tem/Temra cytotoxic T cells,0.926713965050473
CAAGACAAGACAGGTA-1,3,CD4_T_cells,,Tcm/Naive cytotoxic T cells,Tcm/Naive cytotoxic T cells,0.9992271084800229
CAAGACAAGATTGAGG-1,0,Monocytes_CD14,,Non-classical monocytes,Classical monocytes,0.6500417579531818
CAAGACAAGGATAAAC-1,1,CD4_T_cells,,Tcm/Naive helper T cells,Tcm/Naive helper T cells,0.9954695977845641
CAAGACAAGGGCTTTG-1,8,B_cells,,Naive B cells,Naive B cells,0.9993162875405542
CAAGACAAGTAGGCGG-1,2,T_cells_general,,Tem/Effector helper T cells,Tem/Effector helper T cells,0.12210734968792888
CAAGACAAGTTACCGG-1,4,Cytotoxic_T_NK,,Tem/Trm cytotoxic T cells,Tem/Trm cytotoxic T cells,0.01145407542033745
CAAGCTAGTGTGCACG-1,0,Monocytes_CD14,,Non-classical monocytes,Classical monocytes,0.9929565999804691
CAAGCTAGTTAAGGCC-1,6,B_cells,,Memory B cells,Memory B cells,0.9999742356522089
CAAGGCCTCCGCCTAT-1,2,T_cells_general,,Tem/Effector helper T cells,Tem/Effector helper T cells,0.7022551174780226
CAAGGCCTCCTAATTC-1,6,B_cells,,Memory B cells,Memory B cells,0.9997723871058368
CAAGGCCTCCTGATTT-1,3,CD4_T_cells,,Tcm/Naive cytotoxic T cells,Tcm/Naive cytotoxic T cells,0.9225737012550839
CAAGGCCTCCTTTACG-1,0,Monocytes_CD14,,Classical monocytes,Classical monocytes,0.9793427941507552
CAAGGCCTCTAGCGTG-1,6,B_cells,,Age-associated B cells,Age-associated B cells,0.999612659599791
CAAGGCTGTGCGCATG-1,3,CD4_T_cells,,Tcm/Naive cytotoxic T cells,Tcm/Naive cytotoxic T cells,0.9999732356851724
CAAGGCTGTGTTTGCT-1,2,T_cells_general,,Tem/Trm cytotoxic T cells,Tem/Trm cytotoxic T cells,0.9781330806501402
CAAGGCTGTTTAGCGA-1,6,B_cells,,Memory B cells,Memory B cells,0.9641219821734113
CAAGGGAGTAATCCCT-1,0,Monocytes_CD14,,Classical monocytes,Classical monocytes,0.9254263530353322
CAAGGGAGTTAGTACG-1,9,Monocytes_general,,Plasma cells,DC2,0.004770662840888728
CAAGGTAAGCATGCAT-1,5,Cytotoxic_T_NK,,CD16+ NK cells,CD16+ NK cells,0.4931020589861255
CAAGGTAAGCCACATG-1,3,CD4_T_cells,,Tcm/Naive cytotoxic T cells,Tcm/Naive cytotoxic T cells,0.7716075780277203
CAAGGTAAGGCGCACT-1,1,CD4_T_cells,,Tcm/Naive helper T cells,Tcm/Naive helper T cells,0.9919804974109357
CAAGGTAAGTCATTTC-1,2,T_cells_general,,Tem/Effector helper T cells,Tem/Effector helper T cells,0.9817068542120055
CAAGGTAAGTTGTCAA-1,0,Monocytes_CD14,,Classical monocytes,Classical monocytes,0.9991932443263388
CAAGGTTTCAGAAACG-1,5,Cytotoxic_T_NK,,CD16+ NK cells,CD16+ NK cells,0.8623587186810098
CAAGGTTTCCTTGCGT-1,0,Monocytes_CD14,,Classical monocytes,Classical monocytes,0.975330134045159
CAAGGTTTCTACTAAG-1,1,CD4_T_cells,,Tcm/Naive helper T cells,Tcm/Naive helper T cells,0.9983350130199141
CAAGTAACAACAGGAT-1,9,Monocytes_general,,DC2,DC2,0.9999816753003492
CAAGTAACAATCCTGA-1,2,T_cells_general,,Tcm/Naive helper T cells,Tcm/Naive helper T cells,0.9408724523972348
CAAGTAACACAACAGG-1,4,Cytotoxic_T_NK,,Tem/Trm cytotoxic T cells,Tem/Trm cytotoxic T cells,0.8802068124368988
CAAGTAACACTGGCTG-1,0,Monocytes_CD14,,Classical monocytes,Classical monocytes,0.9987021105066436
CAAGTAACAGAGGCTA-1,0,Monocytes_CD14,,Classical monocytes,Classical monocytes,0.9979380169645908
CAAGTAACAGGAACAT-1,0,Monocytes_CD14,,Classical monocytes,Classical monocytes,0.9967686805219877
CAAGTAACAGTATGTT-1,0,Monocytes_CD14,,Classical monocytes,Classical monocytes,0.9999972510534346
CAAGTAACAGTTTGTG-1,2,T_cells_general,,Tcm/Naive helper T cells,Tcm/Naive helper T cells,0.9914838777332807
CAAGTAACATACTCCT-1,0,Monocytes_CD14,,Classical monocytes,Classical monocytes,0.9994807889275957
CAAGTAACATGTCAAT-1,0,Monocytes_CD14,,Classical monocytes,Classical monocytes,0.9997045553777143
CAAGTAACATTGTGTG-1,6,B_cells,,Age-associated B cells,Age-associated B cells,0.9476762001000474
CAAGTATGTATTGTGG-1,2,T_cells_general,,Tcm/Naive helper T cells,Tcm/Naive helper T cells,0.9999895917956433
CAAGTATGTCTTTATG-1,0,Monocytes_CD14,,Classical monocytes,Classical monocytes,0.957416909560708
CAAGTATGTGCTGTAA-1,10,Cytotoxic_T_NK,,MAIT cells,MAIT cells,0.9277820086357879
CAAGTATGTGGACCTG-1,0,Monocytes_CD14,,Classical monocytes,Classical monocytes,0.9925680282327837
CAAGTATGTGGAGCAA-1,8,B_cells,,Naive B cells,Naive B cells,0.999999999264976
CAAGTATGTTCATTTG-1,0,Monocytes_CD14,,Classical monocytes,Classical monocytes,0.9999939148050964
CAAGTATGTTTGGCGG-1,3,CD4_T_cells,,Tcm/Naive cytotoxic T cells,Tcm/Naive cytotoxic T cells,0.9990909277229397
CAAGTGAAGAAGCTAG-1,2,T_cells_general,,Tcm/Naive helper T cells,Tcm/Naive helper T cells,0.9254214087269271
CAAGTGAAGCACCACA-1,2,T_cells_general,,Tcm/Naive helper T cells,Tcm/Naive helper T cells,0.9791312572073955
CAAGTGAAGCACTTGG-1,3,CD4_T_cells,,Tcm/Naive cytotoxic T cells,Tcm/Naive cytotoxic T cells,0.9999054659970893
CAAGTGAAGCGTGCAC-1,1,CD4_T_cells,,Tcm/Naive helper T cells,Tcm/Naive helper T cells,0.9985221907660559
CAAGTGAAGCTGTCAG-1,4,Cytotoxic_T_NK,,Tem/Temra cytotoxic T cells,Tem/Temra cytotoxic T cells,0.9918663852781406
CAAGTGAAGGCTACTG-1,4,Cytotoxic_T_NK,,Tem/Temra cytotoxic T cells,Tem/Temra cytotoxic T cells,0.989651498645057
CAAGTGAAGGGCCACT-1,6,B_cells,,Naive B cells,Memory B cells,0.14282247437014167
CAAGTGAAGGTGCTGC-1,1,CD4_T_cells,,Tcm/Naive helper T cells,Tcm/Naive helper T cells,0.9987935175241653
CAAGTGAAGTTGTCTT-1,3,CD4_T_cells,,Tcm/Naive cytotoxic T cells,Tcm/Naive cytotoxic T cells,0.9883550063744853
CAAGTTATCCGCACAA-1,0,Monocytes_CD14,,Classical monocytes,Classical monocytes,0.9998810810655252
CAAGTTATCCGGCTAA-1,7,Monocytes_general,,Non-classical monocytes,Non-classical monocytes,0.9999977920357047
CAAGTTATCTGTGCAG-1,2,T_cells_general,,Tem/Effector helper T cells,Tcm/Naive helper T cells,0.9095028065448384
CAATAAGCAAGCCAGA-1,1,CD4_T_cells,,Tcm/Naive helper T cells,Tcm/Naive helper T cells,0.9999765140387201
CAATAAGCAATAGCCC-1,2,T_cells_general,,Tcm/Naive helper T cells,Tcm/Naive helper T cells,0.6550038575128568
CAATAAGCAATGAAGC-1,2,T_cells_general,,Tcm/Naive helper T cells,Tcm/Naive helper T cells,0.9620788749526886
CAATAAGCACCAACCG-1,1,CD4_T_cells,,Tcm/Naive helper T cells,Tcm/Naive helper T cells,0.9957320855228042
CAATAAGCACCTAATG-1,7,Monocytes_general,,Non-classical monocytes,Non-classical monocytes,0.9999994856578515
CAATAAGCACGAACAG-1,3,CD4_T_cells,,Tcm/Naive cytotoxic T cells,Tcm/Naive cytotoxic T cells,0.9981990397110846
CAATAAGCACGTGCTG-1,0,Monocytes_CD14,,Classical monocytes,Classical monocytes,0.9459851016859389
CAATAAGCAGCTTAGC-1,8,B_cells,,Naive B cells,Naive B cells,0.9999999854820631
CAATAAGCATAGACCC-1,0,Monocytes_CD14,,Classical monocytes,Classical monocytes,0.9997488330933362
CAATAAGCATCAGTAT-1,0,Monocytes_CD14,,Non-classical monocytes,Classical monocytes,0.9938004376477975
CAATAGCTCCTAAATG-1,4,Cytotoxic_T_NK,,Tem/Trm cytotoxic T cells,Tem/Trm cytotoxic T cells,0.9914491712965591
CAATAGCTCCTGGTGA-1,1,CD4_T_cells,,Tcm/Naive helper T cells,Tcm/Naive helper T cells,0.9995687035976283
CAATATGTCAAACACC-1,0,Monocytes_CD14,,Classical monocytes,Classical monocytes,0.9999970872600079
CAATATGTCACAGGAA-1,10,Cytotoxic_T_NK,,MAIT cells,MAIT cells,0.9709393491029796
CAATATGTCAGTTCCC-1,7,Monocytes_general,,Non-classical monocytes,Non-classical monocytes,0.9999998990200001
CAATATGTCCAGGAAA-1,0,Monocytes_CD14,,Classical monocytes,Classical monocytes,0.999898464923141
CAATATGTCCGCATGA-1,0,Monocytes_CD14,,Classical monocytes,Classical monocytes,0.9994545606187102
CAATATGTCCGCCAAA-1,8,B_cells,,Naive B cells,Naive B cells,0.9999984445775159
CAATATGTCGCTTCTA-1,3,CD4_T_cells,,Tcm/Naive cytotoxic T cells,Tcm/Naive cytotoxic T cells,0.9876199242703748
CAATCCCTCATCCTAT-1,0,Monocytes_CD14,,Classical monocytes,Classical monocytes,0.9999441643488869
CAATCCCTCATGACCG-1,6,B_cells,,Memory B cells,Memory B cells,0.947857447260077
CAATCCCTCATGCCTC-1,2,T_cells_general,,Tcm/Naive helper T cells,Tcm/Naive helper T cells,0.999211194671021
CAATCCCTCTAACCTT-1,7,Monocytes_general,,Non-classical monocytes,Non-classical monocytes,0.9810539846481603
CAATCCCTCTAGCGAT-1,1,CD4_T_cells,,Tcm/Naive helper T cells,Tcm/Naive helper T cells,0.999979710697792
CAATCCTGTATTGCAG-1,3,CD4_T_cells,,Tcm/Naive helper T cells,Tcm/Naive helper T cells,0.5133244697438448
CAATCCTGTATTGTCC-1,2,T_cells_general,,Tcm/Naive helper T cells,Tcm/Naive helper T cells,0.7165863437610069
CAATCCTGTCATAACG-1,4,Cytotoxic_T_NK,,Tem/Temra cytotoxic T cells,Tem/Temra cytotoxic T cells,0.9968872691697241
CAATCCTGTCGTTACT-1,5,Cytotoxic_T_NK,,CD16+ NK cells,CD16+ NK cells,0.8871933919995716
CAATCGCCAATAACCT-1,4,Cytotoxic_T_NK,,Tem/Temra cytotoxic T cells,Tem/Temra cytotoxic T cells,0.9953948823516915
CAATCGCCACAGCCAT-1,3,CD4_T_cells,,Tcm/Naive cytotoxic T cells,Tcm/Naive cytotoxic T cells,0.9906901305959003
CAATCGCCACCATATG-1,0,Monocytes_CD14,,Classical monocytes,Classical monocytes,0.6282834512671254
CAATCGCCAGTAGCCT-1,3,CD4_T_cells,,Tcm/Naive cytotoxic T cells,Tcm/Naive cytotoxic T cells,0.9992630739918853
CAATCGCCATTCCTCG-1,2,T_cells_general,,CD16- NK cells,Tcm/Naive helper T cells,0.05176777214050712
CAATCTAAGCTAAGTC-1,1,CD4_T_cells,,Tcm/Naive helper T cells,Tcm/Naive helper T cells,0.9999701656019625
CAATCTAAGGTGTTAC-1,1,CD4_T_cells,,Tcm/Naive helper T cells,Tcm/Naive helper T cells,0.9999258395985586
CAATCTAAGTCACCTC-1,3,CD4_T_cells,,Tcm/Naive cytotoxic T cells,Tcm/Naive cytotoxic T cells,0.9735340557118605
CAATCTAAGTCGCTAG-1,5,Cytotoxic_T_NK,,CD16+ NK cells,CD16+ NK cells,0.9586958621713495
CAATGAACAAAGCTCC-1,8,B_cells,,Naive B cells,Naive B cells,0.9999826439001627
CAATGAACAAGTTATC-1,3,CD4_T_cells,,Tcm/Naive cytotoxic T cells,Tcm/Naive cytotoxic T cells,0.9712158377588319
CAATGAACACCCTCAC-1,2,T_cells_general,,Tem/Effector helper T cells,Tem/Effector helper T cells,0.8298981949579518
CAATGAACATAAGGAC-1,2,T_cells_general,,Tem/Effector helper T cells,Tcm/Naive helper T cells,0.36023029402789414
CAATGACTCAAACCGT-1,8,B_cells,,Naive B cells,Naive B cells,0.9997235178681638
CAATGACTCCTAGTTT-1,0,Monocytes_CD14,,Classical monocytes,Classical monocytes,0.9999971492195919
CAATGACTCGGTCATG-1,8,B_cells,,Naive B cells,Naive B cells,0.9999999999927511
CAATGACTCGGTTCCT-1,0,Monocytes_CD14,,Classical monocytes,Classical monocytes,0.9420103098801212
CAATGACTCTAAGTCA-1,1,CD4_T_cells,,Tcm/Naive helper T cells,Tcm/Naive helper T cells,0.6554253236906401
CAATGACTCTCGCCCA-1,9,Monocytes_general,,DC2,DC2,0.9985718395038031
CAATGACTCTGTAAGC-1,2,T_cells_general,,Tcm/Naive helper T cells,Tcm/Naive helper T cells,0.9999368216709431
CAATGACTCTTGGATA-1,1,CD4_T_cells,,Tcm/Naive helper T cells,Tcm/Naive helper T cells,0.9999955393947862
CAATGCCCAAACTCAT-1,3,CD4_T_cells,,Tcm/Naive helper T cells,Tcm/Naive helper T cells,0.9625626885965225
CAATGCCCAAACTGCC-1,3,CD4_T_cells,,Tcm/Naive cytotoxic T cells,Tcm/Naive cytotoxic T cells,0.9991207735618315
CAATGCCCAAAGCCTC-1,2,T_cells_general,,Tcm/Naive helper T cells,Tcm/Naive helper T cells,0.7966133227274393
CAATGCCCAGAAATGC-1,3,CD4_T_cells,,Tcm/Naive cytotoxic T cells,Tcm/Naive cytotoxic T cells,0.8121435541585496
CAATGCCCATGTTTGG-1,0,Monocytes_CD14,,Classical monocytes,Classical monocytes,0.9963832236579189
CAATGCCCATTAGGTT-1,0,Monocytes_CD14,,Classical monocytes,Classical monocytes,0.9999371042382699
CAATGTCAGTTAGGCT-1,8,B_cells,,Naive B cells,Naive B cells,0.9999996952645642
CAATGTGGTAACTACG-1,9,Monocytes_general,,DC2,DC2,0.9876969917055749
CAATGTGGTAAGGTCC-1,0,Monocytes_CD14,,Classical monocytes,Classical monocytes,0.9963085392099122
CAATGTGGTTTAACGG-1,4,Cytotoxic_T_NK,,Tem/Temra cytotoxic T cells,Tem/Temra cytotoxic T cells,0.993275295221937
CACAAGCGTAAACAAG-1,0,Monocytes_CD14,,Classical monocytes,Classical monocytes,0.9992368982840139
CACAAGCGTCGACTCC-1,0,Monocytes_CD14,,Classical monocytes,Classical monocytes,0.9632858174168304
CACAAGCGTGAATCGC-1,3,CD4_T_cells,,Tcm/Naive cytotoxic T cells,Tcm/Naive cytotoxic T cells,0.9159482600938101
CACAAGCGTGACATAT-1,2,T_cells_general,,Tem/Effector helper T cells,Tcm/Naive helper T cells,0.20687382700723095
CACAAGCGTGCCTCAC-1,4,Cytotoxic_T_NK,,Tem/Trm cytotoxic T cells,Tem/Trm cytotoxic T cells,0.9647803820336769
CACAAGCGTTACAAAC-1,3,CD4_T_cells,,Tcm/Naive cytotoxic T cells,Tcm/Naive cytotoxic T cells,0.9891774364894503
CACAAGCGTTACGCGG-1,9,Monocytes_general,,Classical monocytes,Classical monocytes,0.8871348416140471
CACAAGCGTTCAAGAT-1,0,Monocytes_CD14,,Classical monocytes,Classical monocytes,0.999991639418879
CACAAGCGTTGCTGGG-1,7,Monocytes_general,,Non-classical monocytes,Non-classical monocytes,0.9999897267467689
CACAATATCCCTGTTA-1,2,T_cells_general,,Tem/Effector helper T cells,Tem/Effector helper T cells,0.8346180059789031
CACAATATCGTCAAGT-1,5,Cytotoxic_T_NK,,CD16+ NK cells,CD16+ NK cells,0.9998189318060512
CACAATATCTAGCGTG-1,4,Cytotoxic_T_NK,,Tem/Trm cytotoxic T cells,Tem/Trm cytotoxic T cells,0.9363654107219676
CACAATATCTCAATAG-1,1,CD4_T_cells,,Tcm/Naive helper T cells,Tcm/Naive helper T cells,0.9995794879875021
CACAGGCTCATGTCAA-1,4,Cytotoxic_T_NK,,Tem/Temra cytotoxic T cells,Tem/Temra cytotoxic T cells,0.8444633477017931
CACAGGCTCCTGGTCT-1,0,Monocytes_CD14,,Classical monocytes,Classical monocytes,0.9999786394227365
CACAGGGAGCCAGTAT-1,3,CD4_T_cells,,Tcm/Naive helper T cells,Tcm/Naive cytotoxic T cells,0.9977606837765368
CACAGGGAGGTAAGCA-1,3,CD4_T_cells,,Tcm/Naive helper T cells,Tcm/Naive cytotoxic T cells,0.7417462103906156
CACAGGGAGTACTGGT-1,2,T_cells_general,,Tem/Effector helper T cells,Tcm/Naive helper T cells,0.9865820181217123
CACAGGGAGTAGGCGG-1,0,Monocytes_CD14,,Classical monocytes,Classical monocytes,0.998597831637068
CACAGGGAGTCCTTCA-1,2,T_cells_general,,Tcm/Naive helper T cells,Tem/Effector helper T cells,0.6189930980077742
CACATAATCAAGCTAC-1,13,Plasma_cells,,Plasma cells,Plasma cells,0.9981428898458905
CACATAATCAATAGCC-1,6,B_cells,,Memory B cells,Memory B cells,0.9999998389242524
CACATAATCATTGTTC-1,1,CD4_T_cells,,Tcm/Naive helper T cells,Tcm/Naive helper T cells,0.9951386575717759
CACATAATCGTCCTTA-1,2,T_cells_general,,Tcm/Naive helper T cells,Tem/Effector helper T cells,0.9998133133147434
CACATAATCTCACTAT-1,0,Monocytes_CD14,,Classical monocytes,Classical monocytes,0.9001730854794374
CACATACAGAAAGGAA-1,2,T_cells_general,,Tcm/Naive helper T cells,Regulatory T cells,0.9769956614381071
CACATACAGAACCTGT-1,1,CD4_T_cells,,Tcm/Naive helper T cells,Tcm/Naive helper T cells,0.9999987235352166
CACATACAGCTATATG-1,3,CD4_T_cells,,Tcm/Naive cytotoxic T cells,Tcm/Naive cytotoxic T cells,0.9999810258489158
CACATACAGGCATGAA-1,4,Cytotoxic_T_NK,,Tem/Trm cytotoxic T cells,Tem/Trm cytotoxic T cells,0.28170231661640927
CACATACAGGGACTAA-1,0,Monocytes_CD14,,Classical monocytes,Classical monocytes,0.9999837778088867
CACATACAGTAACCAC-1,2,T_cells_general,,Tem/Effector helper T cells,Tcm/Naive helper T cells,0.9807102105719014
CACATACAGTATCGCG-1,0,Monocytes_CD14,,Classical monocytes,Classical monocytes,0.9989481036623977
CACATACAGTGTGATC-1,0,Monocytes_CD14,,Classical monocytes,Classical monocytes,0.9439919741008251
CACATGCCAAGCTTTG-1,0,Monocytes_CD14,,Non-classical monocytes,Classical monocytes,0.5485484185223929
CACATGCCACCTCGCT-1,0,Monocytes_CD14,,Classical monocytes,Classical monocytes,0.9997419710577734
CACATTAAGCATCCAG-1,0,Monocytes_CD14,,Classical monocytes,Classical monocytes,0.9997616653590293
CACATTAAGCTAAAGG-1,0,Monocytes_CD14,,Classical monocytes,Classical monocytes,0.9710794569637682
CACATTAAGCTTAACA-1,3,CD4_T_cells,,Tcm/Naive cytotoxic T cells,Tcm/Naive cytotoxic T cells,0.8174417036210984
CACATTAAGGCGCACT-1,2,T_cells_general,,Regulatory T cells,Regulatory T cells,0.9918131054860194
CACATTAAGGCGCATC-1,0,Monocytes_CD14,,Classical monocytes,Classical monocytes,0.9997452800501325
CACATTAAGTCCTGAG-1,4,Cytotoxic_T_NK,,Tem/Trm cytotoxic T cells,Tem/Trm cytotoxic T cells,0.934734033622911
CACATTAAGTCGCAAT-1,1,CD4_T_cells,,Tcm/Naive helper T cells,Tcm/Naive helper T cells,0.9936460138875068
CACATTAAGTTAGAGG-1,0,Monocytes_CD14,,Classical monocytes,Classical monocytes,0.9999949199691641
CACATTAAGTTAGCTA-1,0,Monocytes_CD14,,Classical monocytes,Classical monocytes,0.9992193123521985
CACCAACCAAGCTAAA-1,2,T_cells_general,,Tcm/Naive helper T cells,Tcm/Naive helper T cells,0.9991532926216243
CACCAACCACAACAAA-1,7,Monocytes_general,,Non-classical monocytes,Non-classical monocytes,0.9998537408648124
CACCAACCACTGGCTG-1,4,Cytotoxic_T_NK,,Tem/Trm cytotoxic T cells,Tem/Trm cytotoxic T cells,0.9788474076038886
CACCGGTAGACTTACA-1,0,Monocytes_CD14,,Classical monocytes,Classical monocytes,0.9988452365568264
CACCGGTAGCATCCAG-1,1,CD4_T_cells,,Tcm/Naive helper T cells,Tcm/Naive helper T cells,0.9755378216090578
CACCGGTAGGACCAGG-1,7,Monocytes_general,,Non-classical monocytes,Non-classical monocytes,0.9999998231305927
CACCGGTAGTCATGCG-1,2,T_cells_general,,Tem/Effector helper T cells,Tcm/Naive helper T cells,0.9504909312160982
CACCGGTAGTTAGTTG-1,0,Monocytes_CD14,,Classical monocytes,Classical monocytes,0.9854336009950989
CACCTCAGTAGGATTT-1,7,Monocytes_general,,Non-classical monocytes,Non-classical monocytes,0.9999909434966981
CACCTCAGTATTGTGG-1,1,CD4_T_cells,,Tcm/Naive helper T cells,Tcm/Naive helper T cells,0.999957714989488
CACCTCAGTCACAGCG-1,10,Cytotoxic_T_NK,,MAIT cells,MAIT cells,0.5933579988930355
CACCTCAGTGTGCAAC-1,4,Cytotoxic_T_NK,,Tem/Trm cytotoxic T cells,Tem/Trm cytotoxic T cells,0.7805502635918532
CACCTCAGTTCGGGAT-1,1,CD4_T_cells,,Tcm/Naive helper T cells,Tcm/Naive helper T cells,0.999578743787565
CACCTGTTCAATACGC-1,0,Monocytes_CD14,,Classical monocytes,Classical monocytes,0.9955672184746844
CACCTGTTCACACAGT-1,2,T_cells_general,,Tem/Temra cytotoxic T cells,Tem/Trm cytotoxic T cells,0.09512580537726956
CACCTGTTCAGCACGC-1,4,Cytotoxic_T_NK,,Tem/Trm cytotoxic T cells,Tem/Trm cytotoxic T cells,0.9998141527286136
CACCTGTTCCAGGTTG-1,7,Monocytes_general,,Non-classical monocytes,Non-classical monocytes,0.9998669811730069
CACCTGTTCCTCCATA-1,4,Cytotoxic_T_NK,,Tem/Temra cytotoxic T cells,Tem/Temra cytotoxic T cells,0.9985591092884526
CACCTGTTCCTTCAAT-1,0,Monocytes_CD14,,Non-classical monocytes,Classical monocytes,0.9964696672958021
CACCTGTTCGGTTACG-1,0,Monocytes_CD14,,Classical monocytes,Classical monocytes,0.9577530819540764
CACCTGTTCGTTTCTG-1,2,T_cells_general,,Tem/Effector helper T cells,Tcm/Naive helper T cells,0.9579596510532601
CACGCAATCAAAGGCA-1,4,Cytotoxic_T_NK,,Tem/Trm cytotoxic T cells,Tem/Trm cytotoxic T cells,0.9977591296013679
CACGCAATCAGTATTG-1,2,T_cells_general,,Tem/Effector helper T cells,Tcm/Naive helper T cells,0.9767197657905321
CACGCAATCGGTTTGG-1,5,Cytotoxic_T_NK,,CD16+ NK cells,CD16+ NK cells,0.9998918087430241
CACGCAATCGTAACGT-1,0,Monocytes_CD14,,Classical monocytes,Classical monocytes,0.9999852202206058
CACGCAATCTCACTAT-1,3,CD4_T_cells,,Tcm/Naive cytotoxic T cells,Tcm/Naive cytotoxic T cells,0.9896752444211838
CACGCAATCTGTGCCT-1,2,T_cells_general,,Tcm/Naive helper T cells,Tcm/Naive helper T cells,0.9993460014900869
CACGCTAAGACAACAG-1,3,CD4_T_cells,,Tcm/Naive cytotoxic T cells,Tcm/Naive cytotoxic T cells,0.9993989374091066
CACGCTAAGCGATAAG-1,4,Cytotoxic_T_NK,,Tem/Temra cytotoxic T cells,Tem/Temra cytotoxic T cells,0.5157641111965621
CACGCTAAGTTACCGG-1,0,Monocytes_CD14,,Classical monocytes,Classical monocytes,0.9985149132574335
CACGCTAAGTTAGCCG-1,0,Monocytes_CD14,,Classical monocytes,Classical monocytes,0.9994891652431296
CACTAAGGTCCGCTGT-1,1,CD4_T_cells,,Tcm/Naive helper T cells,Tcm/Naive helper T cells,0.9996057998260474
CACTAGCCAATAATGG-1,3,CD4_T_cells,,Tcm/Naive cytotoxic T cells,Tcm/Naive cytotoxic T cells,0.9968569222910159
CACTAGCCACAGAACG-1,0,Monocytes_CD14,,Classical monocytes,Classical monocytes,0.999923140959176
CACTAGCCAGCAACCT-1,1,CD4_T_cells,,Tcm/Naive helper T cells,Tcm/Naive helper T cells,0.9954254269872104
CACTAGCCATTGCGGT-1,0,Monocytes_CD14,,Classical monocytes,Classical monocytes,0.9647327298507757
CACTGACCAACTAGGG-1,3,CD4_T_cells,,Tcm/Naive cytotoxic T cells,Tcm/Naive cytotoxic T cells,0.9987937145233701
CACTGACCACGTAATT-1,2,T_cells_general,,Tcm/Naive helper T cells,Tem/Effector helper T cells,0.9995615939988327
CACTGACCACTGGCCA-1,3,CD4_T_cells,,Tcm/Naive cytotoxic T cells,Tcm/Naive cytotoxic T cells,0.987502739199611
CACTGACCAGGACCAA-1,0,Monocytes_CD14,,Classical monocytes,Classical monocytes,0.999419610355393
CACTGACCATCAATCG-1,0,Monocytes_CD14,,Classical monocytes,Classical monocytes,0.999998427570648
CACTTAAAGCACAGAA-1,1,CD4_T_cells,,Tcm/Naive helper T cells,Tcm/Naive helper T cells,0.9997983352863352
CACTTAAAGGTGAAAT-1,2,T_cells_general,,Tem/Effector helper T cells,Tem/Effector helper T cells,0.5760847330555012
CACTTTGTCACACAGT-1,7,Monocytes_general,,Non-classical monocytes,Non-classical monocytes,0.999390404546509
CAGAACCGTATTACCC-1,0,Monocytes_CD14,,Classical monocytes,Classical monocytes,0.9999810898429908
CAGAACCGTGCAATAT-1,1,CD4_T_cells,,Tcm/Naive helper T cells,Tcm/Naive helper T cells,0.9999425093650298
CAGAACCGTTAGCCAA-1,2,T_cells_general,,Tcm/Naive helper T cells,Tcm/Naive helper T cells,0.9845741102089902
CAGAATCTCAGAAACG-1,3,CD4_T_cells,,Tcm/Naive helper T cells,Tcm/Naive cytotoxic T cells,0.9168186452601212
CAGAATCTCAGCCAAT-1,4,Cytotoxic_T_NK,,CD16+ NK cells,Tem/Temra cytotoxic T cells,0.9932260142829663
CAGAATCTCAGGAAGC-1,1,CD4_T_cells,,Tcm/Naive helper T cells,Tcm/Naive helper T cells,0.9998327506696124
CAGAATCTCGTTCACC-1,2,T_cells_general,,Tcm/Naive helper T cells,Tcm/Naive helper T cells,0.994236957767521
CAGAATCTCTCCATGC-1,1,CD4_T_cells,,Tcm/Naive helper T cells,Tcm/Naive helper T cells,0.9999901178937449
CAGATTCAGATGGACA-1,0,Monocytes_CD14,,Classical monocytes,Classical monocytes,0.9917465031222086
CAGCAAGCAATCCTAG-1,3,CD4_T_cells,,Tcm/Naive helper T cells,Tcm/Naive cytotoxic T cells,0.9599645617835875
CAGCATGTCACGCATG-1,3,CD4_T_cells,,Tcm/Naive cytotoxic T cells,Tcm/Naive cytotoxic T cells,0.9962242805784067
CAGCATGTCATAACCA-1,1,CD4_T_cells,,Tcm/Naive helper T cells,Tcm/Naive helper T cells,0.9981022106326561
CAGCATGTCCTCATGC-1,0,Monocytes_CD14,,Non-classical monocytes,Classical monocytes,0.9565653913730137
CAGCATTAGCCTTAAA-1,6,B_cells,,Age-associated B cells,Age-associated B cells,0.96740204036327
CAGCATTAGCGAGCGA-1,0,Monocytes_CD14,,Classical monocytes,Classical monocytes,0.9972392059879576
CAGCATTAGTCGCAAT-1,4,Cytotoxic_T_NK,,Tem/Temra cytotoxic T cells,Tem/Temra cytotoxic T cells,0.987977916137055
CAGCATTAGTGAACCT-1,1,CD4_T_cells,,Tcm/Naive helper T cells,Tcm/Naive helper T cells,0.9997397161519399
CAGCCAATCCCATAGG-1,2,T_cells_general,,Tcm/Naive helper T cells,Tcm/Naive helper T cells,0.719676724809583
CAGCCAATCGTTAGTA-1,7,Monocytes_general,,Non-classical monocytes,Non-classical monocytes,0.9999982494049203
CAGCCAATCTGCAACG-1,3,CD4_T_cells,,Tcm/Naive cytotoxic T cells,Tcm/Naive cytotoxic T cells,0.99390971061375
CAGCCAATCTTTGACT-1,1,CD4_T_cells,,Tcm/Naive helper T cells,Tcm/Naive helper T cells,0.9811982029111688
CAGCCTAAGCTATGAC-1,2,T_cells_general,,Tcm/Naive helper T cells,Tcm/Naive helper T cells,0.9860525159481804
CAGCCTAAGCTCCTTA-1,0,Monocytes_CD14,,Classical monocytes,Classical monocytes,0.9996877379821503
CAGCCTAAGGCCTGGT-1,0,Monocytes_CD14,,Classical monocytes,Classical monocytes,0.9999910396372153
CAGCCTAAGGTTTGAC-1,8,B_cells,,Naive B cells,Naive B cells,0.9999999591045913
CAGCCTAAGTTTAACG-1,6,B_cells,,Memory B cells,Memory B cells,0.9640094580236981
CAGCCTTTCATGAGCT-1,1,CD4_T_cells,,Tcm/Naive helper T cells,Tcm/Naive helper T cells,0.9999291519264312
CAGCCTTTCTCACAAA-1,0,Monocytes_CD14,,Classical monocytes,Classical monocytes,0.9999674273036084
CAGCTAAGTGACCTGG-1,0,Monocytes_CD14,,Classical monocytes,Classical monocytes,0.9716499834989346
CAGCTAAGTGTGCACG-1,0,Monocytes_CD14,,Classical monocytes,Classical monocytes,0.9967854698202692
CAGCTAAGTTGCTGGG-1,2,T_cells_general,,Tem/Effector helper T cells,Tcm/Naive helper T cells,0.9956648579324474
CAGCTAAGTTGCTTCG-1,3,CD4_T_cells,,Tcm/Naive cytotoxic T cells,Tcm/Naive cytotoxic T cells,0.7444107183057078
CAGCTAAGTTGTAACG-1,0,Monocytes_CD14,,Classical monocytes,Classical monocytes,0.9890879357519899
CAGCTATAGCCAGTAT-1,0,Monocytes_CD14,,Classical monocytes,Classical monocytes,0.999980187301769
CAGCTATAGCTCCCTG-1,3,CD4_T_cells,,Tcm/Naive helper T cells,Tcm/Naive helper T cells,0.8728192645924594
CAGCTATAGCTGGCTA-1,0,Monocytes_CD14,,Classical monocytes,Classical monocytes,0.9996759092078252
CAGCTATAGCTTAGTA-1,0,Monocytes_CD14,,Classical monocytes,Classical monocytes,0.99997893152188
CAGCTATAGGCAACAA-1,0,Monocytes_CD14,,Classical monocytes,Classical monocytes,0.9999778343858313
CAGCTATAGGGTTATC-1,2,T_cells_general,,Tcm/Naive helper T cells,Tcm/Naive helper T cells,0.964060780090549
CAGCTATAGTACTGGT-1,7,Monocytes_general,,Non-classical monocytes,Non-classical monocytes,0.9999910372073282
CAGCTATAGTAGCTTA-1,4,Cytotoxic_T_NK,,CD8a/a,CD8a/a,0.6838102055994557
CAGCTATAGTGAGCAA-1,3,CD4_T_cells,,Tcm/Naive cytotoxic T cells,Tcm/Naive cytotoxic T cells,0.5479137088016279
CAGCTATAGTGATTCA-1,0,Monocytes_CD14,,Classical monocytes,Classical monocytes,0.8310792365101506
CAGCTATAGTTGGCCA-1,0,Monocytes_CD14,,Classical monocytes,Classical monocytes,0.9990354523559754
CAGCTATAGTTGTCCC-1,7,Monocytes_general,,Non-classical monocytes,Non-classical monocytes,0.9999999532733739
CAGCTCAAGAACCTAC-1,0,Monocytes_CD14,,Classical monocytes,Classical monocytes,0.6633852894867801
CAGCTCAAGCCTGGTA-1,3,CD4_T_cells,,Tcm/Naive cytotoxic T cells,Tcm/Naive cytotoxic T cells,0.9726446715398939
CAGCTCAAGGGTGAAC-1,0,Monocytes_CD14,,Classical monocytes,Classical monocytes,0.9861026260952316
CAGCTCAAGTGAACCT-1,2,T_cells_general,,Tem/Effector helper T cells,Tem/Effector helper T cells,0.9623818417233931
CAGGAAGGTAACGTGC-1,4,Cytotoxic_T_NK,,CD16+ NK cells,Tem/Temra cytotoxic T cells,0.3680837089363454
CAGGAAGGTAATGACT-1,6,B_cells,,Memory B cells,Naive B cells,0.3720586283709348
CAGGAAGGTACCCACC-1,6,B_cells,,Memory B cells,Memory B cells,0.9999995704593447
CAGGAAGGTCATCAAG-1,1,CD4_T_cells,,Tcm/Naive helper T cells,Tcm/Naive helper T cells,0.9919510469646321
CAGGAAGGTGAACAAA-1,6,B_cells,,Memory B cells,Memory B cells,0.4252770387335708
CAGGAAGGTTAATCGG-1,0,Monocytes_CD14,,Classical monocytes,Classical monocytes,0.9428546162350162
CAGGAAGGTTATCCTA-1,2,T_cells_general,,Tcm/Naive helper T cells,Tcm/Naive helper T cells,0.9572410200384645
CAGGAAGGTTCTTTAG-1,2,T_cells_general,,Tcm/Naive helper T cells,Tem/Effector helper T cells,0.22314955192396368
CAGGAAGGTTGCACAA-1,6,B_cells,,Memory B cells,Memory B cells,0.9999996014009945
CAGGAAGGTTGTAACG-1,2,T_cells_general,,Tem/Effector helper T cells,Tem/Effector helper T cells,0.91354769798935
CAGGACACAACAGGAT-1,5,Cytotoxic_T_NK,,CD16- NK cells,CD16+ NK cells,0.0736744112726204
CAGGACACAACCCTAA-1,3,CD4_T_cells,,Tcm/Naive cytotoxic T cells,Tcm/Naive cytotoxic T cells,0.979881554929708
CAGGACACAATTTAGC-1,0,Monocytes_CD14,,Classical monocytes,Classical monocytes,0.9999917773750218
CAGGACACACTAAATC-1,0,Monocytes_CD14,,Classical monocytes,Classical monocytes,0.9995731740628674
CAGGACACACTTAGGC-1,0,Monocytes_CD14,,Classical monocytes,Classical monocytes,0.9999196683773368
CAGGACACAGGCCTTG-1,0,Monocytes_CD14,,Classical monocytes,Classical monocytes,0.992234452554646
CAGGACACAGGGAGGA-1,1,CD4_T_cells,,Tcm/Naive helper T cells,Tcm/Naive helper T cells,0.9998875089668796
CAGGACACAGTTTCTC-1,2,T_cells_general,,Tcm/Naive helper T cells,Tcm/Naive helper T cells,0.3624020280919984
CAGGACACATGAATCT-1,0,Monocytes_CD14,,Classical monocytes,Classical monocytes,0.8298843939374259
CAGGACACATTGACAT-1,0,Monocytes_CD14,,Classical monocytes,Classical monocytes,0.9996324128662943
CAGGACACATTTGCTC-1,0,Monocytes_CD14,,Classical monocytes,Classical monocytes,0.990086321733334
CAGGACCTCACGTTAA-1,1,CD4_T_cells,,Tcm/Naive helper T cells,Tcm/Naive helper T cells,0.9999975905326857
CAGGACCTCATAACTG-1,8,B_cells,,Naive B cells,Naive B cells,0.9999998660492795
CAGGACCTCCAAGTTA-1,5,Cytotoxic_T_NK,,CD16+ NK cells,CD16+ NK cells,0.9877194933711066
CAGGACCTCCCGTTTA-1,0,Monocytes_CD14,,Classical monocytes,Classical monocytes,0.9997029889169963
CAGGACCTCGCAGGCT-1,5,Cytotoxic_T_NK,,CD16+ NK cells,CD16+ NK cells,0.9964705267199202
CAGGACCTCGCTCACT-1,1,CD4_T_cells,,Tcm/Naive helper T cells,Tcm/Naive helper T cells,0.9923410000973171
CAGGACCTCTCACACC-1,0,Monocytes_CD14,,Classical monocytes,Classical monocytes,0.9999664806502032
CAGGATGCACATACTG-1,2,T_cells_general,,Tcm/Naive helper T cells,Tcm/Naive helper T cells,0.3002305777982085
CAGGATGCAGAAATTG-1,1,CD4_T_cells,,Tcm/Naive helper T cells,Tcm/Naive helper T cells,0.9999717629469754
CAGGATGCATCCTGAA-1,0,Monocytes_CD14,,Classical monocytes,Classical monocytes,0.975176091898609
CAGGCTATCACCGGTA-1,0,Monocytes_CD14,,Classical monocytes,Classical monocytes,0.9997249205319833
CAGGCTATCAGGAACA-1,1,CD4_T_cells,,Tcm/Naive helper T cells,Tcm/Naive helper T cells,0.9998532734002022
CAGGCTATCCCGCCTA-1,0,Monocytes_CD14,,Classical monocytes,Classical monocytes,0.9997275479763849
CAGGCTATCCTGGTCT-1,2,T_cells_general,,Tcm/Naive helper T cells,Tcm/Naive helper T cells,0.98316099669505
CAGGCTATCGAAGTAG-1,2,T_cells_general,,Tcm/Naive helper T cells,Tcm/Naive helper T cells,0.979591241967977
CAGGCTATCGTTAAGC-1,1,CD4_T_cells,,Tcm/Naive helper T cells,Tcm/Naive helper T cells,0.969880465947405
CAGGCTATCTTACTCG-1,8,B_cells,,Naive B cells,Naive B cells,0.9999999999604465
CAGGCTGGTAATGACT-1,0,Monocytes_CD14,,Classical monocytes,Classical monocytes,0.9999758644884204
CAGGCTGGTACGCGCA-1,8,B_cells,,Naive B cells,Naive B cells,0.9999999999956615
CAGGCTGGTCACAAAT-1,4,Cytotoxic_T_NK,,Tem/Temra cytotoxic T cells,Tem/Temra cytotoxic T cells,0.9894734719202682
CAGGCTGGTCGCAAAC-1,0,Monocytes_CD14,,Classical monocytes,Classical monocytes,0.9998573642256243
CAGGCTGGTTAGCAGC-1,2,T_cells_general,,Tcm/Naive helper T cells,Tcm/Naive helper T cells,0.9859066631436884
CAGGCTGGTTCACTGT-1,0,Monocytes_CD14,,Classical monocytes,Classical monocytes,0.9976506452515471
CAGGCTGGTTTGTCTA-1,1,CD4_T_cells,,Tcm/Naive helper T cells,Tcm/Naive helper T cells,0.9999842857129848
CAGGGCTTCAATGACC-1,3,CD4_T_cells,,Tcm/Naive cytotoxic T cells,Tcm/Naive cytotoxic T cells,0.9996574937564817
CAGGGCTTCCAATTAG-1,1,CD4_T_cells,,Tcm/Naive helper T cells,Tcm/Naive helper T cells,0.9999864631304117
CAGGGCTTCCCATAGG-1,3,CD4_T_cells,,Tcm/Naive helper T cells,Tcm/Naive cytotoxic T cells,0.6458964792425376
CAGGGCTTCCCGAACA-1,0,Monocytes_CD14,,Classical monocytes,Classical monocytes,0.9931616332889518
CAGGGCTTCGCTTCTA-1,3,CD4_T_cells,,Tcm/Naive cytotoxic T cells,Tcm/Naive cytotoxic T cells,0.997899258302519
CAGGGCTTCGGGACTC-1,4,Cytotoxic_T_NK,,Tem/Trm cytotoxic T cells,Tem/Temra cytotoxic T cells,0.9816123518522882
CAGGGTGAGGCGGGTA-1,4,Cytotoxic_T_NK,,Tem/Trm cytotoxic T cells,Tem/Temra cytotoxic T cells,0.9955033602342213
CAGGTCCAGCACAGGG-1,0,Monocytes_CD14,,Classical monocytes,Classical monocytes,0.9999696793066271
CAGGTCCAGCTTAACA-1,1,CD4_T_cells,,Tcm/Naive helper T cells,Tcm/Naive helper T cells,0.9998183902977467
CAGGTCCAGGCAATAG-1,0,Monocytes_CD14,,Classical monocytes,Classical monocytes,0.9995640717601717
CAGGTCCAGTTGGATC-1,2,T_cells_general,,Tem/Effector helper T cells,Tem/Effector helper T cells,0.9139175929528334
CAGGTCCAGTTTGGGT-1,4,Cytotoxic_T_NK,,Tem/Temra cytotoxic T cells,Tem/Temra cytotoxic T cells,0.9994741548603527
CAGGTGGAGCTTATGA-1,3,CD4_T_cells,,Tcm/Naive cytotoxic T cells,Tcm/Naive cytotoxic T cells,0.9899786159028119
CAGGTGGAGGACAACA-1,2,T_cells_general,,Tcm/Naive helper T cells,Regulatory T cells,0.46590082839516805
CAGGTGGAGGAGCAAC-1,3,CD4_T_cells,,Tcm/Naive helper T cells,Tcm/Naive cytotoxic T cells,0.9764012725782251
CAGGTGGAGGAGCACG-1,12,Stress_response,,HSC/MPP,HSC/MPP,0.5864902999425332
CAGGTGGAGGCGCACT-1,7,Monocytes_general,,Non-classical monocytes,Non-classical monocytes,0.9998085467535581
CAGGTGGAGTTAGACC-1,5,Cytotoxic_T_NK,,CD16+ NK cells,CD16+ NK cells,0.9998824589691808
CAGGTTAGTACCCACC-1,0,Monocytes_CD14,,Classical monocytes,Classical monocytes,0.9999838385311677
CAGGTTAGTAGGATTT-1,2,T_cells_general,,Tcm/Naive helper T cells,Tcm/Naive helper T cells,0.733423014350239
CAGGTTAGTATTGAGT-1,7,Monocytes_general,,Non-classical monocytes,Non-classical monocytes,0.999997619483633
CAGGTTAGTCCAAATG-1,3,CD4_T_cells,,Tcm/Naive helper T cells,Tcm/Naive cytotoxic T cells,0.994665848980849
CAGGTTAGTCCCGAAG-1,2,T_cells_general,,Regulatory T cells,Regulatory T cells,0.9999811425093278
CAGGTTAGTTCCTCCT-1,0,Monocytes_CD14,,Classical monocytes,Classical monocytes,0.9969001770933511
CAGGTTTAGAATCGCT-1,0,Monocytes_CD14,,Classical monocytes,Classical monocytes,0.9993649454821134
CAGGTTTAGCCAAATC-1,3,CD4_T_cells,,Tcm/Naive cytotoxic T cells,Tcm/Naive cytotoxic T cells,0.9951563457885811
CAGGTTTAGCTTAGTA-1,5,Cytotoxic_T_NK,,Classical monocytes,CD16+ NK cells,0.08748179407527944
CAGGTTTAGTCGCAAT-1,3,CD4_T_cells,,Tcm/Naive cytotoxic T cells,Tcm/Naive cytotoxic T cells,0.9652881566481163
CAGGTTTAGTTGTCCC-1,1,CD4_T_cells,,Tcm/Naive helper T cells,Tcm/Naive helper T cells,0.9999351599096434
CAGTACCCAAGGTACG-1,0,Monocytes_CD14,,Classical monocytes,Classical monocytes,0.991459887466454
CAGTACCCACTCAACA-1,0,Monocytes_CD14,,Classical monocytes,Classical monocytes,0.8345520481353729
CAGTATGGTATGTGGC-1,2,T_cells_general,,Tcm/Naive helper T cells,Tcm/Naive helper T cells,0.9985835328193343
CAGTATGGTATTTGGG-1,0,Monocytes_CD14,,Classical monocytes,Classical monocytes,0.9999958777261323
CAGTATGGTCATGAGC-1,4,Cytotoxic_T_NK,,Tem/Temra cytotoxic T cells,Tem/Temra cytotoxic T cells,0.9987376195582116
CAGTATGGTCCGTAGG-1,6,B_cells,,Memory B cells,Memory B cells,0.999791878856003
CAGTATGGTCTTTATG-1,0,Monocytes_CD14,,Classical monocytes,Classical monocytes,0.9992043525938482
CAGTATGGTGCCGCAA-1,7,Monocytes_general,,Non-classical monocytes,Non-classical monocytes,0.9999962046442635
CATAACGGTCGCATAA-1,10,Cytotoxic_T_NK,,MAIT cells,MAIT cells,0.9999885178407103
CATAAGCTCAAAGGCA-1,0,Monocytes_CD14,,Classical monocytes,Classical monocytes,0.99999974744619
CATAAGCTCAGCACCA-1,2,T_cells_general,,Tem/Effector helper T cells,Tcm/Naive helper T cells,0.7449574118370961
CATAAGCTCTAGCGTG-1,1,CD4_T_cells,,Tcm/Naive helper T cells,Tcm/Naive helper T cells,0.9999991620463397
CATAAGCTCTCGCCTG-1,1,CD4_T_cells,,Regulatory T cells,Tcm/Naive helper T cells,0.0700556237342713
CATAAGCTCTGTAATG-1,3,CD4_T_cells,,Tcm/Naive cytotoxic T cells,Tcm/Naive cytotoxic T cells,0.8577455887587057
CATAAGCTCTTAATGG-1,1,CD4_T_cells,,Tcm/Naive helper T cells,Tcm/Naive helper T cells,0.9999830302298712
CATAAGCTCTTGGACG-1,1,CD4_T_cells,,Tcm/Naive helper T cells,Tcm/Naive helper T cells,0.9999925191060469
CATAATCCAATCGCAC-1,10,Cytotoxic_T_NK,,MAIT cells,MAIT cells,0.9985411619435751
CATAATCCAATTATGC-1,1,CD4_T_cells,,Tcm/Naive helper T cells,Tcm/Naive helper T cells,0.9964676421161036
CATAATCCAGTTAAAG-1,4,Cytotoxic_T_NK,,Tem/Temra cytotoxic T cells,Tem/Temra cytotoxic T cells,0.9999452818443029
CATAATGTCAGGTTTA-1,0,Monocytes_CD14,,Classical monocytes,Classical monocytes,0.9999339000738604
CATAATGTCCTTCAAT-1,4,Cytotoxic_T_NK,,Tem/Trm cytotoxic T cells,Tem/Trm cytotoxic T cells,0.9750850022582591
CATAATGTCTAAGGAG-1,0,Monocytes_CD14,,Non-classical monocytes,Classical monocytes,0.9805047077149558
CATAATGTCTAAGGTC-1,5,Cytotoxic_T_NK,,CD16+ NK cells,CD16+ NK cells,0.9956155748662354
CATAGACTCAGCACCA-1,4,Cytotoxic_T_NK,,Tem/Temra cytotoxic T cells,Tem/Temra cytotoxic T cells,0.99021518132355
CATAGACTCAGCACGC-1,0,Monocytes_CD14,,Classical monocytes,Classical monocytes,0.9999484595970003
CATAGACTCCGCAACA-1,0,Monocytes_CD14,,Classical monocytes,Classical monocytes,0.9752519169246693
CATAGACTCCTCACTA-1,6,B_cells,,Memory B cells,Memory B cells,0.9998465572589031
CATAGACTCTAAGGAG-1,2,T_cells_general,,Tcm/Naive helper T cells,Tcm/Naive helper T cells,0.9159213226136784
CATAGACTCTCACTCA-1,2,T_cells_general,,Tcm/Naive helper T cells,Tcm/Naive helper T cells,0.9995061014884901
CATAGACTCTTGAGGT-1,2,T_cells_general,,Tcm/Naive helper T cells,Tcm/Naive helper T cells,0.8899909966466091
CATAGACTCTTGTCCA-1,4,Cytotoxic_T_NK,,Tem/Temra cytotoxic T cells,Tem/Temra cytotoxic T cells,0.9999621563547767
CATAGCTAGCAAGACA-1,2,T_cells_general,,Tcm/Naive helper T cells,Tem/Effector helper T cells,0.22474683877346294
CATAGCTAGCCATCAG-1,2,T_cells_general,,Tcm/Naive helper T cells,Tcm/Naive helper T cells,0.9640015959420635
CATAGCTAGCCTGGTA-1,2,T_cells_general,,Tem/Effector helper T cells,Tem/Effector helper T cells,0.24437628650071985
CATAGCTAGGTCGAGG-1,1,CD4_T_cells,,Tcm/Naive helper T cells,Tcm/Naive helper T cells,0.9838351846793486
CATAGCTAGTATCGCG-1,1,CD4_T_cells,,Tcm/Naive helper T cells,Tcm/Naive helper T cells,0.9997720103394729
CATAGCTAGTATGTGC-1,0,Monocytes_CD14,,Classical monocytes,Classical monocytes,0.9271239319734442
CATAGCTAGTGGCGGA-1,5,Cytotoxic_T_NK,,CD16+ NK cells,CD16+ NK cells,0.9976568026567942
CATAGGCGTATTGTGG-1,1,CD4_T_cells,,Tcm/Naive helper T cells,Tcm/Naive helper T cells,0.9999162340991307
CATAGGCGTGATGATT-1,1,CD4_T_cells,,Tcm/Naive helper T cells,Tcm/Naive helper T cells,0.999613120981595
CATAGGCGTTAGGATT-1,7,Monocytes_general,,Non-classical monocytes,Non-classical monocytes,0.9999997390295156
CATAGGCGTTCCGGGA-1,2,T_cells_general,,Tcm/Naive helper T cells,Tem/Effector helper T cells,0.988779240150664
CATAGGCGTTCGGTAA-1,4,Cytotoxic_T_NK,,Tem/Trm cytotoxic T cells,Tem/Trm cytotoxic T cells,0.6709235815701491
CATAGGCGTTTATCGC-1,3,CD4_T_cells,,Tcm/Naive cytotoxic T cells,Tcm/Naive cytotoxic T cells,0.9998867114109456
CATAGGTTCAGAAACG-1,0,Monocytes_CD14,,Classical monocytes,Classical monocytes,0.9908042445195493
CATAGGTTCAGGAAGC-1,5,Cytotoxic_T_NK,,CD16+ NK cells,CD16+ NK cells,0.9999892289454132
CATAGGTTCATTACAG-1,3,CD4_T_cells,,Tcm/Naive cytotoxic T cells,Tcm/Naive cytotoxic T cells,0.9994855429515921
CATAGGTTCCCTGATC-1,3,CD4_T_cells,,Tcm/Naive cytotoxic T cells,Tcm/Naive cytotoxic T cells,0.9746485083852546
CATAGGTTCCTTTACG-1,3,CD4_T_cells,,Tcm/Naive cytotoxic T cells,Tcm/Naive cytotoxic T cells,0.9996920638769562
CATAGGTTCGAGGAAC-1,0,Monocytes_CD14,,Classical monocytes,Classical monocytes,0.9999784277462165
CATAGGTTCGCAACAT-1,4,Cytotoxic_T_NK,,Tem/Temra cytotoxic T cells,Tem/Trm cytotoxic T cells,0.8595376162992502
CATAGGTTCTGTGAGT-1,1,CD4_T_cells,,Tcm/Naive helper T cells,Tcm/Naive helper T cells,0.8287886206259529
CATAGGTTCTTAGGGT-1,4,Cytotoxic_T_NK,,Tem/Trm cytotoxic T cells,Tem/Temra cytotoxic T cells,0.8683486590079078
CATATCGCAAACTCAT-1,3,CD4_T_cells,,Tcm/Naive helper T cells,Tcm/Naive cytotoxic T cells,0.7358427234161705
CATATCGCAACAGGAT-1,4,Cytotoxic_T_NK,,Tem/Temra cytotoxic T cells,Tem/Temra cytotoxic T cells,0.9826880361135208
CATATCGCAATAGTCT-1,0,Monocytes_CD14,,Classical monocytes,Classical monocytes,0.9999947464846412
CATATCGCACAAGCCT-1,11,pDC,,pDC,pDC,0.9999999999998024
CATATCGCATAGCTTG-1,7,Monocytes_general,,Non-classical monocytes,Non-classical monocytes,0.9450353101260938
CATATCGCATCCATCT-1,3,CD4_T_cells,,Tcm/Naive cytotoxic T cells,Tcm/Naive cytotoxic T cells,0.9953850160152857
CATATCGCATGCTCCC-1,1,CD4_T_cells,,Tcm/Naive helper T cells,Tcm/Naive helper T cells,0.9999910170976651
CATATCGCATGTTGGC-1,3,CD4_T_cells,,Tcm/Naive cytotoxic T cells,Tcm/Naive cytotoxic T cells,0.9951603764764435
CATATCGCATTGACAT-1,0,Monocytes_CD14,,Classical monocytes,Classical monocytes,0.9999189582381114
CATATCGCATTGCAGC-1,9,Monocytes_general,,DC2,DC2,0.9998471720324213
CATATCGCATTGTTGG-1,2,T_cells_general,,Cycling NK cells,Tem/Effector helper T cells,0.4978711046371523
CATCAATCAATGAATG-1,1,CD4_T_cells,,Tcm/Naive helper T cells,Tcm/Naive helper T cells,0.9936047833704499
CATCAATCATAATCAC-1,2,T_cells_general,,Regulatory T cells,Regulatory T cells,0.9999700250221614
CATCAATCATGCTCCC-1,2,T_cells_general,,Tcm/Naive helper T cells,Tcm/Naive helper T cells,0.9991440278541938
CATCACACACAAAGCG-1,0,Monocytes_CD14,,Classical monocytes,Classical monocytes,0.9933383401204566
CATCACACATTAAACC-1,4,Cytotoxic_T_NK,,Tem/Trm cytotoxic T cells,Tem/Temra cytotoxic T cells,0.9760207221096404
CATCAGCCAACTAACT-1,1,CD4_T_cells,,Tcm/Naive helper T cells,Tcm/Naive helper T cells,0.9859315640179158
CATCAGCCAAGACTCC-1,2,T_cells_general,,Tem/Effector helper T cells,Tem/Effector helper T cells,0.8299636470363956
CATCAGCCACTCAACA-1,0,Monocytes_CD14,,Classical monocytes,Classical monocytes,0.9999973734329319
CATCAGCCAGGTATTT-1,2,T_cells_general,,Tem/Effector helper T cells,Tem/Effector helper T cells,0.26565185934068186
CATCAGCCAGGTTACC-1,0,Monocytes_CD14,,Classical monocytes,Classical monocytes,0.8723001058426003
CATCAGCCATTAAGTC-1,2,T_cells_general,,Tem/Trm cytotoxic T cells,Tcm/Naive helper T cells,0.5802708420343253
CATCATAAGACACTTA-1,4,Cytotoxic_T_NK,,Tem/Temra cytotoxic T cells,Tem/Temra cytotoxic T cells,0.90674090315206
CATCATAAGCATTTCT-1,1,CD4_T_cells,,Tcm/Naive helper T cells,Tcm/Naive helper T cells,0.9999998713548189
CATCATAAGCTAATCA-1,4,Cytotoxic_T_NK,,CD16+ NK cells,Tem/Temra cytotoxic T cells,0.8249859329445707
CATCATAAGGATCACT-1,2,T_cells_general,,Tem/Effector helper T cells,Tem/Effector helper T cells,0.12998046952584988
CATCATGCAAACGCGA-1,6,B_cells,,Memory B cells,Memory B cells,0.9999054617712125
CATCATGCAAGCTTTG-1,1,CD4_T_cells,,Tcm/Naive helper T cells,Tcm/Naive helper T cells,0.9995846277108174
CATCATGCAATGCCCG-1,0,Monocytes_CD14,,Classical monocytes,Classical monocytes,0.9999669708216401
CATCATGCACCCACAG-1,4,Cytotoxic_T_NK,,Tem/Temra cytotoxic T cells,Tem/Temra cytotoxic T cells,0.9924266722112434
CATCATGCACTTGTTC-1,0,Monocytes_CD14,,Classical monocytes,Classical monocytes,0.9977501415794484
CATCCCAGTAAGTCGC-1,2,T_cells_general,,Tcm/Naive helper T cells,Tcm/Naive helper T cells,0.9999834670651173
CATCCCAGTCAATAGT-1,3,CD4_T_cells,,Tcm/Naive cytotoxic T cells,Tcm/Naive cytotoxic T cells,0.9984639818319666
CATCCCAGTCTCAGCC-1,6,B_cells,,Memory B cells,Memory B cells,0.9996002566851255
CATCCCAGTGCTCCGT-1,0,Monocytes_CD14,,Classical monocytes,Classical monocytes,0.9995563764300063
CATCCCAGTGTTAGCA-1,3,CD4_T_cells,,Tcm/Naive helper T cells,Tcm/Naive cytotoxic T cells,0.9848046264593728
CATCCTCAGGACCGCT-1,0,Monocytes_CD14,,Classical monocytes,Classical monocytes,0.3134806148826411
CATCCTCAGGAGCAAC-1,8,B_cells,,Naive B cells,Naive B cells,0.9999999995705899
CATCCTCAGGAGCACG-1,3,CD4_T_cells,,Tcm/Naive helper T cells,Tcm/Naive cytotoxic T cells,0.6864721611076482
CATCCTCAGGTGTTAC-1,2,T_cells_general,,Tem/Effector helper T cells,Tcm/Naive helper T cells,0.9767225425903996
CATCCTGGTAGTTAAC-1,3,CD4_T_cells,,Tcm/Naive cytotoxic T cells,Tcm/Naive cytotoxic T cells,0.9978140567945103
CATCCTGGTCCGCTGT-1,10,Cytotoxic_T_NK,,MAIT cells,MAIT cells,0.9996016560032304
CATCCTGGTTGGATAT-1,0,Monocytes_CD14,,Classical monocytes,Classical monocytes,0.9998774351589049
CATCCTGGTTTAGTCC-1,9,Monocytes_general,,DC2,DC2,0.9997018670287842
CATCCTTCAAATACCT-1,1,CD4_T_cells,,Tcm/Naive helper T cells,Tcm/Naive helper T cells,0.9972717011400284
CATCCTTCAGCAACCT-1,0,Monocytes_CD14,,Classical monocytes,Classical monocytes,0.9997993657773273
CATCCTTCATCCAGGT-1,1,CD4_T_cells,,Tcm/Naive helper T cells,Tcm/Naive helper T cells,0.7640551599635452
CATCCTTCATGTCGCG-1,0,Monocytes_CD14,,Classical monocytes,Classical monocytes,0.9939005830035601
CATCGCTTCCTCAGTC-1,2,T_cells_general,,Tem/Effector helper T cells,Tem/Effector helper T cells,0.11611790390598685
CATCGCTTCCTTAAGA-1,7,Monocytes_general,,Non-classical monocytes,Non-classical monocytes,0.9683606015018192
CATCGCTTCGCAAACT-1,4,Cytotoxic_T_NK,,Tem/Trm cytotoxic T cells,Tem/Temra cytotoxic T cells,0.38505006691112176
CATCGCTTCGGCTATG-1,4,Cytotoxic_T_NK,,CD16+ NK cells,Tem/Temra cytotoxic T cells,0.6969273698557191
CATCGCTTCGTAACGT-1,1,CD4_T_cells,,Tcm/Naive helper T cells,Tcm/Naive helper T cells,0.9999092453939711
CATCGCTTCTTGAGCG-1,0,Monocytes_CD14,,Classical monocytes,Classical monocytes,0.7456632935265437
CATCGCTTCTTGTCCA-1,0,Monocytes_CD14,,Classical monocytes,Classical monocytes,0.9998699385867075
CATGAGGCAACAGCCT-1,4,Cytotoxic_T_NK,,Tem/Temra cytotoxic T cells,Tem/Temra cytotoxic T cells,0.998428514082948
CATGAGGCAACTAGCC-1,0,Monocytes_CD14,,Classical monocytes,Classical monocytes,0.9974450471659627
CATGAGGCAAGCTTAT-1,1,CD4_T_cells,,Tcm/Naive helper T cells,Tcm/Naive helper T cells,0.7879033674197933
CATGAGGCAAGGGTTG-1,7,Monocytes_general,,Non-classical monocytes,Non-classical monocytes,0.9999959367456308
CATGAGGCATAACGGG-1,10,Cytotoxic_T_NK,,MAIT cells,MAIT cells,0.9996808291130664
CATGAGGCATAGACTT-1,0,Monocytes_CD14,,Classical monocytes,Classical monocytes,0.9992712781603883
CATGAGGCATGTTGCA-1,2,T_cells_general,,Tcm/Naive helper T cells,Tcm/Naive helper T cells,0.9992807908736823
CATGAGGCATTGTGCA-1,1,CD4_T_cells,,Tcm/Naive helper T cells,Tcm/Naive helper T cells,0.9999640174863298
CATGCAAGTTTATCTG-1,1,CD4_T_cells,,Tcm/Naive helper T cells,Tcm/Naive helper T cells,0.9993918948586704
CATGCAAGTTTGGGTA-1,0,Monocytes_CD14,,Classical monocytes,Classical monocytes,0.9999998410557229
CATGCATAGCGAGTAA-1,2,T_cells_general,,Tem/Effector helper T cells,Tem/Effector helper T cells,0.9645102415026199
CATGCATAGCTTAGCG-1,0,Monocytes_CD14,,Classical monocytes,Classical monocytes,0.9999549436163753
CATGCATAGCTTCCCG-1,6,B_cells,,Naive B cells,Age-associated B cells,0.9978467398741424
CATGCATAGGGCTTTG-1,1,CD4_T_cells,,Tcm/Naive helper T cells,Tcm/Naive helper T cells,0.9999158357875259
CATGCATAGGTGAAAT-1,1,CD4_T_cells,,Tcm/Naive helper T cells,Tcm/Naive helper T cells,0.9982762283243661
CATGCATAGTCATTGA-1,1,CD4_T_cells,,Tcm/Naive helper T cells,Tcm/Naive helper T cells,0.9429398700107161
CATGCATAGTGGACAA-1,0,Monocytes_CD14,,Classical monocytes,Classical monocytes,0.9999882144540139
CATGCATAGTGGCGGA-1,1,CD4_T_cells,,Tcm/Naive helper T cells,Tcm/Naive helper T cells,0.9998212065234667
CATGCATAGTTTGGGT-1,2,T_cells_general,,Tcm/Naive helper T cells,Tcm/Naive helper T cells,0.9978044409789237
CATGCGCAGATGGACA-1,0,Monocytes_CD14,,Classical monocytes,Classical monocytes,0.9880464315494591
CATGCGCAGCGTGCGT-1,1,CD4_T_cells,,Tcm/Naive helper T cells,Tcm/Naive helper T cells,0.7164360946671183
CATGCGCAGGTCCGTA-1,8,B_cells,,Naive B cells,Naive B cells,0.9999999940351212
CATGCGCAGTCTTGAA-1,8,B_cells,,Naive B cells,Naive B cells,0.9999999998139535
CATGCGGGTAGCTGGT-1,7,Monocytes_general,,Non-classical monocytes,Non-classical monocytes,0.9949568039849537
CATGCGGGTAGGATTT-1,0,Monocytes_CD14,,Classical monocytes,Classical monocytes,0.9999722626337606
CATGCGGGTAGGTTAT-1,7,Monocytes_general,,Non-classical monocytes,Non-classical monocytes,0.9999862561309277
CATGCGGGTGCTGGTG-1,1,CD4_T_cells,,Tcm/Naive helper T cells,Tcm/Naive helper T cells,0.9953018697492334
CATGCGGGTGGGAACA-1,6,B_cells,,Naive B cells,Memory B cells,0.351351324967082
CATGGCGGTAGTCAAT-1,0,Monocytes_CD14,,Classical monocytes,Classical monocytes,0.9956267696521361
CATGGCGGTAGTTACG-1,1,CD4_T_cells,,Tcm/Naive helper T cells,Tcm/Naive helper T cells,0.9999997920566371
CATGGCGGTTACAACG-1,1,CD4_T_cells,,Tcm/Naive helper T cells,Tcm/Naive helper T cells,0.9998439616162234
CATTATCTCAATCTCT-1,1,CD4_T_cells,,Tcm/Naive helper T cells,Tcm/Naive helper T cells,0.9998465586626808
CATTATCTCAATGAGG-1,3,CD4_T_cells,,Tcm/Naive cytotoxic T cells,Tcm/Naive cytotoxic T cells,0.9999009822541205
CATTATCTCACAAGCT-1,2,T_cells_general,,Tcm/Naive helper T cells,Tcm/Naive helper T cells,0.9996657506411116
CATTATCTCAGGTTTA-1,2,T_cells_general,,Tcm/Naive helper T cells,Tcm/Naive helper T cells,0.9669984771956422
CATTATCTCATTATGG-1,0,Monocytes_CD14,,Classical monocytes,Classical monocytes,0.9999958648365608
CATTATCTCCTGCGAA-1,0,Monocytes_CD14,,Classical monocytes,Classical monocytes,0.9999887477156174
CATTATCTCGCACAAT-1,5,Cytotoxic_T_NK,,CD16+ NK cells,CD16+ NK cells,0.9988279717154636
CATTATCTCGCCTAAG-1,1,CD4_T_cells,,Tem/Effector helper T cells,Tcm/Naive helper T cells,0.07592797492346029
CATTATGAGCAAGACA-1,2,T_cells_general,,Regulatory T cells,Tem/Effector helper T cells,0.15908464866396493
CATTATGAGCCGCAGT-1,3,CD4_T_cells,,Tcm/Naive cytotoxic T cells,Tcm/Naive cytotoxic T cells,0.9735972178966691
CATTATGAGGCTACAT-1,6,B_cells,,Memory B cells,Age-associated B cells,0.9566278244940712
CATTATGAGGGACCTC-1,2,T_cells_general,,Regulatory T cells,Regulatory T cells,0.999845004163258
CATTATGAGTGCACGC-1,4,Cytotoxic_T_NK,,Tcm/Naive cytotoxic T cells,Tem/Trm cytotoxic T cells,0.874690335289093
CATTATGAGTTCCCAC-1,0,Monocytes_CD14,,Classical monocytes,Classical monocytes,0.9702065250793825
CATTCATTCAAACACC-1,0,Monocytes_CD14,,Classical monocytes,Classical monocytes,0.999848278126458
CATTCATTCAGGCTAT-1,0,Monocytes_CD14,,Classical monocytes,Classical monocytes,0.9994100068225892
CATTCATTCCGCAAAT-1,0,Monocytes_CD14,,Classical monocytes,Classical monocytes,0.8367586717667669
CATTCATTCTCACTCA-1,0,Monocytes_CD14,,Classical monocytes,Classical monocytes,0.9937822295984258
CATTCCTCAACAGGTG-1,1,CD4_T_cells,,Tcm/Naive helper T cells,Tcm/Naive helper T cells,0.9999989512561102
CATTCCTCAATAACCT-1,7,Monocytes_general,,Non-classical monocytes,Non-classical monocytes,0.9999992282429254
CATTCCTCACCTCAGG-1,0,Monocytes_CD14,,Classical monocytes,Classical monocytes,0.9999840765811104
CATTCCTCACCTGGTG-1,2,T_cells_general,,Tcm/Naive helper T cells,Tcm/Naive helper T cells,0.5616126393319607
CATTCCTCAGAAATTG-1,0,Monocytes_CD14,,Classical monocytes,Classical monocytes,0.07517200073712296
CATTCCTCAGCTAATT-1,1,CD4_T_cells,,Tcm/Naive helper T cells,Tcm/Naive helper T cells,0.9999883045966179
CATTCCTCATCACTTC-1,3,CD4_T_cells,,Tcm/Naive cytotoxic T cells,Tcm/Naive cytotoxic T cells,0.9982729551041142
CATTCCTCATCGCTCC-1,3,CD4_T_cells,,CD16+ NK cells,Tcm/Naive cytotoxic T cells,0.009901772267779083
CATTGCGAGACTTATG-1,1,CD4_T_cells,,Tcm/Naive helper T cells,Tcm/Naive helper T cells,0.9998428676250635
CATTGCGAGCACAGCC-1,6,B_cells,,Memory B cells,Memory B cells,0.9997460744696015
CATTGCGAGCACTTGG-1,8,B_cells,,Naive B cells,Naive B cells,0.9999997341962152
CATTGCGAGGCGAAAC-1,1,CD4_T_cells,,Tcm/Naive helper T cells,Tcm/Naive helper T cells,0.9988437846669078
CATTGCGAGTAAGAAC-1,0,Monocytes_CD14,,Classical monocytes,Classical monocytes,0.9999254118332239
CATTGCGAGTCATTTC-1,9,Monocytes_general,,DC2,DC2,0.999631735767616
CATTGCGAGTGGCGGA-1,3,CD4_T_cells,,Tcm/Naive helper T cells,Tcm/Naive cytotoxic T cells,0.990199696020506
CATTGTAAGAGGAAGG-1,2,T_cells_general,,Tem/Effector helper T cells,Tcm/Naive helper T cells,0.06599922018633506
CATTGTAAGCCAGTAT-1,1,CD4_T_cells,,Tcm/Naive helper T cells,Tcm/Naive helper T cells,0.9999983574895905
CATTGTAAGCGCATTG-1,3,CD4_T_cells,,Tcm/Naive cytotoxic T cells,Tcm/Naive cytotoxic T cells,0.9984330330016697
CATTGTAAGTAACCCG-1,6,B_cells,,Naive B cells,Memory B cells,0.9998456550145692
CATTGTGCAAGGTCCT-1,0,Monocytes_CD14,,Classical monocytes,Classical monocytes,0.9984656527310276
CATTGTGCAGTCTAAT-1,1,CD4_T_cells,,Tcm/Naive helper T cells,Tcm/Naive helper T cells,0.9999040807890607
CATTGTGCATTAGCCA-1,9,Monocytes_general,,Classical monocytes,Classical monocytes,0.975521249691082
CATTTGTTCAAGTGAG-1,3,CD4_T_cells,,Tcm/Naive helper T cells,Tcm/Naive cytotoxic T cells,0.993746092700232
CATTTGTTCACTCAAA-1,2,T_cells_general,,Tcm/Naive helper T cells,Tcm/Naive helper T cells,0.9996503709534144
CATTTGTTCCCGCAAA-1,3,CD4_T_cells,,Tcm/Naive cytotoxic T cells,Tcm/Naive cytotoxic T cells,0.9999875333439656
CATTTGTTCGAGGAGT-1,0,Monocytes_CD14,,Classical monocytes,DC2,0.8860138299276248
CATTTGTTCGCACACA-1,1,CD4_T_cells,,Tcm/Naive helper T cells,Tcm/Naive helper T cells,0.9997726291618377
CATTTGTTCGGGACCT-1,1,CD4_T_cells,,Tcm/Naive helper T cells,Tcm/Naive helper T cells,0.9996863778837991
CATTTGTTCTTAGGAC-1,0,Monocytes_CD14,,Classical monocytes,Classical monocytes,0.9999979047860191
CATTTGTTCTTGAGGT-1,1,CD4_T_cells,,Tcm/Naive helper T cells,Tcm/Naive helper T cells,0.9995973067367441
CATTTGTTCTTGTCCA-1,1,CD4_T_cells,,Tcm/Naive helper T cells,Tcm/Naive helper T cells,0.9999998064046787
CCAAACCCAAGGTGCA-1,0,Monocytes_CD14,,Classical monocytes,Classical monocytes,0.9984681741899277
CCAAACCCAATTTAGC-1,0,Monocytes_CD14,,Classical monocytes,Classical monocytes,0.9984972837081397
CCAAACCCACCCACAG-1,1,CD4_T_cells,,Tcm/Naive helper T cells,Tcm/Naive helper T cells,0.9999905083623374
CCAAACCCACTGGCTG-1,3,CD4_T_cells,,Tcm/Naive cytotoxic T cells,Tcm/Naive cytotoxic T cells,0.9998525861841967
CCAAACCCACTTAACG-1,4,Cytotoxic_T_NK,,Tem/Temra cytotoxic T cells,Tem/Temra cytotoxic T cells,0.9031204457075405
CCAAACCCAGGCTAAG-1,1,CD4_T_cells,,Tcm/Naive helper T cells,Tcm/Naive helper T cells,0.9998134955518229
CCAAACCCAGTCTAAT-1,0,Monocytes_CD14,,Classical monocytes,Classical monocytes,0.999996420939141
CCAAACCCAGTTAAAG-1,9,Monocytes_general,,DC2,DC2,0.9998083239360984
CCAAACTAGAAACTGG-1,4,Cytotoxic_T_NK,,MAIT cells,Tem/Temra cytotoxic T cells,0.3521051850378169
CCAAACTAGATAAAGC-1,2,T_cells_general,,Tcm/Naive helper T cells,Tcm/Naive helper T cells,0.751997897656847
CCAAACTAGCTCAATA-1,0,Monocytes_CD14,,Classical monocytes,Classical monocytes,0.9824042708925116
CCAAACTAGCTCATAA-1,0,Monocytes_CD14,,Classical monocytes,Classical monocytes,0.9998302667255683
CCAAACTAGCTTAGCG-1,3,CD4_T_cells,,Tcm/Naive cytotoxic T cells,Tcm/Naive cytotoxic T cells,0.9926157762679068
CCAAACTAGGACCTCA-1,3,CD4_T_cells,,Tcm/Naive cytotoxic T cells,Tcm/Naive cytotoxic T cells,0.9874605754669529
CCAAACTAGGTCATTA-1,1,CD4_T_cells,,Tcm/Naive helper T cells,Tcm/Naive helper T cells,0.999999682640642
CCAAATCAGATGCCTG-1,2,T_cells_general,,Tem/Trm cytotoxic T cells,Tcm/Naive helper T cells,0.029547847962152814
CCAAATCAGCCGCTTT-1,1,CD4_T_cells,,Tcm/Naive helper T cells,Tcm/Naive helper T cells,0.7981653732609638
CCAAATCAGCGGTTAT-1,0,Monocytes_CD14,,Classical monocytes,Classical monocytes,0.9998559439970824
CCAAATCAGGTCTTGG-1,3,CD4_T_cells,,Tcm/Naive cytotoxic T cells,Tcm/Naive cytotoxic T cells,0.9998922150602926
CCAACATAGACAGGCG-1,2,T_cells_general,,Tcm/Naive helper T cells,Tcm/Naive helper T cells,0.30050502692579506
CCAACATAGAGGCTAA-1,2,T_cells_general,,MAIT cells,Tem/Effector helper T cells,0.9780930015783705
CCAACATAGGTCTTGG-1,3,CD4_T_cells,,Tcm/Naive cytotoxic T cells,Tcm/Naive cytotoxic T cells,0.9996381034394732
CCAACATAGTACCGCA-1,0,Monocytes_CD14,,Classical monocytes,Classical monocytes,0.9860528146756358
CCAACATAGTCAATTG-1,0,Monocytes_CD14,,Classical monocytes,Classical monocytes,0.9979978692890619
CCAACATAGTTTAACG-1,1,CD4_T_cells,,Tcm/Naive helper T cells,Tcm/Naive helper T cells,0.9994737710835039
CCAACCAAGACACCGC-1,0,Monocytes_CD14,,Classical monocytes,Classical monocytes,0.9996611138975194
CCAACCAAGAGGGACT-1,3,CD4_T_cells,,Tcm/Naive cytotoxic T cells,Tcm/Naive cytotoxic T cells,0.9999899189572417
CCAACCAAGCGGTTAT-1,0,Monocytes_CD14,,Classical monocytes,Classical monocytes,0.9998938911622759
CCAACCAAGCTATTGA-1,6,B_cells,,Memory B cells,Age-associated B cells,0.9576351987721512
CCAACCCGTAGCTAGC-1,6,B_cells,,Memory B cells,Memory B cells,0.9999333000477639
CCAACCCGTAGGATTT-1,0,Monocytes_CD14,,Classical monocytes,Classical monocytes,0.9846516224316112
CCAACCCGTAGTTACG-1,6,B_cells,,Age-associated B cells,Age-associated B cells,0.9797558628182422
CCAACCCGTATTGGAT-1,2,T_cells_general,,Tcm/Naive helper T cells,Tcm/Naive helper T cells,0.983829742195039
CCAACCCGTCTTGCTG-1,5,Cytotoxic_T_NK,,CD16+ NK cells,CD16+ NK cells,0.7808069783047203
CCAACCCGTGATCAGC-1,2,T_cells_general,,Tem/Effector helper T cells,Tcm/Naive helper T cells,0.5523553933357858
CCAACCCGTGGAAGGC-1,0,Monocytes_CD14,,Classical monocytes,Classical monocytes,0.5329262986190266
CCAACCCGTTAGGCGT-1,12,Stress_response,,HSC/MPP,HSC/MPP,0.9999908296311667
CCAACCCGTTGCCTCA-1,0,Monocytes_CD14,,Classical monocytes,Classical monocytes,0.9999996905512821
CCAACCCGTTGTAAAC-1,1,CD4_T_cells,,Tcm/Naive helper T cells,Tcm/Naive helper T cells,0.999994600462287
CCAACCCGTTGTGACA-1,6,B_cells,,Memory B cells,Memory B cells,0.9996383637661249
CCAAGGCTCAATGTCA-1,2,T_cells_general,,Tcm/Naive helper T cells,Tcm/Naive helper T cells,0.5149139542834381
CCAAGGCTCAGCACCA-1,7,Monocytes_general,,Non-classical monocytes,Non-classical monocytes,0.9984650477862494
CCAAGGCTCATAACGC-1,1,CD4_T_cells,,Tcm/Naive helper T cells,Tcm/Naive helper T cells,0.9998874714176489
CCAAGGCTCCAAATCA-1,2,T_cells_general,,Tem/Trm cytotoxic T cells,Tcm/Naive helper T cells,0.4508843076128817
CCAAGGCTCCAGGGAG-1,0,Monocytes_CD14,,Classical monocytes,Classical monocytes,0.923480317903219
CCAAGGCTCGCAACAT-1,11,pDC,,pDC,pDC,0.9999999999849116
CCAAGGCTCGCGCTAA-1,0,Monocytes_CD14,,Classical monocytes,Classical monocytes,0.9912954962057197
CCAAGGCTCTCACACC-1,0,Monocytes_CD14,,Classical monocytes,Classical monocytes,0.9999629383825713
CCAAGTTAGACAGGCG-1,8,B_cells,,Naive B cells,Naive B cells,0.9999997787950509
CCAAGTTAGACCATAC-1,0,Monocytes_CD14,,Classical monocytes,Classical monocytes,0.9954879822321011
CCAAGTTAGCCTAACG-1,0,Monocytes_CD14,,Classical monocytes,Classical monocytes,0.9999866617618915
CCAAGTTAGGTAAGCA-1,0,Monocytes_CD14,,Classical monocytes,Classical monocytes,0.9998728855360973
CCAAGTTAGTTCCTGC-1,1,CD4_T_cells,,Tcm/Naive helper T cells,Tcm/Naive helper T cells,0.9997240788451703
CCAATATCATGTTGCA-1,0,Monocytes_CD14,,Classical monocytes,Classical monocytes,0.9998773712761333
CCAATATCATTATGAC-1,1,CD4_T_cells,,Tcm/Naive helper T cells,Tcm/Naive helper T cells,0.9998330170119482
CCACAATAGGCCTAAT-1,0,Monocytes_CD14,,Classical monocytes,Classical monocytes,0.9986206773864283
CCACAATAGGCTATGT-1,0,Monocytes_CD14,,Classical monocytes,Classical monocytes,0.9999162898762065
CCACAATAGGGTGAGT-1,2,T_cells_general,,Tem/Effector helper T cells,Tcm/Naive helper T cells,0.7934029553455685
CCACACAAGGTCCGTA-1,3,CD4_T_cells,,Tcm/Naive cytotoxic T cells,Tcm/Naive cytotoxic T cells,0.9907801218269883
CCACACAAGTAACTCA-1,0,Monocytes_CD14,,Non-classical monocytes,Classical monocytes,0.9964583696400345
CCACACAAGTTGGGCC-1,3,CD4_T_cells,,Tcm/Naive cytotoxic T cells,Tcm/Naive cytotoxic T cells,0.9996754661154327
CCACAGGGTAACGAGG-1,2,T_cells_general,,Tcm/Naive helper T cells,Tem/Effector helper T cells,0.7259331007209603
CCACAGGGTATTGTCC-1,3,CD4_T_cells,,Tcm/Naive cytotoxic T cells,Tcm/Naive helper T cells,0.8392282168013756
CCACAGGGTCACACCC-1,4,Cytotoxic_T_NK,,Tem/Temra cytotoxic T cells,Tem/Temra cytotoxic T cells,0.9998329385127463
CCACAGGGTCGCAAAC-1,0,Monocytes_CD14,,Non-classical monocytes,Classical monocytes,0.9969101190157905
CCACAGGGTGAACAAA-1,2,T_cells_general,,Tcm/Naive helper T cells,Tcm/Naive helper T cells,0.9993488698714954
CCACAGGGTGTGTGGT-1,1,CD4_T_cells,,Tcm/Naive helper T cells,Tcm/Naive helper T cells,0.9997755879158163
CCACAGGGTTCGCTTG-1,4,Cytotoxic_T_NK,,Tcm/Naive helper T cells,Tem/Trm cytotoxic T cells,0.44350124059145857
CCACATTGTGCTAGAC-1,2,T_cells_general,,Tem/Effector helper T cells,Tem/Effector helper T cells,0.989262735112516
CCACATTGTTAATGCG-1,2,T_cells_general,,Tcm/Naive helper T cells,Tcm/Naive helper T cells,0.9365993573036853
CCACATTGTTCGGGAT-1,2,T_cells_general,,Tcm/Naive helper T cells,Tcm/Naive helper T cells,0.9976706206871014
CCACTTGGTCACAGAC-1,0,Monocytes_CD14,,Classical monocytes,Classical monocytes,0.9999944193900238
CCACTTGGTTCCAGGG-1,0,Monocytes_CD14,,Classical monocytes,Classical monocytes,0.9999708426360346
CCACTTGGTTGCCTCA-1,2,T_cells_general,,Tcm/Naive helper T cells,Tcm/Naive helper T cells,0.9841549654832882
CCAGACTCACCTGCTC-1,13,Plasma_cells,,Plasma cells,Plasma cells,0.9999957235841659
CCAGACTCACTCAACA-1,3,CD4_T_cells,,Tcm/Naive cytotoxic T cells,Tcm/Naive cytotoxic T cells,0.9997480041148691
CCAGACTCAGGCTACT-1,0,Monocytes_CD14,,Classical monocytes,Classical monocytes,0.9835976905327656
CCAGACTCATACCCGG-1,7,Monocytes_general,,Non-classical monocytes,Non-classical monocytes,0.9999993013125595
CCAGACTCATGAATCT-1,0,Monocytes_CD14,,Classical monocytes,Classical monocytes,0.8372353014221993
CCAGACTCATTGACAT-1,2,T_cells_general,,CD8a/a,Tem/Trm cytotoxic T cells,0.16491605335565
CCAGCCTGTACTTCAC-1,0,Monocytes_CD14,,Classical monocytes,Classical monocytes,0.9999832428374993
CCAGCCTGTGATGATT-1,7,Monocytes_general,,Non-classical monocytes,Non-classical monocytes,0.9999020969915327
CCAGCCTGTTAACGAT-1,5,Cytotoxic_T_NK,,CD16+ NK cells,CD16+ NK cells,0.9821849610239878
CCAGCCTGTTGTGATG-1,1,CD4_T_cells,,Tcm/Naive helper T cells,Tcm/Naive helper T cells,0.999346580338447
CCAGCTAAGAGGAGGA-1,3,CD4_T_cells,,Tcm/Naive helper T cells,Tcm/Naive helper T cells,0.8044423987086742
CCAGCTAAGGCTGTGC-1,1,CD4_T_cells,,Tcm/Naive helper T cells,Tcm/Naive helper T cells,0.9999360752665731
CCAGCTAAGTTCCCGT-1,2,T_cells_general,,Tcm/Naive helper T cells,Tcm/Naive helper T cells,0.4399091963541342
CCAGCTAAGTTCCTCA-1,0,Monocytes_CD14,,Classical monocytes,Classical monocytes,0.9992103037646193
CCAGCTGCAAGGTAAC-1,11,pDC,,pDC,pDC,0.9999999960175794
CCAGCTGCAGCTCATA-1,8,B_cells,,Naive B cells,Naive B cells,0.9999999869664535
CCAGCTGCATAAGCAA-1,2,T_cells_general,,Tcm/Naive helper T cells,Tcm/Naive helper T cells,0.9361064900315833
CCAGCTGCATTAAAGG-1,0,Monocytes_CD14,,Classical monocytes,Classical monocytes,0.9997851715366831
CCAGGAACAATCCCTT-1,2,T_cells_general,,Tcm/Naive helper T cells,Tcm/Naive helper T cells,0.9861983343834394
CCAGGAACACACAATT-1,3,CD4_T_cells,,Tcm/Naive cytotoxic T cells,Tcm/Naive cytotoxic T cells,0.9883563448312805
CCAGGAACAGCCAGAA-1,6,B_cells,,Memory B cells,Memory B cells,0.9992785380935734
CCAGGATGTCCGTAGG-1,1,CD4_T_cells,,Tcm/Naive helper T cells,Tcm/Naive helper T cells,0.9883445050996453
CCAGGATGTGCTTACT-1,3,CD4_T_cells,,Tcm/Naive helper T cells,Tcm/Naive cytotoxic T cells,0.9704161147911191
CCAGGATGTTAACACG-1,1,CD4_T_cells,,Tcm/Naive helper T cells,Tcm/Naive helper T cells,0.9993183575924949
CCAGGATGTTAGGCGT-1,3,CD4_T_cells,,Tcm/Naive cytotoxic T cells,Tcm/Naive cytotoxic T cells,0.9944690592946167
CCAGGATGTTTGGGCG-1,0,Monocytes_CD14,,Classical monocytes,Classical monocytes,0.9988675092732934
CCAGTTTGTACTGATG-1,6,B_cells,,Age-associated B cells,Age-associated B cells,0.9427390378583733
CCAGTTTGTGCATTAG-1,3,CD4_T_cells,,Tcm/Naive cytotoxic T cells,Tcm/Naive cytotoxic T cells,0.9758330661963543
CCAGTTTGTGTTTGTC-1,5,Cytotoxic_T_NK,,CD16+ NK cells,CD16+ NK cells,0.9999335108565666
CCATAAATCAATCTCT-1,2,T_cells_general,,Tcm/Naive helper T cells,Tcm/Naive helper T cells,0.9908569846716833
CCATAAATCACAGGAA-1,3,CD4_T_cells,,Tcm/Naive cytotoxic T cells,Tcm/Naive cytotoxic T cells,0.9992861224751305
CCATAAATCACTTCAT-1,2,T_cells_general,,Tcm/Naive helper T cells,Tcm/Naive helper T cells,0.9985833755599028
CCATAAATCATCAGTA-1,3,CD4_T_cells,,Tcm/Naive helper T cells,Tcm/Naive cytotoxic T cells,0.9957100041708828
CCATAAATCGGGACTC-1,2,T_cells_general,,Regulatory T cells,Regulatory T cells,0.9996819324175504
CCATAAATCTGCAAAC-1,0,Monocytes_CD14,,Classical monocytes,Classical monocytes,0.9997446475589161
CCATAAATCTGTGAGT-1,6,B_cells,,Age-associated B cells,Age-associated B cells,0.9995322261210825
CCATAAGGTAACCAGC-1,6,B_cells,,Memory B cells,Memory B cells,0.9932081619596423
CCATAAGGTCCGTGAG-1,0,Monocytes_CD14,,Classical monocytes,Classical monocytes,0.9835255303297312
CCATAAGGTCTATCGT-1,8,B_cells,,Naive B cells,Naive B cells,0.9999999983644476
CCATAAGGTTAGTACG-1,3,CD4_T_cells,,Tcm/Naive cytotoxic T cells,Tcm/Naive helper T cells,0.9968808138052011
CCATAAGGTTTAACGG-1,3,CD4_T_cells,,Tcm/Naive cytotoxic T cells,Tcm/Naive cytotoxic T cells,0.9984384853915951
CCATAAGGTTTGCTGT-1,2,T_cells_general,,Tcm/Naive helper T cells,Tem/Effector helper T cells,0.5548703345169483
CCATAATCAAACCTAT-1,1,CD4_T_cells,,Tcm/Naive helper T cells,Tcm/Naive helper T cells,0.9995652415607142
CCATAATCAATTTGGT-1,2,T_cells_general,,Tem/Effector helper T cells,Tcm/Naive helper T cells,0.9888878627898899
CCATAATCAGCCAGTT-1,0,Monocytes_CD14,,Classical monocytes,Classical monocytes,0.9993101342746944
CCATAATCATAATTGC-1,3,CD4_T_cells,,Tcm/Naive helper T cells,Tcm/Naive helper T cells,0.734839186600654
CCATAATCATGCTATG-1,0,Monocytes_CD14,,Classical monocytes,Classical monocytes,0.9998986028206395
CCATAGCCAAAGCTCC-1,0,Monocytes_CD14,,Classical monocytes,Classical monocytes,0.9944184272545097
CCATAGCCAAGGTGCA-1,1,CD4_T_cells,,Tcm/Naive helper T cells,Tcm/Naive helper T cells,0.9990561821757783
CCATAGCCAGTAGGAT-1,0,Monocytes_CD14,,Classical monocytes,Classical monocytes,0.9999843065806518
CCATAGCCATGGCCTG-1,1,CD4_T_cells,,Tcm/Naive helper T cells,Tcm/Naive helper T cells,0.9999435228735503
CCATAGCCATGGTTAT-1,3,CD4_T_cells,,Tcm/Naive cytotoxic T cells,Tcm/Naive cytotoxic T cells,0.999579745686907
CCATAGCCATTAGGTT-1,0,Monocytes_CD14,,Classical monocytes,Classical monocytes,0.9997735117082128
CCATATTTCATGTTTC-1,2,T_cells_general,,Tem/Trm cytotoxic T cells,Tem/Effector helper T cells,0.14817665055447327
CCATATTTCTCCATGC-1,1,CD4_T_cells,,Tcm/Naive helper T cells,Tcm/Naive helper T cells,0.9962350606742011
CCATCACTCGAGGAGT-1,0,Monocytes_CD14,,Classical monocytes,Classical monocytes,0.9979096494648928
CCATCATGTAACCAGC-1,3,CD4_T_cells,,Tcm/Naive cytotoxic T cells,Tcm/Naive cytotoxic T cells,0.9998740635513902
CCATCATGTATCTGGA-1,0,Monocytes_CD14,,Classical monocytes,Classical monocytes,0.999914297330344
CCATCATGTCCGTAGG-1,1,CD4_T_cells,,Tcm/Naive helper T cells,Tcm/Naive helper T cells,0.8735698651996612
CCATCATGTGGTTCCC-1,2,T_cells_general,,Tcm/Naive helper T cells,Tcm/Naive helper T cells,0.14389819518462435
CCATCATGTTACCGGG-1,3,CD4_T_cells,,Tcm/Naive cytotoxic T cells,Tcm/Naive cytotoxic T cells,0.9998970181487551
CCATCATGTTCAAGAT-1,5,Cytotoxic_T_NK,,CD16+ NK cells,CD16+ NK cells,0.9998227264240505
CCATTATTCATGGCTG-1,4,Cytotoxic_T_NK,,Tem/Trm cytotoxic T cells,Tem/Trm cytotoxic T cells,0.9624289108373827
CCATTATTCCTTAGTT-1,0,Monocytes_CD14,,Classical monocytes,Classical monocytes,0.9999996548301867
CCATTATTCGCTATAA-1,1,CD4_T_cells,,Tcm/Naive helper T cells,Tcm/Naive helper T cells,0.9995872119587836
CCATTGTGTAATCACG-1,5,Cytotoxic_T_NK,,Plasmablasts,CD16+ NK cells,0.9804714577278417
CCATTGTGTACTTAGG-1,2,T_cells_general,,Tcm/Naive helper T cells,Tem/Effector helper T cells,0.9867475697039648
CCATTGTGTCGCAATA-1,0,Monocytes_CD14,,Classical monocytes,Classical monocytes,0.9999555820864922
CCATTGTGTGCACGCA-1,0,Monocytes_CD14,,Non-classical monocytes,Classical monocytes,0.0927599688790157
CCATTGTGTTAAGTGT-1,1,CD4_T_cells,,Tcm/Naive helper T cells,Tcm/Naive helper T cells,0.999979450354461
CCATTGTGTTACCGGG-1,4,Cytotoxic_T_NK,,Tem/Temra cytotoxic T cells,Tem/Temra cytotoxic T cells,0.8833267082334285
CCATTGTGTTACGCAA-1,0,Monocytes_CD14,,Classical monocytes,Classical monocytes,0.999974024493153
CCATTGTGTTCCGGGA-1,0,Monocytes_CD14,,Classical monocytes,Classical monocytes,0.9999829677802736
CCATTGTGTTTCGCCA-1,1,CD4_T_cells,,Tcm/Naive helper T cells,Tcm/Naive helper T cells,0.9968693003906152
CCCAAACCAAAGGCCA-1,3,CD4_T_cells,,Tcm/Naive helper T cells,Tcm/Naive helper T cells,0.6268862425653946
CCCAAACCAATCCTAG-1,6,B_cells,,Memory B cells,Memory B cells,0.9999918406489624
CCCAAACCAATCTCTC-1,6,B_cells,,Memory B cells,Age-associated B cells,0.9881706801017435
CCCAAACCACGTAATT-1,2,T_cells_general,,Tcm/Naive helper T cells,Tcm/Naive helper T cells,0.9455654746668551
CCCAAACCAGCTACGT-1,2,T_cells_general,,Tem/Effector helper T cells,Tem/Effector helper T cells,0.7288729799113904
CCCAAACCAGTCTAAT-1,2,T_cells_general,,Tem/Effector helper T cells,Tcm/Naive helper T cells,0.44400786695661126
CCCAAACCAGTCTAGC-1,4,Cytotoxic_T_NK,,Tem/Temra cytotoxic T cells,Tem/Temra cytotoxic T cells,0.990573608606436
CCCAAACCATCCATCT-1,3,CD4_T_cells,,Tcm/Naive cytotoxic T cells,Tcm/Naive cytotoxic T cells,0.9993945212252101
CCCAAATAGCCTGTTC-1,0,Monocytes_CD14,,Classical monocytes,Classical monocytes,0.9999999012695069
CCCAAATAGGATAAAC-1,2,T_cells_general,,Tem/Effector helper T cells,Tcm/Naive helper T cells,0.8493760017715063
CCCAAATAGTCCTTCA-1,0,Monocytes_CD14,,Classical monocytes,Classical monocytes,0.3677873481325792
CCCAAATAGTTAGTTG-1,1,CD4_T_cells,,Tcm/Naive helper T cells,Tcm/Naive helper T cells,0.9991332414584825
CCCAAATAGTTATTCC-1,3,CD4_T_cells,,Tcm/Naive cytotoxic T cells,Tcm/Naive cytotoxic T cells,0.9999410795648461
CCCAACCGTAGCTGCG-1,0,Monocytes_CD14,,Classical monocytes,Classical monocytes,0.9977881891293189
CCCAACCGTATACTGG-1,0,Monocytes_CD14,,Classical monocytes,Classical monocytes,0.9956779051472733
CCCAACCGTCGAAGTC-1,0,Monocytes_CD14,,Classical monocytes,Classical monocytes,0.9999971876247682
CCCAACCGTCGCGCAA-1,0,Monocytes_CD14,,Classical monocytes,Classical monocytes,0.9999581099818791
CCCAACCGTGAGCACT-1,8,B_cells,,Naive B cells,Naive B cells,0.9999987360160021
CCCAACCGTGGAGCAA-1,2,T_cells_general,,Tcm/Naive helper T cells,Tcm/Naive helper T cells,0.8385598873969939
CCCAACCGTTAGTTGG-1,0,Monocytes_CD14,,Classical monocytes,Classical monocytes,0.9999593748403288
CCCAATTGTGGAAGGC-1,1,CD4_T_cells,,Tcm/Naive helper T cells,Tcm/Naive helper T cells,0.9495537873206504
CCCAATTGTGGTTATG-1,0,Monocytes_CD14,,Classical monocytes,Classical monocytes,0.10826731811602301
CCCAATTGTTAGCATG-1,2,T_cells_general,,ILC3,MAIT cells,0.6773035788523423
CCCAATTGTTAGTACG-1,4,Cytotoxic_T_NK,,CD16+ NK cells,Tem/Temra cytotoxic T cells,0.10233710899475393
CCCAATTGTTCACTGT-1,1,CD4_T_cells,,Tcm/Naive helper T cells,Tcm/Naive helper T cells,0.9999988676303109
CCCAGCACAATGCCTA-1,0,Monocytes_CD14,,Classical monocytes,Classical monocytes,0.999992840724845
CCCAGCACACCTAAGC-1,2,T_cells_general,,Tcm/Naive helper T cells,Tcm/Naive helper T cells,0.9044311448243831
CCCAGCACAGGGAGCT-1,5,Cytotoxic_T_NK,,CD16- NK cells,CD16+ NK cells,0.9402188987951134
CCCAGCACATTGTCCT-1,2,T_cells_general,,Tem/Effector helper T cells,Tem/Effector helper T cells,0.6075126795547456
CCCAGTTTCTTGGACG-1,4,Cytotoxic_T_NK,,Tem/Temra cytotoxic T cells,Tem/Temra cytotoxic T cells,0.9976717073918736
CCCATAACAACAGCCT-1,1,CD4_T_cells,,Tcm/Naive helper T cells,Tcm/Naive helper T cells,0.9997278420805242
CCCATAACAATGAATG-1,2,T_cells_general,,Tem/Effector helper T cells,Tem/Effector helper T cells,0.9409816089250996
CCCATAACACGTTACA-1,3,CD4_T_cells,,Tcm/Naive helper T cells,Tcm/Naive cytotoxic T cells,0.9676511212358488
CCCATAACAGCATGAG-1,1,CD4_T_cells,,Tcm/Naive helper T cells,Tcm/Naive helper T cells,0.9994179372091465
CCCGCAACAAATTGCT-1,1,CD4_T_cells,,Tcm/Naive helper T cells,Tcm/Naive helper T cells,0.9998566563376948
CCCGCAACAATCCTAG-1,2,T_cells_general,,Tcm/Naive helper T cells,Tcm/Naive helper T cells,0.9743298675555851
CCCGCAACACCGGCTA-1,3,CD4_T_cells,,Tcm/Naive cytotoxic T cells,Tcm/Naive cytotoxic T cells,0.576163439383458
CCCGCAACACCTGTAA-1,0,Monocytes_CD14,,Classical monocytes,Classical monocytes,0.983962257986668
CCCGCAACAGCTAACC-1,3,CD4_T_cells,,Tcm/Naive cytotoxic T cells,Tcm/Naive cytotoxic T cells,0.985418584154574
CCCGCTTCAAACCCTA-1,8,B_cells,,Naive B cells,Naive B cells,0.9999992790262657
CCCGCTTCAAACTCAT-1,3,CD4_T_cells,,Tcm/Naive cytotoxic T cells,Tcm/Naive cytotoxic T cells,0.999579738021127
CCCGCTTCAAGTTATC-1,0,Monocytes_CD14,,Classical monocytes,Classical monocytes,0.9999423323743315
CCCGCTTCAGCTAATT-1,0,Monocytes_CD14,,Classical monocytes,Classical monocytes,0.9991506472556981
CCCGCTTCAGGTATTT-1,3,CD4_T_cells,,Tcm/Naive cytotoxic T cells,Tcm/Naive cytotoxic T cells,0.9535588377103577
CCCGCTTCAGTTATGT-1,0,Monocytes_CD14,,Classical monocytes,Classical monocytes,0.9872859755194536
CCCGCTTCATCAGTAT-1,8,B_cells,,Naive B cells,Naive B cells,0.9999999999987526
CCCGCTTCATTGCGGT-1,0,Monocytes_CD14,,Non-classical monocytes,Classical monocytes,0.9997812281817413
CCCGTAAAGGACCGCT-1,0,Monocytes_CD14,,Classical monocytes,Classical monocytes,0.8138539798118979
CCCGTAAAGGGCTTTG-1,8,B_cells,,Naive B cells,Naive B cells,0.9999998519619647
CCCGTAAAGTTAGAGG-1,3,CD4_T_cells,,Tcm/Naive cytotoxic T cells,Tcm/Naive cytotoxic T cells,0.9996122802863273
CCCGTTGTCCAAGTGT-1,2,T_cells_general,,Tem/Effector helper T cells,Tem/Effector helper T cells,0.4705074888223634
CCCGTTGTCCCTGACT-1,0,Monocytes_CD14,,Classical monocytes,Classical monocytes,0.9997145284924542
CCCGTTGTCGATCAGT-1,0,Monocytes_CD14,,Classical monocytes,Classical monocytes,0.9999938858272238
CCCTAATGTCCTTCTC-1,1,CD4_T_cells,,Tcm/Naive helper T cells,Tcm/Naive helper T cells,0.9999334412740962
CCCTAATGTTGGTTAG-1,0,Monocytes_CD14,,Classical monocytes,Classical monocytes,0.999991890597864
CCCTCACCAACTAGCC-1,3,CD4_T_cells,,Tcm/Naive cytotoxic T cells,Tcm/Naive cytotoxic T cells,0.7768157339020849
CCCTCACCACAATACT-1,6,B_cells,,Naive B cells,Memory B cells,0.9998339077423956
CCCTCACCACTAAGCC-1,1,CD4_T_cells,,Tcm/Naive helper T cells,Tcm/Naive helper T cells,0.9999543454254896
CCCTCACCAGGTTCAC-1,4,Cytotoxic_T_NK,,Tem/Temra cytotoxic T cells,Tem/Temra cytotoxic T cells,0.9920504030179167
CCCTCAGTCAATGTCA-1,4,Cytotoxic_T_NK,,Tem/Temra cytotoxic T cells,Tem/Temra cytotoxic T cells,0.48581457021046903
CCCTCAGTCACATTGA-1,2,T_cells_general,,Tcm/Naive helper T cells,Tcm/Naive helper T cells,0.9999645535753969
CCCTCAGTCCATAAGC-1,2,T_cells_general,,Tcm/Naive helper T cells,Tcm/Naive helper T cells,0.9732418591878855
CCCTCAGTCCCGCATT-1,0,Monocytes_CD14,,Classical monocytes,Classical monocytes,0.999921027024606
CCCTCAGTCCTAAATG-1,2,T_cells_general,,Tcm/Naive helper T cells,Tcm/Naive helper T cells,0.8703586540710266
CCCTCAGTCCTTAATC-1,5,Cytotoxic_T_NK,,CD16+ NK cells,CD16+ NK cells,0.9999976794344791
CCCTCAGTCGAGGAGT-1,0,Monocytes_CD14,,Classical monocytes,Classical monocytes,0.9956528951982904
CCCTCAGTCGCACACA-1,8,B_cells,,Naive B cells,Naive B cells,0.9999999439511431
CCCTCAGTCTCACTCA-1,3,CD4_T_cells,,Tcm/Naive helper T cells,Tcm/Naive helper T cells,0.3478789540293067
CCCTCAGTCTGGCAAT-1,1,CD4_T_cells,,Tcm/Naive helper T cells,Tcm/Naive helper T cells,0.9956139944205438
CCCTCATAGCATTAGC-1,3,CD4_T_cells,,Tcm/Naive cytotoxic T cells,Tcm/Naive cytotoxic T cells,0.9979486645989532
CCCTCATAGCTGTAAC-1,1,CD4_T_cells,,Tcm/Naive helper T cells,Tcm/Naive helper T cells,0.9928316761499847
CCCTCATAGGAAGCAC-1,2,T_cells_general,,Tcm/Naive helper T cells,Tcm/Naive helper T cells,0.9895344581881866
CCCTCATAGTTCCCAC-1,8,B_cells,,Naive B cells,Naive B cells,0.9999999917668899
CCCTCATAGTTGGGCC-1,0,Monocytes_CD14,,Classical monocytes,Classical monocytes,0.990394129299645
CCCTGGACACAGCCAT-1,3,CD4_T_cells,,Tcm/Naive cytotoxic T cells,Tcm/Naive cytotoxic T cells,0.9821915264333909
CCCTGGACACCTCACC-1,3,CD4_T_cells,,Tcm/Naive cytotoxic T cells,Tcm/Naive cytotoxic T cells,0.9688931979508799
CCCTGGACAGCTAATT-1,2,T_cells_general,,Tem/Effector helper T cells,Tcm/Naive helper T cells,0.3022822808713421
CCCTGGACAGGATTAA-1,0,Monocytes_CD14,,Classical monocytes,Classical monocytes,0.9985867206212752
CCCTGGACAGGCGAGT-1,3,CD4_T_cells,,Tcm/Naive cytotoxic T cells,Tcm/Naive cytotoxic T cells,0.97082690505377
CCCTGTTAGAGGGACT-1,8,B_cells,,Naive B cells,Naive B cells,0.9997828325218795
CCCTGTTAGCACAGAA-1,11,pDC,,pDC,pDC,0.9999999993679534
CCCTGTTAGCTTCCCG-1,2,T_cells_general,,Tem/Effector helper T cells,Tem/Effector helper T cells,0.46896428651401484
CCCTGTTAGGTTACGT-1,1,CD4_T_cells,,Tcm/Naive helper T cells,Tcm/Naive helper T cells,0.9999985535565431
CCCTGTTAGTTGCGTG-1,9,Monocytes_general,,DC2,DC2,0.9993527822763438
CCCTTAATCAATGACC-1,3,CD4_T_cells,,Tcm/Naive helper T cells,Tcm/Naive cytotoxic T cells,0.0634663820471746
CCCTTAATCATTGTTC-1,2,T_cells_general,,Tem/Effector helper T cells,Tem/Effector helper T cells,0.9984581555086922
CCCTTAATCCCGTTAC-1,3,CD4_T_cells,,Tcm/Naive cytotoxic T cells,Tcm/Naive cytotoxic T cells,0.9999160628214067
CCCTTAATCGCAGGCT-1,4,Cytotoxic_T_NK,,Tcm/Naive cytotoxic T cells,Tem/Trm cytotoxic T cells,0.8977638225264558
CCGACAGGTACTTAGG-1,4,Cytotoxic_T_NK,,Tem/Temra cytotoxic T cells,Tem/Temra cytotoxic T cells,0.9995261990080101
CCGACAGGTCCTTAGT-1,0,Monocytes_CD14,,Classical monocytes,Classical monocytes,0.9652778311748249
CCGACAGGTTCAAGAT-1,1,CD4_T_cells,,Tcm/Naive helper T cells,Tcm/Naive helper T cells,0.9967850045694798
CCGATGCAGACAGGCG-1,1,CD4_T_cells,,Tcm/Naive helper T cells,Tcm/Naive helper T cells,0.9998940305744897
CCGATGCAGCAACATC-1,3,CD4_T_cells,,Tcm/Naive helper T cells,Tcm/Naive cytotoxic T cells,0.21362752398074697
CCGATGCAGCCTGTGA-1,3,CD4_T_cells,,Tcm/Naive cytotoxic T cells,Tcm/Naive cytotoxic T cells,0.9999167365785239
CCGATGCAGCGATAGA-1,6,B_cells,,Age-associated B cells,Age-associated B cells,0.9995363593037515
CCGATGCAGGCCATCA-1,1,CD4_T_cells,,Tcm/Naive helper T cells,Tcm/Naive helper T cells,0.9997787994992247
CCGATGCAGGTCAAAG-1,0,Monocytes_CD14,,Classical monocytes,Classical monocytes,0.869094108964593
CCGATGCAGTAATCCA-1,3,CD4_T_cells,,Tcm/Naive cytotoxic T cells,Tcm/Naive cytotoxic T cells,0.41739943725562806
CCGCAAATCAAGCCTG-1,2,T_cells_general,,Tcm/Naive helper T cells,Tcm/Naive helper T cells,0.8860054829507195
CCGCAAATCAGCACGC-1,0,Monocytes_CD14,,Classical monocytes,Classical monocytes,0.9999037716249285
CCGCAAATCATTTGTC-1,0,Monocytes_CD14,,Classical monocytes,Classical monocytes,0.9969888354765961
CCGCAAATCCTAATGA-1,1,CD4_T_cells,,Tcm/Naive helper T cells,Tcm/Naive helper T cells,0.9999997834041482
CCGCAAATCGCATTAA-1,0,Monocytes_CD14,,Classical monocytes,Classical monocytes,0.9997471662433165
CCGCAAATCGTTACAA-1,0,Monocytes_CD14,,Classical monocytes,Classical monocytes,0.9999876393430189
CCGCAAATCTCCTCAA-1,10,Cytotoxic_T_NK,,MAIT cells,MAIT cells,0.9998932681777325
CCGCAAGGTCACGGAT-1,0,Monocytes_CD14,,Classical monocytes,Classical monocytes,0.9843072794513944
CCGCAAGGTCCAAATG-1,1,CD4_T_cells,,Tcm/Naive helper T cells,Tcm/Naive helper T cells,0.9995269134236124
CCGCAAGGTGCAATAT-1,0,Monocytes_CD14,,Classical monocytes,Classical monocytes,0.9762979913804343
CCGCAAGGTGGTGAGA-1,1,CD4_T_cells,,Tcm/Naive helper T cells,Tcm/Naive helper T cells,0.9999096477446325
CCGCAAGGTTAGAGGG-1,2,T_cells_general,,Tcm/Naive helper T cells,Tcm/Naive helper T cells,0.994939042017492
CCGCAAGGTTGCACGG-1,2,T_cells_general,,Fibroblasts,Tcm/Naive helper T cells,0.294639995906982
CCGCACACAACCCTAA-1,3,CD4_T_cells,,Tcm/Naive cytotoxic T cells,Tcm/Naive cytotoxic T cells,0.8654341523434457
CCGCACACACAATGTT-1,2,T_cells_general,,Tem/Trm cytotoxic T cells,Tcm/Naive helper T cells,0.9615830484412032
CCGCACACACCCTCAC-1,0,Monocytes_CD14,,Classical monocytes,Classical monocytes,0.9999525083011316
CCGCACACAGGACACA-1,4,Cytotoxic_T_NK,,MAIT cells,Tem/Temra cytotoxic T cells,0.07667629314958513
CCGCACACAGGCCATT-1,2,T_cells_general,,Regulatory T cells,Regulatory T cells,0.99999462770542
CCGCACACAGGTTAAA-1,0,Monocytes_CD14,,Classical monocytes,Classical monocytes,0.9999691636173038
CCGCACACATACCCGG-1,11,pDC,,pDC,pDC,0.9999993158136808
CCGCACACATGAATAG-1,0,Monocytes_CD14,,Classical monocytes,Classical monocytes,0.9999579165946908
CCGCACACATGAGTTT-1,6,B_cells,,Memory B cells,Memory B cells,0.9916078691429232
CCGCACACATGTCAAT-1,4,Cytotoxic_T_NK,,Tem/Temra cytotoxic T cells,Tem/Temra cytotoxic T cells,0.9975241039689638
CCGCCAACAAACTGCC-1,2,T_cells_general,,Type 17 helper T cells,Tem/Effector helper T cells,0.4186239319376472
CCGCCAACAATCCTGA-1,0,Monocytes_CD14,,Classical monocytes,Classical monocytes,0.99964517411968
CCGCCAACAGAATGAC-1,2,T_cells_general,,Tcm/Naive helper T cells,Tcm/Naive helper T cells,0.9529309312541597
CCGCCAACAGTGAACG-1,1,CD4_T_cells,,Tcm/Naive helper T cells,Tcm/Naive helper T cells,0.9991648985819723
CCGCCAACATAAGGAC-1,3,CD4_T_cells,,Tcm/Naive cytotoxic T cells,Tcm/Naive helper T cells,0.9981413929149386
CCGCCAACATTGACAT-1,2,T_cells_general,,Tcm/Naive helper T cells,Tcm/Naive helper T cells,0.16477487974149166
CCGCTAAAGCAATAGG-1,1,CD4_T_cells,,Tcm/Naive helper T cells,Tcm/Naive helper T cells,0.9999854192513656
CCGCTAAAGCAGGCCT-1,1,CD4_T_cells,,Tcm/Naive helper T cells,Tcm/Naive helper T cells,0.9996951809263679
CCGCTAAAGCATGTCG-1,0,Monocytes_CD14,,Classical monocytes,Classical monocytes,0.9993776619785621
CCGCTAAAGCGAGCGA-1,2,T_cells_general,,Tcm/Naive helper T cells,Tem/Effector helper T cells,0.9137615137670353
CCGCTAAAGCTAAGTC-1,0,Monocytes_CD14,,Classical monocytes,Classical monocytes,0.9604741695212832
CCGCTAAAGGGCCACT-1,2,T_cells_general,,Tem/Effector helper T cells,Tcm/Naive helper T cells,0.985111614862284
CCGCTAAAGTGGCGGA-1,2,T_cells_general,,Tcm/Naive helper T cells,Tcm/Naive helper T cells,0.9086260553604066
CCGCTAGCAAACGCGA-1,0,Monocytes_CD14,,Classical monocytes,Classical monocytes,0.9957649866159555
CCGCTAGCAACGTGCT-1,2,T_cells_general,,Regulatory T cells,Regulatory T cells,0.9979011075128944
CCGCTAGCAAGTTATC-1,2,T_cells_general,,Regulatory T cells,Regulatory T cells,0.7624700650826534
CCGCTAGCACAAAGCG-1,2,T_cells_general,,Tcm/Naive helper T cells,Tem/Effector helper T cells,0.9482731590441879
CCGCTAGCACCGGTAT-1,1,CD4_T_cells,,Tcm/Naive helper T cells,Tcm/Naive helper T cells,0.998282901228896
CCGCTAGCAGTTATCG-1,10,Cytotoxic_T_NK,,MAIT cells,MAIT cells,0.9966371591836984
CCGCTTAGTTACAAAC-1,0,Monocytes_CD14,,Classical monocytes,Classical monocytes,0.9961259080727761
CCGCTTAGTTACAACG-1,1,CD4_T_cells,,Tcm/Naive helper T cells,Tcm/Naive helper T cells,0.9999964810909656
CCGCTTAGTTGCATCT-1,1,CD4_T_cells,,Tcm/Naive helper T cells,Tcm/Naive helper T cells,0.9968002779655842
CCGGTAGGTGCAATGC-1,0,Monocytes_CD14,,Classical monocytes,Classical monocytes,0.9977735033334951
CCGGTAGGTGCACGCA-1,1,CD4_T_cells,,Tcm/Naive helper T cells,Tcm/Naive helper T cells,0.9997729100250483
CCGGTAGGTGCATCGG-1,2,T_cells_general,,Tcm/Naive helper T cells,Tcm/Naive helper T cells,0.9343214187899329
CCGGTAGGTGGAGCAA-1,2,T_cells_general,,Tcm/Naive helper T cells,Tem/Effector helper T cells,0.8968419708645338
CCGGTAGGTGGCTTCC-1,3,CD4_T_cells,,Tcm/Naive cytotoxic T cells,Tcm/Naive cytotoxic T cells,0.9980906178263317
CCGGTTAAGAACCTGT-1,10,Cytotoxic_T_NK,,MAIT cells,MAIT cells,0.9995673509022479
CCGGTTAAGCCGCTAA-1,1,CD4_T_cells,,Non-classical monocytes,Classical monocytes,0.593573253610516
CCGGTTAAGGAGCATA-1,1,CD4_T_cells,,Tcm/Naive helper T cells,Tcm/Naive helper T cells,0.9999992643039862
CCGGTTAAGGCCCAGT-1,0,Monocytes_CD14,,Non-classical monocytes,Classical monocytes,0.9915848744479104
CCGGTTAAGTAAAGGT-1,4,Cytotoxic_T_NK,,Tem/Temra cytotoxic T cells,Tem/Temra cytotoxic T cells,0.4109000130135891
CCGGTTAAGTGAGGTA-1,9,Monocytes_general,,Classical monocytes,DC2,0.9283402238522445
CCGGTTAAGTTGTCCC-1,8,B_cells,,Naive B cells,Naive B cells,0.9950355591356882
CCGTGCTGTCCGTAGG-1,1,CD4_T_cells,,Tcm/Naive helper T cells,Tcm/Naive helper T cells,0.9996776926541774
CCGTGCTGTCTTGCTG-1,6,B_cells,,Memory B cells,Memory B cells,0.9998802221498377
CCGTGCTGTGCTTACT-1,4,Cytotoxic_T_NK,,Tem/Temra cytotoxic T cells,Tem/Temra cytotoxic T cells,0.9919068336860233
CCGTGCTGTTAGAGGG-1,0,Monocytes_CD14,,Classical monocytes,Classical monocytes,0.8631630768673068
CCGTGCTGTTAGCTGA-1,7,Monocytes_general,,Non-classical monocytes,Non-classical monocytes,0.9999298970201178
CCGTTAACAATCCTGA-1,0,Monocytes_CD14,,Classical monocytes,Classical monocytes,0.9481910554740656
CCGTTAACACCAGCAT-1,0,Monocytes_CD14,,Classical monocytes,Classical monocytes,0.999939454313141
CCGTTAACAGTTTCTC-1,2,T_cells_general,,Tcm/Naive helper T cells,Tcm/Naive helper T cells,0.9962481954705469
CCGTTAACATGCAACC-1,3,CD4_T_cells,,Tcm/Naive cytotoxic T cells,Tcm/Naive cytotoxic T cells,0.9999819513693866
CCGTTAACATTGTGAT-1,2,T_cells_general,,Tcm/Naive helper T cells,Tcm/Naive helper T cells,0.6619261202005453
CCGTTACTCATGCCTC-1,3,CD4_T_cells,,Tcm/Naive helper T cells,Tcm/Naive helper T cells,0.47511170914622913
CCGTTACTCCAGGGAG-1,2,T_cells_general,,Tcm/Naive helper T cells,Tcm/Naive helper T cells,0.9910112534041853
CCGTTACTCGAGCAAA-1,2,T_cells_general,,Tcm/Naive helper T cells,Tcm/Naive helper T cells,0.9989752780533299
CCGTTACTCGTTAAGC-1,6,B_cells,,Memory B cells,Age-associated B cells,0.9978217019974867
CCGTTACTCTATCGCC-1,0,Monocytes_CD14,,Classical monocytes,Classical monocytes,0.9999603993179424
CCGTTACTCTGGTCCT-1,0,Monocytes_CD14,,Non-classical monocytes,Classical monocytes,0.7923978654068935
CCGTTACTCTTAGTCT-1,1,CD4_T_cells,,Tcm/Naive helper T cells,Tcm/Naive helper T cells,0.9999657083035932
CCGTTATGTAACCAGC-1,0,Monocytes_CD14,,Classical monocytes,Classical monocytes,0.9999407786889679
CCGTTATGTCAATACG-1,4,Cytotoxic_T_NK,,Tem/Trm cytotoxic T cells,Tem/Trm cytotoxic T cells,0.958733754795212
CCGTTATGTCATTACC-1,2,T_cells_general,,Tcm/Naive helper T cells,Tcm/Naive helper T cells,0.2974524437271147
CCGTTATGTGATCAGC-1,0,Monocytes_CD14,,Classical monocytes,Classical monocytes,0.5095328451020733
CCGTTATGTGCAACTA-1,8,B_cells,,Naive B cells,Naive B cells,0.9999996241543847
CCGTTATGTGCAATGC-1,1,CD4_T_cells,,Tcm/Naive helper T cells,Tcm/Naive helper T cells,0.9991772730891415
CCGTTATGTTTCCACG-1,3,CD4_T_cells,,Tcm/Naive helper T cells,Tcm/Naive cytotoxic T cells,0.8718368140149715
CCGTTATGTTTGAGCA-1,2,T_cells_general,,Tem/Effector helper T cells,Tcm/Naive helper T cells,0.780109808078134
CCGTTGCGTACGATTG-1,0,Monocytes_CD14,,Classical monocytes,Classical monocytes,0.9976946645143623
CCGTTGCGTACGTTTC-1,2,T_cells_general,,Tcm/Naive helper T cells,Tcm/Naive helper T cells,0.874752610696511
CCGTTGCGTACTGAAT-1,0,Monocytes_CD14,,Classical monocytes,Classical monocytes,0.9967290823796239
CCGTTGCGTCCTTCTC-1,2,T_cells_general,,Tcm/Naive helper T cells,Tcm/Naive helper T cells,0.191332248350813
CCGTTGCGTGAGACTC-1,3,CD4_T_cells,,Tcm/Naive cytotoxic T cells,Tcm/Naive cytotoxic T cells,0.9978282851235184
CCGTTGCGTGGATTCA-1,1,CD4_T_cells,,Tcm/Naive helper T cells,Tcm/Naive helper T cells,0.9994478439102171
CCGTTGCGTTTGTCTA-1,1,CD4_T_cells,,Tcm/Naive helper T cells,Tcm/Naive helper T cells,0.9999710388870544
CCGTTTGGTCACAGAC-1,10,Cytotoxic_T_NK,,MAIT cells,MAIT cells,0.998861167164099
CCGTTTGGTCATGCAA-1,1,CD4_T_cells,,Tcm/Naive helper T cells,Tcm/Naive helper T cells,0.9995234768031961
CCGTTTGGTCCACAAA-1,3,CD4_T_cells,,Tcm/Naive cytotoxic T cells,Tcm/Naive cytotoxic T cells,0.7554231572625398
CCGTTTGGTCGCAAAC-1,0,Monocytes_CD14,,Classical monocytes,Classical monocytes,0.9478109627768178
CCGTTTGGTGCCGCAA-1,2,T_cells_general,,Regulatory T cells,Regulatory T cells,0.9999999698370958
CCGTTTGGTGTTAAAC-1,3,CD4_T_cells,,Tcm/Naive cytotoxic T cells,Tcm/Naive cytotoxic T cells,0.9994706817425373
CCGTTTGGTTCGCTCA-1,7,Monocytes_general,,Non-classical monocytes,Non-classical monocytes,0.9999868375046986
CCGTTTGGTTTGCAGA-1,1,CD4_T_cells,,Tcm/Naive helper T cells,Tcm/Naive helper T cells,0.9987497192000275
CCTAAAGGTCAATACG-1,3,CD4_T_cells,,Tcm/Naive helper T cells,Tcm/Naive cytotoxic T cells,0.7198541282299314
CCTAAAGGTCATAAGT-1,2,T_cells_general,,Tcm/Naive helper T cells,Tem/Effector helper T cells,0.41414549198675216
CCTAAATCAAGGTAAC-1,1,CD4_T_cells,,Tcm/Naive helper T cells,Tcm/Naive helper T cells,0.9893433868163117
CCTAAGCCAAATGCCC-1,1,CD4_T_cells,,Tcm/Naive helper T cells,Tcm/Naive helper T cells,0.9966506629821756
CCTAAGGTCAAATCGC-1,3,CD4_T_cells,,Tcm/Naive cytotoxic T cells,Tcm/Naive cytotoxic T cells,0.9656963513171373
CCTAAGGTCCCATAAA-1,1,CD4_T_cells,,Tcm/Naive helper T cells,Tcm/Naive helper T cells,0.9999389748239164
CCTAAGGTCGCTATAA-1,0,Monocytes_CD14,,Classical monocytes,Classical monocytes,0.9707681403592833
CCTAAGTAGAGAAGGG-1,4,Cytotoxic_T_NK,,Tem/Temra cytotoxic T cells,Tem/Temra cytotoxic T cells,0.15602176534670686
CCTAAGTAGCCTAATA-1,1,CD4_T_cells,,Tcm/Naive cytotoxic T cells,Tcm/Naive helper T cells,0.8801798095396779
CCTAAGTAGGCTACAT-1,1,CD4_T_cells,,Tcm/Naive helper T cells,Tcm/Naive helper T cells,0.9999379036873864
CCTAAGTAGGGACGCA-1,0,Monocytes_CD14,,Classical monocytes,Classical monocytes,0.9997059677176
CCTAATAAGAACAAGT-1,4,Cytotoxic_T_NK,,Tem/Temra cytotoxic T cells,Tem/Trm cytotoxic T cells,0.9926386845436356
CCTAATCGTCAGTAAT-1,2,T_cells_general,,Regulatory T cells,Regulatory T cells,0.9963578937647986
CCTAATCGTCATCAAG-1,1,CD4_T_cells,,Tcm/Naive helper T cells,Tcm/Naive helper T cells,0.9827456130919349
CCTAATCGTCCTTTAA-1,0,Monocytes_CD14,,Classical monocytes,Classical monocytes,0.9996721126449453
CCTAATCGTTAAGCCA-1,0,Monocytes_CD14,,Classical monocytes,Classical monocytes,0.9680905819561426
CCTAATCGTTTACTTG-1,0,Monocytes_CD14,,Classical monocytes,Classical monocytes,0.9913090047003706
CCTACTGGTGCAATAT-1,1,CD4_T_cells,,Tcm/Naive helper T cells,Tcm/Naive helper T cells,0.9998569999409241
CCTACTGGTGCCGCAA-1,0,Monocytes_CD14,,Classical monocytes,Classical monocytes,0.9999973250510796
CCTACTGGTTCGCGCT-1,0,Monocytes_CD14,,Classical monocytes,Classical monocytes,0.9989007992549958
CCTACTGGTTGCGGAT-1,3,CD4_T_cells,,Tcm/Naive cytotoxic T cells,Tcm/Naive cytotoxic T cells,0.22770961041297985
CCTACTTCAACTAGAA-1,2,T_cells_general,,Tem/Effector helper T cells,Tcm/Naive helper T cells,0.9939354102674792
CCTACTTCAAGTGTTT-1,4,Cytotoxic_T_NK,,Transitional NK,Tem/Temra cytotoxic T cells,0.3071885187522182
CCTACTTCAATTTAGC-1,1,CD4_T_cells,,Tcm/Naive helper T cells,Tcm/Naive helper T cells,0.9770511587190553
CCTACTTCATGTGGGA-1,8,B_cells,,Naive B cells,Naive B cells,0.9999999848584404
CCTAGTTGTAATGGCC-1,3,CD4_T_cells,,Tcm/Naive cytotoxic T cells,Tcm/Naive cytotoxic T cells,0.9968725736220039
CCTAGTTGTACTTCAC-1,7,Monocytes_general,,Non-classical monocytes,Non-classical monocytes,0.9985016410603774
CCTAGTTGTAGTAAGA-1,0,Monocytes_CD14,,Classical monocytes,Classical monocytes,0.9743251899948668
CCTAGTTGTGGATGTC-1,0,Monocytes_CD14,,Classical monocytes,Classical monocytes,0.9999902195274193
CCTAGTTGTTGGATCA-1,0,Monocytes_CD14,,Classical monocytes,Classical monocytes,0.9996778734304745
CCTATAGCAGCACCAT-1,0,Monocytes_CD14,,Classical monocytes,Classical monocytes,0.9999538491285758
CCTATAGCAGTAAAGC-1,0,Monocytes_CD14,,Classical monocytes,Classical monocytes,0.9993468392552075
CCTATAGCAGTAAGTA-1,5,Cytotoxic_T_NK,,CD16+ NK cells,CD16+ NK cells,0.9996188718144289
CCTATAGCAGTTGCGT-1,1,CD4_T_cells,,Tcm/Naive helper T cells,Tcm/Naive helper T cells,0.9839499389298232
CCTATAGCAGTTTACG-1,2,T_cells_general,,Tcm/Naive helper T cells,Tcm/Naive helper T cells,0.9932505157854509
CCTATAGCATTAAGTC-1,0,Monocytes_CD14,,Classical monocytes,Classical monocytes,0.906398200945058
CCTATATTCAAGTGTC-1,0,Monocytes_CD14,,Classical monocytes,Classical monocytes,0.9949720482524788
CCTATATTCCTAATAG-1,0,Monocytes_CD14,,Classical monocytes,Classical monocytes,0.9999997093330703
CCTATATTCCTTAGGG-1,1,CD4_T_cells,,Tcm/Naive helper T cells,Tcm/Naive helper T cells,0.9961955391584447
CCTATATTCGCTTCTA-1,11,pDC,,pDC,pDC,0.9999999999758633
CCTATATTCTTAGGGT-1,2,T_cells_general,,Tcm/Naive helper T cells,Tcm/Naive helper T cells,0.9032801422386154
CCTATTGTCAAGCTTA-1,6,B_cells,,Age-associated B cells,Memory B cells,0.9633482413457277
CCTATTGTCCCTTGCG-1,2,T_cells_general,,Tem/Effector helper T cells,Tcm/Naive helper T cells,0.9624225994678386
CCTATTGTCTCACTAT-1,2,T_cells_general,,Tem/Effector helper T cells,Tem/Effector helper T cells,0.6195363584860415
CCTATTTAGATGGACA-1,3,CD4_T_cells,,Tcm/Naive cytotoxic T cells,Tcm/Naive cytotoxic T cells,0.9992799207139729
CCTATTTAGCAAGACA-1,0,Monocytes_CD14,,Classical monocytes,Classical monocytes,0.9999819808021626
CCTATTTAGGAGTAAT-1,10,Cytotoxic_T_NK,,MAIT cells,MAIT cells,0.8972415344779662
CCTATTTAGGCTAGAA-1,0,Monocytes_CD14,,Classical monocytes,Classical monocytes,0.9993058498013369
CCTATTTAGGGTGGAT-1,0,Monocytes_CD14,,Classical monocytes,Classical monocytes,0.9999919554358201
CCTATTTAGGGTTAGA-1,6,B_cells,,Memory B cells,Memory B cells,0.9544644437033741
CCTATTTAGTTATCTC-1,0,Monocytes_CD14,,Classical monocytes,Classical monocytes,0.9991037860389811
CCTCAAACAAGGTCCT-1,3,CD4_T_cells,,Tcm/Naive cytotoxic T cells,Tcm/Naive cytotoxic T cells,0.9999814186024927
CCTCAAACAAGTGTTT-1,3,CD4_T_cells,,Tcm/Naive cytotoxic T cells,Tcm/Naive helper T cells,0.9934296589794192
CCTCAAACACTAAGTT-1,0,Monocytes_CD14,,Classical monocytes,Classical monocytes,0.9999892967776493
CCTCAAACACTGACTA-1,6,B_cells,,Naive B cells,Memory B cells,0.9998442768759098
CCTCAAACACTTGTTC-1,0,Monocytes_CD14,,Non-classical monocytes,Classical monocytes,0.9894858392735443
CCTCAAACAGTTTACG-1,1,CD4_T_cells,,Tcm/Naive helper T cells,Tcm/Naive helper T cells,0.9999080658309474
CCTCAAACATAGACCC-1,3,CD4_T_cells,,Tcm/Naive helper T cells,Tcm/Naive helper T cells,0.9205036385829461
CCTCAATGTACTGAAT-1,10,Cytotoxic_T_NK,,MAIT cells,MAIT cells,0.9998718427822717
CCTCAGTTCAAGCTAC-1,4,Cytotoxic_T_NK,,Tem/Trm cytotoxic T cells,Tem/Trm cytotoxic T cells,0.9979666867337408
CCTCAGTTCCGGTTGA-1,1,CD4_T_cells,,Tcm/Naive helper T cells,Tcm/Naive helper T cells,0.9909271476014456
CCTCCTCTCATCCTCA-1,1,CD4_T_cells,,Tcm/Naive helper T cells,Tcm/Naive helper T cells,0.9982082748192364
CCTCCTCTCATGCATA-1,1,CD4_T_cells,,Tcm/Naive helper T cells,Tcm/Naive helper T cells,0.6809403426669748
CCTCCTCTCGATTTGA-1,6,B_cells,,Memory B cells,Memory B cells,0.9999993974256811
CCTCCTGAGGACGTAA-1,0,Monocytes_CD14,,Classical monocytes,Classical monocytes,0.9999873316512221
CCTCCTGAGGCAAGTA-1,9,Monocytes_general,,DC1,DC2,0.9996668011551116
CCTCCTGAGGCTTAGT-1,9,Monocytes_general,,Classical monocytes,DC2,0.6256299887944723
CCTCCTGAGTCAGTAC-1,2,T_cells_general,,Tem/Effector helper T cells,Tem/Effector helper T cells,0.5578928660735739
CCTGAATAGAGAGGCT-1,2,T_cells_general,,Regulatory T cells,Regulatory T cells,0.9999999817756272
CCTGAATAGAGGAGGA-1,0,Monocytes_CD14,,Classical monocytes,Classical monocytes,0.4881189094809001
CCTGAATAGCAAGATG-1,5,Cytotoxic_T_NK,,CD16+ NK cells,CD16+ NK cells,0.9999888712171481
CCTGAATAGGTGCGGA-1,2,T_cells_general,,Tem/Effector helper T cells,Tcm/Naive helper T cells,0.9783494156401011
CCTGACTTCCAAGTGT-1,2,T_cells_general,,MAIT cells,Tcm/Naive helper T cells,0.9416206907310549
CCTGACTTCCTTAGGG-1,3,CD4_T_cells,,Tcm/Naive cytotoxic T cells,Tcm/Naive cytotoxic T cells,0.9995476427612295
CCTGAGTCACCCACCT-1,2,T_cells_general,,Tcm/Naive helper T cells,Tcm/Naive helper T cells,0.9974155589008231
CCTGAGTCAGAAATTG-1,3,CD4_T_cells,,Tcm/Naive helper T cells,Tcm/Naive cytotoxic T cells,0.890679358888309
CCTGAGTCAGCGCTTG-1,1,CD4_T_cells,,Tcm/Naive helper T cells,Tcm/Naive helper T cells,0.9999539624541374
CCTGAGTCATAAGGAC-1,9,Monocytes_general,,DC2,DC2,0.9419319656947633
CCTGAGTCATCGCTCC-1,1,CD4_T_cells,,Tcm/Naive helper T cells,Tcm/Naive helper T cells,0.9998347527721244
CCTGAGTCATGAGCAG-1,2,T_cells_general,,Tcm/Naive helper T cells,Tcm/Naive helper T cells,0.8700147134943427
CCTGAGTCATTAGCCA-1,9,Monocytes_general,,DC2,DC2,0.9535104792719038
CCTGATGAGCTAATTG-1,3,CD4_T_cells,,Tcm/Naive helper T cells,Tcm/Naive cytotoxic T cells,0.9987257385472664
CCTGATGAGCTCAAAC-1,3,CD4_T_cells,,Tcm/Naive cytotoxic T cells,Tcm/Naive cytotoxic T cells,0.9998991964764232
CCTGCTCCACAACAAA-1,3,CD4_T_cells,,Tcm/Naive cytotoxic T cells,Tcm/Naive cytotoxic T cells,0.9979175978438821
CCTGCTCCACCTACTT-1,0,Monocytes_CD14,,Classical monocytes,Classical monocytes,0.9899725593275053
CCTGCTCCACTTAGGC-1,7,Monocytes_general,,Non-classical monocytes,Non-classical monocytes,0.9990249633235374
CCTGCTCCAGCATGTC-1,6,B_cells,,Memory B cells,Memory B cells,0.9964737637219787
CCTGCTCCAGGCCTTG-1,7,Monocytes_general,,Non-classical monocytes,Non-classical monocytes,0.999998911962119
CCTGGATCAACAACAA-1,0,Monocytes_CD14,,Classical monocytes,Classical monocytes,0.9999889361369315
CCTGGATCAGGCCAAA-1,4,Cytotoxic_T_NK,,Tem/Temra cytotoxic T cells,Tem/Temra cytotoxic T cells,0.37004615439280997
CCTGGATCAGTTTGGC-1,1,CD4_T_cells,,Tcm/Naive helper T cells,Tcm/Naive helper T cells,0.9929360916113195
CCTGGATCATAAGCAA-1,11,pDC,,pDC,pDC,0.9999999542130905
CCTGGATCATTGTGTG-1,1,CD4_T_cells,,Tcm/Naive helper T cells,Tcm/Naive helper T cells,0.9999796345543253
CCTGGTAAGCCTGATG-1,2,T_cells_general,,Tem/Effector helper T cells,Tcm/Naive helper T cells,0.9899530499263209
CCTGGTAAGCGAGGTG-1,4,Cytotoxic_T_NK,,Tem/Trm cytotoxic T cells,Tem/Trm cytotoxic T cells,0.9997659036095237
CCTGGTAAGGATTGAG-1,3,CD4_T_cells,,Tcm/Naive cytotoxic T cells,Tcm/Naive cytotoxic T cells,0.9987244782298019
CCTGGTAAGGCCTAAT-1,0,Monocytes_CD14,,Classical monocytes,Classical monocytes,0.9999510488986911
CCTGGTAAGGGTCCAC-1,3,CD4_T_cells,,Tcm/Naive cytotoxic T cells,Tcm/Naive cytotoxic T cells,0.9988858322180838
CCTGGTAAGTACTGGT-1,2,T_cells_general,,Tcm/Naive helper T cells,Tcm/Naive helper T cells,0.8682781173224807
CCTGTAACAATTAAGG-1,13,Plasma_cells,,Plasma cells,Plasma cells,0.9999952157791671
CCTGTAACACAACAAA-1,3,CD4_T_cells,,Tcm/Naive cytotoxic T cells,Tcm/Naive cytotoxic T cells,0.9897886089744358
CCTGTAACACTGACTA-1,2,T_cells_general,,Tem/Effector helper T cells,Tem/Effector helper T cells,0.9585274445702576
CCTGTAACAGGAACCA-1,4,Cytotoxic_T_NK,,Tem/Trm cytotoxic T cells,Tem/Temra cytotoxic T cells,0.9998575210882802
CCTGTAACAGGCCTTG-1,3,CD4_T_cells,,Tcm/Naive cytotoxic T cells,Tcm/Naive cytotoxic T cells,0.9906630892955088
CCTGTAACATCACTTC-1,5,Cytotoxic_T_NK,,CD16+ NK cells,CD16+ NK cells,0.9971329224977732
CCTGTAACATGTCGCG-1,3,CD4_T_cells,,Tcm/Naive cytotoxic T cells,Tcm/Naive cytotoxic T cells,0.998929699888172
CCTGTAACATTAAGTC-1,3,CD4_T_cells,,Tcm/Naive helper T cells,Tcm/Naive cytotoxic T cells,0.9811102688975007
CCTGTATGTCACCTAT-1,0,Monocytes_CD14,,Classical monocytes,Classical monocytes,0.9980242398201633
CCTGTATGTCCTTAGT-1,0,Monocytes_CD14,,Non-classical monocytes,Classical monocytes,0.995917100969669
CCTGTATGTGGGAACA-1,3,CD4_T_cells,,Tcm/Naive cytotoxic T cells,Tcm/Naive cytotoxic T cells,0.6760729237752556
CCTGTATGTTGCTGGG-1,0,Monocytes_CD14,,Classical monocytes,Classical monocytes,0.9908605291310635
CCTGTATGTTTGCGAA-1,2,T_cells_general,,Tcm/Naive helper T cells,Tcm/Naive helper T cells,0.9338473456542756
CCTGTTGGTCAATGTG-1,1,CD4_T_cells,,Tcm/Naive helper T cells,Regulatory T cells,0.9992216650428184
CCTGTTGGTTATCGAG-1,3,CD4_T_cells,,Tcm/Naive cytotoxic T cells,Tcm/Naive cytotoxic T cells,0.9971428872840491
CCTGTTGGTTGTTCAC-1,3,CD4_T_cells,,Tcm/Naive cytotoxic T cells,Tcm/Naive cytotoxic T cells,0.9854445175958815
CCTTAACGTCAAGACC-1,3,CD4_T_cells,,Tcm/Naive cytotoxic T cells,Tcm/Naive cytotoxic T cells,0.9835248287152619
CCTTAACGTCAATAGT-1,1,CD4_T_cells,,Tcm/Naive helper T cells,Tcm/Naive helper T cells,0.9955611646776271
CCTTAACGTGACCTGG-1,3,CD4_T_cells,,Tcm/Naive cytotoxic T cells,Tcm/Naive cytotoxic T cells,0.9963119730387016
CCTTAACGTGCTAGAC-1,0,Monocytes_CD14,,Classical monocytes,Classical monocytes,0.9455231912217805
CCTTAACGTGCTTTAC-1,0,Monocytes_CD14,,Classical monocytes,Classical monocytes,0.999456375247368
CCTTAACGTTAGGCTA-1,4,Cytotoxic_T_NK,,CRTAM+ gamma-delta T cells,Tem/Temra cytotoxic T cells,0.4116917519624796
CCTTAACGTTGAGCCG-1,4,Cytotoxic_T_NK,,Tem/Trm cytotoxic T cells,Tem/Trm cytotoxic T cells,0.7663605475569027
CCTTACTCAAGCGAGC-1,3,CD4_T_cells,,Tcm/Naive cytotoxic T cells,Tcm/Naive cytotoxic T cells,0.998994399988584
CCTTACTCAATTAGGA-1,0,Monocytes_CD14,,Classical monocytes,Classical monocytes,0.9998693803440484
CCTTACTCAATTTGGT-1,0,Monocytes_CD14,,Classical monocytes,Classical monocytes,0.9723504833041032
CCTTACTCACTAAGCC-1,9,Monocytes_general,,DC2,DC2,0.9422831022070687
CCTTACTCACTAGGTC-1,5,Cytotoxic_T_NK,,CD16- NK cells,CD16+ NK cells,0.9970554890850509
CCTTACTCAGCACGTT-1,0,Monocytes_CD14,,Classical monocytes,Classical monocytes,0.9795676926519714
CCTTACTCAGCCAGAA-1,1,CD4_T_cells,,Tcm/Naive helper T cells,Tcm/Naive helper T cells,0.9999812648961838
CCTTACTCAGGTTATT-1,1,CD4_T_cells,,Tcm/Naive helper T cells,Tcm/Naive helper T cells,0.8083871071013699
CCTTAGTGTACCAGGT-1,2,T_cells_general,,Tcm/Naive helper T cells,Tcm/Naive helper T cells,0.9973622032149131
CCTTAGTGTATTGGAT-1,7,Monocytes_general,,Non-classical monocytes,Non-classical monocytes,0.999999968746012
CCTTATGTCCCTGGAA-1,2,T_cells_general,,Tcm/Naive helper T cells,Tcm/Naive helper T cells,0.9910993650434109
CCTTATGTCCTTGCAC-1,1,CD4_T_cells,,Tcm/Naive helper T cells,Tcm/Naive helper T cells,0.9953796653398905
CCTTATGTCGCTATAA-1,2,T_cells_general,,Tcm/Naive helper T cells,Tcm/Naive helper T cells,0.9584586632568758
CCTTATGTCGTAATCA-1,0,Monocytes_CD14,,Classical monocytes,Classical monocytes,0.9620750243406994
CCTTCAATCATGCTAA-1,0,Monocytes_CD14,,Non-classical monocytes,Classical monocytes,0.7765007123885272
CCTTCAATCCTCATGC-1,4,Cytotoxic_T_NK,,CD16+ NK cells,Tem/Temra cytotoxic T cells,0.3420268736806586
CCTTCAATCCTTAGGG-1,1,CD4_T_cells,,Tcm/Naive helper T cells,Tcm/Naive helper T cells,0.9966740308541858
CCTTCAATCGTCATTT-1,0,Monocytes_CD14,,Classical monocytes,Classical monocytes,0.9910213311786668
CCTTCAATCTCAATGA-1,0,Monocytes_CD14,,Classical monocytes,Classical monocytes,0.9999396577837709
CCTTCAATCTTAGTCT-1,2,T_cells_general,,Tem/Temra cytotoxic T cells,Tem/Effector helper T cells,0.963875644598047
CCTTCAGGTAGTTACG-1,4,Cytotoxic_T_NK,,Tem/Temra cytotoxic T cells,Tem/Temra cytotoxic T cells,0.9999183270258054
CCTTCAGGTATACTGG-1,3,CD4_T_cells,,Tcm/Naive cytotoxic T cells,Tcm/Naive cytotoxic T cells,0.999360493698743
CCTTCAGGTCCTTCTC-1,5,Cytotoxic_T_NK,,CD16+ NK cells,CD16+ NK cells,0.9059266741731187
CCTTCAGGTCTAGCTT-1,5,Cytotoxic_T_NK,,CD16- NK cells,CD16+ NK cells,0.6091364758024437
CCTTCAGGTGTTAGCA-1,1,CD4_T_cells,,Tcm/Naive helper T cells,Tcm/Naive helper T cells,0.9977251900940348
CCTTCAGGTGTTTGTC-1,6,B_cells,,Memory B cells,Memory B cells,0.9999949745746458
CCTTCAGGTTGAGGTC-1,1,CD4_T_cells,,Tcm/Naive helper T cells,Tcm/Naive helper T cells,0.9999917857300312
CCTTCAGGTTTGCAGA-1,3,CD4_T_cells,,Tcm/Naive cytotoxic T cells,Tcm/Naive cytotoxic T cells,0.7970000117559287
CCTTCGGTCAAGCCTG-1,1,CD4_T_cells,,Tcm/Naive helper T cells,Tcm/Naive helper T cells,0.8601156450166243
CCTTCGGTCAGCTAAC-1,0,Monocytes_CD14,,Classical monocytes,Classical monocytes,0.8522817841640574
CCTTCGGTCATGGTTA-1,1,CD4_T_cells,,Tcm/Naive helper T cells,Tcm/Naive helper T cells,0.9999797704454702
CCTTCGGTCGCTAGCA-1,0,Monocytes_CD14,,Non-classical monocytes,Classical monocytes,0.03836409110128811
CCTTCGGTCTCCATGC-1,0,Monocytes_CD14,,Classical monocytes,Classical monocytes,0.99996473635583
CCTTCGTAGATTGAGG-1,2,T_cells_general,,Tcm/Naive helper T cells,Tcm/Naive helper T cells,0.2069777973838202
CCTTCGTAGCACTTGG-1,0,Monocytes_CD14,,Classical monocytes,Classical monocytes,0.9975377023946529
CCTTCGTAGCCAGTAT-1,0,Monocytes_CD14,,Classical monocytes,Classical monocytes,0.9998751935782612
CCTTCGTAGGCCGGAA-1,0,Monocytes_CD14,,Classical monocytes,Classical monocytes,0.9999256997464345
CCTTCGTAGGTAAGCA-1,7,Monocytes_general,,Non-classical monocytes,Non-classical monocytes,0.9999001466994261
CCTTCGTAGGTTTGCG-1,0,Monocytes_CD14,,Classical monocytes,Classical monocytes,0.9880058948715956
CCTTCGTAGTATGTGC-1,2,T_cells_general,,Tcm/Naive helper T cells,Tcm/Naive helper T cells,0.9871439252971356
CCTTCGTAGTTAGTTG-1,1,CD4_T_cells,,Tcm/Naive helper T cells,Tcm/Naive helper T cells,0.9999732772266066
CCTTCGTAGTTGTCAA-1,0,Monocytes_CD14,,Classical monocytes,Classical monocytes,0.9998587389315229
CCTTGCGTCCTTGCGT-1,9,Monocytes_general,,DC2,DC2,0.9999981376330845
CCTTGCGTCGCTAGTG-1,1,CD4_T_cells,,CD16- NK cells,Tcm/Naive helper T cells,0.6072771668376836
CCTTGCGTCGCTTCTA-1,2,T_cells_general,,Tcm/Naive helper T cells,Tcm/Naive helper T cells,0.9968730434038579
CCTTGCGTCGGCTAGC-1,0,Monocytes_CD14,,Classical monocytes,Classical monocytes,0.9904137184305865
CCTTGCGTCTCCTCTT-1,3,CD4_T_cells,,Tcm/Naive cytotoxic T cells,Tcm/Naive cytotoxic T cells,0.9960842462688765
CCTTGCGTCTTAGGGT-1,1,CD4_T_cells,,Tcm/Naive helper T cells,Tcm/Naive helper T cells,0.9999076263751536
CCTTGTTCAAACCTTG-1,2,T_cells_general,,Tcm/Naive helper T cells,Tem/Effector helper T cells,0.4784744954703916
CCTTGTTCAACAGGAT-1,0,Monocytes_CD14,,Classical monocytes,Classical monocytes,0.9999998175119247
CCTTGTTCACGAACAG-1,3,CD4_T_cells,,Tcm/Naive helper T cells,Tcm/Naive cytotoxic T cells,0.6895287613635916
CCTTGTTCATCCCGCT-1,2,T_cells_general,,Tem/Effector helper T cells,Tem/Effector helper T cells,0.8380770102788391
CCTTGTTCATCTAGCA-1,7,Monocytes_general,,Non-classical monocytes,Non-classical monocytes,0.9999846001359397
CCTTGTTCATGCTTAG-1,8,B_cells,,Naive B cells,Naive B cells,0.9999998675815573
CCTTGTTCATTGACAT-1,2,T_cells_general,,Tcm/Naive helper T cells,Tem/Effector helper T cells,0.9624686847444703
CCTTTAGTCATTGTCT-1,0,Monocytes_CD14,,Classical monocytes,Classical monocytes,0.9990244747630637
CCTTTAGTCCAGGTTG-1,1,CD4_T_cells,,Tcm/Naive helper T cells,Tcm/Naive helper T cells,0.9958796793269221
CCTTTAGTCCCGCCTA-1,5,Cytotoxic_T_NK,,CD16+ NK cells,CD16+ NK cells,0.9999955718785842
CCTTTAGTCCCTCATA-1,0,Monocytes_CD14,,Classical monocytes,Classical monocytes,0.9995676749303993
CCTTTAGTCCTCGATC-1,2,T_cells_general,,Tcm/Naive helper T cells,Tcm/Naive helper T cells,0.9539670026956242
CCTTTAGTCCTGCGAA-1,2,T_cells_general,,Tcm/Naive helper T cells,Tcm/Naive helper T cells,0.33675623681752753
CCTTTAGTCTGTGCCT-1,6,B_cells,,Naive B cells,Memory B cells,0.9991285615923663
CCTTTAGTCTTGACCC-1,4,Cytotoxic_T_NK,,Tem/Trm cytotoxic T cells,Tem/Trm cytotoxic T cells,0.9976775400734866
CGAAATGAGACCATAC-1,2,T_cells_general,,Tcm/Naive helper T cells,Tcm/Naive helper T cells,0.7416435986347605
CGAAATGAGATTGAGG-1,1,CD4_T_cells,,Tcm/Naive helper T cells,Tcm/Naive helper T cells,0.9926030639489298
CGAAATGAGCTGCACA-1,0,Monocytes_CD14,,Classical monocytes,Classical monocytes,0.9475782038716385
CGAAATGAGCTTACTT-1,0,Monocytes_CD14,,Classical monocytes,Classical monocytes,0.9996217965167423
CGAAATGAGGACCTTG-1,0,Monocytes_CD14,,Classical monocytes,Classical monocytes,0.9997252254802524
CGAAATGAGTGAGCAA-1,1,CD4_T_cells,,Tcm/Naive helper T cells,Tcm/Naive helper T cells,0.9997254198709717
CGAACAAAGCACTTGG-1,7,Monocytes_general,,Non-classical monocytes,Non-classical monocytes,0.9999202290779399
CGAACAAAGCCTAATA-1,1,CD4_T_cells,,Tcm/Naive helper T cells,Tcm/Naive helper T cells,0.9999998693960497
CGAACAAAGCTAATCA-1,0,Monocytes_CD14,,Classical monocytes,Classical monocytes,0.9999272228374114
CGAACAAAGCTCCTAC-1,3,CD4_T_cells,,Tcm/Naive cytotoxic T cells,Tcm/Naive cytotoxic T cells,0.9770021376552795
CGAACAAAGGACTTAC-1,0,Monocytes_CD14,,Classical monocytes,Classical monocytes,0.9999991070729111
CGAACAAAGGCGGGTA-1,3,CD4_T_cells,,Tcm/Naive helper T cells,Tcm/Naive cytotoxic T cells,0.9838697594632939
CGAACAAAGGTCCTGA-1,4,Cytotoxic_T_NK,,Tem/Temra cytotoxic T cells,Tem/Temra cytotoxic T cells,0.040477319503573236
CGAACAAAGTAACTCA-1,0,Monocytes_CD14,,Classical monocytes,Classical monocytes,0.8462082548941658
CGAACAAAGTTTCCGC-1,0,Monocytes_CD14,,Classical monocytes,Classical monocytes,0.99985229965554
CGAACCGGTACCGGAT-1,2,T_cells_general,,Tcm/Naive helper T cells,Tcm/Naive helper T cells,0.9993895334281309
CGAACCGGTAGCCATA-1,2,T_cells_general,,Tcm/Naive helper T cells,Tcm/Naive helper T cells,0.9984818768461582
CGAACCGGTCAATACG-1,3,CD4_T_cells,,Tcm/Naive cytotoxic T cells,Tcm/Naive cytotoxic T cells,0.970484491974967
CGAACCGGTCACGAAC-1,0,Monocytes_CD14,,Classical monocytes,Classical monocytes,0.9928002634165767
CGAACCGGTCACGGAT-1,0,Monocytes_CD14,,Classical monocytes,Classical monocytes,0.5167424068645919
CGAACCGGTGAGACTC-1,0,Monocytes_CD14,,Classical monocytes,Classical monocytes,0.9999763863330406
CGAACCGGTGGATTAT-1,4,Cytotoxic_T_NK,,Tcm/Naive helper T cells,Tem/Trm cytotoxic T cells,0.0599193858859172
CGAACCGGTGGCTTCC-1,3,CD4_T_cells,,Tcm/Naive cytotoxic T cells,Tcm/Naive cytotoxic T cells,0.996153149953391
CGAACCGGTTAGGCTA-1,2,T_cells_general,,Tem/Effector helper T cells,Tem/Effector helper T cells,0.9995600587905904
CGAACCGGTTCAAGCA-1,1,CD4_T_cells,,Tcm/Naive helper T cells,Tcm/Naive helper T cells,0.9999874025203371
CGAAGAATCACTAAGC-1,3,CD4_T_cells,,Tcm/Naive cytotoxic T cells,Tcm/Naive cytotoxic T cells,0.9997041438078378
CGAAGAATCACTCGCT-1,9,Monocytes_general,,DC2,DC2,0.9885400762766192
CGAAGAATCATTTAGG-1,8,B_cells,,Naive B cells,Naive B cells,0.9999999166406245
CGAAGAATCCGGTTAG-1,8,B_cells,,Naive B cells,Naive B cells,0.9999999995218938
CGAAGAATCGAAGCGG-1,0,Monocytes_CD14,,Classical monocytes,Classical monocytes,0.9807939120993437
CGAAGAATCGCATTAA-1,7,Monocytes_general,,CD16+ NK cells,Tcm/Naive helper T cells,0.5882316502665049
CGAAGCCTCATGCTAA-1,7,Monocytes_general,,Non-classical monocytes,Non-classical monocytes,0.999914231681562
CGAAGCCTCATGTTTC-1,3,CD4_T_cells,,Tcm/Naive cytotoxic T cells,Tcm/Naive cytotoxic T cells,0.9999982256212219
CGAAGCCTCCGCTAGA-1,6,B_cells,,Memory B cells,Memory B cells,0.9994539064884528
CGAAGCCTCTTAGCCC-1,6,B_cells,,Naive B cells,Memory B cells,0.9982340435486379
CGAAGCGAGATGCCTG-1,0,Monocytes_CD14,,Non-classical monocytes,Classical monocytes,0.9898882955291309
CGAAGCGAGGCAATAG-1,2,T_cells_general,,Tcm/Naive helper T cells,Tcm/Naive helper T cells,0.998879536404472
CGAAGCGAGGCGCTAC-1,1,CD4_T_cells,,Tcm/Naive helper T cells,Tcm/Naive cytotoxic T cells,0.9943198458245707
CGAAGCGAGGCTACAT-1,4,Cytotoxic_T_NK,,Tem/Temra cytotoxic T cells,Tem/Temra cytotoxic T cells,0.8887238622547088
CGAAGCGAGGGCTAAA-1,0,Monocytes_CD14,,Classical monocytes,Classical monocytes,0.9999935970851815
CGAAGCGAGGTGCTGC-1,0,Monocytes_CD14,,Classical monocytes,Classical monocytes,0.9998090850593349
CGAAGCGAGGTTTGCG-1,3,CD4_T_cells,,Tcm/Naive cytotoxic T cells,Tcm/Naive helper T cells,0.9400565036776544
CGAAGCGAGTAGCGCC-1,2,T_cells_general,,Tcm/Naive helper T cells,Tem/Effector helper T cells,0.7760335985994599
CGAAGCGAGTTAGAGG-1,6,B_cells,,Memory B cells,Memory B cells,0.9553764778883336
CGAAGGCCAACAACAA-1,0,Monocytes_CD14,,Classical monocytes,Classical monocytes,0.9999029437817384
CGAAGGCCAAGCTTAT-1,10,Cytotoxic_T_NK,,MAIT cells,MAIT cells,0.9984025585048212
CGAAGGCCACCTACGG-1,3,CD4_T_cells,,Tcm/Naive cytotoxic T cells,Tcm/Naive cytotoxic T cells,0.9999224904475863
CGAAGGCCACGCAACT-1,1,CD4_T_cells,,Tcm/Naive helper T cells,Tcm/Naive helper T cells,0.9999520218410862
CGAAGGCCAGGCGATA-1,0,Monocytes_CD14,,Classical monocytes,Classical monocytes,0.823894436651589
CGAAGTAAGCACGTTG-1,8,B_cells,,Naive B cells,Naive B cells,0.9895446043554055
CGAAGTAAGGACCGCT-1,2,T_cells_general,,Tcm/Naive helper T cells,Tcm/Naive helper T cells,0.9320279278831762
CGAAGTAAGGGACGCA-1,2,T_cells_general,,Regulatory T cells,Regulatory T cells,0.9999394430902181
CGAAGTAAGGTATTGC-1,7,Monocytes_general,,Non-classical monocytes,Non-classical monocytes,0.9999994684306214
CGAAGTAAGTGGCGGA-1,0,Monocytes_CD14,,Classical monocytes,Classical monocytes,0.9999588771634427
CGAATATGTCAGTAAT-1,1,CD4_T_cells,,Tcm/Naive helper T cells,Tcm/Naive helper T cells,0.9999969607741325
CGAATATGTCCCGAAG-1,0,Monocytes_CD14,,Classical monocytes,Classical monocytes,0.9999321733183627
CGAATATGTCCTAGTT-1,3,CD4_T_cells,,Tcm/Naive cytotoxic T cells,Tcm/Naive cytotoxic T cells,0.9999695356527323
CGAATATGTGAAACAA-1,4,Cytotoxic_T_NK,,Tem/Temra cytotoxic T cells,Tem/Temra cytotoxic T cells,0.5302063831925724
CGAATATGTGCAACTA-1,1,CD4_T_cells,,Tcm/Naive helper T cells,Tcm/Naive helper T cells,0.9999196612378112
CGAATATGTGGGTACT-1,0,Monocytes_CD14,,Classical monocytes,Classical monocytes,0.9999953715349058
CGAATATGTGGTGAGA-1,0,Monocytes_CD14,,Classical monocytes,Classical monocytes,0.9989389950174964
CGAATATGTTGTTGCT-1,0,Monocytes_CD14,,Classical monocytes,Classical monocytes,0.6493217418466434
CGAATCTAGACACCGC-1,3,CD4_T_cells,,Tcm/Naive cytotoxic T cells,Tcm/Naive cytotoxic T cells,0.9771364559424461
CGAATCTAGCACCACA-1,3,CD4_T_cells,,Tcm/Naive cytotoxic T cells,Tcm/Naive cytotoxic T cells,0.94614616800565
CGAATCTAGGCCAATT-1,3,CD4_T_cells,,Tcm/Naive helper T cells,Tcm/Naive cytotoxic T cells,0.956966678240985
CGAATCTAGTAAGGGC-1,2,T_cells_general,,Tcm/Naive helper T cells,Tem/Effector helper T cells,0.8150157132219412
CGAATCTAGTCGCAAT-1,1,CD4_T_cells,,Tcm/Naive helper T cells,Tcm/Naive helper T cells,0.1245840043837125
CGAATCTAGTCTATGA-1,0,Monocytes_CD14,,Classical monocytes,Classical monocytes,0.9728408471514176
CGAATCTAGTTAGACC-1,7,Monocytes_general,,Non-classical monocytes,Non-classical monocytes,0.9999888265877321
CGACAAGCAAGCTAAA-1,1,CD4_T_cells,,Tcm/Naive helper T cells,Tcm/Naive helper T cells,0.9979287987464333
CGACAAGCACCTAATG-1,2,T_cells_general,,Tcm/Naive helper T cells,Tcm/Naive helper T cells,0.9999964273385978
CGACAAGCAGGTTCAC-1,0,Monocytes_CD14,,Non-classical monocytes,Classical monocytes,0.9908268239402566
CGACAAGCATAGGCGA-1,0,Monocytes_CD14,,Classical monocytes,Classical monocytes,0.9958649360929176
CGACCTGCAAGACTCC-1,0,Monocytes_CD14,,Classical monocytes,Classical monocytes,0.9999992950133515
CGACCTGCAAGGGTTG-1,2,T_cells_general,,Tcm/Naive helper T cells,Tcm/Naive helper T cells,0.9969108410744895
CGACCTGCAAGGTGCA-1,3,CD4_T_cells,,Tcm/Naive cytotoxic T cells,Tcm/Naive cytotoxic T cells,0.9997287492136471
CGACCTGCACCTACGG-1,9,Monocytes_general,,Classical monocytes,Classical monocytes,0.9978187244889064
CGACCTGCACCTCAGG-1,8,B_cells,,Naive B cells,Naive B cells,0.9999998491497565
CGACCTGCACTCAACA-1,0,Monocytes_CD14,,Classical monocytes,Classical monocytes,0.999680330989907
CGACCTGCAGGGAGCT-1,2,T_cells_general,,Tem/Effector helper T cells,Tcm/Naive helper T cells,0.9952146960177672
CGACCTGCATAAAGCA-1,1,CD4_T_cells,,Tcm/Naive helper T cells,Tcm/Naive helper T cells,0.9999532920774659
CGACCTGCATCGTTCT-1,2,T_cells_general,,Tcm/Naive helper T cells,Tem/Effector helper T cells,0.7915097082122448
CGACCTGCATTGACAT-1,3,CD4_T_cells,,Tcm/Naive cytotoxic T cells,Tcm/Naive cytotoxic T cells,0.9918335351593035
CGACTAAGTGCTAGCG-1,5,Cytotoxic_T_NK,,CD16+ NK cells,CD16+ NK cells,0.9696679102301674
CGACTAAGTGCTCCGT-1,0,Monocytes_CD14,,Classical monocytes,Classical monocytes,0.9897424817680587
CGACTAAGTTACATCC-1,0,Monocytes_CD14,,Classical monocytes,Classical monocytes,0.9999971453910466
CGACTAAGTTACTTCA-1,0,Monocytes_CD14,,Classical monocytes,Classical monocytes,0.9999999840263398
CGACTAAGTTTGGGCG-1,1,CD4_T_cells,,Tcm/Naive helper T cells,Tcm/Naive helper T cells,0.999994181359542
CGAGCGAAGCGAAGTA-1,3,CD4_T_cells,,Tcm/Naive cytotoxic T cells,Tcm/Naive cytotoxic T cells,0.9999766328029699
CGAGCGAAGGAACCAA-1,2,T_cells_general,,Regulatory T cells,Tem/Effector helper T cells,0.5292659206879514
CGAGCGAAGTAAGTGG-1,1,CD4_T_cells,,Tcm/Naive helper T cells,Tcm/Naive helper T cells,0.9912132225719595
CGAGCGAAGTATTGTG-1,2,T_cells_general,,MAIT cells,Tcm/Naive helper T cells,0.9672964832544934
CGAGCTGGTAAGCACC-1,0,Monocytes_CD14,,Classical monocytes,Classical monocytes,0.99902393040829
CGAGCTGGTTAAGCCA-1,0,Monocytes_CD14,,Classical monocytes,Classical monocytes,0.9626229097564462
CGAGCTGGTTTAACGG-1,0,Monocytes_CD14,,Classical monocytes,Classical monocytes,0.6743646101031027
CGAGGAAGTAAGCTCA-1,8,B_cells,,Naive B cells,Naive B cells,0.9999847284758152
CGAGGAAGTTCATCTA-1,0,Monocytes_CD14,,Classical monocytes,Classical monocytes,0.9409067938096074
CGAGGCAAGCTGTACG-1,0,Monocytes_CD14,,Classical monocytes,Classical monocytes,0.9999959422485593
CGAGGCAAGGTCCAAT-1,5,Cytotoxic_T_NK,,CD16+ NK cells,CD16+ NK cells,0.9400151208695405
CGAGGCAAGTAACGAG-1,8,B_cells,,Naive B cells,Naive B cells,0.9999944536906432
CGAGGCAAGTAAGTCC-1,1,CD4_T_cells,,Tcm/Naive helper T cells,Tcm/Naive helper T cells,0.98959595812229
CGAGGCAAGTGATTCA-1,1,CD4_T_cells,,Tcm/Naive helper T cells,Tcm/Naive helper T cells,0.9974273678265567
CGAGGCAAGTTAGTGC-1,1,CD4_T_cells,,Tcm/Naive helper T cells,Tcm/Naive helper T cells,0.9991669727153052
CGAGGCAAGTTGGCCA-1,8,B_cells,,Naive B cells,Naive B cells,0.9999996589201974
CGAGGTGAGACAACAG-1,4,Cytotoxic_T_NK,,Tem/Temra cytotoxic T cells,Tem/Temra cytotoxic T cells,0.8158131513981085
CGAGGTGAGACTTACA-1,3,CD4_T_cells,,Tcm/Naive helper T cells,Tcm/Naive helper T cells,0.7446053664993469
CGAGGTGAGCCTCTCG-1,4,Cytotoxic_T_NK,,Tem/Trm cytotoxic T cells,Tem/Temra cytotoxic T cells,0.17905394759545126
CGAGGTGAGGACCTCA-1,1,CD4_T_cells,,Tcm/Naive helper T cells,Tcm/Naive helper T cells,0.9999495365905606
CGAGGTGAGGAGGCAT-1,5,Cytotoxic_T_NK,,CD16+ NK cells,CD16+ NK cells,0.9999210603010671
CGAGGTGAGGCATTAC-1,0,Monocytes_CD14,,Classical monocytes,Classical monocytes,0.9999391630209369
CGAGGTGAGTTATCTC-1,3,CD4_T_cells,,Tcm/Naive cytotoxic T cells,Tcm/Naive cytotoxic T cells,0.9998146480399819
CGAGTCGGTCATAGAT-1,0,Monocytes_CD14,,Classical monocytes,Classical monocytes,0.99507482899466
CGAGTCGGTGCCGCAA-1,1,CD4_T_cells,,Tcm/Naive helper T cells,Tcm/Naive helper T cells,0.9959301611476309
CGATATTCACACCAAC-1,3,CD4_T_cells,,Tcm/Naive cytotoxic T cells,Tcm/Naive cytotoxic T cells,0.9931629153347933
CGATATTCACTGGCCA-1,0,Monocytes_CD14,,Classical monocytes,Classical monocytes,0.9858614885426616
CGATATTCAGCACCAT-1,3,CD4_T_cells,,Tcm/Naive cytotoxic T cells,Tcm/Naive cytotoxic T cells,0.9956835794054181
CGATATTCATGTCAAT-1,1,CD4_T_cells,,Tcm/Naive helper T cells,Tcm/Naive helper T cells,0.9999910295837463
CGATATTCATGTCGCG-1,2,T_cells_general,,Tcm/Naive helper T cells,Tcm/Naive helper T cells,0.7170206603287865
CGATCCTTCACTAATG-1,0,Monocytes_CD14,,Classical monocytes,Classical monocytes,0.9998411447416296
CGATCCTTCAGCAAGA-1,0,Monocytes_CD14,,Classical monocytes,Classical monocytes,0.999909959030355
CGATCCTTCTACCTGC-1,0,Monocytes_CD14,,Classical monocytes,Classical monocytes,0.9999987062754783
CGATCCTTCTCTAGCC-1,1,CD4_T_cells,,Tcm/Naive helper T cells,Tcm/Naive helper T cells,0.991151262485618
CGATGTCCAAACGCGA-1,1,CD4_T_cells,,Tcm/Naive helper T cells,Tcm/Naive helper T cells,0.9997866769216944
CGATGTCCAAAGGTAC-1,0,Monocytes_CD14,,Classical monocytes,Classical monocytes,0.9993247301031146
CGATGTCCACTTCATC-1,0,Monocytes_CD14,,Classical monocytes,Classical monocytes,0.9824425460581957
CGATGTCCAGTAGGTG-1,3,CD4_T_cells,,Tcm/Naive cytotoxic T cells,Tcm/Naive cytotoxic T cells,0.8999332336484903
CGATGTCCATGGCCTG-1,2,T_cells_general,,Tcm/Naive helper T cells,Tcm/Naive helper T cells,0.815162136295668
CGATTATCAAGGCCAA-1,8,B_cells,,Naive B cells,Naive B cells,0.9999999276606676
CGATTATCAATGCGCT-1,10,Cytotoxic_T_NK,,MAIT cells,MAIT cells,0.9994224299319244
CGATTATCACAATACT-1,0,Monocytes_CD14,,Classical monocytes,Classical monocytes,0.9997150656055324
CGATTATCACAGAACG-1,4,Cytotoxic_T_NK,,CD16+ NK cells,Tem/Temra cytotoxic T cells,0.3143665304232419
CGATTATCACTCAACA-1,0,Monocytes_CD14,,Classical monocytes,Classical monocytes,0.9992679310050862
CGATTATCAGGTATTT-1,10,Cytotoxic_T_NK,,MAIT cells,MAIT cells,0.9981144893579982
CGATTATCAGTCTAAT-1,7,Monocytes_general,,Non-classical monocytes,Non-classical monocytes,0.999999763975697
CGATTCCTCCGTGACA-1,0,Monocytes_CD14,,Classical monocytes,Classical monocytes,0.9999896893041876
CGATTCCTCGATTATG-1,0,Monocytes_CD14,,Classical monocytes,Classical monocytes,0.9998929631454034
CGATTCCTCGCGCTAA-1,0,Monocytes_CD14,,Classical monocytes,Classical monocytes,0.7258037289384364
CGATTCCTCGTTAAGC-1,0,Monocytes_CD14,,Classical monocytes,Classical monocytes,0.9999977855575949
CGATTCCTCTCCTCAA-1,2,T_cells_general,,Tcm/Naive helper T cells,Tcm/Naive helper T cells,0.4330840652884276
CGATTCCTCTTGCTAT-1,3,CD4_T_cells,,Tcm/Naive cytotoxic T cells,Tcm/Naive cytotoxic T cells,0.9999112278539987
CGATTCCTCTTGTCTG-1,5,Cytotoxic_T_NK,,CD16- NK cells,CD16+ NK cells,0.4355968512413739
CGATTCCTCTTTGACT-1,0,Monocytes_CD14,,Classical monocytes,Classical monocytes,0.993293704011856
CGATTGAGTAGCCTAA-1,0,Monocytes_CD14,,Classical monocytes,Classical monocytes,0.998406717639463
CGATTGAGTTAAGGTT-1,1,CD4_T_cells,,Tcm/Naive helper T cells,Regulatory T cells,0.9473943766003453
CGATTTGCAAACATAG-1,2,T_cells_general,,Tcm/Naive helper T cells,Tcm/Naive helper T cells,0.6519445343744061
CGATTTGCAAACGCGA-1,3,CD4_T_cells,,Tcm/Naive cytotoxic T cells,Tcm/Naive cytotoxic T cells,0.9984843100029483
CGATTTGCAAATACCT-1,2,T_cells_general,,Tcm/Naive helper T cells,Tcm/Naive helper T cells,0.9824038931654846
CGATTTGCAATCCTGA-1,0,Monocytes_CD14,,Classical monocytes,Classical monocytes,0.9998900720371593
CGATTTGCACAGACTC-1,3,CD4_T_cells,,Tcm/Naive cytotoxic T cells,Tcm/Naive cytotoxic T cells,0.983730754244918
CGATTTGCAGTAAGTA-1,0,Monocytes_CD14,,Classical monocytes,Classical monocytes,0.9999891011046587
CGATTTGCATTGCGTA-1,1,CD4_T_cells,,Tcm/Naive helper T cells,Tcm/Naive helper T cells,0.9999853958417346
CGATTTGCATTGTCAG-1,0,Monocytes_CD14,,Classical monocytes,Classical monocytes,0.999884936315227
CGCAAATTCGCTTGCT-1,3,CD4_T_cells,,Tcm/Naive cytotoxic T cells,Tcm/Naive cytotoxic T cells,0.9999886973013259
CGCAAATTCGTTAGTA-1,3,CD4_T_cells,,Tcm/Naive cytotoxic T cells,Tcm/Naive cytotoxic T cells,0.999383377600593
CGCAAATTCTATTGTC-1,2,T_cells_general,,CD16+ NK cells,Tem/Effector helper T cells,0.1927512404502071
CGCAATAGTAGGTTGC-1,3,CD4_T_cells,,Tcm/Naive cytotoxic T cells,Tcm/Naive cytotoxic T cells,0.9915152045264419
CGCAATAGTCATTGTC-1,2,T_cells_general,,Tcm/Naive helper T cells,Tcm/Naive helper T cells,0.9526290682563361
CGCAATAGTTGCGCGA-1,2,T_cells_general,,Tem/Effector helper T cells,Tem/Effector helper T cells,0.4662088013650635
CGCAATCCAACTAGGG-1,1,CD4_T_cells,,Tcm/Naive helper T cells,Tcm/Naive helper T cells,0.8133685561216533
CGCAATCCAAGATTCT-1,5,Cytotoxic_T_NK,,NK cells,CD16+ NK cells,0.7298536849666852
CGCAATCCAGGCTAGA-1,1,CD4_T_cells,,Tcm/Naive helper T cells,Tcm/Naive helper T cells,0.9995417888401041
CGCAATCCAGTATGTT-1,1,CD4_T_cells,,Tcm/Naive helper T cells,Tcm/Naive helper T cells,0.9983348472755841
CGCAATCCAGTTTCTC-1,0,Monocytes_CD14,,Classical monocytes,Classical monocytes,0.9967893829301477
CGCAATCCATCCTGAA-1,3,CD4_T_cells,,Tcm/Naive cytotoxic T cells,Tcm/Naive cytotoxic T cells,0.999989343835653
CGCAATCCATTATGAC-1,5,Cytotoxic_T_NK,,CD16+ NK cells,CD16+ NK cells,0.9987755828338475
CGCAATCCATTCCTGT-1,0,Monocytes_CD14,,Classical monocytes,Classical monocytes,0.9998818327712278
CGCAATGTCAGGCTAT-1,2,T_cells_general,,Tem/Effector helper T cells,Tem/Effector helper T cells,0.9578024116128854
CGCAATGTCATTACTC-1,1,CD4_T_cells,,Tcm/Naive helper T cells,Tcm/Naive helper T cells,0.9997479036376143
CGCAATGTCCAAATCA-1,9,Monocytes_general,,DC1,DC2,0.881607903865033
CGCAATGTCGCTTCTA-1,3,CD4_T_cells,,Tcm/Naive cytotoxic T cells,Tcm/Naive cytotoxic T cells,0.9479358245451754
CGCAATGTCGGTCAAT-1,0,Monocytes_CD14,,Classical monocytes,Classical monocytes,0.9999478805544558
CGCAATGTCGTTATCT-1,5,Cytotoxic_T_NK,,CD16+ NK cells,CD16+ NK cells,0.9999994834760525
CGCAATTAGAAAGCAT-1,3,CD4_T_cells,,Tcm/Naive cytotoxic T cells,Tcm/Naive cytotoxic T cells,0.9961495341284816
CGCAATTAGCCAAATC-1,2,T_cells_general,,Tem/Effector helper T cells,Tem/Effector helper T cells,0.39593206652806767
CGCAATTAGGAGTCTT-1,2,T_cells_general,,Tcm/Naive helper T cells,Tcm/Naive helper T cells,0.7024802583930712
CGCAATTAGGTGAAAT-1,1,CD4_T_cells,,Tcm/Naive helper T cells,Tcm/Naive helper T cells,0.9997679917193245
CGCAATTAGTCTATGA-1,3,CD4_T_cells,,Tcm/Naive cytotoxic T cells,Tcm/Naive cytotoxic T cells,0.9986060544346048
CGCAATTAGTTTCCTG-1,3,CD4_T_cells,,Tcm/Naive cytotoxic T cells,Tcm/Naive cytotoxic T cells,0.9982216939549737
CGCACAATCACAGGAA-1,0,Monocytes_CD14,,Classical monocytes,Classical monocytes,0.9944903750105254
CGCACAATCACCGGTA-1,0,Monocytes_CD14,,Classical monocytes,Classical monocytes,0.9999735876182357
CGCACAATCAGCACGC-1,0,Monocytes_CD14,,Classical monocytes,Classical monocytes,0.99997883679753
CGCACAATCATAACGC-1,0,Monocytes_CD14,,Classical monocytes,Classical monocytes,0.9999977799863651
CGCACAATCCCATAGG-1,0,Monocytes_CD14,,Classical monocytes,Classical monocytes,0.9991024171149351
CGCACAATCCTAACGG-1,3,CD4_T_cells,,Tcm/Naive cytotoxic T cells,Tcm/Naive cytotoxic T cells,0.9947891560026222
CGCACACAGAGGAAGG-1,1,CD4_T_cells,,Tcm/Naive helper T cells,Tcm/Naive helper T cells,0.9984270330778728
CGCACACAGCTCAATA-1,0,Monocytes_CD14,,Classical monocytes,Classical monocytes,0.855203938706493
CGCACCACAGCAAGTG-1,5,Cytotoxic_T_NK,,CD16+ NK cells,CD16+ NK cells,0.8761644093254398
CGCACCACATAATTGC-1,0,Monocytes_CD14,,Classical monocytes,Classical monocytes,0.99999771878595
CGCACCACATTGCGTA-1,3,CD4_T_cells,,Tcm/Naive cytotoxic T cells,Tcm/Naive cytotoxic T cells,0.9976207822036719
CGCATATAGCATGCAT-1,2,T_cells_general,,Tcm/Naive helper T cells,Tcm/Naive helper T cells,0.9882281315237751
CGCATATAGCTGGACC-1,6,B_cells,,Naive B cells,Memory B cells,0.9983050592867014
CGCATATAGCTTAGTA-1,1,CD4_T_cells,,Tcm/Naive helper T cells,Tcm/Naive helper T cells,0.9989234026746373
CGCATATAGGTCTTGG-1,6,B_cells,,Memory B cells,Memory B cells,0.7972266057900871
CGCATATAGGTTACGT-1,2,T_cells_general,,Tem/Effector helper T cells,Tem/Effector helper T cells,0.7770302012761809
CGCATATAGTATTGCA-1,1,CD4_T_cells,,Tcm/Naive helper T cells,Tcm/Naive helper T cells,0.9973469193573411
CGCATGATCATGGCCA-1,5,Cytotoxic_T_NK,,CD16+ NK cells,CD16+ NK cells,0.9999999901670901
CGCATGATCCATCAGG-1,6,B_cells,,Memory B cells,Memory B cells,0.9992022902850208
CGCATGATCCTGGTCT-1,4,Cytotoxic_T_NK,,Tcm/Naive helper T cells,Tem/Temra cytotoxic T cells,0.6208164702249568
CGCATTACAATAATCC-1,0,Monocytes_CD14,,Classical monocytes,Classical monocytes,0.9998291595184852
CGCATTACAATAGCAA-1,0,Monocytes_CD14,,Classical monocytes,Classical monocytes,0.9989727259986286
CGCATTACAATATAGG-1,9,Monocytes_general,,DC2,DC2,0.9590205194207223
CGCATTACACATAACT-1,1,CD4_T_cells,,Tcm/Naive helper T cells,Tcm/Naive helper T cells,0.9999686039819656
CGCATTACACCTAATG-1,2,T_cells_general,,Tcm/Naive helper T cells,Tcm/Naive helper T cells,0.4769405731668617
CGCATTACATAGCAGG-1,2,T_cells_general,,Tem/Trm cytotoxic T cells,Tem/Trm cytotoxic T cells,0.9798504231565088
CGCATTACATGTGGGA-1,8,B_cells,,Naive B cells,Naive B cells,0.9999999991639479
CGCATTACATTGTTGG-1,3,CD4_T_cells,,Tcm/Naive helper T cells,Tcm/Naive cytotoxic T cells,0.5687615344450916
CGCATTTGTCACAAAT-1,2,T_cells_general,,MAIT cells,Tcm/Naive helper T cells,0.246370998220298
CGCATTTGTGCTGGTG-1,0,Monocytes_CD14,,Classical monocytes,Classical monocytes,0.9713022761925952
CGCATTTGTTAAGGTT-1,3,CD4_T_cells,,Tcm/Naive cytotoxic T cells,Tcm/Naive cytotoxic T cells,0.8237568284003262
CGCATTTGTTCCGGGA-1,1,CD4_T_cells,,Tcm/Naive helper T cells,Tcm/Naive helper T cells,0.9949159829119986
CGCCAAATCAATCTCT-1,0,Monocytes_CD14,,Classical monocytes,Classical monocytes,0.9999988732475747
CGCCAAATCACTTTAC-1,2,T_cells_general,,Tcm/Naive helper T cells,Tcm/Naive helper T cells,0.9980509006665912
CGCCAAATCCAATAGC-1,6,B_cells,,Naive B cells,Memory B cells,0.8865110269157166
CGCCAAATCCCAGTAG-1,7,Monocytes_general,,Non-classical monocytes,Non-classical monocytes,0.9997854966011122
CGCCAAATCCTTGTTG-1,6,B_cells,,Memory B cells,Memory B cells,0.9154143127481497
CGCCAAATCGGTCATG-1,1,CD4_T_cells,,Tcm/Naive helper T cells,Tcm/Naive helper T cells,0.9999129667114902
CGCCACACAACCTGGT-1,1,CD4_T_cells,,Tcm/Naive helper T cells,Tcm/Naive helper T cells,0.9999715393259282
CGCCACACACCTAAGC-1,1,CD4_T_cells,,Tcm/Naive helper T cells,Tcm/Naive helper T cells,0.9999831601892659
CGCCACACACTTAACG-1,8,B_cells,,Naive B cells,Naive B cells,0.999999753865372
CGCCACACAGAGAGCC-1,10,Cytotoxic_T_NK,,MAIT cells,MAIT cells,0.9742201013864451
CGCCACACAGCTTAGC-1,0,Monocytes_CD14,,Classical monocytes,Classical monocytes,0.999940785117199
CGCCACACATAGACTT-1,0,Monocytes_CD14,,Classical monocytes,Classical monocytes,0.9998636813462605
CGCCTCATCAACCAAC-1,0,Monocytes_CD14,,Classical monocytes,Classical monocytes,0.8860786941204042
CGCCTCATCACTAGGT-1,1,CD4_T_cells,,Tcm/Naive helper T cells,Tcm/Naive helper T cells,0.9998658284120671
CGCCTCATCCGTCCAT-1,0,Monocytes_CD14,,Classical monocytes,Classical monocytes,0.9999999655226798
CGCCTCATCCGTGACA-1,4,Cytotoxic_T_NK,,Tem/Temra cytotoxic T cells,Tem/Temra cytotoxic T cells,0.9195686861333618
CGCCTCATCGAGCAAA-1,1,CD4_T_cells,,Tcm/Naive helper T cells,Tcm/Naive helper T cells,0.9996496936714723
CGCCTCATCGCATTAA-1,6,B_cells,,Memory B cells,Memory B cells,0.9999503591017324
CGCCTCATCGCTATGG-1,3,CD4_T_cells,,Tcm/Naive helper T cells,Tcm/Naive cytotoxic T cells,0.9251437203111731
CGCCTCATCTCGCCCA-1,1,CD4_T_cells,,Tcm/Naive helper T cells,Tcm/Naive helper T cells,0.9996927274943261
CGCCTCATCTTAGTCT-1,0,Monocytes_CD14,,Classical monocytes,Classical monocytes,0.9993489615467063
CGCCTCATCTTGGATA-1,0,Monocytes_CD14,,Classical monocytes,Classical monocytes,0.9987175121669062
CGCCTGTGTAAGCTCA-1,0,Monocytes_CD14,,Classical monocytes,Classical monocytes,0.9999985359454652
CGCCTGTGTCATGCAA-1,0,Monocytes_CD14,,Classical monocytes,Classical monocytes,0.9999445975160434
CGCCTGTGTCATTAGG-1,6,B_cells,,Memory B cells,Memory B cells,0.9995749287087629
CGCCTGTGTCCGTAGG-1,1,CD4_T_cells,,Tcm/Naive helper T cells,Tcm/Naive helper T cells,0.9998919820216219
CGCCTGTGTCTATCGT-1,0,Monocytes_CD14,,Classical monocytes,Classical monocytes,0.8423489544200022
CGCCTGTGTGCACGCA-1,2,T_cells_general,,Tcm/Naive helper T cells,Tem/Effector helper T cells,0.9069771266640758
CGCCTGTGTGCTAGCG-1,0,Monocytes_CD14,,Classical monocytes,Classical monocytes,0.9997989968123263
CGCCTGTGTGTGCAAC-1,2,T_cells_general,,Tcm/Naive helper T cells,Tcm/Naive helper T cells,0.9982638373132662
CGCCTGTGTTGTCCAT-1,0,Monocytes_CD14,,Classical monocytes,Classical monocytes,0.9997895119052388
CGCGATTCACATTAAC-1,1,CD4_T_cells,,Tcm/Naive helper T cells,Tcm/Naive helper T cells,0.4949515476323404
CGCGATTCAGGATGGC-1,5,Cytotoxic_T_NK,,CD16+ NK cells,CD16+ NK cells,0.9980933408646792
CGCGATTCATACCCGG-1,2,T_cells_general,,Tem/Effector helper T cells,Tem/Effector helper T cells,0.9157548936648691
CGCGATTCATGTTGTG-1,3,CD4_T_cells,,Tcm/Naive cytotoxic T cells,Tcm/Naive cytotoxic T cells,0.3582973968777758
CGCGATTCATTGCAGC-1,0,Monocytes_CD14,,Classical monocytes,Classical monocytes,0.908491928526157
CGCGGATTCATGTTTC-1,0,Monocytes_CD14,,Classical monocytes,Classical monocytes,0.9986841752637148
CGCGGATTCATTACAG-1,2,T_cells_general,,Tcm/Naive helper T cells,Tcm/Naive helper T cells,0.999457365046627
CGCGGATTCCAACTGG-1,1,CD4_T_cells,,Tcm/Naive helper T cells,Tcm/Naive helper T cells,0.9999997207778568
CGCGGATTCCTAGTCC-1,0,Monocytes_CD14,,Classical monocytes,Classical monocytes,0.9700736008534998
CGCGGATTCTGTGCCT-1,5,Cytotoxic_T_NK,,CD16+ NK cells,CD16+ NK cells,0.9995832192852643
CGCTAACCAACTGGCT-1,2,T_cells_general,,Tem/Effector helper T cells,Tem/Effector helper T cells,0.9965443445969332
CGCTAACCAATGAATG-1,0,Monocytes_CD14,,Non-classical monocytes,Classical monocytes,0.657747532980702
CGCTAACCACTAGCGT-1,5,Cytotoxic_T_NK,,CD16+ NK cells,CD16+ NK cells,0.9998321876640113
CGCTAACCAGCTAACC-1,1,CD4_T_cells,,Tcm/Naive helper T cells,Tcm/Naive helper T cells,0.9999321976455832
CGCTAACCATAATCGT-1,0,Monocytes_CD14,,Classical monocytes,Classical monocytes,0.9992121787205392
CGCTAACCATAGCGGA-1,2,T_cells_general,,Tcm/Naive helper T cells,Tcm/Naive helper T cells,0.9626040663655765
CGCTAACCATGTTGGC-1,0,Monocytes_CD14,,Classical monocytes,Classical monocytes,0.9999755440883649
CGCTAATAGCACAGAA-1,0,Monocytes_CD14,,Classical monocytes,Classical monocytes,0.9999447094668898
CGCTAATAGCTAGAAG-1,2,T_cells_general,,Tem/Effector helper T cells,Tem/Effector helper T cells,0.2643807282671666
CGCTAATAGGAGGGTT-1,2,T_cells_general,,Regulatory T cells,Regulatory T cells,0.9671585415880479
CGCTAATAGGGACTAA-1,3,CD4_T_cells,,Tcm/Naive cytotoxic T cells,Tcm/Naive cytotoxic T cells,0.8591606249055075
CGCTAATAGGTCGAGG-1,3,CD4_T_cells,,Tcm/Naive cytotoxic T cells,Tcm/Naive cytotoxic T cells,0.915013066477779
CGCTACTTCAATGTCA-1,0,Monocytes_CD14,,Classical monocytes,Classical monocytes,0.9840247209126728
CGCTACTTCCCTGATC-1,1,CD4_T_cells,,Tcm/Naive helper T cells,Tcm/Naive helper T cells,0.9998606634469913
CGCTACTTCCTAATAG-1,3,CD4_T_cells,,Tcm/Naive helper T cells,Tcm/Naive cytotoxic T cells,0.9968761343921895
CGCTACTTCGCTAGCA-1,0,Monocytes_CD14,,Classical monocytes,Classical monocytes,0.999999486422388
CGCTACTTCTAACCAA-1,6,B_cells,,Memory B cells,Age-associated B cells,0.9912030640100845
CGCTACTTCTCGCCCA-1,0,Monocytes_CD14,,Classical monocytes,Classical monocytes,0.06823574453987066
CGCTACTTCTTGATGA-1,2,T_cells_general,,Regulatory T cells,Regulatory T cells,0.9999998722794355
CGCTACTTCTTGTCCA-1,4,Cytotoxic_T_NK,,CD16+ NK cells,Tem/Temra cytotoxic T cells,0.9672402961915316
CGCTATGAGACTTATG-1,6,B_cells,,Memory B cells,Memory B cells,0.9998778560947886
CGCTATGAGCTGTACG-1,4,Cytotoxic_T_NK,,CD8a/a,CD8a/a,0.2966008381602204
CGCTATGAGGTCCAAT-1,11,pDC,,pDC,pDC,0.9999999992357247
CGCTCAGCAAACGGGC-1,7,Monocytes_general,,Non-classical monocytes,Non-classical monocytes,0.999991583052692
CGCTCAGCATAAGGAC-1,0,Monocytes_CD14,,Classical monocytes,Classical monocytes,0.9844570815096243
CGCTCAGCATTAAACC-1,0,Monocytes_CD14,,Classical monocytes,Classical monocytes,0.959998332480983
CGCTCCATCAATGTGC-1,2,T_cells_general,,Tem/Effector helper T cells,Tcm/Naive helper T cells,0.945231864893707
CGCTCCATCATCCTGC-1,0,Monocytes_CD14,,Monocytes,Classical monocytes,0.07118127177841659
CGCTCCATCGGGACCT-1,1,CD4_T_cells,,Tcm/Naive helper T cells,Tcm/Naive helper T cells,0.9992045444055663
CGCTCCATCTAAGGTC-1,6,B_cells,,Memory B cells,Memory B cells,0.9989354703945198
CGCTCCATCTTGCAGG-1,0,Monocytes_CD14,,Classical monocytes,Classical monocytes,0.9986957389087969
CGCTGTGCAAAGCCTC-1,0,Monocytes_CD14,,Classical monocytes,Classical monocytes,0.9964346139236349
CGCTGTGCACAGAAAC-1,7,Monocytes_general,,Non-classical monocytes,Non-classical monocytes,0.9997472690451292
CGCTGTGCAGTTAGCC-1,0,Monocytes_CD14,,Classical monocytes,Classical monocytes,0.9813489082140715
CGCTGTGCATTGTGGC-1,2,T_cells_general,,Tcm/Naive helper T cells,Tcm/Naive helper T cells,0.9578759243859103
CGCTTAACACAGCCAT-1,3,CD4_T_cells,,Tcm/Naive cytotoxic T cells,Tcm/Naive cytotoxic T cells,0.9995042157525391
CGCTTAACAGCCGCTA-1,8,B_cells,,Naive B cells,Naive B cells,0.9999991910971981
CGCTTACTCCTAATTC-1,4,Cytotoxic_T_NK,,Tem/Trm cytotoxic T cells,Tem/Trm cytotoxic T cells,0.27422438610254307
CGCTTACTCGCTATGG-1,1,CD4_T_cells,,Tcm/Naive helper T cells,Tcm/Naive helper T cells,0.9993248997263803
CGCTTACTCTGCAAAC-1,11,pDC,,pDC,pDC,0.9999999992129542
CGCTTCTAGAGGATAT-1,0,Monocytes_CD14,,Classical monocytes,Classical monocytes,0.9997688656108888
CGCTTCTAGCAGGTGG-1,0,Monocytes_CD14,,Classical monocytes,Classical monocytes,0.999952409386255
CGCTTCTAGCCGCAAC-1,7,Monocytes_general,,Non-classical monocytes,Non-classical monocytes,0.9999345080147556
CGCTTCTAGGAAACTG-1,9,Monocytes_general,,Classical monocytes,Classical monocytes,0.9969370407915501
CGCTTCTAGGCGAAAC-1,2,T_cells_general,,Tcm/Naive helper T cells,Tcm/Naive helper T cells,0.7999884208929808
CGCTTCTAGGTCGATT-1,3,CD4_T_cells,,Tcm/Naive helper T cells,Tcm/Naive helper T cells,0.8932986870868801
CGCTTCTAGGTTTGCG-1,1,CD4_T_cells,,Tcm/Naive helper T cells,Tcm/Naive helper T cells,0.9999428371304415
CGCTTCTAGTTAGTTG-1,4,Cytotoxic_T_NK,,Tem/Temra cytotoxic T cells,Tem/Temra cytotoxic T cells,0.9927869884858481
CGCTTCTAGTTTAACG-1,0,Monocytes_CD14,,Classical monocytes,Classical monocytes,0.9270205653399382
CGCTTGCGTATTCGTC-1,4,Cytotoxic_T_NK,,Tem/Temra cytotoxic T cells,Tem/Temra cytotoxic T cells,0.9386317174841696
CGCTTGCGTCCGCTGT-1,0,Monocytes_CD14,,Classical monocytes,Classical monocytes,0.999984599088238
CGCTTGCGTGCATTAG-1,5,Cytotoxic_T_NK,,CD16+ NK cells,CD16+ NK cells,0.8174224865113324
CGCTTGCGTGCGCAAT-1,0,Monocytes_CD14,,Classical monocytes,Classical monocytes,0.0659918588304196
CGCTTGCGTGGAAACG-1,2,T_cells_general,,Regulatory T cells,Tcm/Naive helper T cells,0.9464581957091687
CGCTTGCGTGGCTTCC-1,4,Cytotoxic_T_NK,,Tem/Temra cytotoxic T cells,Tem/Temra cytotoxic T cells,0.9993351948526453
CGCTTGCGTTACTAGG-1,2,T_cells_general,,Tcm/Naive helper T cells,Tcm/Naive helper T cells,0.9950098501598833
CGCTTGCGTTAGCCAA-1,2,T_cells_general,,Tcm/Naive helper T cells,Tcm/Naive helper T cells,0.9983540728443718
CGCTTGCGTTGTGACA-1,10,Cytotoxic_T_NK,,MAIT cells,MAIT cells,0.9928703294073666
CGGAATCGTCAGGCAT-1,9,Monocytes_general,,DC1,DC2,0.9998089103822159
CGGAATCGTGGAAACG-1,1,CD4_T_cells,,Tcm/Naive helper T cells,Tcm/Naive helper T cells,0.9995600521203264
CGGAATCGTTCACCCA-1,1,CD4_T_cells,,Tcm/Naive helper T cells,Tcm/Naive helper T cells,0.9964983432713741
CGGAATCGTTGCCTCA-1,2,T_cells_general,,Regulatory T cells,Regulatory T cells,0.998126923306735
CGGAATCGTTGTGATG-1,0,Monocytes_CD14,,Classical monocytes,Classical monocytes,0.9918444969027316
CGGAATCGTTTGTGGA-1,3,CD4_T_cells,,Tcm/Naive cytotoxic T cells,Tcm/Naive cytotoxic T cells,0.9729977699037303
CGGACAACAAGGACCA-1,0,Monocytes_CD14,,Classical monocytes,Classical monocytes,0.9923491165470053
CGGACAACACAAAGGT-1,0,Monocytes_CD14,,Classical monocytes,Classical monocytes,0.9815179194105949
CGGACAACACCTGCCT-1,4,Cytotoxic_T_NK,,Tem/Temra cytotoxic T cells,Tem/Temra cytotoxic T cells,0.927436222897721
CGGACAACAGTGAACG-1,0,Monocytes_CD14,,Classical monocytes,Classical monocytes,0.9997389618058146
CGGACAACATAGACCC-1,7,Monocytes_general,,Non-classical monocytes,Non-classical monocytes,0.9999866689378669
CGGACAACATTCCTCG-1,1,CD4_T_cells,,Tcm/Naive helper T cells,Tcm/Naive helper T cells,0.9998257010968228
CGGACCTAGCTAAAGG-1,0,Monocytes_CD14,,Classical monocytes,Classical monocytes,0.9999917655457397
CGGACCTAGGACCTGC-1,0,Monocytes_CD14,,Classical monocytes,Classical monocytes,0.9974398698521935
CGGACCTAGGAGGACT-1,3,CD4_T_cells,,Tcm/Naive cytotoxic T cells,Tcm/Naive cytotoxic T cells,0.7293158227206363
CGGACCTAGGCAATAG-1,5,Cytotoxic_T_NK,,CD16+ NK cells,CD16+ NK cells,0.9832892359765287
CGGACCTAGGTACCGC-1,3,CD4_T_cells,,Tcm/Naive cytotoxic T cells,Tcm/Naive cytotoxic T cells,0.48145870397653456
CGGACCTAGTCACTCC-1,5,Cytotoxic_T_NK,,CD16+ NK cells,CD16+ NK cells,0.7338426711546896
CGGAGCAAGAGCAAGC-1,3,CD4_T_cells,,Tcm/Naive cytotoxic T cells,Tcm/Naive cytotoxic T cells,0.8429562244819664
CGGAGCAAGCCTTAAA-1,1,CD4_T_cells,,Tcm/Naive helper T cells,Tcm/Naive helper T cells,0.9999422523289472
CGGAGCAAGCGCATTG-1,4,Cytotoxic_T_NK,,Tem/Temra cytotoxic T cells,Tem/Temra cytotoxic T cells,0.8895453175068435
CGGAGCAAGCTGAGGG-1,4,Cytotoxic_T_NK,,Tem/Trm cytotoxic T cells,Tem/Trm cytotoxic T cells,0.9984601310178971
CGGAGCAAGGCGTAAA-1,0,Monocytes_CD14,,Classical monocytes,Classical monocytes,0.9999994603493315
CGGAGCAAGGGCCACT-1,8,B_cells,,Naive B cells,Naive B cells,0.9999734478874045
CGGAGCAAGTCATTTC-1,3,CD4_T_cells,,Tcm/Naive cytotoxic T cells,Tcm/Naive cytotoxic T cells,0.9993721472235405
CGGAGCAAGTTGTCAA-1,10,Cytotoxic_T_NK,,MAIT cells,MAIT cells,0.9999706829458037
CGGAGTCTCACACAGT-1,0,Monocytes_CD14,,Classical monocytes,Classical monocytes,0.9997074197724185
CGGAGTCTCAGTTCCC-1,1,CD4_T_cells,,Tcm/Naive helper T cells,Tcm/Naive helper T cells,0.999890725733474
CGGAGTCTCCTAGTTT-1,4,Cytotoxic_T_NK,,Tem/Temra cytotoxic T cells,Tem/Temra cytotoxic T cells,0.8381559873942632
CGGAGTCTCTTAATGG-1,3,CD4_T_cells,,Tcm/Naive cytotoxic T cells,Tcm/Naive cytotoxic T cells,0.9955433301140811
CGGATAAAGAATGACG-1,4,Cytotoxic_T_NK,,Tem/Temra cytotoxic T cells,Tem/Temra cytotoxic T cells,0.9999599690057922
CGGATAAAGAGAGGCT-1,1,CD4_T_cells,,Tcm/Naive helper T cells,Tcm/Naive helper T cells,0.744301867830279
CGGATAAAGCACTAAC-1,2,T_cells_general,,Tem/Effector helper T cells,Tcm/Naive helper T cells,0.5561927533162204
CGGATAAAGCATGAAG-1,10,Cytotoxic_T_NK,,MAIT cells,MAIT cells,0.9986057464752792
CGGATAAAGCGTGCAC-1,5,Cytotoxic_T_NK,,CD16+ NK cells,CD16+ NK cells,0.9999148164190257
CGGATAAAGGCCAATT-1,2,T_cells_general,,Tcm/Naive helper T cells,Tcm/Naive helper T cells,0.7902418167307065
CGGATAAAGGTCGATT-1,2,T_cells_general,,Tcm/Naive helper T cells,Tem/Effector helper T cells,0.9841729863134244
CGGATAAAGTAGAGGC-1,3,CD4_T_cells,,Tcm/Naive cytotoxic T cells,Tcm/Naive cytotoxic T cells,0.9998084670425618
CGGATAAAGTCAGTAC-1,3,CD4_T_cells,,Tcm/Naive cytotoxic T cells,Tcm/Naive cytotoxic T cells,0.9992452993029168
CGGATTAGTAGCCTCC-1,0,Monocytes_CD14,,Classical monocytes,Classical monocytes,0.99979522503221
CGGATTAGTGAGGTAG-1,4,Cytotoxic_T_NK,,Tem/Trm cytotoxic T cells,Tem/Trm cytotoxic T cells,0.990274281998493
CGGCAATGTAGTTAAC-1,4,Cytotoxic_T_NK,,CD16+ NK cells,Tem/Temra cytotoxic T cells,0.6710614781323939
CGGCAATGTCGCGCAA-1,4,Cytotoxic_T_NK,,Tcm/Naive helper T cells,Tem/Trm cytotoxic T cells,0.6100405225939799
CGGCAATGTCGTTACT-1,3,CD4_T_cells,,Tcm/Naive helper T cells,Tcm/Naive helper T cells,0.8101751914218106
CGGCAATGTGCTCCGT-1,2,T_cells_general,,Tcm/Naive helper T cells,Tcm/Naive helper T cells,0.985293515471027
CGGCAATGTGTTAAAC-1,0,Monocytes_CD14,,Classical monocytes,Classical monocytes,0.9999917764017938
CGGCCATAGAAGGTGC-1,0,Monocytes_CD14,,Classical monocytes,Classical monocytes,0.9993240960273349
CGGCCATAGATGGAGC-1,2,T_cells_general,,Regulatory T cells,Regulatory T cells,0.9967465834259808
CGGCCATAGCATCCAG-1,3,CD4_T_cells,,Tcm/Naive helper T cells,Tcm/Naive cytotoxic T cells,0.9530330647901446
CGGCCATAGGGACTAA-1,8,B_cells,,Memory B cells,Naive B cells,0.9753624828747763
CGGCCATAGTAAGTGG-1,0,Monocytes_CD14,,Classical monocytes,Classical monocytes,0.9998296841400934
CGGCTAATCCAGGAAA-1,3,CD4_T_cells,,Tcm/Naive cytotoxic T cells,Tcm/Naive cytotoxic T cells,0.9988825124775701
CGGCTAATCGCCTGTT-1,0,Monocytes_CD14,,Classical monocytes,Classical monocytes,0.9973593073795873
CGGCTAATCTAATCCT-1,5,Cytotoxic_T_NK,,CD16- NK cells,CD16+ NK cells,0.49224606534462434
CGGCTAATCTAATCTC-1,3,CD4_T_cells,,Tcm/Naive cytotoxic T cells,Tcm/Naive cytotoxic T cells,0.9864703556218207
CGGCTAATCTTAGTGA-1,5,Cytotoxic_T_NK,,CD16+ NK cells,CD16+ NK cells,0.9998093538815341
CGGCTCACAAGGTGCA-1,0,Monocytes_CD14,,Classical monocytes,Classical monocytes,0.9881839396043984
CGGCTCACACAAAGGT-1,3,CD4_T_cells,,Tcm/Naive cytotoxic T cells,Tcm/Naive helper T cells,0.9998198831104765
CGGCTCACAGGCATCT-1,0,Monocytes_CD14,,Classical monocytes,Classical monocytes,0.999855189590976
CGGGACAAGCCTGTTC-1,1,CD4_T_cells,,Tcm/Naive helper T cells,Tcm/Naive cytotoxic T cells,0.7782104784858359
CGGGACAAGCTAAAGG-1,3,CD4_T_cells,,Tem/Trm cytotoxic T cells,Tcm/Naive helper T cells,0.3339174897177011
CGGGACAAGCTGCACA-1,10,Cytotoxic_T_NK,,MAIT cells,MAIT cells,0.9999911831912464
CGGGACAAGTAAGAAC-1,4,Cytotoxic_T_NK,,Tem/Temra cytotoxic T cells,Tem/Temra cytotoxic T cells,0.6966283287210445
CGGGACAAGTTACCGG-1,5,Cytotoxic_T_NK,,CD16+ NK cells,CD16+ NK cells,0.9979258783326829
CGGGCTTAGACTCGCA-1,1,CD4_T_cells,,Tcm/Naive helper T cells,Tcm/Naive helper T cells,0.9999832640220739
CGGGCTTAGAGGAGTC-1,0,Monocytes_CD14,,Classical monocytes,Classical monocytes,0.99878295510949
CGGGCTTAGCTCATAA-1,2,T_cells_general,,Tcm/Naive helper T cells,Tcm/Naive helper T cells,0.9488600716214007
CGGGCTTAGGACAACA-1,3,CD4_T_cells,,Tcm/Naive cytotoxic T cells,Tcm/Naive cytotoxic T cells,0.9995712298741591
CGGGCTTAGGATTGCT-1,6,B_cells,,Memory B cells,Age-associated B cells,0.5371434240680438
CGGGCTTAGTATTGTG-1,1,CD4_T_cells,,Tcm/Naive helper T cells,Tcm/Naive helper T cells,0.9600585780273427
CGGGCTTAGTCATTAG-1,5,Cytotoxic_T_NK,,CD16+ NK cells,CD16+ NK cells,0.9999704495314138
CGGGCTTAGTTATTCC-1,3,CD4_T_cells,,Tcm/Naive helper T cells,Tcm/Naive cytotoxic T cells,0.9977496722437238
CGGGTATGTGATTACG-1,1,CD4_T_cells,,Tcm/Naive helper T cells,Tcm/Naive helper T cells,0.9972193419302345
CGGGTCTAGTAACGGA-1,1,CD4_T_cells,,Tcm/Naive helper T cells,Tcm/Naive helper T cells,0.9983743604539526
CGGGTCTAGTGGCGGA-1,3,CD4_T_cells,,Tcm/Naive cytotoxic T cells,Tcm/Naive cytotoxic T cells,0.9601052577682679
CGGTAACGTAATCGCA-1,0,Monocytes_CD14,,Classical monocytes,Classical monocytes,0.9996810954437021
CGGTAACGTCATTGTC-1,6,B_cells,,Memory B cells,Memory B cells,0.9999310352297529
CGGTAACGTGAACAAA-1,7,Monocytes_general,,Non-classical monocytes,Non-classical monocytes,0.9998866055046155
CGGTAACGTGATGGCT-1,7,Monocytes_general,,Non-classical monocytes,Non-classical monocytes,0.9970704365402382
CGGTAACGTTACTAGG-1,1,CD4_T_cells,,Tcm/Naive helper T cells,Tcm/Naive helper T cells,0.9999953220315988
CGGTAACGTTAGACCA-1,1,CD4_T_cells,,Tcm/Naive helper T cells,Tcm/Naive helper T cells,0.9997056947545181
CGGTAACGTTTACTTG-1,1,CD4_T_cells,,Tcm/Naive helper T cells,Tcm/Naive helper T cells,0.9999977735293901
CGGTAACGTTTCCTCC-1,1,CD4_T_cells,,Tcm/Naive helper T cells,Tcm/Naive helper T cells,0.9998774226138676
CGGTGAACAAACCTTG-1,0,Monocytes_CD14,,Classical monocytes,Classical monocytes,0.9253590079186262
CGGTGAACAAGCTACC-1,0,Monocytes_CD14,,Classical monocytes,Classical monocytes,0.9999967438286766
CGGTGAACAATAAGCA-1,2,T_cells_general,,Treg(diff),Tcm/Naive helper T cells,0.005411532786542488
CGGTGAACAATGCCCG-1,3,CD4_T_cells,,Tcm/Naive helper T cells,Tcm/Naive cytotoxic T cells,0.9808346048599197
CGGTGAACACGAATTT-1,9,Monocytes_general,,Classical monocytes,Classical monocytes,0.9971018694791414
CGGTGAACACGTTACA-1,2,T_cells_general,,Regulatory T cells,Regulatory T cells,0.9999999384788572
CGGTGAACACTCGCTC-1,3,CD4_T_cells,,Tcm/Naive cytotoxic T cells,Tcm/Naive cytotoxic T cells,0.998630555086915
CGGTGAACAGGCATCT-1,2,T_cells_general,,Type 17 helper T cells,Tem/Effector helper T cells,0.1874920044839009
CGGTGAACAGTTTGTG-1,1,CD4_T_cells,,Tcm/Naive helper T cells,Tcm/Naive helper T cells,0.9996744612778304
CGGTGAACATTATGAC-1,5,Cytotoxic_T_NK,,CD16+ NK cells,CD16+ NK cells,0.998073385729109
CGGTGAGAGGCCATCA-1,1,CD4_T_cells,,Tcm/Naive helper T cells,Regulatory T cells,0.604271527546879
CGGTGAGAGGTTTACA-1,1,CD4_T_cells,,Tcm/Naive helper T cells,Tcm/Naive helper T cells,0.9999765562860785
CGGTGAGAGGTTTGAC-1,0,Monocytes_CD14,,Classical monocytes,Classical monocytes,0.10699667025499068
CGGTTATAGAACCTAC-1,2,T_cells_general,,Tem/Trm cytotoxic T cells,Tcm/Naive helper T cells,0.5652692847642716
CGGTTATAGATAGACG-1,1,CD4_T_cells,,Tcm/Naive helper T cells,Tcm/Naive helper T cells,0.9995324409947792
CGGTTATAGCAGGCCT-1,3,CD4_T_cells,,Tcm/Naive cytotoxic T cells,Tcm/Naive cytotoxic T cells,0.9799561946652342
CGGTTATAGTGGACAA-1,4,Cytotoxic_T_NK,,Tem/Temra cytotoxic T cells,Tem/Trm cytotoxic T cells,0.9731423108354545
CGGTTATAGTTAGACC-1,2,T_cells_general,,Tem/Effector helper T cells,Tem/Effector helper T cells,0.9591693463588328
CGGTTATAGTTCCTGC-1,3,CD4_T_cells,,Tcm/Naive cytotoxic T cells,Tcm/Naive cytotoxic T cells,0.9999445001175511
CGGTTATAGTTTGAGC-1,0,Monocytes_CD14,,Classical monocytes,Classical monocytes,0.9981562679431379
CGGTTCCGTTAACACG-1,1,CD4_T_cells,,Tcm/Naive helper T cells,Tcm/Naive helper T cells,0.9999941518130198
CGGTTGGGTCCTAAGA-1,0,Monocytes_CD14,,Classical monocytes,Classical monocytes,0.543250863692229
CGGTTGGGTCCTCCAA-1,2,T_cells_general,,Tem/Effector helper T cells,Tem/Effector helper T cells,0.8966772899207734
CGGTTGGGTTAAGGTT-1,0,Monocytes_CD14,,Classical monocytes,Classical monocytes,0.9907712311618735
CGGTTGGGTTAATGCG-1,0,Monocytes_CD14,,Classical monocytes,Classical monocytes,0.9961017700324741
CGGTTGGGTTCATTTG-1,5,Cytotoxic_T_NK,,Regulatory T cells,CD16+ NK cells,0.06730528296162316
CGGTTGGGTTGTTGTC-1,0,Monocytes_CD14,,Classical monocytes,Classical monocytes,0.9357629247573377
CGGTTGGGTTTAAAGC-1,7,Monocytes_general,,Non-classical monocytes,Non-classical monocytes,0.9999996211588823
CGGTTGGGTTTACTTG-1,0,Monocytes_CD14,,Classical monocytes,Classical monocytes,0.999544221983254
CGGTTTCTCAAGCTTA-1,6,B_cells,,Memory B cells,Memory B cells,0.9986321940613719
CGGTTTCTCAATGACC-1,4,Cytotoxic_T_NK,,Tem/Temra cytotoxic T cells,Tem/Temra cytotoxic T cells,0.962878147443564
CGGTTTCTCACTTTAC-1,0,Monocytes_CD14,,Classical monocytes,Classical monocytes,0.9958048706106538
CGGTTTCTCAGTATTG-1,3,CD4_T_cells,,Tcm/Naive cytotoxic T cells,Tcm/Naive cytotoxic T cells,0.9128685571565563
CGGTTTCTCCCTGGAA-1,11,pDC,,pDC,pDC,0.999999999905786
CGGTTTCTCCGGAACC-1,1,CD4_T_cells,,Naive B cells,Tcm/Naive helper T cells,0.7897686686529796
CGGTTTCTCCTGAATA-1,4,Cytotoxic_T_NK,,Tem/Trm cytotoxic T cells,Tem/Trm cytotoxic T cells,0.9241804164153908
CGGTTTCTCCTTAATC-1,1,CD4_T_cells,,Tcm/Naive helper T cells,Tcm/Naive helper T cells,0.9999974772843899
CGGTTTCTCGTTATCT-1,7,Monocytes_general,,Non-classical monocytes,Non-classical monocytes,0.9999157445548033
CGGTTTCTCTCTAGCC-1,7,Monocytes_general,,Non-classical monocytes,Non-classical monocytes,0.9999992217990931
CGGTTTCTCTTAGTGA-1,3,CD4_T_cells,,Tcm/Naive cytotoxic T cells,Tcm/Naive cytotoxic T cells,0.9643044372146317
CGGTTTGAGCCTAACG-1,3,CD4_T_cells,,Tcm/Naive cytotoxic T cells,Tcm/Naive cytotoxic T cells,0.8396396856957851
CGGTTTGAGCTGAGGG-1,3,CD4_T_cells,,Tcm/Naive cytotoxic T cells,Tcm/Naive cytotoxic T cells,0.9296616667459446
CGGTTTGAGGAACACA-1,1,CD4_T_cells,,Tcm/Naive helper T cells,Tcm/Naive helper T cells,0.9997647699794061
CGGTTTGAGGAAGTAT-1,4,Cytotoxic_T_NK,,Tem/Trm cytotoxic T cells,Tem/Trm cytotoxic T cells,0.95322892457815
CGGTTTGAGTGAACAG-1,3,CD4_T_cells,,Tcm/Naive cytotoxic T cells,Tcm/Naive cytotoxic T cells,0.997047029151792
CGGTTTGAGTTTGGTA-1,4,Cytotoxic_T_NK,,Tem/Temra cytotoxic T cells,Tem/Temra cytotoxic T cells,0.8977617378184298
CGTAACCCAATCCTGA-1,2,T_cells_general,,Tem/Effector helper T cells,Tem/Temra cytotoxic T cells,0.6030085239971427
CGTAACCCACCTGCTC-1,1,CD4_T_cells,,Tcm/Naive helper T cells,Tcm/Naive helper T cells,0.9999991823624566
CGTAACCCACGTAATT-1,7,Monocytes_general,,Non-classical monocytes,Non-classical monocytes,0.9997258986575837
CGTAACCCAGGCGATA-1,0,Monocytes_CD14,,Classical monocytes,Classical monocytes,0.9998156846839982
CGTAACCCAGGTTAAA-1,0,Monocytes_CD14,,Classical monocytes,Classical monocytes,0.9999038675955066
CGTAACCCAGTTAAAG-1,2,T_cells_general,,Type 17 helper T cells,Tem/Effector helper T cells,0.438048032549282
CGTAACCCATGGCCCA-1,1,CD4_T_cells,,Tcm/Naive helper T cells,Tcm/Naive helper T cells,0.9999739087766939
CGTAACTAGAATCGCT-1,7,Monocytes_general,,Non-classical monocytes,Non-classical monocytes,0.999269583383421
CGTAACTAGCCGGTAC-1,2,T_cells_general,,Tem/Effector helper T cells,Tcm/Naive helper T cells,0.8237345711819256
CGTAACTAGCTAATCA-1,4,Cytotoxic_T_NK,,Tem/Temra cytotoxic T cells,Tem/Trm cytotoxic T cells,0.9544078068085196
CGTAACTAGGATGATG-1,1,CD4_T_cells,,Tcm/Naive helper T cells,Tcm/Naive helper T cells,0.999832473060201
CGTAACTAGTGTGATC-1,1,CD4_T_cells,,Tcm/Naive helper T cells,Tcm/Naive helper T cells,0.9467065306105704
CGTACGGGTTGGCCGA-1,1,CD4_T_cells,,Tcm/Naive helper T cells,Regulatory T cells,0.9999786219873162
CGTAGCGGTACCGGAT-1,0,Monocytes_CD14,,Classical monocytes,Classical monocytes,0.9993718653394196
CGTAGCGGTACGATTG-1,2,T_cells_general,,Tcm/Naive helper T cells,Tcm/Naive helper T cells,0.9121189429963037
CGTAGCGGTATTGAGT-1,4,Cytotoxic_T_NK,,Tem/Temra cytotoxic T cells,Tem/Temra cytotoxic T cells,0.9936839928614288
CGTAGCGGTCAGGCAT-1,8,B_cells,,Naive B cells,Naive B cells,0.9999999296959238
CGTAGCGGTCGTTACT-1,4,Cytotoxic_T_NK,,Tem/Trm cytotoxic T cells,Tem/Trm cytotoxic T cells,0.9863670135754347
CGTAGCGGTGCTAGAC-1,8,B_cells,,Naive B cells,Naive B cells,0.9999636534374182
CGTAGTTAGCTTGCTC-1,1,CD4_T_cells,,Tcm/Naive helper T cells,Tcm/Naive helper T cells,0.999974881030452
CGTAGTTAGGACCTGC-1,1,CD4_T_cells,,Tcm/Naive helper T cells,Tcm/Naive helper T cells,0.999563894618421
CGTAGTTAGGCGCTAC-1,3,CD4_T_cells,,Tcm/Naive cytotoxic T cells,Tcm/Naive cytotoxic T cells,0.9930537422203142
CGTAGTTAGGCTAATC-1,0,Monocytes_CD14,,DC2,Classical monocytes,0.19748802998408493
CGTAGTTAGGCTAGAA-1,1,CD4_T_cells,,Tcm/Naive helper T cells,Tcm/Naive helper T cells,0.9998896171193429
CGTAGTTAGGGTGAAC-1,1,CD4_T_cells,,Tcm/Naive helper T cells,Tcm/Naive helper T cells,0.99910597043703
CGTAGTTAGGTTTACA-1,7,Monocytes_general,,Non-classical monocytes,Non-classical monocytes,0.9999930111990417
CGTATTGCAAATACCT-1,2,T_cells_general,,Tcm/Naive helper T cells,Tcm/Naive helper T cells,0.9956447947605226
CGTATTGCAAGCTAAA-1,3,CD4_T_cells,,Tcm/Naive cytotoxic T cells,Tcm/Naive cytotoxic T cells,0.9359966838079941
CGTATTGCAAGGAATC-1,0,Monocytes_CD14,,Classical monocytes,Classical monocytes,0.9999946125638549
CGTATTGCAAGTGAAC-1,0,Monocytes_CD14,,Classical monocytes,Classical monocytes,0.9979753217353173
CGTATTGCAGAGGGAG-1,2,T_cells_general,,Tcm/Naive helper T cells,Tcm/Naive helper T cells,0.9979947628497658
CGTATTGCAGCTAATT-1,5,Cytotoxic_T_NK,,CD16+ NK cells,CD16+ NK cells,0.9999987691615511
CGTATTGCAGGAACCA-1,3,CD4_T_cells,,Tcm/Naive helper T cells,Tcm/Naive cytotoxic T cells,0.9588296809218094
CGTATTGCATAGACCC-1,0,Monocytes_CD14,,Classical monocytes,Classical monocytes,0.9973746066773149
CGTATTGCATTCAGCA-1,3,CD4_T_cells,,Tcm/Naive cytotoxic T cells,Tcm/Naive cytotoxic T cells,0.9687301663174546
CGTATTGCATTGTGAT-1,2,T_cells_general,,Tem/Effector helper T cells,Tem/Effector helper T cells,0.4410029050190641
CGTCAATAGCCTGATG-1,6,B_cells,,Memory B cells,Memory B cells,0.9991304601746024
CGTCAATAGCGCTAAT-1,2,T_cells_general,,Tcm/Naive helper T cells,Tcm/Naive helper T cells,0.9668690643080413
CGTCAATAGGACGTAA-1,3,CD4_T_cells,,Tcm/Naive cytotoxic T cells,Tcm/Naive cytotoxic T cells,0.8752948919570366
CGTCAATAGTAAGAAC-1,2,T_cells_general,,Regulatory T cells,Tcm/Naive helper T cells,0.9992534772444063
CGTCATTGTAACGAGG-1,2,T_cells_general,,Tcm/Naive helper T cells,Tcm/Naive helper T cells,0.6632420873813675
CGTCATTGTCGTAAAT-1,2,T_cells_general,,Tem/Effector helper T cells,Tem/Effector helper T cells,0.9916613910503203
CGTCATTGTGGAAGGC-1,1,CD4_T_cells,,Tcm/Naive helper T cells,Tcm/Naive helper T cells,0.9999683273695017
CGTCATTGTTAGACCA-1,3,CD4_T_cells,,Tcm/Naive cytotoxic T cells,Tcm/Naive cytotoxic T cells,0.991065801600371
CGTCATTGTTGAGCCG-1,3,CD4_T_cells,,Tcm/Naive cytotoxic T cells,Tcm/Naive cytotoxic T cells,0.9991693597441974
CGTCATTGTTGCATCT-1,0,Monocytes_CD14,,Classical monocytes,Classical monocytes,0.9999956290505504
CGTCCTAGTACAATGT-1,4,Cytotoxic_T_NK,,Tem/Trm cytotoxic T cells,Tem/Trm cytotoxic T cells,0.9406108794475785
CGTCCTAGTATTGAGT-1,1,CD4_T_cells,,Tcm/Naive helper T cells,Tcm/Naive helper T cells,0.994165398765424
CGTCCTAGTCAGGCCA-1,3,CD4_T_cells,,Tcm/Naive helper T cells,Tcm/Naive cytotoxic T cells,0.9917743755604512
CGTCCTAGTCTATCGT-1,8,B_cells,,Naive B cells,Naive B cells,0.9999996582413575
CGTCCTAGTGTTGTAG-1,1,CD4_T_cells,,Tcm/Naive helper T cells,Tcm/Naive helper T cells,0.9338131596507765
CGTCCTAGTTCCTCCT-1,0,Monocytes_CD14,,Classical monocytes,Classical monocytes,0.9999802449954255
CGTCCTAGTTCGCGCT-1,0,Monocytes_CD14,,Classical monocytes,Classical monocytes,0.9999990756117288
CGTCCTAGTTCGCTCA-1,1,CD4_T_cells,,Tcm/Naive helper T cells,Tcm/Naive helper T cells,0.9999122061252359
CGTCCTAGTTTGCTGT-1,1,CD4_T_cells,,Tcm/Naive helper T cells,Tcm/Naive helper T cells,0.9804635585426886
CGTGACATCATGACCG-1,3,CD4_T_cells,,Tcm/Naive cytotoxic T cells,Tcm/Naive cytotoxic T cells,0.9996754669548067
CGTGACATCCATAAGC-1,3,CD4_T_cells,,Tcm/Naive cytotoxic T cells,Tcm/Naive cytotoxic T cells,0.9975729742857639
CGTGACATCTAAATCG-1,0,Monocytes_CD14,,Classical monocytes,Classical monocytes,0.9950170715458823
CGTGAGGAGAAAGCAT-1,3,CD4_T_cells,,Tcm/Naive cytotoxic T cells,Tcm/Naive cytotoxic T cells,0.9980469441137287
CGTGAGGAGACTTACA-1,3,CD4_T_cells,,Tcm/Naive cytotoxic T cells,Tcm/Naive cytotoxic T cells,0.9999296619955791
CGTGAGGAGCAGGTTT-1,1,CD4_T_cells,,Tcm/Naive helper T cells,Tcm/Naive helper T cells,0.9999958214719659
CGTGAGGAGCTAAGTC-1,3,CD4_T_cells,,Tcm/Naive helper T cells,Tcm/Naive cytotoxic T cells,0.6731090993453435
CGTGAGGAGCTCAAAC-1,4,Cytotoxic_T_NK,,Tem/Temra cytotoxic T cells,Tem/Temra cytotoxic T cells,0.9989061832022821
CGTGAGGAGGAGCAAC-1,1,CD4_T_cells,,Tcm/Naive helper T cells,Tcm/Naive helper T cells,0.9998756205302102
CGTGAGGAGGATCCGC-1,2,T_cells_general,,Tcm/Naive helper T cells,Tcm/Naive helper T cells,0.9957514790492837
CGTGAGGAGGGACTAA-1,11,pDC,,pDC,pDC,0.9999999982871335
CGTGAGGAGGGTCCAC-1,3,CD4_T_cells,,Tcm/Naive cytotoxic T cells,Tcm/Naive cytotoxic T cells,0.7181550410788198
CGTGAGGAGGTCCTGA-1,2,T_cells_general,,Tcm/Naive helper T cells,Tcm/Naive helper T cells,0.9728257162471008
CGTGCTGCAAACTGCC-1,0,Monocytes_CD14,,Classical monocytes,Classical monocytes,0.9997905176141311
CGTGCTGCAAGATTCT-1,0,Monocytes_CD14,,Classical monocytes,Classical monocytes,0.9999957235818149
CGTGCTGCAAGGTATA-1,3,CD4_T_cells,,Tcm/Naive helper T cells,Tcm/Naive cytotoxic T cells,0.99514126006296
CGTGCTGCACCATATG-1,4,Cytotoxic_T_NK,,Tem/Temra cytotoxic T cells,Tem/Temra cytotoxic T cells,0.6464944665982414
CGTGCTGCAGCAACCT-1,6,B_cells,,Memory B cells,Memory B cells,0.9913710193638301
CGTGCTGCAGCTTACA-1,6,B_cells,,Naive B cells,Memory B cells,0.6232148187165691
CGTGCTGCAGGCATGA-1,0,Monocytes_CD14,,Classical monocytes,Classical monocytes,0.9916013153451001
CGTGCTGCAGGTTTGC-1,5,Cytotoxic_T_NK,,CD16+ NK cells,CD16+ NK cells,0.8489084168774897
CGTGCTGCAGTTAAAG-1,6,B_cells,,Memory B cells,Memory B cells,0.9961424137697401
CGTGCTGCATTAAGCT-1,0,Monocytes_CD14,,Classical monocytes,Classical monocytes,0.9999822274515329
CGTGCTGCATTATGGT-1,0,Monocytes_CD14,,Classical monocytes,Classical monocytes,0.67311212920007
CGTGCTGCATTGGGAG-1,1,CD4_T_cells,,Tcm/Naive helper T cells,Tcm/Naive helper T cells,0.9998488157119619
CGTGCTTTCAATCTCT-1,1,CD4_T_cells,,Tcm/Naive helper T cells,Tcm/Naive helper T cells,0.9882643019102445
CGTGCTTTCAATGACC-1,4,Cytotoxic_T_NK,,CRTAM+ gamma-delta T cells,Tem/Temra cytotoxic T cells,0.12921881001664498
CGTGCTTTCCAGGAAA-1,6,B_cells,,Memory B cells,Age-associated B cells,0.9999851307428557
CGTGCTTTCCATCAGG-1,9,Monocytes_general,,DC2,DC2,0.9996523680993517
CGTGCTTTCCCGTTAC-1,4,Cytotoxic_T_NK,,Tem/Temra cytotoxic T cells,Tem/Temra cytotoxic T cells,0.9990509184407552
CGTGCTTTCTAATCAG-1,1,CD4_T_cells,,Tcm/Naive helper T cells,Tcm/Naive helper T cells,0.9999130076021724
CGTGCTTTCTCACTAT-1,1,CD4_T_cells,,Tcm/Naive helper T cells,Tcm/Naive helper T cells,0.9999212975882488
CGTGGTTCAATAATGG-1,1,CD4_T_cells,,Tcm/Naive helper T cells,Tcm/Naive helper T cells,0.9996734699478863
CGTGGTTCACAACAGG-1,3,CD4_T_cells,,Tcm/Naive cytotoxic T cells,Tcm/Naive cytotoxic T cells,0.9999407726563825
CGTGGTTCAGTCTAGC-1,0,Monocytes_CD14,,Classical monocytes,Classical monocytes,0.9922080568822251
CGTGGTTCATCTTGAG-1,1,CD4_T_cells,,Tcm/Naive helper T cells,Tcm/Naive helper T cells,0.9999543535050475
CGTGTGTCACAGAAAC-1,5,Cytotoxic_T_NK,,CD16+ NK cells,CD16+ NK cells,0.9997076184894668
CGTGTGTCACCGGCTA-1,3,CD4_T_cells,,Tcm/Naive cytotoxic T cells,Tcm/Naive cytotoxic T cells,0.9974278167554007
CGTGTGTCAGTTTGGC-1,1,CD4_T_cells,,Tcm/Naive helper T cells,Tcm/Naive helper T cells,0.39440503153900025
CGTGTGTCATAAAGCA-1,3,CD4_T_cells,,Tcm/Naive cytotoxic T cells,Tcm/Naive cytotoxic T cells,0.7840121563894603
CGTGTGTCATGATTGT-1,2,T_cells_general,,Regulatory T cells,Tcm/Naive helper T cells,0.7755715301252811
CGTGTTACAATCCTGA-1,1,CD4_T_cells,,Tcm/Naive helper T cells,Tcm/Naive helper T cells,0.999947377921492
CGTGTTACAGCCAGAA-1,0,Monocytes_CD14,,Classical monocytes,Classical monocytes,0.9647399047896528
CGTGTTACATCACAGC-1,1,CD4_T_cells,,Tcm/Naive helper T cells,Tcm/Naive helper T cells,0.9998799035667069
CGTGTTACATCCATCT-1,3,CD4_T_cells,,Tcm/Naive cytotoxic T cells,Tcm/Naive cytotoxic T cells,0.29427239758488155
CGTTAAATCAAGTGTC-1,3,CD4_T_cells,,Tcm/Naive cytotoxic T cells,Tcm/Naive cytotoxic T cells,0.9192787614011657
CGTTAAATCAATGAGG-1,2,T_cells_general,,Tcm/Naive helper T cells,Tcm/Naive helper T cells,0.9673785835344468
CGTTAAATCACGCGGT-1,4,Cytotoxic_T_NK,,Tem/Temra cytotoxic T cells,Tem/Temra cytotoxic T cells,0.9945282406151292
CGTTAACAGCATGTTA-1,1,CD4_T_cells,,Tcm/Naive helper T cells,Tcm/Naive helper T cells,0.9999705043198089
CGTTAACAGGACAACA-1,3,CD4_T_cells,,Tcm/Naive cytotoxic T cells,Tcm/Naive cytotoxic T cells,0.9998114980251409
CGTTAACAGGCTTAAC-1,2,T_cells_general,,Tem/Effector helper T cells,Tcm/Naive helper T cells,0.12666472367878653
CGTTAACAGTGAACGA-1,1,CD4_T_cells,,Tcm/Naive helper T cells,Tcm/Naive helper T cells,0.9862718535500754
CGTTAGGTCATCCTAT-1,0,Monocytes_CD14,,Classical monocytes,Classical monocytes,0.9999949611590812
CGTTAGGTCCAGCACA-1,3,CD4_T_cells,,Tcm/Naive cytotoxic T cells,Tcm/Naive cytotoxic T cells,0.9530389260638746
CGTTAGGTCCTGGTGA-1,3,CD4_T_cells,,Tcm/Naive cytotoxic T cells,Tcm/Naive cytotoxic T cells,0.9683157126181435
CGTTAGTAGCTCGCTT-1,0,Monocytes_CD14,,Classical monocytes,Classical monocytes,0.9951121239543025
CGTTAGTAGGAAGTAT-1,5,Cytotoxic_T_NK,,CD16+ NK cells,CD16+ NK cells,0.9852962370401085
CGTTAGTAGGCGGATG-1,0,Monocytes_CD14,,Classical monocytes,Classical monocytes,0.9998357336611405
CGTTAGTAGGTGTTAC-1,2,T_cells_general,,Tcm/Naive helper T cells,Tem/Effector helper T cells,0.2975726785143602
CGTTAGTAGTGGCGGA-1,0,Monocytes_CD14,,Classical monocytes,Classical monocytes,0.9988319340522159
CGTTATCGTAGGTGTC-1,1,CD4_T_cells,,Tcm/Naive helper T cells,Tcm/Naive helper T cells,0.9996695275950469
CGTTATCGTCAAACTG-1,0,Monocytes_CD14,,Classical monocytes,Classical monocytes,0.9999985448049598
CGTTATCGTGGGTACT-1,2,T_cells_general,,Regulatory T cells,Regulatory T cells,0.9882816578397395
CGTTATCGTTCCGGGA-1,0,Monocytes_CD14,,Classical monocytes,Classical monocytes,0.9999998847255891
CGTTATTTCAAGGACA-1,0,Monocytes_CD14,,Classical monocytes,Classical monocytes,0.9952556381002432
CGTTATTTCTTGCTAT-1,2,T_cells_general,,Tcm/Naive helper T cells,Tcm/Naive helper T cells,0.5538728853020242
CGTTGCAAGCAGGTGG-1,2,T_cells_general,,Tcm/Naive helper T cells,Tcm/Naive helper T cells,0.6781547327715785
CGTTGCAAGCATGAAG-1,3,CD4_T_cells,,Tcm/Naive cytotoxic T cells,Tcm/Naive helper T cells,0.688836862736218
CGTTGCAAGCCGCAGT-1,2,T_cells_general,,Tcm/Naive helper T cells,Tcm/Naive helper T cells,0.9987592454916329
CGTTGCAAGCTGTACG-1,4,Cytotoxic_T_NK,,Tem/Temra cytotoxic T cells,Tem/Temra cytotoxic T cells,0.9365664903234487
CGTTGCAAGCTTAGTA-1,1,CD4_T_cells,,Tcm/Naive helper T cells,Tcm/Naive helper T cells,0.9856396029500496
CGTTGCAAGGACACTT-1,0,Monocytes_CD14,,Classical monocytes,Classical monocytes,0.9835225282734682
CGTTGCAAGTCATTTC-1,5,Cytotoxic_T_NK,,CD16+ NK cells,CD16+ NK cells,0.9904962949855985
CGTTGCGCAAAGCGGC-1,6,B_cells,,Memory B cells,Memory B cells,0.9999551962000035
CGTTGCGCAACAACAA-1,8,B_cells,,Naive B cells,Naive B cells,0.9999997897558486
CGTTGCGCACAGAAAC-1,2,T_cells_general,,Regulatory T cells,Regulatory T cells,0.9943473178624227
CGTTGCGCAGGTTAAA-1,0,Monocytes_CD14,,Classical monocytes,Classical monocytes,0.9967527630155485
CGTTGCGCAGTGAACG-1,2,T_cells_general,,Tem/Effector helper T cells,Tem/Effector helper T cells,0.9307037979939693
CGTTGCGCATGATTGT-1,5,Cytotoxic_T_NK,,CD16+ NK cells,CD16+ NK cells,0.9979891884585951
CGTTGCGCATGTTGGC-1,3,CD4_T_cells,,Tcm/Naive cytotoxic T cells,Tcm/Naive cytotoxic T cells,0.9235515050796738
CGTTGCGCATTTAAGC-1,3,CD4_T_cells,,Tcm/Naive cytotoxic T cells,Tcm/Naive cytotoxic T cells,0.9900178899805011
CGTTTCTCAACACTTG-1,0,Monocytes_CD14,,Classical monocytes,Classical monocytes,0.9674558144530944
CGTTTCTCACGAATTT-1,1,CD4_T_cells,,Tcm/Naive helper T cells,Tcm/Naive helper T cells,0.9989302633111172
CGTTTCTCATAGCAGG-1,1,CD4_T_cells,,Tcm/Naive helper T cells,Regulatory T cells,0.9055284932476471
CGTTTCTCATGGTTAT-1,0,Monocytes_CD14,,Non-classical monocytes,Classical monocytes,0.9296301425276128
CGTTTGGAGCGCAATT-1,0,Monocytes_CD14,,Classical monocytes,Classical monocytes,0.9999986114836625
CGTTTGGAGGATTGCT-1,6,B_cells,,Memory B cells,Memory B cells,0.9810797391143594
CGTTTGGAGGCCATCA-1,0,Monocytes_CD14,,Classical monocytes,Classical monocytes,0.9894227798655097
CGTTTGGAGTCACGAT-1,4,Cytotoxic_T_NK,,Tem/Temra cytotoxic T cells,Tem/Temra cytotoxic T cells,0.9996738203385821
CGTTTGGAGTCAGGCC-1,11,pDC,,pDC,pDC,0.9999999791382395
CGTTTGGAGTTAGTTG-1,2,T_cells_general,,Tcm/Naive helper T cells,Tcm/Naive helper T cells,0.9216998226316789
CGTTTGGAGTTGTCCC-1,0,Monocytes_CD14,,Classical monocytes,Classical monocytes,0.9998669807490089
CGTTTGTGTCACCAAA-1,0,Monocytes_CD14,,Classical monocytes,Classical monocytes,0.9994495110221793
CGTTTGTGTGCATTTC-1,4,Cytotoxic_T_NK,,Tem/Temra cytotoxic T cells,Tem/Temra cytotoxic T cells,0.9881631017553585
CGTTTGTGTGGATTAT-1,6,B_cells,,Age-associated B cells,Age-associated B cells,0.9889031753936414
CTAAAGCTCACCATTT-1,7,Monocytes_general,,Non-classical monocytes,Non-classical monocytes,0.9999695627498245
CTAAAGCTCACTAGGT-1,3,CD4_T_cells,,Tcm/Naive helper T cells,Tcm/Naive cytotoxic T cells,0.6786912645157446
CTAAAGCTCGAGGAGT-1,1,CD4_T_cells,,Tcm/Naive helper T cells,Tcm/Naive helper T cells,0.997331366362083
CTAAAGCTCGTCAAGT-1,6,B_cells,,Memory B cells,Memory B cells,0.999993646628539
CTAAAGCTCTCGCCTG-1,6,B_cells,,Age-associated B cells,Age-associated B cells,0.7388784444633733
CTAAAGCTCTTTGAGA-1,0,Monocytes_CD14,,Classical monocytes,Classical monocytes,0.9999938811665313
CTAAATGTCACAAGCT-1,4,Cytotoxic_T_NK,,Tem/Temra cytotoxic T cells,Tem/Temra cytotoxic T cells,0.996079514492214
CTAAATGTCCGTCCAT-1,3,CD4_T_cells,,Tcm/Naive cytotoxic T cells,Tcm/Naive cytotoxic T cells,0.9588037697161684
CTAAATGTCGTTCACC-1,0,Monocytes_CD14,,Classical monocytes,Classical monocytes,0.999979374628344
CTAAATGTCTAAGGTC-1,1,CD4_T_cells,,Naive B cells,Tcm/Naive helper T cells,0.12138579568413883
CTAACCACAACAGCCT-1,3,CD4_T_cells,,Tcm/Naive helper T cells,Tcm/Naive helper T cells,0.9155806936329403
CTAACCACAAGACTCC-1,2,T_cells_general,,Tcm/Naive helper T cells,Tem/Effector helper T cells,0.8491969292440495
CTAACCACAAGATTCT-1,3,CD4_T_cells,,Tcm/Naive cytotoxic T cells,Tcm/Naive cytotoxic T cells,0.9078485497840847
CTAACCACAATTAAGG-1,4,Cytotoxic_T_NK,,Tem/Temra cytotoxic T cells,Tem/Temra cytotoxic T cells,0.015913949259416006
CTAACCACAGTACCGT-1,7,Monocytes_general,,Non-classical monocytes,Non-classical monocytes,0.9998982413215652
CTAACCACAGTTTGTG-1,0,Monocytes_CD14,,Classical monocytes,Classical monocytes,0.9999986356992742
CTAACCACATGGCCTG-1,2,T_cells_general,,MAIT cells,Tcm/Naive helper T cells,0.9964496217092149
CTAACCACATTAAGTC-1,2,T_cells_general,,Tcm/Naive helper T cells,Tcm/Naive helper T cells,0.8525320791432177
CTAACCCTCAAACTCA-1,1,CD4_T_cells,,Tcm/Naive helper T cells,Tcm/Naive helper T cells,0.9989377548035322
CTAACCCTCCCTGGAA-1,0,Monocytes_CD14,,Classical monocytes,Classical monocytes,0.999879221903425
CTAACCCTCCTCACAC-1,2,T_cells_general,,Tcm/Naive helper T cells,Tcm/Naive helper T cells,0.018077009285262003
CTAACCCTCTCAATTC-1,5,Cytotoxic_T_NK,,CD16- NK cells,CD16+ NK cells,0.23384420427192226
CTAACCCTCTCACAAA-1,3,CD4_T_cells,,Tcm/Naive cytotoxic T cells,Tcm/Naive cytotoxic T cells,0.5779568568623203
CTAACCCTCTCCATGC-1,3,CD4_T_cells,,Tcm/Naive cytotoxic T cells,Tcm/Naive cytotoxic T cells,0.9273075977349496
CTAACCCTCTGGCATG-1,0,Monocytes_CD14,,Classical monocytes,Classical monocytes,0.9987639842586313
CTAACCCTCTTCAATC-1,4,Cytotoxic_T_NK,,Tem/Temra cytotoxic T cells,Tem/Temra cytotoxic T cells,0.9997185215602341
CTAACCTGTACCAGGT-1,6,B_cells,,Memory B cells,Memory B cells,0.99902917187855
CTAACCTGTTAAGCTG-1,0,Monocytes_CD14,,Classical monocytes,Classical monocytes,0.9999880605623671
CTAACCTGTTGCGTAA-1,0,Monocytes_CD14,,Classical monocytes,Classical monocytes,0.9945435969016061
CTAAGGTTCATTTGCT-1,1,CD4_T_cells,,Naive B cells,Tcm/Naive helper T cells,0.5199517905215135
CTAAGGTTCCAAGTGT-1,2,T_cells_general,,Tcm/Naive helper T cells,Tcm/Naive helper T cells,0.9999110285551008
CTAAGTCAGAACCTAC-1,0,Monocytes_CD14,,Classical monocytes,Classical monocytes,0.9998000137054419
CTAAGTCAGCATGAAG-1,0,Monocytes_CD14,,Classical monocytes,Classical monocytes,0.9944932704116013
CTAAGTCAGCTTACTT-1,3,CD4_T_cells,,Tcm/Naive helper T cells,Tcm/Naive cytotoxic T cells,0.9948017107042701
CTAATAGTCAGAAACG-1,0,Monocytes_CD14,,Classical monocytes,Classical monocytes,0.7184778135985398
CTAATAGTCCCTCACG-1,5,Cytotoxic_T_NK,,CD16+ NK cells,CD16+ NK cells,0.9999688502057903
CTAATAGTCTCTAGCC-1,5,Cytotoxic_T_NK,,CD16+ NK cells,CD16+ NK cells,0.9999999195483826
CTAATCCGTTGGATAT-1,1,CD4_T_cells,,Tcm/Naive helper T cells,Tcm/Naive helper T cells,0.7829101087015626
CTAATCCGTTGTTCAC-1,0,Monocytes_CD14,,Classical monocytes,Classical monocytes,0.9999996718996571
CTAATCGCAATAATCC-1,1,CD4_T_cells,,Tcm/Naive helper T cells,Tcm/Naive helper T cells,0.9999764321905688
CTAATCGCACCCTCAC-1,5,Cytotoxic_T_NK,,CD16+ NK cells,CD16+ NK cells,0.9996086827756756
CTAATCGCACGTGCTG-1,3,CD4_T_cells,,Tem/Trm cytotoxic T cells,Tcm/Naive cytotoxic T cells,0.3137061954134904
CTAATCGCAGCCAGTT-1,2,T_cells_general,,Tem/Effector helper T cells,Tem/Effector helper T cells,0.9960410833753603
CTAATCGCAGGTTACC-1,0,Monocytes_CD14,,Classical monocytes,Classical monocytes,0.9998140640684883
CTAATCGCATTAAAGG-1,0,Monocytes_CD14,,Classical monocytes,Classical monocytes,0.9999993522025763
CTAATCGCATTGTGCA-1,6,B_cells,,Memory B cells,Memory B cells,0.9999998081775915
CTAATCTTCATAACGC-1,7,Monocytes_general,,Non-classical monocytes,Non-classical monocytes,0.998825107592617
CTAATCTTCCACCTTA-1,0,Monocytes_CD14,,Classical monocytes,Classical monocytes,0.99810578701016
CTAATCTTCCTCAGCT-1,0,Monocytes_CD14,,Non-classical monocytes,Classical monocytes,0.9751450666552106
CTAATCTTCTCGCCCA-1,0,Monocytes_CD14,,Classical monocytes,Classical monocytes,0.9999982874268313
CTAATGTCAAACGGGC-1,8,B_cells,,Naive B cells,Naive B cells,0.9999999985426562
CTAATGTCAACAGCCT-1,1,CD4_T_cells,,Tcm/Naive helper T cells,Tcm/Naive helper T cells,0.9989209133661532
CTAATGTCAATCGCAC-1,3,CD4_T_cells,,Tcm/Naive cytotoxic T cells,Tcm/Naive cytotoxic T cells,0.999712657846301
CTAATGTCAATGAATG-1,0,Monocytes_CD14,,Classical monocytes,Classical monocytes,0.9999012749406928
CTAATGTCACATTGCA-1,3,CD4_T_cells,,Tcm/Naive cytotoxic T cells,Tcm/Naive cytotoxic T cells,0.9999032037059541
CTAATGTCAGAGAGCC-1,4,Cytotoxic_T_NK,,Tem/Temra cytotoxic T cells,Tem/Temra cytotoxic T cells,0.9990863026168934
CTAATGTCAGGCGAGT-1,4,Cytotoxic_T_NK,,Tem/Temra cytotoxic T cells,Tem/Temra cytotoxic T cells,0.4814272309448868
CTAATGTCATTAGCCA-1,1,CD4_T_cells,,Tcm/Naive helper T cells,Tcm/Naive helper T cells,0.9999752465141397
CTAATGTCATTATGGT-1,0,Monocytes_CD14,,Classical monocytes,Classical monocytes,0.999103408159027
CTAATTGAGAACAAGT-1,2,T_cells_general,,Tem/Effector helper T cells,Tcm/Naive helper T cells,0.931181005295127
CTAATTGAGGATGATG-1,8,B_cells,,Naive B cells,Naive B cells,0.9999999918607013
CTAATTGAGGCTACAT-1,0,Monocytes_CD14,,Classical monocytes,Classical monocytes,0.9982192516630897
CTAATTGAGGCTAGAA-1,2,T_cells_general,,Tcm/Naive helper T cells,Tcm/Naive helper T cells,0.9868613084441724
CTAATTGAGTCGCAAT-1,1,CD4_T_cells,,Tcm/Naive helper T cells,Tcm/Naive helper T cells,0.9992032252998206
CTACAACAGCATGACT-1,0,Monocytes_CD14,,Classical monocytes,Classical monocytes,0.9999944594904844
CTACAACAGCTATTAG-1,0,Monocytes_CD14,,Classical monocytes,Classical monocytes,0.9999502229805979
CTACAACAGGACCGCT-1,4,Cytotoxic_T_NK,,Tem/Trm cytotoxic T cells,Tem/Trm cytotoxic T cells,0.7513854642520437
CTACAACAGGAGGACT-1,2,T_cells_general,,Regulatory T cells,Regulatory T cells,0.9860842833216342
CTACAACAGGCATTAC-1,7,Monocytes_general,,Non-classical monocytes,Non-classical monocytes,0.9999925048910863
CTACAACAGGCCTAAT-1,2,T_cells_general,,Tcm/Naive helper T cells,Tcm/Naive helper T cells,0.8321927184267162
CTACAACAGTCTATGA-1,2,T_cells_general,,Tcm/Naive helper T cells,Tcm/Naive helper T cells,0.9997872697773945
CTACAACAGTTAACCA-1,1,CD4_T_cells,,Tcm/Naive helper T cells,Tcm/Naive helper T cells,0.543111490180711
CTACCGGCACTTAGGC-1,0,Monocytes_CD14,,Classical monocytes,Classical monocytes,0.9986988131369271
CTACCGGCATCCCTCA-1,7,Monocytes_general,,Non-classical monocytes,Non-classical monocytes,0.9997055759242527
CTACCTCAGAGGCTAA-1,4,Cytotoxic_T_NK,,Tem/Trm cytotoxic T cells,Tem/Trm cytotoxic T cells,0.8148316789065267
CTACCTCAGCTCCTTA-1,2,T_cells_general,,Tcm/Naive helper T cells,Tcm/Naive helper T cells,0.7936930322354137
CTACCTCAGGTACCGC-1,1,CD4_T_cells,,Tcm/Naive helper T cells,Tcm/Naive helper T cells,0.9999434504283968
CTACCTCAGTCACTCC-1,1,CD4_T_cells,,Tcm/Naive helper T cells,Tcm/Naive helper T cells,0.9994228101738089
CTACCTCAGTTATGTG-1,4,Cytotoxic_T_NK,,NK cells,Tem/Temra cytotoxic T cells,0.5871141134887814
CTACGAAGTACGCGCA-1,0,Monocytes_CD14,,Classical monocytes,Classical monocytes,0.984747704946893
CTACGAAGTAGTTAAC-1,0,Monocytes_CD14,,Classical monocytes,Classical monocytes,0.9998506556314123
CTACGAAGTAGTTACG-1,0,Monocytes_CD14,,Classical monocytes,Classical monocytes,0.9999820447328789
CTACGAAGTGCTAGAC-1,7,Monocytes_general,,Non-classical monocytes,Non-classical monocytes,0.9999947313237858
CTACGAAGTGGACATC-1,5,Cytotoxic_T_NK,,CD16+ NK cells,CD16+ NK cells,0.9999881060017535
CTACGAAGTGTCCAGG-1,0,Monocytes_CD14,,Classical monocytes,Classical monocytes,0.9997490999783657
CTACGAAGTTATCCTA-1,4,Cytotoxic_T_NK,,Tem/Trm cytotoxic T cells,Tem/Trm cytotoxic T cells,0.2000768786465559
CTACGAAGTTCATTTG-1,3,CD4_T_cells,,Tcm/Naive cytotoxic T cells,Tcm/Naive cytotoxic T cells,0.999987937197031
CTACGAAGTTCCGCAC-1,5,Cytotoxic_T_NK,,CD16+ NK cells,CD16+ NK cells,0.8579276982959712
CTACGAAGTTGCACGG-1,2,T_cells_general,,Tcm/Naive helper T cells,Tcm/Naive helper T cells,0.9217509273624248
CTACGAAGTTGTGACA-1,0,Monocytes_CD14,,Classical monocytes,Classical monocytes,0.9999442931727343
CTACGAAGTTTAAAGC-1,2,T_cells_general,,Tem/Trm cytotoxic T cells,Tcm/Naive helper T cells,0.5918993424111378
CTACTAAAGCCTTAAA-1,1,CD4_T_cells,,Tcm/Naive helper T cells,Tcm/Naive helper T cells,0.9995627809021591
CTACTAAAGCTTAACA-1,6,B_cells,,Memory B cells,Memory B cells,0.990759520722063
CTACTAAAGTGAGGGT-1,1,CD4_T_cells,,Tcm/Naive helper T cells,Tcm/Naive helper T cells,0.9992584550156361
CTACTAAAGTTAGCCG-1,4,Cytotoxic_T_NK,,Tem/Temra cytotoxic T cells,Tem/Temra cytotoxic T cells,0.9999294421403463
CTACTTAGTCATAGAT-1,1,CD4_T_cells,,Tcm/Naive helper T cells,Tcm/Naive helper T cells,0.999920808527677
CTACTTAGTCCTAGTT-1,6,B_cells,,Memory B cells,Memory B cells,0.9997294657120203
CTAGATTCAAGGTACG-1,9,Monocytes_general,,Classical monocytes,Classical monocytes,0.9999942102779605
CTAGATTCAATCCTGA-1,0,Monocytes_CD14,,Classical monocytes,Classical monocytes,0.9998532984318101
CTAGATTCAATCTCTC-1,0,Monocytes_CD14,,Classical monocytes,Classical monocytes,0.9999100574289636
CTAGATTCACCTGGTG-1,4,Cytotoxic_T_NK,,Tem/Trm cytotoxic T cells,Tem/Trm cytotoxic T cells,0.9807367004888546
CTAGATTCAGGAACAT-1,0,Monocytes_CD14,,Classical monocytes,Classical monocytes,0.9999867985909838
CTAGCGGGTATGGTGC-1,2,T_cells_general,,Tcm/Naive helper T cells,Tcm/Naive helper T cells,0.9996243785934139
CTAGCGGGTCATTAGG-1,2,T_cells_general,,Tem/Effector helper T cells,Tem/Effector helper T cells,0.931356747309769
CTAGCGGGTGCTAGAC-1,4,Cytotoxic_T_NK,,Tem/Temra cytotoxic T cells,Tem/Temra cytotoxic T cells,0.9779715160928684
CTAGCGGGTGCTGTAA-1,0,Monocytes_CD14,,Classical monocytes,Classical monocytes,0.9561786575089334
CTAGCGGGTTGGCCGA-1,3,CD4_T_cells,,Tcm/Naive cytotoxic T cells,Tcm/Naive cytotoxic T cells,0.9031591584153412
CTAGCTGAGACAAGTG-1,3,CD4_T_cells,,Tcm/Naive cytotoxic T cells,Tcm/Naive cytotoxic T cells,0.8054919554783525
CTAGCTGAGACAGGCG-1,8,B_cells,,Naive B cells,Naive B cells,0.9999271799669983
CTAGCTGAGCACGTTG-1,0,Monocytes_CD14,,Classical monocytes,Classical monocytes,0.9973093180984075
CTAGCTGAGCAGCTAT-1,1,CD4_T_cells,,Tcm/Naive helper T cells,Tcm/Naive helper T cells,0.9999805103296867
CTAGCTGAGCCACAAT-1,0,Monocytes_CD14,,Monocytes,Classical monocytes,0.37590549635592263
CTAGCTGAGCTTTGGG-1,2,T_cells_general,,Tem/Effector helper T cells,Tem/Effector helper T cells,0.9980064001532493
CTAGCTGAGGACCTGC-1,2,T_cells_general,,Tcm/Naive helper T cells,Tcm/Naive helper T cells,0.982164676802293
CTAGCTGAGGCACAGG-1,5,Cytotoxic_T_NK,,CD16+ NK cells,CD16+ NK cells,0.9717662412865493
CTAGCTGAGGCGAATA-1,2,T_cells_general,,Tem/Effector helper T cells,Tcm/Naive helper T cells,0.8785196154490321
CTAGCTGAGGCGGGTA-1,1,CD4_T_cells,,Tcm/Naive helper T cells,Tcm/Naive helper T cells,0.9996855114479548
CTAGCTGAGTAATCCA-1,0,Monocytes_CD14,,Classical monocytes,Classical monocytes,0.9355183888300018
CTAGCTGAGTTGGATC-1,0,Monocytes_CD14,,Classical monocytes,Classical monocytes,0.9986998828003131
CTAGCTTGTGCTAGAC-1,6,B_cells,,Memory B cells,Memory B cells,0.9999827696445969
CTAGCTTGTGTGTCCC-1,8,B_cells,,Naive B cells,Naive B cells,0.9999999863128455
CTAGCTTGTTTATTCG-1,5,Cytotoxic_T_NK,,CD16+ NK cells,CD16+ NK cells,0.9997262869206885
CTAGGACGTAACTACG-1,5,Cytotoxic_T_NK,,CD16+ NK cells,CD16+ NK cells,0.9999964937760774
CTAGGACGTCAGGAAG-1,7,Monocytes_general,,Non-classical monocytes,Non-classical monocytes,0.9998270607280876
CTAGGACGTCCGTAGG-1,0,Monocytes_CD14,,Classical monocytes,Classical monocytes,0.9915176078925529
CTAGGACGTCTTGCAT-1,10,Cytotoxic_T_NK,,MAIT cells,MAIT cells,0.9969306402254962
CTAGGACGTGCTGGTG-1,0,Monocytes_CD14,,Classical monocytes,Classical monocytes,0.9999995994134404
CTAGGACGTGGTTCTT-1,2,T_cells_general,,Double-negative thymocytes,Tem/Effector helper T cells,0.9746847365708172
CTAGGACGTTCGCGCT-1,2,T_cells_general,,Tcm/Naive helper T cells,Tcm/Naive helper T cells,0.25393515662002314
CTAGGACGTTCGCTCA-1,4,Cytotoxic_T_NK,,Tem/Trm cytotoxic T cells,Tem/Temra cytotoxic T cells,0.08665679223394859
CTAGGACGTTGTAACG-1,5,Cytotoxic_T_NK,,CD16- NK cells,CD16+ NK cells,0.5215127995396235
CTAGGACGTTTCCTCC-1,7,Monocytes_general,,Non-classical monocytes,Non-classical monocytes,0.9999857687061908
CTAGGCGGTACAATGT-1,0,Monocytes_CD14,,Classical monocytes,Classical monocytes,0.8812838539104222
CTAGGCGGTAGACAAA-1,0,Monocytes_CD14,,Classical monocytes,Classical monocytes,0.9999097365365199
CTAGGCGGTCATAGAT-1,2,T_cells_general,,Regulatory T cells,Regulatory T cells,0.9994773436987442
CTAGGCGGTCCTAAGA-1,7,Monocytes_general,,Non-classical monocytes,Non-classical monocytes,0.9999972056561757
CTAGGCGGTGTGCAAC-1,1,CD4_T_cells,,Tcm/Naive helper T cells,Tcm/Naive helper T cells,0.5935654159294456
CTAGGCGGTTAAGCTG-1,0,Monocytes_CD14,,Classical monocytes,Classical monocytes,0.9999998236905612
CTAGGCGGTTGTGACA-1,1,CD4_T_cells,,Tcm/Naive helper T cells,Tcm/Naive helper T cells,0.9874054247083363
CTAGTAATCAAACCTA-1,0,Monocytes_CD14,,Classical monocytes,Classical monocytes,0.9978344369861986
CTAGTAATCCCAGTAG-1,9,Monocytes_general,,DC2,DC2,0.4048543504416647
CTAGTAATCTCTAGCC-1,1,CD4_T_cells,,Tcm/Naive helper T cells,Tcm/Naive helper T cells,0.9997074362450203
CTAGTAATCTGGTCCT-1,0,Monocytes_CD14,,Classical monocytes,Classical monocytes,0.9920762949840148
CTAGTAGGTGCATTAG-1,0,Monocytes_CD14,,Classical monocytes,Classical monocytes,0.9934194425275714
CTAGTCGAGACTCGCA-1,2,T_cells_general,,Tem/Effector helper T cells,Tem/Effector helper T cells,0.6458802816747996
CTAGTCGAGATGGAGC-1,0,Monocytes_CD14,,Classical monocytes,Classical monocytes,0.99999149982365
CTAGTCGAGGCTACTG-1,5,Cytotoxic_T_NK,,CD16- NK cells,CD16+ NK cells,0.9931227267813493
CTAGTCGAGTTATCTC-1,0,Monocytes_CD14,,Classical monocytes,Classical monocytes,0.9999527830758868
CTAGTCGAGTTATTCC-1,4,Cytotoxic_T_NK,,Tcm/Naive helper T cells,Tem/Trm cytotoxic T cells,0.4624739476612105
CTAGTCGAGTTCCTCA-1,2,T_cells_general,,Tcm/Naive helper T cells,Tcm/Naive helper T cells,0.9761172984699739
CTAGTGAGTCTTGCAT-1,0,Monocytes_CD14,,Classical monocytes,Classical monocytes,0.9999825363381075
CTAGTGAGTGGATGTC-1,4,Cytotoxic_T_NK,,Tem/Temra cytotoxic T cells,Tem/Trm cytotoxic T cells,0.586073455545729
CTAGTTGCACAAAGAC-1,4,Cytotoxic_T_NK,,Tem/Temra cytotoxic T cells,Tem/Temra cytotoxic T cells,0.9761876583268615
CTAGTTGCAGGACACA-1,1,CD4_T_cells,,Tcm/Naive helper T cells,Tcm/Naive helper T cells,0.9715134836845961
CTAGTTGCATTAGCCA-1,8,B_cells,,Naive B cells,Naive B cells,0.999972032969834
CTATAACCAATAGTCT-1,0,Monocytes_CD14,,Classical monocytes,Classical monocytes,0.9999286163641123
CTATAACCAGACAAAC-1,0,Monocytes_CD14,,Classical monocytes,Classical monocytes,0.9977262113512838
CTATAACCAGCATGTC-1,3,CD4_T_cells,,Tcm/Naive cytotoxic T cells,Tcm/Naive cytotoxic T cells,0.9764750639984423
CTATAACCAGGTATTT-1,1,CD4_T_cells,,Tcm/Naive helper T cells,Tcm/Naive helper T cells,0.9938101868822976
CTATGACAGCTTCCCG-1,9,Monocytes_general,,Classical monocytes,Classical monocytes,0.9999345080258838
CTATGACAGGAACGCG-1,0,Monocytes_CD14,,Classical monocytes,Classical monocytes,0.9999178053269627
CTATGACAGGATTGAG-1,6,B_cells,,Age-associated B cells,Age-associated B cells,0.8655468484576373
CTATGACAGTCAGTAC-1,1,CD4_T_cells,,Tcm/Naive helper T cells,Tcm/Naive helper T cells,0.9951885590021624
CTATGACAGTGCACGC-1,8,B_cells,,Naive B cells,Naive B cells,0.9999999805768937
CTATGACAGTTAGCCG-1,0,Monocytes_CD14,,Classical monocytes,Classical monocytes,0.9999947716197031
CTATGAGGTGCATTAG-1,10,Cytotoxic_T_NK,,MAIT cells,MAIT cells,0.9993793842561376
CTATGAGGTGTTTCAC-1,1,CD4_T_cells,,Tcm/Naive helper T cells,Tcm/Naive helper T cells,0.9864770035735246
CTATGAGGTTAACAGT-1,7,Monocytes_general,,Non-classical monocytes,Non-classical monocytes,0.9995728522049561
CTATGATCACCATATG-1,0,Monocytes_CD14,,Classical monocytes,Classical monocytes,0.9998908473258685
CTATGATCACTAAATC-1,1,CD4_T_cells,,Tcm/Naive helper T cells,Tcm/Naive helper T cells,0.9999241883200606
CTATGATCACTTGTTC-1,0,Monocytes_CD14,,Classical monocytes,Classical monocytes,0.7006797732439694
CTATGGCCAAACGCGA-1,0,Monocytes_CD14,,Classical monocytes,Classical monocytes,0.999991941082482
CTATGGCCAAGGTATA-1,1,CD4_T_cells,,Tcm/Naive helper T cells,Tcm/Naive helper T cells,0.9990569632563279
CTATGGCCACTTAGGC-1,3,CD4_T_cells,,Tcm/Naive cytotoxic T cells,Tcm/Naive cytotoxic T cells,0.6288313819674437
CTATGGCCATTGTGCA-1,0,Monocytes_CD14,,Classical monocytes,Classical monocytes,0.9999707889467326
CTATGTTTCAAGGACA-1,5,Cytotoxic_T_NK,,CD16+ NK cells,CD16+ NK cells,0.9889043658036234
CTATGTTTCAGGTTTA-1,0,Monocytes_CD14,,Classical monocytes,Classical monocytes,0.9999897864255384
CTATGTTTCATGCTCC-1,3,CD4_T_cells,,Tcm/Naive cytotoxic T cells,Tcm/Naive cytotoxic T cells,0.9782132213067667
CTATGTTTCCTAAGAC-1,3,CD4_T_cells,,Regulatory T cells,Tcm/Naive cytotoxic T cells,0.06319725996891966
CTATGTTTCGGCTAGC-1,2,T_cells_general,,Tcm/Naive helper T cells,Tcm/Naive helper T cells,0.9999423780274646
CTATGTTTCTTTAGGA-1,7,Monocytes_general,,Non-classical monocytes,Non-classical monocytes,0.9979814275131954
CTATTACTCCGGTTGA-1,12,Stress_response,,ETP,HSC/MPP,0.9999443511403799
CTATTACTCCTCCATA-1,6,B_cells,,Memory B cells,Age-associated B cells,0.9915200310187552
CTATTACTCGATATTG-1,2,T_cells_general,,Tem/Effector helper T cells,Tem/Effector helper T cells,0.7529737582549
CTATTACTCGCACACA-1,5,Cytotoxic_T_NK,,CD16+ NK cells,CD16+ NK cells,0.9789603053459307
CTATTACTCGTAACGT-1,1,CD4_T_cells,,Tcm/Naive helper T cells,Tcm/Naive helper T cells,0.9972526624820548
CTATTACTCTCAATGA-1,3,CD4_T_cells,,Tcm/Naive cytotoxic T cells,Tcm/Naive cytotoxic T cells,0.9860700722941924
CTATTACTCTGTAATG-1,1,CD4_T_cells,,Tcm/Naive helper T cells,Tcm/Naive helper T cells,0.997552472080394
CTATTCAGTAGCAGCT-1,1,CD4_T_cells,,Tcm/Naive helper T cells,Tcm/Naive helper T cells,0.9998703442435447
CTATTCAGTGAGAAAC-1,3,CD4_T_cells,,Tcm/Naive cytotoxic T cells,Tcm/Naive cytotoxic T cells,0.9891380968378873
CTATTCAGTGTGCACG-1,1,CD4_T_cells,,Tcm/Naive helper T cells,Tcm/Naive helper T cells,0.9997669785055134
CTATTCAGTTCATCTA-1,1,CD4_T_cells,,Tcm/Naive helper T cells,Tcm/Naive helper T cells,0.9530674553157039
CTATTCAGTTGTGATG-1,2,T_cells_general,,Tcm/Naive helper T cells,Tcm/Naive helper T cells,0.049561932971300855
CTATTGAAGCACTAAC-1,7,Monocytes_general,,Non-classical monocytes,Non-classical monocytes,0.9999812558064396
CTATTGAAGCTGTAAC-1,4,Cytotoxic_T_NK,,Tem/Trm cytotoxic T cells,Tem/Trm cytotoxic T cells,0.985385359661664
CTATTGAAGGATCACT-1,2,T_cells_general,,Tcm/Naive helper T cells,Regulatory T cells,0.05701093008595374
CTCAATAAGCATGGTT-1,3,CD4_T_cells,,Tcm/Naive cytotoxic T cells,Tcm/Naive cytotoxic T cells,0.8927968452864353
CTCAATAAGCTATATG-1,4,Cytotoxic_T_NK,,Tem/Temra cytotoxic T cells,Tem/Temra cytotoxic T cells,0.9313316344462502
CTCAATAAGTAACCCG-1,3,CD4_T_cells,,Tcm/Naive helper T cells,Tcm/Naive cytotoxic T cells,0.4788975710645246
CTCAATAAGTCATTAG-1,0,Monocytes_CD14,,Classical monocytes,Classical monocytes,0.9977850339811157
CTCACAACAAGGTATA-1,1,CD4_T_cells,,Tcm/Naive helper T cells,Tcm/Naive helper T cells,0.9999621754080498
CTCACAACAATTAGCT-1,4,Cytotoxic_T_NK,,Tem/Trm cytotoxic T cells,Tem/Temra cytotoxic T cells,0.6489739085372288
CTCACAACACCCACAG-1,1,CD4_T_cells,,Tcm/Naive helper T cells,Tcm/Naive helper T cells,0.795339194036645
CTCACAACATATTGAC-1,8,B_cells,,Naive B cells,Naive B cells,0.9999999987887032
CTCACAACATCATGTG-1,1,CD4_T_cells,,Tcm/Naive helper T cells,Tcm/Naive helper T cells,0.9984422311418956
CTCACACTCGCTAGCA-1,6,B_cells,,Naive B cells,Memory B cells,0.9961501280996021
CTCACACTCTTGGATA-1,8,B_cells,,Naive B cells,Naive B cells,0.9999999685801221
CTCACTCAGTATCGCG-1,4,Cytotoxic_T_NK,,Tem/Trm cytotoxic T cells,Tem/Trm cytotoxic T cells,0.6276966385818443
CTCAGGATCACCGGTA-1,1,CD4_T_cells,,Tcm/Naive helper T cells,Tcm/Naive helper T cells,0.9992698973018805
CTCAGGATCGATTTGA-1,10,Cytotoxic_T_NK,,MAIT cells,MAIT cells,0.016741730716650048
CTCAGGATCTCATCAT-1,1,CD4_T_cells,,Tcm/Naive helper T cells,Tcm/Naive helper T cells,0.9997811277305568
CTCAGGATCTGTGCCT-1,3,CD4_T_cells,,Tcm/Naive cytotoxic T cells,Tcm/Naive cytotoxic T cells,0.9818098895330825
CTCATCATCACTCAAA-1,0,Monocytes_CD14,,Classical monocytes,Classical monocytes,0.9992090031799733
CTCATCATCCACAATA-1,2,T_cells_general,,Tcm/Naive helper T cells,Tcm/Naive helper T cells,0.12222161983806897
CTCATCATCCAGGAAA-1,1,CD4_T_cells,,Tcm/Naive helper T cells,Tcm/Naive helper T cells,0.9997629511773488
CTCATCATCCCTCGCA-1,2,T_cells_general,,Tcm/Naive helper T cells,Tem/Effector helper T cells,0.5665602931228005
CTCATCATCCGGTTAG-1,2,T_cells_general,,Tcm/Naive helper T cells,Tcm/Naive helper T cells,0.44800427721986924
CTCATCATCGCTATGG-1,0,Monocytes_CD14,,Classical monocytes,Classical monocytes,0.997036186988169
CTCATGACAACCCTCC-1,0,Monocytes_CD14,,Classical monocytes,Classical monocytes,0.9999795983738085
CTCATGACAACTAACT-1,0,Monocytes_CD14,,Classical monocytes,Classical monocytes,0.9913103472638991
CTCATGACAAGGTCGA-1,4,Cytotoxic_T_NK,,Tem/Temra cytotoxic T cells,Tem/Temra cytotoxic T cells,0.9974285221467144
CTCATGACAATTGAAG-1,0,Monocytes_CD14,,Classical monocytes,Classical monocytes,0.9895780717018987
CTCATGACACTAAGAA-1,13,Plasma_cells,,Plasma cells,Plasma cells,0.9998936803021482
CTCATGACAGTAAGTA-1,0,Monocytes_CD14,,Classical monocytes,Classical monocytes,0.9994083416384405
CTCATGACAGTTATGT-1,1,CD4_T_cells,,Tcm/Naive helper T cells,Tcm/Naive helper T cells,0.9754083978173653
CTCATGCTCACAGCCA-1,0,Monocytes_CD14,,Non-classical monocytes,Classical monocytes,0.5310227711210174
CTCATGCTCATGCTTT-1,0,Monocytes_CD14,,Classical monocytes,Classical monocytes,0.9996074748847956
CTCATGCTCCCTGGTT-1,1,CD4_T_cells,,Tcm/Naive helper T cells,Tcm/Naive helper T cells,0.9999867288832607
CTCATGCTCCTAATGA-1,0,Monocytes_CD14,,Classical monocytes,Classical monocytes,0.9997211223000535
CTCATGCTCGCTAGTG-1,5,Cytotoxic_T_NK,,CD16+ NK cells,CD16+ NK cells,0.998572268310724
CTCATGCTCTGTAATG-1,4,Cytotoxic_T_NK,,Tem/Temra cytotoxic T cells,Tem/Temra cytotoxic T cells,0.9296212786953282
CTCATTAGTATCTGGA-1,4,Cytotoxic_T_NK,,Tem/Temra cytotoxic T cells,Tem/Trm cytotoxic T cells,0.05692786703309421
CTCATTAGTGAGGTAG-1,1,CD4_T_cells,,Tcm/Naive helper T cells,Tcm/Naive helper T cells,0.9999692391792828
CTCATTAGTGATTACG-1,3,CD4_T_cells,,Tcm/Naive cytotoxic T cells,Tcm/Naive cytotoxic T cells,0.9982493538911762
CTCATTAGTTGCTGGG-1,2,T_cells_general,,Tem/Effector helper T cells,Tcm/Naive helper T cells,0.6828679297799617
CTCATTAGTTTATCGC-1,1,CD4_T_cells,,Tcm/Naive helper T cells,Tcm/Naive helper T cells,0.9976898550730633
CTCATTAGTTTGTCTA-1,3,CD4_T_cells,,Tcm/Naive cytotoxic T cells,Tcm/Naive cytotoxic T cells,0.9737838050823752
CTCATTGTCAAAGGCA-1,3,CD4_T_cells,,Tcm/Naive cytotoxic T cells,Tcm/Naive cytotoxic T cells,0.8636201867407741
CTCATTGTCATGGCTG-1,4,Cytotoxic_T_NK,,Tem/Temra cytotoxic T cells,Tem/Temra cytotoxic T cells,0.9992126195153515
CTCATTGTCATGTGGT-1,7,Monocytes_general,,Non-classical monocytes,Non-classical monocytes,0.9798419116357879
CTCATTGTCCCTGTTA-1,2,T_cells_general,,Tcm/Naive helper T cells,Tcm/Naive helper T cells,0.9403236872889094
CTCATTGTCGAGGTGG-1,3,CD4_T_cells,,Tcm/Naive cytotoxic T cells,Tcm/Naive cytotoxic T cells,0.9999786891950737
CTCATTGTCGCACAAT-1,1,CD4_T_cells,,Tcm/Naive helper T cells,Tcm/Naive helper T cells,0.999622739290887
CTCATTGTCTACTAAG-1,2,T_cells_general,,Tcm/Naive helper T cells,Tem/Effector helper T cells,0.9854109111457191
CTCATTTAGATGGAGC-1,3,CD4_T_cells,,Tcm/Naive cytotoxic T cells,Tcm/Naive cytotoxic T cells,0.9999403988870602
CTCATTTAGCATGTTA-1,2,T_cells_general,,Tcm/Naive helper T cells,Regulatory T cells,0.9916467366776517
CTCATTTAGGGTCTAT-1,0,Monocytes_CD14,,Classical monocytes,Classical monocytes,0.9640985986189803
CTCATTTAGGTCGATT-1,7,Monocytes_general,,Non-classical monocytes,Non-classical monocytes,0.9981580528031705
CTCATTTAGGTTACAC-1,4,Cytotoxic_T_NK,,Tem/Temra cytotoxic T cells,Tem/Temra cytotoxic T cells,0.22549766017982165
CTCCAAACAAGTAAGC-1,3,CD4_T_cells,,Tcm/Naive cytotoxic T cells,Tcm/Naive cytotoxic T cells,0.9277747589945612
CTCCAACTCCGCCTAT-1,0,Monocytes_CD14,,Classical monocytes,Classical monocytes,0.9913883837109705
CTCCAACTCCGGGACT-1,0,Monocytes_CD14,,Classical monocytes,Classical monocytes,0.9997257607202331
CTCCAACTCCTACCTA-1,12,Stress_response,,HSC/MPP,HSC/MPP,0.9999391007092698
CTCCAACTCCTAGTAA-1,3,CD4_T_cells,,Tcm/Naive cytotoxic T cells,Tcm/Naive cytotoxic T cells,0.9954095117541403
CTCCAACTCGGTACGC-1,6,B_cells,,Memory B cells,Memory B cells,0.997587937959517
CTCCATCAGAGAGGCT-1,6,B_cells,,Memory B cells,Memory B cells,0.9990207139548783
CTCCATCAGCCTAACG-1,0,Monocytes_CD14,,Classical monocytes,Classical monocytes,0.9999907586069405
CTCCATCAGCCTGAGC-1,2,T_cells_general,,Tcm/Naive helper T cells,Tem/Trm cytotoxic T cells,0.20526112593158932
CTCCATCAGCTTATGA-1,8,B_cells,,Naive B cells,Naive B cells,0.9999999978499092
CTCCATCAGGATGATG-1,4,Cytotoxic_T_NK,,Tem/Temra cytotoxic T cells,Tem/Temra cytotoxic T cells,0.9989805354815693
CTCCATCAGGCTATGT-1,0,Monocytes_CD14,,Classical monocytes,Classical monocytes,0.9986261375834466
CTCCATCAGTACTGGT-1,0,Monocytes_CD14,,Classical monocytes,Classical monocytes,0.9999028046223285
CTCCATCAGTATTGTG-1,1,CD4_T_cells,,Tcm/Naive helper T cells,Tcm/Naive helper T cells,0.9966078993397391
CTCCATCAGTTATTCC-1,7,Monocytes_general,,Non-classical monocytes,Non-classical monocytes,0.9999987967245562
CTCCCTGAGCTGTCAG-1,0,Monocytes_CD14,,Classical monocytes,Classical monocytes,0.9999918000291289
CTCCCTGAGTCACGAT-1,1,CD4_T_cells,,Tcm/Naive helper T cells,Tcm/Naive helper T cells,0.9995951657474521
CTCCCTGAGTTCCCGT-1,0,Monocytes_CD14,,Classical monocytes,Classical monocytes,0.9988249659926295
CTCCGGACACAAGCCT-1,5,Cytotoxic_T_NK,,CD16+ NK cells,CD16+ NK cells,0.9922050145421227
CTCCGGACATTCCTGT-1,1,CD4_T_cells,,Tcm/Naive helper T cells,Tcm/Naive helper T cells,0.9998835570922375
CTCCGTCCAATCGCAC-1,2,T_cells_general,,Regulatory T cells,Regulatory T cells,0.13155083329692893
CTCCGTCCACCTATAG-1,2,T_cells_general,,Regulatory T cells,Regulatory T cells,0.9933928749425951
CTCCGTCCACCTGCTC-1,5,Cytotoxic_T_NK,,CD16+ NK cells,CD16+ NK cells,0.9990908603232844
CTCCGTCCAGAGAGCC-1,0,Monocytes_CD14,,Classical monocytes,Classical monocytes,0.9998943900644071
CTCCGTCCAGATAGAC-1,7,Monocytes_general,,Non-classical monocytes,Non-classical monocytes,0.9427105338866112
CTCCGTCCAGCAAGTG-1,5,Cytotoxic_T_NK,,CD16+ NK cells,CD16+ NK cells,0.9997735708460956
CTCCGTCCAGGCTTGT-1,10,Cytotoxic_T_NK,,MAIT cells,MAIT cells,0.6089905778311218
CTCCGTCCATATAACC-1,2,T_cells_general,,Tcm/Naive helper T cells,Tcm/Naive helper T cells,0.9896071286854754
CTCCTAATCACACAGT-1,3,CD4_T_cells,,Tcm/Naive cytotoxic T cells,Tcm/Naive cytotoxic T cells,0.998923565238161
CTCCTAATCACGCGGT-1,1,CD4_T_cells,,Tcm/Naive helper T cells,Tcm/Naive helper T cells,0.9962164976516474
CTCCTAATCATTTGTC-1,1,CD4_T_cells,,Tcm/Naive helper T cells,Regulatory T cells,0.95316914390421
CTCCTAATCCAATTAG-1,8,B_cells,,Naive B cells,Naive B cells,0.9999999999947002
CTCCTAATCCCTGATC-1,0,Monocytes_CD14,,Classical monocytes,Classical monocytes,0.999987181524612
CTCCTAATCCTCACTA-1,5,Cytotoxic_T_NK,,CD16+ NK cells,CD16+ NK cells,0.9999926715853197
CTCCTAATCCTGGTGA-1,5,Cytotoxic_T_NK,,CD16+ NK cells,CD16+ NK cells,0.9995563478443915
CTCCTAATCGATCAGT-1,0,Monocytes_CD14,,Classical monocytes,Classical monocytes,0.9999674292551092
CTCCTAATCGTAACGT-1,3,CD4_T_cells,,Tcm/Naive helper T cells,Tcm/Naive cytotoxic T cells,0.9753932574818037
CTCCTAATCTAATCTC-1,0,Monocytes_CD14,,Classical monocytes,Classical monocytes,0.9977106337833808
CTCCTAATCTCGCCTG-1,3,CD4_T_cells,,Tcm/Naive cytotoxic T cells,Tcm/Naive cytotoxic T cells,0.9990005416182425
CTCCTAATCTGTAATG-1,1,CD4_T_cells,,Tcm/Naive helper T cells,Tcm/Naive helper T cells,0.9972179790475945
CTCCTAATCTTGTTCG-1,5,Cytotoxic_T_NK,,CD16+ NK cells,CD16+ NK cells,0.9999073348995315
CTCCTCACAATTAAGG-1,1,CD4_T_cells,,Tcm/Naive helper T cells,Tcm/Naive helper T cells,0.9999385824848948
CTCCTCACAGGCATCT-1,2,T_cells_general,,Tem/Effector helper T cells,Tem/Effector helper T cells,0.9490972355022615
CTCCTCACAGGCTAAG-1,3,CD4_T_cells,,Tcm/Naive cytotoxic T cells,Tcm/Naive cytotoxic T cells,0.999932652801426
CTCCTGAGTCAAGTGC-1,3,CD4_T_cells,,Tcm/Naive cytotoxic T cells,Tcm/Naive cytotoxic T cells,0.9576709411941046
CTCCTGAGTGCTCCAC-1,0,Monocytes_CD14,,Classical monocytes,Classical monocytes,0.9999881121935497
CTCCTGAGTTATCCTA-1,4,Cytotoxic_T_NK,,Tem/Temra cytotoxic T cells,Tem/Temra cytotoxic T cells,0.9674213502071831
CTCCTGAGTTTCCGGC-1,1,CD4_T_cells,,Tcm/Naive helper T cells,Tcm/Naive helper T cells,0.9995944494904291
CTCCTGAGTTTCGCCA-1,0,Monocytes_CD14,,Classical monocytes,Classical monocytes,0.9999959890479406
CTCGACAAGCGCATTG-1,0,Monocytes_CD14,,Classical monocytes,Classical monocytes,0.9621155300503684
CTCGACAAGGCGAATA-1,4,Cytotoxic_T_NK,,Tem/Temra cytotoxic T cells,Tem/Temra cytotoxic T cells,0.9998147184644061
CTCGACAAGTAACCAC-1,3,CD4_T_cells,,Tcm/Naive cytotoxic T cells,Tcm/Naive cytotoxic T cells,0.9671905710532097
CTCGACAAGTTACCGG-1,2,T_cells_general,,Tcm/Naive helper T cells,Tcm/Naive helper T cells,0.8601540597398036
CTCGCTAGTACGTTTC-1,3,CD4_T_cells,,Tcm/Naive helper T cells,Tcm/Naive cytotoxic T cells,0.988711295710948
CTCGCTAGTAGCCATA-1,1,CD4_T_cells,,Tcm/Naive helper T cells,Tcm/Naive helper T cells,0.9999942457932003
CTCGCTAGTAGCTGGT-1,1,CD4_T_cells,,Tcm/Naive helper T cells,Tcm/Naive helper T cells,0.9999485579238268
CTCGCTAGTAGTTAAC-1,4,Cytotoxic_T_NK,,Tem/Trm cytotoxic T cells,Tem/Trm cytotoxic T cells,0.8753584684487554
CTCGCTAGTCCAAGAC-1,7,Monocytes_general,,Non-classical monocytes,Non-classical monocytes,0.9999928744270524
CTCGCTAGTCTATCGT-1,2,T_cells_general,,Tem/Effector helper T cells,Tcm/Naive helper T cells,0.8130423879959925
CTCGCTAGTGGGTACT-1,0,Monocytes_CD14,,Classical monocytes,Classical monocytes,0.9992793565546513
CTCGCTCCACAATTAC-1,2,T_cells_general,,Tcm/Naive helper T cells,Tcm/Naive helper T cells,0.9993683321026894
CTCGCTCCAGTTGCGT-1,1,CD4_T_cells,,Tcm/Naive helper T cells,Tcm/Naive helper T cells,0.9999454102165459
CTCGCTCCATGTTGTG-1,9,Monocytes_general,,DC2,DC2,0.9998405944228719
CTCGCTCCATTGTGTG-1,5,Cytotoxic_T_NK,,CD16+ NK cells,CD16+ NK cells,0.9933295706230472
CTCGTTATCAAGCGCC-1,2,T_cells_general,,Tem/Effector helper T cells,Tcm/Naive helper T cells,0.5107098498744741
CTCGTTATCATAACTG-1,3,CD4_T_cells,,Tcm/Naive cytotoxic T cells,Tcm/Naive cytotoxic T cells,0.9113334192087154
CTCGTTATCCACAATA-1,11,pDC,,pDC,pDC,0.9994821767360572
CTCGTTATCCCTCGCA-1,5,Cytotoxic_T_NK,,CD16+ NK cells,CD16+ NK cells,0.9980638339724435
CTCGTTATCCTGGTGA-1,2,T_cells_general,,Tcm/Naive helper T cells,Tcm/Naive helper T cells,0.9858630143667267
CTCGTTATCCTTGCAC-1,3,CD4_T_cells,,Tcm/Naive cytotoxic T cells,Tcm/Naive cytotoxic T cells,0.9885227311680471
CTCGTTATCGTTTCGC-1,2,T_cells_general,,Tcm/Naive helper T cells,Tcm/Naive helper T cells,0.07571461665757749
CTCGTTATCTATTGTC-1,5,Cytotoxic_T_NK,,CD16+ NK cells,CD16+ NK cells,0.8262877485502552
CTCTAAGCAAACGCGA-1,1,CD4_T_cells,,Tcm/Naive helper T cells,Tcm/Naive helper T cells,0.9998338151482389
CTCTAAGCAACAACAA-1,3,CD4_T_cells,,Tcm/Naive helper T cells,Tcm/Naive cytotoxic T cells,0.9995023104169141
CTCTAAGCAATTGACT-1,1,CD4_T_cells,,Tcm/Naive helper T cells,Tcm/Naive helper T cells,0.9998546431631198
CTCTAAGCACAGCCTG-1,0,Monocytes_CD14,,Classical monocytes,Classical monocytes,0.9999034337443057
CTCTAGCTCCAGGTCA-1,7,Monocytes_general,,Non-classical monocytes,Non-classical monocytes,0.9998339758724607
CTCTAGCTCGAGGTGG-1,0,Monocytes_CD14,,Classical monocytes,Classical monocytes,0.9988288332192098
CTCTAGCTCGGGACTC-1,2,T_cells_general,,Tcm/Naive helper T cells,Tcm/Naive helper T cells,0.9998924075276545
CTCTATGTCAGGTTTA-1,3,CD4_T_cells,,Tcm/Naive cytotoxic T cells,Tcm/Naive cytotoxic T cells,0.9993585622325166
CTCTATGTCCAAATCA-1,6,B_cells,,Memory B cells,Memory B cells,0.9999988094248505
CTCTATGTCCCTCAAC-1,0,Monocytes_CD14,,Classical monocytes,Classical monocytes,0.9999994752992427
CTCTATGTCCGCAAGC-1,1,CD4_T_cells,,Tcm/Naive helper T cells,Tcm/Naive helper T cells,0.9997860729277904
CTCTATGTCGGTTCCT-1,3,CD4_T_cells,,Tcm/Naive cytotoxic T cells,Tcm/Naive cytotoxic T cells,0.9927825152993848
CTCTATGTCTCCTCAA-1,2,T_cells_general,,Tcm/Naive cytotoxic T cells,Tcm/Naive helper T cells,0.035360639417892664
CTCTCACAGCGCATTG-1,0,Monocytes_CD14,,Classical monocytes,Classical monocytes,0.9992354733456785
CTCTCACAGGCCAATT-1,1,CD4_T_cells,,Tcm/Naive helper T cells,Tcm/Naive helper T cells,0.9792128572612194
CTCTCACAGGTCCGTA-1,0,Monocytes_CD14,,Classical monocytes,Classical monocytes,0.9999972119596884
CTCTCACAGTTGGATC-1,0,Monocytes_CD14,,Classical monocytes,Classical monocytes,0.9999729069037797
CTCTGTTCACGTTACA-1,5,Cytotoxic_T_NK,,CD16+ NK cells,CD16+ NK cells,0.9804753972073388
CTCTGTTCAGCTTACA-1,0,Monocytes_CD14,,Classical monocytes,Classical monocytes,0.9999721322459117
CTCTGTTCAGGTTCAC-1,1,CD4_T_cells,,Tcm/Naive helper T cells,Tcm/Naive helper T cells,0.9988396030337939
CTCTGTTCATAATCCG-1,10,Cytotoxic_T_NK,,MAIT cells,MAIT cells,0.9999272907821884
CTCTTGATCAGGGCCT-1,6,B_cells,,Memory B cells,Memory B cells,0.9999959091017772
CTCTTGATCATGCATA-1,2,T_cells_general,,Regulatory T cells,Regulatory T cells,0.9999999244769823
CTCTTGATCATTTAGG-1,1,CD4_T_cells,,Tcm/Naive helper T cells,Tcm/Naive helper T cells,0.999410469638294
CTCTTGATCGTTAACA-1,0,Monocytes_CD14,,Non-classical monocytes,Classical monocytes,0.7184607870256489
CTCTTGATCTATCGCC-1,1,CD4_T_cells,,Tcm/Naive helper T cells,Tcm/Naive helper T cells,0.9999806335170227
CTCTTGATCTCCATAT-1,0,Monocytes_CD14,,Classical monocytes,Classical monocytes,0.8479935003260316
CTGAAACTCACATTGA-1,5,Cytotoxic_T_NK,,CD16+ NK cells,CD16+ NK cells,0.9999404493513818
CTGAAACTCATTATGG-1,1,CD4_T_cells,,Tcm/Naive helper T cells,Tcm/Naive helper T cells,0.9999879360702998
CTGAAACTCGGCCAGT-1,0,Monocytes_CD14,,Classical monocytes,Classical monocytes,0.9999998618120767
CTGAATATCCGGTATG-1,1,CD4_T_cells,,Tcm/Naive helper T cells,Tcm/Naive helper T cells,0.9998605772034158
CTGAATATCCTTAGTT-1,2,T_cells_general,,Regulatory T cells,Regulatory T cells,0.9999322273585276
CTGAATATCGCCTAAG-1,1,CD4_T_cells,,Tcm/Naive helper T cells,Tcm/Naive helper T cells,0.9997354096793147
CTGAATATCTACCTGC-1,3,CD4_T_cells,,Tcm/Naive cytotoxic T cells,Tcm/Naive cytotoxic T cells,0.9684238265561603
CTGAATATCTCGCCTG-1,1,CD4_T_cells,,Tcm/Naive helper T cells,Tcm/Naive helper T cells,0.9999790235945792
CTGAATATCTTAGTGA-1,0,Monocytes_CD14,,Classical monocytes,Classical monocytes,0.9874841629762464
CTGACATAGAGGATAT-1,3,CD4_T_cells,,Tcm/Naive cytotoxic T cells,Tcm/Naive cytotoxic T cells,0.9427307328002265
CTGACATAGCAAGGGT-1,0,Monocytes_CD14,,Classical monocytes,Classical monocytes,0.9998045567805875
CTGACATAGGACCGCT-1,8,B_cells,,Naive B cells,Naive B cells,0.999999973777215
CTGACATAGGATTGCT-1,5,Cytotoxic_T_NK,,CD16+ NK cells,CD16+ NK cells,0.9994686850714374
CTGACATAGTTATCTC-1,7,Monocytes_general,,Non-classical monocytes,Non-classical monocytes,0.9999810670836182
CTGACCAAGCAGCTCA-1,8,B_cells,,Naive B cells,Naive B cells,0.9999999999015625
CTGACCAAGCCTTAAA-1,1,CD4_T_cells,,Tcm/Naive helper T cells,Tcm/Naive helper T cells,0.9790770370002909
CTGACCAAGCGCCTTT-1,0,Monocytes_CD14,,Classical monocytes,Classical monocytes,0.9997034218262728
CTGACCAAGGACAACA-1,0,Monocytes_CD14,,Classical monocytes,Classical monocytes,0.9999985438054539
CTGACCAAGTACTGGT-1,1,CD4_T_cells,,Tcm/Naive helper T cells,Tcm/Naive helper T cells,0.9999002110169741
CTGACCAAGTATTGCA-1,0,Monocytes_CD14,,Classical monocytes,Classical monocytes,0.9999638414843414
CTGACCAAGTTGGGCC-1,4,Cytotoxic_T_NK,,Tem/Trm cytotoxic T cells,Tem/Trm cytotoxic T cells,0.9169667491270079
CTGATCACAGCTTAGC-1,11,pDC,,pDC,pDC,0.9999999997841345
CTGATCACAGGACCTT-1,3,CD4_T_cells,,Tcm/Naive cytotoxic T cells,Tcm/Naive cytotoxic T cells,0.9899702357470141
CTGATCACATGTCAAT-1,4,Cytotoxic_T_NK,,Tem/Trm cytotoxic T cells,Tem/Trm cytotoxic T cells,0.9191064948926179
CTGCAATAGGATTGAG-1,0,Monocytes_CD14,,Classical monocytes,Classical monocytes,0.9969163911947072
CTGCAATAGTTATCCT-1,3,CD4_T_cells,,Tcm/Naive cytotoxic T cells,Tcm/Naive cytotoxic T cells,0.9854170570668684
CTGCTACTCATTAGTG-1,3,CD4_T_cells,,Tcm/Naive cytotoxic T cells,Tcm/Naive cytotoxic T cells,0.8815046379995839
CTGCTACTCCCTCAGT-1,0,Monocytes_CD14,,Classical monocytes,Classical monocytes,0.9882137777889871
CTGCTACTCTTGGACG-1,3,CD4_T_cells,,Tcm/Naive cytotoxic T cells,Tcm/Naive cytotoxic T cells,0.9623949398386618
CTGCTATGTCCCGGAA-1,2,T_cells_general,,Tcm/Naive helper T cells,Tcm/Naive helper T cells,0.8931810451635359
CTGCTATGTGCAATAT-1,0,Monocytes_CD14,,Classical monocytes,Classical monocytes,0.9999293285210696
CTGCTATGTTAGGCGT-1,0,Monocytes_CD14,,Classical monocytes,Classical monocytes,0.999999468668547
CTGCTCCCAAGCCACT-1,3,CD4_T_cells,,Tcm/Naive cytotoxic T cells,Tcm/Naive cytotoxic T cells,0.9989467157718374
CTGCTCCCAAGGTCCT-1,0,Monocytes_CD14,,Classical monocytes,Classical monocytes,0.9999770337697755
CTGCTCCCAAGTTATC-1,3,CD4_T_cells,,Tcm/Naive cytotoxic T cells,Tcm/Naive cytotoxic T cells,0.9915277197584844
CTGCTCCCAATAGCAA-1,2,T_cells_general,,Tcm/Naive helper T cells,Tcm/Naive helper T cells,0.7440888552979605
CTGCTCCCAATCCTAG-1,1,CD4_T_cells,,Tcm/Naive helper T cells,Tcm/Naive helper T cells,0.994139092678459
CTGCTCCCAGGTTATT-1,1,CD4_T_cells,,Tcm/Naive helper T cells,Tcm/Naive helper T cells,0.9976037165828286
CTGGACCAGCCAAATC-1,0,Monocytes_CD14,,Classical monocytes,Classical monocytes,0.9977212349922329
CTGGATGTCAATGACC-1,1,CD4_T_cells,,Tcm/Naive helper T cells,Tcm/Naive helper T cells,0.9982603625786856
CTGGATGTCACGCCAA-1,8,B_cells,,Naive B cells,Naive B cells,0.9999998936548102
CTGGATGTCATAACTG-1,5,Cytotoxic_T_NK,,CD16+ NK cells,CD16+ NK cells,0.5478979873981935
CTGGATGTCCATAATG-1,1,CD4_T_cells,,Tcm/Naive helper T cells,Tcm/Naive helper T cells,0.9423954620842494
CTGGATGTCGGGACCT-1,2,T_cells_general,,Tcm/Naive helper T cells,Tcm/Naive helper T cells,0.8688241078506481
CTGGATGTCGGTCAAT-1,1,CD4_T_cells,,Tcm/Naive helper T cells,Tcm/Naive helper T cells,0.999278637605246
CTGGATGTCGTCAAGT-1,4,Cytotoxic_T_NK,,Tem/Trm cytotoxic T cells,Tem/Trm cytotoxic T cells,0.2826822427189944
CTGGATGTCGTTAAGC-1,9,Monocytes_general,,pDC,DC2,0.9318458168127188
CTGGCTAAGACAACAG-1,0,Monocytes_CD14,,Classical monocytes,Classical monocytes,0.9997071440490052
CTGGCTAAGGCTGTCA-1,1,CD4_T_cells,,Tcm/Naive helper T cells,Tcm/Naive helper T cells,0.9866119318163068
CTGGCTAAGGCTTAGT-1,4,Cytotoxic_T_NK,,Tem/Trm cytotoxic T cells,Tem/Temra cytotoxic T cells,0.987850660214412
CTGGCTAAGGTTAGAG-1,8,B_cells,,Naive B cells,Naive B cells,0.9999999990781097
CTGGCTAAGTCTCACC-1,7,Monocytes_general,,Non-classical monocytes,Non-classical monocytes,0.9999999922792123
CTGGCTAAGTTAACCA-1,2,T_cells_general,,Tem/Effector helper T cells,Tem/Effector helper T cells,0.42049427397219313
CTGGCTAAGTTTGCGG-1,1,CD4_T_cells,,Tcm/Naive helper T cells,Tcm/Naive helper T cells,0.9796581242470301
CTGGCTTTCAATTACG-1,6,B_cells,,Memory B cells,Memory B cells,0.9998645472466342
CTGGCTTTCCTCATGC-1,0,Monocytes_CD14,,Classical monocytes,Classical monocytes,0.999827454088087
CTGGCTTTCGGGATTT-1,7,Monocytes_general,,Non-classical monocytes,Non-classical monocytes,0.9999970630149407
CTGGCTTTCTCAATAG-1,0,Monocytes_CD14,,Classical monocytes,Classical monocytes,0.9719630658679814
CTGGTAAGTAACCTAG-1,2,T_cells_general,,Tem/Effector helper T cells,MAIT cells,0.9755844847858581
CTGGTAAGTACGGTAC-1,2,T_cells_general,,Tem/Effector helper T cells,Tem/Effector helper T cells,0.9007340128018532
CTGGTAAGTCCTTTAA-1,8,B_cells,,Naive B cells,Naive B cells,0.9999999999303206
CTGGTAAGTGACATAT-1,5,Cytotoxic_T_NK,,CD16+ NK cells,CD16+ NK cells,0.8248103500749342
CTGGTAAGTTAGGCTA-1,0,Monocytes_CD14,,Classical monocytes,Classical monocytes,0.9997363985032124
CTGGTCAAGCTCAATA-1,1,CD4_T_cells,,Tcm/Naive helper T cells,Tcm/Naive helper T cells,0.9999954507037637
CTGGTCAAGGCGCTAC-1,5,Cytotoxic_T_NK,,CD16+ NK cells,CD16+ NK cells,0.9966063962914176
CTGGTCAAGGCGCTTA-1,2,T_cells_general,,Tcm/Naive helper T cells,Tem/Effector helper T cells,0.9512958198109736
CTGGTCAAGGGACGCA-1,2,T_cells_general,,Tcm/Naive helper T cells,Tcm/Naive helper T cells,0.923624130210444
CTGGTCAAGTAAGTCC-1,0,Monocytes_CD14,,Classical monocytes,Classical monocytes,0.9996339566129832
CTGGTCAAGTGAGCGG-1,1,CD4_T_cells,,Tcm/Naive helper T cells,Tcm/Naive helper T cells,0.9987250879237773
CTGGTCAAGTTAGACC-1,0,Monocytes_CD14,,Classical monocytes,Classical monocytes,0.9996598794221505
CTGGTTACAATCTCTC-1,1,CD4_T_cells,,Tcm/Naive helper T cells,Tcm/Naive helper T cells,0.9987141814721122
CTGGTTACACCCACAG-1,0,Monocytes_CD14,,Classical monocytes,Classical monocytes,0.9871377367443228
CTGGTTACACCTCACC-1,9,Monocytes_general,,pDC,DC2,0.842201219218744
CTGGTTACAGCTTACA-1,4,Cytotoxic_T_NK,,Tem/Temra cytotoxic T cells,Tem/Temra cytotoxic T cells,0.9052452017265054
CTGGTTACAGGAATCG-1,2,T_cells_general,,Tem/Effector helper T cells,Tem/Effector helper T cells,0.9992713272416772
CTGGTTACAGGCAAGC-1,3,CD4_T_cells,,Tcm/Naive cytotoxic T cells,Tcm/Naive cytotoxic T cells,0.9994223518958565
CTGGTTACAGGCGAGT-1,1,CD4_T_cells,,Tcm/Naive helper T cells,Tcm/Naive helper T cells,0.9990605852570469
CTGGTTACATAGCAGG-1,0,Monocytes_CD14,,Non-classical monocytes,Classical monocytes,0.9996628656197776
CTGGTTTGTGATGATT-1,0,Monocytes_CD14,,Classical monocytes,Classical monocytes,0.9999998093719334
CTGGTTTGTGCTCACC-1,5,Cytotoxic_T_NK,,NK cells,CD16+ NK cells,0.905479586889355
CTGGTTTGTTTACCGT-1,0,Monocytes_CD14,,Classical monocytes,Classical monocytes,0.9818966522733089
CTGGTTTGTTTCCACG-1,0,Monocytes_CD14,,Classical monocytes,Classical monocytes,0.9997225675904253
CTGTAACAGACAAACG-1,2,T_cells_general,,Tcm/Naive helper T cells,Tcm/Naive helper T cells,0.999390492615275
CTGTAACAGCCACATG-1,1,CD4_T_cells,,Tcm/Naive helper T cells,Tcm/Naive helper T cells,0.9989903968166304
CTGTAACAGTCAGGCC-1,3,CD4_T_cells,,Tcm/Naive cytotoxic T cells,Tcm/Naive cytotoxic T cells,0.9829597967444865
CTGTACCTCAACCAAC-1,0,Monocytes_CD14,,Classical monocytes,Classical monocytes,0.9993249300767401
CTGTACCTCAAGCTTA-1,0,Monocytes_CD14,,Classical monocytes,Classical monocytes,0.9999725723942368
CTGTACCTCCCTCGCA-1,0,Monocytes_CD14,,Classical monocytes,Classical monocytes,0.9938602955927183
CTGTACCTCGGGACTC-1,8,B_cells,,Naive B cells,Naive B cells,0.9999999913287617
CTGTACCTCTTAGTCT-1,2,T_cells_general,,Tcm/Naive helper T cells,Tcm/Naive helper T cells,0.9106882596897371
CTGTATTTCCAGGTTG-1,7,Monocytes_general,,Non-classical monocytes,Non-classical monocytes,0.9999787054537735
CTGTATTTCCTAATTC-1,1,CD4_T_cells,,Tcm/Naive helper T cells,Tcm/Naive helper T cells,0.9755509657664746
CTGTATTTCGCTCCAT-1,2,T_cells_general,,Tem/Effector helper T cells,Tem/Effector helper T cells,0.14364681170458846
CTGTATTTCGGTAACT-1,2,T_cells_general,,Tcm/Naive helper T cells,Tcm/Naive helper T cells,0.9753876260857341
CTGTGTGAGACTTACA-1,1,CD4_T_cells,,Tcm/Naive helper T cells,Tcm/Naive helper T cells,0.9608609710391466
CTGTGTGAGCCGCTAA-1,0,Monocytes_CD14,,Classical monocytes,Classical monocytes,0.996539448299465
CTGTGTGAGCTCAATA-1,3,CD4_T_cells,,Tcm/Naive cytotoxic T cells,Tcm/Naive cytotoxic T cells,0.9924185108807698
CTGTGTGAGGACCAGG-1,1,CD4_T_cells,,Tcm/Naive helper T cells,Tcm/Naive helper T cells,0.9999033627845251
CTGTGTGAGTCGCAAT-1,2,T_cells_general,,Tcm/Naive helper T cells,Tcm/Naive helper T cells,0.9622795322379354
CTGTGTGAGTCTTGAA-1,3,CD4_T_cells,,Tcm/Naive helper T cells,Tcm/Naive cytotoxic T cells,0.9936193860172012
CTGTTAAAGAATGACG-1,2,T_cells_general,,Tem/Effector helper T cells,Tem/Effector helper T cells,0.9868194031179062
CTGTTAAAGACTTACA-1,5,Cytotoxic_T_NK,,CD16+ NK cells,CD16+ NK cells,0.5246536882536695
CTGTTAAAGCACAGCC-1,9,Monocytes_general,,DC2,DC2,0.9846235064459059
CTGTTAAAGCACTAAC-1,3,CD4_T_cells,,Tcm/Naive cytotoxic T cells,Tcm/Naive cytotoxic T cells,0.7945183058214501
CTGTTAAAGCCTGTTC-1,0,Monocytes_CD14,,Classical monocytes,Classical monocytes,0.9857715330582609
CTGTTAAAGCGCATTG-1,1,CD4_T_cells,,Tcm/Naive helper T cells,Tcm/Naive helper T cells,0.9999986244469198
CTGTTAAAGGAATAAC-1,2,T_cells_general,,Tem/Effector helper T cells,Tcm/Naive helper T cells,0.9679068076383159
CTGTTAAAGGGTCTAT-1,3,CD4_T_cells,,Tcm/Naive cytotoxic T cells,Tcm/Naive cytotoxic T cells,0.9763194605050046
CTGTTAAAGTTGTCAA-1,0,Monocytes_CD14,,Classical monocytes,Classical monocytes,0.9999916037365877
CTGTTCATCGCATTAA-1,7,Monocytes_general,,Non-classical monocytes,Non-classical monocytes,0.9999613941198586
CTGTTCATCTAATCTC-1,0,Monocytes_CD14,,Classical monocytes,Classical monocytes,0.993646261430636
CTGTTGGAGCTGCACA-1,2,T_cells_general,,Regulatory T cells,Regulatory T cells,0.9998075625369254
CTGTTGGAGCTTTGTT-1,0,Monocytes_CD14,,Classical monocytes,Classical monocytes,0.4563059625222417
CTGTTGGAGGACTAAG-1,6,B_cells,,Memory B cells,Memory B cells,0.9983555225797116
CTGTTGGAGGAGTCTT-1,2,T_cells_general,,Tem/Effector helper T cells,Tcm/Naive helper T cells,0.983391021343731
CTGTTGGAGTTCCTCA-1,1,CD4_T_cells,,Tcm/Naive helper T cells,Tcm/Naive helper T cells,0.9989128676701843
CTGTTTAGTACCGAAC-1,8,B_cells,,Naive B cells,Naive B cells,0.999999922580739
CTGTTTAGTCAGTAAT-1,0,Monocytes_CD14,,Classical monocytes,Classical monocytes,0.9994726359617986
CTGTTTAGTTGAGCCG-1,5,Cytotoxic_T_NK,,CD16+ NK cells,CD16+ NK cells,0.957247153623677
CTTAACAAGCAACAAG-1,1,CD4_T_cells,,Tcm/Naive helper T cells,Tcm/Naive helper T cells,0.9994568104081752
CTTAACAAGCTAATTG-1,1,CD4_T_cells,,Tcm/Naive helper T cells,Tcm/Naive helper T cells,0.9999307588634757
CTTAAGATCAAACCGT-1,6,B_cells,,Memory B cells,Memory B cells,0.9999992327807874
CTTAAGATCGTTTCTG-1,5,Cytotoxic_T_NK,,CD16+ NK cells,CD16+ NK cells,0.9986881977235121
CTTAAGATCTTGAGGT-1,0,Monocytes_CD14,,Classical monocytes,Classical monocytes,0.9343008319536392
CTTAAGGGTCATAGAT-1,6,B_cells,,Memory B cells,Memory B cells,0.998806235243233
CTTAAGGGTTTACCGT-1,5,Cytotoxic_T_NK,,CD16+ NK cells,CD16+ NK cells,0.7976140874308537
CTTAATGAGAGGCTAA-1,0,Monocytes_CD14,,Classical monocytes,Classical monocytes,0.9957446581113426
CTTAATGAGCAAACCT-1,3,CD4_T_cells,,Tcm/Naive cytotoxic T cells,Tcm/Naive cytotoxic T cells,0.9682516439478049
CTTAATGAGTATTGTG-1,1,CD4_T_cells,,Tcm/Naive helper T cells,Tcm/Naive helper T cells,0.9999982886223442
CTTAATGAGTCGCAAT-1,2,T_cells_general,,Tcm/Naive helper T cells,Tcm/Naive helper T cells,0.9001289045645758
CTTACCGGTAAACAAG-1,1,CD4_T_cells,,Tcm/Naive helper T cells,Tcm/Naive helper T cells,0.9986942236927323
CTTACCGGTCACGGAT-1,1,CD4_T_cells,,Tcm/Naive helper T cells,Tcm/Naive helper T cells,0.999930949218664
CTTACCGGTGGATTCA-1,2,T_cells_general,,Tem/Effector helper T cells,Tem/Effector helper T cells,0.8920316131610236
CTTACCGGTGGTGAGA-1,3,CD4_T_cells,,Tcm/Naive cytotoxic T cells,Tcm/Naive cytotoxic T cells,0.999931592581352
CTTACCGGTGTTCCCA-1,0,Monocytes_CD14,,Classical monocytes,Classical monocytes,0.9998321852857133
CTTACCGGTTAGTACG-1,1,CD4_T_cells,,Tcm/Naive helper T cells,Tcm/Naive helper T cells,0.999527420099469
CTTACCGGTTCAAGAT-1,2,T_cells_general,,Tcm/Naive helper T cells,Tcm/Naive helper T cells,0.9965580708255372
CTTACCGGTTCCTGAT-1,0,Monocytes_CD14,,Classical monocytes,Classical monocytes,0.99796171534426
CTTACCGGTTGGATCA-1,8,B_cells,,Naive B cells,Naive B cells,0.9999999394592997
CTTACCGGTTGGTTCT-1,2,T_cells_general,,Tcm/Naive helper T cells,Tcm/Naive helper T cells,0.9998055417655134
CTTACCTCAAACTAAG-1,3,CD4_T_cells,,Tcm/Naive cytotoxic T cells,Tcm/Naive cytotoxic T cells,0.6818913685570486
CTTACCTCAGCATGTC-1,9,Monocytes_general,,Classical monocytes,Classical monocytes,0.9960862908897332
CTTACTAGTAATGACT-1,5,Cytotoxic_T_NK,,Regulatory T cells,CD16+ NK cells,0.9582362721008054
CTTACTAGTACCGTTT-1,1,CD4_T_cells,,Tcm/Naive helper T cells,Tcm/Naive helper T cells,0.99977915479054
CTTACTAGTATACTGG-1,6,B_cells,,Memory B cells,Memory B cells,0.9999889960811466
CTTACTAGTGACCTGG-1,7,Monocytes_general,,Non-classical monocytes,Non-classical monocytes,0.9999978831892666
CTTACTAGTTACAACG-1,0,Monocytes_CD14,,Classical monocytes,Classical monocytes,0.9999903058453081
CTTACTAGTTATCGAG-1,1,CD4_T_cells,,Tcm/Naive helper T cells,Tcm/Naive helper T cells,0.9970044147417868
CTTACTAGTTCGCTCA-1,2,T_cells_general,,Tem/Effector helper T cells,Tem/Effector helper T cells,0.6100085028831964
CTTACTAGTTGAGGTC-1,0,Monocytes_CD14,,Classical monocytes,Classical monocytes,0.9999200910808507
CTTACTAGTTGGATCA-1,0,Monocytes_CD14,,Classical monocytes,Classical monocytes,0.9999770301157009
CTTAGGAGTAATCGCA-1,5,Cytotoxic_T_NK,,CD16+ NK cells,CD16+ NK cells,0.9998120920368296
CTTAGGAGTCAGGAAG-1,0,Monocytes_CD14,,Classical monocytes,Classical monocytes,0.9981196701304653
CTTAGGAGTTTAGTCC-1,1,CD4_T_cells,,Tcm/Naive helper T cells,Tcm/Naive helper T cells,0.9393064855861437
CTTAGTTTCCGCAAAT-1,3,CD4_T_cells,,Tcm/Naive cytotoxic T cells,Tcm/Naive cytotoxic T cells,0.9896215504178452
CTTAGTTTCCTAGTAA-1,6,B_cells,,Naive B cells,Memory B cells,0.46538166558903205
CTTAGTTTCGTCAAGT-1,1,CD4_T_cells,,Tcm/Naive helper T cells,Tcm/Naive helper T cells,0.18558749084829732
CTTATGTTCATTGCGG-1,6,B_cells,,Naive B cells,Memory B cells,0.9927207205970459
CTTATGTTCTAGCGTG-1,0,Monocytes_CD14,,Non-classical monocytes,Classical monocytes,0.777222803433899
CTTATGTTCTGTGAGT-1,0,Monocytes_CD14,,Classical monocytes,Classical monocytes,0.9997519520425698
CTTATTGGTACGCGCA-1,0,Monocytes_CD14,,Classical monocytes,Classical monocytes,0.9991653232513155
CTTATTGGTATTGGAT-1,0,Monocytes_CD14,,Classical monocytes,Classical monocytes,0.8235961492719017
CTTATTGGTCAAACTG-1,1,CD4_T_cells,,Tcm/Naive helper T cells,Tcm/Naive helper T cells,0.9999985775190312
CTTATTGGTCACCAAA-1,9,Monocytes_general,,Classical monocytes,Classical monocytes,0.9980625348358129
CTTATTGGTCATGAGC-1,3,CD4_T_cells,,Tcm/Naive cytotoxic T cells,Tcm/Naive cytotoxic T cells,0.981481333474238
CTTATTGGTCCTAGTT-1,3,CD4_T_cells,,Tcm/Naive cytotoxic T cells,Tcm/Naive cytotoxic T cells,0.9972146108156335
CTTATTGGTTCGGGAT-1,1,CD4_T_cells,,Tcm/Naive helper T cells,Tcm/Naive helper T cells,0.999994954659237
CTTCAAGCAATATGGA-1,3,CD4_T_cells,,Tcm/Naive cytotoxic T cells,Tcm/Naive cytotoxic T cells,0.9866638943481884
CTTCAAGCAATTGAGA-1,0,Monocytes_CD14,,Classical monocytes,Classical monocytes,0.997599876573416
CTTCAAGCACCAAAGG-1,8,B_cells,,Naive B cells,Naive B cells,0.9999999999994922
CTTCAAGCAGAAATTG-1,6,B_cells,,Memory B cells,Memory B cells,0.9999921182591263
CTTCAAGCAGGACCTT-1,3,CD4_T_cells,,Tcm/Naive cytotoxic T cells,Tcm/Naive cytotoxic T cells,0.9998293394906282
CTTCAAGCAGGCCTTG-1,4,Cytotoxic_T_NK,,Tem/Temra cytotoxic T cells,Tem/Temra cytotoxic T cells,0.9999956676278624
CTTCAAGCAGGCGATA-1,4,Cytotoxic_T_NK,,Tem/Temra cytotoxic T cells,Tem/Temra cytotoxic T cells,0.9989918168637615
CTTCAAGCAGTTAAAG-1,2,T_cells_general,,Regulatory T cells,Tem/Effector helper T cells,0.7039004605153533
CTTCAAGCATACTCCT-1,0,Monocytes_CD14,,Classical monocytes,Classical monocytes,0.9999986623451732
CTTCAAGCATAGACCC-1,2,T_cells_general,,Tcm/Naive helper T cells,Tcm/Naive helper T cells,0.3588862173147947
CTTCAATTCAAGACTC-1,4,Cytotoxic_T_NK,,Tem/Temra cytotoxic T cells,Tem/Temra cytotoxic T cells,0.9312953903086719
CTTCAATTCACGTTAA-1,1,CD4_T_cells,,Tcm/Naive helper T cells,Tcm/Naive helper T cells,0.999929794514931
CTTCAATTCACTAAGC-1,0,Monocytes_CD14,,Classical monocytes,Classical monocytes,0.7461434598347996
CTTCAATTCAGCCAAT-1,4,Cytotoxic_T_NK,,Tem/Trm cytotoxic T cells,Tem/Trm cytotoxic T cells,0.9460889540785773
CTTCAATTCCCTCTAA-1,9,Monocytes_general,,Classical monocytes,DC2,0.9531137786568433
CTTCAATTCCTAGTAA-1,8,B_cells,,Naive B cells,Naive B cells,0.9999934669201174
CTTCAATTCCTGGCTT-1,1,CD4_T_cells,,Tcm/Naive helper T cells,Tcm/Naive helper T cells,0.9999948077700497
CTTCAATTCGACAAAG-1,1,CD4_T_cells,,Tcm/Naive helper T cells,Tcm/Naive helper T cells,0.9999561358603654
CTTCAATTCGGTTAGT-1,3,CD4_T_cells,,Tcm/Naive cytotoxic T cells,Tcm/Naive cytotoxic T cells,0.8750164989380496
CTTCAATTCTTGAGCG-1,7,Monocytes_general,,Non-classical monocytes,Non-classical monocytes,0.999998699946203
CTTCACTCAAAGCCTC-1,2,T_cells_general,,Tcm/Naive helper T cells,Tcm/Naive helper T cells,0.497802185753421
CTTCACTCAACTAGGG-1,2,T_cells_general,,Tem/Effector helper T cells,Tem/Effector helper T cells,0.963181719029808
CTTCACTCACCAAAGG-1,3,CD4_T_cells,,Tcm/Naive cytotoxic T cells,Tcm/Naive cytotoxic T cells,0.9852140886194485
CTTCACTCACCCTCAC-1,0,Monocytes_CD14,,Classical monocytes,Classical monocytes,0.9937103663090444
CTTCACTCACGGTTTA-1,0,Monocytes_CD14,,Classical monocytes,Classical monocytes,0.999382546226394
CTTCACTCATTCAGCA-1,4,Cytotoxic_T_NK,,B cells,Tem/Temra cytotoxic T cells,0.8768878329311474
CTTCACTCATTGTCAG-1,0,Monocytes_CD14,,Classical monocytes,Classical monocytes,0.9967071265673535
CTTCAGGAGAGCCGCT-1,2,T_cells_general,,Tcm/Naive helper T cells,Tcm/Naive helper T cells,0.9999717087562869
CTTCAGGAGATAAAGC-1,1,CD4_T_cells,,Tcm/Naive helper T cells,Tcm/Naive helper T cells,0.9999808472801885
CTTCAGGAGGCATTGT-1,7,Monocytes_general,,Non-classical monocytes,Non-classical monocytes,0.9914267425344079
CTTCAGGAGTAGAGGC-1,2,T_cells_general,,Tem/Effector helper T cells,Tcm/Naive helper T cells,0.6904323838600646
CTTCATCCAAATACCT-1,1,CD4_T_cells,,Tcm/Naive helper T cells,Tcm/Naive helper T cells,0.9919683366441303
CTTCATCCAACTGGCT-1,1,CD4_T_cells,,Tcm/Naive helper T cells,Tcm/Naive helper T cells,0.9999708881499032
CTTCATCCAAGGTCGA-1,1,CD4_T_cells,,Tcm/Naive helper T cells,Tcm/Naive helper T cells,0.8776470077096188
CTTCATCCACCTGCCT-1,2,T_cells_general,,Regulatory T cells,Regulatory T cells,0.9999999608725949
CTTCATCCATAATCGT-1,1,CD4_T_cells,,Tcm/Naive helper T cells,Tcm/Naive helper T cells,0.9982173518830878
CTTCATCCATAATGTC-1,6,B_cells,,Memory B cells,Memory B cells,0.9978036958291432
CTTCATCCATGAAGTA-1,0,Monocytes_CD14,,Classical monocytes,Classical monocytes,0.9991796948772659
CTTCGCGTCCCGAAGC-1,1,CD4_T_cells,,Tcm/Naive helper T cells,Tcm/Naive helper T cells,0.9883356209845993
CTTCGCGTCGACAAAG-1,3,CD4_T_cells,,Tcm/Naive cytotoxic T cells,Tcm/Naive cytotoxic T cells,0.9857053182621079
CTTCGCGTCGTCAAGT-1,3,CD4_T_cells,,Tcm/Naive helper T cells,Tcm/Naive cytotoxic T cells,0.5990737455034714
CTTCGCGTCTATGACA-1,5,Cytotoxic_T_NK,,CD16- NK cells,CD16+ NK cells,0.4316289307586606
CTTCTAAGTATTACCC-1,2,T_cells_general,,Regulatory T cells,Regulatory T cells,0.9992932739704854
CTTCTAAGTCCAAGAC-1,2,T_cells_general,,Tcm/Naive helper T cells,Tcm/Naive helper T cells,0.990891862927752
CTTCTAAGTCCTAACT-1,1,CD4_T_cells,,Tcm/Naive helper T cells,Tcm/Naive helper T cells,0.9999604086498831
CTTCTAAGTCTAGCTT-1,1,CD4_T_cells,,Tcm/Naive helper T cells,Tcm/Naive helper T cells,0.9999972693998204
CTTCTAAGTGATTTGG-1,4,Cytotoxic_T_NK,,Tem/Temra cytotoxic T cells,Tem/Trm cytotoxic T cells,0.8161012168445353
CTTCTCAAGAACAAGT-1,11,pDC,,pDC,pDC,0.999999998402918
CTTCTCAAGCTGCACA-1,2,T_cells_general,,Tem/Effector helper T cells,Tem/Effector helper T cells,0.8118986192504187
CTTCTCAAGGGTGGAT-1,7,Monocytes_general,,Non-classical monocytes,Non-classical monocytes,0.9996037871011955
CTTCTCAAGTAGCGGG-1,6,B_cells,,Memory B cells,Memory B cells,0.9999991437145546
CTTCTCAAGTGTGATC-1,3,CD4_T_cells,,Tcm/Naive cytotoxic T cells,Tcm/Naive cytotoxic T cells,0.9918737008124439
CTTGAACAGGCTGTCA-1,0,Monocytes_CD14,,Classical monocytes,Classical monocytes,0.9999006321706171
CTTGAACAGTTCCCGT-1,2,T_cells_general,,Tcm/Naive helper T cells,Tcm/Naive helper T cells,0.9430575547138258
CTTGAATCAAGGTCCT-1,5,Cytotoxic_T_NK,,CD16+ NK cells,CD16+ NK cells,0.9993905785167817
CTTGAATCACATAACT-1,7,Monocytes_general,,Non-classical monocytes,Non-classical monocytes,0.9814724134006686
CTTGAATCAGGCTACT-1,2,T_cells_general,,Tcm/Naive helper T cells,Tcm/Naive helper T cells,0.46156265802479673
CTTGAATCAGGCTAGA-1,1,CD4_T_cells,,Tcm/Naive helper T cells,Tcm/Naive helper T cells,0.9997154464167146
CTTGAATCAGTATGTT-1,2,T_cells_general,,Tem/Trm cytotoxic T cells,Tcm/Naive helper T cells,0.99820918279162
CTTGAATCATAATGAG-1,0,Monocytes_CD14,,Classical monocytes,Classical monocytes,0.9951425697430067
CTTGACGAGCTGGACC-1,1,CD4_T_cells,,Tcm/Naive helper T cells,Tcm/Naive helper T cells,0.9982164769676367
CTTGACGAGTCAGTAC-1,2,T_cells_general,,Tcm/Naive helper T cells,Tcm/Naive helper T cells,0.835982068808681
CTTGACGAGTCATTTC-1,0,Monocytes_CD14,,Classical monocytes,Classical monocytes,0.9990363364582809
CTTGACGAGTGAACAG-1,0,Monocytes_CD14,,Classical monocytes,Classical monocytes,0.8218413049460619
CTTGACGAGTTACCGG-1,0,Monocytes_CD14,,Classical monocytes,Classical monocytes,0.9998897695812922
CTTGACGAGTTATGTG-1,0,Monocytes_CD14,,Classical monocytes,Classical monocytes,0.9945008215917249
CTTGCAACAACGTGCT-1,6,B_cells,,Age-associated B cells,Age-associated B cells,0.5205172532488198
CTTGCAACAACTAGCC-1,2,T_cells_general,,Regulatory T cells,Regulatory T cells,0.9999894618453351
CTTGCAACAAGCGATG-1,3,CD4_T_cells,,Tcm/Naive cytotoxic T cells,Tcm/Naive cytotoxic T cells,0.9981881150395306
CTTGCAACAGTTGCGT-1,2,T_cells_general,,Tem/Trm cytotoxic T cells,Tem/Effector helper T cells,0.2922238999515709
CTTGCAACATGAGTTT-1,1,CD4_T_cells,,Tcm/Naive helper T cells,Tcm/Naive helper T cells,0.9902543404540508
CTTGCATGTAATGACT-1,1,CD4_T_cells,,Tcm/Naive helper T cells,Tcm/Naive helper T cells,0.8216547391880888
CTTGCATGTAGTCAAT-1,1,CD4_T_cells,,Tcm/Naive helper T cells,Tcm/Naive helper T cells,0.9938021729475919
CTTGCATGTATTGCAG-1,0,Monocytes_CD14,,Classical monocytes,Classical monocytes,0.6841453502896045
CTTGCATGTTATCCTA-1,10,Cytotoxic_T_NK,,MAIT cells,MAIT cells,0.9903366078934178
CTTGCGCGTATTACCC-1,0,Monocytes_CD14,,Classical monocytes,Classical monocytes,0.9999103814887298
CTTGCGCGTCATAACG-1,8,B_cells,,Naive B cells,Naive B cells,0.999999928077069
CTTGCGCGTGAACAAA-1,3,CD4_T_cells,,Tcm/Naive cytotoxic T cells,Tcm/Naive cytotoxic T cells,0.9995488001092816
CTTGCTCAGACAAACG-1,7,Monocytes_general,,Non-classical monocytes,Non-classical monocytes,0.9999992980937704
CTTGCTCAGCAAGATG-1,2,T_cells_general,,Type 17 helper T cells,Tem/Effector helper T cells,0.6131975111825396
CTTGCTCAGCACGATT-1,3,CD4_T_cells,,Tcm/Naive cytotoxic T cells,Tcm/Naive cytotoxic T cells,0.9968520607962802
CTTGCTCAGCGATAAG-1,2,T_cells_general,,Tem/Effector helper T cells,Tem/Effector helper T cells,0.983047860052756
CTTGCTCAGGCGGATG-1,5,Cytotoxic_T_NK,,CD16+ NK cells,CD16+ NK cells,0.9145737830093329
CTTGCTCAGTTGCCTC-1,2,T_cells_general,,Tem/Effector helper T cells,Tem/Effector helper T cells,0.9809410947715594
CTTGCTCAGTTTGCGG-1,0,Monocytes_CD14,,Classical monocytes,Classical monocytes,0.999337924598164
CTTGGACCACAATGCC-1,4,Cytotoxic_T_NK,,CD16- NK cells,Tem/Temra cytotoxic T cells,0.14587823081273932
CTTGGACCACAATTAC-1,0,Monocytes_CD14,,Classical monocytes,Classical monocytes,0.995551936420555
CTTGGACCACCGTTCC-1,4,Cytotoxic_T_NK,,Tem/Trm cytotoxic T cells,Tem/Trm cytotoxic T cells,0.9995661533383348
CTTGGACCACGGTTTA-1,2,T_cells_general,,Tem/Effector helper T cells,Tcm/Naive helper T cells,0.9031803705206221
CTTGGACCAGGTTAAA-1,5,Cytotoxic_T_NK,,CD16+ NK cells,CD16+ NK cells,0.9997627492958021
CTTGGACCATAATCCG-1,1,CD4_T_cells,,Tcm/Naive helper T cells,Tcm/Naive helper T cells,0.9992605367123195
CTTGGACCATTGTTGG-1,1,CD4_T_cells,,Tcm/Naive helper T cells,Tcm/Naive helper T cells,0.9933971592296671
CTTGTAAAGCTTACTT-1,1,CD4_T_cells,,Tcm/Naive helper T cells,Tcm/Naive helper T cells,0.9615108004496286
CTTGTAAAGTCACCTC-1,0,Monocytes_CD14,,Classical monocytes,Classical monocytes,0.9999217724365028
CTTGTCCAGCACGTTG-1,5,Cytotoxic_T_NK,,CD16+ NK cells,CD16+ NK cells,0.9999871410070537
CTTGTCCAGCGGATAA-1,3,CD4_T_cells,,Tcm/Naive cytotoxic T cells,Tcm/Naive cytotoxic T cells,0.9770948412489496
CTTGTCCAGCGTGCAC-1,0,Monocytes_CD14,,Classical monocytes,Classical monocytes,0.9991830626783652
CTTGTCCAGCTGCACA-1,3,CD4_T_cells,,Tcm/Naive cytotoxic T cells,Tcm/Naive helper T cells,0.9269139823823092
CTTGTCCAGTAGCCAT-1,6,B_cells,,Memory B cells,Memory B cells,0.9999956695322731
CTTGTTCCAACAGGAT-1,0,Monocytes_CD14,,Classical monocytes,Classical monocytes,0.9999810160195464
CTTGTTCCACTTCATC-1,0,Monocytes_CD14,,Classical monocytes,Classical monocytes,0.9994972759330278
CTTGTTCCAGCCAGAA-1,3,CD4_T_cells,,Tcm/Naive cytotoxic T cells,Tcm/Naive cytotoxic T cells,0.9842083650962477
CTTGTTCCATTAAACC-1,0,Monocytes_CD14,,Classical monocytes,Classical monocytes,0.9999924619141056
CTTGTTTAGCAAGGAC-1,3,CD4_T_cells,,Tcm/Naive cytotoxic T cells,Tcm/Naive cytotoxic T cells,0.9073354757186997
CTTGTTTAGCAGGTTT-1,1,CD4_T_cells,,Tcm/Naive helper T cells,Tcm/Naive helper T cells,0.9999995647072625
CTTGTTTAGCTCAATA-1,0,Monocytes_CD14,,Classical monocytes,Classical monocytes,0.013788325736320479
CTTGTTTAGTAAGGGC-1,0,Monocytes_CD14,,Classical monocytes,Classical monocytes,0.9289559333723463
CTTGTTTAGTTAGACC-1,6,B_cells,,Memory B cells,Memory B cells,0.9990524388882109
CTTTAGGCAAACTAAG-1,2,T_cells_general,,Tcm/Naive helper T cells,Tcm/Naive helper T cells,0.9867225138728892
CTTTAGGCAATAGCAA-1,2,T_cells_general,,Regulatory T cells,Tcm/Naive helper T cells,0.9981552858462189
CTTTAGGCATGTTGGC-1,1,CD4_T_cells,,Tcm/Naive helper T cells,Tcm/Naive helper T cells,0.9941152874583374
CTTTAGGCATTTAAGC-1,3,CD4_T_cells,,Tcm/Naive cytotoxic T cells,Tcm/Naive cytotoxic T cells,0.9999236419386688
CTTTAGTTCGCATTAA-1,0,Monocytes_CD14,,Classical monocytes,Classical monocytes,0.999804495475634
CTTTAGTTCGCTAGTG-1,2,T_cells_general,,Tcm/Naive helper T cells,Tcm/Naive helper T cells,0.9998801793528347
CTTTAGTTCGGGACTC-1,0,Monocytes_CD14,,Classical monocytes,Classical monocytes,0.9988503099472567
CTTTAGTTCGGTAACT-1,4,Cytotoxic_T_NK,,Tem/Temra cytotoxic T cells,Tem/Temra cytotoxic T cells,0.9981116206693792
CTTTATCAGACAGGCG-1,2,T_cells_general,,Tcm/Naive helper T cells,Tcm/Naive helper T cells,0.5413530162614677
CTTTATCAGATGGACA-1,3,CD4_T_cells,,Tcm/Naive cytotoxic T cells,Tcm/Naive cytotoxic T cells,0.9999636370644431
CTTTATCAGCGCTAAT-1,6,B_cells,,Memory B cells,Memory B cells,0.9999742471407465
CTTTATCAGTGAGGGT-1,4,Cytotoxic_T_NK,,Tem/Temra cytotoxic T cells,Tem/Temra cytotoxic T cells,0.9922628311284971
CTTTATCAGTTCCCGT-1,0,Monocytes_CD14,,Classical monocytes,Classical monocytes,0.999946755572407
CTTTATGGTAAGCTCA-1,0,Monocytes_CD14,,Classical monocytes,Classical monocytes,0.9012570981502956
CTTTATGGTGGTGAGA-1,3,CD4_T_cells,,Tcm/Naive cytotoxic T cells,Tcm/Naive cytotoxic T cells,0.9987917354648815
CTTTATGGTTCCATTA-1,5,Cytotoxic_T_NK,,CD16+ NK cells,CD16+ NK cells,0.9998385269470502
CTTTATGGTTTGTCTA-1,2,T_cells_general,,Tcm/Naive helper T cells,Tcm/Naive helper T cells,0.7082890430340155
CTTTCTTGTAGTTAAC-1,6,B_cells,,Memory B cells,Memory B cells,0.9983699591892106
CTTTCTTGTCATCATC-1,2,T_cells_general,,Tem/Effector helper T cells,Tcm/Naive helper T cells,0.7164857683938299
CTTTCTTGTGATGAAA-1,0,Monocytes_CD14,,Classical monocytes,Classical monocytes,0.9996897238889628
CTTTCTTGTTTACGTC-1,0,Monocytes_CD14,,Classical monocytes,Classical monocytes,0.7992136875833847
CTTTGAGCAAAGCGCA-1,1,CD4_T_cells,,Tcm/Naive helper T cells,Tcm/Naive helper T cells,0.9929179569597985
CTTTGAGCAACTGGCT-1,4,Cytotoxic_T_NK,,Tem/Temra cytotoxic T cells,Tem/Temra cytotoxic T cells,0.9857223564534885
CTTTGAGCACAACAAA-1,6,B_cells,,Memory B cells,Memory B cells,0.9999837058602644
CTTTGAGCACCTCGCT-1,2,T_cells_general,,Tcm/Naive helper T cells,Tem/Effector helper T cells,0.9172309187236842
CTTTGAGCAGGCTTCG-1,1,CD4_T_cells,,Tcm/Naive helper T cells,Tcm/Naive helper T cells,0.9999647213044581
CTTTGGGAGCATTATG-1,2,T_cells_general,,Tcm/Naive helper T cells,Tcm/Naive helper T cells,0.9889489985919708
CTTTGGGAGCTTAGTA-1,0,Monocytes_CD14,,Classical monocytes,Classical monocytes,0.600008095847468
CTTTGGGAGCTTCCCG-1,0,Monocytes_CD14,,Classical monocytes,Classical monocytes,0.999997600051732
CTTTGGGAGGAGGCAT-1,8,B_cells,,Naive B cells,Naive B cells,0.9999999986750259
CTTTGGGAGGTTTGAC-1,5,Cytotoxic_T_NK,,CD16+ NK cells,CD16+ NK cells,0.9804804750429823
CTTTGGGAGTAACTCA-1,1,CD4_T_cells,,Tcm/Naive helper T cells,Tcm/Naive helper T cells,0.9991212312771631
CTTTGGTGTAAGGTTT-1,3,CD4_T_cells,,Tcm/Naive helper T cells,Tcm/Naive cytotoxic T cells,0.9781467808926165
CTTTGGTGTACGGTAC-1,0,Monocytes_CD14,,Classical monocytes,Classical monocytes,0.9998760276792534
CTTTGGTGTCAAACTG-1,8,B_cells,,Naive B cells,Naive B cells,0.999999999626894
CTTTGGTGTCACTCGC-1,0,Monocytes_CD14,,Classical monocytes,Classical monocytes,0.6162465849717023
CTTTGGTGTCATTAGG-1,2,T_cells_general,,Tem/Effector helper T cells,Tcm/Naive helper T cells,0.3051332166631586
CTTTGGTGTCCTAAGA-1,3,CD4_T_cells,,Tcm/Naive cytotoxic T cells,Tcm/Naive cytotoxic T cells,0.9819810787315565
CTTTGGTGTTAATGAC-1,3,CD4_T_cells,,Tcm/Naive cytotoxic T cells,Tcm/Naive cytotoxic T cells,0.9945989390157491
CTTTGGTGTTCGCTCA-1,0,Monocytes_CD14,,Classical monocytes,Classical monocytes,0.997621814377894
CTTTGTCCAACTAGAA-1,3,CD4_T_cells,,Tcm/Naive helper T cells,Tcm/Naive cytotoxic T cells,0.9816226173330702
CTTTGTCCAAGTGAAC-1,3,CD4_T_cells,,Tcm/Naive cytotoxic T cells,Tcm/Naive cytotoxic T cells,0.9867956964701222
CTTTGTCCAATAAGCA-1,1,CD4_T_cells,,Tcm/Naive helper T cells,Tcm/Naive helper T cells,0.9897742705113902
CTTTGTCCATGACTAT-1,0,Monocytes_CD14,,Classical monocytes,Classical monocytes,0.9999643630015227
GAAACCCGTAACAGGG-1,0,Monocytes_CD14,,Classical monocytes,Classical monocytes,0.9992409895142
GAAACCCGTACTTCAC-1,0,Monocytes_CD14,,Classical monocytes,Classical monocytes,0.9989874292161725
GAAACCCGTATTGTGG-1,3,CD4_T_cells,,Tcm/Naive cytotoxic T cells,Tcm/Naive cytotoxic T cells,0.9986249735425252
GAAACCCGTCCTCCAA-1,0,Monocytes_CD14,,Classical monocytes,Classical monocytes,0.9999966761380799
GAAACCCGTCTAACCT-1,2,T_cells_general,,Follicular helper T cells,Tem/Effector helper T cells,0.01756821410744524
GAAACCCGTTCCGCAC-1,7,Monocytes_general,,Non-classical monocytes,Non-classical monocytes,0.8698955198989039
GAAACTGAGGATCACT-1,3,CD4_T_cells,,Tcm/Naive cytotoxic T cells,Tcm/Naive cytotoxic T cells,0.9978289889398315
GAAACTGAGTCTATGA-1,3,CD4_T_cells,,Tcm/Naive helper T cells,Tcm/Naive cytotoxic T cells,0.9929890911011665
GAAACTGAGTGATTCA-1,3,CD4_T_cells,,Tcm/Naive helper T cells,Tcm/Naive cytotoxic T cells,0.935740051282868
GAAAGCCAGCAGGTGG-1,0,Monocytes_CD14,,Classical monocytes,Classical monocytes,0.999998956066307
GAAAGCCAGGTAACGA-1,2,T_cells_general,,Regulatory T cells,Regulatory T cells,0.9999984665700286
GAAAGCCAGGTAGCTT-1,3,CD4_T_cells,,Tcm/Naive helper T cells,Tcm/Naive cytotoxic T cells,0.9176119422474638
GAAAGCCAGTCACCAG-1,2,T_cells_general,,Tcm/Naive helper T cells,Tcm/Naive helper T cells,0.9998390720302622
GAAAGGCTCATGCATA-1,5,Cytotoxic_T_NK,,CD16+ NK cells,CD16+ NK cells,0.9997229487279384
GAAAGGCTCCTGAATA-1,2,T_cells_general,,Tcm/Naive helper T cells,Tcm/Naive helper T cells,0.9103557155589944
GAAAGGCTCTTGAGGT-1,0,Monocytes_CD14,,Classical monocytes,Classical monocytes,0.999627315362793
GAACACAAGCAAGGGT-1,0,Monocytes_CD14,,Classical monocytes,Classical monocytes,0.9845444443535687
GAACACAAGCAGGCCT-1,1,CD4_T_cells,,Tcm/Naive helper T cells,Tcm/Naive helper T cells,0.9994706891213614
GAACACAAGCTTAGTA-1,1,CD4_T_cells,,Tcm/Naive helper T cells,Tcm/Naive helper T cells,0.9466128833531128
GAACACAAGGTCCTAG-1,3,CD4_T_cells,,Tcm/Naive cytotoxic T cells,Tcm/Naive cytotoxic T cells,0.997420352808071
GAACCAAAGTAACGGA-1,0,Monocytes_CD14,,Classical monocytes,Classical monocytes,0.9917145565006741
GAACCAAAGTTTGAGC-1,2,T_cells_general,,Tcm/Naive helper T cells,Regulatory T cells,0.9894516234379941
GAACCAGCAAGATTCT-1,0,Monocytes_CD14,,Classical monocytes,Classical monocytes,0.9999076913919752
GAACCAGCACACCAAC-1,7,Monocytes_general,,Non-classical monocytes,Non-classical monocytes,0.9999999997055349
GAACCAGCAGGACCTT-1,5,Cytotoxic_T_NK,,CD16+ NK cells,CD16+ NK cells,0.5526696746456939
GAACCGCTCATGCGTG-1,0,Monocytes_CD14,,Classical monocytes,Classical monocytes,0.999586143146738
GAACCGCTCATGGTGT-1,6,B_cells,,Memory B cells,Memory B cells,0.9870340175570322
GAACCGCTCCCTGACT-1,0,Monocytes_CD14,,Classical monocytes,Classical monocytes,0.9998575748321715
GAACCGCTCCTGGCTT-1,0,Monocytes_CD14,,Classical monocytes,Classical monocytes,0.998922432671829
GAACCGCTCGAGGAAC-1,2,T_cells_general,,Tem/Effector helper T cells,Tcm/Naive helper T cells,0.7463092738954132
GAACCTGTCCAAGTTA-1,0,Monocytes_CD14,,Classical monocytes,Classical monocytes,0.22262543530040943
GAACCTGTCCCTGGTT-1,3,CD4_T_cells,,Tcm/Naive cytotoxic T cells,Tcm/Naive cytotoxic T cells,0.9179052615117347
GAACCTGTCCGCCTCA-1,0,Monocytes_CD14,,Classical monocytes,Classical monocytes,0.9961063704156918
GAACCTGTCTGGTCCT-1,2,T_cells_general,,Tcm/Naive helper T cells,Tem/Effector helper T cells,0.5365496050661243
GAACCTGTCTGTGAGT-1,1,CD4_T_cells,,Tcm/Naive helper T cells,Tcm/Naive helper T cells,0.9999656466691548
GAACCTTAGACAGGTA-1,9,Monocytes_general,,DC2,DC2,0.987454849839089
GAACCTTAGCTGGACC-1,4,Cytotoxic_T_NK,,Tem/Trm cytotoxic T cells,Tem/Temra cytotoxic T cells,0.9251409798225044
GAACCTTAGCTTAGCG-1,0,Monocytes_CD14,,Classical monocytes,Classical monocytes,0.9997962572058183
GAACCTTAGTTAGCTA-1,1,CD4_T_cells,,Tcm/Naive helper T cells,Tcm/Naive helper T cells,0.9997955155582804
GAACGAATCATAACCA-1,1,CD4_T_cells,,Tcm/Naive helper T cells,Tcm/Naive helper T cells,0.9973020744003023
GAACGAATCCTTAGTT-1,4,Cytotoxic_T_NK,,Tem/Temra cytotoxic T cells,Tem/Temra cytotoxic T cells,0.7467396361051152
GAACGAATCGACCTGA-1,0,Monocytes_CD14,,Classical monocytes,Classical monocytes,0.9992687878971805
GAACGAATCGCGCTAA-1,0,Monocytes_CD14,,Classical monocytes,Classical monocytes,0.9999071931266923
GAACGAATCGTCCTTA-1,4,Cytotoxic_T_NK,,Tem/Temra cytotoxic T cells,Tem/Temra cytotoxic T cells,0.9979574758112673
GAACTTATCAAGACTC-1,6,B_cells,,Age-associated B cells,Age-associated B cells,0.9653914536109803
GAACTTATCACATTGA-1,2,T_cells_general,,Tem/Effector helper T cells,Tcm/Naive helper T cells,0.9149302739012476
GAACTTATCCAATTAG-1,11,pDC,,pDC,pDC,0.9999999979650722
GAACTTATCCCAGTAG-1,0,Monocytes_CD14,,Classical monocytes,Classical monocytes,0.9999877141008296
GAACTTATCCCTCAGT-1,1,CD4_T_cells,,Tcm/Naive helper T cells,Tcm/Naive helper T cells,0.997930280829745
GAACTTATCGTTACAA-1,5,Cytotoxic_T_NK,,CD16+ NK cells,CD16+ NK cells,0.9997677855680294
GAAGCCTGTATTGTGG-1,5,Cytotoxic_T_NK,,CD16+ NK cells,CD16+ NK cells,0.9925975332080025
GAAGCCTGTGTTGCTT-1,1,CD4_T_cells,,Tcm/Naive helper T cells,Tcm/Naive helper T cells,0.9992732540973516
GAAGCCTGTTGGATAT-1,3,CD4_T_cells,,Tcm/Naive helper T cells,Tcm/Naive cytotoxic T cells,0.9586230051803434
GAAGCTAAGCTAGAAG-1,1,CD4_T_cells,,Tcm/Naive helper T cells,Tcm/Naive helper T cells,0.9971803829136461
GAAGCTAAGCTTAGCG-1,1,CD4_T_cells,,Tcm/Naive helper T cells,Tcm/Naive helper T cells,0.9993456113881105
GAAGCTAAGGACCTCA-1,1,CD4_T_cells,,Tcm/Naive helper T cells,Tcm/Naive helper T cells,0.9996239802366269
GAAGCTAAGGTATTGC-1,3,CD4_T_cells,,Tcm/Naive cytotoxic T cells,Tcm/Naive cytotoxic T cells,0.9951147162843484
GAAGGAACAACCGCCA-1,11,pDC,,pDC,pDC,0.9999999214714312
GAAGGAACATTGTCCT-1,1,CD4_T_cells,,Tcm/Naive helper T cells,Tcm/Naive helper T cells,0.9982680845721136
GAAGGATGTAACGTGC-1,11,pDC,,pDC,pDC,0.9999999333552765
GAAGGATGTAACTACG-1,3,CD4_T_cells,,Tcm/Naive cytotoxic T cells,Tcm/Naive cytotoxic T cells,0.9966920717366357
GAAGGATGTCATAGAT-1,0,Monocytes_CD14,,Classical monocytes,Classical monocytes,0.9999298355137733
GAAGGATGTCTAGCTT-1,0,Monocytes_CD14,,Classical monocytes,Classical monocytes,0.9998458542927127
GAAGGATGTTGTGATG-1,7,Monocytes_general,,Non-classical monocytes,Non-classical monocytes,0.9999502855848044
GAAGGCCCACAACAGG-1,3,CD4_T_cells,,Tcm/Naive helper T cells,Tcm/Naive cytotoxic T cells,0.9653540007111849
GAAGGCCCACCACAAC-1,3,CD4_T_cells,,Tcm/Naive cytotoxic T cells,Tcm/Naive cytotoxic T cells,0.9968979883399829
GAAGGCCCACCTAATG-1,2,T_cells_general,,CD16- NK cells,Tcm/Naive helper T cells,0.1023053476733041
GAAGGCCCAGGATAAC-1,2,T_cells_general,,Tcm/Naive helper T cells,Tcm/Naive helper T cells,0.7828223755046607
GAAGGCCCAGGCTAGA-1,2,T_cells_general,,Tem/Trm cytotoxic T cells,Tcm/Naive helper T cells,0.6105799028843029
GAAGGCCCATTATCCC-1,6,B_cells,,Memory B cells,Memory B cells,0.9999067819716699
GAAGGCTAGGCGCTTA-1,4,Cytotoxic_T_NK,,Tem/Temra cytotoxic T cells,Tem/Temra cytotoxic T cells,0.8878024304188592
GAAGGCTAGTCATTTC-1,2,T_cells_general,,Tem/Effector helper T cells,Tcm/Naive helper T cells,0.9760105986794346
GAAGGCTAGTGAACAG-1,2,T_cells_general,,Tem/Effector helper T cells,Tcm/Naive helper T cells,0.5497334678862482
GAAGGCTAGTTAGAGG-1,6,B_cells,,Memory B cells,Memory B cells,0.9901982445557995
GAAGTAAGTCAATGTG-1,2,T_cells_general,,Tem/Trm cytotoxic T cells,Tcm/Naive helper T cells,0.16577153266586217
GAAGTAAGTTAAGCGC-1,11,pDC,,pDC,pDC,0.9999999997073505
GAAGTAAGTTTATCTG-1,0,Monocytes_CD14,,Classical monocytes,Classical monocytes,0.9996894881864717
GAAGTATAGACAGGTA-1,0,Monocytes_CD14,,Classical monocytes,Classical monocytes,0.9941095639346907
GAAGTATAGACTATTG-1,8,B_cells,,Naive B cells,Naive B cells,0.999999980045263
GAAGTATAGAGAAGGG-1,0,Monocytes_CD14,,Classical monocytes,Classical monocytes,0.6676166677552163
GAAGTATAGCCTGTGA-1,2,T_cells_general,,Tem/Effector helper T cells,Tcm/Naive helper T cells,0.950691394381443
GAAGTATAGGTTACGT-1,3,CD4_T_cells,,Tcm/Naive cytotoxic T cells,Tcm/Naive cytotoxic T cells,0.9751701508134067
GAAGTATAGTTTAACG-1,1,CD4_T_cells,,Tcm/Naive helper T cells,Tcm/Naive helper T cells,0.9983532304757666
GAAGTCAAGATAGACG-1,3,CD4_T_cells,,Tcm/Naive cytotoxic T cells,Tcm/Naive cytotoxic T cells,0.9752372494256955
GAAGTCAAGCACTTGG-1,6,B_cells,,Naive B cells,Memory B cells,0.9989475963713154
GAAGTCAAGCATGACT-1,3,CD4_T_cells,,Tcm/Naive cytotoxic T cells,Tcm/Naive cytotoxic T cells,0.9998227680735007
GAAGTCAAGCCTGACA-1,2,T_cells_general,,Tcm/Naive helper T cells,Tcm/Naive helper T cells,0.9963814376698952
GAAGTCAAGCGAGCGA-1,1,CD4_T_cells,,Tcm/Naive helper T cells,Tcm/Naive helper T cells,0.9999563582369486
GAAGTCAAGGCAAGTA-1,0,Monocytes_CD14,,Non-classical monocytes,Classical monocytes,0.9109424376554712
GAAGTCAAGGGTGGAT-1,0,Monocytes_CD14,,Classical monocytes,Classical monocytes,0.9892738112128873
GAAGTCAAGTCAGTAC-1,0,Monocytes_CD14,,Classical monocytes,Classical monocytes,0.9999315641265287
GAAGTCAAGTTCCTCA-1,10,Cytotoxic_T_NK,,MAIT cells,MAIT cells,0.9999843921682603
GAAGTCAAGTTTGTCT-1,1,CD4_T_cells,,Tcm/Naive helper T cells,Tcm/Naive helper T cells,0.9995285799976632
GAAGTGATCACATTGA-1,9,Monocytes_general,,DC2,DC2,0.9993095344306988
GAAGTGATCACTAGGT-1,3,CD4_T_cells,,Tcm/Naive cytotoxic T cells,Tcm/Naive cytotoxic T cells,0.9982632802564592
GAAGTGATCCCATAGG-1,0,Monocytes_CD14,,Classical monocytes,Classical monocytes,0.9994291864244595
GAAGTGATCCCTCATA-1,9,Monocytes_general,,DC2,DC2,0.9178848211408144
GAAGTGATCCGTTATT-1,2,T_cells_general,,Tcm/Naive helper T cells,Tcm/Naive helper T cells,0.9977172106550787
GAATTTGTCATTACGA-1,5,Cytotoxic_T_NK,,CD16+ NK cells,CD16+ NK cells,0.9948780260574073
GAATTTGTCGAGCAAA-1,5,Cytotoxic_T_NK,,CD16+ NK cells,CD16+ NK cells,0.9999255873901116
GACAATACAAACTGTT-1,0,Monocytes_CD14,,Classical monocytes,Classical monocytes,0.9916518270393206
GACAATACAACCTAAT-1,2,T_cells_general,,Tcm/Naive helper T cells,Tcm/Naive helper T cells,0.9764175526406575
GACAATACAATTGAGA-1,1,CD4_T_cells,,Tcm/Naive helper T cells,Tcm/Naive helper T cells,0.9998667178862717
GACAATACAGCTTAAT-1,0,Monocytes_CD14,,Classical monocytes,Classical monocytes,0.9999561299251659
GACAATACATTAGCCA-1,0,Monocytes_CD14,,Classical monocytes,Classical monocytes,0.9187592088930029
GACACCGGTATTGGAT-1,3,CD4_T_cells,,Tcm/Naive cytotoxic T cells,Tcm/Naive cytotoxic T cells,0.996700853798712
GACACCGGTGCATTAG-1,3,CD4_T_cells,,Tcm/Naive cytotoxic T cells,Tcm/Naive cytotoxic T cells,0.9958423547267367
GACACCGGTTCGGGAT-1,0,Monocytes_CD14,,Classical monocytes,Classical monocytes,0.9999863756213114
GACACCGGTTGAATCG-1,5,Cytotoxic_T_NK,,CD16+ NK cells,CD16+ NK cells,0.9666411637591756
GACACTAGTGAATCGC-1,3,CD4_T_cells,,Tcm/Naive cytotoxic T cells,Tcm/Naive cytotoxic T cells,0.9981563473217886
GACATAGAGCTGGCTA-1,2,T_cells_general,,Tcm/Naive helper T cells,Tcm/Naive helper T cells,0.9575129021964116
GACATAGAGGATTTGC-1,1,CD4_T_cells,,Tcm/Naive helper T cells,Tcm/Naive helper T cells,0.9999616681191851
GACATAGAGGCGAATA-1,2,T_cells_general,,Tcm/Naive helper T cells,Tem/Effector helper T cells,0.9287890207005173
GACATTATCCTCAGTC-1,3,CD4_T_cells,,Tcm/Naive cytotoxic T cells,Tcm/Naive cytotoxic T cells,0.9720360058552947
GACATTATCGGGACCT-1,2,T_cells_general,,Tem/Effector helper T cells,Tcm/Naive helper T cells,0.917390015514977
GACATTATCTTGAGCG-1,4,Cytotoxic_T_NK,,Tem/Temra cytotoxic T cells,Tem/Temra cytotoxic T cells,0.904764192903228
GACATTATCTTGCATT-1,1,CD4_T_cells,,Tcm/Naive helper T cells,Tcm/Naive helper T cells,0.9999845783327477
GACCGAACAACAGGAT-1,3,CD4_T_cells,,Tcm/Naive cytotoxic T cells,Tcm/Naive cytotoxic T cells,0.9997560891325962
GACCGAACAATATGGA-1,0,Monocytes_CD14,,Classical monocytes,Classical monocytes,0.9999128945306173
GACCGAACAATGAATG-1,1,CD4_T_cells,,Tcm/Naive helper T cells,Tcm/Naive helper T cells,0.9999294943514022
GACCGAACACATAACT-1,3,CD4_T_cells,,Tcm/Naive cytotoxic T cells,Tcm/Naive cytotoxic T cells,0.999964513227525
GACCGAACAGCACGAA-1,0,Monocytes_CD14,,Classical monocytes,Classical monocytes,0.9999897371130857
GACCGAACAGGAACCA-1,3,CD4_T_cells,,Tcm/Naive cytotoxic T cells,Tcm/Naive cytotoxic T cells,0.9815675720707799
GACCGAACAGGAACTG-1,0,Monocytes_CD14,,Classical monocytes,Classical monocytes,0.999989022574765
GACCGTTCAAACTAAG-1,1,CD4_T_cells,,Tcm/Naive helper T cells,Tcm/Naive helper T cells,0.9999373384614783
GACCGTTCAAACTGTT-1,1,CD4_T_cells,,Tcm/Naive helper T cells,Tcm/Naive helper T cells,0.9992980026705176
GACCGTTCAGGTTATT-1,3,CD4_T_cells,,Tcm/Naive cytotoxic T cells,Tcm/Naive cytotoxic T cells,0.8643282989261964
GACCGTTCATAAGGAC-1,2,T_cells_general,,Tcm/Naive helper T cells,Tcm/Naive helper T cells,0.9155187650164621
GACCGTTCATTAAACC-1,0,Monocytes_CD14,,Classical monocytes,Classical monocytes,0.9999956849071706
GACCGTTCATTGTGTG-1,0,Monocytes_CD14,,Classical monocytes,Classical monocytes,0.996192154559262
GACCTAAGTAAGGTCC-1,4,Cytotoxic_T_NK,,Tem/Temra cytotoxic T cells,Tem/Temra cytotoxic T cells,0.9426896414440886
GACCTAAGTACGTTTC-1,0,Monocytes_CD14,,Classical monocytes,Classical monocytes,0.9150409279264802
GACCTAAGTCACAGCG-1,2,T_cells_general,,Tem/Effector helper T cells,Tem/Effector helper T cells,0.8115762177029686
GACCTAAGTCATAGAT-1,0,Monocytes_CD14,,Classical monocytes,Classical monocytes,0.999849041133275
GACCTAAGTTAAGCTG-1,0,Monocytes_CD14,,Classical monocytes,Classical monocytes,0.9999222721813751
GACCTAAGTTGTTGTC-1,11,pDC,,pDC,pDC,0.9999999999964555
GACCTAGTCAATGTCA-1,1,CD4_T_cells,,Tcm/Naive helper T cells,Tcm/Naive helper T cells,0.9915292883926408
GACCTAGTCCTTGCAC-1,0,Monocytes_CD14,,Classical monocytes,Classical monocytes,0.9999960844362199
GACCTAGTCTCAATGA-1,4,Cytotoxic_T_NK,,Tem/Temra cytotoxic T cells,Tem/Temra cytotoxic T cells,0.9303623563878224
GACCTAGTCTTGCTAT-1,5,Cytotoxic_T_NK,,CD16+ NK cells,CD16+ NK cells,0.9970037763638646
GACCTCAAGCAGGTTT-1,8,B_cells,,Naive B cells,Naive B cells,0.9999999463070619
GACCTCAAGTGAACAG-1,0,Monocytes_CD14,,Non-classical monocytes,Classical monocytes,0.37091419030909917
GACCTCAAGTTGTCCC-1,5,Cytotoxic_T_NK,,CD16+ NK cells,CD16+ NK cells,0.9858731212668113
GACCTGATCACGTTAA-1,1,CD4_T_cells,,Tcm/Naive helper T cells,Tcm/Naive helper T cells,0.92324793636966
GACCTGATCACTCGCT-1,2,T_cells_general,,Regulatory T cells,Tem/Effector helper T cells,0.8336608570926255
GACCTGATCAGCTAAC-1,2,T_cells_general,,Tcm/Naive helper T cells,Tcm/Naive helper T cells,0.5025153115650187
GACCTGATCCTCAGTC-1,0,Monocytes_CD14,,Classical monocytes,Classical monocytes,0.9999042518312768
GACCTGATCGCTCCAT-1,0,Monocytes_CD14,,Classical monocytes,Classical monocytes,0.9999915509603892
GACCTGATCGGTTACG-1,4,Cytotoxic_T_NK,,Tem/Temra cytotoxic T cells,Tem/Temra cytotoxic T cells,0.9956998742499695
GACCTGATCGTTAACA-1,1,CD4_T_cells,,Tcm/Naive helper T cells,Tcm/Naive helper T cells,0.9995638213219731
GACCTGATCTGTGCAG-1,0,Monocytes_CD14,,Classical monocytes,Classical monocytes,0.9992723747451652
GACCTGATCTTAGTGA-1,0,Monocytes_CD14,,Classical monocytes,Classical monocytes,0.9998500773027718
GACCTGATCTTGATGA-1,2,T_cells_general,,Monocytes,Tem/Effector helper T cells,0.18100408464559312
GACCTGCAGCAAGATG-1,5,Cytotoxic_T_NK,,CD16+ NK cells,CD16+ NK cells,0.9909408750609344
GACCTGCAGCTGTCAG-1,2,T_cells_general,,Tcm/Naive helper T cells,Tcm/Naive helper T cells,0.6122362527212433
GACCTGCAGGCAGGTG-1,7,Monocytes_general,,Non-classical monocytes,Non-classical monocytes,0.9998778361085107
GACCTGCAGGGATTAG-1,1,CD4_T_cells,,Tcm/Naive helper T cells,Tcm/Naive helper T cells,0.9920535483927223
GACCTGCAGTGAGCAA-1,0,Monocytes_CD14,,Classical monocytes,Classical monocytes,0.9999872717842502
GACCTTTGTGCTGTAA-1,4,Cytotoxic_T_NK,,Tem/Temra cytotoxic T cells,Tem/Temra cytotoxic T cells,0.46474551285011856
GACCTTTGTTAACACG-1,4,Cytotoxic_T_NK,,Tem/Temra cytotoxic T cells,Tem/Temra cytotoxic T cells,0.9996895394927147
GACCTTTGTTTACCGT-1,5,Cytotoxic_T_NK,,CD16+ NK cells,CD16+ NK cells,0.998956014721304
GACGCAACAAATGCCC-1,0,Monocytes_CD14,,Classical monocytes,Classical monocytes,0.9996528174288579
GACGCAACAAGTGTTT-1,0,Monocytes_CD14,,Classical monocytes,Classical monocytes,0.9681575529396875
GACGCAACAATCTCTC-1,4,Cytotoxic_T_NK,,Tem/Temra cytotoxic T cells,Tem/Temra cytotoxic T cells,0.9999976261957203
GACGCAACACGTGCTG-1,1,CD4_T_cells,,Tcm/Naive helper T cells,Tcm/Naive helper T cells,0.9981748178130361
GACGCAACAGTGAACG-1,1,CD4_T_cells,,Tcm/Naive helper T cells,Tcm/Naive helper T cells,0.9998714096825067
GACGCAACATTAAAGG-1,0,Monocytes_CD14,,Classical monocytes,Classical monocytes,0.9996166379751972
GACGCAACATTGTGCA-1,3,CD4_T_cells,,Tcm/Naive helper T cells,Tcm/Naive cytotoxic T cells,0.9989353917700589
GACGCCTAGCCAGGTC-1,0,Monocytes_CD14,,Classical monocytes,Classical monocytes,0.999785181641393
GACGCCTAGCGCCTAA-1,2,T_cells_general,,Regulatory T cells,Regulatory T cells,0.98637923509162
GACGCCTAGGACCAGG-1,1,CD4_T_cells,,Tcm/Naive helper T cells,Tcm/Naive helper T cells,0.9991100317010256
GACGCCTAGGGTGAGT-1,5,Cytotoxic_T_NK,,CD16+ NK cells,CD16+ NK cells,0.9824982788091319
GACGTAAAGCCAAATC-1,3,CD4_T_cells,,Tcm/Naive cytotoxic T cells,Tcm/Naive cytotoxic T cells,0.9992043522551501
GACGTAAAGCGCTCAA-1,3,CD4_T_cells,,Tcm/Naive cytotoxic T cells,Tcm/Naive cytotoxic T cells,0.9994984532850747
GACGTAAAGGGCCACT-1,2,T_cells_general,,Regulatory T cells,Regulatory T cells,0.9999965164280228
GACGTAAAGTGCACGC-1,1,CD4_T_cells,,Tcm/Naive helper T cells,Tcm/Naive helper T cells,0.9997801278036283
GACTAATGTAATCGTG-1,1,CD4_T_cells,,Tcm/Naive helper T cells,Tcm/Naive helper T cells,0.5386152675125716
GACTAATGTTCACTGT-1,5,Cytotoxic_T_NK,,CD16+ NK cells,CD16+ NK cells,0.9999731136869909
GACTAATGTTTATCTG-1,6,B_cells,,Memory B cells,Memory B cells,0.9999952884185128
GACTAATGTTTGCAGA-1,5,Cytotoxic_T_NK,,CD16+ NK cells,CD16+ NK cells,0.9071744381944439
GACTATTCAAATTCGT-1,0,Monocytes_CD14,,Classical monocytes,Classical monocytes,0.9801912213633163
GACTATTCAGCTACGT-1,3,CD4_T_cells,,Tcm/Naive cytotoxic T cells,Tcm/Naive cytotoxic T cells,0.9967956882288217
GACTATTCATGTTGGC-1,7,Monocytes_general,,Non-classical monocytes,Non-classical monocytes,0.9999989601076156
GACTCACCAGCTAACC-1,2,T_cells_general,,Tcm/Naive helper T cells,Tcm/Naive helper T cells,0.9232154033378799
GACTCACCAGGAAGCC-1,3,CD4_T_cells,,Tcm/Naive cytotoxic T cells,Tcm/Naive cytotoxic T cells,0.9994271903981025
GACTCACCATAATCGT-1,2,T_cells_general,,Tcm/Naive helper T cells,Tcm/Naive helper T cells,0.9765102454325048
GACTCACCATCAATCG-1,11,pDC,,pDC,pDC,0.9999997254206351
GACTCACCATGTCGCG-1,0,Monocytes_CD14,,Classical monocytes,Classical monocytes,0.990428975484083
GACTCACCATGTGGGA-1,8,B_cells,,Naive B cells,Naive B cells,0.9999999723726808
GACTTACAGGGTGAAC-1,2,T_cells_general,,Tcm/Naive helper T cells,Tcm/Naive helper T cells,0.9738394165962615
GACTTACAGTAGGATG-1,0,Monocytes_CD14,,Classical monocytes,Classical monocytes,0.9743614823398646
GACTTACAGTCATCCC-1,1,CD4_T_cells,,Tcm/Naive helper T cells,Tcm/Naive helper T cells,0.8864579432603447
GACTTAGGTACGCGCA-1,0,Monocytes_CD14,,Classical monocytes,Classical monocytes,0.6210499239777459
GACTTAGGTATCTGGA-1,8,B_cells,,Naive B cells,Naive B cells,0.9999999992424022
GACTTAGGTGCTCACC-1,1,CD4_T_cells,,Tcm/Naive helper T cells,Tcm/Naive helper T cells,0.9993495164532012
GACTTGGTCAAGCCTG-1,3,CD4_T_cells,,Tcm/Naive cytotoxic T cells,Tcm/Naive cytotoxic T cells,0.9988837808391152
GACTTGGTCATGTGGT-1,4,Cytotoxic_T_NK,,Tem/Temra cytotoxic T cells,Tem/Temra cytotoxic T cells,0.9454238588992346
GACTTGGTCCGCAAGC-1,4,Cytotoxic_T_NK,,Tem/Trm cytotoxic T cells,Tem/Trm cytotoxic T cells,0.388739192978107
GACTTGGTCCGGCTAA-1,6,B_cells,,Memory B cells,Age-associated B cells,0.9696091565635144
GACTTGGTCCGTCCAT-1,3,CD4_T_cells,,Tcm/Naive cytotoxic T cells,Tcm/Naive helper T cells,0.9143023159407921
GACTTGGTCGCCTAAG-1,4,Cytotoxic_T_NK,,Tem/Temra cytotoxic T cells,Tem/Temra cytotoxic T cells,0.984067792744763
GACTTGGTCGTTAGTA-1,5,Cytotoxic_T_NK,,CD16+ NK cells,CD16+ NK cells,0.9971213064254761
GACTTGGTCTAATCTC-1,0,Monocytes_CD14,,Classical monocytes,Classical monocytes,0.9949306494894746
GAGAAACGTGCTTTAC-1,1,CD4_T_cells,,Tcm/Naive helper T cells,Tcm/Naive helper T cells,0.999976406640278
GAGAACCAGCAATAGG-1,2,T_cells_general,,Tcm/Naive helper T cells,Tcm/Naive helper T cells,0.75051654384827
GAGAACCAGCCAGTAT-1,0,Monocytes_CD14,,Classical monocytes,Classical monocytes,0.9999782642277459
GAGAACCAGCTTAACA-1,3,CD4_T_cells,,Tcm/Naive cytotoxic T cells,Tcm/Naive cytotoxic T cells,0.999374350037751
GAGAGGCGTACGTTTC-1,1,CD4_T_cells,,Tcm/Naive helper T cells,Tcm/Naive helper T cells,0.9999932357144998
GAGAGGCGTCAAAGGG-1,1,CD4_T_cells,,Tcm/Naive helper T cells,Tcm/Naive helper T cells,0.9993375892053291
GAGAGGCGTGCATTTC-1,4,Cytotoxic_T_NK,,Tem/Temra cytotoxic T cells,Tem/Temra cytotoxic T cells,0.9935938113146237
GAGAGGCGTTCTTTAG-1,4,Cytotoxic_T_NK,,Tcm/Naive helper T cells,Tem/Trm cytotoxic T cells,0.942429485755703
GAGATAAGTAGCTAGC-1,2,T_cells_general,,Tcm/Naive helper T cells,Tcm/Naive helper T cells,0.9859313454236123
GAGATAAGTCCGTAGG-1,0,Monocytes_CD14,,Classical monocytes,Classical monocytes,0.9999993113293588
GAGATAAGTGAAACAA-1,7,Monocytes_general,,Non-classical monocytes,Non-classical monocytes,0.9999976239069769
GAGATAAGTGGACATC-1,7,Monocytes_general,,Non-classical monocytes,Non-classical monocytes,0.9999999927292162
GAGCAAATCACTAATG-1,0,Monocytes_CD14,,Non-classical monocytes,Classical monocytes,0.8301470236227353
GAGCAAATCATAACTG-1,7,Monocytes_general,,Non-classical monocytes,Non-classical monocytes,0.9979374198561314
GAGCAAATCCCATAAA-1,3,CD4_T_cells,,Tcm/Naive cytotoxic T cells,Tcm/Naive cytotoxic T cells,0.9421992708102607
GAGCAAGGTAACAGGG-1,1,CD4_T_cells,,Tcm/Naive helper T cells,Tcm/Naive helper T cells,0.997358224323564
GAGCAAGGTACTGAAT-1,0,Monocytes_CD14,,Classical monocytes,Classical monocytes,0.9998858679073652
GAGCAAGGTCGCAATA-1,0,Monocytes_CD14,,Classical monocytes,Classical monocytes,0.856446229207283
GAGCAAGGTTACGCAA-1,2,T_cells_general,,Tcm/Naive helper T cells,Tcm/Naive helper T cells,0.18099921096548394
GAGCAAGGTTTAAAGC-1,1,CD4_T_cells,,Tcm/Naive helper T cells,Tcm/Naive helper T cells,0.9999194837315616
GAGCATGCAAGGTACG-1,0,Monocytes_CD14,,Classical monocytes,Classical monocytes,0.9998697982854633
GAGCATGCACAATGTT-1,3,CD4_T_cells,,Tcm/Naive cytotoxic T cells,Tcm/Naive cytotoxic T cells,0.8871726187423398
GAGCATGCACTCAACA-1,0,Monocytes_CD14,,Classical monocytes,Classical monocytes,0.9989982115503587
GAGCATGCACTTGTTC-1,1,CD4_T_cells,,Tcm/Naive helper T cells,Tcm/Naive helper T cells,0.9999464840239007
GAGCATGCAGGACCAA-1,1,CD4_T_cells,,Tcm/Naive helper T cells,Tcm/Naive helper T cells,0.9984093470370183
GAGCATGCAGTTATGT-1,1,CD4_T_cells,,Tcm/Naive helper T cells,Tcm/Naive helper T cells,0.9999232501609676
GAGCATGCATAATCAC-1,1,CD4_T_cells,,Tcm/Naive helper T cells,Tcm/Naive helper T cells,0.9902391389465686
GAGCATGCATGGCCTG-1,0,Monocytes_CD14,,Classical monocytes,Classical monocytes,0.9999919065298492
GAGCCACTCACTCGCT-1,3,CD4_T_cells,,Tcm/Naive cytotoxic T cells,Tcm/Naive cytotoxic T cells,0.7369751144095358
GAGCCACTCATTTGCT-1,0,Monocytes_CD14,,Classical monocytes,Classical monocytes,0.9999989403355691
GAGCCACTCGGTTACG-1,3,CD4_T_cells,,Tcm/Naive helper T cells,Tcm/Naive cytotoxic T cells,0.422726833111222
GAGCCACTCTGCAACG-1,4,Cytotoxic_T_NK,,Tem/Temra cytotoxic T cells,Tem/Temra cytotoxic T cells,0.999894685684183
GAGCCTTCAAAGCCTC-1,11,pDC,,pDC,pDC,0.9999999986489685
GAGCCTTCAACAGGTG-1,2,T_cells_general,,Tcm/Naive helper T cells,Tcm/Naive helper T cells,0.7220664329864883
GAGCCTTCAACTAGGG-1,0,Monocytes_CD14,,Classical monocytes,Classical monocytes,0.4957709306673849
GAGCCTTCAATTGAAG-1,11,pDC,,pDC,pDC,0.9999391700357467
GAGCCTTCAGCTAATT-1,3,CD4_T_cells,,Tcm/Naive cytotoxic T cells,Tcm/Naive cytotoxic T cells,0.8339057206456107
GAGCGAAGTAATAACC-1,2,T_cells_general,,Tcm/Naive helper T cells,Tem/Trm cytotoxic T cells,0.2948986929782583
GAGCGAAGTCAAAGAA-1,2,T_cells_general,,Tcm/Naive helper T cells,Tcm/Naive helper T cells,0.9196698480579903
GAGCGAAGTTAGGATT-1,3,CD4_T_cells,,Tcm/Naive cytotoxic T cells,Tcm/Naive cytotoxic T cells,0.992459001452974
GAGCGAAGTTCGGGAT-1,2,T_cells_general,,Tem/Temra cytotoxic T cells,Tcm/Naive helper T cells,0.397644527677073
GAGCGATAGCATGTCG-1,4,Cytotoxic_T_NK,,Tem/Temra cytotoxic T cells,Tem/Temra cytotoxic T cells,0.9976311050184723
GAGCGATAGCCTAACG-1,0,Monocytes_CD14,,Classical monocytes,Classical monocytes,0.9999787845517665
GAGCGATAGGATTGAG-1,2,T_cells_general,,Tcm/Naive helper T cells,Tcm/Naive helper T cells,0.9657622968261712
GAGCGATAGGGCTTTG-1,4,Cytotoxic_T_NK,,Tem/Temra cytotoxic T cells,Tem/Temra cytotoxic T cells,0.9942517592068733
GAGCGATAGGTGTCCA-1,6,B_cells,,Memory B cells,Memory B cells,0.9779204846820911
GAGCGATAGTCATGCG-1,1,CD4_T_cells,,Tcm/Naive helper T cells,Tcm/Naive helper T cells,0.2840766720071873
GAGCGATAGTTTGAGC-1,0,Monocytes_CD14,,Classical monocytes,Classical monocytes,0.9961149235462952
GAGCGGTCAAGGATTA-1,0,Monocytes_CD14,,Classical monocytes,Classical monocytes,0.6409531286544226
GAGCGGTCACCCACCT-1,6,B_cells,,Memory B cells,Memory B cells,0.9999977241523782
GAGCGGTCACTTAACG-1,8,B_cells,,Naive B cells,Naive B cells,0.9999998857405163
GAGCGGTCAGGACACA-1,4,Cytotoxic_T_NK,,Tem/Temra cytotoxic T cells,Tem/Temra cytotoxic T cells,0.12803343096390588
GAGCGGTCATGGCCCA-1,3,CD4_T_cells,,Tcm/Naive helper T cells,Tcm/Naive helper T cells,0.9860386800040986
GAGCGGTCATGTCAAT-1,4,Cytotoxic_T_NK,,Tem/Temra cytotoxic T cells,Tem/Temra cytotoxic T cells,0.969126090830099
GAGCGGTCATTATGAC-1,1,CD4_T_cells,,Tcm/Naive helper T cells,Tcm/Naive helper T cells,0.8636760160772304
GAGCTAGCAAGACTCC-1,1,CD4_T_cells,,Tcm/Naive helper T cells,Tcm/Naive helper T cells,0.9898638686379571
GAGCTAGCAGACAAAC-1,4,Cytotoxic_T_NK,,Tem/Temra cytotoxic T cells,Tem/Temra cytotoxic T cells,0.9993086130522472
GAGCTAGCAGCACGTT-1,1,CD4_T_cells,,Tcm/Naive helper T cells,Tcm/Naive helper T cells,0.998365641357019
GAGCTAGCATTTGCTC-1,3,CD4_T_cells,,Tcm/Naive cytotoxic T cells,Tcm/Naive cytotoxic T cells,0.9999810412500024
GAGCTGCTCAAGCGCC-1,7,Monocytes_general,,Non-classical monocytes,Non-classical monocytes,0.9999998707759892
GAGCTGCTCACCTGCT-1,1,CD4_T_cells,,Tcm/Naive helper T cells,Tcm/Naive helper T cells,0.9999942082201561
GAGCTGCTCATGACCG-1,1,CD4_T_cells,,Tcm/Naive helper T cells,Tcm/Naive helper T cells,0.9998757853429895
GAGCTGCTCGTTACAA-1,1,CD4_T_cells,,Tcm/Naive helper T cells,Tcm/Naive helper T cells,0.999904074785478
GAGCTGCTCTTGCAGG-1,1,CD4_T_cells,,Tcm/Naive helper T cells,Tcm/Naive helper T cells,0.9999458785755465
GAGCTTAGTACCTTAC-1,3,CD4_T_cells,,Tcm/Naive cytotoxic T cells,Tcm/Naive cytotoxic T cells,0.9979564236368106
GAGCTTAGTATTGCAG-1,2,T_cells_general,,Tem/Effector helper T cells,Tcm/Naive helper T cells,0.9953128857631222
GAGCTTAGTGTAACCA-1,2,T_cells_general,,Tem/Trm cytotoxic T cells,Tcm/Naive helper T cells,0.8018738374334885
GAGCTTAGTTTAACGG-1,3,CD4_T_cells,,Tcm/Naive cytotoxic T cells,Tcm/Naive cytotoxic T cells,0.997892480924961
GAGCTTGTCATGCCTC-1,3,CD4_T_cells,,Tcm/Naive cytotoxic T cells,Tcm/Naive cytotoxic T cells,0.9577729527707892
GAGCTTGTCCAAGTGT-1,1,CD4_T_cells,,Tcm/Naive helper T cells,Tcm/Naive helper T cells,0.9999611569483255
GAGCTTGTCCCTTGCG-1,0,Monocytes_CD14,,Classical monocytes,Classical monocytes,0.9967122253683987
GAGCTTGTCCGCAAGC-1,0,Monocytes_CD14,,Classical monocytes,Classical monocytes,0.999961034749739
GAGCTTGTCCTCACAC-1,1,CD4_T_cells,,Tcm/Naive helper T cells,Tcm/Naive helper T cells,0.9966597828410819
GAGCTTGTCCTTCAAT-1,8,B_cells,,Naive B cells,Naive B cells,0.9999909054432167
GAGCTTGTCGACAAAG-1,4,Cytotoxic_T_NK,,Tem/Temra cytotoxic T cells,Tem/Temra cytotoxic T cells,0.9989168186416065
GAGCTTGTCGATTTGA-1,3,CD4_T_cells,,Tcm/Naive cytotoxic T cells,Tcm/Naive cytotoxic T cells,0.9844029272221562
GAGCTTGTCGCGACAC-1,2,T_cells_general,,Tcm/Naive helper T cells,Tcm/Naive helper T cells,0.9775974554650092
GAGGACTAGATACTTG-1,0,Monocytes_CD14,,Classical monocytes,Classical monocytes,0.9999996609443483
GAGGACTAGCCTTAAA-1,4,Cytotoxic_T_NK,,Tem/Trm cytotoxic T cells,Tem/Trm cytotoxic T cells,0.9979749581721575
GAGGACTAGCTGTCAG-1,0,Monocytes_CD14,,Classical monocytes,Classical monocytes,0.4801489012682757
GAGGACTAGGAAACTG-1,10,Cytotoxic_T_NK,,MAIT cells,MAIT cells,0.9998393507096782
GAGGACTAGGTGTCCA-1,1,CD4_T_cells,,Tcm/Naive helper T cells,Tcm/Naive helper T cells,0.9523107002115292
GAGGACTAGTTATTCC-1,2,T_cells_general,,Tcm/Naive helper T cells,Tcm/Naive helper T cells,0.5907738123143756
GAGGAGGCACAGAAAC-1,4,Cytotoxic_T_NK,,Tem/Temra cytotoxic T cells,Tem/Temra cytotoxic T cells,0.9941807310780166
GAGGAGGCACTGGCCA-1,2,T_cells_general,,Tcm/Naive helper T cells,Tcm/Naive helper T cells,0.20136414469634992
GAGGAGGCAGCTCAAC-1,4,Cytotoxic_T_NK,,Tem/Trm cytotoxic T cells,Tem/Trm cytotoxic T cells,0.698382988185187
GAGGAGGCAGGCAAGC-1,0,Monocytes_CD14,,Classical monocytes,Classical monocytes,0.9914795605173398
GAGGAGGCATCCATCT-1,6,B_cells,,Memory B cells,Memory B cells,0.9970680376070469
GAGGAGGCATGAATCT-1,0,Monocytes_CD14,,Classical monocytes,Classical monocytes,0.9999940707322644
GAGGCAAGTCAAACTG-1,0,Monocytes_CD14,,Classical monocytes,Classical monocytes,0.9972796722281073
GAGGCAAGTCGCATAA-1,3,CD4_T_cells,,Tcm/Naive helper T cells,Tcm/Naive cytotoxic T cells,0.9785760345491782
GAGGCAAGTGCTCACC-1,5,Cytotoxic_T_NK,,Tem/Temra cytotoxic T cells,CD16+ NK cells,0.9089096518815237
GAGGCCTTCGAGGAGT-1,5,Cytotoxic_T_NK,,CD16+ NK cells,CD16+ NK cells,0.9999897860290164
GAGGCCTTCGTTAGTA-1,0,Monocytes_CD14,,Classical monocytes,Classical monocytes,0.9913858677671792
GAGGCCTTCTGTGCCT-1,0,Monocytes_CD14,,Classical monocytes,Classical monocytes,0.9802713977259305
GAGGCTACACCAAAGG-1,3,CD4_T_cells,,Tcm/Naive cytotoxic T cells,Tcm/Naive cytotoxic T cells,0.9926347604259954
GAGGCTACAGCAACCT-1,0,Monocytes_CD14,,Classical monocytes,Classical monocytes,0.9996268722123112
GAGGCTACATCAGCAC-1,1,CD4_T_cells,,Tcm/Naive helper T cells,Tcm/Naive helper T cells,0.9976655783123634
GAGGCTACATTGTGGC-1,0,Monocytes_CD14,,Classical monocytes,Classical monocytes,0.9938054751214423
GAGGCTACATTGTGTG-1,2,T_cells_general,,Type 17 helper T cells,Tem/Effector helper T cells,0.7690143437988975
GAGGCTTGTAAAGCGG-1,1,CD4_T_cells,,Tcm/Naive helper T cells,Tcm/Naive helper T cells,0.9704721668335639
GAGGCTTGTATCTGGA-1,0,Monocytes_CD14,,Classical monocytes,Classical monocytes,0.9999933262116287
GAGGCTTGTATTGTCC-1,1,CD4_T_cells,,Tcm/Naive helper T cells,Tcm/Naive helper T cells,0.9999936102515901
GAGGCTTGTGCAATGC-1,4,Cytotoxic_T_NK,,Tem/Trm cytotoxic T cells,Tem/Temra cytotoxic T cells,0.06083630653927931
GAGGGAGCAAACCTTG-1,10,Cytotoxic_T_NK,,MAIT cells,MAIT cells,0.9896004911587534
GAGGGAGCAACCTGGT-1,1,CD4_T_cells,,Tcm/Naive helper T cells,Tcm/Naive helper T cells,0.9973111257612504
GAGGGAGCAATTAAGG-1,0,Monocytes_CD14,,DC2,Classical monocytes,0.979436490459233
GAGGGAGCACAGAACG-1,0,Monocytes_CD14,,Classical monocytes,Classical monocytes,0.9999534250271147
GAGGGAGCACCCTCAC-1,0,Monocytes_CD14,,Classical monocytes,Classical monocytes,0.9999919730582169
GAGGGAGCAGAGGGAG-1,3,CD4_T_cells,,Tcm/Naive cytotoxic T cells,Tcm/Naive cytotoxic T cells,0.9902015707681222
GAGGGAGCAGCTAACC-1,1,CD4_T_cells,,Tcm/Naive helper T cells,Tcm/Naive helper T cells,0.9998998393032297
GAGGGAGCATTAGGCC-1,1,CD4_T_cells,,Tcm/Naive helper T cells,Regulatory T cells,0.31207013871993977
GAGGGAGCATTATCCC-1,0,Monocytes_CD14,,Non-classical monocytes,Classical monocytes,0.99370430852929
GAGGTACAGCGGATAA-1,2,T_cells_general,,Tem/Effector helper T cells,Tem/Effector helper T cells,0.9992087184125543
GAGGTACAGGAACGCG-1,2,T_cells_general,,Tcm/Naive helper T cells,Tcm/Naive helper T cells,0.978893589105859
GAGGTACAGTAACAGG-1,1,CD4_T_cells,,Tcm/Naive helper T cells,Tcm/Naive helper T cells,0.5405824521005224
GAGGTACAGTAAGTGG-1,3,CD4_T_cells,,Tcm/Naive cytotoxic T cells,Tcm/Naive cytotoxic T cells,0.9807581648030262
GAGGTAGGTCAAACTG-1,3,CD4_T_cells,,Tcm/Naive cytotoxic T cells,Tcm/Naive cytotoxic T cells,0.4119643786518101
GAGGTAGGTTACATCC-1,1,CD4_T_cells,,Tcm/Naive cytotoxic T cells,Tcm/Naive helper T cells,0.7332264323983387
GAGGTGAGTAAGCTTG-1,12,Stress_response,,HSC/MPP,HSC/MPP,0.9937891010638017
GAGGTGAGTAATGGAA-1,1,CD4_T_cells,,Tcm/Naive helper T cells,Tcm/Naive helper T cells,0.9979775394045635
GAGGTGAGTACGATTG-1,0,Monocytes_CD14,,Classical monocytes,Classical monocytes,0.9994774758798676
GAGGTGAGTATACTGG-1,7,Monocytes_general,,Non-classical monocytes,Non-classical monocytes,0.9999786926984098
GAGGTGAGTCAAAGGG-1,0,Monocytes_CD14,,Classical monocytes,Classical monocytes,0.9731879094658201
GAGGTGAGTGATGAAA-1,3,CD4_T_cells,,Tcm/Naive helper T cells,Tcm/Naive cytotoxic T cells,0.8480045474721937
GAGGTGAGTGGTTCTT-1,3,CD4_T_cells,,Tcm/Naive cytotoxic T cells,Tcm/Naive cytotoxic T cells,0.971429296862828
GAGGTGAGTTGTAACG-1,1,CD4_T_cells,,Tcm/Naive helper T cells,Tcm/Naive helper T cells,0.999678067371604
GAGGTGAGTTGTTGGA-1,2,T_cells_general,,Memory B cells,Tem/Effector helper T cells,0.16173382517490303
GAGGTGAGTTTAACGG-1,0,Monocytes_CD14,,Classical monocytes,Classical monocytes,0.9981317853693499
GAGGTTAAGCTGTAAC-1,0,Monocytes_CD14,,Classical monocytes,Classical monocytes,0.9998797695478095
GAGGTTAAGCTTAGCG-1,0,Monocytes_CD14,,Classical monocytes,Classical monocytes,0.29701900376114254
GAGGTTAAGTGAACAG-1,2,T_cells_general,,Tcm/Naive helper T cells,Tcm/Naive helper T cells,0.999060276237551
GAGTAACCACTTAGGC-1,2,T_cells_general,,Tem/Effector helper T cells,Tcm/Naive helper T cells,0.984128658018144
GAGTAACCAGTTTGGC-1,2,T_cells_general,,Regulatory T cells,Regulatory T cells,0.9999756837068899
GAGTAACCATCAGTAT-1,0,Monocytes_CD14,,Classical monocytes,Classical monocytes,0.9998124094999309
GAGTAACCATTATGGT-1,4,Cytotoxic_T_NK,,Tem/Temra cytotoxic T cells,Tem/Trm cytotoxic T cells,0.9176047030373671
GAGTAATAGAGAGCCG-1,3,CD4_T_cells,,Tcm/Naive cytotoxic T cells,Tcm/Naive cytotoxic T cells,0.9998945189180818
GAGTAATAGCTAATCA-1,0,Monocytes_CD14,,Classical monocytes,Classical monocytes,0.999999908426406
GAGTAATAGGCTACTG-1,3,CD4_T_cells,,Tcm/Naive cytotoxic T cells,Tcm/Naive cytotoxic T cells,0.9945050130740745
GAGTAATAGTTTGAGC-1,2,T_cells_general,,Tem/Effector helper T cells,Tem/Effector helper T cells,0.8381802222451066
GAGTATCTCCTGTTCA-1,1,CD4_T_cells,,Tcm/Naive helper T cells,Tcm/Naive helper T cells,0.9778254930786907
GAGTATCTCGGCTATG-1,6,B_cells,,Memory B cells,Memory B cells,0.999793792938006
GAGTCAAAGCAAGGTA-1,2,T_cells_general,,Tcm/Naive helper T cells,Tcm/Naive helper T cells,0.2668360433006542
GAGTCAAAGCCAAATC-1,0,Monocytes_CD14,,Classical monocytes,Classical monocytes,0.9999233280057434
GAGTCAAAGCCAGGTC-1,0,Monocytes_CD14,,Classical monocytes,Classical monocytes,0.8058229033743395
GAGTCAAAGCTGTAAC-1,1,CD4_T_cells,,gamma-delta T cells,Regulatory T cells,0.16241677004563687
GAGTCAAAGGCTAAGA-1,3,CD4_T_cells,,Tcm/Naive cytotoxic T cells,Tcm/Naive cytotoxic T cells,0.9999381843779417
GAGTCAAAGTCACCAG-1,2,T_cells_general,,Tcm/Naive helper T cells,Tcm/Naive helper T cells,0.9741064597140314
GAGTCATTCACTCAAA-1,9,Monocytes_general,,Classical monocytes,Classical monocytes,0.9987158513244746
GAGTCATTCATGTCAA-1,2,T_cells_general,,Tcm/Naive helper T cells,Tcm/Naive helper T cells,0.31542364971552206
GAGTCATTCCGTTAAA-1,0,Monocytes_CD14,,Classical monocytes,Classical monocytes,0.9558938571499573
GAGTCATTCTCGACCT-1,0,Monocytes_CD14,,Classical monocytes,Classical monocytes,0.9999651712957273
GAGTCATTCTCTAGCC-1,0,Monocytes_CD14,,Classical monocytes,Classical monocytes,0.9899222319106721
GAGTGAGGTATTGTGG-1,1,CD4_T_cells,,Tcm/Naive helper T cells,Tcm/Naive helper T cells,0.9999922596659616
GAGTGAGGTTTGTTGC-1,7,Monocytes_general,,Non-classical monocytes,Non-classical monocytes,0.9999960103724618
GAGTGATCAAAGCGGC-1,1,CD4_T_cells,,Tcm/Naive helper T cells,Tcm/Naive helper T cells,0.9996826172593357
GAGTGATCAAAGCTAA-1,1,CD4_T_cells,,Tcm/Naive helper T cells,Tcm/Naive helper T cells,0.9999379949712452
GAGTGATCAGCATGGA-1,5,Cytotoxic_T_NK,,CD16+ NK cells,CD16+ NK cells,0.8772023971076197
GAGTGATCAGCCAGAA-1,1,CD4_T_cells,,Naive B cells,Tcm/Naive helper T cells,0.9876829138308135
GAGTGATCATAATCCG-1,3,CD4_T_cells,,Tcm/Naive cytotoxic T cells,Tcm/Naive cytotoxic T cells,0.9940446362722508
GAGTGTTTCATCCTAT-1,3,CD4_T_cells,,Tcm/Naive helper T cells,Tcm/Naive cytotoxic T cells,0.9134855850793925
GAGTGTTTCATGCAAC-1,2,T_cells_general,,Tcm/Naive helper T cells,Tcm/Naive helper T cells,0.9997027702553539
GAGTGTTTCATGTCAA-1,9,Monocytes_general,,DC2,DC2,0.8832742167239743
GAGTGTTTCGAAGTGA-1,2,T_cells_general,,Tem/Effector helper T cells,Tem/Effector helper T cells,0.9998583320392956
GAGTGTTTCGCTAAGT-1,3,CD4_T_cells,,Tcm/Naive cytotoxic T cells,Tcm/Naive cytotoxic T cells,0.8990608214196972
GAGTGTTTCGGTTTGG-1,5,Cytotoxic_T_NK,,Tem/Temra cytotoxic T cells,CD16+ NK cells,0.7504769070274916
GAGTGTTTCTCACATT-1,3,CD4_T_cells,,Tcm/Naive helper T cells,Tcm/Naive helper T cells,0.7388453399502096
GAGTTACTCAAACCGT-1,2,T_cells_general,,Tcm/Naive helper T cells,Tcm/Naive helper T cells,0.9964079370800933
GAGTTACTCAAAGGCA-1,3,CD4_T_cells,,Tcm/Naive cytotoxic T cells,Tcm/Naive cytotoxic T cells,0.9854379249809553
GAGTTACTCAGCACCA-1,2,T_cells_general,,Tcm/Naive helper T cells,Tcm/Naive helper T cells,0.9998366952612971
GAGTTACTCCAATAGC-1,0,Monocytes_CD14,,Classical monocytes,Classical monocytes,0.9995975778667653
GAGTTACTCCGCATGA-1,2,T_cells_general,,Tem/Effector helper T cells,Tcm/Naive helper T cells,0.4126440926153745
GAGTTACTCCTCACAC-1,0,Monocytes_CD14,,Classical monocytes,Classical monocytes,0.9999990031106564
GAGTTACTCGGCCAGT-1,6,B_cells,,Age-associated B cells,Age-associated B cells,0.3799631947679616
GAGTTGCGTAACAGGG-1,0,Monocytes_CD14,,Classical monocytes,Classical monocytes,0.9982898064914071
GAGTTGCGTTAATCGG-1,6,B_cells,,Memory B cells,Memory B cells,0.9994323803935541
GAGTTTGGTCATGAGC-1,6,B_cells,,Memory B cells,Memory B cells,0.9999963184590301
GAGTTTGGTCGACTAA-1,3,CD4_T_cells,,Tcm/Naive cytotoxic T cells,Tcm/Naive cytotoxic T cells,0.9995988685620373
GAGTTTGGTGGTGAGA-1,0,Monocytes_CD14,,Classical monocytes,Classical monocytes,0.9954991174913599
GAGTTTGGTGTTGTGA-1,1,CD4_T_cells,,Tcm/Naive helper T cells,Tcm/Naive helper T cells,0.9990883019911398
GAGTTTGGTTACTTGC-1,0,Monocytes_CD14,,Classical monocytes,Classical monocytes,0.9936304170434459
GAGTTTGGTTGACTTC-1,2,T_cells_general,,Tcm/Naive helper T cells,Tcm/Naive helper T cells,0.9616529745089449
GAGTTTGGTTTGAGGC-1,8,B_cells,,Naive B cells,Naive B cells,0.9999917835096083
GATAAAGGTCAAACTG-1,4,Cytotoxic_T_NK,,Tem/Trm cytotoxic T cells,Tem/Trm cytotoxic T cells,0.541455879079442
GATAAAGGTCCTGATT-1,2,T_cells_general,,Tcm/Naive helper T cells,Tem/Effector helper T cells,0.3151601530484655
GATAAAGGTGACATAT-1,0,Monocytes_CD14,,Classical monocytes,Classical monocytes,0.9999955990063519
GATAAAGGTGTGTCCC-1,0,Monocytes_CD14,,Classical monocytes,Classical monocytes,0.9999749707982282
GATAAAGGTTACGCGG-1,3,CD4_T_cells,,Tcm/Naive helper T cells,Tcm/Naive cytotoxic T cells,0.9663194307860288
GATAAAGGTTGCATCT-1,2,T_cells_general,,Tcm/Naive helper T cells,Tem/Effector helper T cells,0.0809816571754448
GATAAAGGTTTGCTGT-1,2,T_cells_general,,Tcm/Naive helper T cells,Tcm/Naive helper T cells,0.956996457672151
GATAACGAGCGAGGTG-1,0,Monocytes_CD14,,Classical monocytes,Classical monocytes,0.9998882744834015
GATAACGAGGTCCTAG-1,0,Monocytes_CD14,,Classical monocytes,Classical monocytes,0.9999967296133472
GATAACGAGTCGCTAG-1,0,Monocytes_CD14,,Classical monocytes,Classical monocytes,0.9975844091304547
GATAAGCCAAGGACCA-1,6,B_cells,,Memory B cells,Memory B cells,0.9999974212191071
GATAAGCCAAGTAAGC-1,2,T_cells_general,,Regulatory T cells,Regulatory T cells,0.6795741716554751
GATAAGCCACAACAGG-1,0,Monocytes_CD14,,Classical monocytes,Classical monocytes,0.9997937374013391
GATAAGCCACCTAAGC-1,6,B_cells,,Age-associated B cells,Age-associated B cells,0.8437596036773529
GATAAGCCAGCTAATT-1,3,CD4_T_cells,,Tcm/Naive cytotoxic T cells,Tcm/Naive cytotoxic T cells,0.9306732518481372
GATAAGCCAGCTTAGC-1,1,CD4_T_cells,,Tcm/Naive helper T cells,Tcm/Naive helper T cells,0.9999843075857704
GATAAGCCAGTCTAAT-1,1,CD4_T_cells,,Tcm/Naive helper T cells,Tcm/Naive helper T cells,0.9993089800182798
GATAATCGTGAACAAA-1,1,CD4_T_cells,,Tcm/Naive helper T cells,Tcm/Naive helper T cells,0.9999699805017894
GATAATCGTGGTTCCC-1,0,Monocytes_CD14,,Classical monocytes,Classical monocytes,0.9991856447240502
GATAATCGTTACTTCA-1,8,B_cells,,Naive B cells,Naive B cells,0.9999999955852994
GATAATCGTTGCACGG-1,0,Monocytes_CD14,,Classical monocytes,Classical monocytes,0.9999989635063499
GATAGACCAGGCCTTG-1,6,B_cells,,Naive B cells,Memory B cells,0.9999407499631751
GATAGACCATCAGTAT-1,2,T_cells_general,,Tcm/Naive helper T cells,Tcm/Naive helper T cells,0.9754206958003406
GATAGACCATGAAGTA-1,8,B_cells,,Naive B cells,Naive B cells,0.9999995635635004
GATAGACCATTAAGCT-1,2,T_cells_general,,Tcm/Naive helper T cells,Tcm/Naive helper T cells,0.8393765666394604
GATCAAGAGACAAGTG-1,3,CD4_T_cells,,Tcm/Naive helper T cells,Tcm/Naive cytotoxic T cells,0.8749351543196612
GATCAAGAGCCAGTAT-1,1,CD4_T_cells,,Tcm/Naive helper T cells,Tcm/Naive helper T cells,0.9974622224545356
GATCAAGAGCGGGCAA-1,0,Monocytes_CD14,,Classical monocytes,Classical monocytes,0.9812788186159738
GATCAAGAGCTCCTAC-1,6,B_cells,,Memory B cells,Memory B cells,0.9999998669927136
GATCAAGAGGAGGTTA-1,2,T_cells_general,,Tcm/Naive helper T cells,Tcm/Naive helper T cells,0.9848961622381862
GATCAAGAGGTGAAGC-1,1,CD4_T_cells,,Tcm/Naive helper T cells,Tcm/Naive helper T cells,0.9999798558915945
GATCAAGAGTAGCTTA-1,1,CD4_T_cells,,Tcm/Naive helper T cells,Tcm/Naive helper T cells,0.9999975725952021
GATCACTAGCAGGTTT-1,3,CD4_T_cells,,Tcm/Naive cytotoxic T cells,Tcm/Naive cytotoxic T cells,0.20751004969544704
GATCACTAGCGTGCGT-1,5,Cytotoxic_T_NK,,CD16+ NK cells,CD16+ NK cells,0.9999584702020642
GATCACTAGCTAAAGG-1,7,Monocytes_general,,Non-classical monocytes,Non-classical monocytes,0.9998469930307785
GATCACTAGGATGATG-1,3,CD4_T_cells,,Tcm/Naive cytotoxic T cells,Tcm/Naive cytotoxic T cells,0.9371971396617859
GATCACTAGGGTCCAC-1,4,Cytotoxic_T_NK,,Tem/Temra cytotoxic T cells,Tem/Trm cytotoxic T cells,0.8049575800893269
GATCACTAGTAGGCGG-1,5,Cytotoxic_T_NK,,CD16+ NK cells,CD16+ NK cells,0.981228943334335
GATCACTAGTATGTGC-1,1,CD4_T_cells,,Tcm/Naive helper T cells,Tcm/Naive helper T cells,0.9999909923389583
GATCAGGCACAATGCC-1,1,CD4_T_cells,,Tcm/Naive helper T cells,Tcm/Naive helper T cells,0.9989735577467312
GATCAGGCACCTACTT-1,0,Monocytes_CD14,,Classical monocytes,Classical monocytes,0.9999599211649103
GATCAGGCACTGGCTG-1,2,T_cells_general,,Tcm/Naive helper T cells,Tcm/Naive helper T cells,0.9869989238697727
GATCAGGCAGGCAAGC-1,8,B_cells,,Naive B cells,Naive B cells,0.9999999999959681
GATCAGGCAGTACCGT-1,1,CD4_T_cells,,Tcm/Naive helper T cells,Tcm/Naive helper T cells,0.9999031799521748
GATCAGGCATTAGGTT-1,0,Monocytes_CD14,,Classical monocytes,Classical monocytes,0.9992989498198257
GATCAGGCATTGTGGC-1,4,Cytotoxic_T_NK,,Tcm/Naive helper T cells,Tem/Trm cytotoxic T cells,0.04790006511256186
GATCAGTTCAGCTAAC-1,0,Monocytes_CD14,,Classical monocytes,Classical monocytes,0.9985846549392761
GATCAGTTCATAATCG-1,3,CD4_T_cells,,Tcm/Naive cytotoxic T cells,Tcm/Naive cytotoxic T cells,0.9898671316774993
GATCAGTTCATTTGCT-1,2,T_cells_general,,Tcm/Naive helper T cells,Tcm/Naive helper T cells,0.9489193771939951
GATCAGTTCCTCAGTC-1,1,CD4_T_cells,,Tcm/Naive helper T cells,Tcm/Naive helper T cells,0.9993315822168574
GATCAGTTCTAACTGA-1,7,Monocytes_general,,Non-classical monocytes,Non-classical monocytes,0.9953711811883755
GATCAGTTCTCCATGC-1,3,CD4_T_cells,,Tcm/Naive helper T cells,Tcm/Naive cytotoxic T cells,0.9881648766058247
GATCCGTCACAAAGCG-1,0,Monocytes_CD14,,Classical monocytes,Classical monocytes,0.9355495451665516
GATCCGTCACAACAAA-1,0,Monocytes_CD14,,Classical monocytes,Classical monocytes,0.9999994114786885
GATCCGTCAGCAACCT-1,4,Cytotoxic_T_NK,,Tem/Trm cytotoxic T cells,Tem/Trm cytotoxic T cells,0.12485509270214641
GATCCGTCATAGCGGA-1,0,Monocytes_CD14,,Classical monocytes,Classical monocytes,0.9998489548938742
GATCGAGCAGCATGAG-1,11,pDC,,pDC,pDC,0.9999999996588129
GATCGAGCAGCCAGTT-1,1,CD4_T_cells,,Tcm/Naive helper T cells,Tcm/Naive helper T cells,0.9901515010098156
GATCGAGCAGGCCAAA-1,0,Monocytes_CD14,,Classical monocytes,Classical monocytes,0.9946844707003778
GATCGAGCAGGTCCTG-1,1,CD4_T_cells,,Tcm/Naive helper T cells,Tcm/Naive helper T cells,0.9993799538048757
GATCGATTCCCGAAGC-1,4,Cytotoxic_T_NK,,Tem/Temra cytotoxic T cells,Tem/Temra cytotoxic T cells,0.9979744519500786
GATCGATTCGGTCATG-1,4,Cytotoxic_T_NK,,Tem/Temra cytotoxic T cells,Tem/Temra cytotoxic T cells,0.9940806278161936
GATCGATTCGGTTTGG-1,0,Monocytes_CD14,,Classical monocytes,Classical monocytes,0.9999955970217402
GATCGATTCTCGACCT-1,3,CD4_T_cells,,Tcm/Naive cytotoxic T cells,Tcm/Naive cytotoxic T cells,0.4392956479767525
GATCGCTCAAGCGAGC-1,0,Monocytes_CD14,,Classical monocytes,Classical monocytes,0.9030111459164752
GATCGCTCAAGGTCCT-1,3,CD4_T_cells,,Tcm/Naive cytotoxic T cells,Tcm/Naive cytotoxic T cells,0.9886789126527982
GATCGCTCAGCGCTTG-1,2,T_cells_general,,Tcm/Naive helper T cells,Tcm/Naive helper T cells,0.6421158485039105
GATCGCTCAGGCCTTG-1,3,CD4_T_cells,,Tcm/Naive cytotoxic T cells,Tcm/Naive cytotoxic T cells,0.9991851787296273
GATCGCTCAGTATGTT-1,1,CD4_T_cells,,Tcm/Naive helper T cells,Tcm/Naive helper T cells,0.9966660236296077
GATCGCTCAGTTAAAG-1,1,CD4_T_cells,,Tcm/Naive helper T cells,Tcm/Naive helper T cells,0.9989743383423342
GATCGCTCATAAGGAC-1,1,CD4_T_cells,,Tcm/Naive helper T cells,Tcm/Naive helper T cells,0.9992831259471918
GATGACTTCAAACCGT-1,3,CD4_T_cells,,Tcm/Naive cytotoxic T cells,Tcm/Naive cytotoxic T cells,0.8512934908954949
GATGACTTCATTGACA-1,1,CD4_T_cells,,Tcm/Naive helper T cells,Tcm/Naive helper T cells,0.99999704820932
GATGACTTCGATAACC-1,7,Monocytes_general,,Non-classical monocytes,Non-classical monocytes,0.9994732019035789
GATGACTTCGGTTTCC-1,0,Monocytes_CD14,,Classical monocytes,Classical monocytes,0.8037955624499398
GATGAGGGTCAATACG-1,4,Cytotoxic_T_NK,,CD16+ NK cells,Tem/Temra cytotoxic T cells,0.9122140237614996
GATGAGGGTTAAATGC-1,2,T_cells_general,,Tcm/Naive helper T cells,Tcm/Naive helper T cells,0.6970312488009315
GATGAGGGTTAATGCG-1,6,B_cells,,Memory B cells,Memory B cells,0.9869653215440565
GATGAGGGTTAGCAGC-1,0,Monocytes_CD14,,Classical monocytes,Classical monocytes,0.9976786340018008
GATGAGGGTTGTTCAC-1,3,CD4_T_cells,,Tcm/Naive cytotoxic T cells,Tcm/Naive cytotoxic T cells,0.9994445080938886
GATGCAGCACATGCTA-1,0,Monocytes_CD14,,Classical monocytes,Classical monocytes,0.9995062580964811
GATGCAGCACCAGGTT-1,2,T_cells_general,,Tcm/Naive helper T cells,Tcm/Naive helper T cells,0.9548645129959287
GATGCAGCAGTTAGCC-1,2,T_cells_general,,Regulatory T cells,Regulatory T cells,0.9991160656420349
GATGCAGCAGTTTCTC-1,0,Monocytes_CD14,,Classical monocytes,Classical monocytes,0.9999589431296101
GATGCAGCATAATCAC-1,0,Monocytes_CD14,,Classical monocytes,Classical monocytes,0.9998719302907215
GATGCAGCATAGGCGA-1,0,Monocytes_CD14,,Classical monocytes,Classical monocytes,0.9857599834282896
GATGCAGCATTTAAGC-1,5,Cytotoxic_T_NK,,CD16+ NK cells,CD16+ NK cells,0.9975374547143692
GATGCATTCAAGCCTG-1,6,B_cells,,Memory B cells,Memory B cells,0.9999996358606389
GATGCGACAAATTGCT-1,2,T_cells_general,,Tcm/Naive helper T cells,Tcm/Naive helper T cells,0.9920284650208167
GATGCGACAACTCGCG-1,1,CD4_T_cells,,Tcm/Naive helper T cells,Tcm/Naive helper T cells,0.9999661987668361
GATGCGACACACCAAC-1,1,CD4_T_cells,,Tcm/Naive helper T cells,Tcm/Naive helper T cells,0.8445194128127731
GATGCGACACTGACTA-1,2,T_cells_general,,Tem/Temra cytotoxic T cells,Tcm/Naive helper T cells,0.9465980561205247
GATGCGACAGAAATGC-1,0,Monocytes_CD14,,Classical monocytes,Classical monocytes,0.9465038192292026
GATGCGACAGGAACTG-1,8,B_cells,,Naive B cells,Naive B cells,0.9999977840800716
GATGCGACATCCATCT-1,8,B_cells,,Naive B cells,Naive B cells,0.999999999989563
GATGCTTAGCACGATT-1,0,Monocytes_CD14,,Classical monocytes,Classical monocytes,0.9803505795970304
GATGCTTAGCGATACT-1,11,pDC,,pDC,pDC,0.999999999922812
GATGCTTAGCGGATTT-1,0,Monocytes_CD14,,Classical monocytes,Classical monocytes,0.9964178033389268
GATGCTTAGGCAAGTA-1,1,CD4_T_cells,,Tcm/Naive helper T cells,Tcm/Naive helper T cells,0.9636849146016676
GATGCTTAGTTGTCAA-1,3,CD4_T_cells,,Tcm/Naive helper T cells,Tcm/Naive cytotoxic T cells,0.9966037129341816
GATGGACAGCACAGCC-1,0,Monocytes_CD14,,Classical monocytes,Classical monocytes,0.9987903672727766
GATGGACAGCGAGTAA-1,0,Monocytes_CD14,,Classical monocytes,Classical monocytes,0.9999997973448291
GATGGACAGGGCTAAA-1,1,CD4_T_cells,,Tcm/Naive helper T cells,Tcm/Naive helper T cells,0.9935130182389579
GATGGCTGTATTACCC-1,6,B_cells,,Memory B cells,Memory B cells,0.9999841600233483
GATGGCTGTATTGTGG-1,8,B_cells,,Naive B cells,Naive B cells,0.999999999744591
GATGGCTGTGTTAAAC-1,0,Monocytes_CD14,,Classical monocytes,Classical monocytes,0.9773409913644807
GATGGCTGTTTGCTGT-1,1,CD4_T_cells,,Tcm/Naive helper T cells,Tcm/Naive helper T cells,0.9991853862592245
GATTAAGCAATAATCC-1,0,Monocytes_CD14,,Classical monocytes,Classical monocytes,0.9999897847130768
GATTAAGCAGTAATAG-1,1,CD4_T_cells,,Tcm/Naive helper T cells,Tcm/Naive helper T cells,0.17818924982582884
GATTACGGTCGTAATG-1,1,CD4_T_cells,,Tcm/Naive helper T cells,Tcm/Naive helper T cells,0.8537292101320025
GATTACGGTCTTACTA-1,3,CD4_T_cells,,Tcm/Naive cytotoxic T cells,Tcm/Naive cytotoxic T cells,0.9999636053876657
GATTACGGTCTTTATG-1,0,Monocytes_CD14,,Classical monocytes,Classical monocytes,0.9998067883098256
GATTACGGTTGTTGGA-1,4,Cytotoxic_T_NK,,Tem/Temra cytotoxic T cells,Tem/Temra cytotoxic T cells,0.9998228895294706
GATTACTCAACAACAA-1,6,B_cells,,Naive B cells,Memory B cells,0.9889385263052318
GATTACTCACAAAGAC-1,0,Monocytes_CD14,,Classical monocytes,Classical monocytes,0.8115852151670513
GATTACTCATGTCAGC-1,1,CD4_T_cells,,Tcm/Naive helper T cells,Tcm/Naive helper T cells,0.998748805719557
GATTACTCATTGCAGC-1,8,B_cells,,Naive B cells,Naive B cells,0.9999999796465184
GATTAGCTCAGCAAGA-1,2,T_cells_general,,Tcm/Naive helper T cells,Tem/Effector helper T cells,0.9114701197132775
GATTAGCTCAGCCAAT-1,3,CD4_T_cells,,Tcm/Naive cytotoxic T cells,Tcm/Naive cytotoxic T cells,0.9804547719834705
GATTAGCTCCCGCAAA-1,5,Cytotoxic_T_NK,,CD16+ NK cells,CD16+ NK cells,0.9999692280321564
GATTAGCTCCCTTGCG-1,0,Monocytes_CD14,,Classical monocytes,Classical monocytes,0.9496740863163402
GATTAGCTCCTCAGTC-1,2,T_cells_general,,Tcm/Naive helper T cells,Tcm/Naive helper T cells,0.9861890413590024
GATTAGCTCGGTCATG-1,8,B_cells,,Naive B cells,Naive B cells,0.9999999998365543
GATTAGCTCTCAATAG-1,0,Monocytes_CD14,,Classical monocytes,Classical monocytes,0.9999809410552913
GATTAGCTCTGCAAGT-1,4,Cytotoxic_T_NK,,Tem/Temra cytotoxic T cells,Tem/Temra cytotoxic T cells,0.9589683581671378
GATTAGTGTACCGGAT-1,6,B_cells,,Memory B cells,Age-associated B cells,0.9985337636886068
GATTAGTGTCATGAGC-1,3,CD4_T_cells,,Tcm/Naive cytotoxic T cells,Tcm/Naive cytotoxic T cells,0.9979742706446394
GATTAGTGTGATGAGG-1,0,Monocytes_CD14,,Classical monocytes,Classical monocytes,0.9999813340437882
GATTAGTGTGTGTCCC-1,2,T_cells_general,,Tcm/Naive helper T cells,Tcm/Naive helper T cells,0.5893988412279444
GATTAGTGTTACATCC-1,1,CD4_T_cells,,Tcm/Naive helper T cells,Tcm/Naive helper T cells,0.9998219634442727
GATTATGTCATTAGGC-1,6,B_cells,,Memory B cells,Memory B cells,0.9981466867710641
GATTATGTCCCTGGAA-1,5,Cytotoxic_T_NK,,CD16+ NK cells,CD16+ NK cells,0.9948970766481576
GATTATGTCGAGGAGT-1,2,T_cells_general,,Regulatory T cells,Tcm/Naive helper T cells,0.8891236917277857
GATTATGTCGCGCTAA-1,3,CD4_T_cells,,Tcm/Naive cytotoxic T cells,Tcm/Naive cytotoxic T cells,0.7289667871994874
GATTATGTCGCTTGCT-1,0,Monocytes_CD14,,Classical monocytes,Classical monocytes,0.9999982801515208
GATTATGTCGGCCAGT-1,0,Monocytes_CD14,,Classical monocytes,Classical monocytes,0.8839999560946908
GATTATGTCGGGACCT-1,3,CD4_T_cells,,Tcm/Naive cytotoxic T cells,Tcm/Naive cytotoxic T cells,0.9891733327612883
GATTCAATCGATCAGT-1,5,Cytotoxic_T_NK,,CD16+ NK cells,CD16+ NK cells,0.9999823589062729
GATTCAATCTTGTTCG-1,2,T_cells_general,,Tcm/Naive helper T cells,Tcm/Naive helper T cells,0.9944777071873638
GATTCAGGTATGGTGC-1,3,CD4_T_cells,,Tcm/Naive helper T cells,Tcm/Naive cytotoxic T cells,0.9835020763302234
GATTCAGGTCCGGTTC-1,2,T_cells_general,,Tem/Effector helper T cells,Tcm/Naive helper T cells,0.9982830192429506
GATTCAGGTGAGGTAG-1,8,B_cells,,Naive B cells,Naive B cells,0.999999983540083
GATTCAGGTTCGCTTG-1,7,Monocytes_general,,Non-classical monocytes,Non-classical monocytes,0.9994885858606496
GATTCAGGTTTGCGAA-1,2,T_cells_general,,Tem/Effector helper T cells,Tem/Effector helper T cells,0.6964947848095112
GATTCATCAACTAACT-1,0,Monocytes_CD14,,Classical monocytes,Classical monocytes,0.9983471033821272
GATTCATCAATAAGCA-1,3,CD4_T_cells,,Tcm/Naive cytotoxic T cells,Tcm/Naive cytotoxic T cells,0.9996767482257314
GATTCATCATAATGTC-1,1,CD4_T_cells,,Tcm/Naive helper T cells,Tcm/Naive helper T cells,0.9727702505061374
GATTCATCATCATGTG-1,3,CD4_T_cells,,Tcm/Naive helper T cells,Tcm/Naive cytotoxic T cells,0.12962776692990136
GATTCATCATGCTATG-1,0,Monocytes_CD14,,Classical monocytes,Classical monocytes,0.9894192396909232
GATTCCTGTCATAAGT-1,1,CD4_T_cells,,Tcm/Naive helper T cells,Tcm/Naive helper T cells,0.9911316646496101
GATTCCTGTGTTTGTC-1,2,T_cells_general,,Tem/Effector helper T cells,Tcm/Naive helper T cells,0.23896123773656291
GATTCCTGTTATAGCG-1,1,CD4_T_cells,,Tcm/Naive helper T cells,Tcm/Naive helper T cells,0.9990868914843312
GATTCCTGTTGGATCA-1,8,B_cells,,Naive B cells,Naive B cells,0.9999996886202581
GATTCCTGTTTACTTG-1,3,CD4_T_cells,,Tcm/Naive cytotoxic T cells,Tcm/Naive cytotoxic T cells,0.9123736227751441
GATTCGCCAAGCGATG-1,7,Monocytes_general,,Non-classical monocytes,Non-classical monocytes,0.9871412265457253
GATTCGCCACCTGCTC-1,2,T_cells_general,,Tcm/Naive helper T cells,Tcm/Naive helper T cells,0.9998862783559078
GATTCGCCAGGCTTCG-1,1,CD4_T_cells,,Tcm/Naive helper T cells,Tcm/Naive helper T cells,0.999967053986487
GATTCGCCAGTAAAGC-1,4,Cytotoxic_T_NK,,Tem/Temra cytotoxic T cells,Tem/Temra cytotoxic T cells,0.9998802554597281
GATTCGCCAGTATGTT-1,4,Cytotoxic_T_NK,,Tem/Effector helper T cells,Tem/Trm cytotoxic T cells,0.4675301401901342
GATTCGCCATGCATAT-1,3,CD4_T_cells,,Tcm/Naive helper T cells,Tcm/Naive helper T cells,0.8552735629059063
GATTGATGTACGGTAC-1,2,T_cells_general,,Regulatory T cells,Regulatory T cells,0.9863371049903995
GATTGATGTAGGATTT-1,0,Monocytes_CD14,,Classical monocytes,Classical monocytes,0.8104554136628113
GATTGATGTCAGGCCA-1,5,Cytotoxic_T_NK,,CD16+ NK cells,CD16+ NK cells,0.9879216507994514
GATTGATGTGGGAACA-1,2,T_cells_general,,Regulatory T cells,Tcm/Naive helper T cells,0.9968480520079256
GATTGATGTGTAACCA-1,0,Monocytes_CD14,,Classical monocytes,Classical monocytes,0.9999703775398879
GATTGATGTTAGCCAA-1,9,Monocytes_general,,DC2,DC2,0.9926183204482094
GATTGATGTTGACTTC-1,0,Monocytes_CD14,,Classical monocytes,Classical monocytes,0.999999490772008
GATTGATGTTTATGGG-1,3,CD4_T_cells,,Tcm/Naive cytotoxic T cells,Tcm/Naive cytotoxic T cells,0.9998615015847019
GATTGCAGTAACGTGC-1,2,T_cells_general,,Tcm/Naive helper T cells,Tcm/Naive helper T cells,0.9997881922002243
GATTGCAGTGCTGTAA-1,1,CD4_T_cells,,Tcm/Naive helper T cells,Tcm/Naive helper T cells,0.9902304887323614
GATTGCAGTTGGATCA-1,0,Monocytes_CD14,,Classical monocytes,Classical monocytes,0.999791595772064
GATTGCGTCCCTCACG-1,9,Monocytes_general,,DC2,DC2,0.9975367479694992
GATTGCGTCGATATTG-1,3,CD4_T_cells,,Tcm/Naive helper T cells,Tcm/Naive cytotoxic T cells,0.9791387673122601
GATTGGCGTACTTAGG-1,0,Monocytes_CD14,,Classical monocytes,Classical monocytes,0.8259130910784362
GATTGGCGTGCATTAG-1,0,Monocytes_CD14,,Classical monocytes,Classical monocytes,0.9984521302220504
GATTGGCGTTTATGGG-1,0,Monocytes_CD14,,Classical monocytes,Classical monocytes,0.9975999474166319
GATTGGTTCAGGCTAT-1,2,T_cells_general,,Tem/Effector helper T cells,Tem/Effector helper T cells,0.6448707030634304
GATTGGTTCATTGTCT-1,0,Monocytes_CD14,,Classical monocytes,Classical monocytes,0.9991001976355035
GATTGGTTCTACTAAG-1,4,Cytotoxic_T_NK,,Tem/Temra cytotoxic T cells,Tem/Temra cytotoxic T cells,0.8663219795584178
GATTGGTTCTAGCTTT-1,3,CD4_T_cells,,Tcm/Naive cytotoxic T cells,Tcm/Naive cytotoxic T cells,0.983843539869533
GATTGTTCACAGACTC-1,3,CD4_T_cells,,Tcm/Naive helper T cells,Tcm/Naive helper T cells,0.8151633414744218
GATTGTTCAGCCGCTA-1,0,Monocytes_CD14,,Classical monocytes,Classical monocytes,0.9925937767594175
GATTGTTCATCGCTCC-1,1,CD4_T_cells,,Tcm/Naive helper T cells,Tcm/Naive helper T cells,0.9994522843803374
GATTGTTCATTGACAT-1,6,B_cells,,Memory B cells,Memory B cells,0.9999730125326777
GATTTGCAGACACTTA-1,4,Cytotoxic_T_NK,,Tem/Trm cytotoxic T cells,Tem/Trm cytotoxic T cells,0.9043235395530675
GATTTGCAGCGGGCAA-1,4,Cytotoxic_T_NK,,Tcm/Naive helper T cells,Tem/Trm cytotoxic T cells,0.5025238928411052
GATTTGCAGGCTAAGA-1,2,T_cells_general,,Double-negative thymocytes,Tcm/Naive helper T cells,0.8735236501615741
GCAAACAAGGCTTAAC-1,2,T_cells_general,,Tcm/Naive helper T cells,Tem/Effector helper T cells,0.988553750877549
GCAAACAAGTGAGGGT-1,1,CD4_T_cells,,Tcm/Naive helper T cells,Tcm/Naive helper T cells,0.9997172094282503
GCAAACCGTACTTCAC-1,1,CD4_T_cells,,Tcm/Naive helper T cells,Tcm/Naive helper T cells,0.9998699029929041
GCAAACCGTCATTAGG-1,8,B_cells,,Naive B cells,Naive B cells,0.9999983818331423
GCAAACCGTCTAACAG-1,1,CD4_T_cells,,Tcm/Naive helper T cells,Tcm/Naive helper T cells,0.9978455746787114
GCAAACCGTGTGCAAC-1,1,CD4_T_cells,,Tcm/Naive helper T cells,Tcm/Naive helper T cells,0.9983632699892072
GCAAACCGTTCCTGAT-1,1,CD4_T_cells,,Tcm/Naive helper T cells,Tcm/Naive helper T cells,0.9998589687359714
GCAAACTTCACAGACT-1,6,B_cells,,Memory B cells,Memory B cells,0.602435025529791
GCAAACTTCATAACTG-1,5,Cytotoxic_T_NK,,CD16+ NK cells,CD16+ NK cells,0.9946133375177822
GCAAACTTCCAATTAG-1,9,Monocytes_general,,Classical monocytes,DC2,0.9991517911446673
GCAAACTTCCTAAGAC-1,0,Monocytes_CD14,,Classical monocytes,Classical monocytes,0.9998549418597246
GCAAACTTCCTCAGCT-1,0,Monocytes_CD14,,Classical monocytes,Classical monocytes,0.9995759162892788
GCAAACTTCGAAGTAG-1,2,T_cells_general,,Tem/Effector helper T cells,Tcm/Naive helper T cells,0.9244072677973743
GCAACAGCAAGGTATA-1,2,T_cells_general,,Tcm/Naive helper T cells,Tcm/Naive helper T cells,0.9217463672705719
GCAAGCCTCACGCCAA-1,6,B_cells,,Memory B cells,Memory B cells,0.9962201523370579
GCAAGCCTCCTCACTA-1,1,CD4_T_cells,,Tcm/Naive helper T cells,Tcm/Naive helper T cells,0.9999859161720909
GCAAGCCTCCTGGTCT-1,0,Monocytes_CD14,,Classical monocytes,Classical monocytes,0.9928966570035632
GCAAGCCTCTTTAAGG-1,1,CD4_T_cells,,Tcm/Naive helper T cells,Tcm/Naive helper T cells,0.9999548614882625
GCAAGTCGTAATAGCT-1,4,Cytotoxic_T_NK,,Tem/Temra cytotoxic T cells,Tem/Temra cytotoxic T cells,0.9998449497202279
GCAAGTCGTCAATAGT-1,2,T_cells_general,,Tcm/Naive helper T cells,Tcm/Naive helper T cells,0.9417960246478622
GCAAGTCGTCACTCGC-1,3,CD4_T_cells,,Tcm/Naive cytotoxic T cells,Tcm/Naive cytotoxic T cells,0.8420904545049717
GCAAGTCGTGGAAGGC-1,11,pDC,,pDC,pDC,0.9999999735765226
GCAAGTGCACAAACTT-1,4,Cytotoxic_T_NK,,Tem/Temra cytotoxic T cells,Tem/Temra cytotoxic T cells,0.9985444495765543
GCAAGTGCACACAATT-1,9,Monocytes_general,,DC1,DC2,0.9999994526020771
GCAAGTGCACCACAAC-1,2,T_cells_general,,Tcm/Naive helper T cells,Tcm/Naive helper T cells,0.8152181279116874
GCAAGTGCACGCAACT-1,1,CD4_T_cells,,Tcm/Naive helper T cells,Tcm/Naive helper T cells,0.9999989685472367
GCAAGTGCACTAAGCC-1,3,CD4_T_cells,,Tcm/Naive helper T cells,Tcm/Naive cytotoxic T cells,0.8279118502286953
GCAAGTGCAGCCAGAA-1,4,Cytotoxic_T_NK,,Tem/Temra cytotoxic T cells,Tem/Temra cytotoxic T cells,0.9360135790842771
GCAAGTGCATAAGCAA-1,3,CD4_T_cells,,Tcm/Naive cytotoxic T cells,Tcm/Naive cytotoxic T cells,0.9996695768522951
GCAATAGAGGACCTCA-1,3,CD4_T_cells,,Tcm/Naive cytotoxic T cells,Tcm/Naive cytotoxic T cells,0.9811264839712469
GCAATAGAGGCGGATG-1,1,CD4_T_cells,,Tcm/Naive helper T cells,Tcm/Naive helper T cells,0.9997667764078226
GCAATAGAGTTGTCTT-1,3,CD4_T_cells,,Tcm/Naive cytotoxic T cells,Tcm/Naive cytotoxic T cells,0.9990852249832892
GCAATATGTAATGGAA-1,7,Monocytes_general,,Non-classical monocytes,Non-classical monocytes,0.9999833703552599
GCAATATGTAGCAGCT-1,1,CD4_T_cells,,Tcm/Naive helper T cells,Tcm/Naive helper T cells,0.9945048900702474
GCAATATGTAGCTGGT-1,10,Cytotoxic_T_NK,,MAIT cells,MAIT cells,0.9971302838464355
GCAATATGTATTCGCT-1,0,Monocytes_CD14,,Classical monocytes,Classical monocytes,0.9992256214368491
GCAATATGTCAAAGGG-1,5,Cytotoxic_T_NK,,CD16+ NK cells,CD16+ NK cells,0.9989172229764737
GCAATATGTGAAACAA-1,0,Monocytes_CD14,,Classical monocytes,Classical monocytes,0.9948469973317959
GCAATATGTGACATGC-1,0,Monocytes_CD14,,Classical monocytes,Classical monocytes,0.9998082507524763
GCAATATGTGCTAGCG-1,3,CD4_T_cells,,Tcm/Naive helper T cells,Tcm/Naive cytotoxic T cells,0.906120073893342
GCAATATGTGTGTGGT-1,1,CD4_T_cells,,Classical monocytes,Classical monocytes,0.8014415880984072
GCAATATGTTAAGGCC-1,2,T_cells_general,,Tem/Effector helper T cells,Tcm/Naive helper T cells,0.7815443134566487
GCAATATGTTCCATTA-1,0,Monocytes_CD14,,Classical monocytes,Classical monocytes,0.8258603413416973
GCAATATGTTCGCGCT-1,0,Monocytes_CD14,,Classical monocytes,Classical monocytes,0.8533516583320793
GCAATCTAGCCTAACG-1,1,CD4_T_cells,,Tcm/Naive helper T cells,Tcm/Naive helper T cells,0.9987737331398873
GCAATCTAGCGGGCAA-1,2,T_cells_general,,Tcm/Naive helper T cells,Tcm/Naive helper T cells,0.9883749439257117
GCAATCTAGGAGGTTA-1,9,Monocytes_general,,DC2,DC2,0.9990852726301159
GCAATCTAGGATTGCT-1,1,CD4_T_cells,,Tcm/Naive helper T cells,Tcm/Naive helper T cells,0.9987451347133647
GCAATCTAGTTAGCCG-1,9,Monocytes_general,,DC2,DC2,0.9881898747171042
GCAATGAAGATTGAGG-1,3,CD4_T_cells,,Tcm/Naive cytotoxic T cells,Tcm/Naive cytotoxic T cells,0.9993647560659363
GCAATGAAGCGAGCGA-1,4,Cytotoxic_T_NK,,CD16- NK cells,Tem/Trm cytotoxic T cells,0.11802340248646764
GCAATGAAGCGCATTG-1,2,T_cells_general,,Tcm/Naive helper T cells,Tem/Effector helper T cells,0.8622687051513681
GCAATGAAGGTGTTAC-1,2,T_cells_general,,Tcm/Naive helper T cells,Tcm/Naive helper T cells,0.9997770188507977
GCAATGAAGGTTAGCT-1,5,Cytotoxic_T_NK,,CD16+ NK cells,CD16+ NK cells,0.9999809150392982
GCAATGAAGTGAGCGG-1,4,Cytotoxic_T_NK,,Tem/Temra cytotoxic T cells,Tem/Temra cytotoxic T cells,0.9365577440375872
GCAATGTTCAAACCGT-1,3,CD4_T_cells,,Tcm/Naive cytotoxic T cells,Tcm/Naive cytotoxic T cells,0.9529898032324704
GCAATGTTCAAGGACA-1,1,CD4_T_cells,,Tcm/Naive helper T cells,Tcm/Naive helper T cells,0.9999318891224268
GCAATGTTCACTCAAA-1,9,Monocytes_general,,DC2,DC2,0.854799150966477
GCAATGTTCAGAAACG-1,0,Monocytes_CD14,,Classical monocytes,Classical monocytes,0.9999801253526966
GCAATGTTCAGCACCA-1,6,B_cells,,Memory B cells,Memory B cells,0.9999416921537556
GCAATGTTCCCATAGG-1,3,CD4_T_cells,,Tcm/Naive helper T cells,Tcm/Naive cytotoxic T cells,0.49334559887466445
GCAATGTTCCCTTGCG-1,3,CD4_T_cells,,Tcm/Naive cytotoxic T cells,Tcm/Naive cytotoxic T cells,0.998655554584675
GCAATGTTCCGCAAGC-1,2,T_cells_general,,Tcm/Naive helper T cells,Tcm/Naive helper T cells,0.7984007628994726
GCAATGTTCCTAAGTA-1,3,CD4_T_cells,,Tcm/Naive cytotoxic T cells,Tcm/Naive helper T cells,0.9913623464739583
GCAATGTTCTGTTCAT-1,0,Monocytes_CD14,,Classical monocytes,Classical monocytes,0.999566647974489
GCACATTAGAAGCTAG-1,5,Cytotoxic_T_NK,,CD16+ NK cells,CD16+ NK cells,0.993120966008397
GCACATTAGAATCGCT-1,0,Monocytes_CD14,,Classical monocytes,Classical monocytes,0.9999696590505969
GCACATTAGCATCCAG-1,0,Monocytes_CD14,,Classical monocytes,Classical monocytes,0.9962302567938743
GCACATTAGGCGCATC-1,0,Monocytes_CD14,,Classical monocytes,Classical monocytes,0.9999395409767445
GCACATTAGTATGTGC-1,0,Monocytes_CD14,,Classical monocytes,Classical monocytes,0.7774478870491213
GCACCTAAGACACTTA-1,3,CD4_T_cells,,Tcm/Naive cytotoxic T cells,Tcm/Naive cytotoxic T cells,0.9997737625124578
GCACCTAAGAGCAAGC-1,0,Monocytes_CD14,,Classical monocytes,Classical monocytes,0.9995480007369663
GCACCTAAGCCTGATG-1,0,Monocytes_CD14,,Classical monocytes,Classical monocytes,0.9834827984065463
GCACCTAAGGAGCAAC-1,4,Cytotoxic_T_NK,,Tem/Temra cytotoxic T cells,Tem/Temra cytotoxic T cells,0.9764858977466108
GCACCTAAGTTAGTGC-1,3,CD4_T_cells,,Tcm/Naive cytotoxic T cells,Tcm/Naive cytotoxic T cells,0.9995206062023475
GCACCTAAGTTCCCGT-1,3,CD4_T_cells,,Tcm/Naive cytotoxic T cells,Tcm/Naive cytotoxic T cells,0.9949077953544705
GCACGAACAGAGGGAG-1,3,CD4_T_cells,,Tcm/Naive helper T cells,Tcm/Naive cytotoxic T cells,0.9979572703184155
GCACGAACAGCAAATA-1,0,Monocytes_CD14,,Classical monocytes,Classical monocytes,0.9999965509909533
GCACGAACATGTTGGC-1,0,Monocytes_CD14,,Classical monocytes,Classical monocytes,0.9998593632353576
GCACGAACATTGTCAG-1,3,CD4_T_cells,,Tcm/Naive cytotoxic T cells,Tcm/Naive cytotoxic T cells,0.9611864636471525
GCACGCTAGCTTTGTT-1,4,Cytotoxic_T_NK,,Tem/Temra cytotoxic T cells,Tem/Temra cytotoxic T cells,0.9993978669206524
GCACGCTAGGGCTAAA-1,1,CD4_T_cells,,Tcm/Naive helper T cells,Tcm/Naive helper T cells,0.8508878779360367
GCACGGTTCATGGCTG-1,2,T_cells_general,,Tem/Effector helper T cells,Tcm/Naive helper T cells,0.963036135743629
GCACGGTTCCATTACT-1,0,Monocytes_CD14,,Classical monocytes,Classical monocytes,0.9999655298984524
GCACGGTTCGCTAAAC-1,5,Cytotoxic_T_NK,,CD16+ NK cells,CD16+ NK cells,0.9999472053901021
GCACTAAGTAACCAGC-1,2,T_cells_general,,Tcm/Naive helper T cells,Tcm/Naive helper T cells,0.9983804351856864
GCACTAAGTGTTCCCA-1,3,CD4_T_cells,,Tcm/Naive cytotoxic T cells,Tcm/Naive cytotoxic T cells,0.9207285953145189
GCACTAAGTTACCGGG-1,1,CD4_T_cells,,Tcm/Naive helper T cells,Tcm/Naive helper T cells,0.9969953404794956
GCACTAAGTTAGCAGC-1,0,Monocytes_CD14,,Classical monocytes,Classical monocytes,0.9968829934943167
GCACTAAGTTCCGCAC-1,0,Monocytes_CD14,,Classical monocytes,Classical monocytes,0.9999686322399314
GCACTTACACAGAACG-1,0,Monocytes_CD14,,Classical monocytes,Classical monocytes,0.9997763488186915
GCACTTACACCTATAG-1,2,T_cells_general,,Tcm/Naive helper T cells,Tcm/Naive helper T cells,0.9899745252654221
GCACTTACAGCAGGTA-1,6,B_cells,,Memory B cells,Memory B cells,0.9998142303422861
GCACTTACAGGCCTTG-1,5,Cytotoxic_T_NK,,CD16+ NK cells,CD16+ NK cells,0.9995903694818852
GCAGCAACAAGATTCT-1,3,CD4_T_cells,,Tcm/Naive cytotoxic T cells,Tcm/Naive cytotoxic T cells,0.9906803655944301
GCAGCAACACTAAGCC-1,2,T_cells_general,,Tem/Effector helper T cells,Tcm/Naive helper T cells,0.8026770816993289
GCAGCAACACTATGGC-1,1,CD4_T_cells,,Tcm/Naive helper T cells,Tcm/Naive helper T cells,0.9998248589292275
GCAGCAACAGACAAAC-1,0,Monocytes_CD14,,Classical monocytes,Classical monocytes,0.9587405673754659
GCAGCAACAGGGAGGA-1,4,Cytotoxic_T_NK,,Tem/Trm cytotoxic T cells,Tem/Trm cytotoxic T cells,0.9932440058360785
GCAGCAACATAAGTCT-1,0,Monocytes_CD14,,Classical monocytes,Classical monocytes,0.9983474127431125
GCAGCAACATGGCCTG-1,0,Monocytes_CD14,,Classical monocytes,Classical monocytes,0.9999964073672498
GCAGCAACATTGACAT-1,3,CD4_T_cells,,Tcm/Naive cytotoxic T cells,Tcm/Naive cytotoxic T cells,0.984194586997924
GCAGCCAGTCTTGCAT-1,1,CD4_T_cells,,Tcm/Naive helper T cells,Tcm/Naive helper T cells,0.9969138018747437
GCAGCCAGTGATGAGG-1,0,Monocytes_CD14,,Classical monocytes,Classical monocytes,0.9710562768297981
GCAGCCAGTGGCTTCC-1,10,Cytotoxic_T_NK,,MAIT cells,MAIT cells,0.9999903046679639
GCAGCCAGTTTACTTG-1,2,T_cells_general,,Tcm/Naive helper T cells,Tcm/Naive helper T cells,0.9919341316341082
GCAGCCAGTTTCAGGA-1,0,Monocytes_CD14,,Classical monocytes,Classical monocytes,0.9998859399360108
GCAGCTATCAGCACCA-1,6,B_cells,,Memory B cells,Memory B cells,0.9999964043301676
GCAGCTATCATTATGG-1,6,B_cells,,Memory B cells,Memory B cells,0.9973911904809356
GCAGCTATCCCTGATC-1,1,CD4_T_cells,,Tcm/Naive helper T cells,Tcm/Naive helper T cells,0.999978402376778
GCAGCTATCCGCCTAT-1,2,T_cells_general,,Tem/Trm cytotoxic T cells,Tcm/Naive helper T cells,0.26038011974478165
GCAGCTATCCGTTATT-1,8,B_cells,,Naive B cells,Naive B cells,0.9999999998945617
GCAGCTATCGTTAACA-1,3,CD4_T_cells,,Tcm/Naive helper T cells,Tcm/Naive helper T cells,0.12780717737703343
GCAGGAAGTCATAGAT-1,3,CD4_T_cells,,Tcm/Naive cytotoxic T cells,Tcm/Naive cytotoxic T cells,0.9953747811905519
GCAGGAAGTTGTAACG-1,2,T_cells_general,,Tcm/Naive helper T cells,Tcm/Naive helper T cells,0.9468805645269635
GCAGGACCAAGGACCA-1,0,Monocytes_CD14,,Classical monocytes,Classical monocytes,0.9965578412540982
GCAGGACCAATATACC-1,5,Cytotoxic_T_NK,,CD16+ NK cells,CD16+ NK cells,0.999999279483982
GCAGGACCACAATGCC-1,3,CD4_T_cells,,Tcm/Naive cytotoxic T cells,Tcm/Naive cytotoxic T cells,0.9998840248390101
GCAGGACCAGAATGAC-1,2,T_cells_general,,Tcm/Naive helper T cells,Tcm/Naive helper T cells,0.9959548925500545
GCAGGACCAGCATGAG-1,5,Cytotoxic_T_NK,,CD16+ NK cells,CD16+ NK cells,0.9562364863182664
GCAGGACCAGTTGCGT-1,0,Monocytes_CD14,,Classical monocytes,Classical monocytes,0.999780646448364
GCAGGACCATTAAACC-1,1,CD4_T_cells,,Tcm/Naive helper T cells,Tcm/Naive helper T cells,0.9999549638012297
GCAGGACCATTAGCCA-1,5,Cytotoxic_T_NK,,CD16+ NK cells,CD16+ NK cells,0.9999752031466335
GCAGGATAGCGAAGTA-1,0,Monocytes_CD14,,Classical monocytes,Classical monocytes,0.9923832924671611
GCAGGATAGGTACCGC-1,1,CD4_T_cells,,Tcm/Naive helper T cells,Regulatory T cells,0.34433558821289345
GCAGGCAAGACAACGA-1,3,CD4_T_cells,,Tcm/Naive cytotoxic T cells,Tcm/Naive cytotoxic T cells,0.863863657299746
GCAGGCAAGATAGACG-1,0,Monocytes_CD14,,Classical monocytes,Classical monocytes,0.9999370987274595
GCAGGCAAGCGTGCGT-1,3,CD4_T_cells,,Tcm/Naive cytotoxic T cells,Tcm/Naive cytotoxic T cells,0.9999963116880698
GCAGGCAAGCTAAAGG-1,4,Cytotoxic_T_NK,,Tem/Trm cytotoxic T cells,Tem/Trm cytotoxic T cells,0.28142061942611857
GCAGGCAAGGCTGTGC-1,4,Cytotoxic_T_NK,,Tem/Temra cytotoxic T cells,Tem/Temra cytotoxic T cells,0.9993419170923792
GCAGGCAAGTATTGTG-1,2,T_cells_general,,Tcm/Naive helper T cells,Tem/Effector helper T cells,0.5530350235275823
GCAGGCTTCACTCAAA-1,2,T_cells_general,,Tcm/Naive helper T cells,Tcm/Naive helper T cells,0.9946786772159182
GCAGGCTTCAGCACGC-1,1,CD4_T_cells,,Tcm/Naive helper T cells,Tcm/Naive helper T cells,0.9982919429679381
GCAGGCTTCATAACCA-1,0,Monocytes_CD14,,Classical monocytes,Classical monocytes,0.9875242547250999
GCAGGCTTCATGGTTA-1,10,Cytotoxic_T_NK,,MAIT cells,MAIT cells,0.9992331890692105
GCAGGCTTCGGTTAGT-1,4,Cytotoxic_T_NK,,Tem/Trm cytotoxic T cells,Tem/Trm cytotoxic T cells,0.9930253883534035
GCAGGCTTCTAATCAG-1,0,Monocytes_CD14,,Classical monocytes,Classical monocytes,0.9994763555981996
GCAGGTGAGGACTTAC-1,1,CD4_T_cells,,Tcm/Naive helper T cells,Tcm/Naive helper T cells,0.9994911576259135
GCAGGTGAGGTCGAGG-1,4,Cytotoxic_T_NK,,Tem/Temra cytotoxic T cells,Tem/Temra cytotoxic T cells,0.9847267763134838
GCAGGTTGTCACAAAT-1,6,B_cells,,Memory B cells,Memory B cells,0.9999178284394822
GCAGGTTGTCACGAAC-1,1,CD4_T_cells,,Tcm/Naive helper T cells,Tcm/Naive helper T cells,0.9999995272836822
GCAGGTTGTGCTGGTG-1,8,B_cells,,Naive B cells,Naive B cells,0.9999999976691087
GCATATATCAATGAGG-1,11,pDC,,pDC,pDC,0.9999999611717123
GCATATATCACGCATG-1,0,Monocytes_CD14,,Classical monocytes,Classical monocytes,0.9988807332056266
GCATATATCATGCATA-1,0,Monocytes_CD14,,Classical monocytes,Classical monocytes,0.9999998312907157
GCATATATCATGCTCC-1,0,Monocytes_CD14,,Classical monocytes,Classical monocytes,0.8225077208399216
GCATATATCCCATAGG-1,3,CD4_T_cells,,Tcm/Naive cytotoxic T cells,Tcm/Naive cytotoxic T cells,0.997276219725039
GCATATATCCTCCTAA-1,2,T_cells_general,,Tem/Trm cytotoxic T cells,Tem/Trm cytotoxic T cells,0.9633636882276256
GCATATATCCTGGTCT-1,0,Monocytes_CD14,,Classical monocytes,Classical monocytes,0.9999994988194194
GCATATATCCTTCTAG-1,7,Monocytes_general,,Non-classical monocytes,Non-classical monocytes,0.10264711657772238
GCATATATCGCCTAAG-1,0,Monocytes_CD14,,Classical monocytes,Classical monocytes,0.9999669419221178
GCATATATCTTAGGAC-1,0,Monocytes_CD14,,Classical monocytes,Classical monocytes,0.361673434530451
GCATCCTTCAATCATG-1,4,Cytotoxic_T_NK,,Tem/Temra cytotoxic T cells,Tem/Temra cytotoxic T cells,0.9982802192114174
GCATCCTTCAATCTCT-1,4,Cytotoxic_T_NK,,Tem/Temra cytotoxic T cells,Tem/Temra cytotoxic T cells,0.999926763723419
GCATCCTTCACTTCAT-1,2,T_cells_general,,Tcm/Naive helper T cells,Tcm/Naive helper T cells,0.7519654738350323
GCATCCTTCCTTAGTT-1,7,Monocytes_general,,Non-classical monocytes,Non-classical monocytes,0.8359700113476342
GCATCCTTCGGTCAGC-1,1,CD4_T_cells,,Tcm/Naive helper T cells,Tcm/Naive helper T cells,0.9948451665716137
GCATCCTTCGTTATCT-1,2,T_cells_general,,Tem/Effector helper T cells,Tem/Effector helper T cells,0.9927749558594106
GCATCCTTCTAACCTT-1,2,T_cells_general,,Tcm/Naive helper T cells,Tcm/Naive helper T cells,0.9724435343529712
GCATCCTTCTCCATAT-1,7,Monocytes_general,,Non-classical monocytes,Non-classical monocytes,0.9999720248696501
GCATGAAAGAAAGCAT-1,1,CD4_T_cells,,Tcm/Naive helper T cells,Tcm/Naive helper T cells,0.9984957260330162
GCATGAAAGCCACATG-1,4,Cytotoxic_T_NK,,Tem/Trm cytotoxic T cells,Tem/Trm cytotoxic T cells,0.9445850888546893
GCATGAAAGGACACTT-1,0,Monocytes_CD14,,Classical monocytes,Classical monocytes,0.9999732432245843
GCATGAAAGGATAAAC-1,3,CD4_T_cells,,Tcm/Naive cytotoxic T cells,Tcm/Naive cytotoxic T cells,0.9650015634170055
GCATGAGCAATATACC-1,2,T_cells_general,,Tcm/Naive helper T cells,Tcm/Naive helper T cells,0.9996654287216766
GCATGAGCACACCAAC-1,2,T_cells_general,,Tcm/Naive helper T cells,Tcm/Naive helper T cells,0.288975190115996
GCATGAGCACGAATCC-1,2,T_cells_general,,Tem/Effector helper T cells,Tem/Effector helper T cells,0.2693370622259884
GCATGAGCATAATGTC-1,5,Cytotoxic_T_NK,,CD16- NK cells,CD16+ NK cells,0.9640514412418599
GCATGAGCATCATGTG-1,3,CD4_T_cells,,Tcm/Naive cytotoxic T cells,Tcm/Naive cytotoxic T cells,0.9426978514781664
GCATTAGGTAATGGCC-1,1,CD4_T_cells,,Tcm/Naive helper T cells,Tcm/Naive cytotoxic T cells,0.8935287726961084
GCATTAGGTCATAAGT-1,6,B_cells,,Age-associated B cells,Age-associated B cells,0.9969414413007064
GCATTAGGTCATGCAA-1,7,Monocytes_general,,Non-classical monocytes,Non-classical monocytes,0.9982397380435576
GCATTAGGTCCTTCAG-1,7,Monocytes_general,,Non-classical monocytes,Non-classical monocytes,0.9999992887225922
GCATTAGGTGTTCCCA-1,3,CD4_T_cells,,Tcm/Naive cytotoxic T cells,Tcm/Naive cytotoxic T cells,0.6611076109959513
GCATTAGGTTAGGTTG-1,8,B_cells,,Naive B cells,Naive B cells,0.9999999883649585
GCATTAGGTTGGCCGA-1,0,Monocytes_CD14,,Classical monocytes,Classical monocytes,0.999976021990509
GCATTGCCAAGTGTTT-1,2,T_cells_general,,Tcm/Naive helper T cells,Tcm/Naive helper T cells,0.9993906835358726
GCATTGCCACACTAAT-1,2,T_cells_general,,Tcm/Naive helper T cells,Tcm/Naive helper T cells,0.3397156035955794
GCATTGCCACATACTG-1,3,CD4_T_cells,,Tcm/Naive cytotoxic T cells,Tcm/Naive cytotoxic T cells,0.9989351740194522
GCATTGCCACTGACTA-1,2,T_cells_general,,Tem/Effector helper T cells,Tem/Effector helper T cells,0.5144677188379817
GCATTGCCATTCCTGT-1,0,Monocytes_CD14,,Classical monocytes,Classical monocytes,0.9639329111459043
GCATTGCCATTGTCCT-1,2,T_cells_general,,Tem/Effector helper T cells,Tem/Effector helper T cells,0.9757493023304347
GCCAACATCAGCAAAG-1,2,T_cells_general,,Regulatory T cells,Regulatory T cells,0.7120061862150737
GCCAACATCAGGAAGC-1,1,CD4_T_cells,,Tcm/Naive helper T cells,Tcm/Naive helper T cells,0.9999770175198044
GCCAACATCAGGTTTA-1,1,CD4_T_cells,,Tcm/Naive helper T cells,Tcm/Naive helper T cells,0.9994617328451457
GCCAACATCCAGGAAA-1,3,CD4_T_cells,,Tcm/Naive helper T cells,Tcm/Naive cytotoxic T cells,0.9871407859661528
GCCAACATCCTGTTCA-1,0,Monocytes_CD14,,Classical monocytes,Classical monocytes,0.9999994431550404
GCCAACATCTAATCAG-1,1,CD4_T_cells,,Tcm/Naive helper T cells,Tcm/Naive helper T cells,0.999998882391202
GCCAACATCTCAATGA-1,2,T_cells_general,,Follicular helper T cells,Tcm/Naive helper T cells,0.8750152810597701
GCCAATAGTAACTACG-1,3,CD4_T_cells,,Tcm/Naive helper T cells,Tcm/Naive cytotoxic T cells,0.9802488630986302
GCCAATAGTGATGAAA-1,0,Monocytes_CD14,,Classical monocytes,Classical monocytes,0.9827697500296934
GCCAATAGTGCTCACC-1,8,B_cells,,Naive B cells,Naive B cells,0.9999999995227371
GCCAATAGTTGGCGTG-1,4,Cytotoxic_T_NK,,Tcm/Naive helper T cells,Tem/Trm cytotoxic T cells,0.24044814939713874
GCCAATAGTTTGGGTA-1,3,CD4_T_cells,,Tcm/Naive helper T cells,Tcm/Naive cytotoxic T cells,0.6947529753599927
GCCAATTAGGAACCGG-1,0,Monocytes_CD14,,Classical monocytes,Classical monocytes,0.9999361882950287
GCCAATTAGGCGGGTA-1,1,CD4_T_cells,,Tcm/Naive helper T cells,Tcm/Naive helper T cells,0.9998345421441295
GCCAATTAGGTAAGGC-1,0,Monocytes_CD14,,Classical monocytes,Classical monocytes,0.9032841290367333
GCCAATTAGGTCCTGA-1,6,B_cells,,Naive B cells,Memory B cells,0.9998829848683227
GCCAATTAGGTTACGT-1,0,Monocytes_CD14,,Classical monocytes,Classical monocytes,0.9997995333471117
GCCAATTAGTCATGCG-1,1,CD4_T_cells,,Tcm/Naive helper T cells,Tcm/Naive helper T cells,0.9998853241203779
GCCACAATCAGTTCCC-1,1,CD4_T_cells,,Tcm/Naive helper T cells,Tcm/Naive helper T cells,0.9999364714866675
GCCACAATCCGCATGA-1,3,CD4_T_cells,,Tcm/Naive helper T cells,Tcm/Naive cytotoxic T cells,0.9246395462461546
GCCACAATCTAACTGA-1,1,CD4_T_cells,,Tcm/Naive helper T cells,Tcm/Naive helper T cells,0.9999940395218746
GCCACACAGCTAAGTC-1,0,Monocytes_CD14,,DC2,Classical monocytes,0.9851526375205166
GCCACACAGCTCGCTT-1,0,Monocytes_CD14,,Classical monocytes,Classical monocytes,0.9915073754743972
GCCACACAGGACCTGC-1,13,Plasma_cells,,Plasma cells,Plasma cells,0.9999931736308374
GCCACACAGGCAATAG-1,1,CD4_T_cells,,Tcm/Naive helper T cells,Tcm/Naive helper T cells,0.9970456260120811
GCCACACAGGTCCTGA-1,2,T_cells_general,,Tcm/Naive helper T cells,Tcm/Naive helper T cells,0.534957577314761
GCCACACAGGTGTTAC-1,1,CD4_T_cells,,Tcm/Naive helper T cells,Tcm/Naive helper T cells,0.6998304784651429
GCCACACAGTAACGAG-1,7,Monocytes_general,,Non-classical monocytes,Non-classical monocytes,0.9999988570273007
GCCACTAAGCCTGTGA-1,2,T_cells_general,,Tcm/Naive helper T cells,Tem/Effector helper T cells,0.9270542120996353
GCCACTAAGGCCTTAG-1,2,T_cells_general,,Tcm/Naive helper T cells,Tcm/Naive helper T cells,0.7826921219262163
GCCACTAAGGCGCACT-1,6,B_cells,,Memory B cells,Memory B cells,0.9999564497935859
GCCACTAAGGTTTGCG-1,0,Monocytes_CD14,,Classical monocytes,Classical monocytes,0.9765291077501933
GCCACTAAGTCAATTG-1,1,CD4_T_cells,,Tcm/Naive helper T cells,Tcm/Naive helper T cells,0.9643625849439184
GCCACTAAGTCATTTC-1,6,B_cells,,Memory B cells,Memory B cells,0.9978797400906055
GCCAGGAAGCCTTAAA-1,8,B_cells,,Naive B cells,Naive B cells,0.9999986407677327
GCCAGGAAGCTATTAG-1,2,T_cells_general,,Tcm/Naive helper T cells,Tcm/Naive helper T cells,0.9962274493451792
GCCAGGAAGGCAAGTA-1,5,Cytotoxic_T_NK,,CD16+ NK cells,Tem/Temra cytotoxic T cells,0.8612916108007703
GCCAGGAAGTCAGTAC-1,3,CD4_T_cells,,Tcm/Naive cytotoxic T cells,Tcm/Naive cytotoxic T cells,0.9894896139650992
GCCAGGAAGTTGCGTG-1,2,T_cells_general,,Tcm/Naive helper T cells,Tcm/Naive helper T cells,0.9282828092565468
GCCAGGTTCATTGCGG-1,5,Cytotoxic_T_NK,,CD16- NK cells,CD16+ NK cells,0.4126644959058925
GCCAGGTTCCCTCAGT-1,0,Monocytes_CD14,,Classical monocytes,Classical monocytes,0.9832357695034233
GCCAGGTTCCTAATAG-1,3,CD4_T_cells,,Tcm/Naive helper T cells,Tcm/Naive cytotoxic T cells,0.9839737925371074
GCCAGGTTCCTTCAAT-1,0,Monocytes_CD14,,Classical monocytes,Classical monocytes,0.9990443471558585
GCCAGGTTCTTAGTCT-1,0,Monocytes_CD14,,Classical monocytes,Classical monocytes,0.9950319343087476
GCCATGATCAAGGACA-1,6,B_cells,,Memory B cells,Memory B cells,0.9994993033230114
GCCATGATCATCCACC-1,2,T_cells_general,,Tcm/Naive helper T cells,Tcm/Naive helper T cells,0.9989817626606136
GCCATTACAACCTAAT-1,4,Cytotoxic_T_NK,,Tem/Temra cytotoxic T cells,Tem/Temra cytotoxic T cells,0.7710834894621181
GCCATTACACAAACTT-1,1,CD4_T_cells,,Tcm/Naive helper T cells,Tcm/Naive helper T cells,0.9998574651580137
GCCATTACACTGGCTG-1,4,Cytotoxic_T_NK,,Tem/Temra cytotoxic T cells,Tem/Temra cytotoxic T cells,0.9840946289964658
GCCATTACAGAGGCTA-1,5,Cytotoxic_T_NK,,CD16+ NK cells,CD16+ NK cells,0.9979496721795665
GCCATTACAGGAACAT-1,0,Monocytes_CD14,,Classical monocytes,Classical monocytes,0.999488084400939
GCCCAAATCCAACTGG-1,0,Monocytes_CD14,,Classical monocytes,Classical monocytes,0.9957794278816258
GCCCAAATCCATAATG-1,4,Cytotoxic_T_NK,,Tem/Temra cytotoxic T cells,Tem/Temra cytotoxic T cells,0.9956346307773989
GCCCAAATCCGCACAA-1,2,T_cells_general,,Tcm/Naive helper T cells,Tcm/Naive helper T cells,0.9993979191454712
GCCCAAATCTACCTGC-1,2,T_cells_general,,Tcm/Naive helper T cells,Tcm/Naive helper T cells,0.9302666560473176
GCCCATAAGCAAGGTA-1,0,Monocytes_CD14,,Classical monocytes,Classical monocytes,0.9306575397111029
GCCCATAAGGATCACT-1,3,CD4_T_cells,,Tcm/Naive cytotoxic T cells,Tcm/Naive cytotoxic T cells,0.9978704165168694
GCCCATAAGTCTTGAA-1,0,Monocytes_CD14,,Classical monocytes,Classical monocytes,0.9999737314451902
GCCCGTTGTAGTTACG-1,2,T_cells_general,,Tem/Effector helper T cells,Tem/Effector helper T cells,0.6005649274573862
GCCCGTTGTCTTGCAT-1,1,CD4_T_cells,,Tcm/Naive helper T cells,Tcm/Naive helper T cells,0.08631852529569133
GCCCGTTGTGAGGTAG-1,7,Monocytes_general,,Non-classical monocytes,Non-classical monocytes,0.9999693996738722
GCCCGTTGTGCAATGC-1,3,CD4_T_cells,,Tcm/Naive cytotoxic T cells,Tcm/Naive cytotoxic T cells,0.9999978238123757
GCCCGTTGTTAGCTGA-1,2,T_cells_general,,Tcm/Naive helper T cells,Tcm/Naive helper T cells,0.9999960250247251
GCCCGTTGTTTCCGGC-1,1,CD4_T_cells,,Tcm/Naive helper T cells,Tcm/Naive helper T cells,0.9999882857183588
GCCCTCATCAGGTCCA-1,2,T_cells_general,,Regulatory T cells,Regulatory T cells,0.9818961185170604
GCCCTCATCCACAATA-1,0,Monocytes_CD14,,Classical monocytes,Classical monocytes,0.999609843031928
GCCCTCATCCCGAACA-1,1,CD4_T_cells,,Tcm/Naive helper T cells,Tcm/Naive helper T cells,0.9817407937883452
GCCCTCATCCGCATGA-1,1,CD4_T_cells,,Tcm/Naive helper T cells,Tcm/Naive helper T cells,0.9999251571815071
GCCCTCATCGACAAAG-1,4,Cytotoxic_T_NK,,Tem/Temra cytotoxic T cells,Tem/Temra cytotoxic T cells,0.8813368358685708
GCCCTCATCGCACACA-1,1,CD4_T_cells,,Tcm/Naive helper T cells,Tcm/Naive helper T cells,0.935788237466686
GCCCTCATCGTTACTT-1,3,CD4_T_cells,,Tcm/Naive cytotoxic T cells,Tcm/Naive cytotoxic T cells,0.9999182934576115
GCCGTGAGTAAAGCGG-1,0,Monocytes_CD14,,Classical monocytes,Classical monocytes,0.976523840886032
GCCGTGAGTTGCCTCA-1,8,B_cells,,Naive B cells,Naive B cells,0.9999999999897593
GCCTAATAGCCTGGTA-1,1,CD4_T_cells,,Tcm/Naive helper T cells,Tcm/Naive helper T cells,0.9998025012166895
GCCTAATAGCTTCCCG-1,3,CD4_T_cells,,Tcm/Naive cytotoxic T cells,Tcm/Naive cytotoxic T cells,0.9992607356214892
GCCTAATAGCTTGCTC-1,1,CD4_T_cells,,Tcm/Naive helper T cells,Tcm/Naive helper T cells,0.9998656098766154
GCCTACTTCCGCAACA-1,8,B_cells,,Naive B cells,Naive B cells,0.9999999990955573
GCCTACTTCGCTAAAC-1,3,CD4_T_cells,,Tcm/Naive cytotoxic T cells,Tcm/Naive cytotoxic T cells,0.9999952211966245
GCCTACTTCTTAGTGA-1,10,Cytotoxic_T_NK,,MAIT cells,MAIT cells,0.9985826374219452
GCCTATTGTGTCACGG-1,0,Monocytes_CD14,,Classical monocytes,Classical monocytes,0.8916949217419442
GCCTCAAAGAGGAAGG-1,4,Cytotoxic_T_NK,,Tem/Temra cytotoxic T cells,Tem/Temra cytotoxic T cells,0.9909812081190229
GCCTCAAAGCCAAATC-1,0,Monocytes_CD14,,Classical monocytes,Classical monocytes,0.9999929766640233
GCCTCAAAGGAACGCG-1,2,T_cells_general,,Tem/Effector helper T cells,Tcm/Naive helper T cells,0.9403825778647055
GCCTCAAAGGACCTGC-1,0,Monocytes_CD14,,Classical monocytes,Classical monocytes,0.9999962903193319
GCCTCAAAGGACTTAC-1,0,Monocytes_CD14,,Classical monocytes,Classical monocytes,0.9999981519016685
GCCTCCATCGAGGAGT-1,6,B_cells,,Naive B cells,Memory B cells,0.9978073229385129
GCCTCCATCGATTCTT-1,0,Monocytes_CD14,,Classical monocytes,Classical monocytes,0.9966618318680448
GCCTCGACAAACCTAT-1,3,CD4_T_cells,,Tcm/Naive cytotoxic T cells,Tcm/Naive cytotoxic T cells,0.9964353551403382
GCCTCGACACCTGGTG-1,0,Monocytes_CD14,,Classical monocytes,Classical monocytes,0.9999917068688868
GCCTCGACAGGAACCA-1,0,Monocytes_CD14,,Classical monocytes,Classical monocytes,0.9755336808875402
GCCTCGACAGTCTAAT-1,0,Monocytes_CD14,,Classical monocytes,Classical monocytes,0.9999906447979898
GCCTCGACATGCTCCC-1,0,Monocytes_CD14,,Classical monocytes,Classical monocytes,0.999944268795203
GCCTCGACATTGTGTG-1,3,CD4_T_cells,,Tcm/Naive helper T cells,Tcm/Naive cytotoxic T cells,0.4811331461416674
GCCTGACAGATTGAGG-1,6,B_cells,,Memory B cells,Memory B cells,0.9999873372879716
GCCTGACAGCCAAATC-1,1,CD4_T_cells,,Tcm/Naive helper T cells,Tcm/Naive helper T cells,0.9907486439490758
GCCTGACAGCCGCAGT-1,1,CD4_T_cells,,Tcm/Naive helper T cells,Tcm/Naive helper T cells,0.9996562686459389
GCCTGACAGCTAGAAG-1,0,Monocytes_CD14,,Classical monocytes,Classical monocytes,0.2807502688718809
GCCTGACAGCTATGAC-1,8,B_cells,,Naive B cells,Naive B cells,0.9999999990096038
GCCTGACAGGACCTCA-1,9,Monocytes_general,,Classical monocytes,DC2,0.9977232177641995
GCCTGACAGGTGTCCA-1,2,T_cells_general,,Regulatory T cells,Tcm/Naive helper T cells,0.47578611192564046
GCCTGACAGTCACCTC-1,4,Cytotoxic_T_NK,,Tem/Trm cytotoxic T cells,Tem/Trm cytotoxic T cells,0.9881097476860558
GCCTGACAGTCATGCG-1,8,B_cells,,Naive B cells,Naive B cells,0.9999999592872629
GCCTGACAGTGGACAA-1,0,Monocytes_CD14,,Classical monocytes,Classical monocytes,0.9999974811762435
GCCTGAGGTCGTTACT-1,0,Monocytes_CD14,,Classical monocytes,Classical monocytes,0.9983352484769807
GCCTGAGGTGGTTCCC-1,0,Monocytes_CD14,,Classical monocytes,Classical monocytes,0.9972314856896546
GCCTGAGGTTGCATCT-1,3,CD4_T_cells,,Tcm/Naive helper T cells,Tcm/Naive helper T cells,0.633182011914807
GCCTGAGGTTGCGCGA-1,4,Cytotoxic_T_NK,,Tem/Temra cytotoxic T cells,Tem/Temra cytotoxic T cells,0.9975112847541926
GCCTGCTGTAGCCTAA-1,1,CD4_T_cells,,Tcm/Naive helper T cells,Tcm/Naive helper T cells,0.9167482803707472
GCCTGCTGTAGGTTAT-1,3,CD4_T_cells,,Tcm/Naive cytotoxic T cells,Tcm/Naive cytotoxic T cells,0.9997863572600146
GCCTGCTGTATTGGAT-1,1,CD4_T_cells,,Tcm/Naive helper T cells,Tcm/Naive helper T cells,0.9992865189475951
GCCTGCTGTCATTGTC-1,2,T_cells_general,,Tem/Effector helper T cells PD1+,Tcm/Naive helper T cells,0.08946664104061912
GCCTGCTGTCTTTATG-1,0,Monocytes_CD14,,Classical monocytes,Classical monocytes,0.9976371041381641
GCCTGCTGTGTTTGTC-1,5,Cytotoxic_T_NK,,CD16+ NK cells,CD16+ NK cells,0.9999983748495355
GCCTGCTGTTAGCATG-1,0,Monocytes_CD14,,Classical monocytes,Classical monocytes,0.9997970800476276
GCCTGCTGTTAGCCAA-1,0,Monocytes_CD14,,Classical monocytes,Classical monocytes,0.9994501688542808
GCCTGCTGTTCAAGAT-1,3,CD4_T_cells,,Tcm/Naive helper T cells,Tcm/Naive cytotoxic T cells,0.8665843195997767
GCCTGCTGTTCACTGT-1,8,B_cells,,Naive B cells,Naive B cells,0.9999999972788498
GCCTGTGCACTAAGAA-1,0,Monocytes_CD14,,Classical monocytes,Classical monocytes,0.9999760581407189
GCCTGTGCATCACTTC-1,2,T_cells_general,,Tcm/Naive helper T cells,Tcm/Naive helper T cells,0.6381166088153066
GCCTTAACAAATTCGT-1,4,Cytotoxic_T_NK,,Tem/Temra cytotoxic T cells,Tem/Temra cytotoxic T cells,0.9984934169559393
GCCTTAACAACCCTAA-1,1,CD4_T_cells,,Tcm/Naive helper T cells,Tcm/Naive helper T cells,0.9997502175215424
GCCTTAACAAGCTAAA-1,1,CD4_T_cells,,Tcm/Naive helper T cells,Tcm/Naive helper T cells,0.6559316143773577
GCCTTAACACAGCCTG-1,0,Monocytes_CD14,,Classical monocytes,Classical monocytes,0.9992961180820848
GCCTTAACACATAACT-1,5,Cytotoxic_T_NK,,CD16+ NK cells,CD16+ NK cells,0.9955300942961359
GCCTTAACACATACTG-1,3,CD4_T_cells,,Tcm/Naive cytotoxic T cells,Tcm/Naive cytotoxic T cells,0.9998529218262975
GCCTTAACACATTGCA-1,7,Monocytes_general,,Non-classical monocytes,Non-classical monocytes,0.9999672800472071
GCCTTAACATGCATAT-1,1,CD4_T_cells,,Tcm/Naive helper T cells,Tcm/Naive helper T cells,0.9999527703266913
GCCTTAACATTGTGTG-1,0,Monocytes_CD14,,Classical monocytes,Classical monocytes,0.9999872851687289
GCCTTACTCACATTGA-1,0,Monocytes_CD14,,Classical monocytes,Classical monocytes,0.998022303573621
GCCTTACTCACCAATA-1,0,Monocytes_CD14,,Classical monocytes,Classical monocytes,0.9982122843799286
GCCTTACTCATGGCTG-1,2,T_cells_general,,Tcm/Naive helper T cells,Tcm/Naive helper T cells,0.6923673627435697
GCCTTACTCCCTGTTA-1,0,Monocytes_CD14,,Classical monocytes,Classical monocytes,0.9974313863891056
GCCTTACTCCTCACTA-1,2,T_cells_general,,Tem/Effector helper T cells,Tcm/Naive helper T cells,0.9828036957328006
GCCTTACTCCTGGTGA-1,1,CD4_T_cells,,Tcm/Naive helper T cells,Tcm/Naive helper T cells,0.9982592011664517
GCCTTACTCCTTAGTT-1,1,CD4_T_cells,,Type 1 helper T cells,Tcm/Naive helper T cells,0.7836960085774802
GCCTTAGAGCATGGTT-1,1,CD4_T_cells,,Tcm/Naive helper T cells,Tcm/Naive helper T cells,0.9999761522849095
GCCTTAGAGCATTAGC-1,4,Cytotoxic_T_NK,,Tem/Temra cytotoxic T cells,Tem/Temra cytotoxic T cells,0.9908098399333813
GCCTTAGAGGTCCTGA-1,1,CD4_T_cells,,Tcm/Naive helper T cells,Tcm/Naive helper T cells,0.9998931559031256
GCCTTGCGTACCAGGT-1,0,Monocytes_CD14,,Classical monocytes,Classical monocytes,0.9988847536789546
GCCTTGCGTGCTAGAC-1,7,Monocytes_general,,Non-classical monocytes,Non-classical monocytes,0.9993050870348188
GCCTTGCGTGCTCACC-1,2,T_cells_general,,Tem/Effector helper T cells,Tem/Effector helper T cells,0.996478710011167
GCCTTGCGTGGGAACA-1,0,Monocytes_CD14,,Classical monocytes,Classical monocytes,0.9984439156363533
GCCTTGCGTTCCTGAT-1,8,B_cells,,Naive B cells,Naive B cells,0.9999999984958894
GCCTTGCGTTGAGCCG-1,0,Monocytes_CD14,,Classical monocytes,Classical monocytes,0.9966396879522791
GCCTTGCGTTTATTCG-1,0,Monocytes_CD14,,Classical monocytes,Classical monocytes,0.9999802816687311
GCCTTTATCCTAAGAC-1,3,CD4_T_cells,,Tcm/Naive cytotoxic T cells,Tcm/Naive cytotoxic T cells,0.993929059394081
GCCTTTATCGAGCAAA-1,1,CD4_T_cells,,Tcm/Naive helper T cells,Regulatory T cells,0.5261178777592085
GCCTTTATCGTGCTTC-1,4,Cytotoxic_T_NK,,Tem/Temra cytotoxic T cells,Tem/Temra cytotoxic T cells,0.9950397357434421
GCCTTTGGTAACAGGG-1,8,B_cells,,Naive B cells,Naive B cells,0.9999999998836253
GCCTTTGGTCAAGTGC-1,2,T_cells_general,,Tem/Effector helper T cells,Tem/Effector helper T cells,0.8831743665736619
GCCTTTGGTGCCTCAC-1,1,CD4_T_cells,,Tcm/Naive helper T cells,Tcm/Naive helper T cells,0.9999179655017332
GCCTTTGGTGTGCACG-1,3,CD4_T_cells,,Tcm/Naive cytotoxic T cells,Tcm/Naive cytotoxic T cells,0.980800837835821
GCCTTTGGTTCGGGAT-1,2,T_cells_general,,Tcm/Naive helper T cells,Tcm/Naive helper T cells,0.43479483997860957
GCCTTTGGTTGGTTAG-1,1,CD4_T_cells,,Tcm/Naive helper T cells,Tcm/Naive helper T cells,0.9993729403415109
GCCTTTGGTTGGTTGA-1,2,T_cells_general,,MAIT cells,Tem/Effector helper T cells,0.9985601047078898
GCGAAGCCAGGAACTG-1,0,Monocytes_CD14,,Classical monocytes,Classical monocytes,0.9698639288067584
GCGAAGCCAGGCTAGA-1,6,B_cells,,Memory B cells,Memory B cells,0.9837588958556156
GCGAAGTAGGAGGTTA-1,2,T_cells_general,,Tem/Effector helper T cells,Tem/Effector helper T cells,0.9267713563021489
GCGAAGTAGGCAACAA-1,4,Cytotoxic_T_NK,,Tem/Temra cytotoxic T cells,Tem/Temra cytotoxic T cells,0.020534923371707377
GCGAAGTAGGTGTTAC-1,0,Monocytes_CD14,,Classical monocytes,Classical monocytes,0.9828997867649472
GCGAAGTAGTAGCCAT-1,9,Monocytes_general,,DC2,DC2,0.9101589438033724
GCGAAGTAGTGACCTG-1,4,Cytotoxic_T_NK,,Tcm/Naive cytotoxic T cells,Tem/Trm cytotoxic T cells,0.14592800114791965
GCGAAGTAGTGATTCA-1,1,CD4_T_cells,,Tcm/Naive helper T cells,Tcm/Naive helper T cells,0.9852617520278648
GCGAGTGAGCATGAAG-1,5,Cytotoxic_T_NK,,CD16+ NK cells,CD16+ NK cells,0.9999885535522132
GCGAGTGAGCTGGACC-1,3,CD4_T_cells,,Tcm/Naive cytotoxic T cells,Tcm/Naive cytotoxic T cells,0.7514546881249228
GCGAGTGAGGACCAGG-1,0,Monocytes_CD14,,Classical monocytes,Classical monocytes,0.9837288554849554
GCGATATTCACATTGA-1,9,Monocytes_general,,DC2,DC2,0.9978520713933304
GCGATATTCACTCAAA-1,3,CD4_T_cells,,Tcm/Naive cytotoxic T cells,Tcm/Naive cytotoxic T cells,0.9976897930420384
GCGATATTCCGCCTCA-1,10,Cytotoxic_T_NK,,MAIT cells,MAIT cells,0.9973532828952536
GCGATATTCCTAATGA-1,9,Monocytes_general,,DC2,DC2,0.9861174233458925
GCGATATTCTTTGTAC-1,2,T_cells_general,,Tcm/Naive helper T cells,Tcm/Naive helper T cells,0.9891383755236425
GCGATTAGTAGTAAGA-1,8,B_cells,,Naive B cells,Naive B cells,0.999999999995284
GCGATTAGTATTGCAG-1,0,Monocytes_CD14,,Classical monocytes,Classical monocytes,0.9997639384164716
GCGATTAGTGCAACTA-1,3,CD4_T_cells,,Tcm/Naive cytotoxic T cells,Tcm/Naive cytotoxic T cells,0.8794834023732448
GCGATTAGTGGATTCA-1,1,CD4_T_cells,,Tcm/Naive helper T cells,Tcm/Naive helper T cells,0.9981696160656204
GCGATTAGTTACTTGC-1,2,T_cells_general,,Tem/Effector helper T cells,Tcm/Naive helper T cells,0.6532965609331198
GCGATTTAGCATGGTT-1,6,B_cells,,Memory B cells,Memory B cells,0.9873350211654832
GCGATTTAGGCTACAT-1,5,Cytotoxic_T_NK,,CD16+ NK cells,CD16+ NK cells,0.9998693134400417
GCGATTTAGGCTACTG-1,0,Monocytes_CD14,,Classical monocytes,Classical monocytes,0.8461572075138676
GCGATTTAGTCACTAA-1,0,Monocytes_CD14,,Non-classical monocytes,Classical monocytes,0.9772995719050738
GCGATTTAGTCTCACC-1,0,Monocytes_CD14,,Classical monocytes,Classical monocytes,0.999981255550566
GCGATTTAGTTGTCAA-1,10,Cytotoxic_T_NK,,MAIT cells,MAIT cells,0.9991906152593308
GCGCAAACAACTGGGA-1,0,Monocytes_CD14,,Classical monocytes,Classical monocytes,0.9959551650324839
GCGCAAACAATGCCCG-1,1,CD4_T_cells,,Tcm/Naive helper T cells,Tcm/Naive helper T cells,0.9999540628074006
GCGCAAACACTAAGTT-1,3,CD4_T_cells,,Tcm/Naive cytotoxic T cells,Tcm/Naive cytotoxic T cells,0.6175572173855278
GCGCAAACACTTCATC-1,2,T_cells_general,,Tem/Temra cytotoxic T cells,Tcm/Naive helper T cells,0.5859482338297937
GCGCAAACAGGCTTCG-1,5,Cytotoxic_T_NK,,CD16+ NK cells,CD16+ NK cells,0.9995348826606769
GCGCAAACATTATGGT-1,0,Monocytes_CD14,,Non-classical monocytes,Classical monocytes,0.9983687603550427
GCGCAATGTCCACAAA-1,1,CD4_T_cells,,Tcm/Naive helper T cells,Tcm/Naive helper T cells,0.9547182617454065
GCGCAATGTTAACGGC-1,3,CD4_T_cells,,Tcm/Naive cytotoxic T cells,Tcm/Naive cytotoxic T cells,0.8090061092619487
GCGCAATGTTACATCC-1,7,Monocytes_general,,Non-classical monocytes,Non-classical monocytes,0.9999997137768746
GCGCCTTGTTACCGGG-1,6,B_cells,,Memory B cells,Memory B cells,0.9999832481529014
GCGCCTTGTTCGCTCA-1,3,CD4_T_cells,,Tcm/Naive cytotoxic T cells,Tcm/Naive cytotoxic T cells,0.993641898882453
GCGCCTTGTTGGTTCT-1,4,Cytotoxic_T_NK,,Tem/Temra cytotoxic T cells,Tem/Temra cytotoxic T cells,0.9998284760117541
GCGCCTTGTTTGGCGG-1,2,T_cells_general,,Tcm/Naive helper T cells,Tcm/Naive helper T cells,0.14867221460406807
GCGCGATTCAAGCTAC-1,1,CD4_T_cells,,Tcm/Naive helper T cells,Tcm/Naive helper T cells,0.99985122622664
GCGCGATTCAATCTCT-1,0,Monocytes_CD14,,Classical monocytes,Classical monocytes,0.9999938397792887
GCGCGATTCACGCATG-1,1,CD4_T_cells,,NK cells,Tcm/Naive helper T cells,0.17741005565859747
GCGCGATTCAGTATTG-1,0,Monocytes_CD14,,Classical monocytes,Classical monocytes,0.12329770948261311
GCGCGATTCCGCAAGC-1,1,CD4_T_cells,,Tcm/Naive helper T cells,Tcm/Naive helper T cells,0.9999963456861735
GCGCGATTCCTCCCTC-1,8,B_cells,,Naive B cells,Naive B cells,0.9999999995070856
GCGCGATTCCTGGCTT-1,0,Monocytes_CD14,,Classical monocytes,Classical monocytes,0.9989396450862346
GCGCGATTCCTTGAGG-1,0,Monocytes_CD14,,Non-classical monocytes,Classical monocytes,0.7400259077773017
GCGCGATTCTTGACCC-1,3,CD4_T_cells,,Tcm/Naive cytotoxic T cells,Tcm/Naive cytotoxic T cells,0.9890687173404376
GCGCTAGGTCAATAGT-1,4,Cytotoxic_T_NK,,Tem/Temra cytotoxic T cells,Tem/Temra cytotoxic T cells,0.9982608674388801
GCGCTAGGTCCTAAGA-1,2,T_cells_general,,Tcm/Naive helper T cells,Tcm/Naive helper T cells,0.9477276830954564
GCGCTAGGTTTGCAGA-1,2,T_cells_general,,Tem/Effector helper T cells PD1+,Tcm/Naive helper T cells,0.2850539536459269
GCGCTTAAGCCTGATG-1,4,Cytotoxic_T_NK,,Tem/Temra cytotoxic T cells,Tem/Temra cytotoxic T cells,0.9826560503728513
GCGCTTAAGTCATGCG-1,2,T_cells_general,,Tem/Effector helper T cells,Tcm/Naive helper T cells,0.6446184791343517
GCGCTTAAGTGAAGTG-1,2,T_cells_general,,Tem/Effector helper T cells,Tem/Effector helper T cells,0.8899252461014671
GCGCTTGCAATTAGCT-1,0,Monocytes_CD14,,Classical monocytes,Classical monocytes,0.8865944623837598
GCGCTTGCACATGCTA-1,0,Monocytes_CD14,,Classical monocytes,Classical monocytes,0.998519136577519
GCGCTTGCACCGTTCC-1,0,Monocytes_CD14,,Classical monocytes,Classical monocytes,0.9998302775863304
GCGCTTGCACCTAAGC-1,1,CD4_T_cells,,Tcm/Naive helper T cells,Tcm/Naive helper T cells,0.9999916135709649
GCGCTTGCATAATTGC-1,2,T_cells_general,,Tem/Effector helper T cells,Tcm/Naive helper T cells,0.9822250277488218
GCGCTTGCATGAAGTA-1,3,CD4_T_cells,,Tcm/Naive helper T cells,Tcm/Naive cytotoxic T cells,0.7671677414226137
GCGGAACCAACTAGCC-1,3,CD4_T_cells,,Tcm/Naive cytotoxic T cells,Tcm/Naive cytotoxic T cells,0.985260528608769
GCGGAACCACATTAAC-1,0,Monocytes_CD14,,Classical monocytes,Classical monocytes,0.9649374246119591
GCGGAACCATCATGTG-1,4,Cytotoxic_T_NK,,Tem/Temra cytotoxic T cells,Tem/Temra cytotoxic T cells,0.997792906571377
GCGGAACCATGTCAAT-1,3,CD4_T_cells,,Tcm/Naive cytotoxic T cells,Tcm/Naive helper T cells,0.5772655147944676
GCGGATACAAAGGTAC-1,3,CD4_T_cells,,Tcm/Naive cytotoxic T cells,Tcm/Naive cytotoxic T cells,0.9999845142814224
GCGGATACACGTAAGG-1,1,CD4_T_cells,,Tcm/Naive helper T cells,Tcm/Naive helper T cells,0.9995365646567084
GCGGATACATGACTAT-1,2,T_cells_general,,Tem/Effector helper T cells,Tem/Effector helper T cells,0.41120217258127784
GCGGGTTTCGAGGAGT-1,3,CD4_T_cells,,Tcm/Naive cytotoxic T cells,Tcm/Naive cytotoxic T cells,0.9996935413800806
GCGGTTATCAGCATTA-1,2,T_cells_general,,Tcm/Naive helper T cells,Tcm/Naive helper T cells,0.8620457547919269
GCGGTTATCAGGCTAT-1,8,B_cells,,Naive B cells,Naive B cells,0.9999999999858566
GCGGTTATCATGCATA-1,0,Monocytes_CD14,,Classical monocytes,Classical monocytes,0.3238029111860422
GCGGTTATCCTGATGG-1,2,T_cells_general,,Tcm/Naive helper T cells,Tcm/Naive helper T cells,0.9815658413866545
GCGGTTATCGATTTAG-1,3,CD4_T_cells,,Tcm/Naive cytotoxic T cells,Tcm/Naive cytotoxic T cells,0.5535266195979249
GCGGTTATCGTTAACA-1,5,Cytotoxic_T_NK,,CD16+ NK cells,CD16+ NK cells,0.9995209960732736
GCGGTTATCTAATTGG-1,3,CD4_T_cells,,Tcm/Naive helper T cells,Tcm/Naive cytotoxic T cells,0.8500900140354937
GCGGTTATCTAGCTAA-1,3,CD4_T_cells,,Tcm/Naive cytotoxic T cells,Tcm/Naive cytotoxic T cells,0.8298162855384479
GCGGTTGGTAAGGTTT-1,1,CD4_T_cells,,Tcm/Naive helper T cells,Tcm/Naive helper T cells,0.9999039431949172
GCGGTTGGTAATGACT-1,3,CD4_T_cells,,Tcm/Naive helper T cells,Tcm/Naive cytotoxic T cells,0.9946385419199624
GCGGTTGGTTCACCCA-1,5,Cytotoxic_T_NK,,CD16+ NK cells,CD16+ NK cells,0.9615282079270088
GCGGTTGGTTCCTCCT-1,1,CD4_T_cells,,Tcm/Naive helper T cells,Tcm/Naive helper T cells,0.9994217221380044
GCGGTTGGTTTATTCG-1,8,B_cells,,Naive B cells,Naive B cells,0.999999999995226
GCGTAACGTAACCTAG-1,0,Monocytes_CD14,,Classical monocytes,Classical monocytes,0.9999414597829062
GCGTAACGTCCAAATG-1,6,B_cells,,Naive B cells,Memory B cells,0.9869223869159586
GCGTAACGTGATCATG-1,4,Cytotoxic_T_NK,,Tem/Temra cytotoxic T cells,Tem/Temra cytotoxic T cells,0.8840001533088652
GCGTAACGTGATTTGG-1,1,CD4_T_cells,,Tcm/Naive helper T cells,Tcm/Naive helper T cells,0.9992762772813856
GCGTAACGTTAGACCA-1,4,Cytotoxic_T_NK,,Tem/Temra cytotoxic T cells,Tem/Temra cytotoxic T cells,0.3620623770020197
GCGTAACGTTCAAGAT-1,2,T_cells_general,,Tcm/Naive helper T cells,Tcm/Naive helper T cells,0.9997893854029691
GCGTAACGTTCACTGT-1,1,CD4_T_cells,,Tcm/Naive helper T cells,Tcm/Naive helper T cells,0.9999652988321811
GCGTAACGTTTCGCGC-1,5,Cytotoxic_T_NK,,CD16+ NK cells,CD16+ NK cells,0.9991830097990928
GCGTGCTAGACTAAGG-1,2,T_cells_general,,Type 17 helper T cells,Tem/Effector helper T cells,0.9665447103595051
GCGTGCTAGCAAGACA-1,2,T_cells_general,,Tcm/Naive helper T cells,Tcm/Naive helper T cells,0.9543467706682128
GCGTGCTAGGAACACA-1,3,CD4_T_cells,,Tcm/Naive helper T cells,Tcm/Naive cytotoxic T cells,0.9252332821677087
GCGTGCTAGGCCTAAT-1,2,T_cells_general,,Tcm/Naive helper T cells,Tcm/Naive helper T cells,0.9855893244825065
GCGTGCTAGGGTGAGT-1,1,CD4_T_cells,,Tcm/Naive helper T cells,Tcm/Naive helper T cells,0.9998914853960961
GCGTGCTAGGTTTACA-1,3,CD4_T_cells,,Tcm/Naive helper T cells,Tcm/Naive cytotoxic T cells,0.9396656425928079
GCGTGCTAGTCATCCC-1,0,Monocytes_CD14,,Classical monocytes,Classical monocytes,0.999994143006649
GCGTTTCTCCAGGAAA-1,3,CD4_T_cells,,Tcm/Naive cytotoxic T cells,Tcm/Naive cytotoxic T cells,0.8246902519168765
GCGTTTCTCCTAAGGT-1,1,CD4_T_cells,,Tcm/Naive helper T cells,Tcm/Naive helper T cells,0.9985272528915238
GCGTTTCTCGCTTCTA-1,7,Monocytes_general,,Non-classical monocytes,Non-classical monocytes,0.9998265285576423
GCTAACAGTAAGTCGC-1,0,Monocytes_CD14,,Classical monocytes,Classical monocytes,0.9997204124550696
GCTAACAGTACCGTAA-1,2,T_cells_general,,Regulatory T cells,Regulatory T cells,0.9999999819546682
GCTAACAGTAGGTTAT-1,1,CD4_T_cells,,Tcm/Naive helper T cells,Tcm/Naive helper T cells,0.998698327724034
GCTAACCCAGTAGGTG-1,10,Cytotoxic_T_NK,,MAIT cells,MAIT cells,0.6544076476988111
GCTAAGAAGCTAAGTC-1,0,Monocytes_CD14,,Classical monocytes,Classical monocytes,0.985279065318714
GCTAAGAAGCTGTACG-1,5,Cytotoxic_T_NK,,CD16+ NK cells,CD16+ NK cells,0.9999524512681428
GCTAAGAAGGTGCGGA-1,2,T_cells_general,,Tem/Effector helper T cells,Tem/Effector helper T cells,0.9512207311040682
GCTAAGAAGTTGTCCC-1,9,Monocytes_general,,DC2,DC2,0.4630969608456653
GCTAAGCGTCAGGAAG-1,1,CD4_T_cells,,Tcm/Naive helper T cells,Tcm/Naive helper T cells,0.9998245450773021
GCTAAGCGTTAGTTGG-1,3,CD4_T_cells,,Tcm/Naive cytotoxic T cells,Tcm/Naive cytotoxic T cells,0.7128735504017816
GCTAAGTTCAAACACC-1,2,T_cells_general,,Tcm/Naive helper T cells,Tcm/Naive helper T cells,0.9941788568407117
GCTAAGTTCAAATCGC-1,2,T_cells_general,,Tcm/Naive helper T cells,Tcm/Naive helper T cells,0.5925519544684019
GCTAAGTTCCTAAGTA-1,3,CD4_T_cells,,Tcm/Naive cytotoxic T cells,Tcm/Naive cytotoxic T cells,0.9965204250809825
GCTAAGTTCGCTTCTA-1,3,CD4_T_cells,,Tcm/Naive helper T cells,Tcm/Naive cytotoxic T cells,0.9938574753230794
GCTAATATCAGGTCCA-1,3,CD4_T_cells,,Tcm/Naive cytotoxic T cells,Tcm/Naive cytotoxic T cells,0.9999009094195077
GCTAATATCCAAGTTA-1,0,Monocytes_CD14,,Classical monocytes,Classical monocytes,0.9998242743001571
GCTAATATCCTTGCGT-1,3,CD4_T_cells,,Tcm/Naive cytotoxic T cells,Tcm/Naive cytotoxic T cells,0.9999613148048467
GCTAATATCTTGGATA-1,0,Monocytes_CD14,,Classical monocytes,Classical monocytes,0.9999558838581161
GCTAGCCAGACAACAG-1,7,Monocytes_general,,Non-classical monocytes,Non-classical monocytes,0.9987438093408209
GCTAGCCAGGCTAGAA-1,0,Monocytes_CD14,,Classical monocytes,Classical monocytes,0.9999886824719769
GCTAGCCAGGCTCATG-1,0,Monocytes_CD14,,Classical monocytes,Classical monocytes,0.9956209629727097
GCTAGCGGTAGTAAGA-1,1,CD4_T_cells,,Tcm/Naive helper T cells,Tcm/Naive helper T cells,0.9697062095138382
GCTAGCGGTCCTTTAA-1,5,Cytotoxic_T_NK,,CD16+ NK cells,CD16+ NK cells,0.9998445699451464
GCTAGCGGTCTAACAG-1,5,Cytotoxic_T_NK,,CD16+ NK cells,CD16+ NK cells,0.9967482842975418
GCTAGCGGTTAAGTGT-1,0,Monocytes_CD14,,Classical monocytes,Classical monocytes,0.9991175447573709
GCTAGCGGTTGACTTC-1,1,CD4_T_cells,,Tcm/Naive helper T cells,Tcm/Naive helper T cells,0.999992457177712
GCTAGCGGTTTAACCC-1,3,CD4_T_cells,,Tcm/Naive cytotoxic T cells,Tcm/Naive cytotoxic T cells,0.9941421057862243
GCTAGCGGTTTATGGG-1,1,CD4_T_cells,,Tcm/Naive helper T cells,Tcm/Naive helper T cells,0.9998148763276615
GCTAGCTCAACCTAAT-1,4,Cytotoxic_T_NK,,Tem/Trm cytotoxic T cells,Tem/Trm cytotoxic T cells,0.508082218093435
GCTAGCTCATAAGGAC-1,1,CD4_T_cells,,Tcm/Naive helper T cells,Tcm/Naive helper T cells,0.9981861211788796
GCTAGCTCATGTCAAT-1,6,B_cells,,Memory B cells,Age-associated B cells,0.3424224399041069
GCTAGCTCATGTGGGA-1,1,CD4_T_cells,,Tcm/Naive helper T cells,Tcm/Naive helper T cells,0.9995610511553497
GCTAGCTCATTAAACC-1,0,Monocytes_CD14,,Classical monocytes,Classical monocytes,0.9956463160254162
GCTAGTGTCACGAATC-1,2,T_cells_general,,Tcm/Naive helper T cells,Tcm/Naive helper T cells,0.7751950795321066
GCTAGTGTCCCGAACA-1,3,CD4_T_cells,,Tcm/Naive cytotoxic T cells,Tcm/Naive cytotoxic T cells,0.9039505070554088
GCTAGTGTCCGCATGA-1,2,T_cells_general,,Tem/Effector helper T cells,Tem/Effector helper T cells,0.795210177517211
GCTAGTGTCCGCCTAT-1,1,CD4_T_cells,,Tcm/Naive helper T cells,Tcm/Naive helper T cells,0.9998810177676147
GCTATAGGTAGGATCC-1,0,Monocytes_CD14,,Classical monocytes,Classical monocytes,0.999999137450177
GCTATAGGTCACGAAC-1,1,CD4_T_cells,,Tcm/Naive helper T cells,Tcm/Naive helper T cells,0.9999785760793278
GCTATAGGTCAGGCCA-1,2,T_cells_general,,Tem/Effector helper T cells,Tcm/Naive helper T cells,0.49980584974756354
GCTATAGGTCCTAAGA-1,4,Cytotoxic_T_NK,,Tem/Temra cytotoxic T cells,Tem/Temra cytotoxic T cells,0.9284087914206778
GCTATAGGTGGTTCCC-1,5,Cytotoxic_T_NK,,CD16+ NK cells,CD16+ NK cells,0.9930858595620412
GCTATCCTCAGCACGC-1,0,Monocytes_CD14,,Classical monocytes,Classical monocytes,0.9999571886778048
GCTATCCTCATGGCTG-1,2,T_cells_general,,Tcm/Naive helper T cells,Tcm/Naive helper T cells,0.9958408381351105
GCTATCCTCCGCAAGC-1,0,Monocytes_CD14,,Classical monocytes,Classical monocytes,0.9999999686287205
GCTATCCTCCTTAGTT-1,1,CD4_T_cells,,Tcm/Naive helper T cells,Tcm/Naive helper T cells,0.9999994486584523
GCTATCCTCGATAACC-1,3,CD4_T_cells,,Tcm/Naive helper T cells,Tcm/Naive cytotoxic T cells,0.9674395004584228
GCTATCCTCGCTAAGT-1,0,Monocytes_CD14,,Classical monocytes,Classical monocytes,0.999791664675543
GCTATCCTCTTGCAAA-1,2,T_cells_general,,Tcm/Naive helper T cells,Tcm/Naive helper T cells,0.9863293948779331
GCTATTGCAACAGGAT-1,5,Cytotoxic_T_NK,,CD16+ NK cells,CD16+ NK cells,0.9756038909554207
GCTATTGCAACTGGCT-1,2,T_cells_general,,Regulatory T cells,Regulatory T cells,0.9483124878101978
GCTATTGCAAGGTACG-1,0,Monocytes_CD14,,Classical monocytes,Classical monocytes,0.9931251360707117
GCTATTGCAAGTGTCC-1,0,Monocytes_CD14,,Classical monocytes,Classical monocytes,0.999998445799792
GCTATTGCAATAGCAA-1,0,Monocytes_CD14,,Classical monocytes,Classical monocytes,0.9999993792093721
GCTATTGCAATCCTGA-1,1,CD4_T_cells,,Tcm/Naive helper T cells,Tcm/Naive helper T cells,0.999912784131631
GCTATTGCACATAACT-1,7,Monocytes_general,,Non-classical monocytes,Non-classical monocytes,0.9999956992523955
GCTATTGCACTAAGCC-1,3,CD4_T_cells,,Tcm/Naive cytotoxic T cells,Tcm/Naive cytotoxic T cells,0.948448782506776
GCTATTGCAGTACCGT-1,4,Cytotoxic_T_NK,,Tem/Trm cytotoxic T cells,Tem/Trm cytotoxic T cells,0.9659165982473341
GCTATTGCAGTTTGTG-1,7,Monocytes_general,,Non-classical monocytes,Non-classical monocytes,0.9999804169258706
GCTCAACCAGGACCTT-1,4,Cytotoxic_T_NK,,Tem/Temra cytotoxic T cells,Tem/Temra cytotoxic T cells,0.9999876674746921
GCTCACAAGACAAAGT-1,1,CD4_T_cells,,Tcm/Naive helper T cells,Tcm/Naive helper T cells,0.9964174742944923
GCTCACAAGACAAGTG-1,0,Monocytes_CD14,,Classical monocytes,Classical monocytes,0.9744679235397445
GCTCACAAGATGGAGC-1,1,CD4_T_cells,,Tcm/Naive helper T cells,Tcm/Naive helper T cells,0.9998636101753626
GCTCACAAGGCTGGCT-1,3,CD4_T_cells,,Tcm/Naive cytotoxic T cells,Tcm/Naive cytotoxic T cells,0.9998708410639715
GCTCACAAGTATCGCG-1,3,CD4_T_cells,,Tcm/Naive cytotoxic T cells,Tcm/Naive cytotoxic T cells,0.8279333012081989
GCTCACAAGTGGCGGA-1,2,T_cells_general,,Tcm/Naive helper T cells,Tcm/Naive helper T cells,0.9999753227363883
GCTCACAAGTGTGATC-1,6,B_cells,,Memory B cells,Memory B cells,0.9979011890964268
GCTCATTGTCATCAAG-1,0,Monocytes_CD14,,Non-classical monocytes,Classical monocytes,0.9925330617965997
GCTCATTGTCTAACAG-1,5,Cytotoxic_T_NK,,CD16+ NK cells,CD16+ NK cells,0.9999809350318869
GCTCATTGTGAGAAAC-1,4,Cytotoxic_T_NK,,Tem/Temra cytotoxic T cells,Tem/Temra cytotoxic T cells,0.9998334688479017
GCTCATTGTGCATTTC-1,0,Monocytes_CD14,,Classical monocytes,Classical monocytes,0.9980372802690131
GCTCATTGTTAAATGC-1,0,Monocytes_CD14,,Classical monocytes,Classical monocytes,0.6528887831675995
GCTCATTGTTCACCAT-1,3,CD4_T_cells,,Tcm/Naive cytotoxic T cells,Tcm/Naive cytotoxic T cells,0.9999837376183138
GCTCATTGTTGTGACA-1,2,T_cells_general,,Tcm/Naive helper T cells,Tcm/Naive helper T cells,0.9999383462600377
GCTCATTGTTTGTTGC-1,0,Monocytes_CD14,,Classical monocytes,Classical monocytes,0.9993100715393548
GCTCCTTAGTCAATCA-1,0,Monocytes_CD14,,Classical monocytes,Classical monocytes,0.9531792616536489
GCTCCTTAGTTAGTTG-1,11,pDC,,pDC,pDC,0.9999999299468052
GCTCGATCAACTGGGA-1,2,T_cells_general,,Tcm/Naive helper T cells,Tcm/Naive helper T cells,0.999405127899793
GCTCGATCAAGATTCT-1,1,CD4_T_cells,,Tcm/Naive helper T cells,Tcm/Naive helper T cells,0.9998334526482671
GCTCGATCAGCTAATT-1,4,Cytotoxic_T_NK,,Tem/Temra cytotoxic T cells,Tem/Temra cytotoxic T cells,0.627312481991817
GCTCGATCAGGCAAGC-1,4,Cytotoxic_T_NK,,Tem/Trm cytotoxic T cells,Tem/Trm cytotoxic T cells,0.9507408468223447
GCTCGATCAGGCATCT-1,6,B_cells,,Memory B cells,Memory B cells,0.9999997798766918
GCTCGATCAGGCTAAG-1,1,CD4_T_cells,,Tcm/Naive helper T cells,Tcm/Naive helper T cells,0.9966091995292963
GCTCGATCATAGACTT-1,0,Monocytes_CD14,,Classical monocytes,Classical monocytes,0.9368327187113489
GCTCGATCATGCTTAG-1,3,CD4_T_cells,,Tcm/Naive cytotoxic T cells,Tcm/Naive cytotoxic T cells,0.9990396570860923
GCTCGATCATGTTGGC-1,5,Cytotoxic_T_NK,,CD16+ NK cells,CD16+ NK cells,0.99984537763463
GCTCGATCATTGGGAG-1,1,CD4_T_cells,,Tcm/Naive helper T cells,Tcm/Naive helper T cells,0.9998497684795384
GCTCTGGCAACCCTAA-1,0,Monocytes_CD14,,Classical monocytes,Classical monocytes,0.9987389883835696
GCTCTGGCACAATGCC-1,2,T_cells_general,,Tcm/Naive helper T cells,Tem/Effector helper T cells,0.4274951909281396
GCTCTGGCACCTCGCT-1,2,T_cells_general,,Tcm/Naive helper T cells,Regulatory T cells,0.3606491915782781
GCTCTGGCAGCTAACC-1,2,T_cells_general,,Tem/Effector helper T cells,Tem/Effector helper T cells,0.9966601267840549
GCTCTGGCATCTTGAG-1,1,CD4_T_cells,,Tcm/Naive helper T cells,Tcm/Naive helper T cells,0.9999827300196635
GCTCTGGCATGGCCTG-1,5,Cytotoxic_T_NK,,CD16+ NK cells,CD16+ NK cells,0.9847112514237237
GCTCTGGCATGTTTGG-1,3,CD4_T_cells,,Tcm/Naive cytotoxic T cells,Tcm/Naive cytotoxic T cells,0.9993704442680271
GCTCTGGCATTATGCG-1,4,Cytotoxic_T_NK,,Tem/Temra cytotoxic T cells,Tem/Temra cytotoxic T cells,0.08199716241881003
GCTCTGTTCAAACCTA-1,1,CD4_T_cells,,Tcm/Naive helper T cells,Tcm/Naive helper T cells,0.9999988214296393
GCTCTGTTCACTAAGC-1,2,T_cells_general,,Tem/Effector helper T cells,Tcm/Naive helper T cells,0.5501486542550851
GCTCTGTTCCACAATA-1,1,CD4_T_cells,,Tcm/Naive helper T cells,Tcm/Naive helper T cells,0.9995958862394919
GCTCTGTTCCCGAACA-1,1,CD4_T_cells,,Tcm/Naive helper T cells,Tcm/Naive helper T cells,0.8972153560999898
GCTCTGTTCCGCTAGA-1,0,Monocytes_CD14,,Classical monocytes,Classical monocytes,0.999978834905879
GCTCTGTTCCTTTACG-1,0,Monocytes_CD14,,Classical monocytes,Classical monocytes,0.9999917523070238
GCTGACATCATGGCCA-1,3,CD4_T_cells,,Tcm/Naive helper T cells,Tcm/Naive cytotoxic T cells,0.9847021241186399
GCTGACATCCATAAGC-1,0,Monocytes_CD14,,Classical monocytes,Classical monocytes,0.9996051714213107
GCTGACATCGATATTG-1,10,Cytotoxic_T_NK,,MAIT cells,MAIT cells,0.8636276417610219
GCTGACCAGCACGATT-1,0,Monocytes_CD14,,Classical monocytes,Classical monocytes,0.9999973737087107
GCTGACCAGGAGGACT-1,1,CD4_T_cells,,Tcm/Naive helper T cells,Tcm/Naive helper T cells,0.9998782723155984
GCTGACCAGGCGCACT-1,1,CD4_T_cells,,Tcm/Naive helper T cells,Tcm/Naive helper T cells,0.9999991767364763
GCTGACCAGGGATGAC-1,3,CD4_T_cells,,Tcm/Naive cytotoxic T cells,Tcm/Naive cytotoxic T cells,0.998652406354846
GCTGAGGAGATTCCTT-1,0,Monocytes_CD14,,Classical monocytes,Classical monocytes,0.9993998430233967
GCTGAGGAGGCACAGG-1,1,CD4_T_cells,,Tcm/Naive helper T cells,Tcm/Naive helper T cells,0.9999825582744899
GCTGAGGAGGCCCAGT-1,1,CD4_T_cells,,Tcm/Naive helper T cells,Tcm/Naive helper T cells,0.9999792282985528
GCTGATCCAACCTAAT-1,4,Cytotoxic_T_NK,,NK cells,CD8a/a,0.0026366655090163814
GCTGATCCAGCAGGTA-1,5,Cytotoxic_T_NK,,CD16+ NK cells,CD16+ NK cells,0.9992661032653007
GCTGATCCAGTTTGTG-1,1,CD4_T_cells,,Tcm/Naive helper T cells,Tcm/Naive helper T cells,0.9986237053406194
GCTGATCCATCCCTCA-1,3,CD4_T_cells,,Tcm/Naive cytotoxic T cells,Tcm/Naive cytotoxic T cells,0.9969015050298358
GCTGATCCATGATTGT-1,9,Monocytes_general,,DC2,DC2,0.9956877387238838
GCTGCAATCATCAGTA-1,1,CD4_T_cells,,Tcm/Naive helper T cells,Tcm/Naive helper T cells,0.9961184634556596
GCTGCAATCATGCATA-1,2,T_cells_general,,Tcm/Naive helper T cells,Tcm/Naive helper T cells,0.9850749812184567
GCTGCAATCCTGGTGA-1,3,CD4_T_cells,,Tcm/Naive helper T cells,Tcm/Naive cytotoxic T cells,0.9926872574532948
GCTGCAATCGAGGTGG-1,13,Plasma_cells,,Plasma cells,Plasma cells,0.9938514227463234
GCTGCAATCGATTTGA-1,2,T_cells_general,,Follicular helper T cells,Tcm/Naive helper T cells,0.43697475347150744
GCTGCAATCGTTTCCA-1,0,Monocytes_CD14,,Classical monocytes,Classical monocytes,0.9993471490294703
GCTGCAATCTTGAGGT-1,0,Monocytes_CD14,,Non-classical monocytes,Classical monocytes,0.9974672289381138
GCTGCACAGCCATCAG-1,10,Cytotoxic_T_NK,,MAIT cells,MAIT cells,0.9991799509719076
GCTGCACAGCCGCTAA-1,0,Monocytes_CD14,,Classical monocytes,Classical monocytes,0.9297601955981121
GCTGCACAGGCCGGAA-1,0,Monocytes_CD14,,Classical monocytes,Classical monocytes,0.9992610771638311
GCTGCACAGGGACTAA-1,0,Monocytes_CD14,,Classical monocytes,Classical monocytes,0.9939070824097652
GCTGCACAGGTCCTGA-1,2,T_cells_general,,Tcm/Naive helper T cells,Tcm/Naive helper T cells,0.8767011527467882
GCTGCACAGTAGAGGC-1,0,Monocytes_CD14,,Classical monocytes,Classical monocytes,0.99999222410248
GCTGCACAGTGACCTG-1,2,T_cells_general,,Regulatory T cells,Regulatory T cells,0.9999970509073314
GCTGCATCAACCCTAA-1,1,CD4_T_cells,,Tcm/Naive helper T cells,Tcm/Naive helper T cells,0.9995961739346819
GCTGCATCACTTCACT-1,8,B_cells,,Naive B cells,Naive B cells,0.9999421817277622
GCTGCATCATAGACCC-1,0,Monocytes_CD14,,Classical monocytes,Classical monocytes,0.9999439151711339
GCTGGATGTGACCTGG-1,3,CD4_T_cells,,Tcm/Naive cytotoxic T cells,Tcm/Naive cytotoxic T cells,0.9378984422824843
GCTGGATGTGAGAAAC-1,2,T_cells_general,,Tcm/Naive helper T cells,Tcm/Naive helper T cells,0.38573513383792685
GCTGGATGTTAGTACG-1,0,Monocytes_CD14,,Classical monocytes,Classical monocytes,0.891313383684826
GCTGGATGTTTACGTC-1,1,CD4_T_cells,,Tcm/Naive helper T cells,Tcm/Naive helper T cells,0.9999430211701218
GCTGGATGTTTAGTCC-1,2,T_cells_general,,Tcm/Naive helper T cells,Tcm/Naive helper T cells,0.999301709786152
GCTGGTTCAAGTGAAC-1,4,Cytotoxic_T_NK,,CD16+ NK cells,Tem/Temra cytotoxic T cells,0.4389604031832763
GCTGGTTCAAGTGTCC-1,0,Monocytes_CD14,,Non-classical monocytes,Classical monocytes,0.9597801560871495
GCTGGTTCAATTAAGG-1,2,T_cells_general,,Tem/Trm cytotoxic T cells,Tem/Effector helper T cells,0.6542886277022937
GCTGGTTCAATTGACT-1,1,CD4_T_cells,,Tcm/Naive helper T cells,Tcm/Naive helper T cells,0.9963342305808623
GCTGGTTCACAAAGAC-1,0,Monocytes_CD14,,Classical monocytes,Classical monocytes,0.9977920602176061
GCTGGTTCACAATTAC-1,0,Monocytes_CD14,,Classical monocytes,Classical monocytes,0.9953571593834161
GCTGGTTCACCACAAC-1,5,Cytotoxic_T_NK,,Tem/Temra cytotoxic T cells,CD16+ NK cells,0.3654830849870801
GCTGGTTCACTCAACA-1,2,T_cells_general,,Tem/Effector helper T cells,Tem/Effector helper T cells,0.8504758713820021
GCTGGTTCAGGAAGCC-1,0,Monocytes_CD14,,Classical monocytes,Classical monocytes,0.9972297934522418
GCTGGTTCAGGTTCAC-1,1,CD4_T_cells,,Tcm/Naive helper T cells,Tcm/Naive helper T cells,0.9999184992205665
GCTGGTTCATAAACCT-1,8,B_cells,,Naive B cells,Naive B cells,0.999994210720831
GCTGGTTCATGAATCT-1,8,B_cells,,Naive B cells,Naive B cells,0.999999983003843
GCTGGTTCATGGCCTG-1,0,Monocytes_CD14,,Classical monocytes,Classical monocytes,0.9999975087507047
GCTGTAAGTAAACAAG-1,7,Monocytes_general,,Non-classical monocytes,Non-classical monocytes,0.9999208924368935
GCTGTAAGTATTCGCT-1,1,CD4_T_cells,,Tcm/Naive helper T cells,Tcm/Naive helper T cells,0.9806925636120888
GCTGTAAGTCCACAAA-1,2,T_cells_general,,Tcm/Naive helper T cells,Tem/Effector helper T cells,0.9848063275455199
GCTGTAAGTTACAACG-1,1,CD4_T_cells,,Tcm/Naive helper T cells,Tcm/Naive helper T cells,0.9999011251607159
GCTGTAAGTTGTTGGA-1,3,CD4_T_cells,,Tcm/Naive cytotoxic T cells,Tcm/Naive cytotoxic T cells,0.9999699863380582
GCTGTAAGTTTGGCGG-1,4,Cytotoxic_T_NK,,Tem/Temra cytotoxic T cells,Tem/Temra cytotoxic T cells,0.9726241611624358
GCTGTACCAATTAAGG-1,4,Cytotoxic_T_NK,,Tem/Trm cytotoxic T cells,Tem/Temra cytotoxic T cells,0.8413091455652912
GCTGTACCACAAACTT-1,1,CD4_T_cells,,Tcm/Naive helper T cells,Tcm/Naive helper T cells,0.9463088367256518
GCTGTACCACAGAACG-1,3,CD4_T_cells,,Tcm/Naive cytotoxic T cells,Tcm/Naive cytotoxic T cells,0.9488096843948896
GCTGTACCACCAACCG-1,0,Monocytes_CD14,,Classical monocytes,Classical monocytes,0.999550766181857
GCTGTACCACCCTCAC-1,0,Monocytes_CD14,,Classical monocytes,Classical monocytes,0.9090134001775533
GCTGTACCACTAGGTC-1,9,Monocytes_general,,DC2,DC2,0.9433034436377334
GCTGTACCAGCGCTTG-1,4,Cytotoxic_T_NK,,Tem/Trm cytotoxic T cells,Tem/Trm cytotoxic T cells,0.925079763877735
GCTGTACCATCCCGCT-1,0,Monocytes_CD14,,Classical monocytes,Classical monocytes,0.9714472537559036
GCTGTGATCAATCTCT-1,0,Monocytes_CD14,,Classical monocytes,Classical monocytes,0.9694488422378039
GCTGTGATCGCACACA-1,0,Monocytes_CD14,,Classical monocytes,Classical monocytes,0.9997011981826509
GCTGTGATCTAAGTCA-1,1,CD4_T_cells,,Tcm/Naive helper T cells,Tcm/Naive helper T cells,0.9999723300969511
GCTGTGCAGCAACAAG-1,2,T_cells_general,,Tcm/Naive helper T cells,Tcm/Naive helper T cells,0.44477349914005504
GCTGTGCAGCTTACTT-1,0,Monocytes_CD14,,Classical monocytes,Classical monocytes,0.9898569355546968
GCTGTGCAGGACAACA-1,3,CD4_T_cells,,Tcm/Naive cytotoxic T cells,Tcm/Naive helper T cells,0.3851924602207396
GCTGTGCAGGATTGCT-1,1,CD4_T_cells,,Tcm/Naive helper T cells,Tcm/Naive helper T cells,0.9999622342255995
GCTGTGCAGTTCCTGC-1,4,Cytotoxic_T_NK,,Tcm/Naive cytotoxic T cells,Tem/Trm cytotoxic T cells,0.7466617889472522
GCTGTGCAGTTTGCGG-1,6,B_cells,,Memory B cells,Memory B cells,0.9057754768773334
GCTTAAATCCCGCCTA-1,0,Monocytes_CD14,,Classical monocytes,Classical monocytes,0.9999999683578106
GCTTAAATCGAAGTGA-1,1,CD4_T_cells,,Tcm/Naive helper T cells,Tcm/Naive helper T cells,0.048791932997850014
GCTTAAATCGGCTAGC-1,3,CD4_T_cells,,Tcm/Naive cytotoxic T cells,Tcm/Naive cytotoxic T cells,0.8951484703112712
GCTTAACAGAAACTGG-1,1,CD4_T_cells,,Tcm/Naive helper T cells,Tcm/Naive helper T cells,0.9999538811461639
GCTTAACAGAACCTAC-1,0,Monocytes_CD14,,Classical monocytes,Classical monocytes,0.9999911461338881
GCTTAACAGACTCGCA-1,2,T_cells_general,,Tcm/Naive helper T cells,Tcm/Naive helper T cells,0.946425731596333
GCTTAACAGATGGACA-1,3,CD4_T_cells,,Tcm/Naive cytotoxic T cells,Tcm/Naive cytotoxic T cells,0.9963072851155946
GCTTAACAGGACACTT-1,0,Monocytes_CD14,,Classical monocytes,Classical monocytes,0.9994069786467658
GCTTAACAGGCATTGT-1,3,CD4_T_cells,,Tcm/Naive cytotoxic T cells,Tcm/Naive cytotoxic T cells,0.9716733723110625
GCTTAACAGGTGAAGC-1,8,B_cells,,Naive B cells,Naive B cells,0.999999904710196
GCTTAACAGTACTGGT-1,7,Monocytes_general,,Non-classical monocytes,Non-classical monocytes,0.9998975637136834
GCTTAACAGTGAGCAA-1,0,Monocytes_CD14,,Classical monocytes,Classical monocytes,0.9983016932108216
GCTTACCTCCGCAAGC-1,7,Monocytes_general,,Non-classical monocytes,Non-classical monocytes,0.999999827151575
GCTTACCTCCTAAGTA-1,2,T_cells_general,,Tcm/Naive helper T cells,Tcm/Naive helper T cells,0.8695313795295231
GCTTACCTCCTGAGTG-1,3,CD4_T_cells,,Tcm/Naive helper T cells,Tcm/Naive helper T cells,0.23019680374993576
GCTTACCTCCTGCGAA-1,0,Monocytes_CD14,,Classical monocytes,Classical monocytes,0.9999998723116409
GCTTACCTCGGCTAGC-1,0,Monocytes_CD14,,Classical monocytes,Classical monocytes,0.9997203915175914
GCTTACCTCGTGCTTC-1,0,Monocytes_CD14,,Classical monocytes,Classical monocytes,0.9999292853362135
GCTTAGTAGAGAGGCT-1,8,B_cells,,Naive B cells,Naive B cells,0.9999999388909322
GCTTAGTAGGCAAGTA-1,3,CD4_T_cells,,Tcm/Naive helper T cells,Tcm/Naive cytotoxic T cells,0.8804988133801342
GCTTAGTAGGCGCTAC-1,8,B_cells,,Naive B cells,Naive B cells,0.9999997595774351
GCTTAGTAGGTCCACA-1,0,Monocytes_CD14,,Classical monocytes,Classical monocytes,0.9999999672704016
GCTTAGTAGTTAGCCG-1,1,CD4_T_cells,,Tcm/Naive helper T cells,Tcm/Naive helper T cells,0.9976193105654948
GCTTAGTAGTTAGCTA-1,3,CD4_T_cells,,Tcm/Naive cytotoxic T cells,Tcm/Naive cytotoxic T cells,0.9634195520002703
GCTTAGTAGTTAGTGC-1,2,T_cells_general,,Tem/Effector helper T cells,Tem/Effector helper T cells,0.9619082156989985
GCTTATCGTAGTTACG-1,0,Monocytes_CD14,,Classical monocytes,Classical monocytes,0.999996212572425
GCTTATCGTCACACCC-1,2,T_cells_general,,Tcm/Naive helper T cells,Tcm/Naive helper T cells,0.6492172229128585
GCTTATCGTGAGAAAC-1,1,CD4_T_cells,,Tcm/Naive helper T cells,Tcm/Naive helper T cells,0.9997773617386635
GCTTATCGTTAAGTGT-1,5,Cytotoxic_T_NK,,Tem/Temra cytotoxic T cells,CD16+ NK cells,0.5183397107402666
GCTTATCGTTACTTGC-1,2,T_cells_general,,Tcm/Naive helper T cells,Tcm/Naive helper T cells,0.18874904516598914
GCTTATCGTTGCTGGG-1,3,CD4_T_cells,,Tcm/Naive helper T cells,Tcm/Naive cytotoxic T cells,0.9897552084796737
GCTTATCGTTGTAAAC-1,0,Monocytes_CD14,,Classical monocytes,Classical monocytes,0.999885054208354
GCTTCGCGTCAAGACC-1,3,CD4_T_cells,,Tcm/Naive cytotoxic T cells,Tcm/Naive cytotoxic T cells,0.8348784070653656
GCTTCGCGTCATCATC-1,0,Monocytes_CD14,,Classical monocytes,Classical monocytes,0.007774081862723992
GCTTCGCGTCTAGCTT-1,1,CD4_T_cells,,Tcm/Naive helper T cells,Tcm/Naive helper T cells,0.8367118059294042
GCTTCGCGTGACATAT-1,3,CD4_T_cells,,Tcm/Naive helper T cells,Tcm/Naive cytotoxic T cells,0.8943280827263531
GCTTCGCGTGTTGTAG-1,2,T_cells_general,,Follicular helper T cells,Tcm/Naive helper T cells,0.6689103175535596
GCTTCGCGTTGCTGGG-1,1,CD4_T_cells,,Tcm/Naive helper T cells,Tcm/Naive helper T cells,0.9995097727298092
GCTTGACCACCTAATG-1,2,T_cells_general,,Regulatory T cells,Regulatory T cells,0.8371370076568012
GCTTGACCACCTGCCT-1,1,CD4_T_cells,,Tcm/Naive helper T cells,Tcm/Naive helper T cells,0.9618919447126962
GCTTGACCAGCAACCT-1,1,CD4_T_cells,,Tcm/Naive helper T cells,Tcm/Naive helper T cells,0.8162934593779597
GCTTGACCATCATGGC-1,3,CD4_T_cells,,Tcm/Naive cytotoxic T cells,Tcm/Naive cytotoxic T cells,0.9699513942443995
GCTTGACCATCTAGCA-1,1,CD4_T_cells,,Tcm/Naive helper T cells,Tcm/Naive helper T cells,0.999901110752714
GCTTGTTGTAATCGCA-1,4,Cytotoxic_T_NK,,Tem/Temra cytotoxic T cells,Tem/Temra cytotoxic T cells,0.013241716611083674
GCTTGTTGTCCTTCAG-1,4,Cytotoxic_T_NK,,Tem/Temra cytotoxic T cells,Tem/Temra cytotoxic T cells,0.9999651883631208
GCTTGTTGTTCATTTG-1,10,Cytotoxic_T_NK,,MAIT cells,MAIT cells,0.9999061455426443
GCTTGTTGTTCTTTAG-1,6,B_cells,,Naive B cells,Memory B cells,0.9987594471751494
GCTTGTTGTTTATCGC-1,0,Monocytes_CD14,,Classical monocytes,Classical monocytes,0.998644434443735
GCTTTACGTCACCTAT-1,0,Monocytes_CD14,,Non-classical monocytes,Classical monocytes,0.7835686538412341
GCTTTACGTCTCAGCC-1,0,Monocytes_CD14,,Classical monocytes,Classical monocytes,0.992569049097724
GCTTTACGTGAGGTAG-1,0,Monocytes_CD14,,Classical monocytes,Classical monocytes,0.9994567653318287
GCTTTACGTTTCCGGC-1,8,B_cells,,Naive B cells,Naive B cells,0.9999999346221822
GCTTTCATCAATCATG-1,9,Monocytes_general,,DC2,DC2,0.9999742029801726
GCTTTCATCATGTGGT-1,1,CD4_T_cells,,Tcm/Naive helper T cells,Tcm/Naive helper T cells,0.9999940718646483
GCTTTCATCGCTCACT-1,2,T_cells_general,,Tcm/Naive helper T cells,Tcm/Naive helper T cells,0.5654326797809948
GCTTTGTGTACCGTAA-1,0,Monocytes_CD14,,Classical monocytes,Classical monocytes,0.99940253145912
GGAAACTCAAAGCCTC-1,7,Monocytes_general,,Non-classical monocytes,Non-classical monocytes,0.9994024023276961
GGAAACTCACAAGCCT-1,1,CD4_T_cells,,Tcm/Naive helper T cells,Tcm/Naive helper T cells,0.9999943084887087
GGAAACTCACAGCCTG-1,0,Monocytes_CD14,,Classical monocytes,Classical monocytes,0.9990600063728897
GGAAACTCACCTGGTG-1,4,Cytotoxic_T_NK,,Tem/Trm cytotoxic T cells,Tem/Trm cytotoxic T cells,0.2980198014694882
GGAAACTCACGTAATT-1,2,T_cells_general,,Tem/Effector helper T cells,Tcm/Naive helper T cells,0.4324689471648306
GGAAACTCAGGCCAAA-1,1,CD4_T_cells,,Tcm/Naive helper T cells,Tcm/Naive helper T cells,0.9999153077633459
GGAAACTCATAGCTTG-1,1,CD4_T_cells,,Tcm/Naive helper T cells,Tcm/Naive helper T cells,0.7304268659676436
GGAAACTCATCAATCG-1,0,Monocytes_CD14,,Classical monocytes,Classical monocytes,0.9999761968664559
GGAACAATCATGGCCA-1,3,CD4_T_cells,,Tcm/Naive cytotoxic T cells,Tcm/Naive cytotoxic T cells,0.9816575375628585
GGAACAATCCGTTAAA-1,0,Monocytes_CD14,,Classical monocytes,Classical monocytes,0.9999707324253061
GGAACAATCGCATTAA-1,10,Cytotoxic_T_NK,,MAIT cells,MAIT cells,0.9730008093469245
GGAACAATCGCTCACT-1,9,Monocytes_general,,Classical monocytes,Classical monocytes,0.9982894154923051
GGAACCACAAAGCCTC-1,2,T_cells_general,,Tem/Trm cytotoxic T cells,Tcm/Naive helper T cells,0.801567986724364
GGAACCACAAAGCTCC-1,3,CD4_T_cells,,Tcm/Naive cytotoxic T cells,Tcm/Naive cytotoxic T cells,0.9986608503692295
GGAACCACAACCCTCC-1,1,CD4_T_cells,,Tcm/Naive helper T cells,Tcm/Naive helper T cells,0.9999979069636741
GGAACCACAATCTCTC-1,2,T_cells_general,,Tcm/Naive helper T cells,Tcm/Naive helper T cells,0.7397446911889716
GGAACCACATTGTGGC-1,0,Monocytes_CD14,,Classical monocytes,Classical monocytes,0.9848214473979844
GGAACCTGTTGGCCGA-1,1,CD4_T_cells,,Tcm/Naive helper T cells,Tcm/Naive helper T cells,0.9938610313630761
GGAACCTGTTTACGTC-1,10,Cytotoxic_T_NK,,MAIT cells,MAIT cells,0.9999832472276721
GGAACCTGTTTCAGGA-1,0,Monocytes_CD14,,Classical monocytes,Classical monocytes,0.999869928267295
GGAACGGTCAATGAGG-1,2,T_cells_general,,Tem/Trm cytotoxic T cells,Tcm/Naive helper T cells,0.8368697873622076
GGAACGGTCCGCCTAT-1,0,Monocytes_CD14,,Classical monocytes,Classical monocytes,0.9999983813588086
GGAACGGTCCTTGCGT-1,1,CD4_T_cells,,Tcm/Naive helper T cells,Tcm/Naive helper T cells,0.9994397988641839
GGAACTAAGAAAGCAT-1,11,pDC,,pDC,pDC,0.9999999688058333
GGAACTAAGGGTGGAT-1,0,Monocytes_CD14,,Classical monocytes,Classical monocytes,0.9988883643880115
GGAACTAAGGGTTATC-1,8,B_cells,,Naive B cells,Naive B cells,0.9999594666386185
GGAACTAAGTGGACAA-1,2,T_cells_general,,Tcm/Naive helper T cells,Tem/Effector helper T cells,0.9507055630515092
GGAAGCTAGATAAAGC-1,2,T_cells_general,,Tcm/Naive helper T cells,Tcm/Naive helper T cells,0.998167678228951
GGAAGCTAGCACGTTG-1,5,Cytotoxic_T_NK,,CD16+ NK cells,CD16+ NK cells,0.99502754650942
GGAAGCTAGCATCCAG-1,3,CD4_T_cells,,Tcm/Naive helper T cells,Tcm/Naive cytotoxic T cells,0.8344813036854455
GGAAGCTAGCTGTAAC-1,3,CD4_T_cells,,Tcm/Naive helper T cells,Tcm/Naive cytotoxic T cells,0.792415145621535
GGAAGCTAGGGACTAA-1,0,Monocytes_CD14,,Classical monocytes,Classical monocytes,0.9985025547600143
GGAAGCTAGGGCCACT-1,1,CD4_T_cells,,Tcm/Naive helper T cells,Tcm/Naive helper T cells,0.9907351440570606
GGAAGCTAGTGAGCAA-1,0,Monocytes_CD14,,Classical monocytes,Classical monocytes,0.9986154543489958
GGAAGCTAGTGAGGGT-1,1,CD4_T_cells,,Tcm/Naive helper T cells,Tcm/Naive helper T cells,0.9882749827612182
GGAAGCTAGTTGGATC-1,1,CD4_T_cells,,Tcm/Naive helper T cells,Tcm/Naive helper T cells,0.9903504861136223
GGAAGTATCAGAAACG-1,0,Monocytes_CD14,,Classical monocytes,Classical monocytes,0.9999964164236382
GGAAGTATCCTCACTA-1,5,Cytotoxic_T_NK,,CD16+ NK cells,CD16+ NK cells,0.9999998122992347
GGAAGTATCGCTCCAT-1,2,T_cells_general,,Regulatory T cells,Regulatory T cells,0.9991403231284693
GGAAGTATCTGCAAAC-1,1,CD4_T_cells,,Tcm/Naive helper T cells,Tcm/Naive helper T cells,0.992074031003462
GGAAGTATCTTGGATA-1,2,T_cells_general,,Tcm/Naive helper T cells,Tcm/Naive helper T cells,0.9848655024715972
GGAATCTTCAAAGGCA-1,2,T_cells_general,,Tcm/Naive helper T cells,Tcm/Naive helper T cells,0.9997669554103479
GGAATCTTCACAGCGC-1,1,CD4_T_cells,,Tcm/Naive helper T cells,Tcm/Naive helper T cells,0.9999134387790052
GGAATCTTCACAGGAA-1,0,Monocytes_CD14,,Classical monocytes,Classical monocytes,0.9941365179633327
GGAATCTTCTACCTAT-1,2,T_cells_general,,Tcm/Naive helper T cells,Tcm/Naive helper T cells,0.9988494517031992
GGACAGCCAAGGTGGC-1,3,CD4_T_cells,,Tcm/Naive cytotoxic T cells,Tcm/Naive cytotoxic T cells,0.9997375139077683
GGACAGCCAATCGCAC-1,7,Monocytes_general,,Non-classical monocytes,Non-classical monocytes,0.9993354535490389
GGACAGCCACGAATCC-1,2,T_cells_general,,Tem/Effector helper T cells,Tcm/Naive helper T cells,0.7372532817807488
GGACAGCCACTGACCG-1,6,B_cells,,Memory B cells,Memory B cells,0.9932848232053744
GGACAGCCAGATTCAT-1,1,CD4_T_cells,,Tcm/Naive helper T cells,Tcm/Naive helper T cells,0.9999845978687893
GGACAGCCAGCGCTTG-1,5,Cytotoxic_T_NK,,CD16- NK cells,CD16+ NK cells,0.38045296014539065
GGACAGCCATACTCCT-1,6,B_cells,,Memory B cells,Memory B cells,0.998017496460242
GGACAGCCATAGCTGC-1,0,Monocytes_CD14,,Classical monocytes,Classical monocytes,0.9999946289187498
GGACATAAGGAGGGTT-1,5,Cytotoxic_T_NK,,CD16+ NK cells,CD16+ NK cells,0.965541357579085
GGACATAAGGGATGCG-1,0,Monocytes_CD14,,Classical monocytes,Classical monocytes,0.9981216507468849
GGACATAAGTTAGTTG-1,2,T_cells_general,,Tcm/Naive helper T cells,Tcm/Naive helper T cells,0.890993777812769
GGACATAAGTTGCGTG-1,2,T_cells_general,,Tcm/Naive helper T cells,Tem/Effector helper T cells,0.9360028785262727
GGACCGAAGACTCGCA-1,1,CD4_T_cells,,Tcm/Naive helper T cells,Tcm/Naive helper T cells,0.9994609605284847
GGACCGAAGCGCTAAT-1,3,CD4_T_cells,,Tcm/Naive helper T cells,Tcm/Naive cytotoxic T cells,0.9714610690924962
GGACCGAAGCTGAGGG-1,0,Monocytes_CD14,,Classical monocytes,Classical monocytes,0.9988993386536144
GGACCGAAGGCGCACT-1,3,CD4_T_cells,,Tcm/Naive cytotoxic T cells,Tcm/Naive cytotoxic T cells,0.8299975557462694
GGACCGAAGTTGCGTG-1,1,CD4_T_cells,,Tcm/Naive helper T cells,Tcm/Naive helper T cells,0.9998056290663392
GGACCTCAGACCATAC-1,2,T_cells_general,,Tcm/Naive helper T cells,Tcm/Naive helper T cells,0.7947206071335909
GGACCTCAGATAAAGC-1,5,Cytotoxic_T_NK,,CD16+ NK cells,CD16+ NK cells,0.9996804840042448
GGACCTCAGGGCTTTG-1,7,Monocytes_general,,Non-classical monocytes,Non-classical monocytes,0.9518199092375018
GGACCTCAGTCTTGAA-1,1,CD4_T_cells,,Tcm/Naive helper T cells,Tcm/Naive helper T cells,0.9999963029360627
GGACGAAGTACGGGTT-1,6,B_cells,,Naive B cells,Memory B cells,0.9876514042879602
GGACGAAGTTAGGATT-1,1,CD4_T_cells,,Tcm/Naive helper T cells,Tcm/Naive helper T cells,0.29493144282706607
GGACGAAGTTTAACGG-1,0,Monocytes_CD14,,Classical monocytes,Classical monocytes,0.9999999189969101
GGACGGATCAGGCTAT-1,6,B_cells,,Memory B cells,Memory B cells,0.9754764736836824
GGACGGATCGGCTATG-1,4,Cytotoxic_T_NK,,Tem/Temra cytotoxic T cells,Tem/Temra cytotoxic T cells,0.26550887864212996
GGACGGATCTAATTGG-1,3,CD4_T_cells,,Tcm/Naive cytotoxic T cells,Tcm/Naive cytotoxic T cells,0.9999602001378366
GGACGGATCTCAATAG-1,3,CD4_T_cells,,Tcm/Naive helper T cells,Tcm/Naive helper T cells,0.9430239106751488
GGACGGATCTCCTCTT-1,7,Monocytes_general,,Non-classical monocytes,Non-classical monocytes,0.9999786076599689
GGACGGATCTGGCTTC-1,4,Cytotoxic_T_NK,,Tem/Trm cytotoxic T cells,Tem/Trm cytotoxic T cells,0.7729333584074123
GGACGGATCTTGAGCG-1,0,Monocytes_CD14,,Classical monocytes,Classical monocytes,0.5533726350132046
GGACTAAAGCTACTGG-1,4,Cytotoxic_T_NK,,Tem/Temra cytotoxic T cells,Tem/Temra cytotoxic T cells,0.9948212911276951
GGACTAAAGCTTAACA-1,2,T_cells_general,,Tem/Temra cytotoxic T cells,Tcm/Naive helper T cells,0.013076408617237769
GGACTAAAGGAACACA-1,6,B_cells,,Memory B cells,Age-associated B cells,0.6742029903251356
GGACTAAAGGCTTAAC-1,1,CD4_T_cells,,Tcm/Naive helper T cells,Tcm/Naive helper T cells,0.999990860858175
GGACTAAAGGTCATTA-1,5,Cytotoxic_T_NK,,CD16- NK cells,CD16+ NK cells,0.7949645715719693
GGACTAAAGTCAATCA-1,4,Cytotoxic_T_NK,,Tem/Temra cytotoxic T cells,Tem/Temra cytotoxic T cells,0.9922689277093815
GGACTAAAGTCCTTCA-1,4,Cytotoxic_T_NK,,Tem/Temra cytotoxic T cells,Tem/Temra cytotoxic T cells,0.999202212443257
GGACTAAAGTGAGGTA-1,2,T_cells_general,,Tcm/Naive helper T cells,Tem/Effector helper T cells,0.15348899386829923
GGACTAAAGTGTGATC-1,2,T_cells_general,,Tcm/Naive helper T cells,Tcm/Naive helper T cells,0.986770984843185
GGAGCAAGTACCAGGT-1,0,Monocytes_CD14,,Classical monocytes,Classical monocytes,0.9935548127351267
GGAGCAAGTCTTTGAC-1,4,Cytotoxic_T_NK,,Tem/Temra cytotoxic T cells,Tem/Trm cytotoxic T cells,0.9718469519090313
GGAGCAAGTTATAGCG-1,1,CD4_T_cells,,Tcm/Naive helper T cells,Tcm/Naive helper T cells,0.9998598597452096
GGAGCATAGACAACGA-1,10,Cytotoxic_T_NK,,MAIT cells,MAIT cells,0.9999985341112657
GGAGCATAGGACAATG-1,3,CD4_T_cells,,Tcm/Naive cytotoxic T cells,Tcm/Naive cytotoxic T cells,0.9978749112737662
GGAGCATAGGCCGGAA-1,1,CD4_T_cells,,Tcm/Naive helper T cells,Tcm/Naive helper T cells,0.16861272108055972
GGAGCATAGTCTGGGC-1,4,Cytotoxic_T_NK,,CD16+ NK cells,Tem/Temra cytotoxic T cells,0.6878265964248534
GGAGCATAGTTAGACC-1,2,T_cells_general,,Regulatory T cells,Tcm/Naive helper T cells,0.9714493187691433
GGAGCGATCACGCATG-1,0,Monocytes_CD14,,Classical monocytes,Classical monocytes,0.907255508542692
GGAGCGATCACTTTAC-1,3,CD4_T_cells,,Tcm/Naive helper T cells,Tcm/Naive cytotoxic T cells,0.9759776015897419
GGAGCGATCAGCATTA-1,0,Monocytes_CD14,,Classical monocytes,Classical monocytes,0.9837377099707927
GGAGCGATCCACCTGT-1,0,Monocytes_CD14,,Non-classical monocytes,Classical monocytes,0.7901841909767112
GGAGCGATCGATTTGA-1,1,CD4_T_cells,,Tcm/Naive helper T cells,Tcm/Naive helper T cells,0.999421890495531
GGAGCGATCTACTAAG-1,2,T_cells_general,,Tem/Effector helper T cells,Tem/Effector helper T cells,0.9879053221036218
GGAGCGATCTTTAGGA-1,0,Monocytes_CD14,,Classical monocytes,Classical monocytes,0.9999987005469287
GGAGGTTAGATAGACG-1,0,Monocytes_CD14,,Classical monocytes,Classical monocytes,0.9998473061010797
GGAGGTTAGCATGTTA-1,1,CD4_T_cells,,Tcm/Naive helper T cells,Tcm/Naive helper T cells,0.9997749979471137
GGAGGTTAGGAAGCTA-1,4,Cytotoxic_T_NK,,Tem/Trm cytotoxic T cells,Tem/Trm cytotoxic T cells,0.11994203096823779
GGAGGTTAGGCCGGAA-1,2,T_cells_general,,Tcm/Naive helper T cells,Tcm/Naive helper T cells,0.7081129156943641
GGAGGTTAGGTAACGA-1,0,Monocytes_CD14,,Classical monocytes,Classical monocytes,0.9999729881711956
GGAGGTTAGTCACTAA-1,4,Cytotoxic_T_NK,,Tem/Trm cytotoxic T cells,Tem/Temra cytotoxic T cells,0.044511764373291185
GGAGTCTGTGAGCAAG-1,3,CD4_T_cells,,Tcm/Naive cytotoxic T cells,Tcm/Naive cytotoxic T cells,0.9737605579769949
GGAGTCTGTTGGTTGA-1,2,T_cells_general,,CD16- NK cells,Tcm/Naive helper T cells,0.028590385727004685
GGAGTCTGTTGTAAAC-1,2,T_cells_general,,Tem/Effector helper T cells,Tcm/Naive helper T cells,0.9637788025109839
GGAGTCTGTTTAGCTC-1,1,CD4_T_cells,,Tcm/Naive helper T cells,Tcm/Naive helper T cells,0.9999947191712577
GGAGTGAGTCATAACG-1,3,CD4_T_cells,,Tcm/Naive cytotoxic T cells,Tcm/Naive cytotoxic T cells,0.9999961537353644
GGAGTGAGTGACATAT-1,0,Monocytes_CD14,,Non-classical monocytes,Classical monocytes,0.9795830430386891
GGAGTGAGTTGGTGAC-1,10,Cytotoxic_T_NK,,MAIT cells,MAIT cells,0.9929758502188125
GGATAACCAATCTCTC-1,2,T_cells_general,,Tem/Effector helper T cells,Tem/Effector helper T cells,0.9436472481157073
GGATAACCAATGCCCG-1,2,T_cells_general,,Tcm/Naive helper T cells,Tcm/Naive helper T cells,0.9585611319271573
GGATAACCAATTAGGA-1,4,Cytotoxic_T_NK,,Tem/Temra cytotoxic T cells,Tem/Temra cytotoxic T cells,0.9999815913815168
GGATAACCACTGACTA-1,1,CD4_T_cells,,Tcm/Naive helper T cells,Tcm/Naive helper T cells,0.9990087021089786
GGATAACCAGTTAAAG-1,2,T_cells_general,,Tcm/Naive helper T cells,Tem/Effector helper T cells,0.31153011923204554
GGATAACCATGCTTAG-1,0,Monocytes_CD14,,Classical monocytes,Classical monocytes,0.9999996896406069
GGATACTTCACGCATG-1,0,Monocytes_CD14,,Classical monocytes,Classical monocytes,0.9999917966300441
GGATACTTCATAACGC-1,5,Cytotoxic_T_NK,,CD16+ NK cells,CD16+ NK cells,0.9999210639107374
GGATACTTCCATAAGC-1,0,Monocytes_CD14,,Classical monocytes,Classical monocytes,0.7230106387455146
GGATACTTCGAGGAAC-1,2,T_cells_general,,Tcm/Naive cytotoxic T cells,Tcm/Naive helper T cells,0.7359962971124598
GGATACTTCGGGATTT-1,0,Monocytes_CD14,,Classical monocytes,Classical monocytes,0.5622828650908204
GGATACTTCTCATCAT-1,5,Cytotoxic_T_NK,,CD16+ NK cells,CD16+ NK cells,0.9999641879339948
GGATACTTCTGTGCAG-1,3,CD4_T_cells,,Tcm/Naive cytotoxic T cells,Tcm/Naive cytotoxic T cells,0.8802634300761576
GGATGAATCATGCAAC-1,2,T_cells_general,,Tcm/Naive helper T cells,Tcm/Naive helper T cells,0.32075333848833976
GGATGAATCATGGCCA-1,0,Monocytes_CD14,,Classical monocytes,Classical monocytes,0.9999526097098886
GGATGAATCCATAAGC-1,0,Monocytes_CD14,,Classical monocytes,Classical monocytes,0.9999999979526171
GGATGAATCCTAATTC-1,4,Cytotoxic_T_NK,,Tem/Trm cytotoxic T cells,Tem/Trm cytotoxic T cells,0.8851112367661941
GGATGAATCTGGCAAT-1,0,Monocytes_CD14,,Classical monocytes,Classical monocytes,0.2896948011621094
GGATGGCCAACCTAAT-1,1,CD4_T_cells,,Tcm/Naive helper T cells,Tcm/Naive helper T cells,0.9987191701900489
GGATGGCCAACCTGGT-1,4,Cytotoxic_T_NK,,Tem/Temra cytotoxic T cells,Tem/Temra cytotoxic T cells,0.99685837545685
GGATGGCCAATTAGCT-1,1,CD4_T_cells,,Tcm/Naive helper T cells,Tcm/Naive helper T cells,0.999592565299599
GGATGGCCACCTCAGG-1,1,CD4_T_cells,,Tcm/Naive helper T cells,Tcm/Naive helper T cells,0.9971476510882368
GGATGGCCAGGCATCT-1,4,Cytotoxic_T_NK,,Tem/Temra cytotoxic T cells,Tem/Temra cytotoxic T cells,0.9982292743462556
GGATGGCCAGTAGGTG-1,3,CD4_T_cells,,Tcm/Naive cytotoxic T cells,Tcm/Naive helper T cells,0.03241366717041549
GGATGGCCATCGCTCC-1,4,Cytotoxic_T_NK,,Tem/Temra cytotoxic T cells,Tem/Temra cytotoxic T cells,0.9997512203322667
GGATGGCCATGAGCAG-1,0,Monocytes_CD14,,Classical monocytes,Classical monocytes,0.9999429056186822
GGATGTAAGACACTTA-1,0,Monocytes_CD14,,Classical monocytes,Classical monocytes,0.9997952792965943
GGATGTAAGGGCCACT-1,0,Monocytes_CD14,,Classical monocytes,Classical monocytes,0.9999264338867491
GGATGTAAGGGTGAAC-1,3,CD4_T_cells,,Tcm/Naive helper T cells,Tcm/Naive helper T cells,0.7377032423666898
GGATGTAAGTCATTAG-1,0,Monocytes_CD14,,Classical monocytes,Classical monocytes,0.9979461377573191
GGATTATGTAATCCCT-1,5,Cytotoxic_T_NK,,CD16+ NK cells,CD16+ NK cells,0.9878593393195461
GGATTATGTACCCACC-1,3,CD4_T_cells,,Tcm/Naive helper T cells,Tcm/Naive cytotoxic T cells,0.7703581348599137
GGATTATGTATTGTCC-1,4,Cytotoxic_T_NK,,Tem/Temra cytotoxic T cells,Tem/Temra cytotoxic T cells,0.6318633224803222
GGATTATGTGCAATAT-1,1,CD4_T_cells,,Tcm/Naive helper T cells,Tcm/Naive helper T cells,0.9994324557844223
GGATTATGTGCTCACC-1,1,CD4_T_cells,,Tcm/Naive helper T cells,Tcm/Naive helper T cells,0.889310947156176
GGATTATGTGGCTTCC-1,3,CD4_T_cells,,Tcm/Naive helper T cells,Tcm/Naive helper T cells,0.9993568347526136
GGATTATGTTGCCTCA-1,1,CD4_T_cells,,Tcm/Naive helper T cells,Tcm/Naive helper T cells,0.9999689796707742
GGATTATGTTTCCTCC-1,0,Monocytes_CD14,,Classical monocytes,Classical monocytes,0.9998361679439599
GGATTCAGTATTCGTC-1,2,T_cells_general,,Tcm/Naive helper T cells,Tcm/Naive helper T cells,0.9975801953894847
GGATTCAGTGCTCCAC-1,2,T_cells_general,,Tcm/Naive helper T cells,Tcm/Naive helper T cells,0.9981236147002187
GGATTCAGTTATTGCC-1,0,Monocytes_CD14,,Classical monocytes,Classical monocytes,0.9990023341363808
GGATTCAGTTTAGCGA-1,6,B_cells,,Naive B cells,Memory B cells,0.9999357320799452
GGATTCAGTTTGGGCG-1,2,T_cells_general,,Tcm/Naive helper T cells,Tcm/Naive helper T cells,0.8219799409781123
GGATTGCGTAATAACC-1,8,B_cells,,Naive B cells,Naive B cells,0.9999999947243852
GGATTGCGTGGGAACA-1,3,CD4_T_cells,,Tcm/Naive cytotoxic T cells,Tcm/Naive cytotoxic T cells,0.995525436565534
GGATTGCGTTGCAATG-1,3,CD4_T_cells,,Tcm/Naive cytotoxic T cells,Tcm/Naive helper T cells,0.9745981736643773
GGATTTATCAAGACTC-1,2,T_cells_general,,Tcm/Naive helper T cells,Tcm/Naive helper T cells,0.993843739949864
GGATTTATCCCTCACG-1,5,Cytotoxic_T_NK,,CD16+ NK cells,CD16+ NK cells,0.998790067215217
GGATTTATCGTACCGA-1,13,Plasma_cells,,Plasma cells,Plasma cells,0.9999957505424151
GGCAAATCAAATGCCC-1,2,T_cells_general,,Tem/Effector helper T cells,Tcm/Naive helper T cells,0.2593283231904963
GGCAAATCAACAGGAT-1,4,Cytotoxic_T_NK,,Tem/Temra cytotoxic T cells,Tem/Temra cytotoxic T cells,0.26978344712058366
GGCAAATCAATCTCTC-1,1,CD4_T_cells,,Tcm/Naive helper T cells,Tcm/Naive helper T cells,0.9997713290314568
GGCAAATCACAAAGAC-1,3,CD4_T_cells,,Tcm/Naive cytotoxic T cells,Tcm/Naive cytotoxic T cells,0.9993490641496697
GGCAAATCACCCACAG-1,0,Monocytes_CD14,,Classical monocytes,Classical monocytes,0.9999785354780327
GGCAAATCACTCAACA-1,1,CD4_T_cells,,Tcm/Naive helper T cells,Tcm/Naive helper T cells,0.99974434043741
GGCAAATCAGAACCGA-1,0,Monocytes_CD14,,Classical monocytes,Classical monocytes,0.9999880227009598
GGCAAATCAGAGGGAG-1,1,CD4_T_cells,,Tcm/Naive helper T cells,Tcm/Naive helper T cells,0.9999126252153728
GGCAAATCAGGAATCG-1,3,CD4_T_cells,,Tcm/Naive cytotoxic T cells,Tcm/Naive cytotoxic T cells,0.9959234853280182
GGCAAATCATATTGAC-1,4,Cytotoxic_T_NK,,Tem/Trm cytotoxic T cells,Tem/Trm cytotoxic T cells,0.9762150720326765
GGCAAATCATGATTGT-1,3,CD4_T_cells,,Tcm/Naive cytotoxic T cells,Tcm/Naive helper T cells,0.968243838876193
GGCAAATCATTATGCG-1,1,CD4_T_cells,,Tcm/Naive helper T cells,Tcm/Naive helper T cells,0.999676447379511
GGCAAGCCAATCCCTT-1,0,Monocytes_CD14,,Classical monocytes,Classical monocytes,0.9996338508690054
GGCAAGCCACAGGATG-1,2,T_cells_general,,Tcm/Naive helper T cells,Tcm/Naive helper T cells,0.9877879647546635
GGCAAGCCAGAATGAC-1,0,Monocytes_CD14,,Classical monocytes,Classical monocytes,0.9963755983557084
GGCAAGCCAGCTAACC-1,3,CD4_T_cells,,Tcm/Naive helper T cells,Tcm/Naive helper T cells,0.28730188587023986
GGCAATCGTCAGGAAG-1,3,CD4_T_cells,,Tcm/Naive helper T cells,Tcm/Naive cytotoxic T cells,0.5448884181260834
GGCAATCGTCATAACG-1,0,Monocytes_CD14,,Classical monocytes,Classical monocytes,0.9999983924851785
GGCAATCGTGAGGTAG-1,0,Monocytes_CD14,,Classical monocytes,Classical monocytes,0.9999790101704396
GGCAATCGTGATGAGG-1,0,Monocytes_CD14,,Classical monocytes,Classical monocytes,0.8777240230595861
GGCAATCGTGTGAGAG-1,4,Cytotoxic_T_NK,,Tem/Temra cytotoxic T cells,Tem/Temra cytotoxic T cells,0.9506222208312256
GGCAATCGTTGCCTCA-1,4,Cytotoxic_T_NK,,CD16+ NK cells,Tem/Trm cytotoxic T cells,0.06842439863387635
GGCAATCGTTTGACCT-1,0,Monocytes_CD14,,Classical monocytes,Classical monocytes,0.5409701163426629
GGCAGGATCAACAAGG-1,3,CD4_T_cells,,Tcm/Naive cytotoxic T cells,Tcm/Naive helper T cells,0.5330676901967136
GGCAGGATCCTTGTTG-1,2,T_cells_general,,Tem/Effector helper T cells,Tem/Effector helper T cells,0.7420902416523611
GGCATGGAGCTATGAC-1,0,Monocytes_CD14,,Classical monocytes,Classical monocytes,0.9966337812233432
GGCATGGAGCTTCCCG-1,3,CD4_T_cells,,Tcm/Naive cytotoxic T cells,Tcm/Naive cytotoxic T cells,0.9999872731236702
GGCATGGAGGCTTAGT-1,1,CD4_T_cells,,Tcm/Naive helper T cells,Tcm/Naive helper T cells,0.9998044508331847
GGCATGGAGTAAGAAC-1,3,CD4_T_cells,,Tcm/Naive cytotoxic T cells,Tcm/Naive cytotoxic T cells,0.9999961567119725
GGCATGGAGTTCCCAC-1,0,Monocytes_CD14,,Classical monocytes,Classical monocytes,0.9199404715953206
GGCATTAGTAGCCTAA-1,4,Cytotoxic_T_NK,,Tem/Temra cytotoxic T cells,Tem/Temra cytotoxic T cells,0.997426961331783
GGCATTAGTGATCATG-1,0,Monocytes_CD14,,Classical monocytes,Classical monocytes,0.8945888798056211
GGCATTAGTGCTGGTG-1,0,Monocytes_CD14,,Classical monocytes,Classical monocytes,0.9999168343841973
GGCATTAGTTGTGATG-1,1,CD4_T_cells,,Tcm/Naive helper T cells,Tcm/Naive helper T cells,0.9999884087565614
GGCATTAGTTTAACGG-1,10,Cytotoxic_T_NK,,MAIT cells,MAIT cells,0.9926410719989153
GGCATTGTCAGGTTTA-1,3,CD4_T_cells,,Tcm/Naive cytotoxic T cells,Tcm/Naive cytotoxic T cells,0.9958568309578395
GGCATTGTCATTACGA-1,2,T_cells_general,,Tcm/Naive helper T cells,Tcm/Naive helper T cells,0.99680742861888
GGCATTGTCGTCCTTA-1,1,CD4_T_cells,,Tcm/Naive helper T cells,Tcm/Naive helper T cells,0.9999713408158385
GGCATTGTCTTAGGAC-1,2,T_cells_general,,Tcm/Naive helper T cells,Tem/Effector helper T cells,0.6546784326522128
GGCCAACTCAATGTCA-1,11,pDC,,pDC,pDC,0.9999999848225505
GGCCAACTCCTCATGC-1,0,Monocytes_CD14,,Classical monocytes,Classical monocytes,0.9991421050504186
GGCCAACTCGCTCCAT-1,4,Cytotoxic_T_NK,,Tem/Trm cytotoxic T cells,Tem/Trm cytotoxic T cells,0.9010332245670363
GGCCAACTCTTAGTCT-1,0,Monocytes_CD14,,Classical monocytes,Classical monocytes,0.13207412769890658
GGCCAGTTCTTGTCCA-1,0,Monocytes_CD14,,Classical monocytes,Classical monocytes,0.999784169599667
GGCCATCAGGCTAGAA-1,2,T_cells_general,,Regulatory T cells,Regulatory T cells,0.5485593271162301
GGCCATCAGTCACCTC-1,3,CD4_T_cells,,Tcm/Naive cytotoxic T cells,Tcm/Naive cytotoxic T cells,0.7923585398274728
GGCCGTTAGCAACAAG-1,1,CD4_T_cells,,Tcm/Naive helper T cells,Tcm/Naive helper T cells,0.9999465918990232
GGCCGTTAGCATGGTT-1,4,Cytotoxic_T_NK,,Tem/Trm cytotoxic T cells,Tem/Trm cytotoxic T cells,0.9939011083645333
GGCCGTTAGGCCTAAT-1,2,T_cells_general,,Regulatory T cells,Regulatory T cells,0.945349547666036
GGCCGTTAGTCTTGAA-1,11,pDC,,pDC,pDC,0.9999973071245162
GGCCTAATCCAGGTCA-1,0,Monocytes_CD14,,Classical monocytes,Classical monocytes,0.9986882145283079
GGCCTAATCCCTCACG-1,4,Cytotoxic_T_NK,,Tem/Temra cytotoxic T cells,Tem/Temra cytotoxic T cells,0.9998364809730297
GGCCTAATCCCTGTTA-1,2,T_cells_general,,Tcm/Naive helper T cells,Tcm/Naive helper T cells,0.9559353174090182
GGCCTAATCCGTCCAT-1,0,Monocytes_CD14,,Classical monocytes,Classical monocytes,0.9999965884196824
GGCCTAATCGATATTG-1,0,Monocytes_CD14,,Classical monocytes,Classical monocytes,0.9951645482039523
GGCCTAATCTAGCTTT-1,4,Cytotoxic_T_NK,,Tem/Temra cytotoxic T cells,Tem/Temra cytotoxic T cells,0.999729534911488
GGCCTCTGTAGTTACG-1,2,T_cells_general,,Tem/Effector helper T cells,Tem/Effector helper T cells,0.46692394733195525
GGCCTCTGTCCTCCAA-1,1,CD4_T_cells,,Tcm/Naive helper T cells,Tcm/Naive helper T cells,0.1371844416776291
GGCCTCTGTCTTTGAC-1,2,T_cells_general,,Tcm/Naive helper T cells,Tcm/Naive helper T cells,0.9989537423725305
GGCCTCTGTTATGTGG-1,3,CD4_T_cells,,Tcm/Naive cytotoxic T cells,Tcm/Naive cytotoxic T cells,0.9703045441026752
GGCCTCTGTTGGATCA-1,0,Monocytes_CD14,,Classical monocytes,Classical monocytes,0.8906903734212492
GGCCTCTGTTGTTGTC-1,0,Monocytes_CD14,,Classical monocytes,Classical monocytes,0.9978509587547928
GGCCTTAAGATAGACG-1,1,CD4_T_cells,,Tcm/Naive helper T cells,Tcm/Naive helper T cells,0.999927233233935
GGCCTTAAGCTTCCCG-1,0,Monocytes_CD14,,Classical monocytes,Classical monocytes,0.960416662669947
GGCCTTCGTCACAGCG-1,2,T_cells_general,,Tcm/Naive helper T cells,Tcm/Naive helper T cells,0.9982310248093416
GGCCTTCGTCACCAAA-1,4,Cytotoxic_T_NK,,CD16+ NK cells,Tem/Temra cytotoxic T cells,0.04658789806266245
GGCCTTCGTGCACGCA-1,2,T_cells_general,,Tcm/Naive helper T cells,Regulatory T cells,0.7043961517000864
GGCGATACAAGCGAGC-1,8,B_cells,,Naive B cells,Naive B cells,0.9999999686019622
GGCGATACACGCAACT-1,2,T_cells_general,,Tcm/Naive helper T cells,Tcm/Naive helper T cells,0.9658937810607674
GGCGATACAGCTCATA-1,2,T_cells_general,,Tem/Effector helper T cells,Tem/Effector helper T cells,0.22880471684920872
GGCGATACAGTATGTT-1,2,T_cells_general,,Tcm/Naive helper T cells,Tcm/Naive helper T cells,0.6966375066377417
GGCGATACATAATCCG-1,8,B_cells,,Naive B cells,Naive B cells,0.9999999988674784
GGCGATACATAATGTC-1,0,Monocytes_CD14,,Classical monocytes,Classical monocytes,0.9999600163678034
GGCGATACATCACTTC-1,0,Monocytes_CD14,,Classical monocytes,Classical monocytes,0.999990793892343
GGCGATACATTGCAGC-1,1,CD4_T_cells,,Tcm/Naive helper T cells,Tcm/Naive helper T cells,0.9993154034163243
GGCGCTAGTCCGGTTC-1,2,T_cells_general,,Type 17 helper T cells,Tcm/Naive helper T cells,0.739540058330554
GGCGCTAGTGGACATC-1,8,B_cells,,Naive B cells,Naive B cells,0.9999983579402701
GGCGCTAGTGTAATAC-1,0,Monocytes_CD14,,Classical monocytes,Classical monocytes,0.9997756803309115
GGCGCTAGTTCGCGCT-1,0,Monocytes_CD14,,Classical monocytes,Classical monocytes,0.5438789099702948
GGCGGTAAGCTTACTT-1,0,Monocytes_CD14,,Classical monocytes,Classical monocytes,0.7086737831711227
GGCGGTAAGGCTATGT-1,3,CD4_T_cells,,Tcm/Naive cytotoxic T cells,Tcm/Naive cytotoxic T cells,0.9980627082113721
GGCGGTAAGGGCCACT-1,1,CD4_T_cells,,Tcm/Naive helper T cells,Tcm/Naive helper T cells,0.9998085343865922
GGCGGTAAGTACCGCA-1,2,T_cells_general,,Regulatory T cells,Regulatory T cells,0.9933650146457131
GGCGGTAAGTAGCGCC-1,2,T_cells_general,,Tem/Effector helper T cells,Tcm/Naive helper T cells,0.8979177035455473
GGCGGTAAGTCATTAG-1,2,T_cells_general,,Tcm/Naive helper T cells,Tcm/Naive helper T cells,0.9920207414606164
GGCGGTTTCAAACCGT-1,1,CD4_T_cells,,Tcm/Naive helper T cells,Tcm/Naive helper T cells,0.9999577220952589
GGCGGTTTCAGCACGC-1,0,Monocytes_CD14,,Classical monocytes,Classical monocytes,0.9999321158163108
GGCGGTTTCAGGTTTA-1,4,Cytotoxic_T_NK,,Tem/Temra cytotoxic T cells,Tem/Temra cytotoxic T cells,0.9803318238998133
GGCGGTTTCGATTTAG-1,0,Monocytes_CD14,,Classical monocytes,Classical monocytes,0.903917372215839
GGCGGTTTCGGGACTC-1,4,Cytotoxic_T_NK,,Tem/Temra cytotoxic T cells,Tem/Temra cytotoxic T cells,0.9999730692902712
GGCGGTTTCTTCAATC-1,0,Monocytes_CD14,,Classical monocytes,Classical monocytes,0.9998324928535409
GGCGTTATCACGAATC-1,5,Cytotoxic_T_NK,,CD16+ NK cells,CD16+ NK cells,0.9998555728783965
GGCGTTATCGCTATAA-1,0,Monocytes_CD14,,Classical monocytes,Classical monocytes,0.997476305059636
GGCGTTATCGGTTTGG-1,5,Cytotoxic_T_NK,,CD16+ NK cells,CD16+ NK cells,0.9996169254087803
GGCTAGACAAAGCTAA-1,2,T_cells_general,,Tcm/Naive helper T cells,Tcm/Naive helper T cells,0.9758749765438656
GGCTAGACACAAAGCG-1,7,Monocytes_general,,Non-classical monocytes,Non-classical monocytes,0.9999906089046884
GGCTAGACAGACAAAC-1,2,T_cells_general,,Tem/Effector helper T cells,Tem/Effector helper T cells,0.9274800547532228
GGCTAGACATCACAGC-1,5,Cytotoxic_T_NK,,CD16+ NK cells,CD16+ NK cells,0.992096440478617
GGCTAGACATTGTGAT-1,0,Monocytes_CD14,,Classical monocytes,Classical monocytes,0.7337968614848193
GGCTAGTGTCACGGAT-1,5,Cytotoxic_T_NK,,CD16+ NK cells,CD16+ NK cells,0.9999894372215057
GGCTAGTGTGAGGTAG-1,1,CD4_T_cells,,Tcm/Naive helper T cells,Tcm/Naive helper T cells,0.9999644844265096
GGCTAGTGTGGAAGGC-1,0,Monocytes_CD14,,Classical monocytes,Classical monocytes,0.9996242860925388
GGCTAGTGTGTCCAAA-1,4,Cytotoxic_T_NK,,gamma-delta T cells,CD8a/a,0.058928856711464694
GGCTATGTCACTAGGT-1,7,Monocytes_general,,Non-classical monocytes,Non-classical monocytes,0.9998133190692865
GGCTATGTCCCGAAGC-1,1,CD4_T_cells,,Tcm/Naive helper T cells,Tcm/Naive helper T cells,0.9999248675915364
GGCTATGTCCGTGACA-1,3,CD4_T_cells,,Tcm/Naive cytotoxic T cells,Tcm/Naive cytotoxic T cells,0.33864543279463466
GGCTATGTCGCAGGCT-1,11,pDC,,pDC,pDC,0.9999860516121263
GGCTATGTCGCTTCTA-1,1,CD4_T_cells,,Tcm/Naive helper T cells,Tcm/Naive helper T cells,0.9998725909080604
GGCTATGTCGGTCAAT-1,0,Monocytes_CD14,,Classical monocytes,Classical monocytes,0.9289494922712297
GGCTATGTCTCGCCTG-1,0,Monocytes_CD14,,Classical monocytes,Classical monocytes,0.9161526459557746
GGCTATGTCTTTAGGA-1,1,CD4_T_cells,,Tcm/Naive helper T cells,Tcm/Naive helper T cells,0.9997971214522322
GGCTATTAGCCACAAT-1,1,CD4_T_cells,,Tcm/Naive helper T cells,Tcm/Naive helper T cells,0.9999997098772868
GGCTATTAGCTCAATA-1,0,Monocytes_CD14,,Classical monocytes,Classical monocytes,0.9914391046252471
GGCTATTAGGGACTAA-1,6,B_cells,,Memory B cells,Memory B cells,0.9992081051671549
GGCTATTAGGGCCACT-1,3,CD4_T_cells,,Tcm/Naive cytotoxic T cells,Tcm/Naive cytotoxic T cells,0.8984999456550633
GGCTATTAGTCATTGA-1,3,CD4_T_cells,,Tcm/Naive helper T cells,Tcm/Naive cytotoxic T cells,0.901613915048802
GGCTCAATCACAGCGC-1,4,Cytotoxic_T_NK,,Tem/Temra cytotoxic T cells,Tem/Temra cytotoxic T cells,0.17988819316021495
GGCTCAATCCCTCTAA-1,1,CD4_T_cells,,Tcm/Naive helper T cells,Tcm/Naive helper T cells,0.9965636107688519
GGCTCAATCGAGCAAA-1,3,CD4_T_cells,,Tcm/Naive cytotoxic T cells,Tcm/Naive cytotoxic T cells,0.9994690983203848
GGCTCAATCGCAACAT-1,8,B_cells,,Naive B cells,Naive B cells,0.9999855958729966
GGCTCAATCTTGGACG-1,3,CD4_T_cells,,Tcm/Naive cytotoxic T cells,Tcm/Naive cytotoxic T cells,0.6993273075231281
GGCTCACAGTTGGCCA-1,2,T_cells_general,,Tem/Effector helper T cells,Tem/Effector helper T cells,0.9989862821506446
GGCTGAGAGAAGGTGC-1,1,CD4_T_cells,,Tcm/Naive helper T cells,Tcm/Naive helper T cells,0.999871135265395
GGCTGAGAGCCTCTGT-1,7,Monocytes_general,,Non-classical monocytes,Non-classical monocytes,0.9998805254220705
GGCTGAGAGGACCGCT-1,4,Cytotoxic_T_NK,,Tem/Temra cytotoxic T cells,Tem/Temra cytotoxic T cells,0.9820911817681367
GGCTGAGAGGCATTGT-1,1,CD4_T_cells,,Tcm/Naive helper T cells,Tcm/Naive helper T cells,0.9999834036588243
GGCTGAGAGTCATTGA-1,3,CD4_T_cells,,Tcm/Naive cytotoxic T cells,Tcm/Naive cytotoxic T cells,0.9999957963028199
GGCTGTCAGCTGGAAA-1,0,Monocytes_CD14,,Classical monocytes,Classical monocytes,0.8714145876315686
GGCTGTCAGCTTACTT-1,3,CD4_T_cells,,Tcm/Naive helper T cells,Tcm/Naive cytotoxic T cells,0.7742010446950109
GGCTGTCAGGAGGCAT-1,0,Monocytes_CD14,,Classical monocytes,Classical monocytes,0.9996971298342062
GGCTGTCAGGGATGAC-1,4,Cytotoxic_T_NK,,Tem/Temra cytotoxic T cells,Tem/Temra cytotoxic T cells,0.9730640858403328
GGCTGTCAGGGTGGAT-1,4,Cytotoxic_T_NK,,Tem/Temra cytotoxic T cells,Tem/Temra cytotoxic T cells,0.4343091099284004
GGCTGTCAGTCCTTCA-1,0,Monocytes_CD14,,Classical monocytes,Classical monocytes,0.999982913216803
GGCTTAAGTAGGATCC-1,1,CD4_T_cells,,Tcm/Naive helper T cells,Tcm/Naive helper T cells,0.913841990377256
GGCTTAAGTCAATACG-1,4,Cytotoxic_T_NK,,Tem/Temra cytotoxic T cells,Tem/Temra cytotoxic T cells,0.16141951424382936
GGCTTAAGTCATCCTG-1,2,T_cells_general,,Tcm/Naive helper T cells,Tcm/Naive helper T cells,0.5550275882198341
GGCTTAAGTCATGCAA-1,2,T_cells_general,,MAIT cells,Tcm/Naive helper T cells,0.34637163557769846
GGCTTAAGTCCTTCAG-1,2,T_cells_general,,Tem/Effector helper T cells,Tcm/Naive helper T cells,0.3328441156991618
GGCTTAAGTTAGCAGC-1,0,Monocytes_CD14,,Classical monocytes,Classical monocytes,0.9998743755676969
GGCTTCAAGCTATATG-1,2,T_cells_general,,Tcm/Naive helper T cells,Tcm/Naive helper T cells,0.973632325633298
GGCTTCAAGCTCAATA-1,0,Monocytes_CD14,,Classical monocytes,Classical monocytes,0.6669264913766344
GGCTTCAAGCTTTGTT-1,1,CD4_T_cells,,Tcm/Naive helper T cells,Tcm/Naive helper T cells,0.9999997886495724
GGCTTCAAGGAAGCAC-1,1,CD4_T_cells,,Tcm/Naive helper T cells,Tcm/Naive helper T cells,0.9970650803856294
GGCTTCAAGGAGTCTT-1,0,Monocytes_CD14,,Classical monocytes,Classical monocytes,0.875302777617833
GGCTTCAAGGCGGGTA-1,5,Cytotoxic_T_NK,,CD16+ NK cells,CD16+ NK cells,0.9995811199497908
GGGAATATCATCCTCA-1,1,CD4_T_cells,,Tcm/Naive helper T cells,Tcm/Naive helper T cells,0.9999962532823862
GGGAATATCATTACTC-1,2,T_cells_general,,Tem/Effector helper T cells,Tem/Effector helper T cells,0.9918993303255793
GGGAATATCCAATAGC-1,2,T_cells_general,,Regulatory T cells,Regulatory T cells,0.9648130788184291
GGGAATATCCTCATGC-1,0,Monocytes_CD14,,Classical monocytes,Classical monocytes,0.999515325211341
GGGAATATCGTTTCGC-1,1,CD4_T_cells,,Tcm/Naive helper T cells,Tcm/Naive helper T cells,0.981550733931461
GGGAATATCTGCAAGT-1,3,CD4_T_cells,,Tcm/Naive helper T cells,Tcm/Naive cytotoxic T cells,0.9246979322728951
GGGAATATCTTAATGG-1,8,B_cells,,Naive B cells,Naive B cells,0.9999999850130319
GGGAGTAGTACCCACC-1,1,CD4_T_cells,,Tcm/Naive helper T cells,Tcm/Naive helper T cells,0.9999212894577076
GGGAGTAGTACCGTTT-1,5,Cytotoxic_T_NK,,CD16+ NK cells,CD16+ NK cells,0.9068747420600245
GGGAGTAGTAGGTTGC-1,0,Monocytes_CD14,,Classical monocytes,Classical monocytes,0.6533583239975944
GGGAGTAGTATGGTGC-1,3,CD4_T_cells,,Tcm/Naive cytotoxic T cells,Tcm/Naive cytotoxic T cells,0.8374942848483835
GGGAGTAGTCCTCCAA-1,3,CD4_T_cells,,Tcm/Naive cytotoxic T cells,Tcm/Naive cytotoxic T cells,0.9920358174138915
GGGAGTAGTTAATGCG-1,4,Cytotoxic_T_NK,,Tcm/Naive cytotoxic T cells,Tem/Trm cytotoxic T cells,0.9400150646606755
GGGAGTAGTTCCAGGG-1,2,T_cells_general,,Tem/Effector helper T cells,Tcm/Naive helper T cells,0.3521576570079013
GGGATAATCAGAAACG-1,4,Cytotoxic_T_NK,,Tem/Trm cytotoxic T cells,Tem/Trm cytotoxic T cells,0.989399824097857
GGGATAATCAGCAAGA-1,9,Monocytes_general,,DC2,DC2,0.9999272636249751
GGGATAATCGAGGAAC-1,0,Monocytes_CD14,,Classical monocytes,Classical monocytes,0.999577956632796
GGGATAATCGAGGAGT-1,1,CD4_T_cells,,Tcm/Naive helper T cells,Tcm/Naive helper T cells,0.9996306843693173
GGGATAATCGCGCTAA-1,2,T_cells_general,,Tcm/Naive helper T cells,Tcm/Naive helper T cells,0.7707709969953145
GGGATAATCGGTTTGG-1,0,Monocytes_CD14,,Classical monocytes,Classical monocytes,0.8479672347390347
GGGATAATCGTTAGTA-1,6,B_cells,,Memory B cells,Memory B cells,0.9999729217426376
GGGATTAAGACAAAGT-1,8,B_cells,,Naive B cells,Naive B cells,0.9999999958213823
GGGATTAAGCATGAAG-1,3,CD4_T_cells,,Tcm/Naive cytotoxic T cells,Tcm/Naive cytotoxic T cells,0.9999922724724988
GGGATTAAGCGCAATT-1,5,Cytotoxic_T_NK,,CD16+ NK cells,CD16+ NK cells,0.9608157248488043
GGGATTAAGGATCACT-1,3,CD4_T_cells,,Tcm/Naive helper T cells,Tcm/Naive cytotoxic T cells,0.9664595195015182
GGGATTAAGTATTGGC-1,1,CD4_T_cells,,Tcm/Naive helper T cells,Regulatory T cells,0.9980553830150523
GGGATTAAGTCACTAA-1,3,CD4_T_cells,,Tcm/Naive cytotoxic T cells,Tcm/Naive cytotoxic T cells,0.9772849793537318
GGGCAATAGACAAGTG-1,0,Monocytes_CD14,,Classical monocytes,Classical monocytes,0.9999994288311667
GGGCAATAGTAAGTCC-1,0,Monocytes_CD14,,Classical monocytes,Classical monocytes,0.9949020617457462
GGGCAATAGTTAGAGG-1,0,Monocytes_CD14,,Classical monocytes,Classical monocytes,0.1069389327583673
GGGCAATAGTTCCTCA-1,2,T_cells_general,,Regulatory T cells,Regulatory T cells,0.9999998852281945
GGGCATGAGTAAGTGG-1,3,CD4_T_cells,,Tcm/Naive cytotoxic T cells,Tcm/Naive helper T cells,0.6343724174290656
GGGCATGAGTAGCTTA-1,6,B_cells,,Memory B cells,Memory B cells,0.9996411697831226
GGGCATTGTAACCACA-1,4,Cytotoxic_T_NK,,Tem/Temra cytotoxic T cells,Tem/Temra cytotoxic T cells,0.7874728741144651
GGGCATTGTAGGTTTG-1,0,Monocytes_CD14,,Classical monocytes,Classical monocytes,0.6938625993450793
GGGCATTGTAGTTACG-1,3,CD4_T_cells,,Tcm/Naive cytotoxic T cells,Tcm/Naive cytotoxic T cells,0.9997704166088389
GGGCATTGTATTCGCT-1,1,CD4_T_cells,,Tcm/Naive helper T cells,Tcm/Naive helper T cells,0.9991477485298664
GGGCATTGTCCTAACT-1,5,Cytotoxic_T_NK,,CD16+ NK cells,CD16+ NK cells,0.9995192526912219
GGGCATTGTGCATTAG-1,1,CD4_T_cells,,Tcm/Naive helper T cells,Tcm/Naive helper T cells,0.9897403645002459
GGGCATTGTGCGCGTA-1,4,Cytotoxic_T_NK,,Tem/Temra cytotoxic T cells,Tem/Temra cytotoxic T cells,0.9800355474532053
GGGCCTAGTAACCACA-1,2,T_cells_general,,Regulatory T cells,Regulatory T cells,0.9637235299959571
GGGCCTAGTACCGTAA-1,4,Cytotoxic_T_NK,,Tem/Temra cytotoxic T cells,Tem/Temra cytotoxic T cells,0.999964570485981
GGGCCTAGTGTCCAGG-1,2,T_cells_general,,Tem/Temra cytotoxic T cells,Tem/Effector helper T cells,0.3376336796132413
GGGCCTAGTTGAGGTC-1,2,T_cells_general,,MAIT cells,Tem/Effector helper T cells,0.969549425722443
GGGCCTAGTTGCTTCG-1,2,T_cells_general,,Tcm/Naive helper T cells,Tem/Effector helper T cells,0.9733872951630435
GGGCCTAGTTTGTGGA-1,1,CD4_T_cells,,Tcm/Naive helper T cells,Tcm/Naive helper T cells,0.9956869271431453
GGGCGAATCAGGTCCA-1,1,CD4_T_cells,,Tcm/Naive helper T cells,Tcm/Naive helper T cells,0.9999541224822279
GGGCGAATCATGGCCA-1,6,B_cells,,Memory B cells,Memory B cells,0.9942081288411827
GGGCGAATCCAGGGAG-1,3,CD4_T_cells,,Tcm/Naive cytotoxic T cells,Tcm/Naive helper T cells,0.742392900364351
GGGCGAATCGGCCAGT-1,1,CD4_T_cells,,Tcm/Naive helper T cells,Tcm/Naive helper T cells,0.9999574867486046
GGGCGAATCGGCTAGC-1,2,T_cells_general,,Tcm/Naive helper T cells,Tcm/Naive helper T cells,0.9807205920637438
GGGCGAATCTGTGCAG-1,0,Monocytes_CD14,,Classical monocytes,Classical monocytes,0.9984924391416086
GGGCTAACAACAGGTG-1,1,CD4_T_cells,,Tcm/Naive helper T cells,Tcm/Naive helper T cells,0.998471397147677
GGGCTAACAACCCTCC-1,2,T_cells_general,,Tem/Effector helper T cells,Tem/Effector helper T cells,0.9848698033312259
GGGCTAACAACTAGCC-1,2,T_cells_general,,Tem/Effector helper T cells,Tcm/Naive helper T cells,0.34624858054783525
GGGCTAACACAGGGAC-1,1,CD4_T_cells,,Tcm/Naive helper T cells,Tcm/Naive helper T cells,0.9999967995576466
GGGCTAACACCTAAGC-1,0,Monocytes_CD14,,Classical monocytes,Classical monocytes,0.9999997546562169
GGGCTAACACCTGCTC-1,10,Cytotoxic_T_NK,,MAIT cells,MAIT cells,0.9999950931900864
GGGCTAACACTGGCTG-1,3,CD4_T_cells,,Tcm/Naive cytotoxic T cells,Tcm/Naive cytotoxic T cells,0.9988157874780379
GGGCTAACAGAAATGC-1,0,Monocytes_CD14,,Classical monocytes,Classical monocytes,0.9986532374203845
GGGCTAACAGCAAGTG-1,0,Monocytes_CD14,,Classical monocytes,Classical monocytes,0.9935587448975854
GGGCTAACAGCATGTC-1,2,T_cells_general,,Tcm/Naive helper T cells,Tcm/Naive helper T cells,0.9690891829395605
GGGCTAACAGGACCAA-1,1,CD4_T_cells,,Tcm/Naive helper T cells,Tcm/Naive helper T cells,0.9999745779040333
GGGCTAACATTAAGCT-1,2,T_cells_general,,Regulatory T cells,Tcm/Naive helper T cells,0.8204774699198505
GGGTATTTCCATTACT-1,5,Cytotoxic_T_NK,,CD16+ NK cells,CD16+ NK cells,0.9895998601563074
GGGTATTTCCCATAAA-1,2,T_cells_general,,Regulatory T cells,Regulatory T cells,0.9999988803116384
GGGTATTTCCCGCAAA-1,2,T_cells_general,,Tcm/Naive helper T cells,Tcm/Naive helper T cells,0.9073286330440266
GGGTATTTCCTAATAG-1,8,B_cells,,Naive B cells,Naive B cells,0.9999984391182354
GGGTATTTCCTTAGTT-1,1,CD4_T_cells,,Tcm/Naive helper T cells,Tcm/Naive helper T cells,0.9976984852733942
GGGTATTTCGATTTAG-1,0,Monocytes_CD14,,Classical monocytes,Classical monocytes,0.99999975875781
GGGTATTTCTCACTAT-1,0,Monocytes_CD14,,Classical monocytes,Classical monocytes,0.9999540848162203
GGGTCAACAATTAACC-1,4,Cytotoxic_T_NK,,Tem/Temra cytotoxic T cells,Tem/Temra cytotoxic T cells,0.9087904039996685
GGGTCAACACATAGCC-1,11,pDC,,pDC,pDC,0.9999999828993048
GGGTCAACATAGTCAT-1,3,CD4_T_cells,,Tcm/Naive cytotoxic T cells,Tcm/Naive cytotoxic T cells,0.9953486489295933
GGGTCAACATGACTAT-1,2,T_cells_general,,Tcm/Naive helper T cells,Tcm/Naive helper T cells,0.9782252879408818
GGGTCACTCCCGTTGT-1,1,CD4_T_cells,,Tcm/Naive helper T cells,Tcm/Naive helper T cells,0.9881366523323651
GGGTCACTCGTGCTAG-1,1,CD4_T_cells,,Tcm/Naive helper T cells,Tcm/Naive helper T cells,0.9962630231231001
GGGTCACTCGTTAGCG-1,10,Cytotoxic_T_NK,,MAIT cells,MAIT cells,0.9982967761808998
GGGTCACTCTAACTGA-1,2,T_cells_general,,Tem/Effector helper T cells,Tem/Effector helper T cells,0.9639572870956633
GGGTCACTCTTGACCC-1,0,Monocytes_CD14,,Classical monocytes,Classical monocytes,0.9999532392825617
GGGTGAAGTAGGATCC-1,5,Cytotoxic_T_NK,,CD16+ NK cells,CD16+ NK cells,0.9994237474536064
GGGTGAAGTATTTGCC-1,4,Cytotoxic_T_NK,,Tem/Temra cytotoxic T cells,Tem/Temra cytotoxic T cells,0.9998950216652708
GGGTGAAGTCTAACAG-1,2,T_cells_general,,Tcm/Naive helper T cells,Tcm/Naive helper T cells,0.13539196640230847
GGGTGAAGTGCATCGG-1,0,Monocytes_CD14,,Classical monocytes,Classical monocytes,0.9909997832639695
GGGTGAAGTTGTAAAC-1,0,Monocytes_CD14,,Classical monocytes,Classical monocytes,0.9490550760574424
GGGTGAAGTTGTTGCT-1,0,Monocytes_CD14,,Classical monocytes,Classical monocytes,0.9999966666586891
GGGTGTTGTCAGGAAG-1,3,CD4_T_cells,,Tcm/Naive helper T cells,Tcm/Naive cytotoxic T cells,0.9717472706962953
GGGTGTTGTCATTAGG-1,5,Cytotoxic_T_NK,,CD16+ NK cells,CD16+ NK cells,0.9903672245706164
GGGTGTTGTCCCGGAA-1,1,CD4_T_cells,,Tcm/Naive helper T cells,Tcm/Naive helper T cells,0.9571771435663697
GGGTGTTGTCCTTCTC-1,0,Monocytes_CD14,,Classical monocytes,Classical monocytes,0.5932672225381725
GGGTGTTGTGCAACTA-1,5,Cytotoxic_T_NK,,CD16+ NK cells,CD16+ NK cells,0.9998308488337725
GGGTGTTGTTCGCTCA-1,0,Monocytes_CD14,,Classical monocytes,Classical monocytes,0.9376454286978756
GGGTGTTGTTGCATCT-1,4,Cytotoxic_T_NK,,Tem/Trm cytotoxic T cells,Tem/Trm cytotoxic T cells,0.8100396936823526
GGGTGTTGTTTGACCT-1,0,Monocytes_CD14,,Classical monocytes,Classical monocytes,0.9999686271085241
GGGTGTTGTTTGCTGT-1,0,Monocytes_CD14,,Classical monocytes,Classical monocytes,0.999467821706284
GGGTTACGTACCGTAA-1,3,CD4_T_cells,,Tcm/Naive cytotoxic T cells,Tcm/Naive cytotoxic T cells,0.9988436284615275
GGGTTACGTCAAGTGC-1,3,CD4_T_cells,,Tcm/Naive helper T cells,Tcm/Naive cytotoxic T cells,0.9050424055808135
GGGTTACGTGCATTTC-1,2,T_cells_general,,Tcm/Naive helper T cells,Tcm/Naive helper T cells,0.9316485957650955
GGGTTACGTGGAAGGC-1,2,T_cells_general,,Regulatory T cells,Regulatory T cells,0.9818184771084785
GGGTTACGTTACAACG-1,0,Monocytes_CD14,,Classical monocytes,Classical monocytes,0.9994263999746864
GGGTTACGTTATAGCG-1,1,CD4_T_cells,,Tcm/Naive helper T cells,Tcm/Naive helper T cells,0.9999256380968699
GGGTTACGTTGTGACA-1,2,T_cells_general,,Tem/Temra cytotoxic T cells,Tcm/Naive helper T cells,0.9777363548145933
GGGTTACGTTTCCTCC-1,3,CD4_T_cells,,Tcm/Naive cytotoxic T cells,Tcm/Naive cytotoxic T cells,0.9999048621125237
GGGTTATTCCGTAAAC-1,0,Monocytes_CD14,,Classical monocytes,Classical monocytes,0.9718103630674638
GGGTTATTCGAAGCGG-1,0,Monocytes_CD14,,Classical monocytes,Classical monocytes,0.4500832581097578
GGGTTATTCGGTCATG-1,2,T_cells_general,,Tem/Effector helper T cells,Tcm/Naive helper T cells,0.9838617310822487
GGGTTATTCTTTAGGA-1,6,B_cells,,Memory B cells,Memory B cells,0.9984390658705748
GGGTTTCCAAACTGCC-1,3,CD4_T_cells,,Tcm/Naive cytotoxic T cells,Tcm/Naive cytotoxic T cells,0.9999544159203085
GGGTTTCCAGTAGGTG-1,6,B_cells,,Naive B cells,Memory B cells,0.9989602392602559
GGGTTTCCAGTTTACG-1,1,CD4_T_cells,,Tcm/Naive helper T cells,Tcm/Naive helper T cells,0.9998355139303929
GGGTTTGTCAAGGACA-1,0,Monocytes_CD14,,Classical monocytes,Classical monocytes,0.9999894299630709
GGGTTTGTCACTTCAT-1,0,Monocytes_CD14,,Classical monocytes,Classical monocytes,0.9999121136397077
GGGTTTGTCCGCAACA-1,11,pDC,,pDC,pDC,0.9999999993367872
GGGTTTGTCTAAATCG-1,4,Cytotoxic_T_NK,,Tem/Temra cytotoxic T cells,Tem/Temra cytotoxic T cells,0.9963143374215676
GGGTTTGTCTAGCTAA-1,6,B_cells,,Memory B cells,Memory B cells,0.9977139051764047
GGGTTTGTCTCATCAT-1,2,T_cells_general,,Tcm/Naive helper T cells,Regulatory T cells,0.984405725411188
GGGTTTGTCTCCTCTT-1,0,Monocytes_CD14,,Classical monocytes,Classical monocytes,0.9994871026093479
GGGTTTGTCTTCAATC-1,3,CD4_T_cells,,Tcm/Naive cytotoxic T cells,Tcm/Naive cytotoxic T cells,0.9999109541135126
GGGTTTGTCTTGAGGT-1,1,CD4_T_cells,,Tcm/Naive helper T cells,Tcm/Naive helper T cells,0.994370992491111
GGTAAACCAAGCTACC-1,2,T_cells_general,,Tcm/Naive helper T cells,Tcm/Naive helper T cells,0.7293246151623374
GGTAAACCAATATGGA-1,2,T_cells_general,,Tcm/Naive helper T cells,Tcm/Naive helper T cells,0.8158553613393476
GGTAAACCACAGCCAT-1,4,Cytotoxic_T_NK,,Tem/Temra cytotoxic T cells,Tem/Temra cytotoxic T cells,0.9085361710957934
GGTAAACCAGGCCTTG-1,1,CD4_T_cells,,Tcm/Naive helper T cells,Tcm/Naive helper T cells,0.4668622203050557
GGTAACCGTCTTACTA-1,4,Cytotoxic_T_NK,,Tem/Temra cytotoxic T cells,Tem/Temra cytotoxic T cells,0.9978614740206183
GGTAACCGTTTCCTCC-1,0,Monocytes_CD14,,Classical monocytes,Classical monocytes,0.9986311802144815
GGTAACTTCAAACCGT-1,1,CD4_T_cells,,Tcm/Naive helper T cells,Tcm/Naive helper T cells,0.9921694889213241
GGTAACTTCCTTAAGA-1,3,CD4_T_cells,,Tcm/Naive helper T cells,Tcm/Naive cytotoxic T cells,0.9474669099325523
GGTAACTTCTTGGACG-1,0,Monocytes_CD14,,Classical monocytes,Classical monocytes,0.9999923468456257
GGTAAGGGTACTTCAC-1,2,T_cells_general,,Tem/Effector helper T cells,Tem/Effector helper T cells,0.8607021687127993
GGTAAGGGTTACGCAA-1,0,Monocytes_CD14,,Classical monocytes,Classical monocytes,0.9982713594526673
GGTAAGGGTTAGACCA-1,2,T_cells_general,,Tem/Trm cytotoxic T cells,Tem/Effector helper T cells,0.6113999736365249
GGTAAGGGTTGGATAT-1,0,Monocytes_CD14,,Classical monocytes,Classical monocytes,0.8745827650321234
GGTAATTGTAGCCTCC-1,0,Monocytes_CD14,,Classical monocytes,Classical monocytes,0.9999551299020978
GGTAATTGTTTGTCTA-1,4,Cytotoxic_T_NK,,Tem/Temra cytotoxic T cells,Tem/Temra cytotoxic T cells,0.998601057446381
GGTACAAAGCTGGAAA-1,0,Monocytes_CD14,,Classical monocytes,Classical monocytes,0.984206985101656
GGTACAAAGCTGGACC-1,0,Monocytes_CD14,,Classical monocytes,Classical monocytes,0.9035885330558059
GGTACAAAGCTGTAAC-1,2,T_cells_general,,Tcm/Naive helper T cells,Tcm/Naive helper T cells,0.9988032716716231
GGTACAAAGGCTGGCT-1,1,CD4_T_cells,,Tcm/Naive helper T cells,Tcm/Naive helper T cells,0.9987721792147807
GGTACAAAGTAAGTCC-1,1,CD4_T_cells,,Tcm/Naive helper T cells,Tcm/Naive helper T cells,0.9999125683945373
GGTACAAAGTTATTCC-1,0,Monocytes_CD14,,Classical monocytes,Classical monocytes,0.9999999405326911
GGTACCGGTAAGCACC-1,4,Cytotoxic_T_NK,,Tem/Temra cytotoxic T cells,Tem/Temra cytotoxic T cells,0.9983799578487978
GGTACCGGTAGGTTGC-1,6,B_cells,,Memory B cells,Memory B cells,0.9998966581816816
GGTACCGGTATGGTGC-1,3,CD4_T_cells,,Tcm/Naive helper T cells,Tcm/Naive cytotoxic T cells,0.9320527006215689
GGTACCGGTTAACAGT-1,2,T_cells_general,,Tcm/Naive helper T cells,Tcm/Naive helper T cells,0.17542556603964465
GGTACCGGTTGCGGAT-1,3,CD4_T_cells,,Tcm/Naive cytotoxic T cells,Tcm/Naive cytotoxic T cells,0.8708056882667832
GGTACCGGTTTCCGGC-1,4,Cytotoxic_T_NK,,Tem/Temra cytotoxic T cells,Tem/Temra cytotoxic T cells,0.9905711035514727
GGTACTAGTACCAGGT-1,6,B_cells,,Memory B cells,Memory B cells,0.9999831292626689
GGTACTAGTGACATGC-1,0,Monocytes_CD14,,Classical monocytes,Classical monocytes,0.9983358177849215
GGTACTAGTGAGGTGA-1,6,B_cells,,Memory B cells,Memory B cells,0.9950803609991298
GGTACTAGTTTAGCGA-1,0,Monocytes_CD14,,Non-classical monocytes,Classical monocytes,0.9965793166622399
GGTACTTAGAAAGCAT-1,0,Monocytes_CD14,,Classical monocytes,Classical monocytes,0.9999417643863263
GGTACTTAGCAAGGTA-1,2,T_cells_general,,Tcm/Naive helper T cells,Tcm/Naive helper T cells,0.9895398880916207
GGTACTTAGCGGTTAT-1,3,CD4_T_cells,,Tcm/Naive cytotoxic T cells,Tcm/Naive cytotoxic T cells,0.9926550911387835
GGTACTTAGCTTAGTA-1,3,CD4_T_cells,,Tcm/Naive cytotoxic T cells,Tcm/Naive cytotoxic T cells,0.9891015300474137
GGTACTTAGTCATTAG-1,3,CD4_T_cells,,Tcm/Naive cytotoxic T cells,Tcm/Naive cytotoxic T cells,0.9984298286070442
GGTACTTAGTTCCCGT-1,3,CD4_T_cells,,Tcm/Naive helper T cells,Tcm/Naive cytotoxic T cells,0.999118595665358
GGTACTTAGTTGCCTC-1,0,Monocytes_CD14,,Classical monocytes,Classical monocytes,0.9997831541311353
GGTAGGAGTATTGTGG-1,4,Cytotoxic_T_NK,,Tem/Temra cytotoxic T cells,Tem/Temra cytotoxic T cells,0.9267072288610775
GGTAGGAGTCTAGCTT-1,4,Cytotoxic_T_NK,,Tem/Temra cytotoxic T cells,Tem/Temra cytotoxic T cells,0.9040522194875549
GGTAGGAGTGACATGC-1,3,CD4_T_cells,,Tcm/Naive cytotoxic T cells,Tcm/Naive cytotoxic T cells,0.9973250293462324
GGTAGGAGTTAAGTGT-1,2,T_cells_general,,MAIT cells,Tcm/Naive helper T cells,0.9999943809441457
GGTAGGAGTTAGTTGG-1,0,Monocytes_CD14,,Classical monocytes,Classical monocytes,0.9999380605339385
GGTATGTTCAAACACC-1,5,Cytotoxic_T_NK,,CD16+ NK cells,CD16+ NK cells,0.9922239181764733
GGTATGTTCACAAGCT-1,1,CD4_T_cells,,Tcm/Naive helper T cells,Tcm/Naive helper T cells,0.9991585228022839
GGTATGTTCACAGCGC-1,2,T_cells_general,,Regulatory T cells,Tem/Effector helper T cells,0.5024402625711887
GGTATGTTCCAAGTTA-1,9,Monocytes_general,,DC2,DC2,0.579909062576251
GGTATGTTCCAATTAG-1,7,Monocytes_general,,Non-classical monocytes,Non-classical monocytes,0.9990548749472188
GGTATGTTCCATTACT-1,0,Monocytes_CD14,,Classical monocytes,Classical monocytes,0.9787687922430024
GGTATGTTCCTAAGGT-1,1,CD4_T_cells,,Tcm/Naive helper T cells,Tcm/Naive helper T cells,0.9997500020668759
GGTATGTTCGGTTCCT-1,4,Cytotoxic_T_NK,,Tem/Trm cytotoxic T cells,Tem/Trm cytotoxic T cells,0.32898516290110025
GGTATGTTCGTTAACA-1,1,CD4_T_cells,,Tcm/Naive helper T cells,Tcm/Naive helper T cells,0.9999993487411161
GGTATGTTCTGGTCCT-1,0,Monocytes_CD14,,Classical monocytes,Classical monocytes,0.9997494505012202
GGTATTGGTATTGGAT-1,0,Monocytes_CD14,,Classical monocytes,Classical monocytes,0.7207203018370747
GGTATTGGTCTATCGT-1,2,T_cells_general,,Tcm/Naive helper T cells,Tcm/Naive helper T cells,0.9827176859863359
GGTATTGGTGATGAAA-1,8,B_cells,,Naive B cells,Naive B cells,0.9999823386138516
GGTATTGGTGCTGTAA-1,0,Monocytes_CD14,,Classical monocytes,Classical monocytes,0.9980336027929864
GGTATTGGTGGGAACA-1,1,CD4_T_cells,,Tcm/Naive helper T cells,Tcm/Naive helper T cells,0.9999903686860165
GGTATTGGTGTGAGAG-1,1,CD4_T_cells,,Tcm/Naive helper T cells,Tcm/Naive helper T cells,0.9998803594713653
GGTATTGGTTACGCGG-1,4,Cytotoxic_T_NK,,Tem/Trm cytotoxic T cells,Tem/Trm cytotoxic T cells,0.5811744446818677
GGTATTGGTTGCGCGA-1,2,T_cells_general,,Tem/Effector helper T cells,Tem/Effector helper T cells,0.7631227415959922
GGTATTGGTTTCCTCC-1,2,T_cells_general,,Tcm/Naive helper T cells,Tem/Effector helper T cells,0.7624744842144637
GGTATTTCAACTGGGA-1,2,T_cells_general,,Tcm/Naive helper T cells,Tcm/Naive helper T cells,0.8461785080542402
GGTATTTCAATAGCCC-1,1,CD4_T_cells,,Tcm/Naive helper T cells,Tcm/Naive helper T cells,0.9988813370371725
GGTATTTCAATATGGA-1,5,Cytotoxic_T_NK,,CD16+ NK cells,CD16+ NK cells,0.9997046331750321
GGTATTTCACAAAGCG-1,6,B_cells,,Naive B cells,Memory B cells,0.8974641915302454
GGTATTTCACAAGCCT-1,3,CD4_T_cells,,Tem/Trm cytotoxic T cells,Tcm/Naive helper T cells,0.5715539124025697
GGTATTTCAGACAAAC-1,8,B_cells,,Naive B cells,Naive B cells,0.999999300555296
GGTATTTCATCTAGCA-1,9,Monocytes_general,,DC2,DC2,0.9999360790405957
GGTATTTCATTAGGCC-1,2,T_cells_general,,Regulatory T cells,Regulatory T cells,0.9999996343039862
GGTCAAGCAATCCTGA-1,5,Cytotoxic_T_NK,,CD16+ NK cells,CD16+ NK cells,0.9958028255923207
GGTCAAGCACATAGCC-1,10,Cytotoxic_T_NK,,MAIT cells,MAIT cells,0.9865389553234822
GGTCAAGCACCTACTT-1,0,Monocytes_CD14,,Classical monocytes,Classical monocytes,0.9999813541468403
GGTCAAGCAGCTTACA-1,6,B_cells,,Memory B cells,Memory B cells,0.9690263223644141
GGTCAAGCATAGCGGA-1,4,Cytotoxic_T_NK,,Tem/Effector helper T cells,Tem/Trm cytotoxic T cells,0.18162427641808584
GGTCAAGCATGGCCCA-1,3,CD4_T_cells,,Tcm/Naive cytotoxic T cells,Tcm/Naive cytotoxic T cells,0.7549435273102243
GGTCAATTCAGGCCTA-1,0,Monocytes_CD14,,Classical monocytes,Classical monocytes,0.9993754819605796
GGTCAATTCATTTAGG-1,3,CD4_T_cells,,Tcm/Naive helper T cells,Tcm/Naive helper T cells,0.989694422734651
GGTCAATTCCAATTAG-1,3,CD4_T_cells,,Tcm/Naive cytotoxic T cells,Tcm/Naive cytotoxic T cells,0.9999785515116535
GGTCAATTCTGTAAGC-1,3,CD4_T_cells,,Tcm/Naive helper T cells,Tcm/Naive cytotoxic T cells,0.9193508634942107
GGTCAGGAGAAACTGG-1,0,Monocytes_CD14,,Classical monocytes,Classical monocytes,0.9940940160715367
GGTCAGGAGCGCATTG-1,3,CD4_T_cells,,Tcm/Naive helper T cells,Tcm/Naive helper T cells,0.9703670441992618
GGTCATTAGGACCAGG-1,6,B_cells,,Naive B cells,Age-associated B cells,0.9952995146194809
GGTCATTAGGCATGTT-1,4,Cytotoxic_T_NK,,Tem/Temra cytotoxic T cells,Tem/Temra cytotoxic T cells,0.9755874621788192
GGTCATTAGGCGCTTA-1,1,CD4_T_cells,,Tcm/Naive helper T cells,Tcm/Naive helper T cells,0.9995197934941653
GGTCATTAGGTGCGGA-1,0,Monocytes_CD14,,Classical monocytes,Classical monocytes,0.9635174118354041
GGTCATTAGTTCCCGT-1,3,CD4_T_cells,,Tcm/Naive cytotoxic T cells,Tcm/Naive cytotoxic T cells,0.9338847479826372
GGTCATTAGTTCCTGC-1,0,Monocytes_CD14,,Classical monocytes,Classical monocytes,0.9999928190486987
GGTCCATCAAGCGATG-1,3,CD4_T_cells,,Tcm/Naive cytotoxic T cells,Tcm/Naive cytotoxic T cells,0.9998856953998165
GGTCCATCAATAGTCT-1,3,CD4_T_cells,,Tcm/Naive helper T cells,Tcm/Naive cytotoxic T cells,0.94111506597214
GGTCCATCAATGAATG-1,0,Monocytes_CD14,,Classical monocytes,Classical monocytes,0.9997688072463092
GGTCCATCATCTAGCA-1,3,CD4_T_cells,,Tcm/Naive cytotoxic T cells,Tcm/Naive cytotoxic T cells,0.9967089753166672
GGTCCATCATTGCGTA-1,5,Cytotoxic_T_NK,,CD16+ NK cells,CD16+ NK cells,0.997826221798314
GGTCCGTAGCAGGCCT-1,1,CD4_T_cells,,Tcm/Naive helper T cells,Tcm/Naive helper T cells,0.973331927592867
GGTCCGTAGGACCGCT-1,3,CD4_T_cells,,Tcm/Naive cytotoxic T cells,Tcm/Naive cytotoxic T cells,0.9999978127111596
GGTCCGTAGTGAACGA-1,0,Monocytes_CD14,,Classical monocytes,Classical monocytes,0.9998881313625689
GGTCCTGCAACAACAA-1,2,T_cells_general,,Tcm/Naive helper T cells,Tcm/Naive helper T cells,0.9962990780113734
GGTCCTGCAACATAAG-1,1,CD4_T_cells,,Tcm/Naive helper T cells,Tcm/Naive helper T cells,0.9999655973723973
GGTCCTGCACACCAAC-1,0,Monocytes_CD14,,Classical monocytes,Classical monocytes,0.9999990953254252
GGTCCTGCACCCTCAC-1,9,Monocytes_general,,DC2,DC2,0.915125763968939
GGTCCTGCACTAGCGT-1,3,CD4_T_cells,,Tcm/Naive helper T cells,Tcm/Naive cytotoxic T cells,0.9920258354627262
GGTCGGTTCAAACCGT-1,6,B_cells,,Memory B cells,Memory B cells,0.9999959463110295
GGTCGGTTCATGCAAC-1,0,Monocytes_CD14,,Classical monocytes,Classical monocytes,0.999992680585978
GGTCGGTTCCGCCTAT-1,0,Monocytes_CD14,,Classical monocytes,Classical monocytes,0.9990860671265783
GGTCGGTTCGCTAGCA-1,0,Monocytes_CD14,,Classical monocytes,Classical monocytes,0.9998270323128828
GGTCGGTTCGGGATTT-1,8,B_cells,,Naive B cells,Naive B cells,0.9999999763080268
GGTCGGTTCTATCGCC-1,0,Monocytes_CD14,,Classical monocytes,Classical monocytes,0.9511991400878235
GGTCTTGAGATACTTG-1,5,Cytotoxic_T_NK,,CD16+ NK cells,CD16+ NK cells,0.9868107360290878
GGTCTTGAGGCACAGG-1,6,B_cells,,Memory B cells,Memory B cells,0.9985553356446977
GGTCTTGAGGTCGAGG-1,3,CD4_T_cells,,Tcm/Naive helper T cells,Tcm/Naive cytotoxic T cells,0.8674241606244005
GGTCTTGAGGTCGATT-1,5,Cytotoxic_T_NK,,CD16+ NK cells,CD16+ NK cells,0.46601544420335245
GGTCTTGAGTGTGATC-1,0,Monocytes_CD14,,Classical monocytes,Classical monocytes,0.9982839875753765
GGTCTTGAGTTCCTGC-1,2,T_cells_general,,Regulatory T cells,Regulatory T cells,0.9998435118698541
GGTCTTTGTAGACAAA-1,0,Monocytes_CD14,,Classical monocytes,Classical monocytes,0.4706469374677762
GGTCTTTGTCCTAGTT-1,3,CD4_T_cells,,Tcm/Naive cytotoxic T cells,Tcm/Naive cytotoxic T cells,0.9253386888901669
GGTCTTTGTGACCTGG-1,5,Cytotoxic_T_NK,,CD16+ NK cells,CD16+ NK cells,0.9114773484531461
GGTCTTTGTGAGGTAG-1,2,T_cells_general,,Regulatory T cells,Tcm/Naive helper T cells,0.31503939230950007
GGTGAGCCAAACAACA-1,3,CD4_T_cells,,Tcm/Naive cytotoxic T cells,Tcm/Naive cytotoxic T cells,0.9999345893434998
GGTGAGCCACATAGCC-1,4,Cytotoxic_T_NK,,Tem/Trm cytotoxic T cells,Tem/Trm cytotoxic T cells,0.9449829685017729
GGTGAGCCAGATAGAC-1,9,Monocytes_general,,DC2,DC2,0.9993212423131751
GGTGAGCCAGGTTATT-1,6,B_cells,,Memory B cells,Memory B cells,0.9991174741072821
GGTGAGCCATTGTGTG-1,1,CD4_T_cells,,Classical monocytes,Tcm/Naive helper T cells,0.28993432050603896
GGTGAGGTCACTTTAC-1,4,Cytotoxic_T_NK,,Tem/Temra cytotoxic T cells,Tem/Temra cytotoxic T cells,0.9993660199317834
GGTGAGGTCAGCACGC-1,5,Cytotoxic_T_NK,,CD16+ NK cells,CD16+ NK cells,0.9330792015689284
GGTGAGGTCCCTCATA-1,4,Cytotoxic_T_NK,,Tem/Trm cytotoxic T cells,Tem/Trm cytotoxic T cells,0.9892305944465679
GGTGAGGTCCTAGTCC-1,3,CD4_T_cells,,Tcm/Naive cytotoxic T cells,Tcm/Naive cytotoxic T cells,0.9994653558028996
GGTGAGGTCGCTATGG-1,3,CD4_T_cells,,Tcm/Naive cytotoxic T cells,Tcm/Naive cytotoxic T cells,0.9976499846120879
GGTGAGGTCGTCATTT-1,5,Cytotoxic_T_NK,,CD16+ NK cells,CD16+ NK cells,0.9992471236313166
GGTGAGGTCGTGCCTT-1,3,CD4_T_cells,,Tcm/Naive cytotoxic T cells,Tcm/Naive cytotoxic T cells,0.9661933259286352
GGTGAGGTCTCCATGC-1,6,B_cells,,Memory B cells,Memory B cells,0.9998034020237593
GGTGAGTAGCCGCTTT-1,3,CD4_T_cells,,Tcm/Naive cytotoxic T cells,Tcm/Naive cytotoxic T cells,0.9899258719156865
GGTGAGTAGTAGCCAT-1,1,CD4_T_cells,,Tcm/Naive helper T cells,Tcm/Naive helper T cells,0.9999995631297115
GGTGAGTAGTCTTGAA-1,1,CD4_T_cells,,Tcm/Naive helper T cells,Tcm/Naive helper T cells,0.9742799958540175
GGTGAGTAGTGAGGGT-1,3,CD4_T_cells,,Tcm/Naive helper T cells,Tcm/Naive cytotoxic T cells,0.9952129874689252
GGTGAGTAGTTTCCTG-1,3,CD4_T_cells,,Tcm/Naive helper T cells,Tcm/Naive helper T cells,0.8711618831520049
GGTGATTTCAAGTGAG-1,1,CD4_T_cells,,Tcm/Naive helper T cells,Tcm/Naive helper T cells,0.9998820936920754
GGTGATTTCCATCAGG-1,0,Monocytes_CD14,,Classical monocytes,Classical monocytes,0.9998005468983029
GGTGATTTCCCGAAGC-1,3,CD4_T_cells,,Tcm/Naive cytotoxic T cells,Tcm/Naive cytotoxic T cells,0.9966438266314539
GGTGATTTCCCTGTTA-1,1,CD4_T_cells,,Tcm/Naive helper T cells,Tcm/Naive helper T cells,0.9921342410032301
GGTGATTTCCTTCGTA-1,0,Monocytes_CD14,,Classical monocytes,Classical monocytes,0.6717085321801204
GGTGATTTCTTGCTAT-1,2,T_cells_general,,Regulatory T cells,Tcm/Naive helper T cells,0.996183383274006
GGTGCTGGTCGACTAA-1,1,CD4_T_cells,,Tcm/Naive helper T cells,Tcm/Naive helper T cells,0.9999438875930889
GGTGCTGGTCTAACAG-1,5,Cytotoxic_T_NK,,CD16+ NK cells,CD16+ NK cells,0.9999979166827601
GGTGCTGGTGCTGTAA-1,4,Cytotoxic_T_NK,,Tem/Trm cytotoxic T cells,Tem/Trm cytotoxic T cells,0.3401477430608794
GGTGCTGGTTGCACGG-1,4,Cytotoxic_T_NK,,Tem/Temra cytotoxic T cells,Tem/Temra cytotoxic T cells,0.990674046865777
GGTGCTTCACGAATCC-1,2,T_cells_general,,Tcm/Naive helper T cells,Tcm/Naive helper T cells,0.758905009903311
GGTGCTTCAGAGGCTA-1,0,Monocytes_CD14,,Classical monocytes,Classical monocytes,0.9954598636210392
GGTGCTTCAGATAGAC-1,6,B_cells,,Memory B cells,Age-associated B cells,0.9946397841069072
GGTGCTTCATCACTTC-1,0,Monocytes_CD14,,Classical monocytes,Classical monocytes,0.999856539624943
GGTGCTTCATGACTAT-1,0,Monocytes_CD14,,Classical monocytes,Classical monocytes,0.9685006045115253
GGTGCTTCATGTTGGC-1,2,T_cells_general,,Tcm/Naive helper T cells,Tcm/Naive helper T cells,0.8736727798766506
GGTGTCCAGCCATCAG-1,0,Monocytes_CD14,,Classical monocytes,Classical monocytes,0.99976253403628
GGTGTCCAGGCCATCA-1,0,Monocytes_CD14,,Classical monocytes,Classical monocytes,0.9998379460923429
GGTGTCCAGTGTTGTA-1,0,Monocytes_CD14,,Classical monocytes,Classical monocytes,0.9962119576259577
GGTGTCCAGTTGCCTC-1,1,CD4_T_cells,,Tcm/Naive helper T cells,Tcm/Naive helper T cells,0.9998476576843309
GGTGTGACAAATACCT-1,6,B_cells,,Naive B cells,Memory B cells,0.9981223518792689
GGTGTGACAATTAACC-1,1,CD4_T_cells,,Tcm/Naive helper T cells,Tcm/Naive helper T cells,0.9461561222090362
GGTGTGACACGTAAGG-1,2,T_cells_general,,Tcm/Naive helper T cells,Tcm/Naive helper T cells,0.814316540365336
GGTGTGACAGCTAACC-1,0,Monocytes_CD14,,Classical monocytes,Classical monocytes,0.9638786324525624
GGTGTGACAGTCTAGC-1,4,Cytotoxic_T_NK,,Tem/Temra cytotoxic T cells,Tem/Temra cytotoxic T cells,0.809765714698997
GGTGTTGTCAAATCGC-1,0,Monocytes_CD14,,Classical monocytes,Classical monocytes,0.9962745885561973
GGTGTTGTCAAGCGCC-1,0,Monocytes_CD14,,Classical monocytes,Classical monocytes,0.9989008012575187
GGTGTTGTCCTTAAGA-1,3,CD4_T_cells,,Tcm/Naive cytotoxic T cells,Tcm/Naive cytotoxic T cells,0.9999802366338316
GGTGTTGTCGCAATCG-1,1,CD4_T_cells,,Tcm/Naive helper T cells,Tcm/Naive helper T cells,0.9999960109912712
GGTTAATGTAACTACG-1,7,Monocytes_general,,Non-classical monocytes,Non-classical monocytes,0.9999999985031058
GGTTAATGTAAGGTCC-1,0,Monocytes_CD14,,Classical monocytes,Classical monocytes,0.9999798120815836
GGTTAATGTCCTAGTT-1,0,Monocytes_CD14,,Classical monocytes,Classical monocytes,0.8621296120513909
GGTTAATGTGCTTTAC-1,0,Monocytes_CD14,,Non-classical monocytes,Classical monocytes,0.999402061432364
GGTTAATGTTAGCCAA-1,3,CD4_T_cells,,Tcm/Naive cytotoxic T cells,Tcm/Naive cytotoxic T cells,0.8415304400051646
GGTTAATGTTGTAAAC-1,2,T_cells_general,,Tcm/Naive helper T cells,Tcm/Naive helper T cells,0.2008762089762763
GGTTACCCAAATTCGT-1,5,Cytotoxic_T_NK,,CD16+ NK cells,CD16+ NK cells,0.9985434758668676
GGTTACCCAAGTTATC-1,9,Monocytes_general,,DC2,DC2,0.9999989995283005
GGTTACCCAGTTATGT-1,4,Cytotoxic_T_NK,,Tem/Trm cytotoxic T cells,Tem/Trm cytotoxic T cells,0.6429930616434733
GGTTACCCATAGCTGC-1,5,Cytotoxic_T_NK,,CD16+ NK cells,CD16+ NK cells,0.9971761298966877
GGTTACTAGAAAGGAA-1,2,T_cells_general,,Tcm/Naive helper T cells,Tcm/Naive helper T cells,0.18696822556151935
GGTTACTAGACAGGTA-1,4,Cytotoxic_T_NK,,CD16+ NK cells,CD8a/a,0.003383314341408897
GGTTACTAGACTCGCA-1,0,Monocytes_CD14,,Classical monocytes,Classical monocytes,0.7756694464161613
GGTTACTAGCAAGATG-1,2,T_cells_general,,Tcm/Naive helper T cells,Regulatory T cells,0.8364343737503377
GGTTACTAGCACTAGT-1,2,T_cells_general,,Tcm/Naive helper T cells,Tcm/Naive helper T cells,0.9692482727102535
GGTTACTAGCCACAAT-1,1,CD4_T_cells,,Tcm/Naive helper T cells,Tcm/Naive helper T cells,0.999903703438614
GGTTACTAGGAAGCTA-1,3,CD4_T_cells,,Tcm/Naive cytotoxic T cells,Tcm/Naive cytotoxic T cells,0.9989515619619224
GGTTACTAGGACCGCT-1,0,Monocytes_CD14,,Classical monocytes,Classical monocytes,0.9999987556443813
GGTTACTAGGATTTGC-1,7,Monocytes_general,,Non-classical monocytes,Non-classical monocytes,0.9999998158565201
GGTTACTAGGCGGGTA-1,0,Monocytes_CD14,,Classical monocytes,Classical monocytes,0.9998978298127018
GGTTACTAGTAACCCG-1,3,CD4_T_cells,,Tcm/Naive helper T cells,Tcm/Naive cytotoxic T cells,0.9989207690010117
GGTTACTAGTAAGGGC-1,2,T_cells_general,,Tcm/Naive helper T cells,Tcm/Naive helper T cells,0.9996920265631811
GGTTACTAGTCCTTCA-1,2,T_cells_general,,Tcm/Naive helper T cells,Tcm/Naive helper T cells,0.9316083322811537
GGTTAGCGTAATGGAA-1,0,Monocytes_CD14,,Classical monocytes,Classical monocytes,0.9998014988501149
GGTTAGCGTGACCTGG-1,1,CD4_T_cells,,Tcm/Naive helper T cells,Tcm/Naive helper T cells,0.9998408105900916
GGTTAGCGTGCAATGC-1,0,Monocytes_CD14,,Classical monocytes,Classical monocytes,0.9974620278519649
GGTTAGCGTGCTTAGA-1,1,CD4_T_cells,,Tcm/Naive helper T cells,Tcm/Naive helper T cells,0.999998137717881
GGTTAGCGTGGACATC-1,1,CD4_T_cells,,Tcm/Naive helper T cells,Tcm/Naive helper T cells,0.9999361220710417
GGTTAGCGTGGGAACA-1,4,Cytotoxic_T_NK,,Tem/Temra cytotoxic T cells,Tem/Temra cytotoxic T cells,0.9999648134922764
GGTTATATCAAGCCTG-1,1,CD4_T_cells,,Tcm/Naive helper T cells,Tcm/Naive helper T cells,0.9998818999201494
GGTTATATCATGGTGT-1,0,Monocytes_CD14,,Classical monocytes,Classical monocytes,0.07475863192495293
GGTTATATCGTGCTTC-1,3,CD4_T_cells,,Tcm/Naive cytotoxic T cells,Tcm/Naive cytotoxic T cells,0.261730458094819
GGTTATGGTACAATGT-1,0,Monocytes_CD14,,Classical monocytes,Classical monocytes,0.9984453589903692
GGTTATGGTCATTAGG-1,1,CD4_T_cells,,Tcm/Naive helper T cells,Tcm/Naive helper T cells,0.9998892004016702
GGTTATGGTGACCTGG-1,0,Monocytes_CD14,,Classical monocytes,Classical monocytes,0.9912347063585054
GGTTATGGTTAGGACC-1,3,CD4_T_cells,,Tcm/Naive cytotoxic T cells,Tcm/Naive cytotoxic T cells,0.9932683738157185
GGTTATGGTTGGTTGA-1,1,CD4_T_cells,,Tcm/Naive helper T cells,Tcm/Naive helper T cells,0.9998036016994986
GGTTATGGTTTAAAGC-1,0,Monocytes_CD14,,Classical monocytes,Classical monocytes,0.9999382298636039
GGTTCCCGTAACGTGC-1,11,pDC,,pDC,pDC,0.9999999572954263
GGTTCCCGTACGCGCA-1,10,Cytotoxic_T_NK,,MAIT cells,Tem/Temra cytotoxic T cells,0.6813531233630367
GGTTCCCGTACGGGTT-1,2,T_cells_general,,Tem/Effector helper T cells,Tem/Effector helper T cells,0.6724900762912409
GGTTCCCGTTCAAGCA-1,4,Cytotoxic_T_NK,,Tem/Temra cytotoxic T cells,Tem/Temra cytotoxic T cells,0.9412569276035905
GGTTCTTGTCCTTAGT-1,7,Monocytes_general,,Non-classical monocytes,Non-classical monocytes,0.9999999842586806
GGTTCTTGTCGACTCC-1,7,Monocytes_general,,Non-classical monocytes,Non-classical monocytes,0.9999991715410821
GGTTCTTGTGCTTACT-1,0,Monocytes_CD14,,Classical monocytes,Classical monocytes,0.9969884260844386
GGTTCTTGTGTCACGG-1,3,CD4_T_cells,,Tcm/Naive cytotoxic T cells,Tcm/Naive cytotoxic T cells,0.9997810628496945
GGTTCTTGTGTCCTGC-1,3,CD4_T_cells,,Tcm/Naive cytotoxic T cells,Tcm/Naive cytotoxic T cells,0.9988398120386806
GGTTCTTGTTACAACG-1,9,Monocytes_general,,Classical monocytes,Classical monocytes,0.7761166983956342
GGTTCTTGTTTAACCC-1,1,CD4_T_cells,,Tcm/Naive helper T cells,Tcm/Naive helper T cells,0.9998204153990685
GGTTGACGTACTGATG-1,6,B_cells,,Memory B cells,Age-associated B cells,0.9752548536920955
GGTTGACGTACTTAGG-1,0,Monocytes_CD14,,Classical monocytes,Classical monocytes,0.9985522058455379
GGTTGACGTATGTGGC-1,2,T_cells_general,,Tcm/Naive helper T cells,Tcm/Naive helper T cells,0.9983696513649207
GGTTGACGTCCTTTAA-1,1,CD4_T_cells,,Classical monocytes,Classical monocytes,0.2703980080358787
GGTTGACGTGCTTAGA-1,4,Cytotoxic_T_NK,,Tem/Trm cytotoxic T cells,Tem/Trm cytotoxic T cells,0.779113518315193
GGTTGACGTGTCCAAA-1,1,CD4_T_cells,,Tcm/Naive helper T cells,Tcm/Naive helper T cells,0.9999359433233483
GGTTGACGTTCACCCA-1,0,Monocytes_CD14,,Classical monocytes,Classical monocytes,0.9902407791662416
GGTTGAGCAATTAGGA-1,2,T_cells_general,,Tcm/Naive helper T cells,Tcm/Naive helper T cells,0.5160579624773272
GGTTGAGCAGCACGAA-1,1,CD4_T_cells,,Tcm/Naive helper T cells,Tcm/Naive helper T cells,0.9998171868223843
GGTTGAGCAGTAAGTA-1,0,Monocytes_CD14,,Classical monocytes,Classical monocytes,0.8406181894171738
GGTTGAGCATTGCAGC-1,2,T_cells_general,,Tcm/Naive helper T cells,Tcm/Naive helper T cells,0.9775873999286311
GGTTGCATCCAACTGG-1,3,CD4_T_cells,,Tcm/Naive cytotoxic T cells,Tcm/Naive cytotoxic T cells,0.9785362486956416
GGTTGCATCCTTAGGG-1,2,T_cells_general,,Tem/Effector helper T cells,Tcm/Naive helper T cells,0.9311647507390743
GGTTGCATCTCAATTC-1,1,CD4_T_cells,,Tcm/Naive helper T cells,Tcm/Naive helper T cells,0.9975863000590524
GGTTGCGGTAAACAAG-1,0,Monocytes_CD14,,Classical monocytes,Classical monocytes,0.999973667302701
GGTTGCGGTCACACCC-1,0,Monocytes_CD14,,Classical monocytes,Classical monocytes,0.9842557918822558
GGTTGCGGTCATTAGG-1,1,CD4_T_cells,,Tcm/Naive helper T cells,Tcm/Naive helper T cells,0.9998775640048351
GGTTGCGGTCGTTATC-1,0,Monocytes_CD14,,Classical monocytes,Classical monocytes,0.9835092041796359
GGTTGCGGTGGGTACT-1,3,CD4_T_cells,,Tcm/Naive cytotoxic T cells,Tcm/Naive cytotoxic T cells,0.9999833571212415
GGTTGCGGTTAACAGT-1,2,T_cells_general,,Regulatory T cells,Tcm/Naive helper T cells,0.1836578015719974
GGTTGCTCAACCCTAA-1,2,T_cells_general,,Tcm/Naive helper T cells,Tcm/Naive helper T cells,0.9990487512304823
GGTTGCTCAAGCCACT-1,0,Monocytes_CD14,,Classical monocytes,Classical monocytes,0.9684957008005974
GGTTGCTCAAGGTGCA-1,6,B_cells,,Age-associated B cells,Age-associated B cells,0.9989923862868086
GGTTGCTCACTCGCTC-1,3,CD4_T_cells,,Tcm/Naive cytotoxic T cells,Tcm/Naive cytotoxic T cells,0.9997076013623541
GGTTGCTCAGTAGGTG-1,0,Monocytes_CD14,,Classical monocytes,Classical monocytes,0.9995425702087858
GGTTGCTCATAGCTGC-1,1,CD4_T_cells,,Tcm/Naive helper T cells,Tcm/Naive helper T cells,0.9971867809141743
GGTTGCTCATGAGTTT-1,0,Monocytes_CD14,,Classical monocytes,Classical monocytes,0.999025472779147
GGTTGGTGTAATAACC-1,3,CD4_T_cells,,Tcm/Naive cytotoxic T cells,Tcm/Naive cytotoxic T cells,0.9974462322543907
GGTTGGTGTAATCGCA-1,0,Monocytes_CD14,,Classical monocytes,Classical monocytes,0.9996599901522045
GGTTGGTGTAGGTTTG-1,0,Monocytes_CD14,,Classical monocytes,Classical monocytes,0.9857986480809845
GGTTGGTGTCCGTAGG-1,3,CD4_T_cells,,Tcm/Naive cytotoxic T cells,Tcm/Naive cytotoxic T cells,0.999036850461485
GGTTGGTGTCCTAAGA-1,3,CD4_T_cells,,Tcm/Naive cytotoxic T cells,Tcm/Naive cytotoxic T cells,0.9973966091489395
GGTTGGTGTGGGAACA-1,1,CD4_T_cells,,Tcm/Naive helper T cells,Tcm/Naive helper T cells,0.9989767857391132
GGTTGGTGTTCAAGCA-1,2,T_cells_general,,Tcm/Naive helper T cells,Tcm/Naive helper T cells,0.3292770626034139
GGTTGGTGTTTAACGG-1,1,CD4_T_cells,,Tcm/Naive helper T cells,Tcm/Naive helper T cells,0.992779061018683
GGTTTAATCACATTGA-1,1,CD4_T_cells,,Tcm/Naive helper T cells,Tcm/Naive helper T cells,0.9997838876657865
GGTTTAATCACTAATG-1,3,CD4_T_cells,,Tcm/Naive cytotoxic T cells,Tcm/Naive cytotoxic T cells,0.7913280119543975
GGTTTAATCAGTTCCC-1,1,CD4_T_cells,,Tcm/Naive helper T cells,Tcm/Naive helper T cells,0.9989558567940412
GGTTTAATCGGCTAGC-1,4,Cytotoxic_T_NK,,Tem/Temra cytotoxic T cells,Tem/Temra cytotoxic T cells,0.9997991075640942
GGTTTAATCGTCAAGT-1,6,B_cells,,Memory B cells,Memory B cells,0.9999604232806335
GGTTTAATCTCACTAT-1,2,T_cells_general,,Tcm/Naive helper T cells,Tcm/Naive helper T cells,0.9974463708657675
GGTTTAATCTGTGCCT-1,0,Monocytes_CD14,,Classical monocytes,Classical monocytes,0.9935666669099339
GGTTTCCTCATGCATA-1,5,Cytotoxic_T_NK,,CD16- NK cells,CD16+ NK cells,0.9988671493177019
GGTTTCCTCCAGGTCA-1,9,Monocytes_general,,Classical monocytes,DC2,0.6065524870102057
GGTTTCCTCCGGGACT-1,0,Monocytes_CD14,,Classical monocytes,Classical monocytes,0.8912335253672063
GGTTTCCTCCTACCTA-1,1,CD4_T_cells,,Tcm/Naive helper T cells,Tcm/Naive helper T cells,0.9997745200749305
GGTTTCCTCCTTGCGT-1,1,CD4_T_cells,,Tcm/Naive helper T cells,Tcm/Naive helper T cells,0.999931983908624
GGTTTCCTCGTGCTTC-1,0,Monocytes_CD14,,Classical monocytes,Classical monocytes,0.9999876057780623
GGTTTCCTCGTTACAA-1,7,Monocytes_general,,Non-classical monocytes,Non-classical monocytes,0.9994328728057349
GGTTTCCTCTGTAATG-1,3,CD4_T_cells,,Tcm/Naive cytotoxic T cells,Tcm/Naive cytotoxic T cells,0.9952359258867625
GGTTTCTGTCTTGCAT-1,0,Monocytes_CD14,,Classical monocytes,Classical monocytes,0.9999298240030732
GGTTTCTGTGCAACTA-1,0,Monocytes_CD14,,Classical monocytes,Classical monocytes,0.9999032989889636
GGTTTCTGTGCTCCAC-1,3,CD4_T_cells,,Tcm/Naive cytotoxic T cells,Tcm/Naive cytotoxic T cells,0.9985678491280165
GGTTTCTGTGGTGAGA-1,0,Monocytes_CD14,,Classical monocytes,Classical monocytes,0.9638492293817726
GGTTTCTGTTCCATTA-1,7,Monocytes_general,,Non-classical monocytes,Non-classical monocytes,0.9999977580982159
GGTTTCTGTTTACGTC-1,3,CD4_T_cells,,Tcm/Naive cytotoxic T cells,Tcm/Naive cytotoxic T cells,0.9086370022541658
GGTTTGTAGGGCTAAA-1,2,T_cells_general,,Tcm/Naive helper T cells,Tcm/Naive helper T cells,0.9210745796191289
GGTTTGTAGTCCTTCA-1,3,CD4_T_cells,,Tcm/Naive cytotoxic T cells,Tcm/Naive cytotoxic T cells,0.9964140379017996
GGTTTGTAGTTGTCTT-1,1,CD4_T_cells,,Tcm/Naive helper T cells,Tcm/Naive helper T cells,0.9981530129701061
GTAAAGCCAAAGCGCA-1,2,T_cells_general,,Tem/Effector helper T cells,Tem/Effector helper T cells,0.8312972116422387
GTAAAGCCAATCTCTC-1,1,CD4_T_cells,,Tcm/Naive helper T cells,Tcm/Naive helper T cells,0.9989102122932868
GTAAAGCCACCACAAC-1,11,pDC,,pDC,pDC,0.9999999999703095
GTAAAGCCAGCCGCTA-1,0,Monocytes_CD14,,Classical monocytes,Classical monocytes,0.6801415277936288
GTAAAGCCAGTGAACG-1,8,B_cells,,Naive B cells,Naive B cells,0.999999170827962
GTAAAGCCAGTTAGCC-1,3,CD4_T_cells,,Tcm/Naive cytotoxic T cells,Tcm/Naive cytotoxic T cells,0.9999962276094351
GTAAAGCCATCCTGAA-1,1,CD4_T_cells,,Tcm/Naive helper T cells,Tcm/Naive helper T cells,0.9998691576230931
GTAAAGCCATTAAGCT-1,0,Monocytes_CD14,,Classical monocytes,Classical monocytes,0.9999953183893402
GTAAGCAAGAGAGGAG-1,0,Monocytes_CD14,,Classical monocytes,Classical monocytes,0.9999998051753731
GTAAGCAAGGACCTGC-1,1,CD4_T_cells,,Tcm/Naive helper T cells,Tcm/Naive helper T cells,0.999987210024595
GTAAGCAAGTAACTCA-1,0,Monocytes_CD14,,Classical monocytes,Classical monocytes,0.9980102857047638
GTAAGCAAGTGTTGTA-1,1,CD4_T_cells,,Tcm/Naive helper T cells,Tcm/Naive helper T cells,0.9961711695414045
GTAAGCGCACTTAACG-1,0,Monocytes_CD14,,Classical monocytes,Classical monocytes,0.9941241673026201
GTAAGCGCATAAGCAA-1,0,Monocytes_CD14,,Classical monocytes,Classical monocytes,0.9638064012906402
GTAAGCTTCAATTACG-1,0,Monocytes_CD14,,Classical monocytes,Classical monocytes,0.9997481764020821
GTAAGCTTCACGCCAA-1,1,CD4_T_cells,,Tcm/Naive helper T cells,Tcm/Naive helper T cells,0.9995748837984072
GTAAGCTTCAGGCCTA-1,7,Monocytes_general,,Non-classical monocytes,Non-classical monocytes,0.9999998951650108
GTAAGCTTCCTAGTTT-1,3,CD4_T_cells,,Tcm/Naive cytotoxic T cells,Tcm/Naive cytotoxic T cells,0.7003284406040741
GTAAGCTTCCTTAGTT-1,2,T_cells_general,,Tcm/Naive helper T cells,Tem/Effector helper T cells,0.6610791574975243
GTAAGCTTCCTTGTTG-1,3,CD4_T_cells,,Tcm/Naive cytotoxic T cells,Tcm/Naive cytotoxic T cells,0.9993273790063515
GTAAGCTTCTGTAATG-1,0,Monocytes_CD14,,Classical monocytes,Classical monocytes,0.9810957903057528
GTAAGGTCAATGCGCT-1,8,B_cells,,Naive B cells,Naive B cells,0.9999999727372583
GTAAGGTCATAAAGCA-1,2,T_cells_general,,Tem/Effector helper T cells,Tcm/Naive helper T cells,0.5425288283817571
GTAAGGTCATGCTATG-1,7,Monocytes_general,,Non-classical monocytes,Non-classical monocytes,0.9996889684010029
GTAATAGCAATAACGA-1,8,B_cells,,Naive B cells,Naive B cells,0.9999999618270735
GTAATAGCACCTGGTG-1,0,Monocytes_CD14,,Classical monocytes,Classical monocytes,0.9995335539199348
GTAATAGCAGGCTACT-1,4,Cytotoxic_T_NK,,CD16+ NK cells,Tem/Temra cytotoxic T cells,0.23142716269214675
GTAATAGCATGATTGT-1,0,Monocytes_CD14,,Classical monocytes,Classical monocytes,0.9999967921940364
GTAATAGCATTGTGCA-1,7,Monocytes_general,,Non-classical monocytes,Non-classical monocytes,0.9998982516805036
GTACAATGTATTTGCC-1,0,Monocytes_CD14,,Classical monocytes,Classical monocytes,0.9999999294951961
GTACAATGTCCGCTGT-1,2,T_cells_general,,Tcm/Naive helper T cells,Tcm/Naive helper T cells,0.9973841117156513
GTACAATGTGCTGTAA-1,4,Cytotoxic_T_NK,,Tem/Temra cytotoxic T cells,Tem/Temra cytotoxic T cells,0.9851235350319143
GTACAATGTGGAAACG-1,2,T_cells_general,,Tem/Effector helper T cells,Tem/Effector helper T cells,0.9999724716739937
GTACAATGTTAGTACG-1,1,CD4_T_cells,,Tcm/Naive helper T cells,Tcm/Naive helper T cells,0.9989400620906594
GTACAATGTTTAGTCC-1,0,Monocytes_CD14,,Classical monocytes,Classical monocytes,0.9567296329829638
GTACACCCAAACCTTG-1,2,T_cells_general,,Tcm/Naive helper T cells,Tcm/Naive helper T cells,0.6119726653865575
GTACACCCAAGTCGCT-1,6,B_cells,,Memory B cells,Memory B cells,0.9996940318509459
GTACACCCACCGTTCC-1,2,T_cells_general,,Tcm/Naive helper T cells,Tcm/Naive helper T cells,0.9323750645333265
GTACACCCAGGATGGC-1,2,T_cells_general,,Tem/Trm cytotoxic T cells,Tcm/Naive helper T cells,0.9083080983919583
GTACACCCAGTAAGTA-1,1,CD4_T_cells,,Tcm/Naive helper T cells,Tcm/Naive helper T cells,0.9999275868686174
GTACCGGGTACCTTAC-1,9,Monocytes_general,,DC2,DC2,0.9999690048743347
GTACCGGGTATACTGG-1,0,Monocytes_CD14,,Classical monocytes,Classical monocytes,0.9997383744481211
GTACCGGGTCAATACG-1,1,CD4_T_cells,,Tcm/Naive helper T cells,Tcm/Naive helper T cells,0.9997594413362564
GTACCGGGTGACATAT-1,0,Monocytes_CD14,,Classical monocytes,Classical monocytes,0.9998712598892011
GTACCGGGTTCACCCA-1,8,B_cells,,Naive B cells,Naive B cells,0.9999999665619268
GTACCTTGTAACCACA-1,1,CD4_T_cells,,Tcm/Naive helper T cells,Tcm/Naive helper T cells,0.9998333909921229
GTACCTTGTACCTTAC-1,3,CD4_T_cells,,Tcm/Naive helper T cells,Tcm/Naive cytotoxic T cells,0.9623438077329293
GTACCTTGTAGACAAA-1,4,Cytotoxic_T_NK,,Tem/Trm cytotoxic T cells,Tem/Trm cytotoxic T cells,0.9450707879895955
GTACCTTGTATGGTGC-1,0,Monocytes_CD14,,Classical monocytes,Classical monocytes,0.9994314191595546
GTACCTTGTCCACAAA-1,3,CD4_T_cells,,Tcm/Naive cytotoxic T cells,Tcm/Naive cytotoxic T cells,0.9955527613057802
GTACCTTGTGTGCACG-1,1,CD4_T_cells,,Tcm/Naive helper T cells,Tcm/Naive helper T cells,0.999974850606317
GTACCTTGTTAGGCTA-1,2,T_cells_general,,Tcm/Naive helper T cells,Tcm/Naive helper T cells,0.7924915777056392
GTACCTTGTTTGAGCA-1,4,Cytotoxic_T_NK,,Tem/Temra cytotoxic T cells,Tem/Temra cytotoxic T cells,0.9783315122584234
GTACGTAGTAACCAGC-1,8,B_cells,,Naive B cells,Naive B cells,0.9999999999506881
GTACGTAGTACCGTAA-1,0,Monocytes_CD14,,Classical monocytes,Classical monocytes,0.7250411692805024
GTACGTAGTAGTAAGA-1,0,Monocytes_CD14,,Classical monocytes,Classical monocytes,0.9960473278416835
GTACGTAGTCTTACTA-1,3,CD4_T_cells,,Tcm/Naive helper T cells,Tcm/Naive helper T cells,0.9681738000660516
GTACGTAGTGCATCGG-1,13,Plasma_cells,,Plasma cells,Plasma cells,0.999741716596095
GTACGTAGTGTCCAGG-1,0,Monocytes_CD14,,Classical monocytes,Classical monocytes,0.9988156307068979
GTACGTAGTTCATTTG-1,0,Monocytes_CD14,,Classical monocytes,Classical monocytes,0.9999666477317523
GTACTAATCACGTTAA-1,2,T_cells_general,,Tem/Effector helper T cells,Tcm/Naive helper T cells,0.9593048866038686
GTACTAATCACTAGGT-1,10,Cytotoxic_T_NK,,MAIT cells,MAIT cells,0.999995210779661
GTACTAATCTAATTGG-1,1,CD4_T_cells,,Tcm/Naive helper T cells,Tcm/Naive helper T cells,0.9999260142280755
GTACTAGGTTGCATCT-1,1,CD4_T_cells,,Tcm/Naive helper T cells,Tcm/Naive helper T cells,0.999860422748134
GTACTGGTCAAGCGCC-1,1,CD4_T_cells,,Tcm/Naive helper T cells,Tcm/Naive helper T cells,0.9974988746401975
GTACTGGTCAATCATG-1,4,Cytotoxic_T_NK,,Tem/Temra cytotoxic T cells,Tem/Temra cytotoxic T cells,0.9908836611068563
GTACTGGTCCCGCCTA-1,1,CD4_T_cells,,Tcm/Naive helper T cells,Tcm/Naive helper T cells,0.999999540662309
GTACTGGTCGCATTAA-1,1,CD4_T_cells,,Tcm/Naive helper T cells,Tcm/Naive helper T cells,0.9964652364065577
GTACTGGTCTTAAGTG-1,4,Cytotoxic_T_NK,,Tem/Temra cytotoxic T cells,Tem/Temra cytotoxic T cells,0.44505089797499553
GTACTTAAGAGGGACT-1,0,Monocytes_CD14,,Classical monocytes,Classical monocytes,0.980450317417063
GTACTTAAGCTAAGTC-1,0,Monocytes_CD14,,Classical monocytes,Classical monocytes,0.9469352075348066
GTACTTAAGTGAGGGT-1,6,B_cells,,Naive B cells,Age-associated B cells,0.6032406664382663
GTACTTCGTAGCCATA-1,0,Monocytes_CD14,,Monocytes,Classical monocytes,0.0315571630158515
GTACTTCGTCATGCCC-1,8,B_cells,,Naive B cells,Naive B cells,0.9999999791034495
GTACTTCGTCATTAGG-1,11,pDC,,pDC,pDC,0.999993834537857
GTACTTCGTCGTAAAT-1,2,T_cells_general,,Regulatory T cells,Regulatory T cells,0.9999830159840193
GTACTTCGTGGATTAT-1,2,T_cells_general,,Tcm/Naive helper T cells,Tcm/Naive helper T cells,0.8798927974798566
GTACTTCGTTGCAATG-1,11,pDC,,pDC,pDC,0.9999995403440526
GTACTTCGTTTAAAGC-1,12,Stress_response,,Megakaryocyte-erythroid-mast cell progenitor,HSC/MPP,0.999840184427483
GTAGCCATCGGCCATA-1,3,CD4_T_cells,,Tcm/Naive cytotoxic T cells,Tcm/Naive cytotoxic T cells,0.9984368000944618
GTAGCCATCGTCCTTA-1,0,Monocytes_CD14,,Classical monocytes,Classical monocytes,0.998866833381328
GTAGCCATCTTACTCG-1,0,Monocytes_CD14,,Classical monocytes,Classical monocytes,0.999999555758444
GTAGCGCTCACAGGAA-1,3,CD4_T_cells,,Tcm/Naive helper T cells,Tcm/Naive cytotoxic T cells,0.8626710956512665
GTAGCTGTCACGTTAA-1,1,CD4_T_cells,,Tcm/Naive helper T cells,Tcm/Naive helper T cells,0.9921103404920726
GTAGCTGTCAGGCCTA-1,6,B_cells,,Memory B cells,Age-associated B cells,0.9744912059260308
GTAGCTGTCCGGCTAA-1,4,Cytotoxic_T_NK,,Tem/Temra cytotoxic T cells,Tem/Temra cytotoxic T cells,0.398346760022266
GTAGCTGTCGGCTATG-1,0,Monocytes_CD14,,Classical monocytes,Classical monocytes,0.994037303054197
GTAGCTGTCGTGCTTC-1,4,Cytotoxic_T_NK,,Tem/Trm cytotoxic T cells,Tem/Temra cytotoxic T cells,0.8211369588487023
GTAGGAGGTCAAGTAT-1,2,T_cells_general,,Tcm/Naive helper T cells,Tcm/Naive helper T cells,0.9369733237675301
GTAGGAGGTTCATCTA-1,1,CD4_T_cells,,Tcm/Naive helper T cells,Tcm/Naive helper T cells,0.9999708424616343
GTAGGAGGTTTGCTGT-1,2,T_cells_general,,Tcm/Naive helper T cells,Tem/Effector helper T cells,0.8980605880982738
GTAGGAGGTTTGTGGA-1,5,Cytotoxic_T_NK,,CD16+ NK cells,CD16+ NK cells,0.9993481203543487
GTAGGATCAACTAACT-1,1,CD4_T_cells,,Tcm/Naive helper T cells,Tcm/Naive helper T cells,0.9969891751995605
GTAGGATCACAAAGGT-1,0,Monocytes_CD14,,Classical monocytes,Classical monocytes,0.997812751492959
GTAGGATCACAGGAAT-1,3,CD4_T_cells,,Tcm/Naive cytotoxic T cells,Tcm/Naive cytotoxic T cells,0.9910286481759898
GTAGGATCACCTACGG-1,1,CD4_T_cells,,Tcm/Naive helper T cells,Tcm/Naive helper T cells,0.9999846920343263
GTAGGATCAGCCTTGG-1,2,T_cells_general,,Tem/Effector helper T cells,Tem/Effector helper T cells,0.9978437191841957
GTAGGATCAGCTAACC-1,0,Monocytes_CD14,,Classical monocytes,Classical monocytes,0.9999964585162808
GTAGGATCAGGAATCG-1,0,Monocytes_CD14,,Classical monocytes,Classical monocytes,0.9944490331333968
GTAGGCGAGAGAAGGG-1,3,CD4_T_cells,,Tcm/Naive cytotoxic T cells,Tcm/Naive cytotoxic T cells,0.9893927219415278
GTAGGCGAGAGGAAGG-1,1,CD4_T_cells,,Tcm/Naive helper T cells,Tcm/Naive helper T cells,0.9723237119358809
GTAGGCGAGGTGAAAT-1,1,CD4_T_cells,,Tcm/Naive helper T cells,Tcm/Naive helper T cells,0.9999873171361522
GTAGGTGCAACACCTA-1,11,pDC,,pDC,pDC,0.9999999755340813
GTAGGTGCAACGTGCT-1,4,Cytotoxic_T_NK,,Tem/Temra cytotoxic T cells,Tem/Temra cytotoxic T cells,0.914522239119808
GTAGGTGCAACTGGGA-1,0,Monocytes_CD14,,Classical monocytes,Classical monocytes,0.9935911709941684
GTAGGTGCAAGCCACT-1,7,Monocytes_general,,Non-classical monocytes,Non-classical monocytes,0.9454234968567902
GTAGGTGCACGCAACT-1,2,T_cells_general,,Regulatory T cells,Regulatory T cells,0.9999952720478824
GTAGGTGCATAAGCAA-1,2,T_cells_general,,Tcm/Naive helper T cells,Tcm/Naive helper T cells,0.8941100884864618
GTAGGTGCATAATCCG-1,0,Monocytes_CD14,,DC2,Classical monocytes,0.2593815834025219
GTAGGTGCATATAACC-1,1,CD4_T_cells,,Tcm/Naive helper T cells,Tcm/Naive helper T cells,0.9999437522186012
GTAGTTATCACCGGTA-1,4,Cytotoxic_T_NK,,Tem/Temra cytotoxic T cells,Tem/Temra cytotoxic T cells,0.9751209367594049
GTAGTTATCGCTAAAC-1,3,CD4_T_cells,,Tcm/Naive helper T cells,Tcm/Naive helper T cells,0.95727816348796
GTAGTTTCAATTAGCT-1,3,CD4_T_cells,,Tcm/Naive helper T cells,Tcm/Naive helper T cells,0.9962219668989757
GTAGTTTCAGCCGCTA-1,2,T_cells_general,,Tcm/Naive helper T cells,Tcm/Naive helper T cells,0.9999966699354557
GTAGTTTCAGGAACAT-1,0,Monocytes_CD14,,Classical monocytes,Classical monocytes,0.9994312988575297
GTATCGCCAAGTGTTT-1,0,Monocytes_CD14,,Classical monocytes,Classical monocytes,0.8113438580902963
GTATCGCCAATAGCCC-1,2,T_cells_general,,Tcm/Naive helper T cells,Tcm/Naive helper T cells,0.9929249110520855
GTATCGCCACAATGTT-1,1,CD4_T_cells,,Tcm/Naive helper T cells,Tcm/Naive helper T cells,0.9999901874137623
GTATCGCCATAAAGCA-1,0,Monocytes_CD14,,Classical monocytes,Classical monocytes,0.6792153200766925
GTATCGCCATGCAACC-1,3,CD4_T_cells,,Tcm/Naive cytotoxic T cells,Tcm/Naive cytotoxic T cells,0.9979003582251593
GTATGTGGTCAATGTG-1,0,Monocytes_CD14,,Classical monocytes,Classical monocytes,0.998751364626512
GTATGTGGTCATAACG-1,6,B_cells,,Age-associated B cells,Age-associated B cells,0.9979282176877421
GTATGTGGTCCCGAAG-1,1,CD4_T_cells,,Tcm/Naive helper T cells,Tcm/Naive helper T cells,0.999959941114494
GTATGTGGTGGCTTCC-1,5,Cytotoxic_T_NK,,CD16+ NK cells,CD16+ NK cells,0.9979657149622208
GTATGTGGTTAGCAGC-1,3,CD4_T_cells,,Tcm/Naive cytotoxic T cells,Tcm/Naive cytotoxic T cells,0.9461044380893634
GTATGTTCAAGGGTTG-1,1,CD4_T_cells,,Tcm/Naive helper T cells,Tcm/Naive helper T cells,0.9996719290583976
GTATGTTCAATCCTAG-1,8,B_cells,,Naive B cells,Naive B cells,0.9999999509279804
GTATGTTCACCAACCG-1,4,Cytotoxic_T_NK,,Tem/Temra cytotoxic T cells,Tem/Temra cytotoxic T cells,0.9984447517157101
GTATGTTCAGAGGGAG-1,4,Cytotoxic_T_NK,,Tem/Trm cytotoxic T cells,Tem/Trm cytotoxic T cells,0.9914591675504622
GTATGTTCAGGTTATT-1,3,CD4_T_cells,,Tcm/Naive cytotoxic T cells,Tcm/Naive cytotoxic T cells,0.9992525777282522
GTATGTTCATGTTGCA-1,1,CD4_T_cells,,Classical monocytes,Classical monocytes,0.532315087154485
GTATGTTCATTAGGTT-1,2,T_cells_general,,Tcm/Naive helper T cells,Tcm/Naive helper T cells,0.9998976303481423
GTATTCAAGCCTGGTA-1,1,CD4_T_cells,,Tcm/Naive helper T cells,Tcm/Naive helper T cells,0.9998895258313564
GTATTCAAGGAAGTAT-1,0,Monocytes_CD14,,Classical monocytes,Classical monocytes,0.9948623770533773
GTATTCAAGTTATCCT-1,2,T_cells_general,,Tem/Effector helper T cells,Tcm/Naive helper T cells,0.5863121975276758
GTATTGATCAAGCTAC-1,2,T_cells_general,,Tcm/Naive helper T cells,Tcm/Naive helper T cells,0.17042092820555044
GTATTGATCACGTTAA-1,3,CD4_T_cells,,Tcm/Naive helper T cells,Tcm/Naive cytotoxic T cells,0.9990161683359563
GTATTGATCCAGGAAA-1,2,T_cells_general,,Tcm/Naive helper T cells,Regulatory T cells,0.7878971310332087
GTATTGATCCCATAAA-1,6,B_cells,,Memory B cells,Age-associated B cells,0.9609103887595434
GTATTGATCGATTATG-1,4,Cytotoxic_T_NK,,CRTAM+ gamma-delta T cells,Tem/Temra cytotoxic T cells,0.9992720083191922
GTATTGATCTATGACA-1,0,Monocytes_CD14,,Classical monocytes,Classical monocytes,0.999972632512636
GTATTGATCTCAATTC-1,1,CD4_T_cells,,Tcm/Naive helper T cells,Tcm/Naive helper T cells,0.9993029944670305
GTATTGCAGCAAGGAC-1,2,T_cells_general,,Tcm/Naive helper T cells,Tem/Effector helper T cells,0.20474391288208865
GTATTGCAGCCTTAAA-1,2,T_cells_general,,Tcm/Naive helper T cells,Tcm/Naive helper T cells,0.9975411738999729
GTATTGCAGCGCTAAT-1,0,Monocytes_CD14,,Classical monocytes,Classical monocytes,0.9997465732843942
GTATTGCAGTAGGATG-1,0,Monocytes_CD14,,Classical monocytes,Classical monocytes,0.999744211383599
GTATTGCAGTGAGCGG-1,2,T_cells_general,,Tem/Effector helper T cells,Tem/Effector helper T cells,0.7463161197778535
GTATTGCAGTTATCCT-1,2,T_cells_general,,Tcm/Naive helper T cells,Tcm/Naive helper T cells,0.8852834413785434
GTATTGTCACTGGCCA-1,1,CD4_T_cells,,Tcm/Naive helper T cells,Tcm/Naive helper T cells,0.9954030088136442
GTATTGTCATAAGGAC-1,1,CD4_T_cells,,Tcm/Naive helper T cells,Tcm/Naive helper T cells,0.9143606834068225
GTATTGTCATACCCGG-1,2,T_cells_general,,Tem/Effector helper T cells,Tem/Effector helper T cells,0.8949901768186282
GTATTGTCATGGTTAT-1,1,CD4_T_cells,,Tcm/Naive helper T cells,Tcm/Naive helper T cells,0.9999981884640784
GTCAAACTCACTAATG-1,2,T_cells_general,,Tcm/Naive helper T cells,Tcm/Naive helper T cells,0.9930747191005297
GTCAAACTCACTTCAT-1,3,CD4_T_cells,,Tcm/Naive helper T cells,Tcm/Naive cytotoxic T cells,0.9875651676964788
GTCAAACTCATCCTCA-1,0,Monocytes_CD14,,Classical monocytes,Classical monocytes,0.9999932223528114
GTCAAACTCCTAAGGT-1,10,Cytotoxic_T_NK,,MAIT cells,MAIT cells,0.6572293132617384
GTCAAACTCGACAAAG-1,5,Cytotoxic_T_NK,,CD16+ NK cells,CD16+ NK cells,0.9938349699788498
GTCAAACTCGCTATGG-1,0,Monocytes_CD14,,Classical monocytes,Classical monocytes,0.9973708115235723
GTCAATATCACAGGAA-1,3,CD4_T_cells,,Tcm/Naive cytotoxic T cells,Tcm/Naive cytotoxic T cells,0.9991560027125722
GTCAATATCATCACTT-1,1,CD4_T_cells,,Tcm/Naive helper T cells,Tcm/Naive helper T cells,0.9999953083251938
GTCAATATCATGCAAC-1,1,CD4_T_cells,,Tcm/Naive helper T cells,Tcm/Naive helper T cells,0.9999992025808618
GTCAATATCATTTGTC-1,3,CD4_T_cells,,Tcm/Naive helper T cells,Tcm/Naive cytotoxic T cells,0.956300955388092
GTCAATATCCCATAAA-1,6,B_cells,,Naive B cells,Age-associated B cells,0.748837775650153
GTCAATATCCGCAAGC-1,7,Monocytes_general,,Non-classical monocytes,Non-classical monocytes,0.999998302551231
GTCAATATCGCACACA-1,4,Cytotoxic_T_NK,,Tem/Temra cytotoxic T cells,Tem/Temra cytotoxic T cells,0.9737932488287946
GTCAATATCGGGACCT-1,2,T_cells_general,,Tcm/Naive helper T cells,Tcm/Naive helper T cells,0.9526379566144595
GTCAATATCTAATTGG-1,6,B_cells,,Memory B cells,Memory B cells,0.9999270099663984
GTCAATATCTTGGACG-1,1,CD4_T_cells,,Tcm/Naive helper T cells,Tcm/Naive helper T cells,0.9999477971746612
GTCAATATCTTTGACT-1,0,Monocytes_CD14,,Classical monocytes,Classical monocytes,0.9909318536524985
GTCAGGCTCAGTATTG-1,4,Cytotoxic_T_NK,,Tem/Temra cytotoxic T cells,Tem/Temra cytotoxic T cells,0.11456854858732798
GTCAGGCTCCAGGAAA-1,1,CD4_T_cells,,Tcm/Naive helper T cells,Tcm/Naive helper T cells,0.9996129011483705
GTCAGGCTCCCAGTAG-1,6,B_cells,,Memory B cells,Memory B cells,0.9996542970686958
GTCAGGCTCCCGTTTA-1,5,Cytotoxic_T_NK,,CD16+ NK cells,CD16+ NK cells,0.9999992593041689
GTCAGGCTCCGGTATG-1,0,Monocytes_CD14,,Classical monocytes,Classical monocytes,0.9999855472699757
GTCAGGCTCTAAGTCA-1,0,Monocytes_CD14,,Classical monocytes,Classical monocytes,0.9642623716182311
GTCAGGCTCTTAGGAC-1,4,Cytotoxic_T_NK,,Tem/Temra cytotoxic T cells,Tem/Temra cytotoxic T cells,0.9997476108509847
GTCATCACACCGGTAT-1,3,CD4_T_cells,,Tcm/Naive cytotoxic T cells,Tcm/Naive cytotoxic T cells,0.9969907695366765
GTCATCACACGTGCTG-1,0,Monocytes_CD14,,Classical monocytes,Classical monocytes,0.9984561890486412
GTCATCACACTGGCCA-1,0,Monocytes_CD14,,Non-classical monocytes,Classical monocytes,0.07115284698328493
GTCATCACAGAGGGAG-1,0,Monocytes_CD14,,Classical monocytes,Classical monocytes,0.9875021350083352
GTCATCACAGCCGCTA-1,4,Cytotoxic_T_NK,,Tem/Temra cytotoxic T cells,Tem/Temra cytotoxic T cells,0.9577982143102522
GTCATCACAGGCTTGT-1,1,CD4_T_cells,,Tcm/Naive helper T cells,Tcm/Naive helper T cells,0.9761464898638168
GTCATCACATAAACCT-1,8,B_cells,,Naive B cells,Naive B cells,0.9999998954892324
GTCATCACATATTGAC-1,1,CD4_T_cells,,Tcm/Naive helper T cells,Tcm/Naive helper T cells,0.9999979743559974
GTCATCCTCCGCAAGC-1,3,CD4_T_cells,,Tcm/Naive cytotoxic T cells,Tcm/Naive cytotoxic T cells,0.9999476157969133
GTCATCCTCCTGATTT-1,8,B_cells,,Naive B cells,Naive B cells,0.9999999996066677
GTCATCCTCTTGAGCG-1,3,CD4_T_cells,,Tcm/Naive cytotoxic T cells,Tcm/Naive cytotoxic T cells,0.9845965789722758
GTCATGAGTAGCCATA-1,3,CD4_T_cells,,Tcm/Naive cytotoxic T cells,Tcm/Naive cytotoxic T cells,0.9991729244121025
GTCATGAGTATCTGGA-1,11,pDC,,pDC,pDC,0.9999999749099686
GTCATGAGTCAAACTG-1,7,Monocytes_general,,Non-classical monocytes,Non-classical monocytes,0.9999734439229496
GTCATGAGTGGATTAT-1,3,CD4_T_cells,,Tcm/Naive cytotoxic T cells,Tcm/Naive cytotoxic T cells,0.9997684776163546
GTCATGAGTTAACAGT-1,2,T_cells_general,,Regulatory T cells,Regulatory T cells,0.9999302344819515
GTCATGAGTTACCTGT-1,1,CD4_T_cells,,Tcm/Naive helper T cells,Tcm/Naive helper T cells,0.999664709324713
GTCATGAGTTCTTTAG-1,4,Cytotoxic_T_NK,,Tem/Trm cytotoxic T cells,Tem/Trm cytotoxic T cells,0.6285328095846854
GTCATGAGTTGAATCG-1,6,B_cells,,Memory B cells,Memory B cells,0.9999100253233646
GTCATGCCAATAACGA-1,1,CD4_T_cells,,Tcm/Naive helper T cells,Tcm/Naive helper T cells,0.9999271383759347
GTCATGCCAATCCTAG-1,5,Cytotoxic_T_NK,,CD16+ NK cells,CD16+ NK cells,0.9980961396573599
GTCATGCCACAATGTT-1,4,Cytotoxic_T_NK,,Tem/Temra cytotoxic T cells,Tem/Temra cytotoxic T cells,0.9985809914080075
GTCATGCCAGCACCAT-1,5,Cytotoxic_T_NK,,CD16+ NK cells,CD16+ NK cells,0.9999969468934704
GTCATGCCAGGTTAAA-1,4,Cytotoxic_T_NK,,Tem/Trm cytotoxic T cells,Tem/Trm cytotoxic T cells,0.9456716736528094
GTCATGCCAGTAGCCT-1,6,B_cells,,Naive B cells,Memory B cells,0.9986321825632827
GTCATGCCATCCTGAA-1,0,Monocytes_CD14,,Classical monocytes,Classical monocytes,0.9549436957066385
GTCATGCCATCGCTCC-1,3,CD4_T_cells,,Tcm/Naive helper T cells,Tcm/Naive helper T cells,0.5104942080413745
GTCATGCCATGGCCTG-1,3,CD4_T_cells,,Tcm/Naive cytotoxic T cells,Tcm/Naive cytotoxic T cells,0.9418254703111278
GTCATGCCATTCCTGT-1,1,CD4_T_cells,,Tcm/Naive helper T cells,Tcm/Naive helper T cells,0.999643085604526
GTCATGCCATTGACAT-1,2,T_cells_general,,Tem/Effector helper T cells,Tem/Effector helper T cells,0.9535193390749072
GTCATTAAGCCATCAG-1,2,T_cells_general,,Tcm/Naive helper T cells,Tcm/Naive helper T cells,0.9889550774509005
GTCATTAAGCCTGTTC-1,9,Monocytes_general,,DC2,DC2,0.990330009212634
GTCATTAAGGACTTAC-1,7,Monocytes_general,,Non-classical monocytes,Non-classical monocytes,0.9999751549312722
GTCATTAAGTCAATTG-1,3,CD4_T_cells,,Tcm/Naive cytotoxic T cells,Tcm/Naive cytotoxic T cells,0.9981266107205311
GTCATTAAGTTGGCCA-1,3,CD4_T_cells,,Tcm/Naive helper T cells,Tcm/Naive helper T cells,0.9969242266419975
GTCATTAAGTTTGCGG-1,2,T_cells_general,,Tem/Effector helper T cells,Tcm/Naive helper T cells,0.15827508589037717
GTCCAAGTCAGGGCCT-1,0,Monocytes_CD14,,Non-classical monocytes,Classical monocytes,0.008681566571714329
GTCCAAGTCCCTTGCG-1,7,Monocytes_general,,Non-classical monocytes,Non-classical monocytes,0.9996626727794671
GTCCAAGTCCTTCGTA-1,0,Monocytes_CD14,,Classical monocytes,Classical monocytes,0.9999716934440391
GTCCAAGTCGTTTCCA-1,3,CD4_T_cells,,Tcm/Naive cytotoxic T cells,Tcm/Naive cytotoxic T cells,0.6662219671372425
GTCCAAGTCTAGCGTG-1,0,Monocytes_CD14,,Classical monocytes,Classical monocytes,0.9999246408198936
GTCCAGGGTAATGGCC-1,7,Monocytes_general,,Non-classical monocytes,Non-classical monocytes,0.994640162626718
GTCCAGGGTATTTGCC-1,0,Monocytes_CD14,,Non-classical monocytes,Classical monocytes,0.9680982438155419
GTCCAGGGTCAATAGT-1,2,T_cells_general,,Tem/Effector helper T cells,Tcm/Naive helper T cells,0.9677242115755975
GTCCAGGGTCCTCCAA-1,7,Monocytes_general,,Non-classical monocytes,Non-classical monocytes,0.9369293944981882
GTCCAGGGTGAGCACT-1,10,Cytotoxic_T_NK,,MAIT cells,MAIT cells,0.9986349475054759
GTCCAGGGTTCGGTAA-1,1,CD4_T_cells,,Tcm/Naive helper T cells,Tcm/Naive helper T cells,0.999976455228636
GTCCATTGTAACCTAG-1,2,T_cells_general,,Tcm/Naive helper T cells,Tem/Effector helper T cells,0.527842350672515
GTCCATTGTAGGATTT-1,2,T_cells_general,,Tem/Trm cytotoxic T cells,Tcm/Naive helper T cells,0.23407115285497881
GTCCATTGTCACAGCG-1,3,CD4_T_cells,,Tcm/Naive cytotoxic T cells,Tcm/Naive cytotoxic T cells,0.9945961543611423
GTCCATTGTGCTTAGA-1,3,CD4_T_cells,,Tcm/Naive cytotoxic T cells,Tcm/Naive cytotoxic T cells,0.9909306431124267
GTCCATTGTGTCCAGG-1,1,CD4_T_cells,,Tcm/Naive helper T cells,Tcm/Naive helper T cells,0.99901103958382
GTCCATTGTTACAAAC-1,0,Monocytes_CD14,,Classical monocytes,Classical monocytes,0.9999702977601651
GTCCATTGTTAGCCAA-1,2,T_cells_general,,Tcm/Naive helper T cells,Tcm/Naive helper T cells,0.9989711781718035
GTCCATTGTTATGTGG-1,4,Cytotoxic_T_NK,,Tem/Trm cytotoxic T cells,Tem/Trm cytotoxic T cells,0.9040104638682207
GTCCATTGTTGCACAA-1,11,pDC,,pDC,pDC,0.99999674960271
GTCCATTGTTGGCCGA-1,0,Monocytes_CD14,,Classical monocytes,Classical monocytes,0.9999060685498585
GTCCGTAAGCGAGGTG-1,0,Monocytes_CD14,,Classical monocytes,Classical monocytes,0.9995537872832961
GTCCGTAAGGACACTT-1,3,CD4_T_cells,,Tcm/Naive helper T cells,Tcm/Naive cytotoxic T cells,0.9313106383827656
GTCCGTAAGGTCTTGG-1,7,Monocytes_general,,Non-classical monocytes,Non-classical monocytes,0.9999897054872324
GTCCTAGAGACTTATG-1,0,Monocytes_CD14,,Non-classical monocytes,Classical monocytes,0.9074487825178778
GTCCTAGAGCATTATG-1,4,Cytotoxic_T_NK,,Tem/Temra cytotoxic T cells,Tem/Temra cytotoxic T cells,0.48499740176732997
GTCCTAGAGCCTGTGA-1,2,T_cells_general,,Regulatory T cells,Regulatory T cells,0.9989891282576805
GTCCTAGAGCTGTCAG-1,4,Cytotoxic_T_NK,,Tem/Temra cytotoxic T cells,Tem/Temra cytotoxic T cells,0.9999157359644132
GTCCTAGAGGACCTCA-1,5,Cytotoxic_T_NK,,CD16- NK cells,CD16+ NK cells,0.5162940565646033
GTCCTAGAGGGTCCAC-1,0,Monocytes_CD14,,Classical monocytes,Classical monocytes,0.9999999250909889
GTCCTAGAGTACCGCA-1,4,Cytotoxic_T_NK,,Tcm/Naive cytotoxic T cells,Tem/Trm cytotoxic T cells,0.9949656981948279
GTCCTAGAGTCACCAG-1,2,T_cells_general,,Tcm/Naive helper T cells,Tem/Effector helper T cells,0.2547328568352793
GTCCTCAGTGCAACTA-1,3,CD4_T_cells,,Tcm/Naive cytotoxic T cells,Tcm/Naive cytotoxic T cells,0.9179721138342773
GTCCTCAGTGCGCAAT-1,4,Cytotoxic_T_NK,,Tem/Trm cytotoxic T cells,Tem/Trm cytotoxic T cells,0.9320858090663741
GTCCTCAGTGTGCACG-1,2,T_cells_general,,Tem/Effector helper T cells,Tem/Effector helper T cells,0.9820318156729061
GTCCTCAGTTAGAGGG-1,1,CD4_T_cells,,Tcm/Naive helper T cells,Tcm/Naive helper T cells,0.999980896989879
GTCCTCAGTTATAGCG-1,2,T_cells_general,,Tcm/Naive helper T cells,Tcm/Naive helper T cells,0.9971589437985172
GTCCTCAGTTCCATTA-1,3,CD4_T_cells,,Tcm/Naive helper T cells,Tcm/Naive cytotoxic T cells,0.38251695571871364
GTCCTCAGTTGTAAAC-1,4,Cytotoxic_T_NK,,Tem/Trm cytotoxic T cells,Tem/Trm cytotoxic T cells,0.9997400950777214
GTCCTCCCAAGGAATC-1,6,B_cells,,Memory B cells,Memory B cells,0.9992066368631792
GTCCTCCCACCACAAC-1,2,T_cells_general,,Type 17 helper T cells,Tem/Effector helper T cells,0.9631145232182037
GTCCTCCCACCTATAG-1,0,Monocytes_CD14,,Classical monocytes,Classical monocytes,0.999656569436901
GTCCTCCCAGAAATTG-1,0,Monocytes_CD14,,Classical monocytes,Classical monocytes,0.9336240836482143
GTCCTCCCAGGCGATA-1,2,T_cells_general,,Regulatory T cells,Regulatory T cells,0.9766739976219236
GTCCTCCCAGTTTACG-1,6,B_cells,,Memory B cells,Memory B cells,0.9995875669395142
GTCCTCCCATTGCGGT-1,2,T_cells_general,,Regulatory T cells,Regulatory T cells,0.9997300099309601
GTCGAAGCAATTAGGA-1,5,Cytotoxic_T_NK,,Tem/Temra cytotoxic T cells,CD16+ NK cells,0.9891396696557853
GTCGAAGCACTAAGAA-1,0,Monocytes_CD14,,Classical monocytes,Classical monocytes,0.9596941397294573
GTCGAAGCACTGGCCA-1,5,Cytotoxic_T_NK,,CD16+ NK cells,CD16+ NK cells,0.9991184783191679
GTCGAAGCAGGTTAAA-1,0,Monocytes_CD14,,Classical monocytes,Classical monocytes,0.9957875987995638
GTCGAGGAGACTTACA-1,2,T_cells_general,,Tcm/Naive helper T cells,Tcm/Naive helper T cells,0.3340212200647106
GTCGAGGAGCTCAAAC-1,7,Monocytes_general,,Non-classical monocytes,Non-classical monocytes,0.9999556325311
GTCGAGGAGGATGATG-1,0,Monocytes_CD14,,Classical monocytes,Classical monocytes,0.9999812394807065
GTCGAGGAGGGCCATC-1,1,CD4_T_cells,,Tcm/Naive helper T cells,Tcm/Naive helper T cells,0.9825514808517293
GTCGAGGAGTAACCCG-1,2,T_cells_general,,Tcm/Naive helper T cells,Tcm/Naive helper T cells,0.7678797232929262
GTCGAGGAGTTATTCC-1,1,CD4_T_cells,,Tcm/Naive helper T cells,Tcm/Naive helper T cells,0.9388031453378447
GTCGAGGAGTTTGGGT-1,3,CD4_T_cells,,Tcm/Naive helper T cells,Tcm/Naive cytotoxic T cells,0.34958261196543367
GTCGCAATCATGCAAC-1,2,T_cells_general,,Tcm/Naive helper T cells,Tcm/Naive helper T cells,0.9994955968501538
GTCGCAATCCGTGACA-1,3,CD4_T_cells,,Tcm/Naive cytotoxic T cells,Tcm/Naive cytotoxic T cells,0.9637973770938738
GTCGCAATCTCAATAG-1,3,CD4_T_cells,,Tcm/Naive helper T cells,Tcm/Naive cytotoxic T cells,0.6982767818063741
GTCGGTTCAGCCAGTT-1,1,CD4_T_cells,,Tcm/Naive helper T cells,Tcm/Naive helper T cells,0.9997519091045725
GTCGGTTCAGTTTGGC-1,0,Monocytes_CD14,,Non-classical monocytes,Classical monocytes,0.24251886717422866
GTCGGTTCATAATCAC-1,7,Monocytes_general,,Non-classical monocytes,Non-classical monocytes,0.9989753463059667
GTCGGTTCATCTTGAG-1,8,B_cells,,Naive B cells,Naive B cells,0.9999998167256007
GTCGGTTCATTGACAT-1,0,Monocytes_CD14,,Classical monocytes,Classical monocytes,0.9994878260301737
GTCTAACAGGCCCAGT-1,1,CD4_T_cells,,Tcm/Naive helper T cells,Tcm/Naive helper T cells,0.9789014266946614
GTCTAACAGGGACTAA-1,0,Monocytes_CD14,,Classical monocytes,Classical monocytes,0.9999941977293442
GTCTAACAGTGATTCA-1,1,CD4_T_cells,,Tcm/Naive helper T cells,Tcm/Naive helper T cells,0.9999777146628736
GTCTAACAGTTGGATC-1,0,Monocytes_CD14,,Classical monocytes,Classical monocytes,0.9999989852072815
GTCTAATCAAACTGCC-1,10,Cytotoxic_T_NK,,MAIT cells,MAIT cells,0.991825120120786
GTCTAATCAATAACCT-1,3,CD4_T_cells,,Tcm/Naive helper T cells,Tcm/Naive cytotoxic T cells,0.9819396897973276
GTCTAATCAATAGCAA-1,2,T_cells_general,,Tem/Effector helper T cells,Tem/Effector helper T cells,0.9548982393801347
GTCTAATCAATTGACT-1,8,B_cells,,Naive B cells,Naive B cells,0.9999996408119216
GTCTAATCAGCTTAAT-1,5,Cytotoxic_T_NK,,CD16+ NK cells,CD16+ NK cells,0.9999667305692187
GTCTAATCATAGCGGA-1,6,B_cells,,Memory B cells,Age-associated B cells,0.785193975977363
GTCTAGCCAAAGCGGC-1,8,B_cells,,Naive B cells,Naive B cells,0.9999999055985378
GTCTAGCCACTAGCGT-1,0,Monocytes_CD14,,Classical monocytes,Classical monocytes,0.9999765326914434
GTCTAGCCATAGCTGC-1,7,Monocytes_general,,Non-classical monocytes,Non-classical monocytes,0.9998298652064461
GTCTAGCCATAGTCAT-1,0,Monocytes_CD14,,Classical monocytes,Classical monocytes,0.9999312992856929
GTCTAGCCATCGCTCC-1,3,CD4_T_cells,,Tcm/Naive cytotoxic T cells,Tcm/Naive cytotoxic T cells,0.9998648762600317
GTCTAGCCATGTTGTG-1,2,T_cells_general,,Tcm/Naive helper T cells,Tcm/Naive helper T cells,0.9660357736268939
GTCTATCGTAGCCTAA-1,8,B_cells,,Naive B cells,Naive B cells,0.9999825207636764
GTCTATCGTATTGTCC-1,0,Monocytes_CD14,,Classical monocytes,Classical monocytes,0.7376990519136184
GTCTATCGTCAGTAAT-1,3,CD4_T_cells,,Tcm/Naive cytotoxic T cells,Tcm/Naive cytotoxic T cells,0.9995467324889705
GTCTATCGTGAGGTAG-1,0,Monocytes_CD14,,Classical monocytes,Classical monocytes,0.9712414715283408
GTCTATCGTGTCCTGC-1,0,Monocytes_CD14,,Classical monocytes,Classical monocytes,0.9999712771274389
GTCTATCGTTATGTGG-1,5,Cytotoxic_T_NK,,CD16+ NK cells,CD16+ NK cells,0.9999992393546889
GTCTATCGTTGTTGCT-1,2,T_cells_general,,Tem/Effector helper T cells,Tem/Effector helper T cells,0.999066801450555
GTCTATGCAAGCTAAA-1,3,CD4_T_cells,,Tcm/Naive cytotoxic T cells,Tcm/Naive cytotoxic T cells,0.9999146965000534
GTCTATGCAATAACCT-1,0,Monocytes_CD14,,Classical monocytes,Classical monocytes,0.9999851004822308
GTCTATGCACGAATCC-1,0,Monocytes_CD14,,Classical monocytes,Classical monocytes,0.8582985296509942
GTCTATGCAGACAAAC-1,2,T_cells_general,,Tcm/Naive helper T cells,Tcm/Naive helper T cells,0.682287827353544
GTCTATGCAGTAAAGC-1,0,Monocytes_CD14,,Classical monocytes,Classical monocytes,0.9999999612044237
GTCTATGCAGTAGCCT-1,0,Monocytes_CD14,,Classical monocytes,Classical monocytes,0.9928046732985014
GTCTATGCATTGTGTG-1,0,Monocytes_CD14,,Classical monocytes,Classical monocytes,0.9999986584881966
GTCTCACTCAAATCGC-1,3,CD4_T_cells,,Tcm/Naive helper T cells,Tcm/Naive cytotoxic T cells,0.9829262943115472
GTCTCACTCAGGTTTA-1,7,Monocytes_general,,Non-classical monocytes,Non-classical monocytes,0.9999200663010679
GTCTCACTCATCACTT-1,11,pDC,,pDC,pDC,0.99999999984717
GTCTCACTCATGAAGG-1,0,Monocytes_CD14,,Classical monocytes,Classical monocytes,0.9999840658621667
GTCTCACTCCCGAAGC-1,2,T_cells_general,,Tcm/Naive helper T cells,Tcm/Naive helper T cells,0.9165898282128938
GTCTCACTCCGGGACT-1,3,CD4_T_cells,,Tcm/Naive cytotoxic T cells,Tcm/Naive cytotoxic T cells,0.9870429187843182
GTCTCACTCGTACCGA-1,4,Cytotoxic_T_NK,,Tem/Temra cytotoxic T cells,Tem/Temra cytotoxic T cells,0.9753912230191244
GTCTCACTCTAATCAG-1,3,CD4_T_cells,,Tcm/Naive cytotoxic T cells,Tcm/Naive cytotoxic T cells,0.9999795154700837
GTCTCACTCTTGTCTG-1,2,T_cells_general,,Tcm/Naive helper T cells,Tcm/Naive helper T cells,0.8993226999745001
GTCTCACTCTTTGTAC-1,4,Cytotoxic_T_NK,,Tem/Temra cytotoxic T cells,Tem/Temra cytotoxic T cells,0.9980901999883355
GTCTTGCTCACATTGA-1,0,Monocytes_CD14,,Classical monocytes,Classical monocytes,0.9716673479260192
GTCTTGCTCAGAAACG-1,7,Monocytes_general,,Non-classical monocytes,Non-classical monocytes,0.9999760476091449
GTCTTGCTCCGTCCAT-1,1,CD4_T_cells,,Tcm/Naive helper T cells,Tcm/Naive helper T cells,0.9950604548410447
GTCTTGCTCGATATTG-1,2,T_cells_general,,Regulatory T cells,Tem/Effector helper T cells,0.6886293832849752
GTCTTGCTCTTTAGGA-1,0,Monocytes_CD14,,Non-classical monocytes,Classical monocytes,0.5455670078175686
GTCTTTAGTACTTCAC-1,8,B_cells,,Naive B cells,Naive B cells,0.9999999435040144
GTCTTTAGTCAAAGAA-1,0,Monocytes_CD14,,Classical monocytes,Classical monocytes,0.9995540519786724
GTCTTTAGTGATGAAA-1,2,T_cells_general,,Tem/Effector helper T cells,Tcm/Naive helper T cells,0.3186398400407834
GTCTTTAGTTGCACAA-1,3,CD4_T_cells,,Tcm/Naive helper T cells,Tcm/Naive helper T cells,0.9868138060852317
GTCTTTAGTTTGGGCG-1,0,Monocytes_CD14,,Classical monocytes,Classical monocytes,0.9999835180317853
GTCTTTGTCAATACGC-1,0,Monocytes_CD14,,Classical monocytes,Classical monocytes,0.9998682152737164
GTCTTTGTCCACAATA-1,1,CD4_T_cells,,Tcm/Naive helper T cells,Tcm/Naive helper T cells,0.9997682597998276
GTCTTTGTCCTCACTA-1,3,CD4_T_cells,,Tcm/Naive cytotoxic T cells,Tcm/Naive cytotoxic T cells,0.9999993359831397
GTCTTTGTCTCACAAA-1,9,Monocytes_general,,DC2,DC2,0.9548661483972317
GTCTTTGTCTCCTCTT-1,6,B_cells,,Memory B cells,Memory B cells,0.999835536579795
GTCTTTGTCTTGAGGT-1,3,CD4_T_cells,,Tcm/Naive cytotoxic T cells,Tcm/Naive cytotoxic T cells,0.9810615723225198
GTGAACAAGCTATGAC-1,3,CD4_T_cells,,Tcm/Naive cytotoxic T cells,Tcm/Naive cytotoxic T cells,0.9845295083808406
GTGAACAAGGCTTAGT-1,1,CD4_T_cells,,Tcm/Naive helper T cells,Tcm/Naive helper T cells,0.9999556202594312
GTGAACAAGTAACGGA-1,0,Monocytes_CD14,,Classical monocytes,Classical monocytes,0.9615439956852111
GTGAACAAGTAGCGCC-1,4,Cytotoxic_T_NK,,Tem/Trm cytotoxic T cells,Tem/Trm cytotoxic T cells,0.8651585865713841
GTGAACAAGTCAATTG-1,2,T_cells_general,,Tem/Effector helper T cells,Tcm/Naive helper T cells,0.5381017599455479
GTGAACAAGTTAGCCG-1,1,CD4_T_cells,,Tcm/Naive helper T cells,Tcm/Naive helper T cells,0.999998604094836
GTGAATCTCACTAGGT-1,1,CD4_T_cells,,Tcm/Naive helper T cells,Tcm/Naive helper T cells,0.9941556847089924
GTGAGCGAGCTAGAAG-1,0,Monocytes_CD14,,Classical monocytes,Classical monocytes,0.9976875907154639
GTGAGCGAGGCCTGGT-1,3,CD4_T_cells,,Tcm/Naive cytotoxic T cells,Tcm/Naive cytotoxic T cells,0.8605497432438634
GTGAGGAGTAACGTGC-1,2,T_cells_general,,Tem/Effector helper T cells,Tem/Effector helper T cells,0.2926362012471934
GTGAGGAGTAATAACC-1,1,CD4_T_cells,,Tcm/Naive helper T cells,Tcm/Naive helper T cells,0.9990760296245211
GTGAGGAGTAGGTTAT-1,0,Monocytes_CD14,,Classical monocytes,Classical monocytes,0.9992884369916061
GTGAGGAGTGCTCACC-1,2,T_cells_general,,Regulatory T cells,Regulatory T cells,0.9413585017181852
GTGAGGAGTGTGAGAG-1,10,Cytotoxic_T_NK,,MAIT cells,MAIT cells,0.9384201313892435
GTGAGGAGTGTTCCCA-1,2,T_cells_general,,Tcm/Naive helper T cells,Tcm/Naive helper T cells,0.13395883620613294
GTGAGGAGTTACGCAA-1,1,CD4_T_cells,,Tcm/Naive helper T cells,Tcm/Naive helper T cells,0.9983150187857109
GTGAGGAGTTGCGGAT-1,1,CD4_T_cells,,Tcm/Naive helper T cells,Tcm/Naive helper T cells,0.9999335263414763
GTGAGGAGTTTGCAGA-1,0,Monocytes_CD14,,Classical monocytes,Classical monocytes,0.9781139452132703
GTGATCAGTAATCGTG-1,3,CD4_T_cells,,Tcm/Naive cytotoxic T cells,Tcm/Naive cytotoxic T cells,0.9988048468578877
GTGATCAGTATTTGCC-1,0,Monocytes_CD14,,Classical monocytes,Classical monocytes,0.9995773722394232
GTGATCAGTCCGTGAG-1,0,Monocytes_CD14,,Classical monocytes,Classical monocytes,0.9885842392514425
GTGATCAGTGATCATG-1,0,Monocytes_CD14,,Classical monocytes,Classical monocytes,0.9999434949259336
GTGATCAGTGTTTGCT-1,0,Monocytes_CD14,,Classical monocytes,Classical monocytes,0.9998793997529623
GTGATCAGTTCGCTTG-1,0,Monocytes_CD14,,Classical monocytes,Classical monocytes,0.9981384200623895
GTGATCAGTTGCTTCG-1,0,Monocytes_CD14,,Classical monocytes,Classical monocytes,0.9986056723594811
GTGATGAAGAAAGCAT-1,7,Monocytes_general,,Non-classical monocytes,Non-classical monocytes,0.9999998274118831
GTGATGAAGACCATAC-1,8,B_cells,,Naive B cells,Naive B cells,0.999999999975312
GTGATGAAGACTCGCA-1,0,Monocytes_CD14,,Classical monocytes,Classical monocytes,0.998637856504479
GTGATGAAGAGGCTAA-1,0,Monocytes_CD14,,Classical monocytes,Classical monocytes,0.9979204820262148
GTGATGAAGGTTTGAC-1,0,Monocytes_CD14,,Classical monocytes,Classical monocytes,0.9993238912464071
GTGATGAAGTACCGCA-1,1,CD4_T_cells,,Tcm/Naive helper T cells,Tcm/Naive helper T cells,0.994630560411278
GTGATGAAGTTTGGGT-1,3,CD4_T_cells,,Tcm/Naive cytotoxic T cells,Tcm/Naive cytotoxic T cells,0.9629590175035729
GTGCAAGCAAGGTGCA-1,0,Monocytes_CD14,,Classical monocytes,Classical monocytes,0.9722744429485116
GTGCAAGCAATGAGGT-1,5,Cytotoxic_T_NK,,Regulatory T cells,CD16+ NK cells,0.8098683462568015
GTGCAAGCACCTGGTG-1,0,Monocytes_CD14,,Classical monocytes,Classical monocytes,0.9384137724628542
GTGCAAGCAGGATGGC-1,6,B_cells,,Memory B cells,Memory B cells,0.9981696587857878
GTGCAAGCATGAATAG-1,0,Monocytes_CD14,,Classical monocytes,Classical monocytes,0.9946052696810412
GTGCAAGCATGCTTAG-1,5,Cytotoxic_T_NK,,CD16+ NK cells,CD16+ NK cells,0.9982781765356314
GTGCACGGTATGTGGC-1,0,Monocytes_CD14,,Classical monocytes,Classical monocytes,0.9999980833262992
GTGCACGGTATTGAGT-1,6,B_cells,,Memory B cells,Memory B cells,0.9999813614908907
GTGCACGGTCAAGTAT-1,1,CD4_T_cells,,Tcm/Naive helper T cells,Tcm/Naive helper T cells,0.9998787566839024
GTGCACGGTCAATACG-1,9,Monocytes_general,,Classical monocytes,DC2,0.998202018271087
GTGCACGGTGATGATT-1,3,CD4_T_cells,,Tcm/Naive cytotoxic T cells,Tcm/Naive cytotoxic T cells,0.9882867215176205
GTGCACGGTGGTTATG-1,1,CD4_T_cells,,Tcm/Naive helper T cells,Tcm/Naive helper T cells,0.9999541005656675
GTGCACGGTTGTAAAC-1,0,Monocytes_CD14,,Classical monocytes,Classical monocytes,0.9997595290968128
GTGCACGGTTTACCGT-1,2,T_cells_general,,Tcm/Naive helper T cells,Tcm/Naive helper T cells,0.9803298488163175
GTGCACGGTTTCCACG-1,1,CD4_T_cells,,Tcm/Naive helper T cells,Tcm/Naive helper T cells,0.9996350568818735
GTGCATTAGCACGTTG-1,0,Monocytes_CD14,,Classical monocytes,Classical monocytes,0.9402833725732618
GTGCATTAGCCTTAAA-1,0,Monocytes_CD14,,Classical monocytes,Classical monocytes,0.9849014909445093
GTGCATTAGGACGTAA-1,0,Monocytes_CD14,,Classical monocytes,Classical monocytes,0.9999777034648363
GTGCATTAGGGCCACT-1,2,T_cells_general,,Tcm/Naive helper T cells,Tcm/Naive helper T cells,0.9466991299268975
GTGCATTAGGTCATTA-1,0,Monocytes_CD14,,Classical monocytes,Classical monocytes,0.9995326234271279
GTGCATTAGGTCGAGG-1,1,CD4_T_cells,,Tcm/Naive helper T cells,Tcm/Naive helper T cells,0.9999496351498534
GTGCCTTTCACAGACT-1,8,B_cells,,Naive B cells,Naive B cells,0.9999999998373175
GTGCCTTTCCTGCGAA-1,1,CD4_T_cells,,Tcm/Naive helper T cells,Tcm/Naive helper T cells,0.9999994352902684
GTGCCTTTCGTTACAA-1,4,Cytotoxic_T_NK,,Tem/Temra cytotoxic T cells,Tem/Temra cytotoxic T cells,0.9970070943096605
GTGCCTTTCTGGCAAT-1,0,Monocytes_CD14,,Classical monocytes,Classical monocytes,0.9999999308046509
GTGCCTTTCTGTAATG-1,4,Cytotoxic_T_NK,,Tem/Trm cytotoxic T cells,Tem/Trm cytotoxic T cells,0.9244356140284703
GTGCGCAGTGACATAT-1,6,B_cells,,Memory B cells,Memory B cells,0.9828601831357262
GTGCGCAGTGCATTAG-1,11,pDC,,pDC,pDC,0.999999999932355
GTGCGCAGTTTCGCCA-1,1,CD4_T_cells,,Tcm/Naive helper T cells,Tcm/Naive helper T cells,0.9996492155639884
GTGCGGTTCAAACACC-1,5,Cytotoxic_T_NK,,CD16+ NK cells,CD16+ NK cells,0.9998126750238508
GTGCGGTTCCACCCTG-1,0,Monocytes_CD14,,Classical monocytes,Classical monocytes,0.885398666223518
GTGCGGTTCCGCAAGC-1,0,Monocytes_CD14,,Classical monocytes,Classical monocytes,0.9999985308470752
GTGCGGTTCCTCACTA-1,4,Cytotoxic_T_NK,,Tem/Temra cytotoxic T cells,Tem/Temra cytotoxic T cells,0.2393234131345045
GTGCGGTTCCTTAAGA-1,1,CD4_T_cells,,Tcm/Naive helper T cells,Tcm/Naive helper T cells,0.9999988321045943
GTGCGGTTCGAAGCGG-1,1,CD4_T_cells,,Tcm/Naive helper T cells,Tcm/Naive helper T cells,0.9993107213697557
GTGCTCAAGCAATAGG-1,2,T_cells_general,,Tcm/Naive helper T cells,Tcm/Naive helper T cells,0.9129830786880089
GTGCTCAAGCTATATG-1,1,CD4_T_cells,,Tcm/Naive helper T cells,Tcm/Naive helper T cells,0.9987414337624135
GTGCTCAAGGCTGGCT-1,2,T_cells_general,,Tcm/Naive helper T cells,Tcm/Naive helper T cells,0.10501463618911719
GTGCTCAAGTATCGCG-1,0,Monocytes_CD14,,Classical monocytes,Classical monocytes,0.9994417173282946
GTGCTCCGTACGATTG-1,3,CD4_T_cells,,Tcm/Naive cytotoxic T cells,Tcm/Naive cytotoxic T cells,0.995733505934407
GTGCTCCGTACGTTTC-1,1,CD4_T_cells,,Tcm/Naive helper T cells,Tcm/Naive helper T cells,0.9965976036595331
GTGCTCCGTACTTCAC-1,0,Monocytes_CD14,,Classical monocytes,Classical monocytes,0.9999968904037568
GTGCTCCGTTACAAAC-1,0,Monocytes_CD14,,Classical monocytes,Classical monocytes,0.9998971788956421
GTGCTGATCCTCACAC-1,3,CD4_T_cells,,Tcm/Naive cytotoxic T cells,Tcm/Naive cytotoxic T cells,0.9989839567937876
GTGCTGATCCTTAATC-1,0,Monocytes_CD14,,Classical monocytes,Classical monocytes,0.967869471923873
GTGCTGATCCTTCGTA-1,0,Monocytes_CD14,,Classical monocytes,Classical monocytes,0.9999997679716318
GTGCTGATCGACAAAG-1,9,Monocytes_general,,DC2,DC2,0.9940268995003626
GTGCTGATCGTAATCA-1,2,T_cells_general,,Tcm/Naive helper T cells,Tcm/Naive helper T cells,0.8780092157131878
GTGCTGATCTAAGTCA-1,8,B_cells,,Naive B cells,Naive B cells,0.9999999981962366
GTGCTGATCTTGAGCG-1,9,Monocytes_general,,DC2,DC2,0.9996262440766014
GTGCTGGGTATTGCAG-1,1,CD4_T_cells,,Tcm/Naive helper T cells,Tcm/Naive helper T cells,0.3865041368228355
GTGCTGGGTATTGTCC-1,8,B_cells,,Naive B cells,Naive B cells,0.9999999816624155
GTGCTGGGTCATCAAG-1,3,CD4_T_cells,,Tcm/Naive cytotoxic T cells,Tcm/Naive cytotoxic T cells,0.9241036914269537
GTGCTGGGTTAGCATG-1,2,T_cells_general,,Tcm/Naive helper T cells,Tcm/Naive helper T cells,0.5811687636281367
GTGCTGGGTTGAGGTC-1,2,T_cells_general,,Tem/Effector helper T cells,Tcm/Naive helper T cells,0.5576436622862174
GTGCTTACAAGATTCT-1,2,T_cells_general,,Tem/Effector helper T cells,Tem/Effector helper T cells,0.8163802483932451
GTGCTTACAATAGTCT-1,3,CD4_T_cells,,Tcm/Naive helper T cells,Tcm/Naive cytotoxic T cells,0.8573091846805274
GTGCTTACAATTGACT-1,0,Monocytes_CD14,,Classical monocytes,Classical monocytes,0.997833023617877
GTGCTTACAGCAACCT-1,3,CD4_T_cells,,Tcm/Naive cytotoxic T cells,Tcm/Naive cytotoxic T cells,0.9999823432399092
GTGCTTACAGGAAGCC-1,2,T_cells_general,,Follicular helper T cells,Tcm/Naive helper T cells,0.18207957735445532
GTGCTTCTCCTGGTGA-1,2,T_cells_general,,Tem/Effector helper T cells,Tcm/Naive helper T cells,0.7359274894798224
GTGCTTCTCCTTAATC-1,5,Cytotoxic_T_NK,,CD16+ NK cells,CD16+ NK cells,0.9161189769090445
GTGGACACAAGCGAGC-1,0,Monocytes_CD14,,Classical monocytes,Classical monocytes,0.9909011592736499
GTGGACACAATGCCTA-1,0,Monocytes_CD14,,Classical monocytes,Classical monocytes,0.9999348984249637
GTGGACACACAAAGAC-1,2,T_cells_general,,Regulatory T cells,Regulatory T cells,0.5393639031404828
GTGGACACACTGACTA-1,11,pDC,,pDC,pDC,0.9999999998858293
GTGGACACAGCCAGTT-1,3,CD4_T_cells,,Tcm/Naive helper T cells,Tcm/Naive helper T cells,0.3914540731035595
GTGGACACAGGACCTT-1,5,Cytotoxic_T_NK,,CD16+ NK cells,CD16+ NK cells,0.9934287752312451
GTGGACACAGGCGATA-1,0,Monocytes_CD14,,Classical monocytes,Classical monocytes,0.999979566009045
GTGGATGCACCGGTAT-1,4,Cytotoxic_T_NK,,Tem/Temra cytotoxic T cells,Tem/Temra cytotoxic T cells,0.9999929403954078
GTGGATGCAGTAGCCT-1,3,CD4_T_cells,,Tcm/Naive cytotoxic T cells,Tcm/Naive cytotoxic T cells,0.9874436969281671
GTGGATGCATAAAGCA-1,2,T_cells_general,,Regulatory T cells,Regulatory T cells,0.8308500818905286
GTGGATGCATAGTCAT-1,3,CD4_T_cells,,Tcm/Naive cytotoxic T cells,Tcm/Naive cytotoxic T cells,0.9998415129013856
GTGGATGCATCTAGCA-1,3,CD4_T_cells,,Tcm/Naive cytotoxic T cells,Tcm/Naive cytotoxic T cells,0.9449294238747477
GTGGTTAGTAGGTGTC-1,1,CD4_T_cells,,Tcm/Naive helper T cells,Tcm/Naive helper T cells,0.997846804432522
GTGGTTAGTGGAGCAA-1,1,CD4_T_cells,,Tcm/Naive helper T cells,Tcm/Naive helper T cells,0.9878542609203443
GTGGTTAGTTGCATCT-1,3,CD4_T_cells,,Tcm/Naive cytotoxic T cells,Tcm/Naive cytotoxic T cells,0.9886356799881968
GTGTAACTCAAGTGTC-1,3,CD4_T_cells,,Tcm/Naive cytotoxic T cells,Tcm/Naive cytotoxic T cells,0.9999806701582163
GTGTAACTCAATGACC-1,6,B_cells,,Naive B cells,Age-associated B cells,0.9842146315016452
GTGTAACTCAATGAGG-1,0,Monocytes_CD14,,Classical monocytes,Classical monocytes,0.999191827775894
GTGTAACTCAATGTCA-1,1,CD4_T_cells,,Tcm/Naive helper T cells,Tcm/Naive helper T cells,0.9868599366359636
GTGTAACTCCTGCGAA-1,0,Monocytes_CD14,,Classical monocytes,Classical monocytes,0.9998858740691341
GTGTAACTCGGCTAGC-1,6,B_cells,,Memory B cells,Memory B cells,0.9999979565180203
GTGTCCAAGAACCTAC-1,3,CD4_T_cells,,Tcm/Naive cytotoxic T cells,Tcm/Naive cytotoxic T cells,0.9787701127330509
GTGTCCAAGGCAAGTA-1,5,Cytotoxic_T_NK,,CD16+ NK cells,CD16+ NK cells,0.9980605336543731
GTGTCCAAGGGATGAC-1,0,Monocytes_CD14,,Classical monocytes,Classical monocytes,0.9999876765298096
GTGTCCAAGGGTGAAC-1,0,Monocytes_CD14,,Classical monocytes,Classical monocytes,0.9999998146064526
GTGTCCAAGGTCTTGG-1,4,Cytotoxic_T_NK,,Tem/Temra cytotoxic T cells,Tem/Temra cytotoxic T cells,0.9699763768913756
GTGTCCAAGTGTGATC-1,0,Monocytes_CD14,,Classical monocytes,Classical monocytes,0.9999862302862761
GTGTGAGCAAATTCGT-1,0,Monocytes_CD14,,Classical monocytes,Classical monocytes,0.9897882334045351
GTGTGAGCAACTAACT-1,3,CD4_T_cells,,Tcm/Naive cytotoxic T cells,Tcm/Naive cytotoxic T cells,0.980194893660302
GTGTGAGCAAGCTACC-1,5,Cytotoxic_T_NK,,CD16+ NK cells,CD16+ NK cells,0.999999674917204
GTGTGAGCAGTAGGTG-1,2,T_cells_general,,Tcm/Naive helper T cells,Tcm/Naive helper T cells,0.998985039659664
GTGTGCGGTACCAGGT-1,4,Cytotoxic_T_NK,,Tem/Temra cytotoxic T cells,Tem/Temra cytotoxic T cells,0.21497669009532733
GTGTGCGGTACCGAAC-1,0,Monocytes_CD14,,Classical monocytes,Classical monocytes,0.9999147694190196
GTGTGCGGTACCGGAT-1,8,B_cells,,Naive B cells,Naive B cells,0.9913773578554101
GTGTGCGGTCGCGCAA-1,6,B_cells,,Memory B cells,Memory B cells,0.9991823462899989
GTGTGCGGTTAATGAC-1,3,CD4_T_cells,,Tcm/Naive cytotoxic T cells,Tcm/Naive cytotoxic T cells,0.9999386328885841
GTGTGTTAGAAGGTGC-1,3,CD4_T_cells,,Tcm/Naive helper T cells,Tcm/Naive helper T cells,0.9925110846362564
GTGTGTTAGCTATATG-1,2,T_cells_general,,Tcm/Naive helper T cells,Tcm/Naive helper T cells,0.9720746185449651
GTGTGTTAGGAACCGG-1,2,T_cells_general,,Tcm/Naive helper T cells,Tcm/Naive helper T cells,0.9494994952483747
GTGTGTTAGGACAACA-1,5,Cytotoxic_T_NK,,CD16+ NK cells,CD16+ NK cells,0.6018751208902935
GTGTGTTAGGATAAAC-1,2,T_cells_general,,Regulatory T cells,Regulatory T cells,0.7045111593140947
GTGTTACAGCTTATGA-1,2,T_cells_general,,Tcm/Naive helper T cells,Tcm/Naive helper T cells,0.6971058844515462
GTGTTACAGGAAACTG-1,2,T_cells_general,,Tcm/Naive helper T cells,Tcm/Naive helper T cells,0.9938892262586073
GTGTTACAGGCTGTGC-1,1,CD4_T_cells,,Tcm/Naive helper T cells,Tcm/Naive helper T cells,0.9986847755611252
GTGTTACAGGCTTAAC-1,4,Cytotoxic_T_NK,,Tem/Temra cytotoxic T cells,Tem/Temra cytotoxic T cells,0.9448451449861374
GTGTTACAGTTCCTGC-1,0,Monocytes_CD14,,Classical monocytes,Classical monocytes,0.970206735058424
GTGTTCCTCAAACCTA-1,3,CD4_T_cells,,Tcm/Naive cytotoxic T cells,Tcm/Naive cytotoxic T cells,0.9183076793645151
GTGTTCCTCACGAATC-1,1,CD4_T_cells,,Tcm/Naive helper T cells,Tcm/Naive helper T cells,0.9989344651226757
GTGTTCCTCCCGAAGC-1,2,T_cells_general,,Tcm/Naive helper T cells,Tcm/Naive helper T cells,0.5086193195713897
GTGTTCCTCTAAGTCA-1,0,Monocytes_CD14,,Classical monocytes,Classical monocytes,0.9999435304681429
GTGTTCCTCTGTGCCT-1,2,T_cells_general,,Tcm/Naive helper T cells,Tcm/Naive helper T cells,0.9993306289581539
GTTAAACGTACAAAGA-1,10,Cytotoxic_T_NK,,MAIT cells,MAIT cells,0.9998237070647897
GTTAAACGTAGCCTAA-1,2,T_cells_general,,Tcm/Naive helper T cells,Tem/Effector helper T cells,0.3190538075840701
GTTAAACGTCAAGTGC-1,4,Cytotoxic_T_NK,,Tem/Temra cytotoxic T cells,Tem/Temra cytotoxic T cells,0.9282363149889082
GTTAAACGTCGCAATA-1,0,Monocytes_CD14,,Classical monocytes,Classical monocytes,0.9908441573177144
GTTAAACGTTGGTTAG-1,0,Monocytes_CD14,,DC2,Classical monocytes,0.8381986074190888
GTTAAACGTTTCCACG-1,2,T_cells_general,,Tcm/Naive cytotoxic T cells,Tcm/Naive helper T cells,0.0673807422820504
GTTAACCAGAATGACG-1,0,Monocytes_CD14,,Classical monocytes,Classical monocytes,0.9997541269617574
GTTAACCAGAGGCTAA-1,10,Cytotoxic_T_NK,,MAIT cells,MAIT cells,0.99833741401963
GTTAACCAGCTGCACA-1,3,CD4_T_cells,,Tcm/Naive helper T cells,Tcm/Naive cytotoxic T cells,0.9773144651697336
GTTAACCAGGGATGAC-1,0,Monocytes_CD14,,Classical monocytes,Classical monocytes,0.9994356806868379
GTTAACCAGGTAACGA-1,1,CD4_T_cells,,Tcm/Naive helper T cells,Tcm/Naive helper T cells,0.8861260574480665
GTTAACCAGGTAGCTT-1,3,CD4_T_cells,,Tcm/Naive cytotoxic T cells,Tcm/Naive cytotoxic T cells,0.9973458861935095
GTTAACCAGTAAGAAC-1,0,Monocytes_CD14,,Classical monocytes,Classical monocytes,0.9999908357067877
GTTAACGGTACCTTAC-1,2,T_cells_general,,CD8a/a,Tcm/Naive helper T cells,0.009457331611849189
GTTAACGGTATTACCC-1,2,T_cells_general,,Tcm/Naive helper T cells,Tcm/Naive helper T cells,0.03087146018863665
GTTAACGGTCATAACG-1,3,CD4_T_cells,,Tcm/Naive cytotoxic T cells,Tcm/Naive cytotoxic T cells,0.9654183992779954
GTTAACGGTGAGGTGA-1,8,B_cells,,Naive B cells,Naive B cells,0.9999999999379392
GTTAACGGTTAGCCAA-1,3,CD4_T_cells,,Tcm/Naive cytotoxic T cells,Tcm/Naive cytotoxic T cells,0.9990269698436303
GTTAACGGTTCCAGGG-1,7,Monocytes_general,,Non-classical monocytes,Non-classical monocytes,0.9972928782475302
GTTAAGCTCATTAGGC-1,1,CD4_T_cells,,Tcm/Naive helper T cells,Tcm/Naive helper T cells,0.9999939356399582
GTTAAGCTCATTTGCT-1,0,Monocytes_CD14,,Classical monocytes,Classical monocytes,0.9392409142384716
GTTAAGCTCCTGTTCA-1,3,CD4_T_cells,,Tcm/Naive cytotoxic T cells,Tcm/Naive helper T cells,0.9520176263417164
GTTAAGCTCCTTCAAT-1,0,Monocytes_CD14,,Classical monocytes,Classical monocytes,0.9999266200641438
GTTAAGCTCGGGATTT-1,3,CD4_T_cells,,Tcm/Naive cytotoxic T cells,Tcm/Naive cytotoxic T cells,0.998068674199402
GTTAAGCTCGTTATAG-1,6,B_cells,,Age-associated B cells,Age-associated B cells,0.9861659721565387
GTTAAGCTCTCCTCAA-1,0,Monocytes_CD14,,Classical monocytes,Classical monocytes,0.9868860845440433
GTTAAGTGTCAAAGAA-1,2,T_cells_general,,Tcm/Naive helper T cells,Tcm/Naive helper T cells,0.999994326146597
GTTAAGTGTCACTCGC-1,6,B_cells,,Age-associated B cells,Age-associated B cells,0.9146927571070618
GTTAAGTGTCCGCTGT-1,1,CD4_T_cells,,Tcm/Naive helper T cells,Tcm/Naive helper T cells,0.9814746569201823
GTTAAGTGTCTTTATG-1,0,Monocytes_CD14,,Classical monocytes,Classical monocytes,0.935779065538392
GTTAAGTGTTAGGCGT-1,0,Monocytes_CD14,,Classical monocytes,Classical monocytes,0.9999931633789774
GTTAATGTCAAACCTA-1,9,Monocytes_general,,DC2,DC2,0.9991403603725368
GTTAATGTCGCATCCT-1,7,Monocytes_general,,Non-classical monocytes,Non-classical monocytes,0.999995785729623
GTTACAGGTAGGTTAT-1,2,T_cells_general,,Tcm/Naive helper T cells,Regulatory T cells,0.9947204627352122
GTTACAGGTATTGTGG-1,0,Monocytes_CD14,,Classical monocytes,Classical monocytes,0.9993533648793208
GTTACAGGTCAATAGT-1,7,Monocytes_general,,Non-classical monocytes,Non-classical monocytes,0.9988698732281385
GTTACAGGTGTTGTAG-1,8,B_cells,,Naive B cells,Naive B cells,0.9999981786269913
GTTACCTGTAACCAGC-1,1,CD4_T_cells,,Tcm/Naive helper T cells,Tcm/Naive helper T cells,0.9999436172624706
GTTACCTGTACGATTG-1,6,B_cells,,Age-associated B cells,Age-associated B cells,0.5585603408543274
GTTACCTGTAGTTAAC-1,0,Monocytes_CD14,,Classical monocytes,Classical monocytes,0.999785451629117
GTTACCTGTATCTGGA-1,11,pDC,,pDC,pDC,0.9999971247472629
GTTACCTGTCCGTGAG-1,3,CD4_T_cells,,Tcm/Naive cytotoxic T cells,Tcm/Naive cytotoxic T cells,0.9993949139706265
GTTACCTGTCTTGCAT-1,8,B_cells,,Naive B cells,Naive B cells,0.9999940341964134
GTTACCTGTGAAACAA-1,0,Monocytes_CD14,,Classical monocytes,Classical monocytes,0.9773932277845169
GTTACCTGTGGTTATG-1,2,T_cells_general,,Tcm/Naive helper T cells,Tcm/Naive helper T cells,0.9914728725283252
GTTACGCCAATTGAGA-1,1,CD4_T_cells,,Tcm/Naive helper T cells,Tcm/Naive helper T cells,0.9962554616144987
GTTACGCCACCTGCTC-1,7,Monocytes_general,,Non-classical monocytes,Non-classical monocytes,0.999996199560974
GTTACGCCAGAAATGC-1,1,CD4_T_cells,,Tcm/Naive helper T cells,Tcm/Naive helper T cells,0.9977095196197999
GTTACGCCAGCCAGAA-1,6,B_cells,,Memory B cells,Age-associated B cells,0.9891463731870139
GTTACGCCAGCTAACC-1,0,Monocytes_CD14,,Classical monocytes,Classical monocytes,0.9998554019905751
GTTACGTAGAACCTAC-1,0,Monocytes_CD14,,Classical monocytes,Classical monocytes,0.9993514990752042
GTTACGTAGCGAAGTA-1,6,B_cells,,Memory B cells,Memory B cells,0.9999141910942722
GTTACGTAGCTAGAAG-1,4,Cytotoxic_T_NK,,Tem/Temra cytotoxic T cells,Tem/Temra cytotoxic T cells,0.997959371366168
GTTACGTAGCTATATG-1,2,T_cells_general,,Tcm/Naive helper T cells,Tcm/Naive helper T cells,0.999827714801064
GTTACGTAGCTTTGGG-1,4,Cytotoxic_T_NK,,CD16- NK cells,Tem/Trm cytotoxic T cells,0.0187269322046262
GTTACGTAGCTTTGTT-1,6,B_cells,,Memory B cells,Memory B cells,0.9999272313930054
GTTACGTAGTGATTCA-1,0,Monocytes_CD14,,Classical monocytes,Classical monocytes,0.9995182462352157
GTTACGTAGTTATCTC-1,1,CD4_T_cells,,Tcm/Naive helper T cells,Tcm/Naive helper T cells,0.9999731492364337
GTTACTAAGGCCATCA-1,3,CD4_T_cells,,Tcm/Naive cytotoxic T cells,Tcm/Naive cytotoxic T cells,0.9988149494343252
GTTACTCGTAATCACG-1,7,Monocytes_general,,Non-classical monocytes,Non-classical monocytes,0.9999996415753897
GTTACTCGTACGGGTT-1,1,CD4_T_cells,,Tcm/Naive helper T cells,Tcm/Naive helper T cells,0.9991144789413844
GTTACTCGTCGTAAAT-1,1,CD4_T_cells,,Tcm/Naive helper T cells,Tcm/Naive helper T cells,0.4906738772504619
GTTACTCGTCTTTATG-1,1,CD4_T_cells,,Tcm/Naive helper T cells,Tcm/Naive helper T cells,0.9992406139045664
GTTACTCGTTCTTTAG-1,1,CD4_T_cells,,Tcm/Naive helper T cells,Tcm/Naive helper T cells,0.9995949285747273
GTTACTCGTTGCTTCG-1,0,Monocytes_CD14,,Classical monocytes,Classical monocytes,0.9829559128639754
GTTACTCGTTTGAGGC-1,0,Monocytes_CD14,,Classical monocytes,Classical monocytes,0.9826448319422746
GTTAGACTCCGCAAGC-1,0,Monocytes_CD14,,Classical monocytes,Classical monocytes,0.8515948999478977
GTTAGACTCGTTAGTA-1,5,Cytotoxic_T_NK,,CD16+ NK cells,CD16+ NK cells,0.9999990150723057
GTTAGGCGTAAGCTTG-1,4,Cytotoxic_T_NK,,Tem/Trm cytotoxic T cells,Tem/Trm cytotoxic T cells,0.9639844516011187
GTTAGGCGTAGCAGCT-1,11,pDC,,pDC,pDC,0.9999999977334948
GTTAGGCGTGGTTCCC-1,4,Cytotoxic_T_NK,,Tem/Trm cytotoxic T cells,Tem/Trm cytotoxic T cells,0.9044305755023311
GTTAGGCGTGTGCAAC-1,1,CD4_T_cells,,Tcm/Naive helper T cells,Tcm/Naive helper T cells,0.9992531786701386
GTTAGGCGTTGCGCGA-1,2,T_cells_general,,Tcm/Naive helper T cells,Tcm/Naive helper T cells,0.9995294278466323
GTTCACCTCGGTAACT-1,1,CD4_T_cells,,Tcm/Naive helper T cells,Tcm/Naive helper T cells,0.9994593012116926
GTTCACCTCTAACCTT-1,1,CD4_T_cells,,Tcm/Naive helper T cells,Tcm/Naive helper T cells,0.9999988582655704
GTTCATTTCTTGGATA-1,1,CD4_T_cells,,Tcm/Naive helper T cells,Tcm/Naive helper T cells,0.9999928525946511
GTTCCCAGTCCTGATT-1,3,CD4_T_cells,,Tcm/Naive cytotoxic T cells,Tcm/Naive cytotoxic T cells,0.9998621224254548
GTTCCCAGTGGGTGAA-1,0,Monocytes_CD14,,Classical monocytes,Classical monocytes,0.9999256126653978
GTTCCCAGTTACATCC-1,0,Monocytes_CD14,,Classical monocytes,Classical monocytes,0.9989707966196701
GTTCCTGGTAACGAGG-1,8,B_cells,,Naive B cells,Naive B cells,0.9984932775872049
GTTCCTGGTCCAAGAC-1,0,Monocytes_CD14,,Classical monocytes,Classical monocytes,0.9999749115523533
GTTCCTGGTCGCGCAA-1,2,T_cells_general,,Regulatory T cells,Regulatory T cells,0.9992594154617875
GTTCCTGGTCGTAATG-1,0,Monocytes_CD14,,Classical monocytes,Classical monocytes,0.6848222096850828
GTTCCTGGTCTCAGCC-1,0,Monocytes_CD14,,Classical monocytes,Classical monocytes,0.9980533097538347
GTTCCTGGTGGATTAT-1,0,Monocytes_CD14,,Classical monocytes,Classical monocytes,0.9999992691347069
GTTCCTGGTTAAGGCC-1,2,T_cells_general,,Tcm/Naive helper T cells,Tcm/Naive helper T cells,0.9584323681741553
GTTCCTGGTTACCTGT-1,0,Monocytes_CD14,,Classical monocytes,Classical monocytes,0.9921910860750183
GTTCCTGGTTCAAGCA-1,4,Cytotoxic_T_NK,,Tem/Temra cytotoxic T cells,Tem/Temra cytotoxic T cells,0.9997578668135156
GTTCCTGGTTCACTGT-1,4,Cytotoxic_T_NK,,Tem/Temra cytotoxic T cells,Tem/Temra cytotoxic T cells,0.5394319614591819
GTTCCTGGTTTACGTC-1,4,Cytotoxic_T_NK,,Tem/Temra cytotoxic T cells,Tem/Temra cytotoxic T cells,0.971876657412118
GTTCCTTCAAACTCAT-1,0,Monocytes_CD14,,Classical monocytes,Classical monocytes,0.9995900224889411
GTTCCTTCAAATTGCT-1,0,Monocytes_CD14,,Classical monocytes,Classical monocytes,0.9981750872057138
GTTCCTTCACAGGGAC-1,1,CD4_T_cells,,Tcm/Naive helper T cells,Tcm/Naive helper T cells,0.9992648953638178
GTTCCTTCAGGCTAAG-1,3,CD4_T_cells,,Tcm/Naive cytotoxic T cells,Tcm/Naive cytotoxic T cells,0.9994072222946877
GTTCCTTCATGAGTTT-1,1,CD4_T_cells,,Tcm/Naive helper T cells,Tcm/Naive helper T cells,0.9895077503205238
GTTCCTTCATTAGCCA-1,0,Monocytes_CD14,,Classical monocytes,Classical monocytes,0.9992572323648462
GTTCGCGCAACCCTCC-1,1,CD4_T_cells,,Tcm/Naive helper T cells,Tcm/Naive helper T cells,0.4087868306709801
GTTCGCGCACAGGAAT-1,3,CD4_T_cells,,Tcm/Naive cytotoxic T cells,Tcm/Naive cytotoxic T cells,0.9996577309465585
GTTCGCGCAGGACCAA-1,2,T_cells_general,,Tcm/Naive helper T cells,Tcm/Naive helper T cells,0.9825772551419711
GTTCGCGCAGTCTAGC-1,0,Monocytes_CD14,,Classical monocytes,Classical monocytes,0.867772638673807
GTTCGCGCATACTCCT-1,6,B_cells,,Memory B cells,Memory B cells,0.9999979866375679
GTTCGCGCATCACTTC-1,2,T_cells_general,,Regulatory T cells,Regulatory T cells,0.9999285170149629
GTTCGCTTCACGCATG-1,6,B_cells,,Naive B cells,Memory B cells,0.9627532476301134
GTTCGCTTCAGTTCCC-1,3,CD4_T_cells,,Tcm/Naive helper T cells,Tcm/Naive cytotoxic T cells,0.9875651456311312
GTTCGCTTCATTAGGC-1,0,Monocytes_CD14,,Classical monocytes,Classical monocytes,0.9961125432738646
GTTCGCTTCCAGGAAA-1,0,Monocytes_CD14,,Classical monocytes,Classical monocytes,0.9362420478347118
GTTCGCTTCCCGCATT-1,1,CD4_T_cells,,CD8a/a,Tcm/Naive helper T cells,0.6731944132547991
GTTCGCTTCCCTCATA-1,9,Monocytes_general,,DC2,DC2,0.993080802934863
GTTCGCTTCCGTTAAA-1,0,Monocytes_CD14,,Classical monocytes,Classical monocytes,0.9876651273551714
GTTCGCTTCCTCATCA-1,3,CD4_T_cells,,Tcm/Naive helper T cells,Tcm/Naive helper T cells,0.5243233898495597
GTTCGCTTCGAGGAAC-1,4,Cytotoxic_T_NK,,Tem/Temra cytotoxic T cells,Tem/Temra cytotoxic T cells,0.9757195903303906
GTTCGCTTCTCACTCA-1,0,Monocytes_CD14,,Classical monocytes,Classical monocytes,0.13385631002157747
GTTCGCTTCTTAAGTG-1,2,T_cells_general,,Tcm/Naive helper T cells,Regulatory T cells,0.9986663996313906
GTTCTCATCAATGACC-1,5,Cytotoxic_T_NK,,CD16+ NK cells,CD16+ NK cells,0.9262962097336165
GTTCTCATCACGCCAA-1,1,CD4_T_cells,,Tcm/Naive helper T cells,Tcm/Naive helper T cells,0.9999410506411536
GTTCTCATCACGTTAA-1,3,CD4_T_cells,,Tcm/Naive helper T cells,Tcm/Naive cytotoxic T cells,0.841157521696191
GTTCTCATCCTCACTA-1,1,CD4_T_cells,,Tcm/Naive helper T cells,Tcm/Naive helper T cells,0.9981080523472275
GTTCTCATCCTCATCA-1,0,Monocytes_CD14,,Classical monocytes,Classical monocytes,0.9659869449642559
GTTCTCATCCTTAAGA-1,4,Cytotoxic_T_NK,,Tem/Temra cytotoxic T cells,Tem/Temra cytotoxic T cells,0.9622062252422123
GTTCTCATCGGTAACT-1,7,Monocytes_general,,Non-classical monocytes,Non-classical monocytes,0.9999355668914549
GTTCTCATCGTTCACC-1,4,Cytotoxic_T_NK,,Tem/Temra cytotoxic T cells,Tem/Temra cytotoxic T cells,0.852471404972318
GTTCTCATCTACCTCA-1,0,Monocytes_CD14,,Classical monocytes,Classical monocytes,0.9994830511449877
GTTCTCATCTCCATAT-1,1,CD4_T_cells,,Tcm/Naive helper T cells,Tcm/Naive helper T cells,0.9999960722147382
GTTCTTAGTACCTTAC-1,0,Monocytes_CD14,,Classical monocytes,Classical monocytes,0.9995142055167017
GTTCTTAGTTCACCCA-1,7,Monocytes_general,,Non-classical monocytes,Non-classical monocytes,0.999222132013124
GTTCTTAGTTGGCGTG-1,0,Monocytes_CD14,,Classical monocytes,Classical monocytes,0.9999962837476403
GTTCTTAGTTGTAAAC-1,2,T_cells_general,,Tcm/Naive helper T cells,Tcm/Naive helper T cells,0.920245470892046
GTTCTTGTCACGAATC-1,2,T_cells_general,,Tcm/Naive helper T cells,Tcm/Naive helper T cells,0.14140263434956885
GTTCTTGTCACTAAGC-1,3,CD4_T_cells,,Tcm/Naive helper T cells,Tcm/Naive cytotoxic T cells,0.675523159767808
GTTCTTGTCAGAAACG-1,1,CD4_T_cells,,Tcm/Naive helper T cells,Tcm/Naive helper T cells,0.9988240241425351
GTTCTTGTCATTGCGG-1,0,Monocytes_CD14,,Classical monocytes,Classical monocytes,0.999742059657845
GTTCTTGTCCCGCAAA-1,0,Monocytes_CD14,,Classical monocytes,Classical monocytes,0.977362972476876
GTTCTTGTCCCTCACG-1,3,CD4_T_cells,,Tcm/Naive cytotoxic T cells,Tcm/Naive cytotoxic T cells,0.9396161535381116
GTTCTTGTCTGGCATG-1,3,CD4_T_cells,,Tcm/Naive cytotoxic T cells,Tcm/Naive cytotoxic T cells,0.9997705591074972
GTTCTTGTCTTGACCC-1,9,Monocytes_general,,DC2,DC2,0.9977084158438341
GTTGCATAGCAGCTAT-1,0,Monocytes_CD14,,Classical monocytes,Classical monocytes,0.9999887211137599
GTTGCATAGCGTGCGT-1,2,T_cells_general,,Regulatory T cells,Regulatory T cells,0.9880838618219195
GTTGCCCGTAGTTAAC-1,0,Monocytes_CD14,,Classical monocytes,Classical monocytes,0.9894080734538672
GTTGCCCGTCACAAAT-1,2,T_cells_general,,Tcm/Naive helper T cells,Tcm/Naive helper T cells,0.8778348441621812
GTTGCCCGTCCTTTAA-1,4,Cytotoxic_T_NK,,Tem/Temra cytotoxic T cells,Tem/Temra cytotoxic T cells,0.9891393066737086
GTTGCCCGTCGTAATG-1,3,CD4_T_cells,,Tcm/Naive cytotoxic T cells,Tcm/Naive cytotoxic T cells,0.9960992056138904
GTTGCCCGTTACAAAC-1,8,B_cells,,Naive B cells,Naive B cells,0.999999582664928
GTTGCCCGTTACTTGC-1,3,CD4_T_cells,,Tcm/Naive helper T cells,Tcm/Naive cytotoxic T cells,0.9675775080331805
GTTGCCCGTTCGGTAA-1,1,CD4_T_cells,,Tcm/Naive helper T cells,Tcm/Naive helper T cells,0.9959683915851373
GTTGCCCGTTTCCTCC-1,6,B_cells,,Memory B cells,Memory B cells,0.9703373160927513
GTTGCGGGTAGGTTTG-1,5,Cytotoxic_T_NK,,Tem/Temra cytotoxic T cells,CD16+ NK cells,0.9707870094128749
GTTGCGGGTGAGCAAG-1,4,Cytotoxic_T_NK,,Tem/Temra cytotoxic T cells,Tem/Trm cytotoxic T cells,0.17354033021474494
GTTGCGGGTGCTCACC-1,2,T_cells_general,,Tem/Temra cytotoxic T cells,Tcm/Naive helper T cells,0.24168736497073653
GTTGCGGGTTGCACGG-1,0,Monocytes_CD14,,Classical monocytes,Classical monocytes,0.9999945828891791
GTTGCTGAGATAAAGC-1,1,CD4_T_cells,,Tcm/Naive helper T cells,Tcm/Naive helper T cells,0.9999768434524958
GTTGCTGAGCGAGGTG-1,1,CD4_T_cells,,Tcm/Naive helper T cells,Tcm/Naive helper T cells,0.9999990655014284
GTTGCTGAGTTTGGTA-1,0,Monocytes_CD14,,Classical monocytes,Classical monocytes,0.9999986149631713
GTTGGAGCACGAACAG-1,3,CD4_T_cells,,Tcm/Naive cytotoxic T cells,Tcm/Naive cytotoxic T cells,0.9999003271503545
GTTGGAGCAGCAAGAT-1,1,CD4_T_cells,,Tcm/Naive helper T cells,Tcm/Naive helper T cells,0.9999551479465307
GTTGGAGCAGCAAGGC-1,1,CD4_T_cells,,Tcm/Naive helper T cells,Tcm/Naive helper T cells,0.9202557759956473
GTTGGAGCATTGTGAT-1,4,Cytotoxic_T_NK,,Tem/Trm cytotoxic T cells,Tem/Trm cytotoxic T cells,0.99896868412251
GTTGGCCAGCGTGCGT-1,0,Monocytes_CD14,,Non-classical monocytes,Classical monocytes,0.0500510995301379
GTTGGCCAGCTGCACA-1,9,Monocytes_general,,DC2,Classical monocytes,0.9004470380311851
GTTGGCCAGCTGGACC-1,0,Monocytes_CD14,,Classical monocytes,Classical monocytes,0.9999996386781851
GTTGGCCAGCTTAGTA-1,2,T_cells_general,,Tem/Effector helper T cells,Tem/Effector helper T cells,0.977704627962763
GTTGGCCAGGCTACAT-1,2,T_cells_general,,Tcm/Naive helper T cells,Tcm/Naive helper T cells,0.689888318863269
GTTGGCGGTAAATTGC-1,2,T_cells_general,,Regulatory T cells,Regulatory T cells,0.9990207291533143
GTTGGCGGTAGTCAAT-1,0,Monocytes_CD14,,Classical monocytes,Classical monocytes,0.999986313544387
GTTGGCGGTATTACCC-1,2,T_cells_general,,Regulatory T cells,Regulatory T cells,0.9511304307068232
GTTGGCGGTATTGAGT-1,5,Cytotoxic_T_NK,,CD16- NK cells,CD16+ NK cells,0.5914624727113279
GTTGGCGGTGCTAGAC-1,2,T_cells_general,,Tcm/Naive helper T cells,Tcm/Naive helper T cells,0.20640896674379694
GTTGGCGGTGGTTCCC-1,0,Monocytes_CD14,,Classical monocytes,Classical monocytes,0.9999230370203285
GTTGGCGGTTAGCCAA-1,0,Monocytes_CD14,,Classical monocytes,Classical monocytes,0.9999304930574735
GTTGGCGGTTCAAGCA-1,1,CD4_T_cells,,Tcm/Naive helper T cells,Tcm/Naive helper T cells,0.8304042306632783
GTTGGCGGTTCATCTA-1,6,B_cells,,Age-associated B cells,Age-associated B cells,0.9973210327205844
GTTGGCGGTTGGTTGA-1,4,Cytotoxic_T_NK,,Tem/Trm cytotoxic T cells,Tem/Trm cytotoxic T cells,0.9935810823312926
GTTGTGAGTCACGAAC-1,3,CD4_T_cells,,Tcm/Naive helper T cells,Tcm/Naive cytotoxic T cells,0.991809562419667
GTTGTGAGTTTCCTCC-1,7,Monocytes_general,,Non-classical monocytes,Non-classical monocytes,0.9999995558933263
GTTGTGAGTTTGCGCC-1,7,Monocytes_general,,Non-classical monocytes,Non-classical monocytes,0.999997308294432
GTTGTTGCAGCAACCT-1,4,Cytotoxic_T_NK,,Tem/Trm cytotoxic T cells,Tem/Trm cytotoxic T cells,0.8645384913202884
GTTGTTGCATCAGTAT-1,3,CD4_T_cells,,Tcm/Naive cytotoxic T cells,Tcm/Naive cytotoxic T cells,0.9752987209363618
GTTTAACCAAAGCGGC-1,1,CD4_T_cells,,Tcm/Naive helper T cells,Tcm/Naive helper T cells,0.9925238532011561
GTTTAACCAATTGAGA-1,3,CD4_T_cells,,Tcm/Naive cytotoxic T cells,Tcm/Naive cytotoxic T cells,0.9999049140663245
GTTTAACCAGGCTAGA-1,4,Cytotoxic_T_NK,,Tem/Temra cytotoxic T cells,Tem/Temra cytotoxic T cells,0.8900246494114179
GTTTAACCAGTAAGTA-1,2,T_cells_general,,Tcm/Naive helper T cells,Tem/Effector helper T cells,0.7955724974515068
GTTTAACCAGTCTAAT-1,5,Cytotoxic_T_NK,,CD16+ NK cells,CD16+ NK cells,0.999970527652126
GTTTAACCATAATGAG-1,3,CD4_T_cells,,Tcm/Naive helper T cells,Tcm/Naive cytotoxic T cells,0.8967081648826818
GTTTACCGTGAGCAAG-1,0,Monocytes_CD14,,Classical monocytes,Classical monocytes,0.9999984403314831
GTTTAGCAGATGCCTG-1,3,CD4_T_cells,,Tcm/Naive cytotoxic T cells,Tcm/Naive cytotoxic T cells,0.9998004905515093
GTTTAGCAGGAGTCTT-1,0,Monocytes_CD14,,Classical monocytes,Classical monocytes,0.9967999035072407
GTTTAGCAGGGATTAG-1,1,CD4_T_cells,,Tcm/Naive helper T cells,Tcm/Naive helper T cells,0.554422932903461
GTTTAGCAGTAAACCC-1,1,CD4_T_cells,,Tcm/Naive helper T cells,Tcm/Naive helper T cells,0.9961682980589968
GTTTAGCAGTATTGGC-1,2,T_cells_general,,Regulatory T cells,Regulatory T cells,0.999851406363251
GTTTAGCAGTTCCTCA-1,1,CD4_T_cells,,Tcm/Naive helper T cells,Tcm/Naive helper T cells,0.9987172898820044
GTTTATCTCAATGTCA-1,2,T_cells_general,,Tcm/Naive helper T cells,Tcm/Naive helper T cells,0.9842921449589488
GTTTATCTCTACCTGC-1,2,T_cells_general,,Tcm/Naive helper T cells,Tcm/Naive helper T cells,0.6902420246453097
GTTTATCTCTTAATGG-1,0,Monocytes_CD14,,Classical monocytes,Classical monocytes,0.9999901610788505
GTTTCAGCAAAGCCTC-1,0,Monocytes_CD14,,Classical monocytes,Classical monocytes,0.9999978333500715
GTTTCAGCAACCTGGT-1,2,T_cells_general,,Tcm/Naive helper T cells,Regulatory T cells,0.40178669548910195
GTTTCAGCAATCTCTC-1,2,T_cells_general,,Follicular helper T cells,Tcm/Naive helper T cells,0.02369523407622313
GTTTCAGCACAGGGAC-1,0,Monocytes_CD14,,Classical monocytes,Classical monocytes,0.9999833758212583
GTTTCAGCAGGTATTT-1,4,Cytotoxic_T_NK,,Tem/Trm cytotoxic T cells,Tem/Trm cytotoxic T cells,0.9992831712575848
GTTTCAGCATGGCCCA-1,3,CD4_T_cells,,Tcm/Naive cytotoxic T cells,Tcm/Naive cytotoxic T cells,0.9997972346840991
GTTTCAGCATTGCGAC-1,0,Monocytes_CD14,,Classical monocytes,Classical monocytes,0.9999962478977127
GTTTCCTCAACATAAG-1,0,Monocytes_CD14,,Classical monocytes,Classical monocytes,0.9999662339788579
GTTTCCTCAATAGCCC-1,0,Monocytes_CD14,,Classical monocytes,Classical monocytes,0.9732563517515541
GTTTCCTCAATGAATG-1,9,Monocytes_general,,DC2,DC2,0.9961158830992988
GTTTCCTCACAACAAA-1,1,CD4_T_cells,,Tcm/Naive helper T cells,Tcm/Naive helper T cells,0.9909326528888267
GTTTCCTCACATACTG-1,4,Cytotoxic_T_NK,,Tem/Temra cytotoxic T cells,Tem/Temra cytotoxic T cells,0.9989637460052606
GTTTCCTCAGGCTAAG-1,0,Monocytes_CD14,,Classical monocytes,Classical monocytes,0.9993625527894597
GTTTCCTCATGGCCTG-1,3,CD4_T_cells,,Tcm/Naive cytotoxic T cells,Tcm/Naive cytotoxic T cells,0.7978771565804901
GTTTCTAGTCAAAGGG-1,2,T_cells_general,,Tcm/Naive helper T cells,Tcm/Naive helper T cells,0.953591788601593
GTTTCTAGTCACAAAT-1,0,Monocytes_CD14,,Classical monocytes,Classical monocytes,0.9977721417362785
GTTTCTAGTCACCAAA-1,0,Monocytes_CD14,,Classical monocytes,Classical monocytes,0.9964523083915922
GTTTCTAGTCATGAGC-1,8,B_cells,,Naive B cells,Naive B cells,0.9999999967795079
GTTTCTAGTGAATCGC-1,2,T_cells_general,,Tem/Effector helper T cells,Tcm/Naive helper T cells,0.9971192679191855
GTTTCTAGTGATCAGC-1,2,T_cells_general,,Tem/Effector helper T cells,Tem/Effector helper T cells,0.6009730793784446
GTTTCTAGTGTGCAAC-1,3,CD4_T_cells,,Tcm/Naive cytotoxic T cells,Tcm/Naive cytotoxic T cells,0.9652864049720259
GTTTCTAGTTAACGAT-1,2,T_cells_general,,Tcm/Naive helper T cells,Tcm/Naive helper T cells,0.30917433061561106
GTTTCTAGTTAATGCG-1,1,CD4_T_cells,,Tcm/Naive helper T cells,Tcm/Naive helper T cells,0.9408074369520928
GTTTCTAGTTAGTTGG-1,0,Monocytes_CD14,,Classical monocytes,Classical monocytes,0.997096576710161
GTTTCTAGTTGCAGTA-1,3,CD4_T_cells,,Tcm/Naive cytotoxic T cells,Tcm/Naive cytotoxic T cells,0.9855726647289557
GTTTGCTGTCAAGTGC-1,0,Monocytes_CD14,,Classical monocytes,Classical monocytes,0.9884387420111002
GTTTGCTGTCTTGCAT-1,5,Cytotoxic_T_NK,,CD16+ NK cells,CD16+ NK cells,0.9634208266432354
GTTTGCTGTGGAAGGC-1,1,CD4_T_cells,,Tcm/Naive helper T cells,Tcm/Naive helper T cells,0.9999958209891213
GTTTGCTGTGGACATC-1,3,CD4_T_cells,,Tcm/Naive cytotoxic T cells,Tcm/Naive cytotoxic T cells,0.9981000987732541
GTTTGCTGTGTTCCCA-1,5,Cytotoxic_T_NK,,CD16+ NK cells,CD16+ NK cells,0.07914367788841614
GTTTGCTGTTACCGGG-1,0,Monocytes_CD14,,Classical monocytes,Classical monocytes,0.44603175310567084
GTTTGTAAGTTACTTC-1,3,CD4_T_cells,,Tem/Trm cytotoxic T cells,Tcm/Naive cytotoxic T cells,0.12278831046494995
GTTTGTAAGTTTGAGC-1,0,Monocytes_CD14,,Classical monocytes,Classical monocytes,0.6914738161513779
GTTTGTCGTGATGAGG-1,8,B_cells,,Naive B cells,Naive B cells,0.9999999998626705
GTTTGTCGTGTGCACG-1,9,Monocytes_general,,DC2,DC2,0.9749911406748266
GTTTGTCGTTAGGCGT-1,5,Cytotoxic_T_NK,,CD16+ NK cells,CD16+ NK cells,0.9449170745542269
GTTTGTCGTTCACCAT-1,0,Monocytes_CD14,,Classical monocytes,Classical monocytes,0.9999998451026391
GTTTGTCGTTCATTTG-1,2,T_cells_general,,Tcm/Naive helper T cells,Tcm/Naive helper T cells,0.9786480539130771
GTTTGTTTCATGGCCA-1,3,CD4_T_cells,,Tcm/Naive cytotoxic T cells,Tcm/Naive helper T cells,0.9220861136620507
GTTTGTTTCATTAGGC-1,9,Monocytes_general,,DC2,DC2,0.9990135939829807
GTTTGTTTCCCTGATC-1,5,Cytotoxic_T_NK,,CD16+ NK cells,CD16+ NK cells,0.9999979966171132
GTTTGTTTCCGGTATG-1,3,CD4_T_cells,,Tcm/Naive cytotoxic T cells,Tcm/Naive cytotoxic T cells,0.9998122085373772
GTTTGTTTCCTGGTGA-1,1,CD4_T_cells,,Tcm/Naive helper T cells,Tcm/Naive helper T cells,0.9819742990863894
GTTTGTTTCTACCTGC-1,4,Cytotoxic_T_NK,,Tem/Temra cytotoxic T cells,Tem/Temra cytotoxic T cells,0.99878626236839
GTTTGTTTCTGCAACG-1,0,Monocytes_CD14,,Classical monocytes,Classical monocytes,0.9909063604253466
TAAACAGCAACCCTAA-1,2,T_cells_general,,Tcm/Naive helper T cells,Tcm/Naive helper T cells,0.7740298562645659
TAAACAGCACCTAATG-1,1,CD4_T_cells,,Tcm/Naive helper T cells,Tcm/Naive helper T cells,0.9998601084299595
TAAACAGCACCTGCCT-1,2,T_cells_general,,Tem/Effector helper T cells,Tem/Effector helper T cells,0.9669397633346473
TAAACAGCACTTCACT-1,6,B_cells,,Naive B cells,Age-associated B cells,0.9999919213828669
TAAACAGCAGGATAAC-1,1,CD4_T_cells,,Tcm/Naive helper T cells,Tcm/Naive helper T cells,0.9985833554769896
TAAACAGCAGTAATAG-1,0,Monocytes_CD14,,Classical monocytes,Classical monocytes,0.9808891853457407
TAAAGCCTCAATCATG-1,0,Monocytes_CD14,,Classical monocytes,Classical monocytes,0.9999997438671958
TAAAGCCTCCCGCAAA-1,4,Cytotoxic_T_NK,,Tem/Trm cytotoxic T cells,Tem/Trm cytotoxic T cells,0.9929104897284232
TAAAGCCTCCGTAAAC-1,1,CD4_T_cells,,Tcm/Naive helper T cells,Tcm/Naive helper T cells,0.9999854695289724
TAAAGCCTCGAGCTAT-1,7,Monocytes_general,,Non-classical monocytes,Non-classical monocytes,0.9995243232225995
TAAAGCCTCTAAATCG-1,1,CD4_T_cells,,Tcm/Naive helper T cells,Tcm/Naive helper T cells,0.9651644401251364
TAACAAGCAAACTGTT-1,0,Monocytes_CD14,,Classical monocytes,Classical monocytes,0.999995726602545
TAACAAGCAATAGTCT-1,2,T_cells_general,,Tem/Effector helper T cells,Tcm/Naive helper T cells,0.8843831748378305
TAACAAGCACAGGGAC-1,1,CD4_T_cells,,Tcm/Naive helper T cells,Tcm/Naive helper T cells,0.9984719877832541
TAACAAGCACTTCATC-1,3,CD4_T_cells,,Tcm/Naive cytotoxic T cells,Tcm/Naive cytotoxic T cells,0.9979977629038859
TAACAAGCAGGCTAAG-1,1,CD4_T_cells,,Tcm/Naive helper T cells,Tcm/Naive helper T cells,0.9999131022133618
TAACAAGCATATTGAC-1,0,Monocytes_CD14,,Classical monocytes,Classical monocytes,0.13427639398244615
TAACCAGGTATTGGTG-1,7,Monocytes_general,,Non-classical monocytes,Non-classical monocytes,0.9999998465976079
TAACCAGGTTTGCAGA-1,0,Monocytes_CD14,,Classical monocytes,Classical monocytes,0.9882180017122834
TAACCGGTCAAGGACA-1,1,CD4_T_cells,,Tcm/Naive helper T cells,Tcm/Naive helper T cells,0.9997904934924632
TAACCGGTCAATCTCT-1,3,CD4_T_cells,,Tcm/Naive helper T cells,Tcm/Naive helper T cells,0.9983884058542805
TAACCGGTCCTTCTAG-1,1,CD4_T_cells,,Tcm/Naive helper T cells,Tcm/Naive helper T cells,0.9980044995466969
TAACCGGTCGCTAAAC-1,0,Monocytes_CD14,,Classical monocytes,Classical monocytes,0.9999353061229977
TAACCGGTCGGCTATG-1,2,T_cells_general,,Tem/Effector helper T cells,Tem/Effector helper T cells,0.9832467264325712
TAACCGGTCGGTCAAT-1,2,T_cells_general,,Tcm/Naive helper T cells,Tcm/Naive helper T cells,0.8680670979003481
TAACCGGTCTGGCATG-1,1,CD4_T_cells,,Tcm/Naive helper T cells,Tcm/Naive helper T cells,0.9999930913189173
TAACCTAAGCAACATC-1,3,CD4_T_cells,,Tcm/Naive cytotoxic T cells,Tcm/Naive cytotoxic T cells,0.9999290779551334
TAACCTAAGCTCCTTA-1,0,Monocytes_CD14,,Classical monocytes,Classical monocytes,0.9534885022398745
TAACCTAAGTCACTCC-1,7,Monocytes_general,,Non-classical monocytes,Non-classical monocytes,0.9999989962876215
TAACCTAAGTCCTTCA-1,1,CD4_T_cells,,Tcm/Naive helper T cells,Tcm/Naive helper T cells,0.9999867078331885
TAAGCCAGTAATGGAA-1,2,T_cells_general,,Tem/Trm cytotoxic T cells,Tcm/Naive helper T cells,0.244469569721553
TAAGCCAGTACCGAAC-1,2,T_cells_general,,Regulatory T cells,Regulatory T cells,0.9988281157262493
TAAGCCAGTGATGAAA-1,0,Monocytes_CD14,,Classical monocytes,Classical monocytes,0.9995849971772022
TAAGCCAGTGATTACG-1,2,T_cells_general,,Tem/Effector helper T cells,Tcm/Naive helper T cells,0.12389420815034623
TAAGCCAGTGCCGCAA-1,3,CD4_T_cells,,Tcm/Naive cytotoxic T cells,Tcm/Naive helper T cells,0.9841442524855297
TAAGCCAGTGCTCCAC-1,4,Cytotoxic_T_NK,,Tem/Trm cytotoxic T cells,Tem/Trm cytotoxic T cells,0.9995106661956495
TAAGCCAGTGGTGAGA-1,1,CD4_T_cells,,Tcm/Naive helper T cells,Tcm/Naive helper T cells,0.9984487050155486
TAAGCCAGTTGCTTCG-1,0,Monocytes_CD14,,Classical monocytes,Classical monocytes,0.9999947050474043
TAAGCCTAGACAGGTA-1,3,CD4_T_cells,,Tcm/Naive cytotoxic T cells,Tcm/Naive cytotoxic T cells,0.42829473160901044
TAAGCCTAGCGGGCAA-1,4,Cytotoxic_T_NK,,Tem/Temra cytotoxic T cells,Tem/Temra cytotoxic T cells,0.9998754152560079
TAAGCCTAGCTGGCTA-1,0,Monocytes_CD14,,Classical monocytes,Classical monocytes,0.9999981551174174
TAAGCCTAGGCTACTG-1,5,Cytotoxic_T_NK,,CD16+ NK cells,CD16+ NK cells,0.9990992560361898
TAAGCCTAGTCACTAA-1,1,CD4_T_cells,,Tcm/Naive helper T cells,Tcm/Naive helper T cells,0.9994310717655251
TAAGCCTAGTTGGCCA-1,2,T_cells_general,,Tcm/Naive helper T cells,Tcm/Naive helper T cells,0.9952485419370795
TAAGCTATCAAGCCTG-1,3,CD4_T_cells,,Tcm/Naive helper T cells,Tcm/Naive helper T cells,0.319687944677564
TAAGCTATCAGCACCA-1,0,Monocytes_CD14,,Classical monocytes,Classical monocytes,0.8273124073901914
TAAGCTATCGAGCTAT-1,1,CD4_T_cells,,Tcm/Naive helper T cells,Tcm/Naive helper T cells,0.9950466380477128
TAAGCTATCGCCTAAG-1,4,Cytotoxic_T_NK,,Tem/Temra cytotoxic T cells,Tem/Temra cytotoxic T cells,0.9060797961493511
TAAGCTATCGCTAGCA-1,3,CD4_T_cells,,Tcm/Naive cytotoxic T cells,Tcm/Naive cytotoxic T cells,0.9999864399403583
TAAGCTATCGCTCCAT-1,0,Monocytes_CD14,,Classical monocytes,Classical monocytes,0.9872532170263391
TAAGCTGGTCAATAGT-1,2,T_cells_general,,Tcm/Naive helper T cells,Regulatory T cells,0.9917983695580642
TAAGCTGGTTTATTCG-1,0,Monocytes_CD14,,Classical monocytes,Classical monocytes,0.9988723100140153
TAAGGACCAACTAGAA-1,8,B_cells,,Naive B cells,Naive B cells,0.9999999966127371
TAAGGACCAATTGCGC-1,2,T_cells_general,,Tcm/Naive helper T cells,Tcm/Naive helper T cells,0.9950350554143164
TAAGGACCACTTGTTC-1,7,Monocytes_general,,Non-classical monocytes,Non-classical monocytes,0.9999952783867954
TAAGGACCAGGATTAA-1,1,CD4_T_cells,,Tcm/Naive helper T cells,Tcm/Naive helper T cells,0.9999802338168555
TAAGGACCATGCTATG-1,0,Monocytes_CD14,,Classical monocytes,Classical monocytes,0.9977705176216273
TAAGGCTTCGTTCACC-1,2,T_cells_general,,Tem/Effector helper T cells,Tem/Effector helper T cells,0.9512687389405472
TAAGGCTTCTGGCTTC-1,1,CD4_T_cells,,Tcm/Naive helper T cells,Tcm/Naive helper T cells,0.9999894989848748
TAAGTAGCAAGGAATC-1,3,CD4_T_cells,,Tcm/Naive cytotoxic T cells,Tcm/Naive cytotoxic T cells,0.9989208599075696
TAAGTAGCAATATACC-1,0,Monocytes_CD14,,Classical monocytes,Classical monocytes,0.9998854672210967
TAAGTAGCAATTTAGC-1,3,CD4_T_cells,,Tcm/Naive cytotoxic T cells,Tcm/Naive cytotoxic T cells,0.9988726588102305
TAAGTAGCAGAAATGC-1,1,CD4_T_cells,,Tcm/Naive helper T cells,Tcm/Naive helper T cells,0.9984510979072853
TAAGTAGCAGGCATCT-1,3,CD4_T_cells,,Tcm/Naive helper T cells,Tcm/Naive cytotoxic T cells,0.6555616408970913
TAAGTAGCATAGGCGA-1,3,CD4_T_cells,,Tcm/Naive cytotoxic T cells,Tcm/Naive cytotoxic T cells,0.9833632581935365
TAAGTAGCATCCCTCA-1,0,Monocytes_CD14,,Classical monocytes,Classical monocytes,0.9999723014418542
TAAGTAGCATTGACAT-1,0,Monocytes_CD14,,Classical monocytes,Classical monocytes,0.9999771063103032
TAAGTAGCATTGTCCT-1,2,T_cells_general,,Type 17 helper T cells,Tcm/Naive helper T cells,0.1381315410918784
TAAGTGCTCAAACACC-1,3,CD4_T_cells,,Tcm/Naive cytotoxic T cells,Tcm/Naive cytotoxic T cells,0.992945921043289
TAAGTGCTCACGTTAA-1,1,CD4_T_cells,,Tcm/Naive helper T cells,Tcm/Naive helper T cells,0.9995485150191017
TAAGTGCTCCGCAAAT-1,5,Cytotoxic_T_NK,,CD16- NK cells,CD16+ NK cells,0.8684734115155509
TAAGTGCTCCTTGCAC-1,1,CD4_T_cells,,Tcm/Naive helper T cells,Tcm/Naive helper T cells,0.9996958982492927
TAAGTGCTCGCGACAC-1,1,CD4_T_cells,,Tcm/Naive helper T cells,Tcm/Naive helper T cells,0.9944097663607255
TAAGTGCTCGGGACCT-1,0,Monocytes_CD14,,Classical monocytes,Classical monocytes,0.9995841305349114
TAAGTGCTCGTTTCTG-1,1,CD4_T_cells,,Tcm/Naive cytotoxic T cells,Tcm/Naive helper T cells,0.9184448370669205
TAATCACCAAACTGTT-1,1,CD4_T_cells,,Tcm/Naive helper T cells,Tcm/Naive helper T cells,0.9998811881576903
TAATCACCAAGCCAGA-1,0,Monocytes_CD14,,Classical monocytes,Classical monocytes,0.9953659251990836
TAATCACCAATAATGG-1,0,Monocytes_CD14,,Classical monocytes,Classical monocytes,0.9999688938674067
TAATCACCAATTGAGA-1,5,Cytotoxic_T_NK,,CD16+ NK cells,CD16+ NK cells,0.9999895045952759
TAATCACCACCCACCT-1,3,CD4_T_cells,,Tcm/Naive cytotoxic T cells,Tcm/Naive cytotoxic T cells,0.8525687276534011
TAATCACCACTCGCTC-1,0,Monocytes_CD14,,Classical monocytes,Classical monocytes,0.9999911008737586
TAATCACCAGAGAGCC-1,0,Monocytes_CD14,,Classical monocytes,Classical monocytes,0.9999977472666843
TAATCACCAGCAATAA-1,5,Cytotoxic_T_NK,,CD16+ NK cells,CD16+ NK cells,0.9999732693065466
TAATCACCAGTACCGT-1,1,CD4_T_cells,,Tcm/Naive helper T cells,Tcm/Naive helper T cells,0.999181530060627
TAATCACCATACTCCT-1,7,Monocytes_general,,Non-classical monocytes,Non-classical monocytes,0.999997223857626
TAATCACCATCAGTAT-1,11,pDC,,pDC,pDC,0.9999999991610029
TAATCCGCAAACGGGC-1,0,Monocytes_CD14,,Classical monocytes,Classical monocytes,0.9991484426373712
TAATCCGCAGCAACCT-1,4,Cytotoxic_T_NK,,Tem/Trm cytotoxic T cells,Tem/Trm cytotoxic T cells,0.9870712137844887
TAATCCGCAGTAGGAT-1,0,Monocytes_CD14,,Classical monocytes,Classical monocytes,0.9999762348408441
TAATCCGCATGTGGGA-1,5,Cytotoxic_T_NK,,CD16+ NK cells,CD16+ NK cells,0.8628377173827043
TAATCCGCATTGACAT-1,2,T_cells_general,,Tem/Effector helper T cells,Tcm/Naive helper T cells,0.9775888348237491
TAATGCATCAATGTGC-1,2,T_cells_general,,Regulatory T cells,Regulatory T cells,0.9547005382365917
TAATGCATCAATTACG-1,8,B_cells,,Naive B cells,Naive B cells,0.9999205830792937
TAATGCATCACCAATA-1,0,Monocytes_CD14,,Classical monocytes,Classical monocytes,0.9999999431595953
TAATGCATCCAGCACA-1,0,Monocytes_CD14,,Classical monocytes,Classical monocytes,0.9692757989382044
TAATGCATCCGCAACA-1,1,CD4_T_cells,,Tcm/Naive helper T cells,Tcm/Naive helper T cells,0.9980968604324286
TAATGCATCGGTTCCT-1,0,Monocytes_CD14,,Classical monocytes,Classical monocytes,0.023344025807747183
TAATGCATCGTTTCCA-1,3,CD4_T_cells,,Tcm/Naive cytotoxic T cells,Tcm/Naive helper T cells,0.997027127695861
TAATGCATCTAAGTGC-1,0,Monocytes_CD14,,Classical monocytes,Classical monocytes,0.9980991636110268
TAATGCATCTCAATTC-1,1,CD4_T_cells,,Tcm/Naive helper T cells,Tcm/Naive helper T cells,0.9986338787361675
TAATGCATCTCCTCAA-1,4,Cytotoxic_T_NK,,Tem/Trm cytotoxic T cells,Tem/Temra cytotoxic T cells,0.22662707280081074
TAATGCATCTCCTCTT-1,7,Monocytes_general,,Non-classical monocytes,Non-classical monocytes,0.9999998629215842
TAATGCATCTTAATGG-1,1,CD4_T_cells,,Tcm/Naive helper T cells,Tcm/Naive helper T cells,0.9989096883471479
TAATGGACACCTGCCT-1,12,Stress_response,,HSC/MPP,HSC/MPP,0.9996386979068562
TAATGGACATAGCAGG-1,0,Monocytes_CD14,,Classical monocytes,Classical monocytes,0.9999996962779986
TAATGGTGTAACAGGG-1,0,Monocytes_CD14,,Classical monocytes,Classical monocytes,0.9987014466398259
TAATGGTGTATGGTGC-1,8,B_cells,,Naive B cells,Naive B cells,0.9999612718416627
TAATGGTGTCAATAGT-1,0,Monocytes_CD14,,Classical monocytes,Classical monocytes,0.9999788472822133
TAATGGTGTGTTTGTC-1,0,Monocytes_CD14,,Classical monocytes,Classical monocytes,0.9992086428721606
TAATGGTGTTCAAGCA-1,3,CD4_T_cells,,Tcm/Naive helper T cells,Tcm/Naive cytotoxic T cells,0.9596032809565187
TAATGGTGTTCGGGAT-1,1,CD4_T_cells,,Tcm/Naive helper T cells,Tcm/Naive helper T cells,0.5128396769140182
TAATTGCCAAATGCCC-1,11,pDC,,pDC,pDC,0.9999999941154394
TAATTGCCAACTAACT-1,1,CD4_T_cells,,Tcm/Naive helper T cells,Tcm/Naive helper T cells,0.999767006434464
TAATTGCCAAGGTCCT-1,6,B_cells,,Memory B cells,Memory B cells,0.9999959736144096
TAATTGCCAAGTTATC-1,2,T_cells_general,,Tcm/Naive helper T cells,Tcm/Naive helper T cells,0.7637263644165649
TAATTGCCACCGGTAT-1,5,Cytotoxic_T_NK,,CD16+ NK cells,CD16+ NK cells,0.9999585880566564
TAATTGCCATAGGCGA-1,2,T_cells_general,,Tcm/Naive helper T cells,Tcm/Naive helper T cells,0.9918452293932342
TAATTGCCATGATTGT-1,1,CD4_T_cells,,Tcm/Naive helper T cells,Tcm/Naive helper T cells,0.9998081959828748
TAATTGCCATGTCAAT-1,4,Cytotoxic_T_NK,,Tem/Trm cytotoxic T cells,Tem/Trm cytotoxic T cells,0.9883185693551171
TACAACATCACAGACT-1,5,Cytotoxic_T_NK,,CD16+ NK cells,CD16+ NK cells,0.9842203931208579
TACAACATCATAATCG-1,1,CD4_T_cells,,Tcm/Naive helper T cells,Tcm/Naive helper T cells,0.9998537096375443
TACAACATCATTGCAA-1,6,B_cells,,Memory B cells,Memory B cells,0.9999949096927497
TACAACATCCCTCAGT-1,3,CD4_T_cells,,Tcm/Naive cytotoxic T cells,Tcm/Naive cytotoxic T cells,0.9703412784672921
TACAACATCCCTGTTA-1,10,Cytotoxic_T_NK,,Tem/Temra cytotoxic T cells,MAIT cells,0.03673157940216811
TACAACATCTACCTCA-1,0,Monocytes_CD14,,Classical monocytes,Classical monocytes,0.9995516589386714
TACAACATCTACTAAG-1,4,Cytotoxic_T_NK,,Tem/Temra cytotoxic T cells,Tem/Temra cytotoxic T cells,0.9995362608503962
TACAAGCTCGAAGTGA-1,4,Cytotoxic_T_NK,,Tem/Trm cytotoxic T cells,Tem/Trm cytotoxic T cells,0.9653567918002026
TACAAGCTCTTGGATA-1,3,CD4_T_cells,,Tcm/Naive cytotoxic T cells,Tcm/Naive cytotoxic T cells,0.9999199513804212
TACAATGTCACCTGCT-1,0,Monocytes_CD14,,Classical monocytes,Classical monocytes,0.9998166357308318
TACAATGTCTATGACA-1,3,CD4_T_cells,,Tcm/Naive cytotoxic T cells,Tcm/Naive cytotoxic T cells,0.9575648964642935
TACAGCTAGCAGGTGG-1,1,CD4_T_cells,,Tcm/Naive helper T cells,Tcm/Naive helper T cells,0.9998987439194112
TACAGCTAGGCAAGTA-1,2,T_cells_general,,Regulatory T cells,Regulatory T cells,0.9997641265675737
TACAGCTAGTGTGATC-1,1,CD4_T_cells,,Tcm/Naive helper T cells,Tcm/Naive helper T cells,0.9995776084136245
TACAGGTTCATGGCTG-1,1,CD4_T_cells,,Tcm/Naive helper T cells,Tcm/Naive helper T cells,0.999376108370437
TACAGGTTCCCGAAGC-1,1,CD4_T_cells,,Tcm/Naive helper T cells,Tcm/Naive helper T cells,0.7985693627775862
TACAGGTTCCCGTTGT-1,3,CD4_T_cells,,Tcm/Naive cytotoxic T cells,Tcm/Naive cytotoxic T cells,0.9998989972835575
TACAGGTTCGCAATCG-1,0,Monocytes_CD14,,Classical monocytes,Classical monocytes,0.9999993499811555
TACAGGTTCGTGCCTT-1,3,CD4_T_cells,,Tcm/Naive cytotoxic T cells,Tcm/Naive cytotoxic T cells,0.9999303722811475
TACAGGTTCTAGCGTG-1,2,T_cells_general,,Tcm/Naive helper T cells,Tcm/Naive helper T cells,0.9801740139319669
TACAGGTTCTGTTGCC-1,2,T_cells_general,,Tcm/Naive helper T cells,Tcm/Naive helper T cells,0.9057031304701354
TACATCAAGACTCGCA-1,1,CD4_T_cells,,Tcm/Naive helper T cells,Tcm/Naive helper T cells,0.9997410795541269
TACATCAAGCGTGCAC-1,7,Monocytes_general,,Non-classical monocytes,Non-classical monocytes,0.9815469191738371
TACATCAAGCTGAGGG-1,9,Monocytes_general,,DC2,DC2,0.9809913434754802
TACATCAAGCTTAACA-1,2,T_cells_general,,Tem/Trm cytotoxic T cells,Tem/Effector helper T cells,0.030960154545345186
TACATCAAGGAACGGT-1,6,B_cells,,Age-associated B cells,Age-associated B cells,0.9817150336178321
TACATCAAGGAGGTTA-1,0,Monocytes_CD14,,Classical monocytes,Classical monocytes,0.9993048651354406
TACATCAAGGATGATG-1,0,Monocytes_CD14,,Classical monocytes,Classical monocytes,0.9999517501462334
TACATCAAGGTACCGC-1,3,CD4_T_cells,,Tcm/Naive cytotoxic T cells,Tcm/Naive cytotoxic T cells,0.9921579847543913
TACATCAAGTAACCCG-1,3,CD4_T_cells,,Tcm/Naive helper T cells,Tcm/Naive cytotoxic T cells,0.8937920299197611
TACATCAAGTGAACGA-1,0,Monocytes_CD14,,Classical monocytes,Classical monocytes,0.999863610206275
TACCAAATCGTTTCTG-1,0,Monocytes_CD14,,Classical monocytes,Classical monocytes,0.9994741424205271
TACCAAATCTAAGTGC-1,1,CD4_T_cells,,Tcm/Naive helper T cells,Tcm/Naive helper T cells,0.999699599598952
TACCAGGTCAATCATG-1,7,Monocytes_general,,Non-classical monocytes,Non-classical monocytes,0.9995907362032632
TACCAGGTCAGGAAGC-1,2,T_cells_general,,Regulatory T cells,Tcm/Naive helper T cells,0.8257306163869198
TACCAGGTCATGGCCA-1,2,T_cells_general,,Tcm/Naive helper T cells,Tcm/Naive helper T cells,0.9995888637153593
TACCAGGTCCCGCCTA-1,1,CD4_T_cells,,Tcm/Naive helper T cells,Tcm/Naive helper T cells,0.9978029248533122
TACCAGGTCCTGATGG-1,2,T_cells_general,,Regulatory T cells,Regulatory T cells,0.9997778588934982
TACCAGGTCCTGGCTT-1,3,CD4_T_cells,,Tcm/Naive cytotoxic T cells,Tcm/Naive cytotoxic T cells,0.9990136650914381
TACCAGGTCTGCAACG-1,0,Monocytes_CD14,,Classical monocytes,Classical monocytes,0.9983832237287823
TACCCGGCACACCAAC-1,5,Cytotoxic_T_NK,,CD16+ NK cells,CD16+ NK cells,0.995284915988569
TACCCGGCACAGAACG-1,3,CD4_T_cells,,Tcm/Naive cytotoxic T cells,Tcm/Naive cytotoxic T cells,0.9907035355952274
TACCCGGCATTGCGTA-1,2,T_cells_general,,Tcm/Naive helper T cells,Tcm/Naive helper T cells,0.9270027204868767
TACCGAAGTAACCACA-1,1,CD4_T_cells,,Tcm/Naive cytotoxic T cells,Tcm/Naive helper T cells,0.9832146075541245
TACCGAAGTAACGAGG-1,0,Monocytes_CD14,,Classical monocytes,Classical monocytes,0.9023944681091632
TACCGAAGTGACCTGG-1,0,Monocytes_CD14,,Non-classical monocytes,Classical monocytes,0.9995577852599612
TACCGAAGTGCCGCAA-1,9,Monocytes_general,,DC2,DC2,0.9748113458864561
TACCGAAGTTAGGCTA-1,12,Stress_response,,Megakaryocyte precursor,HSC/MPP,0.9999958824372384
TACCGAAGTTTGTCTA-1,2,T_cells_general,,Tcm/Naive helper T cells,Tcm/Naive helper T cells,0.9981855025538372
TACCGCAAGGGACTAA-1,3,CD4_T_cells,,Tcm/Naive cytotoxic T cells,Tcm/Naive cytotoxic T cells,0.8264497986980819
TACCGCAAGGTAAGCA-1,4,Cytotoxic_T_NK,,CD16+ NK cells,Tem/Temra cytotoxic T cells,0.9510595176838444
TACCGCAAGTCAATTG-1,2,T_cells_general,,Tcm/Naive helper T cells,Tcm/Naive helper T cells,0.9994232651876832
TACCGTTGTACTAAAC-1,0,Monocytes_CD14,,Classical monocytes,Classical monocytes,0.9984477644526144
TACCGTTGTGTCCAAA-1,1,CD4_T_cells,,Tcm/Naive helper T cells,Tcm/Naive helper T cells,0.9947880431405162
TACCGTTGTGTTAGCA-1,1,CD4_T_cells,,Tcm/Naive helper T cells,Tcm/Naive helper T cells,0.9998871438831289
TACCGTTGTTAGTGAT-1,2,T_cells_general,,Tcm/Naive helper T cells,Tcm/Naive helper T cells,0.9380956413727382
TACCGTTGTTCCTGAT-1,0,Monocytes_CD14,,Classical monocytes,Classical monocytes,0.38971141910246854
TACCGTTGTTCGCGCT-1,4,Cytotoxic_T_NK,,Tem/Temra cytotoxic T cells,Tem/Temra cytotoxic T cells,0.9944760014616887
TACCGTTGTTGTTGGA-1,2,T_cells_general,,Tcm/Naive helper T cells,Tem/Effector helper T cells,0.9945343866200291
TACCTCATCAAACACC-1,0,Monocytes_CD14,,Classical monocytes,Classical monocytes,0.9995137549911847
TACCTCATCCACCCTG-1,4,Cytotoxic_T_NK,,Tem/Temra cytotoxic T cells,Tem/Temra cytotoxic T cells,0.9993239069191151
TACCTCATCCCGCCTA-1,0,Monocytes_CD14,,Classical monocytes,Classical monocytes,0.9085392156054658
TACCTCATCTCCATAT-1,0,Monocytes_CD14,,Classical monocytes,Classical monocytes,0.9999941072111391
TACCTCATCTCTAGCC-1,3,CD4_T_cells,,Tcm/Naive cytotoxic T cells,Tcm/Naive cytotoxic T cells,0.9258069780454918
TACCTCATCTGTTGCC-1,5,Cytotoxic_T_NK,,CD16+ NK cells,CD16+ NK cells,0.9999896547769606
TACCTGCTCATTATGG-1,8,B_cells,,Naive B cells,Naive B cells,0.9999999999932807
TACCTGCTCCGGTTGA-1,1,CD4_T_cells,,Tcm/Naive helper T cells,Tcm/Naive helper T cells,0.9978862240197465
TACCTGCTCCGTCCAT-1,9,Monocytes_general,,DC2,DC2,0.37383008820546054
TACCTGCTCCTAATAG-1,5,Cytotoxic_T_NK,,CD16+ NK cells,CD16+ NK cells,0.9976879751872734
TACCTGCTCTAGCGTG-1,11,pDC,,pDC,pDC,0.9999999427030031
TACCTTAGTGGACCTG-1,13,Plasma_cells,,Plasma cells,Plasma cells,0.9995387257144184
TACCTTAGTGTCCAGG-1,5,Cytotoxic_T_NK,,CD16+ NK cells,CD16+ NK cells,0.9892851521644103
TACCTTTAGCAGCTAT-1,4,Cytotoxic_T_NK,,Tem/Temra cytotoxic T cells,Tem/Temra cytotoxic T cells,0.9992202911445259
TACCTTTAGCCTAATA-1,11,pDC,,pDC,pDC,0.9999999940889801
TACCTTTAGGATAAAC-1,0,Monocytes_CD14,,Non-classical monocytes,Classical monocytes,0.7582965231159003
TACCTTTAGGCGCACT-1,0,Monocytes_CD14,,Classical monocytes,Classical monocytes,0.9999989749698524
TACGCACCAAAGCCTC-1,7,Monocytes_general,,Non-classical monocytes,Non-classical monocytes,0.9588832874660603
TACGCACCAGAACCGA-1,4,Cytotoxic_T_NK,,Tem/Trm cytotoxic T cells,Tem/Trm cytotoxic T cells,0.9951126647203288
TACGCACCAGGGAGCT-1,9,Monocytes_general,,DC2,DC2,0.9283880567583723
TACGCACCATAAGTTC-1,2,T_cells_general,,Tcm/Naive helper T cells,Tcm/Naive helper T cells,0.9916459835925651
TACGCACCATAGCTGC-1,0,Monocytes_CD14,,Classical monocytes,Classical monocytes,0.9904832022385651
TACGCTTGTACCTTAC-1,1,CD4_T_cells,,Tcm/Naive cytotoxic T cells,Tcm/Naive helper T cells,0.7028786579543659
TACGCTTGTACGCGCA-1,10,Cytotoxic_T_NK,,MAIT cells,MAIT cells,0.9999575470830894
TACGCTTGTGCATTAG-1,2,T_cells_general,,Tcm/Naive helper T cells,Tcm/Naive helper T cells,0.9645402513874678
TACGCTTGTTAGTTGG-1,1,CD4_T_cells,,Tcm/Naive helper T cells,Tcm/Naive helper T cells,0.9999982306568993
TACGCTTGTTCTTTAG-1,3,CD4_T_cells,,Tcm/Naive helper T cells,Tcm/Naive cytotoxic T cells,0.9776538575889233
TACGCTTGTTTCGCCA-1,9,Monocytes_general,,Monocyte precursor,DC2,0.029918368550275954
TACGGATTCCATTACT-1,2,T_cells_general,,Tcm/Naive helper T cells,Tcm/Naive helper T cells,0.980400371736784
TACGGATTCCCTGGAA-1,3,CD4_T_cells,,Tcm/Naive cytotoxic T cells,Tcm/Naive cytotoxic T cells,0.9852685876447972
TACGGATTCTTGAGGT-1,5,Cytotoxic_T_NK,,Tem/Temra cytotoxic T cells,CD16+ NK cells,0.8709488709995062
TACGGTTAGAGAAGGG-1,2,T_cells_general,,Tcm/Naive helper T cells,Tcm/Naive helper T cells,0.9928054691719578
TACGGTTAGGATAAAC-1,0,Monocytes_CD14,,Classical monocytes,Classical monocytes,0.9890606149075253
TACGGTTAGGCGCTTA-1,1,CD4_T_cells,,Tcm/Naive helper T cells,Tcm/Naive helper T cells,0.9999951941776036
TACGGTTAGTTATTCC-1,5,Cytotoxic_T_NK,,CD16+ NK cells,CD16+ NK cells,0.9939939762821873
TACGTAATCGCTTCTA-1,3,CD4_T_cells,,Tcm/Naive cytotoxic T cells,Tcm/Naive cytotoxic T cells,0.9975679359925607
TACGTAATCTAAGGTC-1,3,CD4_T_cells,,Tcm/Naive cytotoxic T cells,Tcm/Naive cytotoxic T cells,0.4683875756724709
TACGTACAGCTTACTT-1,2,T_cells_general,,Tcm/Naive helper T cells,Tem/Effector helper T cells,0.3497428164649104
TACGTACAGGTACCGC-1,7,Monocytes_general,,Non-classical monocytes,Non-classical monocytes,0.9999980611701994
TACGTACAGTATGTGC-1,3,CD4_T_cells,,Tcm/Naive cytotoxic T cells,Tcm/Naive cytotoxic T cells,0.44086231417544475
TACGTACAGTTAGAGG-1,3,CD4_T_cells,,Tcm/Naive cytotoxic T cells,Tcm/Naive cytotoxic T cells,0.9999488605686165
TACGTTAAGGTCCGTA-1,1,CD4_T_cells,,Tcm/Naive helper T cells,Tcm/Naive helper T cells,0.4044206124127382
TACGTTAAGGTTAGCT-1,0,Monocytes_CD14,,Classical monocytes,Classical monocytes,0.9999749072878884
TACTAAGTCAGGTTTA-1,1,CD4_T_cells,,Tcm/Naive helper T cells,Tcm/Naive helper T cells,0.9992724777785307
TACTAAGTCATGGCCA-1,2,T_cells_general,,Regulatory T cells,Regulatory T cells,0.9999735723299998
TACTCAAAGCACAGAA-1,0,Monocytes_CD14,,Classical monocytes,Classical monocytes,0.8832083484655436
TACTCAAAGTAAAGGT-1,3,CD4_T_cells,,Tcm/Naive cytotoxic T cells,Tcm/Naive cytotoxic T cells,0.9977246500249297
TACTCAAAGTAGCGGG-1,1,CD4_T_cells,,Tcm/Naive helper T cells,Tcm/Naive helper T cells,0.9993394158504553
TACTCAAAGTGCACGC-1,5,Cytotoxic_T_NK,,CD16+ NK cells,CD16+ NK cells,0.9999894204618665
TACTCGCTCGTGCTTC-1,2,T_cells_general,,Tcm/Naive helper T cells,Tcm/Naive helper T cells,0.9965439218194042
TACTCGCTCGTTTCTG-1,1,CD4_T_cells,,Tcm/Naive helper T cells,Tcm/Naive helper T cells,0.9997890480881239
TACTGACAGCTGAGGG-1,5,Cytotoxic_T_NK,,CD16+ NK cells,CD16+ NK cells,0.9999905421155701
TACTGACAGTATCGCG-1,3,CD4_T_cells,,Tcm/Naive cytotoxic T cells,Tcm/Naive cytotoxic T cells,0.9996787453395403
TACTGAGGTACAAAGA-1,3,CD4_T_cells,,Tcm/Naive cytotoxic T cells,Tcm/Naive cytotoxic T cells,0.992540871836026
TACTGAGGTCAATACG-1,2,T_cells_general,,Regulatory T cells,Regulatory T cells,0.9999789218015868
TACTGAGGTGAGCGAA-1,8,B_cells,,Naive B cells,Naive B cells,0.9999999956512833
TACTGAGGTGCATCGG-1,2,T_cells_general,,Regulatory T cells,Regulatory T cells,0.9999999998580598
TACTGAGGTGTGCAAC-1,0,Monocytes_CD14,,Non-classical monocytes,Classical monocytes,0.9567369087670151
TACTGAGGTTAACAGT-1,4,Cytotoxic_T_NK,,Tem/Temra cytotoxic T cells,Tem/Temra cytotoxic T cells,0.9999992931785622
TACTGAGGTTCCTGAT-1,0,Monocytes_CD14,,Classical monocytes,Classical monocytes,0.8817403916853301
TACTGCACAAGGATTA-1,4,Cytotoxic_T_NK,,Tem/Trm cytotoxic T cells,Tem/Trm cytotoxic T cells,0.9953519981906911
TACTGCACAATATAGG-1,3,CD4_T_cells,,Tcm/Naive cytotoxic T cells,Tcm/Naive cytotoxic T cells,0.9992796670493442
TACTGCACACCTGCCT-1,0,Monocytes_CD14,,Classical monocytes,Classical monocytes,0.9992811913399142
TACTGCACAGCTTACA-1,3,CD4_T_cells,,Tcm/Naive helper T cells,Tcm/Naive cytotoxic T cells,0.98854531892373
TACTGGCCACCTGCTC-1,2,T_cells_general,,Regulatory T cells,Regulatory T cells,0.059112405466928954
TACTGGCCAGCATGTC-1,0,Monocytes_CD14,,Classical monocytes,Classical monocytes,0.995468757349669
TACTGGCCAGGCTTGT-1,0,Monocytes_CD14,,Non-classical monocytes,Classical monocytes,0.6088562512574066
TACTGGCCATAATCGT-1,0,Monocytes_CD14,,Classical monocytes,Classical monocytes,0.997740831223821
TACTGGCCATAGCTGC-1,2,T_cells_general,,Tem/Effector helper T cells,Tem/Effector helper T cells,0.7437286109525864
TACTGGCCATGAAGTA-1,4,Cytotoxic_T_NK,,Tem/Temra cytotoxic T cells,Tem/Temra cytotoxic T cells,0.9996435668005753
TACTGGCCATTGTCAG-1,0,Monocytes_CD14,,Classical monocytes,Classical monocytes,0.9977975324071888
TACTTCGTCACTCAAA-1,3,CD4_T_cells,,Tcm/Naive cytotoxic T cells,Tcm/Naive cytotoxic T cells,0.9993950070805325
TACTTCGTCATAAGCC-1,10,Cytotoxic_T_NK,,MAIT cells,MAIT cells,0.9997728206842675
TACTTCGTCATGACCG-1,0,Monocytes_CD14,,Classical monocytes,Classical monocytes,0.9999884109444906
TACTTCGTCATTGACA-1,0,Monocytes_CD14,,Classical monocytes,Classical monocytes,0.9999697186826412
TACTTCGTCCGGTATG-1,3,CD4_T_cells,,Tcm/Naive helper T cells,Tcm/Naive helper T cells,0.999108834033938
TACTTCGTCTCTAGCC-1,0,Monocytes_CD14,,Classical monocytes,Classical monocytes,0.9999946373909346
TACTTGTTCGTCATTT-1,1,CD4_T_cells,,Tcm/Naive helper T cells,Tcm/Naive helper T cells,0.9999672936846924
TACTTGTTCTAGCGTG-1,1,CD4_T_cells,,Tcm/Naive helper T cells,Tcm/Naive helper T cells,0.9999568662607694
TAGACCAGTACCTTAC-1,6,B_cells,,Naive B cells,Memory B cells,0.9700736056631313
TAGACCAGTATTGAGT-1,9,Monocytes_general,,DC2,DC2,0.8395285462284469
TAGACCAGTCTTTATG-1,0,Monocytes_CD14,,Classical monocytes,Classical monocytes,0.9999998706836742
TAGACCAGTGGACATC-1,6,B_cells,,Memory B cells,Age-associated B cells,0.9932976222786564
TAGACCAGTTAACACG-1,0,Monocytes_CD14,,Classical monocytes,Classical monocytes,0.9999628166159099
TAGACCAGTTAGTGAT-1,7,Monocytes_general,,Non-classical monocytes,Non-classical monocytes,0.9998034525838668
TAGACCAGTTTAACCC-1,7,Monocytes_general,,Non-classical monocytes,Non-classical monocytes,0.9999919290470576
TAGACCAGTTTCCTCC-1,8,B_cells,,Naive B cells,Naive B cells,0.9999999999794311
TAGACCAGTTTGCAGA-1,3,CD4_T_cells,,Tcm/Naive cytotoxic T cells,Tcm/Naive cytotoxic T cells,0.9737670522346289
TAGAGCCGTGCATCGG-1,3,CD4_T_cells,,Tcm/Naive cytotoxic T cells,Tcm/Naive cytotoxic T cells,0.9994106768342014
TAGAGCCGTGTTAAAC-1,2,T_cells_general,,Tcm/Naive helper T cells,Tcm/Naive helper T cells,0.2575580068481119
TAGAGCCGTTAGAGCC-1,0,Monocytes_CD14,,Classical monocytes,Classical monocytes,0.9999684876153012
TAGAGCCGTTAGGTTG-1,0,Monocytes_CD14,,Classical monocytes,Classical monocytes,0.9912683316502491
TAGCAGGCAACCCTAA-1,5,Cytotoxic_T_NK,,CD16+ NK cells,CD16+ NK cells,0.9268619333664685
TAGCAGGCAACTCGCG-1,0,Monocytes_CD14,,Classical monocytes,Classical monocytes,0.9992521440561084
TAGCAGGCAATCCCTT-1,2,T_cells_general,,Type 17 helper T cells,Tem/Effector helper T cells,0.24497323804205196
TAGCAGGCAATCCTAG-1,2,T_cells_general,,Tcm/Naive helper T cells,Tcm/Naive helper T cells,0.9954423262606834
TAGCAGGCAGGCGATA-1,7,Monocytes_general,,Non-classical monocytes,Non-classical monocytes,0.999972521772462
TAGCATATCCGTTAAA-1,1,CD4_T_cells,,Tcm/Naive helper T cells,Tcm/Naive helper T cells,0.9995753920142729
TAGCATATCTCACACC-1,6,B_cells,,Memory B cells,Memory B cells,0.9999965166562962
TAGCATATCTTAGCCC-1,0,Monocytes_CD14,,Classical monocytes,Classical monocytes,0.9998312934548786
TAGCCGGGTCGACTAA-1,1,CD4_T_cells,,Tcm/Naive helper T cells,Tcm/Naive helper T cells,0.9998001557711329
TAGCCGGGTCTTTATG-1,2,T_cells_general,,Tcm/Naive helper T cells,Tcm/Naive helper T cells,0.9633398250426487
TAGCCGGGTGAATCGC-1,2,T_cells_general,,Regulatory T cells,Regulatory T cells,0.4456429036503604
TAGCCGGGTGATTACG-1,6,B_cells,,Memory B cells,Memory B cells,0.9994308973103574
TAGCCGGGTGTTTCAC-1,1,CD4_T_cells,,Tcm/Naive helper T cells,Tcm/Naive helper T cells,0.9999618567138356
TAGCCGGGTTATCGAG-1,0,Monocytes_CD14,,Classical monocytes,Classical monocytes,0.9999785148416848
TAGCCTCTCAAGTGTC-1,13,Plasma_cells,,Plasma cells,Plasma cells,0.9999068163227446
TAGCCTCTCATCCACC-1,4,Cytotoxic_T_NK,,CD16+ NK cells,Tem/Temra cytotoxic T cells,0.9878243296091326
TAGCCTCTCATCCTCA-1,4,Cytotoxic_T_NK,,CRTAM+ gamma-delta T cells,Tem/Temra cytotoxic T cells,0.11369998311947653
TAGCCTCTCATTAGCA-1,1,CD4_T_cells,,Tcm/Naive helper T cells,Tcm/Naive helper T cells,0.9994168345940343
TAGCCTCTCATTAGTG-1,0,Monocytes_CD14,,Classical monocytes,Classical monocytes,0.9943832000706052
TAGCCTCTCCACCTGT-1,1,CD4_T_cells,,Tcm/Naive helper T cells,Tcm/Naive helper T cells,0.9997689470114637
TAGCCTCTCCGCAACA-1,3,CD4_T_cells,,Tcm/Naive cytotoxic T cells,Tcm/Naive cytotoxic T cells,0.9996919755895444
TAGCCTCTCCTCCCTC-1,0,Monocytes_CD14,,Classical monocytes,Classical monocytes,0.9985509095238976
TAGCCTCTCGATTTGA-1,1,CD4_T_cells,,Tcm/Naive helper T cells,Tcm/Naive helper T cells,0.9999609566611724
TAGCCTCTCTTAGCGG-1,4,Cytotoxic_T_NK,,Tem/Temra cytotoxic T cells,Tem/Temra cytotoxic T cells,0.9945814995488311
TAGCCTGAGACAGGCG-1,2,T_cells_general,,Tcm/Naive helper T cells,Tcm/Naive helper T cells,0.05000220752632492
TAGCCTGAGCAAACCT-1,0,Monocytes_CD14,,Classical monocytes,Classical monocytes,0.9999455073142974
TAGCCTGAGCATTTCT-1,4,Cytotoxic_T_NK,,Tcm/Naive helper T cells,Tem/Trm cytotoxic T cells,0.030601107813225725
TAGCCTGAGGCTAAGA-1,0,Monocytes_CD14,,Classical monocytes,Classical monocytes,0.9887050909885672
TAGCCTGAGGGTCCAC-1,0,Monocytes_CD14,,Classical monocytes,Classical monocytes,0.9999962194464135
TAGCCTGAGGTCTTGG-1,4,Cytotoxic_T_NK,,Tem/Temra cytotoxic T cells,Tem/Temra cytotoxic T cells,0.9207787417445131
TAGCCTTGTAGCTGGT-1,1,CD4_T_cells,,Tcm/Naive helper T cells,Tcm/Naive helper T cells,0.9571147714649596
TAGCCTTGTGCTAGAC-1,1,CD4_T_cells,,Tcm/Naive helper T cells,Tcm/Naive helper T cells,0.9751010311871239
TAGCCTTGTGTGCACG-1,5,Cytotoxic_T_NK,,CD16+ NK cells,CD16+ NK cells,0.9999784275077065
TAGCCTTGTTACCTGT-1,5,Cytotoxic_T_NK,,CD16+ NK cells,CD16+ NK cells,0.9397392266002846
TAGCCTTGTTGAGGTC-1,0,Monocytes_CD14,,Non-classical monocytes,Classical monocytes,0.9954297776765587
TAGCCTTGTTTGCGCC-1,2,T_cells_general,,Tcm/Naive helper T cells,Tem/Effector helper T cells,0.9983126162809319
TAGCGCGGTCATCCTG-1,4,Cytotoxic_T_NK,,Tem/Temra cytotoxic T cells,Tem/Temra cytotoxic T cells,0.9949045010460154
TAGCGCGGTCCTAAGA-1,3,CD4_T_cells,,Tcm/Naive cytotoxic T cells,Tcm/Naive cytotoxic T cells,0.9997838091557646
TAGCGCGGTCGTTATC-1,9,Monocytes_general,,DC2,DC2,0.8027020731149774
TAGCGCGGTGATTACG-1,5,Cytotoxic_T_NK,,CD16+ NK cells,CD16+ NK cells,0.9989386382179574
TAGCGGACAAATGCCC-1,0,Monocytes_CD14,,Classical monocytes,Classical monocytes,0.6380321824501879
TAGCGGACAACAGGAT-1,5,Cytotoxic_T_NK,,CD16+ NK cells,CD16+ NK cells,0.9984174779783838
TAGCGGACAATTGAGA-1,0,Monocytes_CD14,,Classical monocytes,Classical monocytes,0.9999999694350323
TAGCGGACACTTACAG-1,0,Monocytes_CD14,,Classical monocytes,Classical monocytes,0.9880206076422001
TAGCGGACACTTCACT-1,4,Cytotoxic_T_NK,,Tem/Temra cytotoxic T cells,Tem/Temra cytotoxic T cells,0.12372291149442036
TAGCGGACAGAAATTG-1,2,T_cells_general,,Tcm/Naive helper T cells,Tem/Effector helper T cells,0.9976998358479469
TAGCGGACATGAAATG-1,1,CD4_T_cells,,Tcm/Naive helper T cells,Tcm/Naive helper T cells,0.9947610426382827
TAGCGGCTCAATTACG-1,6,B_cells,,Memory B cells,Memory B cells,0.9999964033978906
TAGCGGCTCACACAGT-1,2,T_cells_general,,MAIT cells,Tcm/Naive helper T cells,0.9843344535762886
TAGCGGCTCAGTGAAG-1,1,CD4_T_cells,,Tcm/Naive helper T cells,Tcm/Naive helper T cells,0.9999995137752483
TAGCGGCTCCGGCTAA-1,4,Cytotoxic_T_NK,,Tem/Trm cytotoxic T cells,CD8a/a,0.9595246908674993
TAGCGGCTCGCTAAAC-1,3,CD4_T_cells,,Tcm/Naive cytotoxic T cells,Tcm/Naive cytotoxic T cells,0.9880673979085269
TAGCGGCTCGCTAGCA-1,3,CD4_T_cells,,Tcm/Naive cytotoxic T cells,Tcm/Naive cytotoxic T cells,0.9998977601839493
TAGCGGCTCTTAGTGA-1,2,T_cells_general,,Tem/Effector helper T cells,Tem/Effector helper T cells,0.9926909363908327
TAGCTAATCAATCATG-1,3,CD4_T_cells,,Tcm/Naive cytotoxic T cells,Tcm/Naive cytotoxic T cells,0.5983378767426426
TAGCTAATCCTTAATC-1,0,Monocytes_CD14,,Classical monocytes,Classical monocytes,0.9990106698244219
TAGCTAATCGATAACC-1,0,Monocytes_CD14,,Classical monocytes,Classical monocytes,0.9992245090033742
TAGCTAATCTAACTGA-1,3,CD4_T_cells,,Tcm/Naive cytotoxic T cells,Tcm/Naive cytotoxic T cells,0.9850482853746834
TAGCTAGGTCAAAGAA-1,4,Cytotoxic_T_NK,,Tcm/Naive helper T cells,Tem/Trm cytotoxic T cells,0.9931897662914719
TAGCTAGGTGTTGCTT-1,4,Cytotoxic_T_NK,,Tem/Temra cytotoxic T cells,Tem/Temra cytotoxic T cells,0.8732724279266425
TAGCTAGGTTAAGTGT-1,2,T_cells_general,,Tcm/Naive helper T cells,Tcm/Naive helper T cells,0.978932270015688
TAGCTAGGTTATAGCG-1,3,CD4_T_cells,,Tcm/Naive helper T cells,Tcm/Naive cytotoxic T cells,0.9319501997936797
TAGCTAGGTTGACTTC-1,2,T_cells_general,,Tcm/Naive helper T cells,Tcm/Naive helper T cells,0.9958619099450425
TAGCTAGGTTTCGCGC-1,7,Monocytes_general,,Non-classical monocytes,Non-classical monocytes,0.9999250479187841
TAGCTTAAGAACAAGT-1,6,B_cells,,Age-associated B cells,Age-associated B cells,0.9997913775427665
TAGCTTAAGGGCCACT-1,7,Monocytes_general,,Non-classical monocytes,Non-classical monocytes,0.9999763937638189
TAGCTTAAGGGTTATC-1,2,T_cells_general,,Tcm/Naive helper T cells,Tcm/Naive helper T cells,0.9836996302027888
TAGCTTAAGGTCCAAT-1,2,T_cells_general,,Tem/Effector helper T cells,Tcm/Naive helper T cells,0.9815397927410933
TAGCTTAAGTGAGGGT-1,1,CD4_T_cells,,Tcm/Naive helper T cells,Tcm/Naive helper T cells,0.9998564592889768
TAGCTTGCAACGTGCT-1,0,Monocytes_CD14,,Classical monocytes,Classical monocytes,0.9999797990687848
TAGCTTGCACATTGCA-1,0,Monocytes_CD14,,Classical monocytes,Classical monocytes,0.9999709303112814
TAGCTTGCACCTAAGC-1,7,Monocytes_general,,Non-classical monocytes,Non-classical monocytes,0.9999996237174119
TAGCTTGCAGGCAAGC-1,1,CD4_T_cells,,Tcm/Naive helper T cells,Tcm/Naive helper T cells,0.9999990173268563
TAGGAACCAAACGCGA-1,7,Monocytes_general,,Non-classical monocytes,Non-classical monocytes,0.999947519533063
TAGGAACCAATATAGG-1,6,B_cells,,Memory B cells,Memory B cells,0.999665505220447
TAGGAACCACACTAAT-1,2,T_cells_general,,Tcm/Naive helper T cells,Regulatory T cells,0.9792243851686147
TAGGAACCACCTGCCT-1,0,Monocytes_CD14,,Classical monocytes,Classical monocytes,0.9995247580069827
TAGGAACCAGCATGTC-1,6,B_cells,,Naive B cells,Memory B cells,0.9982256133569598
TAGGAACCAGCCAGTT-1,0,Monocytes_CD14,,Classical monocytes,Classical monocytes,0.9679280963138259
TAGGAACCATAGCTGC-1,2,T_cells_general,,Tem/Effector helper T cells,Tem/Effector helper T cells,0.39666652180666817
TAGGAACCATCCATCT-1,1,CD4_T_cells,,Tcm/Naive helper T cells,Tcm/Naive helper T cells,0.9999219867490827
TAGGAACCATTGCGTA-1,2,T_cells_general,,Tem/Effector helper T cells,Tem/Effector helper T cells,0.7143801014563831
TAGGAACCATTGTCAG-1,0,Monocytes_CD14,,Classical monocytes,Classical monocytes,0.7537443883131543
TAGGAGGGTACCAGGT-1,0,Monocytes_CD14,,Classical monocytes,Classical monocytes,0.99905122779814
TAGGAGGGTGGACATC-1,0,Monocytes_CD14,,Classical monocytes,Classical monocytes,0.9923990974778052
TAGGAGGGTTGGCCGA-1,0,Monocytes_CD14,,Classical monocytes,Classical monocytes,0.9940862265979145
TAGGAGGGTTGGTTCT-1,2,T_cells_general,,Follicular helper T cells,Tcm/Naive helper T cells,0.9165779090509367
TAGGAGTCAAAGCTAA-1,9,Monocytes_general,,DC2,DC2,0.32832776284413373
TAGGAGTCAATATAGG-1,1,CD4_T_cells,,Tcm/Naive helper T cells,Tcm/Naive helper T cells,0.9997306005653313
TAGGAGTCAATTAAGG-1,0,Monocytes_CD14,,Classical monocytes,Classical monocytes,0.9999756640477296
TAGGAGTCACTGACCG-1,2,T_cells_general,,Tcm/Naive helper T cells,Tcm/Naive helper T cells,0.8021529024684628
TAGGAGTCAGGATTAA-1,1,CD4_T_cells,,Tcm/Naive helper T cells,Tcm/Naive helper T cells,0.9989642491819818
TAGGAGTCAGTCTAGC-1,3,CD4_T_cells,,Tcm/Naive cytotoxic T cells,Tcm/Naive cytotoxic T cells,0.8332566768558134
TAGGAGTCATGCAACC-1,2,T_cells_general,,Tem/Effector helper T cells,Tcm/Naive helper T cells,0.7314295253137055
TAGGCTAGTATTGTCC-1,3,CD4_T_cells,,Tcm/Naive cytotoxic T cells,Tcm/Naive cytotoxic T cells,0.9999796697186072
TAGGCTAGTCAATAGT-1,1,CD4_T_cells,,Tcm/Naive helper T cells,Tcm/Naive helper T cells,0.9999708001009069
TAGGCTAGTTAGGACC-1,3,CD4_T_cells,,Tcm/Naive cytotoxic T cells,Tcm/Naive cytotoxic T cells,0.97947424400715
TAGGCTGTCAAGTGTC-1,1,CD4_T_cells,,Tcm/Naive helper T cells,Regulatory T cells,0.8912079965580775
TAGGCTGTCAGGTCCA-1,5,Cytotoxic_T_NK,,CD16+ NK cells,CD16+ NK cells,0.9999980210040427
TAGGCTGTCATGTTTC-1,4,Cytotoxic_T_NK,,Tem/Trm cytotoxic T cells,Tem/Trm cytotoxic T cells,0.9473536011209781
TAGGCTGTCCACCTGT-1,0,Monocytes_CD14,,Classical monocytes,Classical monocytes,0.9999666610501701
TAGGCTGTCCCTGTTA-1,5,Cytotoxic_T_NK,,CD16+ NK cells,CD16+ NK cells,0.9992033012488062
TAGGCTGTCCTCAGTC-1,2,T_cells_general,,Tcm/Naive helper T cells,Tcm/Naive helper T cells,0.5743040060392964
TAGGCTGTCCTTGCAC-1,3,CD4_T_cells,,Tcm/Naive cytotoxic T cells,Tcm/Naive cytotoxic T cells,0.9990918717426254
TAGGCTTAGAAGGTGC-1,2,T_cells_general,,Tcm/Naive helper T cells,Tcm/Naive helper T cells,0.5598903333886822
TAGGCTTAGCGATAGA-1,5,Cytotoxic_T_NK,,CD16- NK cells,CD16+ NK cells,0.9992483603758098
TAGGCTTAGGGTGAGT-1,6,B_cells,,Naive B cells,Memory B cells,0.8700720690098042
TAGGGTTTCCAGCACA-1,3,CD4_T_cells,,Tcm/Naive helper T cells,Tcm/Naive cytotoxic T cells,0.9908168263600514
TAGGGTTTCCGCACAA-1,2,T_cells_general,,Tcm/Naive helper T cells,Tcm/Naive helper T cells,0.7734782710094998
TAGGGTTTCCTGATGG-1,2,T_cells_general,,Tcm/Naive helper T cells,Tcm/Naive helper T cells,0.9289348702425128
TAGGGTTTCTAACCAA-1,2,T_cells_general,,Tcm/Naive helper T cells,Tcm/Naive helper T cells,0.8399917082887232
TAGGGTTTCTTGTCTG-1,1,CD4_T_cells,,Tcm/Naive helper T cells,Tcm/Naive helper T cells,0.9999909365587734
TAGGTGCGTCTTTGAC-1,1,CD4_T_cells,,Tcm/Naive helper T cells,Tcm/Naive helper T cells,0.9999433146168142
TAGGTGCGTGCTTACT-1,3,CD4_T_cells,,Tcm/Naive cytotoxic T cells,Tcm/Naive cytotoxic T cells,0.9997605192405506
TAGGTGCGTGGACCTG-1,4,Cytotoxic_T_NK,,Tem/Trm cytotoxic T cells,Tem/Trm cytotoxic T cells,0.9949924326327175
TAGGTGCGTGGTTCCC-1,1,CD4_T_cells,,Tcm/Naive helper T cells,Tcm/Naive helper T cells,0.9968674533806293
TAGGTGCGTTGCCTCA-1,1,CD4_T_cells,,Tcm/Naive helper T cells,Tcm/Naive helper T cells,0.9999954346963037
TAGGTGCGTTTGAGGC-1,1,CD4_T_cells,,Tcm/Naive helper T cells,Tcm/Naive helper T cells,0.9999366465696695
TAGGTTATCAGCACCA-1,3,CD4_T_cells,,Tcm/Naive cytotoxic T cells,Tcm/Naive cytotoxic T cells,0.9827696287664522
TAGGTTATCAGGCCTA-1,6,B_cells,,Memory B cells,Memory B cells,0.9713034636219264
TAGGTTATCATAACCA-1,2,T_cells_general,,Regulatory T cells,Regulatory T cells,0.947128878840872
TAGGTTATCCCTCTAA-1,1,CD4_T_cells,,Tcm/Naive helper T cells,Tcm/Naive helper T cells,0.9992686877196144
TAGGTTATCGATTCTT-1,3,CD4_T_cells,,Tcm/Naive cytotoxic T cells,Tcm/Naive cytotoxic T cells,0.9998392579752395
TAGGTTATCGGGCCAT-1,0,Monocytes_CD14,,Classical monocytes,Classical monocytes,0.8202506734592769
TAGGTTATCTCGACCT-1,0,Monocytes_CD14,,Non-classical monocytes,Classical monocytes,0.2074126170695354
TAGGTTATCTGCAAGT-1,0,Monocytes_CD14,,Classical monocytes,Classical monocytes,0.999981754704189
TAGGTTATCTTGCAGG-1,1,CD4_T_cells,,Tcm/Naive helper T cells,Tcm/Naive helper T cells,0.9999950775071544
TAGGTTATCTTGTCCA-1,0,Monocytes_CD14,,Classical monocytes,Classical monocytes,0.9991439014670171
TAGGTTGGTCACCTAT-1,0,Monocytes_CD14,,Classical monocytes,Classical monocytes,0.9961043606857396
TAGGTTGGTTTATCGC-1,0,Monocytes_CD14,,Classical monocytes,Classical monocytes,0.9999962514834442
TAGTAACGTAAGTCGC-1,0,Monocytes_CD14,,Classical monocytes,Classical monocytes,0.9691747298750002
TAGTAACGTAATCGTG-1,1,CD4_T_cells,,Tcm/Naive helper T cells,Tcm/Naive helper T cells,0.9766303680859888
TAGTAACGTCCGCTGT-1,7,Monocytes_general,,Non-classical monocytes,Non-classical monocytes,0.9999722251232218
TAGTAACGTCTTACTA-1,0,Monocytes_CD14,,Classical monocytes,Classical monocytes,0.9999992804661063
TAGTAACGTGAGACTC-1,0,Monocytes_CD14,,Classical monocytes,Classical monocytes,0.9984958885608505
TAGTAACGTGTGCAAC-1,3,CD4_T_cells,,Tcm/Naive helper T cells,Tcm/Naive helper T cells,0.9966883609064991
TAGTAAGCAACTCGCG-1,3,CD4_T_cells,,Tcm/Naive cytotoxic T cells,Tcm/Naive cytotoxic T cells,0.990800518352425
TAGTAAGCAGCAGGTA-1,0,Monocytes_CD14,,Classical monocytes,Classical monocytes,0.9999979090839689
TAGTACGGTAATCGGC-1,7,Monocytes_general,,Non-classical monocytes,Non-classical monocytes,0.9999917462108153
TAGTACGGTAGCCTAA-1,5,Cytotoxic_T_NK,,CD16- NK cells,CD16+ NK cells,0.9271285764326539
TAGTACGGTAGCTAGC-1,6,B_cells,,Memory B cells,Memory B cells,0.9999965512832963
TAGTAGGAGCTAAAGG-1,0,Monocytes_CD14,,Mono-mac,Classical monocytes,0.02513541309362935
TAGTAGGAGCTTCTCA-1,1,CD4_T_cells,,Tcm/Naive helper T cells,Tcm/Naive helper T cells,0.9999866591410643
TAGTAGGAGCTTTGGG-1,3,CD4_T_cells,,Tcm/Naive cytotoxic T cells,Tcm/Naive cytotoxic T cells,0.8786946512814507
TAGTAGGAGGAGTAAT-1,0,Monocytes_CD14,,Classical monocytes,Classical monocytes,0.9999966031450841
TAGTAGGAGGCTAGAA-1,0,Monocytes_CD14,,Classical monocytes,Classical monocytes,0.9993570535478778
TAGTAGGAGGTTACGT-1,1,CD4_T_cells,,Tcm/Naive helper T cells,Tcm/Naive helper T cells,0.999970058943917
TAGTAGGAGTTGTCCC-1,0,Monocytes_CD14,,Classical monocytes,Classical monocytes,0.9958698352678652
TAGTCAATCGATATTG-1,4,Cytotoxic_T_NK,,Tem/Trm cytotoxic T cells,Tem/Trm cytotoxic T cells,0.9966791726312284
TAGTCAATCGATTCTT-1,0,Monocytes_CD14,,Classical monocytes,Classical monocytes,0.574907286350124
TAGTCAATCGCTAAGT-1,0,Monocytes_CD14,,Classical monocytes,Classical monocytes,0.9991243654790548
TAGTCAATCTTGCAGG-1,2,T_cells_general,,Tcm/Naive helper T cells,Tem/Effector helper T cells,0.6286263977719285
TAGTGAGAGCGAGCGA-1,1,CD4_T_cells,,Tcm/Naive helper T cells,Tcm/Naive helper T cells,0.9998515925755904
TAGTGAGAGCTATGAC-1,2,T_cells_general,,Tcm/Naive helper T cells,Tcm/Naive helper T cells,0.7725758215388088
TAGTGAGAGTAAGTCC-1,6,B_cells,,Memory B cells,Memory B cells,0.9999999110576504
TAGTGAGAGTTTGGGT-1,2,T_cells_general,,Tcm/Naive helper T cells,Tcm/Naive helper T cells,0.9414664150519152
TAGTGGCGTCCTAGTT-1,3,CD4_T_cells,,Tcm/Naive cytotoxic T cells,Tcm/Naive cytotoxic T cells,0.7318145114759532
TAGTGGCGTGGAAGGC-1,2,T_cells_general,,Tcm/Naive helper T cells,Tcm/Naive helper T cells,0.42088438566025593
TAGTGGCGTGTTCCCA-1,1,CD4_T_cells,,Tcm/Naive helper T cells,Tcm/Naive helper T cells,0.9999654848115315
TAGTGGCGTTAAGCGC-1,1,CD4_T_cells,,Tcm/Naive helper T cells,Tcm/Naive helper T cells,0.8303874243135563
TAGTGGCGTTGGTTGA-1,2,T_cells_general,,Regulatory T cells,Regulatory T cells,0.6553356458682769
TAGTGGCGTTTGACCT-1,0,Monocytes_CD14,,Classical monocytes,Classical monocytes,0.9935600360406404
TAGTGTGGTAATCGTG-1,1,CD4_T_cells,,Tcm/Naive helper T cells,Tcm/Naive helper T cells,0.9901052020476104
TAGTGTGGTAGCTAAT-1,0,Monocytes_CD14,,Classical monocytes,Classical monocytes,0.9998080189300492
TAGTGTGGTTAACGGC-1,0,Monocytes_CD14,,Classical monocytes,Classical monocytes,0.9974692037540449
TAGTGTGGTTACAAAC-1,0,Monocytes_CD14,,Classical monocytes,Classical monocytes,0.9997673230920069
TAGTTGTCACCACAAC-1,7,Monocytes_general,,Non-classical monocytes,Non-classical monocytes,0.9983174139250756
TAGTTGTCACGAATCC-1,3,CD4_T_cells,,Tcm/Naive cytotoxic T cells,Tcm/Naive cytotoxic T cells,0.9676329657450135
TAGTTGTCATTAAACC-1,5,Cytotoxic_T_NK,,CD16+ NK cells,CD16+ NK cells,0.8789643263768444
TAGTTTGAGCCTAACG-1,1,CD4_T_cells,,Tcm/Naive helper T cells,Tcm/Naive helper T cells,0.9996226565631692
TAGTTTGAGCGAAGTA-1,9,Monocytes_general,,DC2,DC2,0.9999796079497127
TAGTTTGAGGTTTGCG-1,2,T_cells_general,,Tem/Trm cytotoxic T cells,Tcm/Naive helper T cells,0.08537035608066706
TAGTTTGAGTCTGGGC-1,4,Cytotoxic_T_NK,,Tem/Trm cytotoxic T cells,Tem/Trm cytotoxic T cells,0.061559596361890755
TATAACCCAGGTTATT-1,0,Monocytes_CD14,,Classical monocytes,Classical monocytes,0.8608896761885889
TATAACCCATGTGGGA-1,2,T_cells_general,,Regulatory T cells,Regulatory T cells,0.9999903496511167
TATAACCCATTGTTGG-1,1,CD4_T_cells,,Tcm/Naive helper T cells,Tcm/Naive helper T cells,0.9997041494344945
TATAGCCAGACAACAG-1,2,T_cells_general,,Regulatory T cells,Regulatory T cells,0.9918639525524515
TATAGCCAGAGAGGCT-1,7,Monocytes_general,,Non-classical monocytes,Non-classical monocytes,0.999996373867773
TATAGCCAGCAGGTGG-1,2,T_cells_general,,Tcm/Naive helper T cells,Tcm/Naive helper T cells,0.9683310551442016
TATAGCCAGCCACAAT-1,3,CD4_T_cells,,Tcm/Naive cytotoxic T cells,Tcm/Naive cytotoxic T cells,0.9996067213859771
TATAGCCAGGATTTGC-1,0,Monocytes_CD14,,Classical monocytes,Classical monocytes,0.9970992082513636
TATAGCCAGTTCCCGT-1,3,CD4_T_cells,,Treg(diff),Tcm/Naive cytotoxic T cells,0.3532824662982386
TATAGCTCACCTGCCT-1,0,Monocytes_CD14,,Classical monocytes,Classical monocytes,0.9999996149156753
TATAGCTCAGCCTTGG-1,3,CD4_T_cells,,Tcm/Naive cytotoxic T cells,Tcm/Naive cytotoxic T cells,0.9746382600129299
TATAGCTCATCAGTAT-1,4,Cytotoxic_T_NK,,Tem/Trm cytotoxic T cells,Tem/Trm cytotoxic T cells,0.2533918377980704
TATAGCTCATGTCGCG-1,2,T_cells_general,,Tcm/Naive helper T cells,Tcm/Naive helper T cells,0.9865946538730437
TATAGGTGTAATCGCA-1,4,Cytotoxic_T_NK,,Tem/Trm cytotoxic T cells,Tem/Trm cytotoxic T cells,0.9612340757575355
TATAGGTGTCAGGCCA-1,0,Monocytes_CD14,,Classical monocytes,Classical monocytes,0.9992073096159858
TATAGGTGTCTAACAG-1,8,B_cells,,Naive B cells,Naive B cells,0.9999999999809683
TATAGGTGTGGATTCA-1,10,Cytotoxic_T_NK,,Tem/Effector helper T cells,MAIT cells,0.058905760690779504
TATATCCTCAAGTGTC-1,3,CD4_T_cells,,Tcm/Naive cytotoxic T cells,Tcm/Naive cytotoxic T cells,0.9921872500892214
TATATCCTCAGCTAAC-1,1,CD4_T_cells,,Tcm/Naive helper T cells,Tcm/Naive helper T cells,0.9999297816825494
TATATCCTCTCCATAT-1,10,Cytotoxic_T_NK,,Double-negative thymocytes,Tem/Temra cytotoxic T cells,0.016495458312169274
TATCACAAGACAGGTA-1,7,Monocytes_general,,Non-classical monocytes,Non-classical monocytes,0.9964672324982715
TATCACAAGGACAACA-1,4,Cytotoxic_T_NK,,CRTAM+ gamma-delta T cells,Tem/Trm cytotoxic T cells,0.9965019731444484
TATCACGCAAGGTCGA-1,9,Monocytes_general,,pDC,DC2,0.9991782429516611
TATCACGCAATTAACC-1,4,Cytotoxic_T_NK,,Tem/Temra cytotoxic T cells,Tem/Temra cytotoxic T cells,0.8075417606423726
TATCACGCACCAAAGG-1,1,CD4_T_cells,,Tcm/Naive helper T cells,Tcm/Naive helper T cells,0.9999828805611302
TATCACGCAGCAAATA-1,1,CD4_T_cells,,Tcm/Naive helper T cells,Tcm/Naive helper T cells,0.9997828796216224
TATCACGCAGGAATCG-1,7,Monocytes_general,,Non-classical monocytes,Non-classical monocytes,0.9996237896440263
TATCACGCATTAAGCT-1,3,CD4_T_cells,,Tcm/Naive cytotoxic T cells,Tcm/Naive cytotoxic T cells,0.9999327651321673
TATCCAGCAACCTAAT-1,0,Monocytes_CD14,,Classical monocytes,Classical monocytes,0.9982907346445785
TATCCAGCACAGAACG-1,7,Monocytes_general,,Non-classical monocytes,Non-classical monocytes,0.9880731969550077
TATCCAGCAGCTCATA-1,0,Monocytes_CD14,,Classical monocytes,Classical monocytes,0.9999832255320097
TATCCAGCATCAATCG-1,1,CD4_T_cells,,Tcm/Naive helper T cells,Tcm/Naive helper T cells,0.9996255528282944
TATCCGGAGATGGACA-1,0,Monocytes_CD14,,Classical monocytes,Classical monocytes,0.9937445056796175
TATCCGGAGTCGCTAG-1,3,CD4_T_cells,,Tcm/Naive cytotoxic T cells,Tcm/Naive cytotoxic T cells,0.7253804353892573
TATCGAGGTTTACGTC-1,1,CD4_T_cells,,Tcm/Naive helper T cells,Tcm/Naive helper T cells,0.999903031437889
TATCGAGGTTTGCGCC-1,2,T_cells_general,,Kupffer cells,Tcm/Naive helper T cells,0.03587508835476058
TATCGCACACAACAAA-1,4,Cytotoxic_T_NK,,Tem/Trm cytotoxic T cells,Tem/Temra cytotoxic T cells,0.8915860666589138
TATCGCACACCTGCTC-1,4,Cytotoxic_T_NK,,Tem/Temra cytotoxic T cells,Tem/Temra cytotoxic T cells,0.9990337937862543
TATCGCACATACTCCT-1,2,T_cells_general,,Tem/Effector helper T cells,Tcm/Naive helper T cells,0.9663414616259566
TATCGCACATAGACTT-1,0,Monocytes_CD14,,Classical monocytes,Classical monocytes,0.999902488134744
TATCGCACATTGTGGC-1,2,T_cells_general,,Tcm/Naive helper T cells,Tcm/Naive helper T cells,0.9916651516636034
TATCGCGAGAGAGGCT-1,9,Monocytes_general,,DC2,DC2,0.8181716432227792
TATCGCGAGGCTACAT-1,3,CD4_T_cells,,Tcm/Naive helper T cells,Tcm/Naive cytotoxic T cells,0.985396092302724
TATCGCGAGGCTGGCT-1,6,B_cells,,Memory B cells,Memory B cells,0.9999854290794348
TATCGCGAGTTACTTC-1,0,Monocytes_CD14,,Classical monocytes,Classical monocytes,0.9977565964619342
TATCGCGAGTTAGTTG-1,0,Monocytes_CD14,,Classical monocytes,Classical monocytes,0.9999077478055223
TATGAAGCAATGAGGT-1,1,CD4_T_cells,,Tcm/Naive helper T cells,Tcm/Naive helper T cells,0.9986741846587974
TATGAAGCACAGCCAT-1,7,Monocytes_general,,Non-classical monocytes,Non-classical monocytes,0.9998474070000659
TATGAAGCATAAGTCT-1,0,Monocytes_CD14,,Classical monocytes,Classical monocytes,0.9865535824120487
TATGACATCATGAAGG-1,1,CD4_T_cells,,Tcm/Naive helper T cells,Tcm/Naive helper T cells,0.9987860385370736
TATGACATCGCAGGCT-1,1,CD4_T_cells,,Tcm/Naive helper T cells,Tcm/Naive helper T cells,0.9954502324885923
TATGACATCTACCTCA-1,1,CD4_T_cells,,Tcm/Naive helper T cells,Tcm/Naive helper T cells,0.9999729908867404
TATGACATCTTAGGGT-1,2,T_cells_general,,Tem/Effector helper T cells,Tem/Effector helper T cells,0.872856223868645
TATGACTCAATGAAGC-1,1,CD4_T_cells,,Tcm/Naive helper T cells,Tcm/Naive helper T cells,0.9661436392783094
TATGACTCACTAAGAA-1,1,CD4_T_cells,,Tcm/Naive helper T cells,Tcm/Naive helper T cells,0.9999663368806173
TATGACTCAGTTAGCC-1,2,T_cells_general,,Tcm/Naive helper T cells,Tcm/Naive helper T cells,0.9706641231510704
TATGACTCAGTTATCG-1,0,Monocytes_CD14,,Classical monocytes,Classical monocytes,0.9999674027937993
TATGACTCATCTTGAG-1,5,Cytotoxic_T_NK,,CD16+ NK cells,CD16+ NK cells,0.9647806426427685
TATGCATCATTAGCCA-1,7,Monocytes_general,,Non-classical monocytes,Non-classical monocytes,0.9997985867598725
TATGGATGTAGCTAAT-1,4,Cytotoxic_T_NK,,Tem/Temra cytotoxic T cells,Tem/Temra cytotoxic T cells,0.9889782884844885
TATGGATGTCAATAGT-1,1,CD4_T_cells,,Tcm/Naive helper T cells,Tcm/Naive helper T cells,0.999290542491975
TATGGATGTGGATTGC-1,3,CD4_T_cells,,Tcm/Naive cytotoxic T cells,Tcm/Naive cytotoxic T cells,0.9561558780368244
TATGGATGTTAAGGTT-1,3,CD4_T_cells,,Tcm/Naive cytotoxic T cells,Tcm/Naive cytotoxic T cells,0.9992265606737128
TATGGATGTTGTTCAC-1,6,B_cells,,Memory B cells,Age-associated B cells,0.9972905289720416
TATGGCCCACAGGGAC-1,2,T_cells_general,,Tem/Effector helper T cells,Tem/Effector helper T cells,0.667151192777678
TATGGCCCACCTATAG-1,0,Monocytes_CD14,,Classical monocytes,Classical monocytes,0.9999972380661086
TATGGCCCACTTAGGC-1,4,Cytotoxic_T_NK,,Tem/Temra cytotoxic T cells,Tem/Temra cytotoxic T cells,0.998465731428898
TATGGCCCATAAGTTC-1,6,B_cells,,Memory B cells,Memory B cells,0.9945089788336072
TATGGCCCATAATCCG-1,1,CD4_T_cells,,Tcm/Naive helper T cells,Tcm/Naive helper T cells,0.9999510292309884
TATGGCCCATGCTTAG-1,8,B_cells,,Naive B cells,Naive B cells,0.9999980360520679
TATGGGCGTAATAACC-1,3,CD4_T_cells,,Tcm/Naive cytotoxic T cells,Tcm/Naive cytotoxic T cells,0.9971566535105755
TATGGGCGTAGTTACG-1,11,pDC,,pDC,pDC,0.9999999997658608
TATGGGCGTATTTGCC-1,9,Monocytes_general,,DC2,DC2,0.9988701412203633
TATGGGCGTGTGCAAC-1,3,CD4_T_cells,,Tcm/Naive cytotoxic T cells,Tcm/Naive cytotoxic T cells,0.9997443487447752
TATGGGCGTTAATGCG-1,3,CD4_T_cells,,Tcm/Naive helper T cells,Tcm/Naive cytotoxic T cells,0.9218187161014154
TATGGGCGTTCAAGCA-1,0,Monocytes_CD14,,Classical monocytes,Classical monocytes,0.9989988445604991
TATGGGCGTTGGATAT-1,3,CD4_T_cells,,Tcm/Naive helper T cells,Tcm/Naive cytotoxic T cells,0.9951369976795355
TATGGTCAGATTCCTT-1,4,Cytotoxic_T_NK,,Tem/Temra cytotoxic T cells,Tem/Temra cytotoxic T cells,0.9885233855423208
TATGGTCAGCACCACA-1,0,Monocytes_CD14,,Classical monocytes,Classical monocytes,0.9864239060537755
TATGGTCAGCTAAAGG-1,0,Monocytes_CD14,,Classical monocytes,Classical monocytes,0.997495900237697
TATGGTCAGGAATAAC-1,1,CD4_T_cells,,Tcm/Naive helper T cells,Tcm/Naive helper T cells,0.9999990213500972
TATGGTCAGGTCAAAG-1,2,T_cells_general,,Tem/Effector helper T cells,Tem/Effector helper T cells,0.2630643471259723
TATGGTCAGTTTCCTG-1,3,CD4_T_cells,,Tcm/Naive cytotoxic T cells,Tcm/Naive cytotoxic T cells,0.97852639471397
TATGTGATCAAACCGT-1,0,Monocytes_CD14,,Classical monocytes,Classical monocytes,0.023120058854220187
TATGTGATCACATTGA-1,6,B_cells,,Memory B cells,Memory B cells,0.9999991350146461
TATGTGATCGATTTGA-1,3,CD4_T_cells,,Tcm/Naive cytotoxic T cells,Tcm/Naive cytotoxic T cells,0.998245656210741
TATGTGATCTCACTAT-1,3,CD4_T_cells,,Tcm/Naive cytotoxic T cells,Tcm/Naive cytotoxic T cells,0.9999841263108984
TATTACCTCATGGCCA-1,2,T_cells_general,,Tem/Effector helper T cells,Tem/Effector helper T cells,0.9998849961786501
TATTACCTCCCGCAAA-1,7,Monocytes_general,,Non-classical monocytes,Non-classical monocytes,0.9999857414773915
TATTACCTCCCTCGCA-1,0,Monocytes_CD14,,Classical monocytes,Classical monocytes,0.3025570374174526
TATTACCTCCTAAGTA-1,12,Stress_response,,CD16- NK cells,HSC/MPP,0.9895183988655896
TATTACCTCGCTAAAC-1,10,Cytotoxic_T_NK,,MAIT cells,MAIT cells,0.9996264550856546
TATTACCTCTGGCATG-1,4,Cytotoxic_T_NK,,Tem/Temra cytotoxic T cells,Tem/Temra cytotoxic T cells,0.997609449912611
TATTACCTCTTGAGGT-1,0,Monocytes_CD14,,Classical monocytes,Classical monocytes,0.9973741594323541
TATTAGCCAATAATCC-1,4,Cytotoxic_T_NK,,Tem/Temra cytotoxic T cells,Tem/Temra cytotoxic T cells,0.9997979677561264
TATTAGCCACCACAAC-1,0,Monocytes_CD14,,Classical monocytes,Classical monocytes,0.9999968374324896
TATTAGCCACCATATG-1,2,T_cells_general,,Regulatory T cells,Tcm/Naive helper T cells,0.5793850553917602
TATTAGCCATTAGGCC-1,2,T_cells_general,,Regulatory T cells,Regulatory T cells,0.9698099385081954
TATTAGGTCATCACTT-1,7,Monocytes_general,,Non-classical monocytes,Non-classical monocytes,0.9995984199260363
TATTAGGTCGATAACC-1,8,B_cells,,Naive B cells,Naive B cells,0.9999997306881313
TATTAGGTCGCTAGCA-1,5,Cytotoxic_T_NK,,CD16+ NK cells,CD16+ NK cells,0.5115788828614996
TATTAGGTCGTTTCGC-1,3,CD4_T_cells,,Tcm/Naive cytotoxic T cells,Tcm/Naive cytotoxic T cells,0.9697651355231451
TATTCGTTCATGCAAC-1,0,Monocytes_CD14,,Classical monocytes,Classical monocytes,0.9999137514197769
TATTCGTTCATTTGTC-1,3,CD4_T_cells,,Tcm/Naive cytotoxic T cells,Tcm/Naive cytotoxic T cells,0.9988656547433602
TATTCGTTCCACCTTA-1,1,CD4_T_cells,,Tcm/Naive helper T cells,Tcm/Naive helper T cells,0.9999806947941233
TATTCGTTCCCTCTAA-1,1,CD4_T_cells,,Tcm/Naive helper T cells,Tcm/Naive helper T cells,0.9934040728396845
TATTCGTTCCGCCTCA-1,0,Monocytes_CD14,,Classical monocytes,Classical monocytes,0.9691657595007972
TATTCGTTCCTGTTCA-1,2,T_cells_general,,Tcm/Naive helper T cells,Tcm/Naive helper T cells,0.5791814949461997
TATTCGTTCTGTGAGT-1,1,CD4_T_cells,,Tcm/Naive helper T cells,Tcm/Naive helper T cells,0.5026197344733287
TATTGACCAGTAATAG-1,2,T_cells_general,,Tcm/Naive helper T cells,Tcm/Naive helper T cells,0.9446042333461284
TATTGACCATGTTGGC-1,1,CD4_T_cells,,Tcm/Naive helper T cells,Tcm/Naive helper T cells,0.9994966458386391
TATTTGCTCAGCTAAC-1,8,B_cells,,Naive B cells,Naive B cells,0.9999999994280668
TATTTGCTCGGTAACT-1,1,CD4_T_cells,,Tcm/Naive helper T cells,Tcm/Naive helper T cells,0.9999916741993234
TATTTGCTCTGGCAAT-1,1,CD4_T_cells,,Tcm/Naive helper T cells,Tcm/Naive helper T cells,0.9996547346937202
TATTTGGAGGGTGAAC-1,3,CD4_T_cells,,Tcm/Naive cytotoxic T cells,Tcm/Naive cytotoxic T cells,0.9880016741195341
TATTTGGAGTAACCAC-1,1,CD4_T_cells,,Tcm/Naive helper T cells,Tcm/Naive helper T cells,0.9997255554322567
TATTTGGAGTCACCAG-1,1,CD4_T_cells,,Tcm/Naive helper T cells,Tcm/Naive helper T cells,0.9997453683914403
TCAAACCAGAACCTAC-1,6,B_cells,,Memory B cells,Memory B cells,0.9995880057862391
TCAAACCAGACAACGA-1,0,Monocytes_CD14,,Non-classical monocytes,Classical monocytes,0.997812347455721
TCAAACCAGCCACAAT-1,1,CD4_T_cells,,Tcm/Naive helper T cells,Tcm/Naive helper T cells,0.998867612854457
TCAAACCAGGAAGCTA-1,3,CD4_T_cells,,Tcm/Naive cytotoxic T cells,Tcm/Naive cytotoxic T cells,0.9997341593735183
TCAAACCAGGAGGTTA-1,1,CD4_T_cells,,Tcm/Naive helper T cells,Tcm/Naive helper T cells,0.9998257741531076
TCAAACCAGTAGGATG-1,0,Monocytes_CD14,,Classical monocytes,Classical monocytes,0.9999922213266561
TCAAACCAGTGAACGA-1,2,T_cells_general,,Tcm/Naive helper T cells,Tcm/Naive helper T cells,0.9969161142784395
TCAACAATCAAGTGTC-1,1,CD4_T_cells,,Tcm/Naive helper T cells,Tcm/Naive helper T cells,0.9988082093558892
TCAACAATCCTACCTA-1,2,T_cells_general,,MAIT cells,Tem/Effector helper T cells,0.9999569669154765
TCAACAATCCTCACAC-1,3,CD4_T_cells,,Tcm/Naive cytotoxic T cells,Tcm/Naive cytotoxic T cells,0.9894777782377999
TCAACAATCGCAATCG-1,12,Stress_response,,HSC/MPP,HSC/MPP,0.5274408094172144
TCAACAATCTCCATGC-1,0,Monocytes_CD14,,Classical monocytes,Classical monocytes,0.9999610486468391
TCAAGAACAAGCCAGA-1,1,CD4_T_cells,,Tcm/Naive helper T cells,Tcm/Naive helper T cells,0.9996396816683529
TCAAGAACACTTCACT-1,2,T_cells_general,,Tcm/Naive helper T cells,Tcm/Naive helper T cells,0.8651843364113501
TCAAGAACAGGACCAA-1,4,Cytotoxic_T_NK,,Tem/Temra cytotoxic T cells,Tem/Temra cytotoxic T cells,0.9983375724805116
TCAAGAACAGGCTAAG-1,8,B_cells,,Naive B cells,Naive B cells,0.9999983795896504
TCAAGAACAGGTCCTG-1,0,Monocytes_CD14,,Classical monocytes,Classical monocytes,0.9989663208210846
TCAAGAACAGTAATAG-1,1,CD4_T_cells,,Tcm/Naive helper T cells,Tcm/Naive helper T cells,0.9999248142004596
TCAAGACTCCTGGTCT-1,3,CD4_T_cells,,Tcm/Naive cytotoxic T cells,Tcm/Naive cytotoxic T cells,0.9970986913090152
TCAAGACTCGCTATGG-1,0,Monocytes_CD14,,Classical monocytes,Classical monocytes,0.02745624987622426
TCAAGCTAGAAACTGG-1,4,Cytotoxic_T_NK,,Tem/Temra cytotoxic T cells,Tem/Temra cytotoxic T cells,0.9987323500788531
TCAAGCTAGGCCAATT-1,4,Cytotoxic_T_NK,,Tem/Temra cytotoxic T cells,Tem/Trm cytotoxic T cells,0.05958874014915932
TCAAGCTAGGCCTTAG-1,3,CD4_T_cells,,Tcm/Naive cytotoxic T cells,Tcm/Naive cytotoxic T cells,0.9941624265408927
TCAAGCTAGTGACCTG-1,1,CD4_T_cells,,Tcm/Naive helper T cells,Tcm/Naive helper T cells,0.976839575931793
TCAAGCTAGTTATTCC-1,2,T_cells_general,,Tcm/Naive helper T cells,Tcm/Naive helper T cells,0.6421630574564723
TCAAGGAAGGATGATG-1,3,CD4_T_cells,,Tcm/Naive helper T cells,Tcm/Naive cytotoxic T cells,0.9782152011024794
TCAAGGTTCACAAGCT-1,2,T_cells_general,,Tcm/Naive helper T cells,Tcm/Naive helper T cells,0.9820238665585467
TCAAGGTTCCCAGTAG-1,0,Monocytes_CD14,,Classical monocytes,Classical monocytes,0.9999395591749898
TCAAGGTTCCTAAGTA-1,0,Monocytes_CD14,,Classical monocytes,Classical monocytes,0.9999999980652003
TCAAGGTTCCTAGTCC-1,5,Cytotoxic_T_NK,,CD16+ NK cells,CD16+ NK cells,0.9865787251198912
TCAAGGTTCCTGGTGA-1,2,T_cells_general,,Tcm/Naive helper T cells,Tcm/Naive helper T cells,0.07260196679529037
TCAAGGTTCGTTACAA-1,0,Monocytes_CD14,,Classical monocytes,Classical monocytes,0.9999971727797683
TCAAGTATCAAGTGTC-1,2,T_cells_general,,Tcm/Naive helper T cells,Tem/Effector helper T cells,0.5332781928832425
TCAAGTATCCCTGATC-1,0,Monocytes_CD14,,Non-classical monocytes,Classical monocytes,0.9192078089857653
TCAAGTATCCGCAACA-1,2,T_cells_general,,Tcm/Naive helper T cells,Tcm/Naive helper T cells,0.9913202857271057
TCAAGTATCCGTAAAC-1,0,Monocytes_CD14,,Classical monocytes,Classical monocytes,0.9999929532423499
TCAAGTATCGCCTGTT-1,11,pDC,,pDC,pDC,0.9999998286418994
TCAAGTATCTATTGTC-1,8,B_cells,,Naive B cells,Naive B cells,0.9999892537484081
TCAAGTATCTCGCCTG-1,3,CD4_T_cells,,Tcm/Naive cytotoxic T cells,Tcm/Naive cytotoxic T cells,0.9821275469648516
TCAATCGCAACTAACT-1,3,CD4_T_cells,,Tcm/Naive helper T cells,Tcm/Naive helper T cells,0.9336684892616198
TCAATCGCAAGCTTAT-1,5,Cytotoxic_T_NK,,CD16+ NK cells,CD16+ NK cells,0.9999926175895681
TCAATCGCAATAGTCT-1,1,CD4_T_cells,,Tcm/Naive helper T cells,Tcm/Naive helper T cells,0.6304006730255031
TCAATCGCAATGCCCG-1,0,Monocytes_CD14,,Classical monocytes,Classical monocytes,0.9640822999408911
TCAATCGCACGAATCC-1,2,T_cells_general,,Tcm/Naive helper T cells,Tcm/Naive helper T cells,0.9694567161267419
TCAATCGCAGGAATCG-1,1,CD4_T_cells,,Tcm/Naive helper T cells,Tcm/Naive helper T cells,0.9975943742102755
TCAATCGCATAGACTT-1,0,Monocytes_CD14,,Classical monocytes,Classical monocytes,0.9999134291011873
TCACATAAGAAAGCAT-1,0,Monocytes_CD14,,Classical monocytes,Classical monocytes,0.9385796195359738
TCACATAAGCATGTTA-1,0,Monocytes_CD14,,Non-classical monocytes,Classical monocytes,0.9981843230030821
TCACATAAGGATTTGC-1,2,T_cells_general,,Tcm/Naive helper T cells,Tcm/Naive helper T cells,0.9987426371284587
TCACATAAGTGGCGGA-1,2,T_cells_general,,Tcm/Naive helper T cells,Tcm/Naive helper T cells,0.14436301343323257
TCACCGGCACCATATG-1,3,CD4_T_cells,,Tcm/Naive cytotoxic T cells,Tcm/Naive cytotoxic T cells,0.9984287436206343
TCACCGGCAGTTTGGC-1,3,CD4_T_cells,,Tcm/Naive cytotoxic T cells,Tcm/Naive cytotoxic T cells,0.9993624097572648
TCACCGGCATGTCAGC-1,0,Monocytes_CD14,,Classical monocytes,Classical monocytes,0.9966519796024721
TCACCGGCATTATGAC-1,9,Monocytes_general,,Classical monocytes,Classical monocytes,0.02899449262030501
TCACCTCAGATAAAGC-1,1,CD4_T_cells,,Tcm/Naive helper T cells,Tcm/Naive helper T cells,0.9998791152690709
TCACCTCAGCGATAAG-1,4,Cytotoxic_T_NK,,CD16+ NK cells,Tem/Temra cytotoxic T cells,0.9802822737099243
TCACCTCAGGAGGTTA-1,6,B_cells,,Memory B cells,Memory B cells,0.9999995691318502
TCACCTCAGGCTAGAA-1,0,Monocytes_CD14,,Classical monocytes,Classical monocytes,0.9994865629178888
TCACCTCAGTTAGGCT-1,1,CD4_T_cells,,Tcm/Naive helper T cells,Tcm/Naive helper T cells,0.9998556086584568
TCACCTGGTAACCAGC-1,1,CD4_T_cells,,Memory B cells,Tcm/Naive helper T cells,0.11289505767733306
TCACCTGGTCATAAGT-1,8,B_cells,,Naive B cells,Naive B cells,0.9999977671339594
TCACCTGGTGGAAACG-1,1,CD4_T_cells,,Tcm/Naive helper T cells,Tcm/Naive helper T cells,0.9984192772572588
TCACCTGGTTGGATAT-1,9,Monocytes_general,,DC2,DC2,0.9864728301362543
TCACCTGGTTTCCTCC-1,5,Cytotoxic_T_NK,,CD16+ NK cells,CD16+ NK cells,0.2953926272048526
TCACGGATCCATTACT-1,4,Cytotoxic_T_NK,,Tem/Trm cytotoxic T cells,Tem/Trm cytotoxic T cells,0.9902362749187932
TCACGGATCGAGCAAA-1,0,Monocytes_CD14,,Classical monocytes,Classical monocytes,0.8285175522269798
TCACGGATCGGCTATG-1,6,B_cells,,Memory B cells,Memory B cells,0.999975413926052
TCACGGATCGTCATTT-1,0,Monocytes_CD14,,Classical monocytes,Classical monocytes,0.9955205174523356
TCACGGATCTCACAAA-1,13,Plasma_cells,,Plasma cells,Plasma cells,0.9999997676308534
TCACGGATCTTGGATA-1,2,T_cells_general,,Tem/Effector helper T cells,Tem/Effector helper T cells,0.9413573726257184
TCACTGACACCAGGTT-1,4,Cytotoxic_T_NK,,Tem/Trm cytotoxic T cells,Tem/Trm cytotoxic T cells,0.10555947763364411
TCACTGACACGCAACT-1,9,Monocytes_general,,DC2,DC2,0.9969266021666652
TCACTGACAGCATGTC-1,0,Monocytes_CD14,,Classical monocytes,Classical monocytes,0.9999957365034498
TCACTGACAGCTCATA-1,2,T_cells_general,,Tcm/Naive helper T cells,Tcm/Naive helper T cells,0.3441064795994253
TCACTGACATTAGGCC-1,0,Monocytes_CD14,,Classical monocytes,Classical monocytes,0.9999713736269089
TCAGCAAGTAATCGTG-1,0,Monocytes_CD14,,Classical monocytes,Classical monocytes,0.5776577609650992
TCAGCAAGTACCGGAT-1,0,Monocytes_CD14,,Classical monocytes,Classical monocytes,0.999456881633132
TCAGCAAGTAGGTTAT-1,0,Monocytes_CD14,,Classical monocytes,Classical monocytes,0.9493455398312604
TCAGCCTTCATGCCTC-1,0,Monocytes_CD14,,Classical monocytes,Classical monocytes,0.8481268831517119
TCAGCCTTCCCTCACG-1,11,pDC,,pDC,pDC,0.9999998874542186
TCAGCGATCATAATCG-1,0,Monocytes_CD14,,Classical monocytes,Classical monocytes,0.9999231961731879
TCAGCGATCCCTCAGT-1,5,Cytotoxic_T_NK,,CD16+ NK cells,CD16+ NK cells,0.9999999895213555
TCAGCGATCGCTAAGT-1,8,B_cells,,Naive B cells,Naive B cells,0.9999927461399051
TCAGCGATCGGTAACT-1,1,CD4_T_cells,,Tcm/Naive helper T cells,Tcm/Naive helper T cells,0.9995072642668245
TCAGGAGCAAACAACA-1,1,CD4_T_cells,,Tcm/Naive helper T cells,Tcm/Naive helper T cells,0.9998748173384495
TCAGGAGCAACTAGCC-1,9,Monocytes_general,,DC2,DC2,0.9999647898402687
TCAGGAGCACTGACTA-1,0,Monocytes_CD14,,Classical monocytes,Classical monocytes,0.9992305496936877
TCAGGAGCAGCCTGCA-1,0,Monocytes_CD14,,Classical monocytes,Classical monocytes,0.9945789322584457
TCAGGAGCAGTTAGCC-1,1,CD4_T_cells,,Tcm/Naive helper T cells,Tcm/Naive helper T cells,0.9973848164530772
TCAGGTCCAAACCTTG-1,0,Monocytes_CD14,,Classical monocytes,Classical monocytes,0.4842991883131441
TCAGGTCCAACCGCCA-1,12,Stress_response,,ETP,HSC/MPP,0.5754675725605539
TCAGGTCCACTGGCCA-1,2,T_cells_general,,Tcm/Naive helper T cells,Tcm/Naive helper T cells,0.647392533409394
TCAGGTCCACTTCACT-1,2,T_cells_general,,Regulatory T cells,Regulatory T cells,0.9999179865279447
TCAGGTCCATAAGTCT-1,7,Monocytes_general,,Non-classical monocytes,Non-classical monocytes,0.9999928119970236
TCAGGTCCATAATCAC-1,0,Monocytes_CD14,,Classical monocytes,Classical monocytes,0.9999497234841029
TCAGGTTAGAACCTGT-1,7,Monocytes_general,,Non-classical monocytes,Non-classical monocytes,0.9999911864011538
TCAGGTTAGGTGCTGC-1,0,Monocytes_CD14,,Classical monocytes,Classical monocytes,0.9581903157621144
TCAGGTTAGTGAGCGG-1,2,T_cells_general,,Tcm/Naive helper T cells,Tcm/Naive helper T cells,0.9983923960679684
TCAGGTTAGTGTTGCG-1,1,CD4_T_cells,,Tcm/Naive helper T cells,Tcm/Naive helper T cells,0.8247288566646562
TCAGGTTAGTTAGCCG-1,2,T_cells_general,,Tcm/Naive helper T cells,Tcm/Naive helper T cells,0.15928007393991192
TCAGGTTAGTTATTCC-1,7,Monocytes_general,,Non-classical monocytes,Non-classical monocytes,0.9995298104666679
TCAGTAATCACAGCGC-1,2,T_cells_general,,Tem/Effector helper T cells,Tcm/Naive helper T cells,0.3363066213165347
TCAGTAATCCGCATGA-1,3,CD4_T_cells,,Tcm/Naive cytotoxic T cells,Tcm/Naive cytotoxic T cells,0.9927085209717196
TCAGTAATCTACCTAT-1,1,CD4_T_cells,,Tcm/Naive helper T cells,Tcm/Naive helper T cells,0.9912657046489457
TCAGTAATCTCACAAA-1,2,T_cells_general,,Tem/Effector helper T cells,Tcm/Naive helper T cells,0.2512456886878207
TCAGTAGGTAGGTTAT-1,0,Monocytes_CD14,,Classical monocytes,Classical monocytes,0.9999358029763801
TCAGTAGGTCATCCTG-1,0,Monocytes_CD14,,Classical monocytes,Classical monocytes,0.9985870010013088
TCAGTAGGTGACATGC-1,3,CD4_T_cells,,Tcm/Naive cytotoxic T cells,Tcm/Naive cytotoxic T cells,0.9821923976957303
TCAGTAGGTGAGCACT-1,8,B_cells,,Naive B cells,Naive B cells,0.9999999980671361
TCAGTAGGTGCATTTC-1,5,Cytotoxic_T_NK,,CD16+ NK cells,CD16+ NK cells,0.9390093921381661
TCAGTAGGTGCTGTAA-1,0,Monocytes_CD14,,Classical monocytes,Classical monocytes,0.8993503881008098
TCAGTAGGTGTTTGTC-1,6,B_cells,,Memory B cells,Memory B cells,0.999745578405487
TCAGTAGGTTGCTTCG-1,2,T_cells_general,,Tcm/Naive helper T cells,Tcm/Naive helper T cells,0.747082944526926
TCAGTGAGTCACCAAA-1,5,Cytotoxic_T_NK,,CD16+ NK cells,CD16+ NK cells,0.9997609736981403
TCAGTGAGTGGCTTCC-1,1,CD4_T_cells,,Tcm/Naive helper T cells,Tcm/Naive helper T cells,0.9987947663319146
TCATAACCAACCTGGT-1,1,CD4_T_cells,,Tcm/Naive helper T cells,Tcm/Naive helper T cells,0.9886913095986973
TCATAACCAACTCGCG-1,2,T_cells_general,,Regulatory T cells,Regulatory T cells,0.9996302979477877
TCATAACCAAGTGTCC-1,0,Monocytes_CD14,,Classical monocytes,Classical monocytes,0.9988780451343948
TCATAACCAATTGAGA-1,3,CD4_T_cells,,Tcm/Naive cytotoxic T cells,Tcm/Naive cytotoxic T cells,0.9315435119571988
TCATAACCACAATGCC-1,1,CD4_T_cells,,Classical monocytes,Classical monocytes,0.25739892350876453
TCATAACCAGAACCGA-1,3,CD4_T_cells,,Tcm/Naive helper T cells,Tcm/Naive cytotoxic T cells,0.9982227468167223
TCATAACCAGCGCTTG-1,3,CD4_T_cells,,Tcm/Naive helper T cells,Tcm/Naive helper T cells,0.9739062042249075
TCATAACCATTGCGAC-1,7,Monocytes_general,,Non-classical monocytes,Non-classical monocytes,0.9999999087402104
TCATACTTCGCCTGTT-1,2,T_cells_general,,Tem/Effector helper T cells,Tem/Effector helper T cells,0.9950866733484212
TCATACTTCTCAATGA-1,1,CD4_T_cells,,Tcm/Naive helper T cells,Tcm/Naive helper T cells,0.9999777161153016
TCATACTTCTCACTCA-1,0,Monocytes_CD14,,Classical monocytes,Classical monocytes,0.999991782679394
TCATACTTCTTAGCCC-1,4,Cytotoxic_T_NK,,Tem/Temra cytotoxic T cells,Tem/Temra cytotoxic T cells,0.9997593690514176
TCATCCATCAGGAAGC-1,0,Monocytes_CD14,,Classical monocytes,Classical monocytes,0.9999620903546036
TCATCCATCAGGTCCA-1,2,T_cells_general,,Tcm/Naive helper T cells,Tcm/Naive helper T cells,0.99703885984698
TCATCCATCCCGAACA-1,3,CD4_T_cells,,Tcm/Naive helper T cells,Tcm/Naive helper T cells,0.9776199304632793
TCATCCATCTGGCTTC-1,2,T_cells_general,,Tcm/Naive helper T cells,Tcm/Naive helper T cells,0.9552471195579237
TCATGAGGTAAAGCGG-1,0,Monocytes_CD14,,Classical monocytes,Classical monocytes,0.9779161564615275
TCATGAGGTGCATTTC-1,0,Monocytes_CD14,,Classical monocytes,Classical monocytes,0.9999864325757909
TCATGAGGTGGCTTCC-1,0,Monocytes_CD14,,Classical monocytes,Classical monocytes,0.9997347442961028
TCATGAGGTTAATGAC-1,0,Monocytes_CD14,,Classical monocytes,Classical monocytes,0.9505612315153968
TCATGAGGTTAGCAGC-1,0,Monocytes_CD14,,Classical monocytes,Classical monocytes,0.9972411238694296
TCATGAGGTTGGCGTG-1,3,CD4_T_cells,,Tcm/Naive cytotoxic T cells,Tcm/Naive cytotoxic T cells,0.9991260792221914
TCATGCCTCACAAGCT-1,2,T_cells_general,,Tcm/Naive helper T cells,Tcm/Naive helper T cells,0.38183179340852436
TCATGCCTCCTAAGTA-1,4,Cytotoxic_T_NK,,Tem/Temra cytotoxic T cells,Tem/Temra cytotoxic T cells,0.999728233743491
TCATGTTTCAGGTCCA-1,1,CD4_T_cells,,Tcm/Naive helper T cells,Tcm/Naive helper T cells,0.9991868856002768
TCATGTTTCATCCTAT-1,4,Cytotoxic_T_NK,,Tem/Temra cytotoxic T cells,Tem/Temra cytotoxic T cells,0.5432445010792661
TCATGTTTCATGTCAA-1,3,CD4_T_cells,,Tcm/Naive helper T cells,Tcm/Naive cytotoxic T cells,0.9386041372034893
TCATGTTTCATTGTCT-1,1,CD4_T_cells,,Tcm/Naive helper T cells,Tcm/Naive helper T cells,0.9992072686946778
TCATGTTTCCTCACAC-1,10,Cytotoxic_T_NK,,MAIT cells,MAIT cells,0.9999330226614401
TCATGTTTCTTGGATA-1,3,CD4_T_cells,,Tcm/Naive cytotoxic T cells,Tcm/Naive cytotoxic T cells,0.9999222529827021
TCATGTTTCTTGTCCA-1,0,Monocytes_CD14,,Classical monocytes,Classical monocytes,0.9999999905655365
TCATTACTCAAACCTA-1,0,Monocytes_CD14,,Classical monocytes,Classical monocytes,0.9982726114154146
TCATTACTCACTAGGT-1,2,T_cells_general,,Tcm/Naive helper T cells,Tcm/Naive helper T cells,0.9999756636722882
TCATTACTCCAAATCA-1,6,B_cells,,Age-associated B cells,Age-associated B cells,0.9996170010806722
TCATTACTCCCGTTAC-1,12,Stress_response,,ETP,HSC/MPP,0.9910415223627801
TCATTACTCCGGCTAA-1,1,CD4_T_cells,,Tcm/Naive helper T cells,Tcm/Naive helper T cells,0.91944050440593
TCATTACTCGTAATCA-1,5,Cytotoxic_T_NK,,CD16- NK cells,CD16+ NK cells,0.9999412384401545
TCATTACTCGTTAACA-1,0,Monocytes_CD14,,Classical monocytes,Classical monocytes,0.7040828288365318
TCATTGCGTAACCTAG-1,2,T_cells_general,,Tcm/Naive helper T cells,Tcm/Naive helper T cells,0.7660756345306864
TCATTGCGTACGTTTC-1,1,CD4_T_cells,,Tcm/Naive helper T cells,Tcm/Naive helper T cells,0.9997881683895031
TCATTGCGTCGTAAAT-1,3,CD4_T_cells,,Tcm/Naive helper T cells,Tcm/Naive cytotoxic T cells,0.9981213677378651
TCATTGTTCCTTGCGT-1,3,CD4_T_cells,,Tcm/Naive cytotoxic T cells,Tcm/Naive cytotoxic T cells,0.9933039425726681
TCATTGTTCGATTCTT-1,3,CD4_T_cells,,Tcm/Naive helper T cells,Tcm/Naive helper T cells,0.9981570712180746
TCATTGTTCTGGCAAT-1,0,Monocytes_CD14,,Classical monocytes,Classical monocytes,0.9976123464686415
TCATTTGGTACTGATG-1,5,Cytotoxic_T_NK,,CD16+ NK cells,CD16+ NK cells,0.9989581780120406
TCATTTGGTCAAAGGG-1,0,Monocytes_CD14,,Classical monocytes,Classical monocytes,0.7868342942997877
TCATTTGGTTAATGAC-1,2,T_cells_general,,Tcm/Naive helper T cells,Tcm/Naive helper T cells,0.7831122862164432
TCATTTGGTTGTAACG-1,3,CD4_T_cells,,Tcm/Naive cytotoxic T cells,Tcm/Naive cytotoxic T cells,0.9999927536834566
TCCACAACAATCGCAC-1,2,T_cells_general,,Tcm/Naive helper T cells,Tcm/Naive helper T cells,0.5015694859772841
TCCACAACACCCACCT-1,0,Monocytes_CD14,,Classical monocytes,Classical monocytes,0.9983302047539732
TCCACAACAGAATGAC-1,3,CD4_T_cells,,Tcm/Naive cytotoxic T cells,Tcm/Naive cytotoxic T cells,0.9979114724430806
TCCACAACAGCATGAG-1,0,Monocytes_CD14,,Classical monocytes,Classical monocytes,0.9997942567031863
TCCACAACAGGGAGGA-1,1,CD4_T_cells,,Tcm/Naive helper T cells,Tcm/Naive helper T cells,0.9999918345696249
TCCACAACAGTAAGTA-1,0,Monocytes_CD14,,Classical monocytes,Classical monocytes,0.9999358940912298
TCCACAACATAATGAG-1,0,Monocytes_CD14,,Classical monocytes,Classical monocytes,0.8185289153538893
TCCAGCAAGACAAACG-1,2,T_cells_general,,Tcm/Naive helper T cells,Tcm/Naive helper T cells,0.9957233731994543
TCCAGCAAGCTAAGTC-1,0,Monocytes_CD14,,Classical monocytes,Classical monocytes,0.9999750399229483
TCCAGCAAGCTTTGGG-1,4,Cytotoxic_T_NK,,Tem/Temra cytotoxic T cells,Tem/Temra cytotoxic T cells,0.9162751697925084
TCCAGCAAGGCTATGT-1,4,Cytotoxic_T_NK,,CD16- NK cells,Tem/Temra cytotoxic T cells,0.7638709237742741
TCCAGCAAGTTAGTGC-1,1,CD4_T_cells,,Tcm/Naive helper T cells,Tcm/Naive helper T cells,0.999879347254372
TCCAGGATCACGCCAA-1,2,T_cells_general,,Regulatory T cells,Regulatory T cells,0.9927346137994886
TCCAGGATCCGGTATG-1,9,Monocytes_general,,DC2,DC2,0.8659014834282922
TCCAGGATCCTCAGTC-1,2,T_cells_general,,Tem/Effector helper T cells,Tcm/Naive helper T cells,0.11448360908166806
TCCAGGATCCTCCTAA-1,3,CD4_T_cells,,Tcm/Naive cytotoxic T cells,Tcm/Naive cytotoxic T cells,0.9952120321837951
TCCAGGATCTGCAAAC-1,5,Cytotoxic_T_NK,,CD16+ NK cells,CD16+ NK cells,0.9963918899045926
TCCAGGTCAAGTTATC-1,7,Monocytes_general,,Non-classical monocytes,Non-classical monocytes,0.9960942415011549
TCCAGGTCAATCGCAC-1,2,T_cells_general,,Regulatory T cells,Regulatory T cells,0.037497261989350134
TCCAGGTCACACAATT-1,1,CD4_T_cells,,Tcm/Naive helper T cells,Tcm/Naive helper T cells,0.9991809405545001
TCCAGGTCACAGCCAT-1,10,Cytotoxic_T_NK,,MAIT cells,MAIT cells,0.4525668718792391
TCCAGGTCAGGAACCA-1,1,CD4_T_cells,,Memory B cells,Tcm/Naive helper T cells,0.43710577201606754
TCCAGGTCATAAGTTC-1,4,Cytotoxic_T_NK,,Tem/Temra cytotoxic T cells,Tem/Temra cytotoxic T cells,0.9982103885308601
TCCAGGTCATCATGTG-1,1,CD4_T_cells,,Tcm/Naive helper T cells,Tcm/Naive helper T cells,0.991768641825545
TCCAGGTCATTGCGTA-1,2,T_cells_general,,Tem/Effector helper T cells,Tem/Effector helper T cells,0.8606928476866977
TCCATAAAGACTAAGG-1,0,Monocytes_CD14,,Classical monocytes,Classical monocytes,0.999927295796544
TCCATAAAGAGCCGGA-1,2,T_cells_general,,Tcm/Naive helper T cells,Tcm/Naive helper T cells,0.9794552347510825
TCCATAAAGCATGTCG-1,3,CD4_T_cells,,Tcm/Naive helper T cells,Tcm/Naive cytotoxic T cells,0.9995010240447716
TCCATAAAGCGAGCGA-1,1,CD4_T_cells,,Tcm/Naive helper T cells,Tcm/Naive helper T cells,0.9999940331147827
TCCATAAAGCTACTGG-1,4,Cytotoxic_T_NK,,Tem/Temra cytotoxic T cells,Tem/Temra cytotoxic T cells,0.9999752435891565
TCCATAAAGGACCTTG-1,2,T_cells_general,,Tem/Effector helper T cells,Tcm/Naive helper T cells,0.9968465918072552
TCCATAAAGTAACCCG-1,1,CD4_T_cells,,Tcm/Naive helper T cells,Tcm/Naive helper T cells,0.9999973036528406
TCCATAAAGTAGGATG-1,0,Monocytes_CD14,,Classical monocytes,Classical monocytes,0.9945636991597988
TCCATAAAGTGAGAGC-1,1,CD4_T_cells,,Tcm/Naive helper T cells,Tcm/Naive helper T cells,0.9806714100859499
TCCATATTCACACAGT-1,0,Monocytes_CD14,,Classical monocytes,Classical monocytes,0.998707236915352
TCCATATTCACAGGAA-1,2,T_cells_general,,Tem/Effector helper T cells,Tem/Effector helper T cells,0.9201418988599257
TCCATATTCCTTAGTT-1,3,CD4_T_cells,,Tcm/Naive helper T cells,Tcm/Naive cytotoxic T cells,0.8824536506673366
TCCATATTCCTTCAAT-1,1,CD4_T_cells,,Tcm/Naive helper T cells,Tcm/Naive helper T cells,0.9998489966805395
TCCATATTCTAGCGAT-1,7,Monocytes_general,,Non-classical monocytes,Non-classical monocytes,0.9999547775611234
TCCATATTCTGGTCCT-1,0,Monocytes_CD14,,Classical monocytes,Classical monocytes,0.7596147974040739
TCCATCATCACGTTAA-1,4,Cytotoxic_T_NK,,Tem/Trm cytotoxic T cells,Tem/Trm cytotoxic T cells,0.9963002916202284
TCCATCATCGCTATAA-1,0,Monocytes_CD14,,Classical monocytes,Classical monocytes,0.9994273276887826
TCCATCATCGGCCATA-1,4,Cytotoxic_T_NK,,Tem/Temra cytotoxic T cells,Tem/Temra cytotoxic T cells,0.9921962598947166
TCCATCATCGTTTCTG-1,0,Monocytes_CD14,,Classical monocytes,Classical monocytes,0.999996345555841
TCCATCATCTTGTCCA-1,1,CD4_T_cells,,Tcm/Naive helper T cells,Tcm/Naive helper T cells,0.9998282048260935
TCCATGCTCATGCCTC-1,3,CD4_T_cells,,Tcm/Naive cytotoxic T cells,Tcm/Naive cytotoxic T cells,0.9915438766226806
TCCATGCTCATTGACA-1,3,CD4_T_cells,,Tcm/Naive cytotoxic T cells,Tcm/Naive cytotoxic T cells,0.9991067535214625
TCCATGCTCATTTAGG-1,6,B_cells,,Memory B cells,Memory B cells,0.9999910960792254
TCCATGCTCCGCCAAA-1,6,B_cells,,Age-associated B cells,Memory B cells,0.9055994367846915
TCCATGCTCTTGGACG-1,1,CD4_T_cells,,Tcm/Naive helper T cells,Tcm/Naive helper T cells,0.9999607660120629
TCCATTGTCACCGGTA-1,0,Monocytes_CD14,,Classical monocytes,Classical monocytes,0.9999946166904219
TCCATTGTCAGCAAAG-1,2,T_cells_general,,Tem/Effector helper T cells,Tem/Effector helper T cells,0.9461671221815466
TCCATTGTCATGAAGG-1,4,Cytotoxic_T_NK,,Tem/Trm cytotoxic T cells,Tem/Trm cytotoxic T cells,0.9986556131705464
TCCATTGTCCTAGTCC-1,1,CD4_T_cells,,Tcm/Naive helper T cells,Tcm/Naive helper T cells,0.9983616432242653
TCCATTGTCTAAATCG-1,0,Monocytes_CD14,,Classical monocytes,Classical monocytes,0.9971917311262641
TCCATTGTCTTAGTCT-1,0,Monocytes_CD14,,Classical monocytes,Classical monocytes,0.989526878804239
TCCCGGACACAAAGGT-1,2,T_cells_general,,Tcm/Naive helper T cells,Tcm/Naive helper T cells,0.9712961540282716
TCCCGGACACTTCATC-1,2,T_cells_general,,Tem/Effector helper T cells,Tcm/Naive helper T cells,0.9210061754869914
TCCCGGACATGCTCCC-1,4,Cytotoxic_T_NK,,Tem/Temra cytotoxic T cells,Tem/Temra cytotoxic T cells,0.9907840342905919
TCCCGTTAGCACAGCC-1,3,CD4_T_cells,,Tcm/Naive cytotoxic T cells,Tcm/Naive cytotoxic T cells,0.9895489215323345
TCCCGTTAGCCACAAT-1,0,Monocytes_CD14,,Classical monocytes,Classical monocytes,0.9930412341483316
TCCCGTTAGCTGGACC-1,0,Monocytes_CD14,,Classical monocytes,Classical monocytes,0.9999434947351629
TCCCGTTAGGACAATG-1,6,B_cells,,Age-associated B cells,Age-associated B cells,0.9999997161371534
TCCCGTTAGGACCAGG-1,5,Cytotoxic_T_NK,,CD16+ NK cells,CD16+ NK cells,0.9999985823410371
TCCCGTTAGGAGTAAT-1,1,CD4_T_cells,,Tcm/Naive helper T cells,Tcm/Naive helper T cells,0.9997598356820155
TCCCGTTAGGTTACAC-1,0,Monocytes_CD14,,Classical monocytes,Classical monocytes,0.9997755511917642
TCCCGTTAGTAAGTGG-1,6,B_cells,,Memory B cells,Memory B cells,0.9999548423509921
TCCCGTTAGTTGCGTG-1,2,T_cells_general,,Tcm/Naive helper T cells,Tcm/Naive helper T cells,0.8748514966417293
TCCCTCACAATGCCCG-1,4,Cytotoxic_T_NK,,Tem/Temra cytotoxic T cells,Tem/Temra cytotoxic T cells,0.999812958605516
TCCCTCACAATTAGGA-1,7,Monocytes_general,,Non-classical monocytes,Non-classical monocytes,0.9999984781264786
TCCCTCACACCACAAC-1,0,Monocytes_CD14,,Classical monocytes,Classical monocytes,0.9996885046577247
TCCCTCACAGCAGGTA-1,3,CD4_T_cells,,Tcm/Naive cytotoxic T cells,Tcm/Naive cytotoxic T cells,0.9977265742633334
TCCCTCACAGCCGCTA-1,4,Cytotoxic_T_NK,,Tem/Temra cytotoxic T cells,Tem/Temra cytotoxic T cells,0.5456382877583866
TCCCTCACATCATGGC-1,3,CD4_T_cells,,Tcm/Naive cytotoxic T cells,Tcm/Naive cytotoxic T cells,0.9963016925417346
TCCCTGGTCCGCCTAT-1,0,Monocytes_CD14,,Classical monocytes,Classical monocytes,0.9999626732564416
TCCCTGGTCGAGGAGT-1,0,Monocytes_CD14,,Classical monocytes,Classical monocytes,0.9986178944537855
TCCCTGGTCTTTGAGA-1,0,Monocytes_CD14,,Classical monocytes,Classical monocytes,0.9998393254248708
TCCGCCATCAGCCAAT-1,1,CD4_T_cells,,Tcm/Naive helper T cells,Tcm/Naive helper T cells,0.9634871702480666
TCCGCCATCATGCCTC-1,6,B_cells,,Naive B cells,Memory B cells,0.999663876977084
TCCGCCATCATGCTCC-1,0,Monocytes_CD14,,Classical monocytes,Classical monocytes,0.9978347088685966
TCCGCCATCTAATCTC-1,1,CD4_T_cells,,Tcm/Naive helper T cells,Tcm/Naive helper T cells,0.9999936545393375
TCCGGAATCACAAGCT-1,0,Monocytes_CD14,,Classical monocytes,Classical monocytes,0.999880191040284
TCCGGAATCCTGGCTT-1,0,Monocytes_CD14,,Classical monocytes,Classical monocytes,0.978980517882066
TCCGGAATCGCCTGTT-1,3,CD4_T_cells,,Tcm/Naive cytotoxic T cells,Tcm/Naive cytotoxic T cells,0.9999935961354155
TCCGGAATCTACCTGC-1,2,T_cells_general,,Tem/Trm cytotoxic T cells,Tcm/Naive helper T cells,0.5437130208219915
TCCGGAATCTTAATGG-1,1,CD4_T_cells,,Tcm/Naive helper T cells,Tcm/Naive helper T cells,0.5931496025244063
TCCGGAATCTTAGGAC-1,3,CD4_T_cells,,Tcm/Naive cytotoxic T cells,Tcm/Naive cytotoxic T cells,0.9933012353798306
TCCGGAATCTTGACCC-1,8,B_cells,,Naive B cells,Naive B cells,0.9999999994814901
TCCGGTAAGCAACATC-1,1,CD4_T_cells,,Tcm/Naive helper T cells,Tcm/Naive helper T cells,0.9998195289542651
TCCGGTAAGTAACGAG-1,4,Cytotoxic_T_NK,,Tem/Trm cytotoxic T cells,Tem/Trm cytotoxic T cells,0.9998798996609003
TCCGGTTTCAATGTCA-1,2,T_cells_general,,Tem/Effector helper T cells,Tcm/Naive helper T cells,0.9990244451150309
TCCGGTTTCACTAATG-1,4,Cytotoxic_T_NK,,CRTAM+ gamma-delta T cells,Tem/Trm cytotoxic T cells,0.0368940706523562
TCCGGTTTCACTTCAT-1,4,Cytotoxic_T_NK,,Tem/Temra cytotoxic T cells,Tem/Trm cytotoxic T cells,0.6952757274169834
TCCGGTTTCCTAAGAC-1,9,Monocytes_general,,DC2,DC2,0.9999382172365004
TCCGGTTTCTGCAACG-1,0,Monocytes_CD14,,Classical monocytes,Classical monocytes,0.9999979175211566
TCCGGTTTCTTAGGAC-1,0,Monocytes_CD14,,Classical monocytes,Classical monocytes,0.9997235486434486
TCCGGTTTCTTGCAGG-1,0,Monocytes_CD14,,Classical monocytes,Classical monocytes,0.7427986600149059
TCCTAGTGTCCCGAAG-1,3,CD4_T_cells,,Tcm/Naive helper T cells,Tcm/Naive helper T cells,0.6964854941374163
TCCTAGTGTGCAATGC-1,3,CD4_T_cells,,Tcm/Naive cytotoxic T cells,Tcm/Naive cytotoxic T cells,0.4235579404401277
TCCTAGTGTTCTTTAG-1,0,Monocytes_CD14,,Classical monocytes,Classical monocytes,0.9999956966417354
TCCTCAATCACGAATC-1,0,Monocytes_CD14,,Classical monocytes,Classical monocytes,0.9935870918254462
TCCTCAATCACTCAAA-1,2,T_cells_general,,Tcm/Naive helper T cells,Tcm/Naive helper T cells,0.09884325718283556
TCCTCAATCAGTATTG-1,5,Cytotoxic_T_NK,,CD16+ NK cells,CD16+ NK cells,0.9996537593454113
TCCTCAATCATTCATC-1,5,Cytotoxic_T_NK,,Cycling NK cells,CD16+ NK cells,0.7021749138767568
TCCTCAATCATTTGTC-1,3,CD4_T_cells,,Tcm/Naive helper T cells,Tcm/Naive cytotoxic T cells,0.8234329832417968
TCCTCAATCCACCTGT-1,0,Monocytes_CD14,,Classical monocytes,Classical monocytes,0.9955301395556335
TCCTCAATCCTTTACG-1,1,CD4_T_cells,,Tcm/Naive helper T cells,Tcm/Naive helper T cells,0.9988831995278751
TCCTCAATCGAAGTAG-1,0,Monocytes_CD14,,Classical monocytes,Classical monocytes,0.9998250352495281
TCCTCAATCGCATTAA-1,2,T_cells_general,,Regulatory T cells,Tem/Effector helper T cells,0.7404993276549205
TCCTCAATCGCTAGAT-1,2,T_cells_general,,Tcm/Naive helper T cells,Tcm/Naive helper T cells,0.9707470830172211
TCCTCAATCTAATCTC-1,9,Monocytes_general,,DC2,DC2,0.9934424513953446
TCCTCAATCTCACACC-1,2,T_cells_general,,Tem/Effector helper T cells,Tem/Effector helper T cells,0.9930323765016732
TCCTCACAGGACCTCA-1,1,CD4_T_cells,,Tcm/Naive helper T cells,Tcm/Naive helper T cells,0.9999821262036434
TCCTCACAGGCCTGGT-1,2,T_cells_general,,Tcm/Naive helper T cells,Tcm/Naive helper T cells,0.029990772537805785
TCCTCACAGGCGCACT-1,3,CD4_T_cells,,Tcm/Naive helper T cells,Tcm/Naive cytotoxic T cells,0.629721671905818
TCCTCACAGTAACAGG-1,0,Monocytes_CD14,,Classical monocytes,Classical monocytes,0.5735291749764037
TCCTCTAAGAGGAGGA-1,0,Monocytes_CD14,,Classical monocytes,Classical monocytes,0.9415107513956704
TCCTCTAAGCATGTTA-1,3,CD4_T_cells,,Tcm/Naive cytotoxic T cells,Tcm/Naive cytotoxic T cells,0.9985950707931974
TCCTCTAAGCTCCTTA-1,0,Monocytes_CD14,,Classical monocytes,Classical monocytes,0.9999999361767996
TCCTGGTTCACAGACT-1,2,T_cells_general,,Tem/Effector helper T cells,Tem/Effector helper T cells,0.9586961977515506
TCCTGGTTCATCACTT-1,1,CD4_T_cells,,Tcm/Naive helper T cells,Tcm/Naive helper T cells,0.9999977510629221
TCCTGGTTCCGCACAA-1,4,Cytotoxic_T_NK,,Tem/Temra cytotoxic T cells,Tem/Temra cytotoxic T cells,0.14139873736185488
TCCTGGTTCCTTAAGA-1,1,CD4_T_cells,,Tcm/Naive helper T cells,Tcm/Naive helper T cells,0.9997317364762527
TCCTGGTTCTTGCTAT-1,11,pDC,,pDC,pDC,0.9999999751799238
TCCTGGTTCTTTGAGA-1,0,Monocytes_CD14,,Classical monocytes,Classical monocytes,0.8194431437002146
TCCTGTTCAGGATAAC-1,6,B_cells,,Memory B cells,Memory B cells,0.9875613804648706
TCCTGTTCAGTAAAGC-1,4,Cytotoxic_T_NK,,Tem/Temra cytotoxic T cells,Tem/Temra cytotoxic T cells,0.999931708526277
TCCTGTTCATGTCAAT-1,2,T_cells_general,,Tcm/Naive helper T cells,Tcm/Naive helper T cells,0.08198661173386493
TCCTTAGTCAGCTAAC-1,0,Monocytes_CD14,,Classical monocytes,Classical monocytes,0.9999656174360315
TCCTTAGTCATTATGG-1,0,Monocytes_CD14,,Classical monocytes,Classical monocytes,0.7103105791523713
TCCTTAGTCCCTGATC-1,2,T_cells_general,,Tcm/Naive helper T cells,Tcm/Naive helper T cells,0.9463034098579903
TCCTTAGTCCTGAGTG-1,1,CD4_T_cells,,Tcm/Naive helper T cells,Tcm/Naive helper T cells,0.9855258588320468
TCCTTAGTCGTTAGCG-1,4,Cytotoxic_T_NK,,Tem/Temra cytotoxic T cells,Tem/Temra cytotoxic T cells,0.9688168263687089
TCCTTCAAGACTCGCA-1,2,T_cells_general,,Regulatory T cells,Regulatory T cells,0.9573542384059512
TCCTTCAAGATGGAGC-1,2,T_cells_general,,Regulatory T cells,Regulatory T cells,0.999873045221329
TCCTTCAAGCTTACTT-1,3,CD4_T_cells,,Tcm/Naive cytotoxic T cells,Tcm/Naive cytotoxic T cells,0.9877183585730474
TCCTTCAAGGCGAATA-1,1,CD4_T_cells,,Tcm/Naive helper T cells,Tcm/Naive helper T cells,0.9998478232956899
TCCTTCAAGTTCCTCA-1,4,Cytotoxic_T_NK,,Tem/Temra cytotoxic T cells,Tem/Temra cytotoxic T cells,0.9783340349595318
TCCTTGCAGACAAACG-1,4,Cytotoxic_T_NK,,Tem/Temra cytotoxic T cells,Tem/Temra cytotoxic T cells,0.9836737919269364
TCCTTGCAGGCCCAGT-1,0,Monocytes_CD14,,Classical monocytes,Classical monocytes,0.8863890861318665
TCCTTGCAGTGACCTG-1,1,CD4_T_cells,,Tcm/Naive helper T cells,Tcm/Naive helper T cells,0.998760867192473
TCCTTTACAAACCTAT-1,3,CD4_T_cells,,Tcm/Naive cytotoxic T cells,Tcm/Naive cytotoxic T cells,0.9916081507080423
TCCTTTACAAACTGCC-1,1,CD4_T_cells,,Tcm/Naive helper T cells,Tcm/Naive helper T cells,0.9993218017245138
TCCTTTACAACAACAA-1,1,CD4_T_cells,,Tcm/Naive helper T cells,Tcm/Naive helper T cells,0.9845651677316238
TCCTTTACAACCGCCA-1,2,T_cells_general,,Regulatory T cells,Regulatory T cells,0.9999856782309903
TCCTTTACAATTAGGA-1,2,T_cells_general,,Type 17 helper T cells,Tem/Effector helper T cells,0.4622733519011008
TCCTTTACACAGCCTG-1,7,Monocytes_general,,Non-classical monocytes,Non-classical monocytes,0.9999850984376987
TCCTTTACATCGCTTT-1,4,Cytotoxic_T_NK,,Tem/Temra cytotoxic T cells,Tem/Temra cytotoxic T cells,0.9979153014615979
TCCTTTACATGCATAT-1,2,T_cells_general,,Tem/Effector helper T cells,Tcm/Naive helper T cells,0.0515941545313514
TCCTTTACATTGTGAT-1,3,CD4_T_cells,,Tcm/Naive helper T cells,Tcm/Naive cytotoxic T cells,0.9989344395443022
TCGACAAGTAGGTGTC-1,3,CD4_T_cells,,Tcm/Naive cytotoxic T cells,Tcm/Naive helper T cells,0.2565752508756525
TCGACAAGTAGTTAAC-1,6,B_cells,,Memory B cells,Memory B cells,0.9970446085657467
TCGACAAGTCCTTCAG-1,4,Cytotoxic_T_NK,,Tem/Temra cytotoxic T cells,Tem/Temra cytotoxic T cells,0.5505809404950494
TCGACAAGTGCGCGTA-1,1,CD4_T_cells,,Tcm/Naive helper T cells,Tcm/Naive helper T cells,0.9992925484479772
TCGACAAGTTGCAATG-1,1,CD4_T_cells,,Tcm/Naive helper T cells,Tcm/Naive helper T cells,0.9999850044578784
TCGATTAAGCTCAAAC-1,0,Monocytes_CD14,,Classical monocytes,Classical monocytes,0.999999620371884
TCGATTAAGTTAGTTG-1,0,Monocytes_CD14,,Non-classical monocytes,Classical monocytes,0.9993947242707173
TCGCATTGTCAAACTG-1,2,T_cells_general,,Tcm/Naive helper T cells,Tcm/Naive helper T cells,0.9991704803104573
TCGCATTGTCAGTAAT-1,2,T_cells_general,,Tcm/Naive helper T cells,Tcm/Naive helper T cells,0.8647021177901864
TCGCATTGTGACATAT-1,0,Monocytes_CD14,,Classical monocytes,Classical monocytes,0.6379650445747391
TCGCATTGTTCGCTTG-1,0,Monocytes_CD14,,Classical monocytes,Classical monocytes,0.9999896149791263
TCGCCCATCTGTAAGC-1,0,Monocytes_CD14,,Classical monocytes,Classical monocytes,0.9997633935788879
TCGCGAGGTAAATTGC-1,6,B_cells,,Memory B cells,Memory B cells,0.3681847117298083
TCGCGAGGTACCGTAA-1,5,Cytotoxic_T_NK,,CD16+ NK cells,CD16+ NK cells,0.9998748099833912
TCGCGAGGTATTGTCC-1,3,CD4_T_cells,,Tcm/Naive cytotoxic T cells,Tcm/Naive cytotoxic T cells,0.9996601650459997
TCGCGAGGTGCTGGTG-1,2,T_cells_general,,Regulatory T cells,Regulatory T cells,0.9999673592092226
TCGCGAGGTTATCCTA-1,4,Cytotoxic_T_NK,,Tem/Trm cytotoxic T cells,Tem/Trm cytotoxic T cells,0.9081042528956794
TCGCGAGGTTGTTGCT-1,0,Monocytes_CD14,,Classical monocytes,Classical monocytes,0.2528293653178078
TCGCGCACAATTAGGA-1,3,CD4_T_cells,,Tcm/Naive cytotoxic T cells,Tcm/Naive cytotoxic T cells,0.9965321134157988
TCGCGCACACCCACAG-1,2,T_cells_general,,Tcm/Naive helper T cells,Tcm/Naive helper T cells,0.9579301609825772
TCGCTAACAATAGCAA-1,0,Monocytes_CD14,,Classical monocytes,Classical monocytes,0.9992895781287129
TCGCTAACACAATGTT-1,7,Monocytes_general,,Non-classical monocytes,Non-classical monocytes,0.9790218285311727
TCGCTAACAGTACCGT-1,3,CD4_T_cells,,Tcm/Naive cytotoxic T cells,Tcm/Naive cytotoxic T cells,0.9859664235416253
TCGCTAACATCCTGAA-1,3,CD4_T_cells,,Tcm/Naive helper T cells,Tcm/Naive cytotoxic T cells,0.8657086898063955
TCGCTAACATGCTTAG-1,10,Cytotoxic_T_NK,,MAIT cells,MAIT cells,0.9999617436691306
TCGGTAAGTACGCGCA-1,1,CD4_T_cells,,Tcm/Naive helper T cells,Tcm/Naive helper T cells,0.9956280494531671
TCGGTAAGTAGTTAAC-1,5,Cytotoxic_T_NK,,CD16+ NK cells,CD16+ NK cells,0.9748021685647549
TCGGTAAGTCCTTAGT-1,1,CD4_T_cells,,Tcm/Naive helper T cells,Tcm/Naive helper T cells,0.9998765391785067
TCGGTAAGTTATCCTA-1,0,Monocytes_CD14,,Classical monocytes,Classical monocytes,0.9999902498584334
TCGGTAAGTTCCGGCT-1,1,CD4_T_cells,,Tcm/Naive helper T cells,Tcm/Naive helper T cells,0.9963657973723511
TCGGTAAGTTTCCACG-1,3,CD4_T_cells,,Tcm/Naive cytotoxic T cells,Tcm/Naive cytotoxic T cells,0.9611114143233029
TCGGTTACAAAGCTAA-1,12,Stress_response,,HSC/MPP,HSC/MPP,0.9999978040213859
TCGGTTACACCGGTAT-1,4,Cytotoxic_T_NK,,Tem/Temra cytotoxic T cells,Tem/Temra cytotoxic T cells,0.99584720352591
TCGGTTACATTAAACC-1,0,Monocytes_CD14,,Classical monocytes,Classical monocytes,0.9999998288228775
TCGGTTCTCAATCATG-1,1,CD4_T_cells,,Tcm/Naive helper T cells,Tcm/Naive helper T cells,0.996950491863346
TCGGTTCTCCCGTTTA-1,6,B_cells,,Memory B cells,Age-associated B cells,0.9934026625249774
TCGGTTCTCCTAAGGT-1,0,Monocytes_CD14,,Classical monocytes,Classical monocytes,0.9784124091305162
TCGGTTCTCGACAAAG-1,2,T_cells_general,,Tem/Effector helper T cells,Tem/Effector helper T cells,0.9840783838107883
TCGGTTCTCTTGAGCG-1,9,Monocytes_general,,Memory B cells,Classical monocytes,0.2636234014898111
TCGGTTTGTAAAGCGG-1,0,Monocytes_CD14,,Classical monocytes,Classical monocytes,0.9999975517244917
TCGGTTTGTATGGTGC-1,8,B_cells,,Naive B cells,Naive B cells,0.9999997229572809
TCGGTTTGTATTCGTC-1,2,T_cells_general,,Classical monocytes,Regulatory T cells,0.5100930515544302
TCGGTTTGTCATCCTG-1,2,T_cells_general,,Tcm/Naive helper T cells,Tcm/Naive helper T cells,0.9360636322722967
TCGGTTTGTCCTTCTC-1,7,Monocytes_general,,Non-classical monocytes,Non-classical monocytes,0.9999338914367991
TCGGTTTGTTAGGTGC-1,9,Monocytes_general,,DC2,DC2,0.9999488856274947
TCGGTTTGTTTACGTC-1,2,T_cells_general,,Tcm/Naive helper T cells,Tcm/Naive helper T cells,0.9777270218347217
TCGTAATCAATATGGA-1,1,CD4_T_cells,,Tcm/Naive helper T cells,Tcm/Naive helper T cells,0.9992829851384509
TCGTAATCACGCAACT-1,7,Monocytes_general,,Non-classical monocytes,Non-classical monocytes,0.9999980479419364
TCGTAATCAGCAAGAT-1,2,T_cells_general,,Tem/Effector helper T cells,Tcm/Naive helper T cells,0.7408538547857602
TCGTAATCAGCATTAT-1,0,Monocytes_CD14,,Classical monocytes,Classical monocytes,0.9994867857761545
TCGTAATCAGCCTTGG-1,0,Monocytes_CD14,,Classical monocytes,Classical monocytes,0.7505738121476728
TCGTAATCAGCGCTTG-1,3,CD4_T_cells,,Tcm/Naive helper T cells,Tcm/Naive cytotoxic T cells,0.94639857502441
TCGTAATCAGGTATTT-1,3,CD4_T_cells,,Tcm/Naive cytotoxic T cells,Tcm/Naive cytotoxic T cells,0.518912943980004
TCGTAATCAGGTTCAC-1,0,Monocytes_CD14,,Classical monocytes,Classical monocytes,0.9980216790463552
TCGTAATCAGTAAGTA-1,4,Cytotoxic_T_NK,,Tem/Trm cytotoxic T cells,Tem/Trm cytotoxic T cells,0.9948097337985208
TCGTCAACACATTGCA-1,3,CD4_T_cells,,Tcm/Naive helper T cells,Tcm/Naive cytotoxic T cells,0.6621500182664557
TCGTCAACAGGAATCG-1,3,CD4_T_cells,,Tcm/Naive cytotoxic T cells,Tcm/Naive cytotoxic T cells,0.999948020308911
TCGTCAACAGGCGAGT-1,8,B_cells,,Naive B cells,Naive B cells,0.9999999989427826
TCGTGCTTCAATCATG-1,3,CD4_T_cells,,Tcm/Naive cytotoxic T cells,Tcm/Naive cytotoxic T cells,0.9999338783164217
TCGTGCTTCACTAAGC-1,0,Monocytes_CD14,,Classical monocytes,Classical monocytes,0.9999366867364453
TCGTGCTTCGAGGTGG-1,0,Monocytes_CD14,,Classical monocytes,Classical monocytes,0.9984852649624597
TCGTGCTTCTCCTCAA-1,4,Cytotoxic_T_NK,,Tem/Temra cytotoxic T cells,Tem/Temra cytotoxic T cells,0.9999756097941409
TCGTGCTTCTTAGTGA-1,2,T_cells_general,,Tcm/Naive helper T cells,Tcm/Naive helper T cells,0.9989493490166356
TCGTGCTTCTTGCTAT-1,4,Cytotoxic_T_NK,,Tem/Trm cytotoxic T cells,Tem/Trm cytotoxic T cells,0.730893635782174
TCGTTAAAGACAAGTG-1,0,Monocytes_CD14,,Classical monocytes,Classical monocytes,0.8455018381936461
TCGTTAAAGAGGAGGA-1,2,T_cells_general,,Tcm/Naive helper T cells,Tcm/Naive helper T cells,0.9980261262355367
TCGTTAAAGATGCCTG-1,0,Monocytes_CD14,,Classical monocytes,Classical monocytes,0.9999919733465078
TCGTTAAAGCATTATG-1,4,Cytotoxic_T_NK,,Tem/Trm cytotoxic T cells,Tem/Trm cytotoxic T cells,0.9531890810353411
TCGTTAAAGCCGCAAC-1,0,Monocytes_CD14,,Classical monocytes,Classical monocytes,0.9998696774407287
TCGTTAAAGCGCTAAT-1,4,Cytotoxic_T_NK,,Tem/Trm cytotoxic T cells,Tem/Trm cytotoxic T cells,0.9565642367420026
TCGTTAAAGGGATGCG-1,5,Cytotoxic_T_NK,,CD16+ NK cells,CD16+ NK cells,0.9998062956144653
TCGTTAAAGGTCCACA-1,1,CD4_T_cells,,Tcm/Naive helper T cells,Regulatory T cells,0.999886558084675
TCGTTAAAGTCATTGA-1,1,CD4_T_cells,,Tcm/Naive helper T cells,Tcm/Naive helper T cells,0.9721965194840658
TCGTTAAAGTTCCTGC-1,0,Monocytes_CD14,,Classical monocytes,Classical monocytes,0.999303141184213
TCGTTACGTAATCCCT-1,3,CD4_T_cells,,Tcm/Naive cytotoxic T cells,Tcm/Naive cytotoxic T cells,0.7397299452811994
TCGTTACGTACGGGTT-1,0,Monocytes_CD14,,Classical monocytes,Classical monocytes,0.9742075403434585
TCGTTACGTCATGAGC-1,0,Monocytes_CD14,,Classical monocytes,Classical monocytes,0.939757925948845
TCGTTACGTCTAGCTT-1,0,Monocytes_CD14,,Classical monocytes,Classical monocytes,0.9975541049167235
TCGTTACGTTGCGGAT-1,2,T_cells_general,,Tcm/Naive helper T cells,Tcm/Naive helper T cells,0.8516073671063705
TCGTTAGCAAACTCAT-1,7,Monocytes_general,,Non-classical monocytes,Non-classical monocytes,0.9999641108357211
TCGTTAGCAAGCTACC-1,0,Monocytes_CD14,,Classical monocytes,Classical monocytes,0.9072488889035615
TCGTTAGCACAGCCAT-1,0,Monocytes_CD14,,Classical monocytes,Classical monocytes,0.9997750079614219
TCGTTAGCACGTAATT-1,2,T_cells_general,,Memory B cells,Tcm/Naive helper T cells,0.26430183193890583
TCGTTAGCACTAAGCC-1,2,T_cells_general,,Tcm/Naive helper T cells,Tcm/Naive helper T cells,0.2797946498287814
TCGTTAGCACTAGCGT-1,2,T_cells_general,,Tcm/Naive helper T cells,Tem/Effector helper T cells,0.9329279312361825
TCGTTAGCAGAGGCTA-1,3,CD4_T_cells,,Tcm/Naive cytotoxic T cells,Tcm/Naive cytotoxic T cells,0.9887369546422415
TCGTTAGCAGCTTAGC-1,2,T_cells_general,,Tcm/Naive helper T cells,Tcm/Naive helper T cells,0.9981575928259983
TCGTTAGCATTAAACC-1,7,Monocytes_general,,Non-classical monocytes,Non-classical monocytes,0.9986664704319542
TCGTTAGCATTGTGCA-1,1,CD4_T_cells,,Tcm/Naive helper T cells,Tcm/Naive helper T cells,0.8609148715737176
TCGTTATTCAAGGACA-1,1,CD4_T_cells,,Classical monocytes,Classical monocytes,0.13005715500771003
TCGTTATTCCTTAGGG-1,5,Cytotoxic_T_NK,,CD16+ NK cells,CD16+ NK cells,0.9863300973229754
TCGTTATTCCTTAGTT-1,10,Cytotoxic_T_NK,,MAIT cells,MAIT cells,0.9928049439353422
TCGTTATTCGTTAAGC-1,3,CD4_T_cells,,Tcm/Naive cytotoxic T cells,Tcm/Naive cytotoxic T cells,0.9845414051702901
TCGTTATTCTACCTGC-1,4,Cytotoxic_T_NK,,Tem/Temra cytotoxic T cells,Tem/Temra cytotoxic T cells,0.9994701341268453
TCGTTTCCAAGGTAAC-1,1,CD4_T_cells,,Tcm/Naive helper T cells,Tcm/Naive helper T cells,0.9854188105696324
TCGTTTCCACGCAACT-1,3,CD4_T_cells,,Tcm/Naive cytotoxic T cells,Tcm/Naive cytotoxic T cells,0.9952558282533673
TCTAACCGTAGTCAAT-1,2,T_cells_general,,Tcm/Naive helper T cells,Tcm/Naive helper T cells,0.9756589688656858
TCTAACCGTCATAACG-1,3,CD4_T_cells,,Tcm/Naive helper T cells,Tcm/Naive cytotoxic T cells,0.9620073817673125
TCTAACCGTCGCGCAA-1,5,Cytotoxic_T_NK,,CD16+ NK cells,CD16+ NK cells,0.9789070277168935
TCTAACCGTGCGCGTA-1,3,CD4_T_cells,,Tcm/Naive cytotoxic T cells,Tcm/Naive cytotoxic T cells,0.99931403151684
TCTAACCGTGCTTAGA-1,1,CD4_T_cells,,Tcm/Naive helper T cells,Tcm/Naive helper T cells,0.995419966571895
TCTAACCGTTTAGTCC-1,0,Monocytes_CD14,,Classical monocytes,Classical monocytes,0.9999932439906929
TCTAACCGTTTCGCCA-1,1,CD4_T_cells,,Tcm/Naive helper T cells,Tcm/Naive helper T cells,0.998792841526089
TCTAACTTCAAGGACA-1,1,CD4_T_cells,,Tcm/Naive helper T cells,Tcm/Naive helper T cells,0.9999782642401461
TCTAACTTCATGTCAA-1,2,T_cells_general,,Tcm/Naive helper T cells,Tcm/Naive helper T cells,0.9995970795053121
TCTAACTTCCTCACAC-1,8,B_cells,,Naive B cells,Naive B cells,0.999998262440922
TCTAACTTCCTTGCAC-1,3,CD4_T_cells,,Tcm/Naive cytotoxic T cells,Tcm/Naive cytotoxic T cells,0.9609017884663905
TCTAACTTCGATTTGA-1,10,Cytotoxic_T_NK,,MAIT cells,MAIT cells,0.9819594714135539
TCTAACTTCTTGTCTG-1,2,T_cells_general,,Tcm/Naive helper T cells,Tcm/Naive helper T cells,0.9199934022361759
TCTAAGGGTCCTTTAA-1,0,Monocytes_CD14,,Classical monocytes,Classical monocytes,0.998718200009241
TCTAAGGGTTACAAAC-1,3,CD4_T_cells,,Tcm/Naive cytotoxic T cells,Tcm/Naive cytotoxic T cells,0.9990673773735852
TCTAAGGGTTTATCGC-1,2,T_cells_general,,Tcm/Naive helper T cells,Tcm/Naive helper T cells,0.8935994503087071
TCTAATCTCAGCATTA-1,0,Monocytes_CD14,,Classical monocytes,Classical monocytes,0.967179861128735
TCTAATCTCCCTCATA-1,2,T_cells_general,,Tcm/Naive helper T cells,Tcm/Naive helper T cells,0.9137548946867655
TCTAATCTCTACTAAG-1,0,Monocytes_CD14,,Classical monocytes,Classical monocytes,0.9999282482772797
TCTAATCTCTTGCAAA-1,0,Monocytes_CD14,,Classical monocytes,Classical monocytes,0.9999720149181973
TCTACCTCAATGAATG-1,6,B_cells,,Naive B cells,Memory B cells,0.8905266974252536
TCTACTAGTAGGTTAT-1,10,Cytotoxic_T_NK,,MAIT cells,MAIT cells,0.9999998639700901
TCTACTAGTATTCGTC-1,1,CD4_T_cells,,Tcm/Naive helper T cells,Tcm/Naive helper T cells,0.9980432405402206
TCTACTAGTGTTAAAC-1,0,Monocytes_CD14,,Classical monocytes,Classical monocytes,0.9995617020291386
TCTACTAGTTGGCCGA-1,8,B_cells,,Naive B cells,Naive B cells,0.9999999987230388
TCTAGCACACCTATAG-1,3,CD4_T_cells,,Tcm/Naive cytotoxic T cells,Tcm/Naive cytotoxic T cells,0.6936217540176732
TCTAGCACAGCCAGAA-1,2,T_cells_general,,Tcm/Naive helper T cells,Tcm/Naive helper T cells,0.9906410965157155
TCTAGCACATAAAGCA-1,9,Monocytes_general,,DC2,DC2,0.9992691745507383
TCTAGCACATAAGTTC-1,1,CD4_T_cells,,Tcm/Naive helper T cells,Tcm/Naive helper T cells,0.9893861545691284
TCTAGCCTCAATCTAG-1,13,Plasma_cells,,Plasma cells,Plasma cells,0.9999916003118654
TCTAGCCTCACTTCAT-1,2,T_cells_general,,Monocytes,Tcm/Naive helper T cells,0.12056456097149089
TCTAGCCTCCTACCTA-1,1,CD4_T_cells,,Tcm/Naive helper T cells,Tcm/Naive helper T cells,0.9999059787976411
TCTAGCCTCCTAGTCC-1,4,Cytotoxic_T_NK,,Tem/Trm cytotoxic T cells,Tem/Trm cytotoxic T cells,0.9999842880076116
TCTAGCCTCTTTGAGA-1,4,Cytotoxic_T_NK,,Tem/Temra cytotoxic T cells,Tem/Temra cytotoxic T cells,0.9996281880192954
TCTAGCGAGCAGCTAT-1,1,CD4_T_cells,,Tcm/Naive helper T cells,Regulatory T cells,0.8883656883237955
TCTAGCGAGCTGAGGG-1,0,Monocytes_CD14,,Classical monocytes,Classical monocytes,0.995812525813259
TCTAGCGAGCTTACTT-1,3,CD4_T_cells,,Tcm/Naive cytotoxic T cells,Tcm/Naive cytotoxic T cells,0.9998097608286246
TCTAGCGAGGGCTAAA-1,3,CD4_T_cells,,Tcm/Naive cytotoxic T cells,Tcm/Naive cytotoxic T cells,0.9999660152568292
TCTAGCGAGGGTGAGT-1,2,T_cells_general,,Tem/Effector helper T cells,Tem/Effector helper T cells,0.5168931357308769
TCTAGCGAGTAATCCA-1,7,Monocytes_general,,Non-classical monocytes,Non-classical monocytes,0.9999811181995789
TCTATGTTCAAAGGCA-1,1,CD4_T_cells,,Tcm/Naive helper T cells,Tcm/Naive helper T cells,0.9999958997804292
TCTATGTTCAACAAGG-1,1,CD4_T_cells,,Tcm/Naive helper T cells,Tcm/Naive helper T cells,0.9998789018594842
TCTATGTTCATCCTGC-1,1,CD4_T_cells,,Tcm/Naive helper T cells,Tcm/Naive helper T cells,0.9941140911970194
TCTATGTTCCATAAGC-1,3,CD4_T_cells,,Tcm/Naive cytotoxic T cells,Tcm/Naive cytotoxic T cells,0.9965822036260477
TCTATGTTCCGGTTAG-1,0,Monocytes_CD14,,Classical monocytes,Classical monocytes,0.999892720368884
TCTATGTTCCTTGCGT-1,11,pDC,,pDC,pDC,0.9999998246823246
TCTATGTTCGGCCATA-1,0,Monocytes_CD14,,Classical monocytes,Classical monocytes,0.9999983058859375
TCTATGTTCGGTAACT-1,3,CD4_T_cells,,Tcm/Naive cytotoxic T cells,Tcm/Naive helper T cells,0.9231973790460442
TCTATGTTCGGTTAGT-1,0,Monocytes_CD14,,Classical monocytes,Classical monocytes,0.9966482390934222
TCTATGTTCTCGCCCA-1,0,Monocytes_CD14,,Classical monocytes,Classical monocytes,0.9993036024002788
TCTATGTTCTTGCAGG-1,2,T_cells_general,,Tcm/Naive helper T cells,Tem/Effector helper T cells,0.9351599958490384
TCTCAAGCATACCCGG-1,4,Cytotoxic_T_NK,,Tem/Temra cytotoxic T cells,Tem/Temra cytotoxic T cells,0.4458681292433824
TCTCAAGCATCGCTTT-1,0,Monocytes_CD14,,Classical monocytes,Classical monocytes,0.3147277514396113
TCTCAATTCAATCTAG-1,1,CD4_T_cells,,Tcm/Naive helper T cells,Tcm/Naive helper T cells,0.9999578605839868
TCTCAATTCACAGCGC-1,0,Monocytes_CD14,,Classical monocytes,Classical monocytes,0.9941005001640496
TCTCAATTCAGCCAAT-1,0,Monocytes_CD14,,Classical monocytes,Classical monocytes,0.9998181975164517
TCTCAATTCATGCTAA-1,0,Monocytes_CD14,,Classical monocytes,Classical monocytes,0.9995752629084076
TCTCAATTCATGCTCC-1,0,Monocytes_CD14,,Classical monocytes,Classical monocytes,0.8717500286284323
TCTCAATTCCCAGTAG-1,1,CD4_T_cells,,Tcm/Naive helper T cells,Tcm/Naive helper T cells,0.9999944433915305
TCTCAATTCCCTGTTA-1,1,CD4_T_cells,,Tcm/Naive helper T cells,Tcm/Naive helper T cells,0.9999867398282218
TCTCAATTCTATTGTC-1,0,Monocytes_CD14,,Classical monocytes,Classical monocytes,0.9871833130669739
TCTCAATTCTCACTCA-1,4,Cytotoxic_T_NK,,NK cells,CD8a/a,0.7714490723910438
TCTCACCAGAAAGCAT-1,2,T_cells_general,,Tem/Effector helper T cells,Tcm/Naive helper T cells,0.9476266582516257
TCTCACCAGATAAAGC-1,0,Monocytes_CD14,,Classical monocytes,Classical monocytes,0.9993719223785014
TCTCACCAGATACTTG-1,2,T_cells_general,,Regulatory T cells,Regulatory T cells,0.9997673249852442
TCTCACCAGGAGCAAC-1,12,Stress_response,,Mast cells,HSC/MPP,0.9999991070484968
TCTCACCAGGCCTTAG-1,0,Monocytes_CD14,,Non-classical monocytes,Classical monocytes,0.9647636812245063
TCTCACCAGGTGAGAC-1,6,B_cells,,Memory B cells,Memory B cells,0.9971489992182064
TCTCACCAGTAGGATG-1,2,T_cells_general,,Regulatory T cells,Regulatory T cells,0.9995841190621853
TCTCACCAGTGAGGGT-1,0,Monocytes_CD14,,Classical monocytes,Classical monocytes,0.9999999403272257
TCTCACCAGTTATGTG-1,0,Monocytes_CD14,,Classical monocytes,Classical monocytes,0.9970412995197651
TCTCACCAGTTTCCGC-1,4,Cytotoxic_T_NK,,Tem/Temra cytotoxic T cells,Tem/Temra cytotoxic T cells,0.9999552531321865
TCTCCTCGTAGTTACG-1,1,CD4_T_cells,,Tcm/Naive helper T cells,Tcm/Naive helper T cells,0.9998799971180378
TCTCCTCGTGGAGCAA-1,0,Monocytes_CD14,,Classical monocytes,Classical monocytes,0.99684338362979
TCTCCTCGTTAATCGG-1,6,B_cells,,Memory B cells,Memory B cells,0.99993858401647
TCTCCTCGTTAGGCTA-1,3,CD4_T_cells,,Tcm/Naive helper T cells,Tcm/Naive cytotoxic T cells,0.9634706980894325
TCTCGCCCAACCTGGT-1,2,T_cells_general,,Tcm/Naive helper T cells,Tem/Effector helper T cells,0.7252685195303993
TCTCGCCCACAGCCAT-1,2,T_cells_general,,Tem/Effector helper T cells,Tem/Effector helper T cells,0.6266414229054132
TCTCGCCCACATTAAC-1,4,Cytotoxic_T_NK,,Tcm/Naive helper T cells,Tem/Trm cytotoxic T cells,0.02213303866523694
TCTCGCCCACTAAATC-1,3,CD4_T_cells,,Tcm/Naive helper T cells,Tcm/Naive helper T cells,0.9934354224400783
TCTCGCCCACTATGGC-1,6,B_cells,,Memory B cells,Memory B cells,0.8650500857131133
TCTCGCCCAGCAACCT-1,7,Monocytes_general,,Non-classical monocytes,Non-classical monocytes,0.9999970918843634
TCTCGCCCAGCATGTC-1,2,T_cells_general,,Tcm/Naive helper T cells,Tcm/Naive helper T cells,0.8653066487610566
TCTCGCCCAGGATTAA-1,1,CD4_T_cells,,Tcm/Naive helper T cells,Tcm/Naive helper T cells,0.9999992086843317
TCTCGCCCATGAAATG-1,1,CD4_T_cells,,Tcm/Naive helper T cells,Tcm/Naive helper T cells,0.9981229984763743
TCTCGCCCATGTGGGA-1,3,CD4_T_cells,,Tcm/Naive helper T cells,Tcm/Naive cytotoxic T cells,0.9799370206998632
TCTCGCCCATTAAGCT-1,5,Cytotoxic_T_NK,,CD16+ NK cells,CD16+ NK cells,0.9998240027678673
TCTGGCTTCAAACACC-1,1,CD4_T_cells,,Tcm/Naive helper T cells,Tcm/Naive helper T cells,0.9987636469122586
TCTGGCTTCCTACCTA-1,5,Cytotoxic_T_NK,,CD16- NK cells,CD16+ NK cells,0.34102120722114365
TCTGGCTTCTTTGACT-1,5,Cytotoxic_T_NK,,CD16+ NK cells,CD16+ NK cells,0.9918290210901765
TCTGTGACAATTAAGG-1,3,CD4_T_cells,,Tcm/Naive cytotoxic T cells,Tcm/Naive cytotoxic T cells,0.9349314889104349
TCTGTGACACAAACTT-1,2,T_cells_general,,Tem/Effector helper T cells,Tem/Effector helper T cells,0.9988083610497954
TCTGTGACACAGAACG-1,2,T_cells_general,,Tcm/Naive helper T cells,Tcm/Naive helper T cells,0.9732789446605142
TCTGTGACAGGAAGCC-1,9,Monocytes_general,,DC2,DC2,0.9323787068756949
TCTGTGACATAGCGGA-1,8,B_cells,,Naive B cells,Naive B cells,0.9999999999381244
TCTGTGACATAGTCAT-1,8,B_cells,,Naive B cells,Naive B cells,0.9999999879805729
TCTGTGACATTGTCAG-1,6,B_cells,,Memory B cells,Memory B cells,0.999997790387846
TCTTAGCGTCCGTGAG-1,0,Monocytes_CD14,,Classical monocytes,Classical monocytes,0.999591724588113
TCTTAGCGTCTTGCTG-1,1,CD4_T_cells,,Tcm/Naive helper T cells,Tcm/Naive helper T cells,0.9993963013663001
TCTTAGCGTGTTGCAA-1,2,T_cells_general,,Regulatory T cells,Regulatory T cells,0.9861270561635754
TCTTAGCGTTCACCAT-1,2,T_cells_general,,Tem/Effector helper T cells,Tem/Effector helper T cells,0.5228700068280406
TCTTAGTTCCGCAACA-1,1,CD4_T_cells,,Tcm/Naive helper T cells,Tcm/Naive helper T cells,0.9350507432316754
TCTTAGTTCCGGCTAA-1,1,CD4_T_cells,,Tcm/Naive helper T cells,Tcm/Naive helper T cells,0.9998913050483341
TCTTAGTTCGTCATTT-1,3,CD4_T_cells,,Tcm/Naive cytotoxic T cells,Tcm/Naive cytotoxic T cells,0.9995763018881552
TCTTAGTTCTTCAATC-1,0,Monocytes_CD14,,Classical monocytes,Classical monocytes,0.9981696203501549
TCTTCAAGTCAAGTGC-1,6,B_cells,,Naive B cells,Memory B cells,0.9999524744114661
TCTTCAAGTTCCTCCT-1,7,Monocytes_general,,Non-classical monocytes,Non-classical monocytes,0.9999993828434363
TCTTCAAGTTTCAGGA-1,5,Cytotoxic_T_NK,,CD16+ NK cells,CD16+ NK cells,0.9999973539096546
TCTTGACGTAGCTAAT-1,3,CD4_T_cells,,Tcm/Naive cytotoxic T cells,Tcm/Naive cytotoxic T cells,0.8322136108454059
TCTTGACGTCCAAATG-1,0,Monocytes_CD14,,Classical monocytes,Classical monocytes,0.9876995265088178
TCTTGACGTGACCTGG-1,1,CD4_T_cells,,Tcm/Naive helper T cells,Tcm/Naive helper T cells,0.9999378198602792
TCTTGACGTTCAAGCA-1,3,CD4_T_cells,,Tcm/Naive cytotoxic T cells,Tcm/Naive cytotoxic T cells,0.9880773612767172
TCTTGACGTTGACTTC-1,2,T_cells_general,,Tcm/Naive helper T cells,Tem/Effector helper T cells,0.44046249702269086
TCTTGACGTTGTCATC-1,6,B_cells,,Memory B cells,Memory B cells,0.9999634798185221
TCTTGACGTTGTGATG-1,4,Cytotoxic_T_NK,,Tem/Temra cytotoxic T cells,Tem/Temra cytotoxic T cells,0.7263697122742415
TCTTGACGTTTAAAGC-1,0,Monocytes_CD14,,Classical monocytes,Classical monocytes,0.999142929204357
TCTTGTCCAAAGGTAC-1,3,CD4_T_cells,,Tcm/Naive cytotoxic T cells,Tcm/Naive cytotoxic T cells,0.9996816634458501
TCTTGTCCAATGCGCT-1,3,CD4_T_cells,,Tcm/Naive helper T cells,Tcm/Naive cytotoxic T cells,0.8451339632812966
TCTTGTCCACATACTG-1,1,CD4_T_cells,,Tcm/Naive helper T cells,Tcm/Naive helper T cells,0.9998376126626967
TCTTGTCCATAAGCAA-1,9,Monocytes_general,,DC2,DC2,0.14027562046908273
TCTTGTCCATGATTGT-1,3,CD4_T_cells,,Tcm/Naive cytotoxic T cells,Tcm/Naive cytotoxic T cells,0.9996467459413739
TCTTTGTAGGAGGACT-1,1,CD4_T_cells,,Tcm/Naive helper T cells,Tcm/Naive helper T cells,0.9998255337072749
TCTTTGTAGGGTCTAT-1,3,CD4_T_cells,,Tcm/Naive cytotoxic T cells,Tcm/Naive cytotoxic T cells,0.9862432175325757
TCTTTGTAGGTAGCTT-1,2,T_cells_general,,Tem/Effector helper T cells,Tcm/Naive helper T cells,0.9516589556281829
TCTTTGTAGTAACGAG-1,3,CD4_T_cells,,Tcm/Naive cytotoxic T cells,Tcm/Naive cytotoxic T cells,0.9661438676336205
TCTTTGTAGTCGCAAT-1,11,pDC,,pDC,pDC,0.9999999999702225
TCTTTGTAGTTGGCCA-1,1,CD4_T_cells,,Tcm/Naive helper T cells,Tcm/Naive helper T cells,0.9994801266616923
TGAAACTGTCCAAATG-1,0,Monocytes_CD14,,Classical monocytes,Classical monocytes,0.999990658601715
TGAAACTGTTAATCGG-1,0,Monocytes_CD14,,Non-classical monocytes,Classical monocytes,0.9999356893151244
TGAAACTGTTCCTCCT-1,3,CD4_T_cells,,Tcm/Naive helper T cells,Tcm/Naive cytotoxic T cells,0.9383877201678263
TGAACAACACTGACTA-1,3,CD4_T_cells,,Tcm/Naive cytotoxic T cells,Tcm/Naive cytotoxic T cells,0.9989718054116631
TGAACAACAGCTCAAC-1,1,CD4_T_cells,,Tcm/Naive helper T cells,Tcm/Naive helper T cells,0.9999840579669061
TGAACAACAGGTTATT-1,6,B_cells,,Memory B cells,Memory B cells,0.9995627476204807
TGAACAGAGAAGCTAG-1,1,CD4_T_cells,,Tcm/Naive helper T cells,Tcm/Naive helper T cells,0.999994705052989
TGAACAGAGCCATCAG-1,0,Monocytes_CD14,,Classical monocytes,Classical monocytes,0.9999455444040274
TGAACAGAGCTCAAAC-1,3,CD4_T_cells,,Tcm/Naive cytotoxic T cells,Tcm/Naive cytotoxic T cells,0.9869223232854819
TGAACAGAGGACCTCA-1,0,Monocytes_CD14,,Classical monocytes,Classical monocytes,0.9971817609342349
TGAACAGAGGCTCATG-1,0,Monocytes_CD14,,Classical monocytes,Classical monocytes,0.9806851622713132
TGAACAGAGGTCGAGG-1,1,CD4_T_cells,,Tcm/Naive helper T cells,Tcm/Naive helper T cells,0.9999604914763351
TGAACAGAGTAACGAG-1,4,Cytotoxic_T_NK,,Tem/Temra cytotoxic T cells,Tem/Temra cytotoxic T cells,0.9999115595523903
TGAAGCAAGCCGCTAA-1,3,CD4_T_cells,,Tcm/Naive cytotoxic T cells,Tcm/Naive cytotoxic T cells,0.9418183875714564
TGAAGCAAGGCGAATA-1,11,pDC,,pDC,pDC,0.9999996266981103
TGAAGGATCATTGACA-1,4,Cytotoxic_T_NK,,CD16+ NK cells,Tem/Temra cytotoxic T cells,0.23753555035296273
TGAAGGATCATTGCGG-1,0,Monocytes_CD14,,Classical monocytes,Classical monocytes,0.9975768950639337
TGAAGGATCCCAGTAG-1,3,CD4_T_cells,,Tcm/Naive helper T cells,Tcm/Naive cytotoxic T cells,0.933093668143524
TGAAGGATCCGTCCAT-1,0,Monocytes_CD14,,Non-classical monocytes,Classical monocytes,0.8263523763100753
TGAAGGATCCTACCTA-1,2,T_cells_general,,Tcm/Naive helper T cells,Tcm/Naive helper T cells,0.9988867458061716
TGAAGGATCCTTTACG-1,5,Cytotoxic_T_NK,,Tem/Temra cytotoxic T cells,CD16+ NK cells,0.9550200015194987
TGAAGGATCTTTGACT-1,2,T_cells_general,,Tem/Effector helper T cells,Tcm/Naive helper T cells,0.2774196166276612
TGAAGTGAGGAAGTAT-1,3,CD4_T_cells,,Tcm/Naive helper T cells,Tcm/Naive cytotoxic T cells,0.9980598523677969
TGAAGTGAGGACTTAC-1,2,T_cells_general,,Tem/Effector helper T cells,Tcm/Naive helper T cells,0.9391524759021156
TGAAGTGAGGCGCTTA-1,5,Cytotoxic_T_NK,,CD16+ NK cells,CD16+ NK cells,0.998653856710046
TGAAGTGAGTATGTGC-1,1,CD4_T_cells,,Tcm/Naive helper T cells,Tcm/Naive helper T cells,0.99889479112439
TGAAGTGAGTTTGGTA-1,2,T_cells_general,,Tcm/Naive helper T cells,Tcm/Naive helper T cells,0.9430091709637914
TGACCAAGTTGTTGTC-1,3,CD4_T_cells,,Tcm/Naive cytotoxic T cells,Tcm/Naive cytotoxic T cells,0.999719040781481
TGACCAAGTTTGGCGG-1,1,CD4_T_cells,,Tcm/Naive helper T cells,Tcm/Naive helper T cells,0.9998723179176998
TGACCTTGTAAATTGC-1,1,CD4_T_cells,,Tcm/Naive helper T cells,Tcm/Naive helper T cells,0.9998880054069551
TGACCTTGTATTGTCC-1,4,Cytotoxic_T_NK,,Tem/Trm cytotoxic T cells,Tem/Trm cytotoxic T cells,0.43523887604408257
TGACCTTGTTGCGTAA-1,0,Monocytes_CD14,,Classical monocytes,Classical monocytes,0.9999254569591081
TGACCTTGTTTGCAGA-1,2,T_cells_general,,Tcm/Naive helper T cells,Tcm/Naive helper T cells,0.49102938813042785
TGACCTTGTTTGTCTA-1,3,CD4_T_cells,,Tcm/Naive cytotoxic T cells,Tcm/Naive cytotoxic T cells,0.9999993638573231
TGACTCCTCACATTGA-1,7,Monocytes_general,,Non-classical monocytes,Non-classical monocytes,0.9999995131515357
TGACTCCTCCATAATG-1,3,CD4_T_cells,,Tcm/Naive helper T cells,Tcm/Naive cytotoxic T cells,0.7740382521601353
TGACTCCTCCTTAAGA-1,1,CD4_T_cells,,Tcm/Naive helper T cells,Tcm/Naive helper T cells,0.9998065510184667
TGACTCCTCCTTAATC-1,9,Monocytes_general,,DC2,DC2,0.8498207313501197
TGACTCCTCGCTATGG-1,4,Cytotoxic_T_NK,,Tem/Temra cytotoxic T cells,Tem/Temra cytotoxic T cells,0.9999975218824375
TGACTCCTCGGCCAGT-1,0,Monocytes_CD14,,Classical monocytes,Classical monocytes,0.8750072539367894
TGACTCCTCGTTACAA-1,4,Cytotoxic_T_NK,,Tem/Temra cytotoxic T cells,Tem/Temra cytotoxic T cells,0.8646005595104322
TGACTCCTCTTGTCCA-1,0,Monocytes_CD14,,Classical monocytes,Classical monocytes,0.9994783244587919
TGACTTAAGACTCGCA-1,6,B_cells,,Memory B cells,Memory B cells,0.9999432844619166
TGACTTAAGATGCCTG-1,1,CD4_T_cells,,Tcm/Naive helper T cells,Tcm/Naive helper T cells,0.990290440342266
TGACTTAAGCAAGACA-1,0,Monocytes_CD14,,Classical monocytes,Classical monocytes,0.9992741926684671
TGACTTAAGCACCACA-1,4,Cytotoxic_T_NK,,Tem/Temra cytotoxic T cells,Tem/Temra cytotoxic T cells,0.9590877037188517
TGACTTAAGCGCTAAT-1,1,CD4_T_cells,,Tcm/Naive helper T cells,Tcm/Naive helper T cells,0.9999468353266766
TGACTTAAGGATTGAG-1,4,Cytotoxic_T_NK,,Tcm/Naive cytotoxic T cells,Tem/Trm cytotoxic T cells,0.967612062656291
TGACTTAAGGCTACAT-1,2,T_cells_general,,Tem/Effector helper T cells,Tcm/Naive helper T cells,0.906224569631477
TGACTTAAGGTTTGAC-1,1,CD4_T_cells,,Tcm/Naive helper T cells,Tcm/Naive helper T cells,0.9996745203035038
TGACTTAAGTTATGTG-1,0,Monocytes_CD14,,Classical monocytes,Classical monocytes,0.9966084151849173
TGACTTCGTAGCTAAT-1,11,pDC,,pDC,pDC,0.9999999987963926
TGACTTCGTAGGTTTG-1,2,T_cells_general,,Regulatory T cells,Tcm/Naive helper T cells,0.46921361696567765
TGACTTCGTGGTGAGA-1,1,CD4_T_cells,,Tcm/Naive helper T cells,Tcm/Naive helper T cells,0.9687315761266445
TGACTTCGTTAGCGTA-1,1,CD4_T_cells,,Tcm/Naive helper T cells,Tcm/Naive helper T cells,0.9999320675246159
TGACTTCGTTAGGACC-1,1,CD4_T_cells,,Tcm/Naive helper T cells,Tcm/Naive helper T cells,0.9997284556785495
TGAGAACCAACCTAAT-1,1,CD4_T_cells,,Tcm/Naive helper T cells,Tcm/Naive helper T cells,0.999906682405151
TGAGAACCAAGGTCCT-1,3,CD4_T_cells,,Tcm/Naive helper T cells,Tcm/Naive cytotoxic T cells,0.8379431220330658
TGAGAACCACCGGCTA-1,0,Monocytes_CD14,,Non-classical monocytes,Classical monocytes,0.7258959510715658
TGAGAACCACGAATTT-1,0,Monocytes_CD14,,Classical monocytes,Classical monocytes,0.9996918733571899
TGAGAACCAGCAGGTA-1,2,T_cells_general,,Regulatory T cells,Regulatory T cells,0.9995433205818327
TGAGAACCAGGAACAT-1,0,Monocytes_CD14,,Classical monocytes,Classical monocytes,0.9996358268928077
TGAGCAAAGACAAGTG-1,1,CD4_T_cells,,Tcm/Naive helper T cells,Tcm/Naive helper T cells,0.9990856549574619
TGAGCACGTAATGGAA-1,1,CD4_T_cells,,Tcm/Naive helper T cells,Tcm/Naive helper T cells,0.9984902985704082
TGAGCACGTCTATCGT-1,2,T_cells_general,,Tcm/Naive helper T cells,Tcm/Naive helper T cells,0.9447577930461418
TGAGCACGTGACATGC-1,1,CD4_T_cells,,Tcm/Naive helper T cells,Tcm/Naive helper T cells,0.9999046757675947
TGAGCACGTTCTTTAG-1,1,CD4_T_cells,,Tcm/Naive helper T cells,Tcm/Naive helper T cells,0.9902374176584289
TGAGCCGGTAGCCTAA-1,1,CD4_T_cells,,Tcm/Naive helper T cells,Tcm/Naive helper T cells,0.9967089801100919
TGAGCCGGTCAAAGGG-1,1,CD4_T_cells,,Tcm/Naive helper T cells,Tcm/Naive helper T cells,0.9954046139578594
TGAGCCGGTCAGGCAT-1,3,CD4_T_cells,,Tcm/Naive cytotoxic T cells,Tcm/Naive cytotoxic T cells,0.8752558342328446
TGAGCCGGTGCACGCA-1,7,Monocytes_general,,Non-classical monocytes,Non-classical monocytes,0.9999292701969693
TGAGCCGGTTCGCGCT-1,6,B_cells,,Memory B cells,Memory B cells,0.9992702882293109
TGAGCTTAGCATGTTA-1,3,CD4_T_cells,,Tcm/Naive helper T cells,Tcm/Naive cytotoxic T cells,0.28194531682894763
TGAGCTTAGCGGATTT-1,0,Monocytes_CD14,,Classical monocytes,Classical monocytes,0.9998503105562161
TGAGCTTAGCTATGAC-1,0,Monocytes_CD14,,Classical monocytes,Classical monocytes,0.1704902630962365
TGAGCTTAGCTCAATA-1,0,Monocytes_CD14,,Classical monocytes,Classical monocytes,0.9988779054488837
TGAGCTTAGGCCAATT-1,2,T_cells_general,,Tem/Effector helper T cells,Tcm/Naive helper T cells,0.8877768736342435
TGAGCTTAGGCTGTCA-1,2,T_cells_general,,Tcm/Naive helper T cells,Tcm/Naive helper T cells,0.9674782138261795
TGAGCTTAGGGTCTAT-1,4,Cytotoxic_T_NK,,Tcm/Naive helper T cells,Tem/Trm cytotoxic T cells,0.4467968951710815
TGAGCTTAGGTAGCTT-1,7,Monocytes_general,,Non-classical monocytes,Non-classical monocytes,0.9999998755224211
TGAGCTTAGGTCGAGG-1,2,T_cells_general,,Tcm/Naive helper T cells,Tcm/Naive helper T cells,0.6351958988742532
TGAGCTTAGTCACGAT-1,3,CD4_T_cells,,Tcm/Naive cytotoxic T cells,Tcm/Naive cytotoxic T cells,0.9646774851850135
TGAGCTTAGTGAGAGC-1,3,CD4_T_cells,,Tcm/Naive cytotoxic T cells,Tcm/Naive cytotoxic T cells,0.9999431699002573
TGAGGAGGTATTTGGG-1,1,CD4_T_cells,,Tcm/Naive helper T cells,Tcm/Naive helper T cells,0.9911303510912282
TGAGGAGGTGCTTACT-1,0,Monocytes_CD14,,Classical monocytes,Classical monocytes,0.9951673429505412
TGAGGAGGTGGAAGGC-1,7,Monocytes_general,,Non-classical monocytes,Non-classical monocytes,0.9999995675158119
TGAGGCACAAACTGCC-1,1,CD4_T_cells,,Tcm/Naive helper T cells,Tcm/Naive helper T cells,0.9999963467941637
TGAGGCACAACAGGTG-1,0,Monocytes_CD14,,Classical monocytes,Classical monocytes,0.5116597519662732
TGAGGCACAAGGTACG-1,0,Monocytes_CD14,,Non-classical monocytes,Classical monocytes,0.9243831644483195
TGAGGCACAGCAGGTA-1,6,B_cells,,Memory B cells,Age-associated B cells,0.9439024824468936
TGAGGCACAGTCTATG-1,0,Monocytes_CD14,,Classical monocytes,Classical monocytes,0.9893403425180606
TGAGGGAGTAGCTGGT-1,4,Cytotoxic_T_NK,,Tem/Trm cytotoxic T cells,Tem/Trm cytotoxic T cells,0.9572144159782546
TGAGGGAGTGGATTCA-1,1,CD4_T_cells,,Tcm/Naive helper T cells,Tcm/Naive helper T cells,0.9999138417354518
TGAGGGAGTTGCAGTA-1,3,CD4_T_cells,,Tcm/Naive cytotoxic T cells,Tcm/Naive cytotoxic T cells,0.9992484128261688
TGAGGGCCAACTCGCG-1,1,CD4_T_cells,,Tcm/Naive helper T cells,Tcm/Naive helper T cells,0.9998115144303036
TGAGGGCCACAACCTA-1,4,Cytotoxic_T_NK,,Tem/Temra cytotoxic T cells,Tem/Temra cytotoxic T cells,0.9954140839681238
TGAGGGCCACAATGTT-1,0,Monocytes_CD14,,Classical monocytes,Classical monocytes,0.9993823355301169
TGAGGGCCAGTTGCGT-1,7,Monocytes_general,,Non-classical monocytes,Non-classical monocytes,0.9999269416757565
TGAGGGCCATCATGGC-1,2,T_cells_general,,Tcm/Naive helper T cells,Tem/Effector helper T cells,0.8339743145766016
TGAGGTGCAACAGCCT-1,1,CD4_T_cells,,Tcm/Naive helper T cells,Tcm/Naive helper T cells,0.9999991390009818
TGAGGTGCAACTGGCT-1,3,CD4_T_cells,,Tcm/Naive cytotoxic T cells,Tcm/Naive cytotoxic T cells,0.9922253720878039
TGAGGTGCAAGGTATA-1,2,T_cells_general,,Tcm/Naive helper T cells,Tem/Effector helper T cells,0.8799971727106832
TGAGGTGCAAGTAAGC-1,8,B_cells,,Naive B cells,Naive B cells,0.9999798324857765
TGAGGTGCAGAATGAC-1,0,Monocytes_CD14,,Classical monocytes,Classical monocytes,0.5812573152948767
TGAGGTGCATTGGGAG-1,3,CD4_T_cells,,Tcm/Naive cytotoxic T cells,Tcm/Naive cytotoxic T cells,0.996732820245379
TGAGTGAAGACAGGCG-1,6,B_cells,,Memory B cells,Memory B cells,0.9999147281358137
TGAGTGAAGCTCGCTT-1,1,CD4_T_cells,,Tcm/Naive helper T cells,Tcm/Naive helper T cells,0.9994433269991262
TGAGTGAAGGAGTCGG-1,2,T_cells_general,,Tem/Effector helper T cells,Tem/Effector helper T cells,0.9473787049992725
TGAGTGAAGGCCTTAG-1,11,pDC,,pDC,pDC,0.9999990026035968
TGAGTGAAGGTTAGAG-1,4,Cytotoxic_T_NK,,CD16+ NK cells,Tem/Temra cytotoxic T cells,0.9971834915434723
TGAGTGAAGTCAGGCC-1,1,CD4_T_cells,,Tcm/Naive helper T cells,Tcm/Naive helper T cells,0.9454596615398985
TGAGTTTCAAAGCCTC-1,9,Monocytes_general,,DC2,DC2,0.9453133221508246
TGAGTTTCACCTGGTG-1,0,Monocytes_CD14,,Classical monocytes,Classical monocytes,0.8243551178222244
TGAGTTTCAGGTTCAC-1,7,Monocytes_general,,Non-classical monocytes,Non-classical monocytes,0.9999980640558941
TGAGTTTCAGTTAGCC-1,3,CD4_T_cells,,Tcm/Naive cytotoxic T cells,Tcm/Naive cytotoxic T cells,0.9980540616239264
TGATCAATCAAGTGTC-1,5,Cytotoxic_T_NK,,CD16+ NK cells,CD16+ NK cells,0.9350802306002696
TGATCAATCAATCTCT-1,0,Monocytes_CD14,,Classical monocytes,Classical monocytes,0.9984309933386525
TGATCAATCATAACGC-1,2,T_cells_general,,Tcm/Naive helper T cells,Tcm/Naive helper T cells,0.7705961090191181
TGATCAATCCCTGACT-1,0,Monocytes_CD14,,Classical monocytes,Classical monocytes,0.9990161610486892
TGATCAATCCTCCCTC-1,8,B_cells,,Naive B cells,Naive B cells,0.9998224828358181
TGATCAATCGTAATCA-1,0,Monocytes_CD14,,Classical monocytes,Classical monocytes,0.9999967043535976
TGATCACAGCGATAGA-1,1,CD4_T_cells,,Tcm/Naive helper T cells,Tcm/Naive helper T cells,0.9999893441487976
TGATCACAGGCGCTTA-1,0,Monocytes_CD14,,Classical monocytes,Classical monocytes,0.999767889193656
TGATCACAGTTTGAGC-1,5,Cytotoxic_T_NK,,Tem/Temra cytotoxic T cells,CD16+ NK cells,0.41614183806014077
TGATCAGGTACGGGTT-1,4,Cytotoxic_T_NK,,Tem/Temra cytotoxic T cells,Tem/Temra cytotoxic T cells,0.9859539627363189
TGATCAGGTATTGTGG-1,1,CD4_T_cells,,Tcm/Naive helper T cells,Tcm/Naive helper T cells,0.9999561970050095
TGATCAGGTCATCAAG-1,0,Monocytes_CD14,,Classical monocytes,Classical monocytes,0.9702277179159284
TGATCAGGTCATCATC-1,3,CD4_T_cells,,Tcm/Naive cytotoxic T cells,Tcm/Naive cytotoxic T cells,0.992006208903743
TGATCAGGTCCTAAGA-1,4,Cytotoxic_T_NK,,Tem/Temra cytotoxic T cells,Tem/Temra cytotoxic T cells,0.9999421741708868
TGATCAGGTCTTTGAC-1,2,T_cells_general,,Tem/Effector helper T cells,Tcm/Naive helper T cells,0.9650413454019973
TGATCAGGTGCTTAGA-1,0,Monocytes_CD14,,Classical monocytes,Classical monocytes,0.9999973434588934
TGATCAGGTTAAGTGT-1,1,CD4_T_cells,,Tcm/Naive helper T cells,Tcm/Naive helper T cells,0.9999926812415411
TGATCCTGTAGACAAA-1,3,CD4_T_cells,,Tcm/Naive cytotoxic T cells,Tcm/Naive cytotoxic T cells,0.9988747012563066
TGATCCTGTAGCCTCC-1,4,Cytotoxic_T_NK,,Tem/Temra cytotoxic T cells,Tem/Temra cytotoxic T cells,0.916842117865712
TGATCCTGTTAACAGT-1,1,CD4_T_cells,,Tcm/Naive helper T cells,Tcm/Naive helper T cells,0.9963583703997166
TGATCCTGTTGACTTC-1,5,Cytotoxic_T_NK,,CD16+ NK cells,CD16+ NK cells,0.9998747566299986
TGATCCTGTTGTGACA-1,2,T_cells_general,,Tcm/Naive helper T cells,Tcm/Naive helper T cells,0.889301931838873
TGATCGAGTAGGATTT-1,0,Monocytes_CD14,,Classical monocytes,Classical monocytes,0.9983936404860461
TGATCGAGTCAACAAT-1,1,CD4_T_cells,,Classical monocytes,Classical monocytes,0.10184510586089757
TGATGAACAAAGCTAA-1,3,CD4_T_cells,,Tcm/Naive cytotoxic T cells,Tcm/Naive cytotoxic T cells,0.9679622263007389
TGATGAACAATGAAGC-1,5,Cytotoxic_T_NK,,CD16+ NK cells,CD16+ NK cells,0.9999851861947154
TGATGAACAATTGAAG-1,0,Monocytes_CD14,,Classical monocytes,Classical monocytes,0.9998984306229759
TGATGAACACAGACTC-1,1,CD4_T_cells,,Tcm/Naive helper T cells,Tcm/Naive helper T cells,0.9999109072638207
TGATGAACACCAGGTT-1,0,Monocytes_CD14,,Classical monocytes,Classical monocytes,0.3050805084245286
TGATGAACACTAGGTC-1,0,Monocytes_CD14,,Classical monocytes,Classical monocytes,0.9999982392504528
TGATGAACAGAATGAC-1,0,Monocytes_CD14,,Classical monocytes,Classical monocytes,0.37459854102125806
TGATGAACAGCGCTTG-1,5,Cytotoxic_T_NK,,CD16+ NK cells,CD16+ NK cells,0.9999413918743345
TGATGAACATGTTGCA-1,5,Cytotoxic_T_NK,,CD16+ NK cells,CD16+ NK cells,0.9999848971560696
TGATGACTCAGCATTA-1,2,T_cells_general,,Tem/Effector helper T cells,Tem/Effector helper T cells,0.9618718513878021
TGATGACTCAGTATTG-1,2,T_cells_general,,Tcm/Naive helper T cells,Tcm/Naive helper T cells,0.687779705067405
TGATGACTCCAAGTTA-1,0,Monocytes_CD14,,Classical monocytes,Classical monocytes,0.8153496123007842
TGATGACTCCTTGAGG-1,4,Cytotoxic_T_NK,,Tem/Temra cytotoxic T cells,Tem/Temra cytotoxic T cells,0.9950819749135729
TGATGACTCTAATCCT-1,1,CD4_T_cells,,Tcm/Naive helper T cells,Tcm/Naive helper T cells,0.9665606917179843
TGATGATGTCGTAATG-1,0,Monocytes_CD14,,Classical monocytes,Classical monocytes,0.9999759436337954
TGATGATGTGTCCTGC-1,0,Monocytes_CD14,,Classical monocytes,Classical monocytes,0.9997416078127751
TGATGATGTTAGAGGG-1,0,Monocytes_CD14,,Non-classical monocytes,Classical monocytes,0.4618938932252719
TGATGATGTTCACCAT-1,4,Cytotoxic_T_NK,,Tem/Temra cytotoxic T cells,Tem/Temra cytotoxic T cells,0.9448838495954663
TGATGATGTTCCGGCT-1,2,T_cells_general,,Tcm/Naive helper T cells,Tcm/Naive helper T cells,0.9989808381310887
TGATTAGTCAATTACG-1,1,CD4_T_cells,,Tcm/Naive helper T cells,Tcm/Naive helper T cells,0.9996800866081312
TGATTAGTCATTGTCT-1,3,CD4_T_cells,,Tcm/Naive helper T cells,Tcm/Naive cytotoxic T cells,0.9198493907818114
TGATTAGTCCAGGTTG-1,0,Monocytes_CD14,,Classical monocytes,Classical monocytes,0.9765632712446545
TGATTAGTCCTGGCTT-1,1,CD4_T_cells,,Tcm/Naive helper T cells,Tcm/Naive helper T cells,0.999993841193683
TGATTAGTCCTTAATC-1,2,T_cells_general,,Tem/Effector helper T cells,Tem/Effector helper T cells,0.9996477163640837
TGATTAGTCGCTATGG-1,3,CD4_T_cells,,Tcm/Naive helper T cells,Tcm/Naive cytotoxic T cells,0.9962055588243309
TGATTAGTCTCACTAT-1,3,CD4_T_cells,,Tcm/Naive helper T cells,Tcm/Naive helper T cells,0.7495468479814699
TGATTCAAGAGGAGTC-1,3,CD4_T_cells,,Tcm/Naive cytotoxic T cells,Tcm/Naive cytotoxic T cells,0.9877745789663295
TGATTCAAGCTCAAAC-1,4,Cytotoxic_T_NK,,CRTAM+ gamma-delta T cells,Tem/Temra cytotoxic T cells,0.7083782219908122
TGATTCAAGGCTAGAA-1,6,B_cells,,Memory B cells,Memory B cells,0.9999785123039834
TGATTCAAGGTAAGCA-1,3,CD4_T_cells,,Tcm/Naive cytotoxic T cells,Tcm/Naive cytotoxic T cells,0.9999700658108952
TGATTGCAGCCTAATA-1,2,T_cells_general,,Type 17 helper T cells,Tem/Effector helper T cells,0.8074276987176824
TGATTGCAGCGGATTT-1,3,CD4_T_cells,,Tcm/Naive cytotoxic T cells,Tcm/Naive cytotoxic T cells,0.999858216109346
TGATTGCAGCTCATAA-1,0,Monocytes_CD14,,Classical monocytes,Classical monocytes,0.9934889083758014
TGATTGCAGGAGCAAC-1,1,CD4_T_cells,,Tcm/Naive helper T cells,Tcm/Naive helper T cells,0.9990903938945541
TGATTGCAGTAAGTCC-1,1,CD4_T_cells,,Tcm/Naive helper T cells,Tcm/Naive helper T cells,0.9824013797823534
TGCAAGCGTACCCACC-1,8,B_cells,,Naive B cells,Naive B cells,0.9974964686377922
TGCAAGCGTATTGGTG-1,8,B_cells,,Naive B cells,Naive B cells,0.9999999838264153
TGCAAGCGTATTGTGG-1,3,CD4_T_cells,,Tcm/Naive helper T cells,Tcm/Naive helper T cells,0.5489189570728763
TGCAAGCGTCAAAGGG-1,4,Cytotoxic_T_NK,,Tem/Temra cytotoxic T cells,Tem/Temra cytotoxic T cells,0.9868225499634569
TGCAAGCGTTCATCTA-1,1,CD4_T_cells,,Tcm/Naive helper T cells,Tcm/Naive helper T cells,0.9997912275463853
TGCAATATCAGGGCCT-1,6,B_cells,,Memory B cells,Memory B cells,0.9999574859398896
TGCAATATCCAACTGG-1,2,T_cells_general,,Regulatory T cells,Regulatory T cells,0.9940960746455895
TGCAATATCCAATTAG-1,0,Monocytes_CD14,,Classical monocytes,Classical monocytes,0.9999212246175736
TGCAATATCGAGCTAT-1,1,CD4_T_cells,,Tcm/Naive helper T cells,Tcm/Naive helper T cells,0.9922714930693934
TGCAATATCGGTTACG-1,1,CD4_T_cells,,Tcm/Naive helper T cells,Tcm/Naive helper T cells,0.8753269335676188
TGCAATATCTCCTCTT-1,3,CD4_T_cells,,Tcm/Naive cytotoxic T cells,Tcm/Naive cytotoxic T cells,0.9294666251268393
TGCACACCACTAAGAA-1,0,Monocytes_CD14,,Classical monocytes,Classical monocytes,0.9986508200931817
TGCACACCAGAGGCTA-1,6,B_cells,,Naive B cells,Memory B cells,0.9999171827660149
TGCACACCATCTAGCA-1,0,Monocytes_CD14,,Classical monocytes,Classical monocytes,0.9999025772357473
TGCACACCATTGTGGC-1,0,Monocytes_CD14,,Classical monocytes,Classical monocytes,0.9997406834182877
TGCACCTTCAAACACC-1,7,Monocytes_general,,Non-classical monocytes,Non-classical monocytes,0.9994155014139701
TGCACCTTCAGGTCCA-1,5,Cytotoxic_T_NK,,CD16+ NK cells,CD16+ NK cells,0.9531387552928517
TGCACCTTCCCTCATA-1,4,Cytotoxic_T_NK,,CD8a/a,CD8a/a,0.7743643923653076
TGCACCTTCCGCCAAA-1,4,Cytotoxic_T_NK,,Tem/Temra cytotoxic T cells,Tem/Temra cytotoxic T cells,0.9978789134964737
TGCACCTTCCGTTAAA-1,4,Cytotoxic_T_NK,,Tem/Trm cytotoxic T cells,Tem/Trm cytotoxic T cells,0.9913945417254548
TGCACCTTCCTAAGGT-1,7,Monocytes_general,,Non-classical monocytes,Non-classical monocytes,0.9999754192453075
TGCACCTTCTCTAGCC-1,0,Monocytes_CD14,,Classical monocytes,Classical monocytes,0.9555219466569356
TGCACTTGTACCGTAA-1,0,Monocytes_CD14,,Classical monocytes,Classical monocytes,0.999892845614575
TGCACTTGTAGCAGCT-1,0,Monocytes_CD14,,Classical monocytes,Classical monocytes,0.9953599260018136
TGCACTTGTGAGGTAG-1,6,B_cells,,Age-associated B cells,Memory B cells,0.6844378626233912
TGCACTTGTGCTGTAA-1,3,CD4_T_cells,,Tcm/Naive cytotoxic T cells,Tcm/Naive cytotoxic T cells,0.9593685411526863
TGCACTTGTGTTGTGA-1,0,Monocytes_CD14,,Classical monocytes,Classical monocytes,0.48361536696735563
TGCACTTGTTGCAATG-1,4,Cytotoxic_T_NK,,Tem/Temra cytotoxic T cells,Tem/Temra cytotoxic T cells,0.8604679804353267
TGCACTTGTTTACGTC-1,6,B_cells,,Memory B cells,Memory B cells,0.9990587288524606
TGCACTTGTTTGCGCC-1,1,CD4_T_cells,,Tcm/Naive helper T cells,Tcm/Naive helper T cells,0.9906997904543294
TGCAGGCTCAAATCGC-1,2,T_cells_general,,Tcm/Naive helper T cells,Tem/Effector helper T cells,0.9988609198134204
TGCAGGCTCGTAACGT-1,4,Cytotoxic_T_NK,,Tem/Temra cytotoxic T cells,Tem/Temra cytotoxic T cells,0.9541005214661248
TGCAGGCTCTGGCTTC-1,0,Monocytes_CD14,,Classical monocytes,Classical monocytes,0.8151761611059788
TGCAGGCTCTTAGGGT-1,4,Cytotoxic_T_NK,,Tem/Trm cytotoxic T cells,Tem/Trm cytotoxic T cells,0.7905438704445233
TGCAGGCTCTTGTCTG-1,1,CD4_T_cells,,Tcm/Naive helper T cells,Tcm/Naive helper T cells,0.9999405890283417
TGCATCCTCACCGGTA-1,1,CD4_T_cells,,Tcm/Naive helper T cells,Tcm/Naive helper T cells,0.9894653481297742
TGCATCCTCCTAACGG-1,1,CD4_T_cells,,Tcm/Naive helper T cells,Tcm/Naive helper T cells,0.9941560281050558
TGCATCCTCCTTGCAC-1,7,Monocytes_general,,Non-classical monocytes,Non-classical monocytes,0.9999879338132998
TGCATCCTCGTTCACC-1,3,CD4_T_cells,,Tcm/Naive cytotoxic T cells,Tcm/Naive cytotoxic T cells,0.9685272501399108
TGCATCCTCTGTGAGT-1,9,Monocytes_general,,DC2,DC2,0.9985511712452106
TGCATGAGTAATAACC-1,2,T_cells_general,,Tcm/Naive helper T cells,Tcm/Naive helper T cells,0.9232739437287222
TGCATGAGTAGGTTGC-1,6,B_cells,,Memory B cells,Memory B cells,0.9999992824571511
TGCATGAGTCAGGCAT-1,4,Cytotoxic_T_NK,,Tem/Temra cytotoxic T cells,Tem/Temra cytotoxic T cells,0.9986367243167686
TGCATGAGTGCGCATG-1,6,B_cells,,Memory B cells,Memory B cells,0.9995149425833504
TGCATGAGTTGGATAT-1,1,CD4_T_cells,,Tcm/Naive helper T cells,Tcm/Naive helper T cells,0.9990597792545061
TGCATTAAGGCTTAGT-1,4,Cytotoxic_T_NK,,Tem/Temra cytotoxic T cells,Tem/Temra cytotoxic T cells,0.9968221092715102
TGCCATTGTAAAGCAA-1,0,Monocytes_CD14,,Classical monocytes,Classical monocytes,0.9992201896434143
TGCCATTGTAACTACG-1,0,Monocytes_CD14,,Classical monocytes,Classical monocytes,0.9809832948193715
TGCCATTGTATTGTCC-1,5,Cytotoxic_T_NK,,CD16+ NK cells,CD16+ NK cells,0.9995300304121095
TGCCATTGTTAGGCTA-1,0,Monocytes_CD14,,Classical monocytes,Classical monocytes,0.68564543223883
TGCCATTGTTAGTACG-1,1,CD4_T_cells,,Tcm/Naive helper T cells,Tcm/Naive helper T cells,0.9909385026725254
TGCCGGTAGCTGTACG-1,2,T_cells_general,,Tcm/Naive helper T cells,Tcm/Naive helper T cells,0.5756013535021329
TGCCGGTAGCTTGCTC-1,1,CD4_T_cells,,Tcm/Naive helper T cells,Tcm/Naive helper T cells,0.9375532352415373
TGCCGGTAGGAACGCG-1,7,Monocytes_general,,Non-classical monocytes,Non-classical monocytes,0.9999991821386344
TGCCGGTAGGAGGCAT-1,1,CD4_T_cells,,Tcm/Naive helper T cells,Tcm/Naive helper T cells,0.99971304663347
TGCCTGTTCATAACTG-1,1,CD4_T_cells,,Tcm/Naive helper T cells,Tcm/Naive helper T cells,0.9978812531279104
TGCCTGTTCATCAGTA-1,5,Cytotoxic_T_NK,,CD16+ NK cells,CD16+ NK cells,0.06883103729101736
TGCCTGTTCCGGAACC-1,0,Monocytes_CD14,,Classical monocytes,Classical monocytes,0.9910676752743641
TGCCTGTTCCTGGTGA-1,0,Monocytes_CD14,,Classical monocytes,Classical monocytes,0.9781197072022606
TGCGATTAGCGTGCAC-1,0,Monocytes_CD14,,Classical monocytes,Classical monocytes,0.9997802141176825
TGCGATTAGCTTACTT-1,3,CD4_T_cells,,Tcm/Naive cytotoxic T cells,Tcm/Naive cytotoxic T cells,0.9999807013733356
TGCGATTAGGACTTAC-1,1,CD4_T_cells,,Tcm/Naive helper T cells,Tcm/Naive helper T cells,0.7656011737691841
TGCGATTAGTTTGGTA-1,2,T_cells_general,,Type 17 helper T cells,Tcm/Naive helper T cells,0.31884191413601914
TGCGCAGGTCACTCGC-1,2,T_cells_general,,Tcm/Naive helper T cells,Tcm/Naive helper T cells,0.9784724555165801
TGCGCAGGTTAATCGG-1,0,Monocytes_CD14,,Classical monocytes,Classical monocytes,0.9946068317954778
TGCGCAGGTTAGGCTA-1,3,CD4_T_cells,,Tcm/Naive cytotoxic T cells,Tcm/Naive cytotoxic T cells,0.5438273007186065
TGCGCAGGTTGCGCGA-1,7,Monocytes_general,,Non-classical monocytes,Non-classical monocytes,0.9997971008129871
TGCGCAGGTTTGTGGA-1,0,Monocytes_CD14,,Classical monocytes,Classical monocytes,0.9999702678704755
TGCGCGAGTCACAGCG-1,0,Monocytes_CD14,,Classical monocytes,Classical monocytes,0.9198154417721945
TGCGCGAGTGAGGTGA-1,0,Monocytes_CD14,,Classical monocytes,Classical monocytes,0.9999569673138631
TGCGCGAGTTAACACG-1,2,T_cells_general,,Tcm/Naive helper T cells,Tcm/Naive helper T cells,0.9977448747179608
TGCGCGAGTTAGGCTA-1,3,CD4_T_cells,,Tcm/Naive cytotoxic T cells,Tcm/Naive cytotoxic T cells,0.9976805550400604
TGCGCGAGTTGCCTCA-1,1,CD4_T_cells,,Tcm/Naive helper T cells,Tcm/Naive helper T cells,0.9999837393959289
TGCGCGAGTTGGTTAG-1,2,T_cells_general,,ILC3,Tcm/Naive helper T cells,0.9897376892685119
TGCGGTTCAACCCTAA-1,1,CD4_T_cells,,Tcm/Naive helper T cells,Tcm/Naive helper T cells,0.9999969637178545
TGCGGTTCACTAAGTT-1,3,CD4_T_cells,,Tcm/Naive cytotoxic T cells,Tcm/Naive cytotoxic T cells,0.9941855396306558
TGCGGTTCAGGAATCG-1,6,B_cells,,Memory B cells,Memory B cells,0.9999772465362424
TGCGGTTCAGGATAAC-1,4,Cytotoxic_T_NK,,Tem/Trm cytotoxic T cells,Tem/Trm cytotoxic T cells,0.9999794192042453
TGCGGTTCATAAAGCA-1,0,Monocytes_CD14,,Classical monocytes,Classical monocytes,0.9999903776046409
TGCGGTTCATGGCCTG-1,0,Monocytes_CD14,,Classical monocytes,Classical monocytes,0.9998110093358985
TGCTAACAGATGGACA-1,0,Monocytes_CD14,,Non-classical monocytes,Classical monocytes,0.9857281478779186
TGCTAACAGCGAGTAA-1,1,CD4_T_cells,,Tcm/Naive helper T cells,Tcm/Naive helper T cells,0.9999643520267448
TGCTAACAGGCGCACT-1,3,CD4_T_cells,,Tcm/Naive cytotoxic T cells,Tcm/Naive cytotoxic T cells,0.997074727259691
TGCTAACAGTGGACAA-1,3,CD4_T_cells,,Tcm/Naive cytotoxic T cells,Tcm/Naive cytotoxic T cells,0.9999598814454361
TGCTAACAGTTATGTG-1,2,T_cells_general,,Tem/Effector helper T cells,Tem/Effector helper T cells,0.9923782009947903
TGCTAGCCAGCAAGTG-1,3,CD4_T_cells,,Tcm/Naive cytotoxic T cells,Tcm/Naive cytotoxic T cells,0.9975745094953248
TGCTAGCCATCGCTTT-1,3,CD4_T_cells,,Tcm/Naive cytotoxic T cells,Tcm/Naive cytotoxic T cells,0.9998964845495184
TGCTATGCAACCTAAT-1,3,CD4_T_cells,,Tcm/Naive cytotoxic T cells,Tcm/Naive cytotoxic T cells,0.9963257992725543
TGCTATGCAATGCGCT-1,7,Monocytes_general,,Non-classical monocytes,Non-classical monocytes,0.9999981756661822
TGCTATGCAATTTAGC-1,3,CD4_T_cells,,Tcm/Naive cytotoxic T cells,Tcm/Naive cytotoxic T cells,0.9996511678775886
TGCTATGCACGCAACT-1,4,Cytotoxic_T_NK,,Tem/Temra cytotoxic T cells,Tem/Temra cytotoxic T cells,0.9798891685964176
TGCTATGCATAGCGGA-1,0,Monocytes_CD14,,Classical monocytes,Classical monocytes,0.9714255771414139
TGCTATGCATCGCTCC-1,5,Cytotoxic_T_NK,,CD16+ NK cells,CD16+ NK cells,0.9998572787309842
TGCTATGCATCGCTTT-1,6,B_cells,,Memory B cells,Memory B cells,0.9999276796285916
TGCTATGCATGAATAG-1,2,T_cells_general,,Tem/Effector helper T cells,Tem/Effector helper T cells,0.9924812228017398
TGCTCAACAATAGTCT-1,0,Monocytes_CD14,,Classical monocytes,Classical monocytes,0.9998295542381566
TGCTCAACACAACCTA-1,2,T_cells_general,,Tcm/Naive helper T cells,Tcm/Naive helper T cells,0.999019938692003
TGCTCAACAGGATTAA-1,3,CD4_T_cells,,Tcm/Naive cytotoxic T cells,Tcm/Naive cytotoxic T cells,0.9844329837750604
TGCTCACTCAATTACG-1,6,B_cells,,Memory B cells,Memory B cells,0.9999848846532892
TGCTCACTCCCTCACG-1,9,Monocytes_general,,DC2,DC2,0.9999241175784271
TGCTCACTCCGGTATG-1,1,CD4_T_cells,,Tcm/Naive helper T cells,Tcm/Naive helper T cells,0.9979454164391566
TGCTCACTCGCTAGAT-1,6,B_cells,,Memory B cells,Memory B cells,0.9999655265475859
TGCTCCGTCTGTAAGC-1,9,Monocytes_general,,DC2,DC2,0.9685869087192162
TGCTCTCAGGTCGATT-1,0,Monocytes_CD14,,Classical monocytes,Classical monocytes,0.9950832806874392
TGCTCTCAGTGAGCAA-1,1,CD4_T_cells,,Tcm/Naive helper T cells,Tcm/Naive helper T cells,0.9718344269209565
TGCTGGATCACCATTT-1,3,CD4_T_cells,,Tcm/Naive helper T cells,Tcm/Naive helper T cells,0.9993259748938504
TGCTGGATCATGTCAA-1,1,CD4_T_cells,,Tcm/Naive helper T cells,Tcm/Naive helper T cells,0.9999889026000438
TGCTGGATCATTAGTG-1,3,CD4_T_cells,,Tcm/Naive helper T cells,Tcm/Naive cytotoxic T cells,0.19253022502135048
TGCTGGATCCACAATA-1,7,Monocytes_general,,Non-classical monocytes,Non-classical monocytes,0.9971341254397121
TGCTGGATCCCTGGAA-1,2,T_cells_general,,Tcm/Naive helper T cells,Tcm/Naive helper T cells,0.9988922988067602
TGCTGGATCCGGTATG-1,2,T_cells_general,,Tcm/Naive helper T cells,Tcm/Naive helper T cells,0.998658155142556
TGCTGGATCCTGGTGA-1,3,CD4_T_cells,,Tcm/Naive cytotoxic T cells,Tcm/Naive cytotoxic T cells,0.999524148490277
TGCTGGATCTCCTCTT-1,5,Cytotoxic_T_NK,,Regulatory T cells,CD16+ NK cells,0.9996119452958567
TGCTTAAAGACTAAGG-1,0,Monocytes_CD14,,Classical monocytes,Classical monocytes,0.9998195180867162
TGCTTAAAGAGGATAT-1,2,T_cells_general,,Tcm/Naive helper T cells,Tcm/Naive helper T cells,0.9925676807452221
TGCTTAAAGCAGGCCT-1,4,Cytotoxic_T_NK,,Tem/Temra cytotoxic T cells,Tem/Temra cytotoxic T cells,0.8033940437814069
TGCTTAAAGCGTGCAC-1,0,Monocytes_CD14,,Classical monocytes,Classical monocytes,0.9966981060003296
TGCTTAAAGCTATTAG-1,3,CD4_T_cells,,Tcm/Naive cytotoxic T cells,Tcm/Naive cytotoxic T cells,0.9999981143047376
TGCTTAAAGGACCTTG-1,0,Monocytes_CD14,,Classical monocytes,Classical monocytes,0.9988592275559758
TGCTTAAAGTATCGCG-1,1,CD4_T_cells,,Tcm/Naive helper T cells,Tcm/Naive helper T cells,0.9978214464759901
TGCTTCATCCAAACAC-1,1,CD4_T_cells,,Tcm/Naive helper T cells,Tcm/Naive helper T cells,0.9999381346555432
TGCTTCATCCATCAGG-1,9,Monocytes_general,,Classical monocytes,DC2,0.9714871357849151
TGCTTCATCGACAAAG-1,2,T_cells_general,,Tcm/Naive helper T cells,Tem/Effector helper T cells,0.9812672618268439
TGCTTCATCGCGCTAA-1,1,CD4_T_cells,,Tcm/Naive helper T cells,Regulatory T cells,0.9992876414011385
TGCTTCCAGACAACAG-1,6,B_cells,,Naive B cells,Memory B cells,0.999999283906512
TGCTTCCAGCAGCTAT-1,2,T_cells_general,,MAIT cells,Tcm/Naive helper T cells,0.8777062190670499
TGCTTCCAGCTGTAAC-1,0,Monocytes_CD14,,Classical monocytes,Classical monocytes,0.9977095656063684
TGCTTCCAGGACAACA-1,1,CD4_T_cells,,Tcm/Naive helper T cells,Tcm/Naive helper T cells,0.9824394623282965
TGCTTCCAGGGTGGAT-1,5,Cytotoxic_T_NK,,CD16+ NK cells,CD16+ NK cells,0.939647720886282
TGCTTCCAGTAACCCG-1,0,Monocytes_CD14,,Classical monocytes,Classical monocytes,0.999885525550621
TGCTTCCAGTTATCTC-1,3,CD4_T_cells,,Tcm/Naive cytotoxic T cells,Tcm/Naive cytotoxic T cells,0.5810806046089675
TGCTTGCTCAATCTCT-1,0,Monocytes_CD14,,Classical monocytes,Classical monocytes,0.999399893992607
TGCTTGCTCACCGGTA-1,10,Cytotoxic_T_NK,,MAIT cells,MAIT cells,0.999770815934664
TGCTTGCTCAGCACGC-1,1,CD4_T_cells,,Naive B cells,Tcm/Naive helper T cells,0.7111461772500263
TGCTTGCTCATCCTCA-1,0,Monocytes_CD14,,Non-classical monocytes,Classical monocytes,0.9993586655242124
TGCTTGCTCATGAGCT-1,8,B_cells,,Naive B cells,Naive B cells,0.9999924712262911
TGCTTGCTCCCGAACA-1,2,T_cells_general,,Type 17 helper T cells,Tem/Effector helper T cells,0.16384918683076247
TGCTTGCTCCTGGCTT-1,2,T_cells_general,,Tcm/Naive helper T cells,Tcm/Naive helper T cells,0.9739315701560141
TGCTTGCTCTAAGTGC-1,0,Monocytes_CD14,,Classical monocytes,Classical monocytes,0.9994712207860301
TGCTTGTGTAGCAGCT-1,0,Monocytes_CD14,,Classical monocytes,Classical monocytes,0.9993128076377258
TGCTTGTGTAGGTTGC-1,3,CD4_T_cells,,Tcm/Naive helper T cells,Tcm/Naive cytotoxic T cells,0.9884885126581807
TGCTTGTGTCGCGCAA-1,0,Monocytes_CD14,,Classical monocytes,Classical monocytes,0.9999985071099989
TGCTTGTGTGACATAT-1,3,CD4_T_cells,,Tcm/Naive cytotoxic T cells,Tcm/Naive cytotoxic T cells,0.9987042114302015
TGCTTGTGTGGCTTCC-1,2,T_cells_general,,Tem/Effector helper T cells,Tem/Effector helper T cells,0.9505164354477506
TGCTTGTGTGTTGCAA-1,3,CD4_T_cells,,Tcm/Naive cytotoxic T cells,Tcm/Naive cytotoxic T cells,0.9999827574917141
TGCTTTAGTACGCGCA-1,1,CD4_T_cells,,Tcm/Naive helper T cells,Tcm/Naive helper T cells,0.9936730283523929
TGCTTTAGTGGTTCTT-1,3,CD4_T_cells,,Tcm/Naive cytotoxic T cells,Tcm/Naive cytotoxic T cells,0.999260234795986
TGCTTTAGTTGCGGAT-1,2,T_cells_general,,Tcm/Naive helper T cells,Tem/Effector helper T cells,0.3293894323674722
TGGAACAAGACAGGTA-1,5,Cytotoxic_T_NK,,CD16+ NK cells,CD16+ NK cells,0.9997226925511037
TGGAACAAGCAAACCT-1,0,Monocytes_CD14,,Classical monocytes,Classical monocytes,0.6260489555797846
TGGAACAAGCTAGAAG-1,8,B_cells,,Naive B cells,Naive B cells,0.9999982074879267
TGGACAAAGCTTAGCG-1,4,Cytotoxic_T_NK,,Tem/Temra cytotoxic T cells,Tem/Temra cytotoxic T cells,0.9972455377075503
TGGACAAAGGCATGTT-1,11,pDC,,pDC,pDC,0.9999999977598601
TGGACAAAGGCGAATA-1,3,CD4_T_cells,,Tcm/Naive cytotoxic T cells,Tcm/Naive cytotoxic T cells,0.9999126205328374
TGGACAAAGGCGCTAC-1,1,CD4_T_cells,,Tcm/Naive helper T cells,Tcm/Naive helper T cells,0.9949179527266877
TGGACAAAGTTCCCGT-1,3,CD4_T_cells,,Tcm/Naive cytotoxic T cells,Tcm/Naive cytotoxic T cells,0.9465813454319572
TGGACCGGTCAAACTG-1,3,CD4_T_cells,,Tcm/Naive cytotoxic T cells,Tcm/Naive cytotoxic T cells,0.7965973192844955
TGGACCGGTGGAAGGC-1,1,CD4_T_cells,,Tcm/Naive helper T cells,Tcm/Naive helper T cells,0.9944021948827227
TGGACCGGTGTAATAC-1,0,Monocytes_CD14,,Classical monocytes,Classical monocytes,0.9999994883967174
TGGACCGGTGTTGTAG-1,4,Cytotoxic_T_NK,,Tem/Temra cytotoxic T cells,Tem/Temra cytotoxic T cells,0.8924839490384631
TGGACGGAGAATGACG-1,0,Monocytes_CD14,,Classical monocytes,Classical monocytes,0.9821728499368837
TGGACGGAGCTTGCTC-1,3,CD4_T_cells,,Tcm/Naive helper T cells,Tcm/Naive cytotoxic T cells,0.976180144181954
TGGACGGAGGCCGGAA-1,6,B_cells,,Memory B cells,Memory B cells,0.9999912186504234
TGGACGGAGGCGAAAC-1,3,CD4_T_cells,,Tcm/Naive cytotoxic T cells,Tcm/Naive cytotoxic T cells,0.9967244850201015
TGGACGGAGGCGCATC-1,1,CD4_T_cells,,Tcm/Naive helper T cells,Tcm/Naive helper T cells,0.9927664239756563
TGGACGGAGTGGACAA-1,1,CD4_T_cells,,Tcm/Naive helper T cells,Tcm/Naive helper T cells,0.9998794783990222
TGGACTAGTAATCGTG-1,2,T_cells_general,,Tcm/Naive helper T cells,Tcm/Naive helper T cells,0.4802135941482931
TGGACTAGTAATGACT-1,1,CD4_T_cells,,Tcm/Naive helper T cells,Tcm/Naive helper T cells,0.9996870220662152
TGGACTAGTACCGAAC-1,3,CD4_T_cells,,Tcm/Naive cytotoxic T cells,Tcm/Naive cytotoxic T cells,0.9667569813935989
TGGACTAGTTGTAAAC-1,3,CD4_T_cells,,Tcm/Naive cytotoxic T cells,Tcm/Naive cytotoxic T cells,0.9983338583366177
TGGATTCAGAGAAGGG-1,4,Cytotoxic_T_NK,,Tem/Trm cytotoxic T cells,Tem/Temra cytotoxic T cells,0.06039734324475054
TGGATTCAGCAAACCT-1,4,Cytotoxic_T_NK,,Tem/Temra cytotoxic T cells,Tem/Temra cytotoxic T cells,0.9894128307115918
TGGATTCAGCGCTAAT-1,2,T_cells_general,,Tem/Effector helper T cells,Tem/Effector helper T cells,0.9995187259705844
TGGATTCAGGAACGGT-1,1,CD4_T_cells,,Tcm/Naive helper T cells,Tcm/Naive helper T cells,0.9999833766274634
TGGATTCAGGACAATG-1,8,B_cells,,Naive B cells,Naive B cells,0.9999899421373645
TGGATTCAGGATTGAG-1,3,CD4_T_cells,,Tcm/Naive helper T cells,Tcm/Naive cytotoxic T cells,0.9829229480494998
TGGATTCAGGGCTTTG-1,0,Monocytes_CD14,,Classical monocytes,Classical monocytes,0.36376962296722176
TGGATTCAGGTCATTA-1,0,Monocytes_CD14,,Classical monocytes,Classical monocytes,0.6180096673247326
TGGATTCAGTCATGCG-1,11,pDC,,pDC,pDC,0.999999993282912
TGGATTGGTACAATGT-1,7,Monocytes_general,,Non-classical monocytes,Non-classical monocytes,0.9999983908031216
TGGATTGGTACCGTAA-1,4,Cytotoxic_T_NK,,Tem/Temra cytotoxic T cells,Tem/Temra cytotoxic T cells,0.5376057565754953
TGGATTGGTCAAAGAA-1,1,CD4_T_cells,,Tcm/Naive helper T cells,Tcm/Naive cytotoxic T cells,0.9979174139412486
TGGATTGGTGGCTTCC-1,5,Cytotoxic_T_NK,,CD16- NK cells,CD16+ NK cells,0.39869719208660676
TGGATTGGTGGTGAGA-1,7,Monocytes_general,,Non-classical monocytes,Non-classical monocytes,0.9999946350612294
TGGATTGGTTGTTGTC-1,1,CD4_T_cells,,Tcm/Naive helper T cells,Tcm/Naive helper T cells,0.999948907873467
TGGATTGGTTTCCACG-1,1,CD4_T_cells,,Tcm/Naive helper T cells,Tcm/Naive helper T cells,0.9999405526837751
TGGATTGGTTTGAGGC-1,1,CD4_T_cells,,Tcm/Naive helper T cells,Tcm/Naive helper T cells,0.9995310626063637
TGGCCAATCCCTCGCA-1,10,Cytotoxic_T_NK,,MAIT cells,MAIT cells,0.9950933610341444
TGGCCAATCCCTGTTA-1,2,T_cells_general,,Regulatory T cells,Regulatory T cells,0.47071145477078413
TGGCCAATCCTGGTGA-1,9,Monocytes_general,,DC2,DC2,0.9671219511045912
TGGCCAATCTAATCAG-1,0,Monocytes_CD14,,Classical monocytes,Classical monocytes,0.980961133858436
TGGCCATCAAATATCC-1,0,Monocytes_CD14,,Classical monocytes,Classical monocytes,0.9639728088811623
TGGCCATCACCGGCTA-1,2,T_cells_general,,Tem/Effector helper T cells,Tem/Effector helper T cells,0.9988277401523883
TGGCCATCACCTGGTG-1,2,T_cells_general,,Type 17 helper T cells,Tem/Effector helper T cells,0.18320528325971525
TGGCCATCAGAAACGT-1,4,Cytotoxic_T_NK,,Tem/Temra cytotoxic T cells,Tem/Temra cytotoxic T cells,0.9484867069466918
TGGCCATCAGGTATTT-1,1,CD4_T_cells,,Tcm/Naive helper T cells,Tcm/Naive helper T cells,0.9527556291311694
TGGCCATCATCGTTCT-1,2,T_cells_general,,Tem/Effector helper T cells,Tcm/Naive helper T cells,0.7641447293252355
TGGCCATCATGCAACC-1,7,Monocytes_general,,Non-classical monocytes,Non-classical monocytes,0.9997472720550657
TGGCCATCATGTTGGC-1,1,CD4_T_cells,,Tcm/Naive helper T cells,Tcm/Naive helper T cells,0.9999992825628252
TGGCCATCATGTTTGG-1,8,B_cells,,Naive B cells,Naive B cells,0.9999999997738285
TGGCCTGCAAGTCGCT-1,3,CD4_T_cells,,Tcm/Naive helper T cells,Tcm/Naive helper T cells,0.9779764986271697
TGGCCTGCAATATACC-1,1,CD4_T_cells,,Tcm/Naive helper T cells,Tcm/Naive helper T cells,0.957122539404736
TGGCCTGCAGAATGAC-1,0,Monocytes_CD14,,Classical monocytes,Classical monocytes,0.9853597470856099
TGGCCTGCAGGCTGTT-1,3,CD4_T_cells,,Tcm/Naive cytotoxic T cells,Tcm/Naive cytotoxic T cells,0.942427712337803
TGGCCTTTCCCGAACA-1,0,Monocytes_CD14,,Classical monocytes,Classical monocytes,0.9507208863615443
TGGCCTTTCGCATTAA-1,1,CD4_T_cells,,Tcm/Naive helper T cells,Tcm/Naive helper T cells,0.9274230065703362
TGGCCTTTCTACTAAG-1,1,CD4_T_cells,,Tcm/Naive helper T cells,Tcm/Naive helper T cells,0.9999960541217465
TGGCCTTTCTTGCAAA-1,6,B_cells,,Memory B cells,Memory B cells,0.994175591320284
TGGCGGTTCATTAGCA-1,0,Monocytes_CD14,,Classical monocytes,Classical monocytes,0.999719112204497
TGGCGGTTCATTTGTC-1,7,Monocytes_general,,Non-classical monocytes,Non-classical monocytes,0.9998672654759341
TGGCGGTTCCTACCTA-1,5,Cytotoxic_T_NK,,CD16+ NK cells,CD16+ NK cells,0.9949163092240333
TGGCGGTTCCTTGCAC-1,0,Monocytes_CD14,,Classical monocytes,Classical monocytes,0.9999030182679933
TGGCGGTTCTTGCAAA-1,7,Monocytes_general,,Non-classical monocytes,Non-classical monocytes,0.9350374002440677
TGGCTAAGTCAATAGT-1,3,CD4_T_cells,,Tcm/Naive cytotoxic T cells,Tcm/Naive cytotoxic T cells,0.8585548717153766
TGGCTAAGTGAGAAAC-1,1,CD4_T_cells,,Tcm/Naive helper T cells,Tcm/Naive helper T cells,0.9999197433986917
TGGCTAAGTTAGACCA-1,0,Monocytes_CD14,,Classical monocytes,Classical monocytes,0.995610872290828
TGGCTAAGTTAGGTTG-1,0,Monocytes_CD14,,Classical monocytes,Classical monocytes,0.9999272920921034
TGGCTAAGTTATTGCC-1,1,CD4_T_cells,,Tcm/Naive helper T cells,Tcm/Naive helper T cells,0.9991105946962373
TGGCTATAGAACCTAC-1,0,Monocytes_CD14,,Classical monocytes,Classical monocytes,0.9997781701204339
TGGCTATAGCCTCTCG-1,1,CD4_T_cells,,Tcm/Naive helper T cells,Tcm/Naive helper T cells,0.999235219595305
TGGCTATAGGAGGACT-1,7,Monocytes_general,,Non-classical monocytes,Non-classical monocytes,0.9998785753152558
TGGCTATAGGCAAGTA-1,1,CD4_T_cells,,Tcm/Naive helper T cells,Tcm/Naive helper T cells,0.9999993474530958
TGGCTATAGGCTATGT-1,3,CD4_T_cells,,Tcm/Naive helper T cells,Tcm/Naive cytotoxic T cells,0.8711243268888648
TGGCTATAGGGATGCG-1,4,Cytotoxic_T_NK,,Tem/Temra cytotoxic T cells,Tem/Temra cytotoxic T cells,0.9931494083856779
TGGCTATAGGGCCATC-1,4,Cytotoxic_T_NK,,Tem/Temra cytotoxic T cells,Tem/Temra cytotoxic T cells,0.9733645940944476
TGGCTATAGGTACCGC-1,10,Cytotoxic_T_NK,,MAIT cells,MAIT cells,0.9975741614736985
TGGCTATAGGTCCAAT-1,7,Monocytes_general,,Non-classical monocytes,Non-classical monocytes,0.9944709297631827
TGGCTATAGGTCTTGG-1,0,Monocytes_CD14,,Classical monocytes,Classical monocytes,0.9992514692731075
TGGCTATAGTCACCAG-1,0,Monocytes_CD14,,Classical monocytes,Classical monocytes,0.9023297935622638
TGGCTATAGTCGCAAT-1,0,Monocytes_CD14,,Classical monocytes,Classical monocytes,0.9991106369887464
TGGCTATAGTTGCGTG-1,4,Cytotoxic_T_NK,,Tem/Temra cytotoxic T cells,Tem/Trm cytotoxic T cells,0.2882637852831012
TGGCTATAGTTTAACG-1,3,CD4_T_cells,,Tcm/Naive helper T cells,Tcm/Naive cytotoxic T cells,0.9999800174972393
TGGCTTTGTAACCAGC-1,4,Cytotoxic_T_NK,,Tcm/Naive helper T cells,Tem/Trm cytotoxic T cells,0.9811973327991309
TGGCTTTGTCACGAAC-1,0,Monocytes_CD14,,Classical monocytes,Classical monocytes,0.9854249424345813
TGGCTTTGTCCGGTTC-1,3,CD4_T_cells,,Tcm/Naive cytotoxic T cells,Tcm/Naive cytotoxic T cells,0.998770818411357
TGGCTTTGTGAGAAAC-1,4,Cytotoxic_T_NK,,Tem/Temra cytotoxic T cells,Tem/Temra cytotoxic T cells,0.9986963011612391
TGGCTTTGTTGCAATG-1,8,B_cells,,Naive B cells,Naive B cells,0.9999999999494029
TGGCTTTGTTTCGCCA-1,2,T_cells_general,,Tcm/Naive helper T cells,Tcm/Naive helper T cells,0.9972128546945973
TGGGCATGTCAAGTGC-1,2,T_cells_general,,Regulatory T cells,Regulatory T cells,0.9999999305736328
TGGGCATGTCGACTCC-1,0,Monocytes_CD14,,Classical monocytes,Classical monocytes,0.9996354553640726
TGGGCATGTCTTTATG-1,0,Monocytes_CD14,,Classical monocytes,Classical monocytes,0.9935118795421776
TGGGCATGTTAGTGAT-1,3,CD4_T_cells,,Tcm/Naive helper T cells,Tcm/Naive cytotoxic T cells,0.9990980104812024
TGGGCATGTTGGATAT-1,0,Monocytes_CD14,,Classical monocytes,Classical monocytes,0.9998932364773191
TGGGCATGTTGTCCAT-1,0,Monocytes_CD14,,Classical monocytes,Classical monocytes,0.9995808157518855
TGGGCATGTTGTTGTC-1,0,Monocytes_CD14,,Classical monocytes,Classical monocytes,0.9999952416433968
TGGGCCTAGACTCGCA-1,3,CD4_T_cells,,Tcm/Naive cytotoxic T cells,Tcm/Naive cytotoxic T cells,0.9977674383894444
TGGGCCTAGCAACAAG-1,3,CD4_T_cells,,Tcm/Naive cytotoxic T cells,Tcm/Naive cytotoxic T cells,0.9498541013907639
TGGGCCTAGCCTCTCG-1,0,Monocytes_CD14,,Classical monocytes,Classical monocytes,0.8249289686776258
TGGGCCTAGTCACGAT-1,0,Monocytes_CD14,,Classical monocytes,Classical monocytes,0.9802364082617637
TGGGCCTAGTCACTAA-1,1,CD4_T_cells,,Tcm/Naive helper T cells,Tcm/Naive helper T cells,0.9979340648674384
TGGTAAACACACAATT-1,0,Monocytes_CD14,,Classical monocytes,Classical monocytes,0.9898400189490539
TGGTAAACACAGGGAC-1,7,Monocytes_general,,Non-classical monocytes,Non-classical monocytes,0.9998671220329465
TGGTAAACACCTCAGG-1,0,Monocytes_CD14,,Classical monocytes,Classical monocytes,0.9998648889829043
TGGTAAACATTGCGTA-1,1,CD4_T_cells,,Tcm/Naive helper T cells,Tcm/Naive helper T cells,0.9993996533495956
TGGTCAAGTCTAACCT-1,3,CD4_T_cells,,Tcm/Naive helper T cells,Tcm/Naive cytotoxic T cells,0.9136365356102749
TGGTCAAGTGCATTTC-1,1,CD4_T_cells,,Classical monocytes,Classical monocytes,0.09950083106625889
TGGTCAAGTTCACCAT-1,10,Cytotoxic_T_NK,,MAIT cells,MAIT cells,0.9865394771523016
TGGTCAAGTTGCTTCG-1,0,Monocytes_CD14,,Classical monocytes,Classical monocytes,0.9998293229988837
TGGTCAAGTTGTTGGA-1,3,CD4_T_cells,,Tcm/Naive cytotoxic T cells,Tcm/Naive cytotoxic T cells,0.9995567010737386
TGGTCAGTCCGTGACA-1,2,T_cells_general,,Tcm/Naive helper T cells,Tcm/Naive helper T cells,0.5570083240810755
TGGTCAGTCCTGATTT-1,0,Monocytes_CD14,,Classical monocytes,Classical monocytes,0.9999978268350227
TGGTCAGTCCTTGTTG-1,0,Monocytes_CD14,,Non-classical monocytes,Classical monocytes,0.9999563758310541
TGGTCAGTCGCGACAC-1,0,Monocytes_CD14,,Classical monocytes,Classical monocytes,0.9965439018809028
TGGTCAGTCTTGCAGG-1,10,Cytotoxic_T_NK,,MAIT cells,MAIT cells,0.999930758782894
TGGTCATAGCGCTAAT-1,0,Monocytes_CD14,,Classical monocytes,Classical monocytes,0.9962739969432305
TGGTCATAGGAGGGTT-1,0,Monocytes_CD14,,Classical monocytes,Classical monocytes,0.5370001781377535
TGGTCATAGGATTGAG-1,13,Plasma_cells,,Plasma cells,Plasma cells,0.9999999842814193
TGGTCATAGTCGCAAT-1,0,Monocytes_CD14,,Classical monocytes,Classical monocytes,0.9997137042205512
TGGTCATAGTTTCCTG-1,0,Monocytes_CD14,,Classical monocytes,Classical monocytes,0.9975069497514859
TGGTCCTTCAAGCTTA-1,7,Monocytes_general,,Non-classical monocytes,Classical monocytes,0.9988483706381887
TGGTCCTTCAATGAGG-1,5,Cytotoxic_T_NK,,CD16+ NK cells,CD16+ NK cells,0.9976844060089856
TGGTCCTTCCAAGTTA-1,4,Cytotoxic_T_NK,,Tem/Trm cytotoxic T cells,Tem/Trm cytotoxic T cells,0.9972188027983931
TGGTCCTTCCTAGTCC-1,8,B_cells,,Naive B cells,Naive B cells,0.9999999996420659
TGGTCCTTCCTCAGCT-1,1,CD4_T_cells,,Tcm/Naive helper T cells,Tcm/Naive helper T cells,0.9706673572518724
TGGTCCTTCGATAACC-1,8,B_cells,,Naive B cells,Naive B cells,0.99999998420164
TGGTCCTTCGTCATTT-1,4,Cytotoxic_T_NK,,Tem/Temra cytotoxic T cells,Tem/Temra cytotoxic T cells,0.9999990857447486
TGGTGATTCAATGACC-1,5,Cytotoxic_T_NK,,CD16+ NK cells,CD16+ NK cells,0.9999948584629497
TGGTGATTCCAATAGC-1,2,T_cells_general,,Regulatory T cells,Tcm/Naive helper T cells,0.04588124857733363
TGGTGATTCCCGCAAA-1,1,CD4_T_cells,,Tcm/Naive helper T cells,Tcm/Naive helper T cells,0.9999852202674022
TGGTGCATCAAGCCTG-1,10,Cytotoxic_T_NK,,MAIT cells,MAIT cells,0.9947362806657023
TGGTGCATCAATGACC-1,2,T_cells_general,,Tem/Effector helper T cells,Tem/Effector helper T cells,0.9895216265822998
TGGTGCATCCCTGTTA-1,2,T_cells_general,,Tcm/Naive helper T cells,Tcm/Naive helper T cells,0.9971986871120347
TGGTTAATCATTAGCA-1,0,Monocytes_CD14,,Classical monocytes,Classical monocytes,0.9999999511825343
TGGTTAATCGGTCAGC-1,3,CD4_T_cells,,Tcm/Naive cytotoxic T cells,Tcm/Naive cytotoxic T cells,0.8775911072541711
TGGTTAATCTCGCCCA-1,8,B_cells,,Naive B cells,Naive B cells,0.9999999990623576
TGGTTCCTCAAGCTAC-1,1,CD4_T_cells,,Tcm/Naive helper T cells,Tcm/Naive cytotoxic T cells,0.8356899970185109
TGGTTCCTCGGTTTCC-1,3,CD4_T_cells,,Tcm/Naive cytotoxic T cells,Tcm/Naive cytotoxic T cells,0.9975115454303678
TGGTTCTGTAATCGGC-1,0,Monocytes_CD14,,Classical monocytes,Classical monocytes,0.999844375517061
TGGTTCTGTACCGGAT-1,4,Cytotoxic_T_NK,,Tem/Temra cytotoxic T cells,Tem/Temra cytotoxic T cells,0.996287200944457
TGGTTCTGTACGATTG-1,3,CD4_T_cells,,Tcm/Naive cytotoxic T cells,Tcm/Naive cytotoxic T cells,0.9995926900431543
TGGTTCTGTACTTAGG-1,4,Cytotoxic_T_NK,,Tem/Temra cytotoxic T cells,Tem/Temra cytotoxic T cells,0.9986113569675605
TGGTTCTGTCACCAAA-1,8,B_cells,,Naive B cells,Naive B cells,0.9999999983756716
TGGTTCTGTGAATCGC-1,6,B_cells,,Memory B cells,Memory B cells,0.9999741261865478
TGGTTCTGTGCTCCAC-1,1,CD4_T_cells,,Tcm/Naive helper T cells,Tcm/Naive helper T cells,0.9999864109013439
TGGTTCTGTGTGCACG-1,3,CD4_T_cells,,Tcm/Naive cytotoxic T cells,Tcm/Naive cytotoxic T cells,0.914077363312977
TGGTTCTGTTGCCTCA-1,5,Cytotoxic_T_NK,,CD16+ NK cells,CD16+ NK cells,0.9923608055090477
TGGTTCTGTTTAAAGC-1,0,Monocytes_CD14,,Classical monocytes,Classical monocytes,0.9969308654414433
TGGTTGAGTACCGAAC-1,2,T_cells_general,,Tem/Effector helper T cells,Tem/Effector helper T cells,0.935614461094193
TGGTTGAGTACGCGCA-1,4,Cytotoxic_T_NK,,Tem/Temra cytotoxic T cells,Tem/Temra cytotoxic T cells,0.9753834005952846
TGGTTGAGTGATCAGC-1,1,CD4_T_cells,,Tcm/Naive helper T cells,Tcm/Naive helper T cells,0.999933362977172
TGGTTGAGTGCAATAT-1,6,B_cells,,Memory B cells,Memory B cells,0.9999516807887974
TGGTTGAGTGCGCAAT-1,1,CD4_T_cells,,Tcm/Naive helper T cells,Tcm/Naive helper T cells,0.9995733734415453
TGGTTGAGTTACCTGT-1,1,CD4_T_cells,,Tcm/Naive helper T cells,Tcm/Naive helper T cells,0.9999525735524516
TGGTTGAGTTCACCCA-1,1,CD4_T_cells,,Tcm/Naive helper T cells,Tcm/Naive helper T cells,0.9997500720351713
TGGTTGAGTTGAGGTC-1,3,CD4_T_cells,,Tcm/Naive cytotoxic T cells,Tcm/Naive cytotoxic T cells,0.37706144812301073
TGGTTGAGTTTGAGGC-1,5,Cytotoxic_T_NK,,CD16+ NK cells,CD16+ NK cells,0.376134659098675
TGTAAAGCAAACTAAG-1,3,CD4_T_cells,,Tcm/Naive cytotoxic T cells,Tcm/Naive cytotoxic T cells,0.9995780665786428
TGTAAAGCAAGGTCCT-1,1,CD4_T_cells,,Tcm/Naive helper T cells,Tcm/Naive helper T cells,0.9437131337363484
TGTAAAGCATCCTGAA-1,1,CD4_T_cells,,Tcm/Naive helper T cells,Tcm/Naive helper T cells,0.9751285761174854
TGTAACTCAATTGCGC-1,0,Monocytes_CD14,,Classical monocytes,Classical monocytes,0.9984458604728093
TGTAACTCACACCAAC-1,1,CD4_T_cells,,Tcm/Naive helper T cells,Tcm/Naive helper T cells,0.970117354466057
TGTAACTCACTAAGAA-1,2,T_cells_general,,Tcm/Naive helper T cells,Tcm/Naive helper T cells,0.9724164483189289
TGTAACTCAGCTTAAT-1,1,CD4_T_cells,,Tcm/Naive helper T cells,Tcm/Naive helper T cells,0.9870479341828577
TGTAACTCATGTGGGA-1,8,B_cells,,Naive B cells,Naive B cells,0.9930907470267453
TGTAAGCTCAATAGCC-1,0,Monocytes_CD14,,Monocytes,Classical monocytes,0.25409826863676754
TGTAAGCTCGCACAAT-1,1,CD4_T_cells,,Tcm/Naive helper T cells,Tcm/Naive helper T cells,0.9774296150458939
TGTAAGCTCTTAGGAC-1,10,Cytotoxic_T_NK,,MAIT cells,MAIT cells,0.9914824500120341
TGTAAGTGTCATGCCC-1,3,CD4_T_cells,,Tcm/Naive cytotoxic T cells,Tcm/Naive cytotoxic T cells,0.8687418752961172
TGTAAGTGTTCATCTA-1,0,Monocytes_CD14,,Classical monocytes,Classical monocytes,0.9994480440788837
TGTAAGTGTTGAGCCG-1,3,CD4_T_cells,,Tcm/Naive helper T cells,Tcm/Naive helper T cells,0.9981173415217066
TGTAATGTCCCGTTAC-1,0,Monocytes_CD14,,Classical monocytes,Classical monocytes,0.9928053301492084
TGTAATGTCCTCACAC-1,2,T_cells_general,,Tem/Effector helper T cells,Tcm/Naive helper T cells,0.43977380173475067
TGTAATGTCCTGGTGA-1,4,Cytotoxic_T_NK,,Tem/Trm cytotoxic T cells,Tem/Trm cytotoxic T cells,0.999664219774173
TGTAATGTCGGCTATG-1,1,CD4_T_cells,,Tcm/Naive helper T cells,Tcm/Naive helper T cells,0.5785506658724536
TGTATCCGTAATCGTG-1,2,T_cells_general,,Tcm/Naive helper T cells,Tcm/Naive helper T cells,0.5975262627892045
TGTATCCGTGCTCCAC-1,1,CD4_T_cells,,Tcm/Naive helper T cells,Tcm/Naive helper T cells,0.9999866619069427
TGTATCCGTTAGCAGC-1,0,Monocytes_CD14,,Classical monocytes,Classical monocytes,0.9998276050854118
TGTATCCGTTCCAGGG-1,5,Cytotoxic_T_NK,,CD16+ NK cells,CD16+ NK cells,0.9993231198005934
TGTATCGCAAGCTAAA-1,3,CD4_T_cells,,Tcm/Naive cytotoxic T cells,Tcm/Naive cytotoxic T cells,0.9252368864980105
TGTATCGCAAGTAAGC-1,0,Monocytes_CD14,,Classical monocytes,Classical monocytes,0.9999569565427737
TGTATCGCACTGACTA-1,0,Monocytes_CD14,,Classical monocytes,Classical monocytes,0.9996428127239566
TGTATCGCATATTGAC-1,7,Monocytes_general,,Non-classical monocytes,Non-classical monocytes,0.9999994616022952
TGTATCGCATGATTGT-1,0,Monocytes_CD14,,Classical monocytes,Classical monocytes,0.8398770245786564
TGTCAATCACGTGCTG-1,3,CD4_T_cells,,Tcm/Naive cytotoxic T cells,Tcm/Naive cytotoxic T cells,0.9999995700040519
TGTCAATCACTGGCTG-1,2,T_cells_general,,Tem/Effector helper T cells,Tem/Effector helper T cells,0.2826178903391094
TGTCAATCATTTGCTC-1,1,CD4_T_cells,,Tcm/Naive helper T cells,Tcm/Naive helper T cells,0.9938576063920488
TGTCAGTAGCATGACT-1,0,Monocytes_CD14,,Classical monocytes,Classical monocytes,0.9993786134079371
TGTCAGTAGCCTTAAA-1,0,Monocytes_CD14,,Classical monocytes,Classical monocytes,0.9999065399759065
TGTCAGTAGGACCAGG-1,2,T_cells_general,,Tcm/Naive helper T cells,Tcm/Naive helper T cells,0.5127909774853773
TGTCAGTAGGAGGTTA-1,3,CD4_T_cells,,Tcm/Naive cytotoxic T cells,Tcm/Naive cytotoxic T cells,0.9121785320349094
TGTCAGTAGGCGGGTA-1,3,CD4_T_cells,,Tcm/Naive cytotoxic T cells,Tcm/Naive cytotoxic T cells,0.9995472254231876
TGTCAGTAGGCTAATC-1,7,Monocytes_general,,Non-classical monocytes,Non-classical monocytes,0.9971355554707716
TGTCAGTAGGTCCTAG-1,2,T_cells_general,,Tem/Temra cytotoxic T cells,Tcm/Naive helper T cells,0.9743973726705952
TGTCATAAGCAAACCT-1,5,Cytotoxic_T_NK,,CD16+ NK cells,CD16+ NK cells,0.9995536552569326
TGTCATAAGCCTGGTA-1,5,Cytotoxic_T_NK,,CD16+ NK cells,CD16+ NK cells,0.0266077822072271
TGTCATAAGCGAGTAA-1,1,CD4_T_cells,,Tcm/Naive helper T cells,Tcm/Naive helper T cells,0.9998843699917848
TGTCATAAGGTATTGC-1,0,Monocytes_CD14,,Classical monocytes,Classical monocytes,0.9966966495009421
TGTCCTGGTCATCAAG-1,4,Cytotoxic_T_NK,,Tem/Trm cytotoxic T cells,Tem/Trm cytotoxic T cells,0.7574769767800529
TGTCCTGGTGTTAAAC-1,2,T_cells_general,,Tcm/Naive helper T cells,Tem/Effector helper T cells,0.42875991045451456
TGTCCTTCACACCAAC-1,3,CD4_T_cells,,Tcm/Naive helper T cells,Tcm/Naive cytotoxic T cells,0.9994157153871991
TGTCCTTCAGCATGGA-1,3,CD4_T_cells,,Tcm/Naive helper T cells,Tcm/Naive helper T cells,0.5146941140959729
TGTCCTTCATTAAGTC-1,1,CD4_T_cells,,Tcm/Naive helper T cells,Tcm/Naive helper T cells,0.9894490815040243
TGTGAAACACAAGCCT-1,1,CD4_T_cells,,Tcm/Naive helper T cells,Tcm/Naive helper T cells,0.9999187839597813
TGTGAAACATAGGCGA-1,2,T_cells_general,,Tem/Effector helper T cells,Tem/Effector helper T cells,0.9827202414875472
TGTGATCAGCGCATTG-1,2,T_cells_general,,Tcm/Naive helper T cells,Tem/Effector helper T cells,0.9800412840198063
TGTGATCAGCTTAACA-1,2,T_cells_general,,Type 17 helper T cells,Tem/Effector helper T cells,0.8425207362311307
TGTGATCAGTCACTAA-1,2,T_cells_general,,Regulatory T cells,Regulatory T cells,0.9990651879395582
TGTGATCAGTCTGGGC-1,1,CD4_T_cells,,Tcm/Naive helper T cells,Tcm/Naive helper T cells,0.9999919116479933
TGTGATCAGTGAGGGT-1,1,CD4_T_cells,,Tcm/Naive helper T cells,Tcm/Naive helper T cells,0.9993801129178767
TGTGCAAGTACGGTAC-1,0,Monocytes_CD14,,Classical monocytes,Classical monocytes,0.9999989701420217
TGTGCAAGTAGGTGTC-1,0,Monocytes_CD14,,Classical monocytes,Classical monocytes,0.9996011943107795
TGTGCAAGTCACGAAC-1,0,Monocytes_CD14,,Classical monocytes,Classical monocytes,0.9467890476276315
TGTGCAAGTCGTTATC-1,0,Monocytes_CD14,,Classical monocytes,Classical monocytes,0.9984387158225463
TGTGCAAGTCTCAGCC-1,0,Monocytes_CD14,,Classical monocytes,Classical monocytes,0.6349061462072708
TGTGCAAGTGACATGC-1,3,CD4_T_cells,,Tcm/Naive helper T cells,Tcm/Naive helper T cells,0.9943152326959218
TGTGCAAGTGACCTGG-1,3,CD4_T_cells,,Tcm/Naive cytotoxic T cells,Tcm/Naive cytotoxic T cells,0.9267737082865213
TGTGCAAGTGTTTGAG-1,3,CD4_T_cells,,Tcm/Naive cytotoxic T cells,Tcm/Naive cytotoxic T cells,0.9501104409892126
TGTGCAAGTTCGGGAT-1,2,T_cells_general,,Tem/Effector helper T cells,Tem/Effector helper T cells,0.9895097491760905
TGTGCACCAGGAACAT-1,0,Monocytes_CD14,,Classical monocytes,Classical monocytes,0.9989678458114304
TGTGCGCAGACCATAC-1,3,CD4_T_cells,,Tcm/Naive cytotoxic T cells,Tcm/Naive cytotoxic T cells,0.999996522047354
TGTGCGCAGCATTATG-1,2,T_cells_general,,Tcm/Naive helper T cells,Tem/Effector helper T cells,0.9992910911402778
TGTGCGCAGGCGGATG-1,3,CD4_T_cells,,Tcm/Naive helper T cells,Tcm/Naive helper T cells,0.9890907545473031
TGTGCGCAGGTTTGCG-1,3,CD4_T_cells,,Tcm/Naive helper T cells,Tcm/Naive cytotoxic T cells,0.7666097195973106
TGTGCGCAGTCACCTC-1,4,Cytotoxic_T_NK,,Tem/Temra cytotoxic T cells,Tem/Temra cytotoxic T cells,0.4983617043510393
TGTGCGGGTATGTGGC-1,4,Cytotoxic_T_NK,,Tem/Temra cytotoxic T cells,Tem/Temra cytotoxic T cells,0.9988187117217597
TGTGCGGGTCAAAGGG-1,2,T_cells_general,,Tcm/Naive helper T cells,Tcm/Naive helper T cells,0.6414066698662275
TGTGCGGGTCAGGCAT-1,2,T_cells_general,,Tem/Effector helper T cells,Tcm/Naive helper T cells,0.8968288720638514
TGTGCGGGTCCAAATG-1,4,Cytotoxic_T_NK,,CD16- NK cells,Tem/Trm cytotoxic T cells,0.8506646352175506
TGTGCGGGTGGATTGC-1,0,Monocytes_CD14,,Classical monocytes,Classical monocytes,0.99999823487969
TGTGCTGAGACTTACA-1,3,CD4_T_cells,,Tcm/Naive cytotoxic T cells,Tcm/Naive cytotoxic T cells,0.9981830235146318
TGTGCTGAGCAAGGAC-1,1,CD4_T_cells,,Tcm/Naive helper T cells,Tcm/Naive helper T cells,0.9993557760228762
TGTGCTGAGCGATACT-1,3,CD4_T_cells,,Tcm/Naive helper T cells,Tcm/Naive helper T cells,0.8284519939437432
TGTGCTGAGGAACACA-1,0,Monocytes_CD14,,Classical monocytes,Classical monocytes,0.9998699512982381
TGTGGAGCAACCTGGT-1,3,CD4_T_cells,,Tcm/Naive cytotoxic T cells,Tcm/Naive cytotoxic T cells,0.9999241093116511
TGTGGAGCAATGAAGC-1,8,B_cells,,Naive B cells,Naive B cells,0.9980041785871546
TGTGGAGCACAGAAAC-1,3,CD4_T_cells,,Tcm/Naive cytotoxic T cells,Tcm/Naive cytotoxic T cells,0.9985178637308828
TGTGGAGCACCGGCTA-1,2,T_cells_general,,Tcm/Naive helper T cells,Tcm/Naive helper T cells,0.9959321500863586
TGTGGAGCATTCCTCG-1,5,Cytotoxic_T_NK,,CD16+ NK cells,CD16+ NK cells,0.9974522248619582
TGTGGAGCATTTGCTC-1,2,T_cells_general,,Tcm/Naive helper T cells,Tcm/Naive helper T cells,0.9684000985006889
TGTGGCCAGAATCTCA-1,1,CD4_T_cells,,Tcm/Naive helper T cells,Tcm/Naive helper T cells,0.9994917759754252
TGTGGCCAGGATTGCT-1,3,CD4_T_cells,,Tcm/Naive helper T cells,Tcm/Naive helper T cells,0.9427298966196882
TGTGGCGGTACCCACC-1,4,Cytotoxic_T_NK,,Tem/Trm cytotoxic T cells,Tem/Trm cytotoxic T cells,0.05544426495200929
TGTGGCGGTACTTCAC-1,5,Cytotoxic_T_NK,,CD16+ NK cells,CD16+ NK cells,0.9973196444566316
TGTGGCGGTTTGAGGC-1,0,Monocytes_CD14,,Classical monocytes,Classical monocytes,0.7921109350786474
TGTGGCTCATACTCCT-1,3,CD4_T_cells,,Tcm/Naive cytotoxic T cells,Tcm/Naive cytotoxic T cells,0.9971504850684736
TGTGGCTCATTCCTCG-1,4,Cytotoxic_T_NK,,Tem/Temra cytotoxic T cells,Tem/Temra cytotoxic T cells,0.9999428728283815
TGTGTGAGTAACGAGG-1,0,Monocytes_CD14,,Classical monocytes,Classical monocytes,0.9831461267609287
TGTGTGAGTAATAGCT-1,0,Monocytes_CD14,,Classical monocytes,Classical monocytes,0.9998627203028547
TGTGTGAGTACTTCAC-1,0,Monocytes_CD14,,Classical monocytes,Classical monocytes,0.9999299071927171
TGTGTGAGTCCAAGAC-1,0,Monocytes_CD14,,Classical monocytes,Classical monocytes,0.5085716277611259
TGTGTGAGTTCCAGGG-1,1,CD4_T_cells,,Tcm/Naive helper T cells,Tcm/Naive helper T cells,0.8174082515121668
TGTGTGAGTTCCTGAT-1,3,CD4_T_cells,,Tcm/Naive cytotoxic T cells,Tcm/Naive cytotoxic T cells,0.946119234343051
TGTGTTAAGACACTTA-1,5,Cytotoxic_T_NK,,CD16+ NK cells,CD16+ NK cells,0.3752180926477473
TGTGTTAAGCCTGGTA-1,3,CD4_T_cells,,Tcm/Naive cytotoxic T cells,Tcm/Naive helper T cells,0.9818320626220737
TGTGTTAAGCGCCTTT-1,7,Monocytes_general,,Non-classical monocytes,Non-classical monocytes,0.9999753653148241
TGTGTTAAGCTATGAC-1,2,T_cells_general,,Tcm/Naive helper T cells,Tcm/Naive helper T cells,0.7465803704129714
TGTGTTAAGGCGGGTA-1,1,CD4_T_cells,,Tcm/Naive helper T cells,Tcm/Naive helper T cells,0.24917191263116115
TGTGTTAAGGCTGTGC-1,6,B_cells,,Memory B cells,Memory B cells,0.8590612777758483
TGTGTTAAGTTAGACC-1,0,Monocytes_CD14,,Classical monocytes,Classical monocytes,0.999983324729274
TGTTACTTCCTTTACG-1,3,CD4_T_cells,,Tcm/Naive helper T cells,Tcm/Naive cytotoxic T cells,0.9601243960599349
TGTTACTTCGCCTAAG-1,8,B_cells,,Naive B cells,Naive B cells,0.9999938141415935
TGTTACTTCTTAATGG-1,0,Monocytes_CD14,,Classical monocytes,Classical monocytes,0.9999986611194278
TGTTAGCAGCATGAAG-1,2,T_cells_general,,Tcm/Naive helper T cells,Tcm/Naive helper T cells,0.9116647952385675
TGTTATGAGCGATACT-1,1,CD4_T_cells,,Tcm/Naive helper T cells,Tcm/Naive helper T cells,0.998099932828677
TGTTATGAGCGCAATT-1,4,Cytotoxic_T_NK,,Tem/Temra cytotoxic T cells,Tem/Temra cytotoxic T cells,0.9999998190260962
TGTTCATTCAAGCTAC-1,1,CD4_T_cells,,Tcm/Naive helper T cells,Tcm/Naive helper T cells,0.7084972020635143
TGTTCATTCAATCTCT-1,5,Cytotoxic_T_NK,,CD16- NK cells,CD16+ NK cells,0.9993918413101756
TGTTCATTCCACAATA-1,1,CD4_T_cells,,Tcm/Naive helper T cells,Tcm/Naive helper T cells,0.9650236450141868
TGTTCATTCCCGCCTA-1,3,CD4_T_cells,,ILC3,Tcm/Naive helper T cells,0.997198457859717
TGTTCATTCGCTCCAT-1,3,CD4_T_cells,,Tcm/Naive cytotoxic T cells,Tcm/Naive cytotoxic T cells,0.6924296483933713
TGTTCCTCAAATACCT-1,4,Cytotoxic_T_NK,,Tem/Temra cytotoxic T cells,Tem/Temra cytotoxic T cells,0.9888828098259996
TGTTCCTCAACCTGGT-1,1,CD4_T_cells,,Tcm/Naive helper T cells,Tcm/Naive helper T cells,0.9998878115162176
TGTTCCTCAATATGGA-1,0,Monocytes_CD14,,Classical monocytes,Classical monocytes,0.9999657592700341
TGTTCCTCAGCAAGTG-1,0,Monocytes_CD14,,Classical monocytes,Classical monocytes,0.9041191007562407
TGTTCCTCAGCCTGCA-1,4,Cytotoxic_T_NK,,Tem/Temra cytotoxic T cells,Tem/Temra cytotoxic T cells,0.9952076733260395
TGTTCCTCATAAGTTC-1,0,Monocytes_CD14,,Classical monocytes,Classical monocytes,0.9999825381764084
TGTTCCTCATACTCCT-1,8,B_cells,,Naive B cells,Naive B cells,0.9999999221506678
TGTTGCACAACTGGGA-1,5,Cytotoxic_T_NK,,CD16+ NK cells,CD16+ NK cells,0.9999710553142588
TGTTGCACAATTGAAG-1,3,CD4_T_cells,,Tcm/Naive cytotoxic T cells,Tcm/Naive cytotoxic T cells,0.9586253296310796
TGTTGCACACAAAGCG-1,0,Monocytes_CD14,,Classical monocytes,Classical monocytes,0.9970277267549275
TGTTGCACACAACAGG-1,3,CD4_T_cells,,Tcm/Naive cytotoxic T cells,Tcm/Naive cytotoxic T cells,0.9596879087581819
TGTTGCACACAACCTA-1,2,T_cells_general,,Tem/Effector helper T cells,Tem/Effector helper T cells,0.9967416190926229
TGTTGCACACACTAAT-1,4,Cytotoxic_T_NK,,Tem/Temra cytotoxic T cells,Tem/Temra cytotoxic T cells,0.7654225748335313
TGTTGCACAGTAAGTA-1,3,CD4_T_cells,,Tcm/Naive cytotoxic T cells,Tcm/Naive cytotoxic T cells,0.9999856593099425
TGTTGGCCAACAGGAT-1,0,Monocytes_CD14,,Classical monocytes,Classical monocytes,0.9648294825948481
TGTTGGCCACCATATG-1,0,Monocytes_CD14,,Classical monocytes,Classical monocytes,0.2683098320799194
TGTTGGCCACCTCAGG-1,4,Cytotoxic_T_NK,,Tem/Trm cytotoxic T cells,Tem/Trm cytotoxic T cells,0.9987454522715662
TGTTGTAAGAGGAGGA-1,4,Cytotoxic_T_NK,,Tem/Temra cytotoxic T cells,Tem/Temra cytotoxic T cells,0.9922241297528613
TGTTGTAAGCCTTAAA-1,2,T_cells_general,,Tem/Effector helper T cells,Tcm/Naive helper T cells,0.0830169811619571
TGTTGTAAGCTAATCA-1,2,T_cells_general,,Tcm/Naive helper T cells,Tcm/Naive helper T cells,0.9911541556758575
TGTTGTAAGGAGCACG-1,2,T_cells_general,,Tcm/Naive helper T cells,Tcm/Naive helper T cells,0.9946885056494912
TGTTGTGCAAGTGTTT-1,1,CD4_T_cells,,Tcm/Naive helper T cells,Tcm/Naive helper T cells,0.999977696759311
TGTTGTGCACACAATT-1,10,Cytotoxic_T_NK,,MAIT cells,MAIT cells,0.9995645749969776
TGTTGTTTCACGTTAA-1,1,CD4_T_cells,,Tcm/Naive helper T cells,Tcm/Naive helper T cells,0.9970536702112187
TGTTGTTTCATCACTT-1,4,Cytotoxic_T_NK,,Tem/Trm cytotoxic T cells,Tem/Trm cytotoxic T cells,0.9978782227011771
TGTTGTTTCATGCAAC-1,1,CD4_T_cells,,Tcm/Naive helper T cells,Tcm/Naive helper T cells,0.9863235152312004
TGTTGTTTCCGTCCAT-1,8,B_cells,,Naive B cells,Naive B cells,0.9999994355139414
TGTTTGTTCAATCTAG-1,0,Monocytes_CD14,,Classical monocytes,Classical monocytes,0.9995568311308259
TGTTTGTTCATTAGGC-1,6,B_cells,,Memory B cells,Memory B cells,0.9677964416663972
TGTTTGTTCATTGTTC-1,3,CD4_T_cells,,Tcm/Naive cytotoxic T cells,Tcm/Naive cytotoxic T cells,0.9984302219547101
TGTTTGTTCGCAGGCT-1,1,CD4_T_cells,,Tcm/Naive helper T cells,Tcm/Naive helper T cells,0.9999687374832618
TTAAAGGCAATTGAGA-1,7,Monocytes_general,,Non-classical monocytes,Non-classical monocytes,0.99989003584362
TTAAAGGCACGTAATT-1,8,B_cells,,Naive B cells,Naive B cells,0.9999997822282226
TTAAAGGCAGAGGGAG-1,2,T_cells_general,,Tcm/Naive helper T cells,Tcm/Naive helper T cells,0.9971184074082711
TTAAAGGCAGCTACGT-1,1,CD4_T_cells,,Tcm/Naive helper T cells,Tcm/Naive helper T cells,0.9999112706802228
TTAAAGGCAGCTTAAT-1,3,CD4_T_cells,,Tcm/Naive cytotoxic T cells,Tcm/Naive cytotoxic T cells,0.9998892457302015
TTAAAGGCATTGTCAG-1,6,B_cells,,Memory B cells,Memory B cells,0.9966694110922166
TTAACCAAGGAGCAAC-1,0,Monocytes_CD14,,Classical monocytes,Classical monocytes,0.99999105283804
TTAACCAAGGTTACAC-1,3,CD4_T_cells,,Tcm/Naive helper T cells,Tcm/Naive cytotoxic T cells,0.731002887903589
TTAACTGAGCACTAAC-1,3,CD4_T_cells,,Tcm/Naive cytotoxic T cells,Tcm/Naive helper T cells,0.9827532122036255
TTAACTGAGCAGCTCA-1,8,B_cells,,Naive B cells,Naive B cells,0.9999996855942259
TTAACTGAGCCGCAGT-1,3,CD4_T_cells,,Tcm/Naive cytotoxic T cells,Tcm/Naive cytotoxic T cells,0.9995846861567812
TTAACTGAGCCGCTAA-1,4,Cytotoxic_T_NK,,MAIT cells,Tem/Temra cytotoxic T cells,0.6458316288518698
TTAACTGAGCGTGCAC-1,2,T_cells_general,,Tem/Effector helper T cells,Tcm/Naive helper T cells,0.34754318370252846
TTAACTGAGGATGATG-1,2,T_cells_general,,Tcm/Naive helper T cells,Tcm/Naive helper T cells,0.9727963053536977
TTAACTGAGGGACGCA-1,0,Monocytes_CD14,,Classical monocytes,Classical monocytes,0.9979715794722184
TTAACTGAGTAACTCA-1,1,CD4_T_cells,,Tcm/Naive helper T cells,Tcm/Naive helper T cells,0.9982622120591959
TTAACTGAGTGAGAGC-1,6,B_cells,,Naive B cells,Memory B cells,0.9925688445452575
TTAAGCCAGCACAGCC-1,4,Cytotoxic_T_NK,,Tem/Trm cytotoxic T cells,Tem/Trm cytotoxic T cells,0.9768236164424265
TTAAGCCAGGCGCACT-1,1,CD4_T_cells,,Tcm/Naive helper T cells,Tcm/Naive helper T cells,0.9936272175772032
TTAAGCCAGGCGGATG-1,2,T_cells_general,,Tcm/Naive helper T cells,Tcm/Naive helper T cells,0.9313196127677617
TTAAGCCAGGGATGCG-1,4,Cytotoxic_T_NK,,Tem/Temra cytotoxic T cells,Tem/Temra cytotoxic T cells,0.9959601557560744
TTAAGGACAAGGCCAA-1,5,Cytotoxic_T_NK,,CD16+ NK cells,CD16+ NK cells,0.980670108521603
TTAAGGACACCTATAG-1,1,CD4_T_cells,,Tcm/Naive helper T cells,Tcm/Naive helper T cells,0.9922420906494714
TTAAGGACACTAAATC-1,10,Cytotoxic_T_NK,,MAIT cells,MAIT cells,0.9863861898440973
TTAAGGACATGATTGT-1,3,CD4_T_cells,,Tcm/Naive cytotoxic T cells,Tcm/Naive cytotoxic T cells,0.9980660336794352
TTAAGGTGTACCCACC-1,4,Cytotoxic_T_NK,,Tem/Temra cytotoxic T cells,Tem/Temra cytotoxic T cells,0.9957902312978631
TTAAGGTGTTGTAAAC-1,0,Monocytes_CD14,,Classical monocytes,Classical monocytes,0.9999980688915915
TTAAGTGTCAGCACGC-1,5,Cytotoxic_T_NK,,CD16+ NK cells,CD16+ NK cells,0.9986314611451068
TTAAGTGTCAGGCCTA-1,6,B_cells,,Memory B cells,Memory B cells,0.9866807096830209
TTAAGTGTCCCGTTGT-1,0,Monocytes_CD14,,Classical monocytes,Classical monocytes,0.9875194530962772
TTAAGTGTCTCTAGCC-1,3,CD4_T_cells,,Tcm/Naive cytotoxic T cells,Tcm/Naive cytotoxic T cells,0.898471830307994
TTAATCGAGACACCGC-1,5,Cytotoxic_T_NK,,CD16+ NK cells,CD16+ NK cells,0.9980701157402078
TTAATCGAGCGATAAG-1,5,Cytotoxic_T_NK,,CD16+ NK cells,CD16+ NK cells,0.997367395689967
TTAATCGAGCTATATG-1,2,T_cells_general,,Tcm/Naive helper T cells,Tcm/Naive helper T cells,0.9946026049502343
TTAATCGAGTGAGGGT-1,0,Monocytes_CD14,,Classical monocytes,Classical monocytes,0.9720859075163623
TTACACCGTAAGGTCC-1,0,Monocytes_CD14,,Classical monocytes,Classical monocytes,0.9999498771430184
TTACACCGTACCGTAA-1,8,B_cells,,Naive B cells,Naive B cells,0.999999945693356
TTACACCGTACTAAAC-1,3,CD4_T_cells,,Tcm/Naive cytotoxic T cells,Tcm/Naive cytotoxic T cells,0.9912982697335647
TTACACCGTGTAACCA-1,2,T_cells_general,,Tem/Effector helper T cells,Tcm/Naive helper T cells,0.9023247714309873
TTACACCGTTACTAGG-1,1,CD4_T_cells,,Tcm/Naive helper T cells,Tcm/Naive helper T cells,0.9989077593438034
TTACAGCAGCATTATG-1,0,Monocytes_CD14,,Classical monocytes,Classical monocytes,0.9989627339144681
TTACAGCAGCCTGGTA-1,1,CD4_T_cells,,Tcm/Naive helper T cells,Tcm/Naive helper T cells,0.9999775522557383
TTACAGCAGGGTGAGT-1,4,Cytotoxic_T_NK,,Tem/Trm cytotoxic T cells,Tem/Trm cytotoxic T cells,0.9263893892465234
TTACAGCAGGTTAGCT-1,2,T_cells_general,,Tcm/Naive helper T cells,Tcm/Naive helper T cells,0.6942700937659387
TTACCGTGTACCGTAA-1,2,T_cells_general,,Tcm/Naive helper T cells,Tem/Effector helper T cells,0.950311946010866
TTACCGTGTATTGCAG-1,4,Cytotoxic_T_NK,,Tem/Trm cytotoxic T cells,Tem/Trm cytotoxic T cells,0.4715906158548103
TTACCGTGTTGCGGAT-1,2,T_cells_general,,Tem/Trm cytotoxic T cells,Tem/Effector helper T cells,0.814655318008348
TTACCTGTCAGTTCCC-1,1,CD4_T_cells,,Tcm/Naive helper T cells,Tcm/Naive helper T cells,0.9999975442639045
TTACCTGTCCGTGACA-1,8,B_cells,,Naive B cells,Naive B cells,0.9999999998164959
TTACCTGTCCTAAGGT-1,2,T_cells_general,,Tcm/Naive helper T cells,Regulatory T cells,0.14237683028216783
TTACCTGTCCTTCAAT-1,2,T_cells_general,,Tcm/Naive helper T cells,Tcm/Naive helper T cells,0.19660157197429884
TTACGTTTCCTCAGCT-1,2,T_cells_general,,Tcm/Naive helper T cells,Tcm/Naive helper T cells,0.5990975979670539
TTACGTTTCCTCGATC-1,0,Monocytes_CD14,,Classical monocytes,Classical monocytes,0.9801166665232237
TTACGTTTCGTAACGT-1,0,Monocytes_CD14,,Classical monocytes,Classical monocytes,0.9970878056341059
TTAGAAGCAAGATTCT-1,5,Cytotoxic_T_NK,,CD16+ NK cells,CD16+ NK cells,0.9999555655743009
TTAGAAGCAAGTCGCT-1,0,Monocytes_CD14,,Classical monocytes,Classical monocytes,0.9997997163340815
TTAGAAGCACAAACTT-1,5,Cytotoxic_T_NK,,CD16+ NK cells,CD16+ NK cells,0.9886760635769742
TTAGAAGCAGGATGGC-1,6,B_cells,,Memory B cells,Memory B cells,0.9980420019619769
TTAGACTCACGTGCTG-1,4,Cytotoxic_T_NK,,Tem/Trm cytotoxic T cells,Tem/Trm cytotoxic T cells,0.9962777932355396
TTAGACTCACTTACAG-1,3,CD4_T_cells,,Tcm/Naive helper T cells,Tcm/Naive helper T cells,0.9390564156941099
TTAGACTCATCAATCG-1,1,CD4_T_cells,,Tcm/Naive helper T cells,Tcm/Naive helper T cells,0.9998447054543282
TTAGACTCATGCATAT-1,5,Cytotoxic_T_NK,,CD16+ NK cells,CD16+ NK cells,0.9893642414890563
TTAGACTCATTGGGAG-1,1,CD4_T_cells,,Tcm/Naive helper T cells,Tcm/Naive helper T cells,0.9999981063994966
TTAGACTCATTTAAGC-1,2,T_cells_general,,Tem/Effector helper T cells,Tcm/Naive helper T cells,0.9449291628724031
TTAGCAATCAAACCGT-1,2,T_cells_general,,Regulatory T cells,Tcm/Naive helper T cells,0.7275981034127594
TTAGCAATCCGGTATG-1,1,CD4_T_cells,,Tcm/Naive helper T cells,Tcm/Naive helper T cells,0.9080138779251684
TTAGCAATCCTAATGA-1,2,T_cells_general,,Tcm/Naive helper T cells,Tcm/Naive helper T cells,0.9717477146906237
TTAGCAATCGTTCACC-1,0,Monocytes_CD14,,Classical monocytes,Classical monocytes,0.9999316928361505
TTAGCAGGTGGAAGGC-1,2,T_cells_general,,Tcm/Naive helper T cells,Tcm/Naive helper T cells,0.9147012398430064
TTAGCAGGTGGATTCA-1,2,T_cells_general,,Tcm/Naive helper T cells,Tcm/Naive helper T cells,0.7767129016981624
TTAGCAGGTGGGAACA-1,5,Cytotoxic_T_NK,,CD16+ NK cells,CD16+ NK cells,0.9979325551467007
TTAGCCTGTCTAGCTT-1,3,CD4_T_cells,,Tcm/Naive cytotoxic T cells,Tcm/Naive cytotoxic T cells,0.9483519053619986
TTAGCCTGTTGCAATG-1,10,Cytotoxic_T_NK,,MAIT cells,MAIT cells,0.9999942315839861
TTAGCCTGTTTGCAGA-1,3,CD4_T_cells,,Tcm/Naive cytotoxic T cells,Tcm/Naive cytotoxic T cells,0.9997138707258619
TTAGCTGCACATACTG-1,0,Monocytes_CD14,,Classical monocytes,Classical monocytes,0.9963280913558051
TTAGCTGCACCTCACC-1,0,Monocytes_CD14,,Non-classical monocytes,Classical monocytes,0.9977987592322942
TTAGCTGCATTGTGTG-1,3,CD4_T_cells,,Tcm/Naive cytotoxic T cells,Tcm/Naive cytotoxic T cells,0.7483075557524528
TTAGGAACAAGCCAGA-1,4,Cytotoxic_T_NK,,Tem/Temra cytotoxic T cells,Tem/Temra cytotoxic T cells,0.5749799311983236
TTAGGAACAATCCTAG-1,3,CD4_T_cells,,Tcm/Naive cytotoxic T cells,Tcm/Naive cytotoxic T cells,0.9988605470921736
TTAGGAACACGAACAG-1,1,CD4_T_cells,,Tcm/Naive helper T cells,Tcm/Naive helper T cells,0.9935021166478103
TTAGGAACATAATCCG-1,7,Monocytes_general,,Non-classical monocytes,Non-classical monocytes,0.9995996239640471
TTAGGAACATATAACC-1,7,Monocytes_general,,Non-classical monocytes,Non-classical monocytes,0.9999772621936133
TTAGGAACATGCTATG-1,0,Monocytes_CD14,,Classical monocytes,Classical monocytes,0.999991557364606
TTAGGATGTACAAAGA-1,2,T_cells_general,,Tcm/Naive helper T cells,Tcm/Naive helper T cells,0.9639748236244107
TTAGGATGTCATGAGC-1,5,Cytotoxic_T_NK,,CD16+ NK cells,CD16+ NK cells,0.9991046997064265
TTAGGATGTTACGCAA-1,1,CD4_T_cells,,Tcm/Naive helper T cells,Tcm/Naive helper T cells,0.9996960908067815
TTAGGATGTTTCGCCA-1,7,Monocytes_general,,Non-classical monocytes,Non-classical monocytes,0.9979193198054118
TTAGGATGTTTGGCGG-1,3,CD4_T_cells,,Tcm/Naive cytotoxic T cells,Tcm/Naive cytotoxic T cells,0.9941766902632871
TTAGGCCCAACAGGTG-1,2,T_cells_general,,Tem/Effector helper T cells,Tcm/Naive helper T cells,0.8319587531970598
TTAGGCCCAAGTAAGC-1,9,Monocytes_general,,DC2,DC2,0.917017877822264
TTAGGCCCAATCTCTC-1,5,Cytotoxic_T_NK,,Tem/Temra cytotoxic T cells,CD16+ NK cells,0.9890462583022575
TTAGGCCCACACCAAC-1,2,T_cells_general,,Tcm/Naive helper T cells,Tcm/Naive helper T cells,0.9998195543334796
TTAGGCCCACCATATG-1,7,Monocytes_general,,Non-classical monocytes,Non-classical monocytes,0.9966139229479517
TTAGGCCCAGCAAATA-1,3,CD4_T_cells,,Tcm/Naive helper T cells,Tcm/Naive cytotoxic T cells,0.8755504378801668
TTAGGCCCAGTTAAAG-1,0,Monocytes_CD14,,Classical monocytes,Classical monocytes,0.999378948987912
TTAGGCCCATAAGGAC-1,0,Monocytes_CD14,,Classical monocytes,Classical monocytes,0.9995460473006291
TTAGGCCCATTGCGAC-1,1,CD4_T_cells,,Tcm/Naive helper T cells,Tcm/Naive helper T cells,0.980977291457151
TTAGGCGTCACCGGTA-1,0,Monocytes_CD14,,Classical monocytes,Classical monocytes,0.9327772942309254
TTAGGCGTCAGGAAGC-1,3,CD4_T_cells,,Tcm/Naive cytotoxic T cells,Tcm/Naive cytotoxic T cells,0.9989886840233629
TTAGGCGTCCGGCTAA-1,3,CD4_T_cells,,Tcm/Naive helper T cells,Tcm/Naive cytotoxic T cells,0.9661035285512324
TTAGGCGTCCTAAGAC-1,3,CD4_T_cells,,Tcm/Naive cytotoxic T cells,Tem/Trm cytotoxic T cells,0.9149098178851589
TTAGGCGTCCTGGTGA-1,11,pDC,,pDC,pDC,0.9994266775593285
TTAGGCGTCCTTCGTA-1,11,pDC,,pDC,pDC,0.9999999941469735
TTAGGCGTCGCTATAA-1,10,Cytotoxic_T_NK,,MAIT cells,MAIT cells,0.9577816494798976
TTAGGCTAGCGAGTAA-1,0,Monocytes_CD14,,Classical monocytes,Classical monocytes,0.9980558030409746
TTAGGCTAGGTCTTGG-1,0,Monocytes_CD14,,Classical monocytes,Classical monocytes,0.9726601331171255
TTAGTCAAGCCTGTTC-1,2,T_cells_general,,Tcm/Naive cytotoxic T cells,Tcm/Naive helper T cells,0.42597206104613466
TTAGTCAAGGAGGGTT-1,5,Cytotoxic_T_NK,,CD16+ NK cells,CD16+ NK cells,0.9998890175923075
TTAGTCAAGGCATTGT-1,6,B_cells,,Age-associated B cells,Age-associated B cells,0.9678038702290982
TTAGTCAAGGTGCTGC-1,0,Monocytes_CD14,,Classical monocytes,Classical monocytes,0.9999598438337959
TTAGTCAAGTATCGCG-1,2,T_cells_general,,Tem/Effector helper T cells,Tem/Effector helper T cells,0.5667840688840912
TTAGTCAAGTGTGATC-1,7,Monocytes_general,,Non-classical monocytes,Non-classical monocytes,0.9999984022769689
TTATAGCCACCCTCAC-1,1,CD4_T_cells,,Tcm/Naive helper T cells,Tcm/Naive helper T cells,0.9999469993808686
TTATAGCCACGAATCC-1,0,Monocytes_CD14,,Classical monocytes,Classical monocytes,0.9892961937807048
TTATAGCCACGGTTTA-1,1,CD4_T_cells,,Tcm/Naive helper T cells,Tcm/Naive helper T cells,0.9985993731938868
TTATAGCCAGCACGAA-1,2,T_cells_general,,Tcm/Naive helper T cells,Tcm/Naive helper T cells,0.9754210557905333
TTATAGCCAGCCTGCA-1,3,CD4_T_cells,,Tcm/Naive helper T cells,Tcm/Naive helper T cells,0.9953305214909773
TTATAGCCAGGCTTGT-1,2,T_cells_general,,Tem/Effector helper T cells,Tcm/Naive helper T cells,0.7973071426888042
TTATAGCCATGAGCAG-1,0,Monocytes_CD14,,Classical monocytes,Classical monocytes,0.9997724158637055
TTATCCGTCAGGAACA-1,4,Cytotoxic_T_NK,,Tem/Temra cytotoxic T cells,Tem/Temra cytotoxic T cells,0.8744075993147592
TTATCCGTCAGGTTTA-1,4,Cytotoxic_T_NK,,Tem/Trm cytotoxic T cells,Tem/Temra cytotoxic T cells,0.9060206783118963
TTATCCGTCATGCTAA-1,3,CD4_T_cells,,Tcm/Naive cytotoxic T cells,Tcm/Naive cytotoxic T cells,0.40538844756917913
TTATCCGTCCCATAGG-1,1,CD4_T_cells,,Tcm/Naive helper T cells,Tcm/Naive helper T cells,0.9998587291502261
TTATCCGTCCCTTGCG-1,1,CD4_T_cells,,Tcm/Naive helper T cells,Tcm/Naive helper T cells,0.9991289101957609
TTATCCGTCGCATCCT-1,7,Monocytes_general,,Non-classical monocytes,Non-classical monocytes,0.9999126958378988
TTATCCGTCGCTAGCA-1,5,Cytotoxic_T_NK,,CD16+ NK cells,CD16+ NK cells,0.9955511593635167
TTATCCGTCTCCTCAA-1,8,B_cells,,Naive B cells,Naive B cells,0.9999999999567861
TTATCCTAGGGACTAA-1,0,Monocytes_CD14,,Classical monocytes,Classical monocytes,0.9998032221909886
TTATGACCAAGTGTTT-1,0,Monocytes_CD14,,Classical monocytes,Classical monocytes,0.8161855120615621
TTATGACCACTATGGC-1,2,T_cells_general,,Tcm/Naive helper T cells,Tcm/Naive helper T cells,0.9696807616855266
TTATGACCAGCAAATA-1,5,Cytotoxic_T_NK,,CD16+ NK cells,CD16+ NK cells,0.9999997246510012
TTATGACCAGCAAGGC-1,1,CD4_T_cells,,Tcm/Naive helper T cells,Tcm/Naive helper T cells,0.9690092657133582
TTATGACCAGGCATGA-1,1,CD4_T_cells,,Tcm/Naive helper T cells,Tcm/Naive helper T cells,0.9889112306251345
TTATGACCAGTTTGTG-1,12,Stress_response,,Classical monocytes,HSC/MPP,0.006248508817267981
TTATGACCATCAGCAC-1,4,Cytotoxic_T_NK,,Tem/Trm cytotoxic T cells,Tem/Trm cytotoxic T cells,0.9970864704900132
TTATGCGCACATGCTA-1,9,Monocytes_general,,DC2,DC2,0.9831518481250261
TTATGCGCACCCTCAC-1,0,Monocytes_CD14,,Classical monocytes,Classical monocytes,0.9995584347317
TTATGCGCAGAAATGC-1,5,Cytotoxic_T_NK,,Regulatory T cells,CD16+ NK cells,0.9826531887178901
TTATTGCTCAATCATG-1,1,CD4_T_cells,,Tcm/Naive helper T cells,Tcm/Naive helper T cells,0.9698565689619892
TTATTGCTCATGCAAC-1,3,CD4_T_cells,,Tcm/Naive cytotoxic T cells,Tcm/Naive cytotoxic T cells,0.5744024143786243
TTATTGCTCATTGTTC-1,0,Monocytes_CD14,,Classical monocytes,Classical monocytes,0.999775423548
TTATTGCTCCTAAGTA-1,0,Monocytes_CD14,,Classical monocytes,Classical monocytes,0.9999960758555748
TTATTGCTCGCAAACT-1,2,T_cells_general,,Tcm/Naive helper T cells,Tem/Effector helper T cells,0.750426708334611
TTATTGCTCGCCTGTT-1,3,CD4_T_cells,,Tcm/Naive cytotoxic T cells,Tcm/Naive cytotoxic T cells,0.9997496877308418
TTATTGCTCTAAGTCA-1,8,B_cells,,Naive B cells,Naive B cells,0.9999997273393388
TTATTGCTCTTTGAGA-1,1,CD4_T_cells,,Tcm/Naive helper T cells,Tcm/Naive helper T cells,0.9988813714740827
TTCACTGTCCAAATCA-1,3,CD4_T_cells,,Tcm/Naive cytotoxic T cells,Tcm/Naive cytotoxic T cells,0.9298722980133094
TTCACTGTCCACCTGT-1,6,B_cells,,Memory B cells,Age-associated B cells,0.9626784032333731
TTCACTGTCCTCCTAA-1,4,Cytotoxic_T_NK,,Tem/Temra cytotoxic T cells,Tem/Trm cytotoxic T cells,0.44971171530919163
TTCACTGTCGCAAACT-1,2,T_cells_general,,Tem/Effector helper T cells,Tcm/Naive helper T cells,0.7968018681628593
TTCACTGTCGGCTAGC-1,2,T_cells_general,,Tcm/Naive helper T cells,Tcm/Naive helper T cells,0.6565040455093628
TTCACTGTCGTAATCA-1,5,Cytotoxic_T_NK,,CD16+ NK cells,CD16+ NK cells,0.9997844629696266
TTCACTGTCGTTTCGC-1,3,CD4_T_cells,,Tcm/Naive helper T cells,Tcm/Naive cytotoxic T cells,0.8924702308235025
TTCACTGTCTGGCTTC-1,4,Cytotoxic_T_NK,,Tem/Temra cytotoxic T cells,Tem/Temra cytotoxic T cells,0.9421912887698234
TTCAGCACACCATATG-1,2,T_cells_general,,B cells,Tem/Effector helper T cells,0.03236726309534422
TTCAGCACATAATGTC-1,0,Monocytes_CD14,,Classical monocytes,Classical monocytes,0.9998345211301531
TTCAGCACATCCATCT-1,3,CD4_T_cells,,Tcm/Naive cytotoxic T cells,Tcm/Naive cytotoxic T cells,0.9981222294711832
TTCAGCACATGAGTTT-1,2,T_cells_general,,Tcm/Naive helper T cells,Tcm/Naive helper T cells,0.9091507240824446
TTCAGGTAGACAGGCG-1,10,Cytotoxic_T_NK,,MAIT cells,MAIT cells,0.9999453777152301
TTCAGGTAGCGAGCGA-1,2,T_cells_general,,Tcm/Naive helper T cells,Tcm/Naive helper T cells,0.29040992066684973
TTCAGGTAGCTTGCTC-1,6,B_cells,,Memory B cells,Memory B cells,0.999993518261531
TTCAGGTAGGACAATG-1,3,CD4_T_cells,,Tcm/Naive cytotoxic T cells,Tcm/Naive cytotoxic T cells,0.9999814874485266
TTCAGGTAGGACCTGC-1,3,CD4_T_cells,,Tcm/Naive cytotoxic T cells,Tcm/Naive cytotoxic T cells,0.9851618479226906
TTCAGGTAGGCCAATT-1,4,Cytotoxic_T_NK,,CD16+ NK cells,Tem/Temra cytotoxic T cells,0.7950241302066785
TTCAGGTAGGCCTTAG-1,1,CD4_T_cells,,Classical monocytes,Tcm/Naive helper T cells,0.11496502637887263
TTCAGGTAGGCTTAGT-1,3,CD4_T_cells,,Tcm/Naive helper T cells,Tcm/Naive cytotoxic T cells,0.8093799681476773
TTCAGTTTCACAGGAA-1,0,Monocytes_CD14,,Classical monocytes,Classical monocytes,0.9932100786108702
TTCAGTTTCATCACTT-1,4,Cytotoxic_T_NK,,Tem/Temra cytotoxic T cells,Tem/Temra cytotoxic T cells,0.9538689733645723
TTCAGTTTCCTGAATA-1,2,T_cells_general,,Tcm/Naive helper T cells,Tem/Effector helper T cells,0.9478819291693538
TTCAGTTTCCTGGTGA-1,7,Monocytes_general,,Non-classical monocytes,Non-classical monocytes,0.9999751961214587
TTCAGTTTCGAAGCGG-1,0,Monocytes_CD14,,Classical monocytes,Classical monocytes,0.9999928942133148
TTCATCCCAAGGGTTG-1,1,CD4_T_cells,,Tcm/Naive helper T cells,Tcm/Naive helper T cells,0.983795116095998
TTCATCCCAATTAGCT-1,1,CD4_T_cells,,Tcm/Naive helper T cells,Tcm/Naive helper T cells,0.9999958722185155
TTCATCCCACGTAATT-1,2,T_cells_general,,Tem/Effector helper T cells,Tem/Effector helper T cells,0.11129986664216608
TTCATCCCAGGTTACC-1,9,Monocytes_general,,DC2,DC2,0.5145918973071821
TTCATTCAGAGGAGGA-1,3,CD4_T_cells,,Tcm/Naive cytotoxic T cells,Tcm/Naive cytotoxic T cells,0.9895449050663392
TTCATTCAGCACTAAC-1,2,T_cells_general,,Tem/Effector helper T cells,Tcm/Naive helper T cells,0.9615003185031947
TTCATTCAGCTATTAG-1,7,Monocytes_general,,Non-classical monocytes,Non-classical monocytes,0.9999789731674109
TTCATTCAGGCATTGT-1,6,B_cells,,Memory B cells,Memory B cells,0.9957140637552673
TTCATTCAGGCTGGCT-1,1,CD4_T_cells,,Tcm/Naive helper T cells,Tcm/Naive helper T cells,0.9998159967202659
TTCATTCAGTCACCTC-1,2,T_cells_general,,Tem/Effector helper T cells,Tcm/Naive helper T cells,0.9882994689592051
TTCCACGGTCAAGTGC-1,5,Cytotoxic_T_NK,,CD16+ NK cells,CD16+ NK cells,0.9918182383126959
TTCCACGGTGCTCCAC-1,1,CD4_T_cells,,Tcm/Naive helper T cells,Tcm/Naive helper T cells,0.999809175959801
TTCCACGGTGTGTGGT-1,1,CD4_T_cells,,Tcm/Naive helper T cells,Tcm/Naive helper T cells,0.9984541065986944
TTCCACGGTTAGCGTA-1,8,B_cells,,Naive B cells,Naive B cells,0.9999999959585473
TTCCCACAGCCAAATC-1,0,Monocytes_CD14,,Classical monocytes,Classical monocytes,0.9999965589322846
TTCCCACAGCTAAAGG-1,3,CD4_T_cells,,Tcm/Naive cytotoxic T cells,Tcm/Naive cytotoxic T cells,0.8861715634735138
TTCCCACAGGCATGAA-1,5,Cytotoxic_T_NK,,CD16+ NK cells,CD16+ NK cells,0.8406107365333663
TTCCCACAGTCTTGAA-1,3,CD4_T_cells,,Tcm/Naive cytotoxic T cells,Tcm/Naive helper T cells,0.994660230415296
TTCCCACAGTGGCGGA-1,1,CD4_T_cells,,Tcm/Naive helper T cells,Tcm/Naive helper T cells,0.9174999739508815
TTCCCACAGTGTGATC-1,8,B_cells,,Naive B cells,Naive B cells,0.9999999998399187
TTCCCACAGTTGGCCA-1,0,Monocytes_CD14,,Classical monocytes,Classical monocytes,0.951311685699417
TTCCCGCCAAACCTAT-1,3,CD4_T_cells,,Tcm/Naive helper T cells,Tcm/Naive helper T cells,0.7704973251409627
TTCCCGCCAAACTCAT-1,0,Monocytes_CD14,,Classical monocytes,Classical monocytes,0.9999815878422761
TTCCCGCCAAAGCTCC-1,11,pDC,,pDC,pDC,0.9999999989840846
TTCCCGCCAATAACGA-1,0,Monocytes_CD14,,Classical monocytes,Classical monocytes,0.9995221232741743
TTCCCGCCAATTTGGT-1,0,Monocytes_CD14,,Classical monocytes,Classical monocytes,0.9386036938667058
TTCCCGCCACAAACTT-1,1,CD4_T_cells,,Tcm/Naive helper T cells,Tcm/Naive helper T cells,0.9924153488831771
TTCCCGCCATGGTTAT-1,3,CD4_T_cells,,Tcm/Naive cytotoxic T cells,Tcm/Naive cytotoxic T cells,0.9749456044228563
TTCCCGCCATGTGGGA-1,0,Monocytes_CD14,,Classical monocytes,Classical monocytes,0.9999959823988641
TTCCTCAAGCACAGAA-1,0,Monocytes_CD14,,Classical monocytes,Classical monocytes,0.9997891217498895
TTCCTCAAGCTATTAG-1,2,T_cells_general,,Tcm/Naive helper T cells,Tcm/Naive helper T cells,0.9962433015114307
TTCCTCAAGGAGCACG-1,1,CD4_T_cells,,Tcm/Naive helper T cells,Tcm/Naive helper T cells,0.99060174447958
TTCCTCAAGGTTTGAC-1,1,CD4_T_cells,,Tcm/Naive helper T cells,Tcm/Naive helper T cells,0.9999422883107209
TTCCTTCTCCTAATGA-1,4,Cytotoxic_T_NK,,Tem/Temra cytotoxic T cells,Tem/Temra cytotoxic T cells,0.9998321941584302
TTCCTTCTCGGTTTCC-1,0,Monocytes_CD14,,Classical monocytes,Classical monocytes,0.9969269847362728
TTCCTTCTCTAAGTGC-1,3,CD4_T_cells,,Tcm/Naive cytotoxic T cells,Tcm/Naive cytotoxic T cells,0.9999801630807228
TTCCTTGAGCTCCTTA-1,3,CD4_T_cells,,Tcm/Naive cytotoxic T cells,Tcm/Naive cytotoxic T cells,0.9901793959427392
TTCCTTGAGTAAGGGC-1,3,CD4_T_cells,,Tcm/Naive cytotoxic T cells,Tcm/Naive cytotoxic T cells,0.9987575395951045
TTCCTTGAGTCTTGAA-1,2,T_cells_general,,Tcm/Naive helper T cells,Tem/Effector helper T cells,0.8983092001241724
TTCGCAACAATTGACT-1,2,T_cells_general,,Tcm/Naive helper T cells,Tcm/Naive helper T cells,0.9944948236236564
TTCGCAACACCATATG-1,3,CD4_T_cells,,Tcm/Naive cytotoxic T cells,Tcm/Naive cytotoxic T cells,0.9746366920190777
TTCGCAACACCTGTAA-1,1,CD4_T_cells,,Tcm/Naive helper T cells,Tcm/Naive helper T cells,0.999130323658521
TTCGCAACAGCCAGTT-1,9,Monocytes_general,,DC2,DC2,0.9456104361592022
TTCGCAACATAAGTCT-1,3,CD4_T_cells,,Tcm/Naive cytotoxic T cells,Tcm/Naive cytotoxic T cells,0.9998311968945262
TTCGGTACAAACAACA-1,0,Monocytes_CD14,,Classical monocytes,Classical monocytes,0.9999996341683458
TTCGGTACACCCACAG-1,0,Monocytes_CD14,,Classical monocytes,Classical monocytes,0.686577195465842
TTCGGTACAGGAACTG-1,0,Monocytes_CD14,,Classical monocytes,Classical monocytes,0.9999993018133336
TTCGGTACATAAGCAA-1,6,B_cells,,Memory B cells,Memory B cells,0.9999468121218985
TTCGGTACATTGCAGC-1,4,Cytotoxic_T_NK,,Tem/Temra cytotoxic T cells,Tem/Temra cytotoxic T cells,0.9854741146463653
TTCGTGCTCCCGTTGT-1,0,Monocytes_CD14,,Classical monocytes,Classical monocytes,0.9354795482494414
TTCGTGCTCCTTAATC-1,2,T_cells_general,,Tcm/Naive helper T cells,Tcm/Naive helper T cells,0.8073953410851282
TTCGTGCTCGAGCAAA-1,2,T_cells_general,,Tem/Effector helper T cells,Tem/Effector helper T cells,0.26799599741389785
TTCGTGCTCGCTCCAT-1,1,CD4_T_cells,,Tcm/Naive helper T cells,Tcm/Naive helper T cells,0.9982913816580699
TTCGTGCTCGTTTCGC-1,10,Cytotoxic_T_NK,,MAIT cells,MAIT cells,0.809685149837643
TTCGTGCTCTATCGCC-1,1,CD4_T_cells,,Tcm/Naive helper T cells,Tcm/Naive helper T cells,0.9991746291233324
TTCGTTAGTCCTTCTC-1,7,Monocytes_general,,Non-classical monocytes,Non-classical monocytes,0.9998675950740857
TTCGTTAGTCTCAGCC-1,0,Monocytes_CD14,,Classical monocytes,Classical monocytes,0.9999984035311592
TTCGTTAGTTCCAGGG-1,0,Monocytes_CD14,,Classical monocytes,Classical monocytes,0.9999915647021109
TTCTTAGGTATACTGG-1,2,T_cells_general,,Tcm/Naive helper T cells,Tcm/Naive helper T cells,0.997049793876512
TTCTTAGGTATTGCAG-1,3,CD4_T_cells,,Tcm/Naive cytotoxic T cells,Tcm/Naive cytotoxic T cells,0.9694686876101423
TTCTTAGGTCTTTGAC-1,6,B_cells,,Age-associated B cells,Age-associated B cells,0.9944380059728986
TTCTTAGGTTCCATTA-1,2,T_cells_general,,Tcm/Naive helper T cells,Tcm/Naive helper T cells,0.958009384589593
TTCTTAGGTTCCTGTG-1,1,CD4_T_cells,,Tcm/Naive helper T cells,Tcm/Naive helper T cells,0.9994675869024858
TTCTTAGGTTTGCAGA-1,11,pDC,,pDC,pDC,0.9999999881778358
TTGACATCAATAATGG-1,0,Monocytes_CD14,,Classical monocytes,Classical monocytes,0.999749086154636
TTGACATCAGCAAATA-1,2,T_cells_general,,Tem/Effector helper T cells,Tem/Effector helper T cells,0.41087136984406114
TTGACATCAGGCCTTG-1,7,Monocytes_general,,Non-classical monocytes,Non-classical monocytes,0.9994821475989141
TTGACATCATCCAGGT-1,4,Cytotoxic_T_NK,,Tem/Temra cytotoxic T cells,Tem/Temra cytotoxic T cells,0.9458473845781493
TTGACATCATCCATCT-1,0,Monocytes_CD14,,Classical monocytes,Classical monocytes,0.9990892839678698
TTGACGTAGCTAAGTC-1,3,CD4_T_cells,,Tcm/Naive cytotoxic T cells,Tcm/Naive cytotoxic T cells,0.9983193628508104
TTGACGTAGGATTGAG-1,1,CD4_T_cells,,Tcm/Naive helper T cells,Tcm/Naive helper T cells,0.9999948814319494
TTGACGTAGTGCTGTG-1,1,CD4_T_cells,,Tcm/Naive helper T cells,Tcm/Naive helper T cells,0.9997746367691679
TTGACGTAGTTAGCTA-1,1,CD4_T_cells,,Tcm/Naive helper T cells,Tcm/Naive helper T cells,0.9858074011725702
TTGACTAAGCACCACA-1,2,T_cells_general,,Tcm/Naive helper T cells,Tcm/Naive helper T cells,0.7109088977493186
TTGACTAAGTGAAGTG-1,0,Monocytes_CD14,,Classical monocytes,Classical monocytes,0.9982039391787115
TTGAGCTAGATGGAGC-1,4,Cytotoxic_T_NK,,Tem/Temra cytotoxic T cells,Tem/Trm cytotoxic T cells,0.6507612741743787
TTGAGCTAGCAATAGG-1,0,Monocytes_CD14,,Classical monocytes,Classical monocytes,0.9999895859853369
TTGAGCTAGCCGCTTT-1,4,Cytotoxic_T_NK,,Tem/Temra cytotoxic T cells,Tem/Trm cytotoxic T cells,0.9316355834026863
TTGAGCTAGCGCATTG-1,6,B_cells,,Mono-mac,Age-associated B cells,0.8191440712623778
TTGAGCTAGCTAAAGG-1,1,CD4_T_cells,,Tcm/Naive helper T cells,Tcm/Naive helper T cells,0.9995880129960677
TTGAGCTAGCTCATAA-1,3,CD4_T_cells,,Tcm/Naive helper T cells,Tcm/Naive helper T cells,0.8314433793098226
TTGAGCTAGCTTACTT-1,0,Monocytes_CD14,,Classical monocytes,Classical monocytes,0.9993860965040018
TTGAGCTAGGAAGCAC-1,8,B_cells,,Naive B cells,Naive B cells,0.9999233557010887
TTGAGCTAGGAAGTAT-1,2,T_cells_general,,Tcm/Naive helper T cells,Tcm/Naive helper T cells,0.8534871967389895
TTGAGCTAGGTGTCCA-1,0,Monocytes_CD14,,Classical monocytes,Classical monocytes,0.9999851112120182
TTGAGCTAGTATTGTG-1,3,CD4_T_cells,,Tcm/Naive helper T cells,Tcm/Naive cytotoxic T cells,0.9778334069066938
TTGAGCTAGTCATGCG-1,7,Monocytes_general,,Non-classical monocytes,Non-classical monocytes,0.9999863334922553
TTGAGCTAGTCGCAAT-1,9,Monocytes_general,,DC2,DC2,0.6557080057150675
TTGAGGCGTCATCAAG-1,0,Monocytes_CD14,,Classical monocytes,Classical monocytes,0.9996765147768799
TTGAGGCGTGTGCACG-1,2,T_cells_general,,Tcm/Naive helper T cells,Tcm/Naive helper T cells,0.9138545531313945
TTGAGGCGTTAGCGTA-1,1,CD4_T_cells,,Tcm/Naive helper T cells,Tcm/Naive helper T cells,0.9999017278414286
TTGAGGCGTTAGGCTA-1,0,Monocytes_CD14,,Classical monocytes,Classical monocytes,0.9986979231644246
TTGAGGCGTTAGTACG-1,3,CD4_T_cells,,Tcm/Naive cytotoxic T cells,Tcm/Naive cytotoxic T cells,0.980412454009528
TTGAGGCGTTCTTTAG-1,3,CD4_T_cells,,Tcm/Naive cytotoxic T cells,Tcm/Naive cytotoxic T cells,0.8964792957901994
TTGAGGCGTTGAGCCG-1,1,CD4_T_cells,,Tcm/Naive helper T cells,Tcm/Naive helper T cells,0.8311380552973499
TTGAGGCGTTTGAGGC-1,10,Cytotoxic_T_NK,,MAIT cells,MAIT cells,0.9999371488724945
TTGATGTCAAATTCGT-1,7,Monocytes_general,,Non-classical monocytes,Non-classical monocytes,0.999998390036931
TTGATGTCAAGGTATA-1,3,CD4_T_cells,,Tcm/Naive helper T cells,Tcm/Naive cytotoxic T cells,0.9865440620455338
TTGATGTCAAGTCGCT-1,1,CD4_T_cells,,Tcm/Naive helper T cells,Tcm/Naive helper T cells,0.9999631259620181
TTGATGTCACTATGGC-1,6,B_cells,,Memory B cells,Memory B cells,0.9999677131849252
TTGATGTCAGCCAGTT-1,0,Monocytes_CD14,,Classical monocytes,Classical monocytes,0.9999899783169236
TTGATGTCAGGCTACT-1,0,Monocytes_CD14,,Classical monocytes,Classical monocytes,0.999970114537055
TTGATGTCATAAACCT-1,5,Cytotoxic_T_NK,,CD16+ NK cells,CD16+ NK cells,0.9999526260890479
TTGATGTCATCCAGGT-1,6,B_cells,,Memory B cells,Memory B cells,0.9999935407135145
TTGCAACAGGGCCACT-1,8,B_cells,,Naive B cells,Naive B cells,0.9999998563825521
TTGCAACAGTGAACGA-1,2,T_cells_general,,Tcm/Naive helper T cells,Tcm/Naive helper T cells,0.7985668336768682
TTGCAAGGTAGCCTAA-1,3,CD4_T_cells,,Tcm/Naive cytotoxic T cells,Tcm/Naive cytotoxic T cells,0.9984724219592888
TTGCAAGGTAGTTGGC-1,1,CD4_T_cells,,Tcm/Naive helper T cells,Tcm/Naive helper T cells,0.9998212840550291
TTGCAAGGTCACCTAT-1,2,T_cells_general,,Tem/Trm cytotoxic T cells,Tem/Effector helper T cells,0.9756918688240676
TTGCAAGGTCTATCGT-1,5,Cytotoxic_T_NK,,CD16+ NK cells,CD16+ NK cells,0.34982756976519064
TTGCAAGGTGCAACTA-1,5,Cytotoxic_T_NK,,CD16+ NK cells,CD16+ NK cells,0.9997870986264468
TTGCAAGGTGCACGCA-1,7,Monocytes_general,,Non-classical monocytes,Non-classical monocytes,0.99999940684262
TTGCAAGGTGGGAACA-1,8,B_cells,,Naive B cells,Naive B cells,0.9999999783038014
TTGCAAGGTTGGCGTG-1,4,Cytotoxic_T_NK,,Tem/Trm cytotoxic T cells,Tem/Trm cytotoxic T cells,0.9869355109454103
TTGCAAGGTTTATCGC-1,1,CD4_T_cells,,Tcm/Naive helper T cells,Tcm/Naive helper T cells,0.9990196222820056
TTGCAATCACCGGCTA-1,1,CD4_T_cells,,Tcm/Naive helper T cells,Tcm/Naive helper T cells,0.9987403748142525
TTGCAATCACGGTACT-1,0,Monocytes_CD14,,Classical monocytes,Classical monocytes,0.9999620642260375
TTGCAATCAGCTTAGC-1,3,CD4_T_cells,,Tcm/Naive cytotoxic T cells,Tcm/Naive cytotoxic T cells,0.9955930458647934
TTGCAATCAGGTTAAA-1,2,T_cells_general,,Tcm/Naive helper T cells,Tcm/Naive helper T cells,0.5288937903507412
TTGCAATCAGTTATGT-1,11,pDC,,pDC,pDC,0.999999999999998
TTGCAATCAGTTTACG-1,1,CD4_T_cells,,Tcm/Naive helper T cells,Tcm/Naive helper T cells,0.9960770175296969
TTGCAATCATAATCGT-1,0,Monocytes_CD14,,Classical monocytes,Classical monocytes,0.9839802132855783
TTGCAATCATGTCAAT-1,1,CD4_T_cells,,Tcm/Naive helper T cells,Tcm/Naive helper T cells,0.9842411525951904
TTGCAATCATTTGCTC-1,3,CD4_T_cells,,Tcm/Naive cytotoxic T cells,Tcm/Naive helper T cells,0.9564939433489745
TTGCACACAAGCCACT-1,1,CD4_T_cells,,Tcm/Naive helper T cells,Tcm/Naive helper T cells,0.9994677992929601
TTGCACACAGCCTTGG-1,0,Monocytes_CD14,,Non-classical monocytes,Classical monocytes,0.9992390603312368
TTGCACACAGTAATAG-1,7,Monocytes_general,,Non-classical monocytes,Non-classical monocytes,0.99999329164861
TTGCACACATCACTTC-1,2,T_cells_general,,Tem/Effector helper T cells,Tem/Effector helper T cells,0.9996005621542003
TTGCACACATCGTTCT-1,1,CD4_T_cells,,Tcm/Naive helper T cells,Tcm/Naive helper T cells,0.997971563917819
TTGCACACATGAAATG-1,6,B_cells,,Memory B cells,Memory B cells,0.9999977376674589
TTGCAGCCAACAGGAT-1,2,T_cells_general,,Tcm/Naive helper T cells,Tcm/Naive helper T cells,0.3848447531458133
TTGCAGCCAATGCCCG-1,5,Cytotoxic_T_NK,,CD16+ NK cells,CD16+ NK cells,0.9585362898955418
TTGCAGCCACAACAAA-1,4,Cytotoxic_T_NK,,Tem/Temra cytotoxic T cells,Tem/Temra cytotoxic T cells,0.49356790010972024
TTGCAGCCACCTCGCT-1,4,Cytotoxic_T_NK,,Tem/Temra cytotoxic T cells,Tem/Temra cytotoxic T cells,0.9996925248383185
TTGCAGCCAGCAACCT-1,4,Cytotoxic_T_NK,,Tem/Temra cytotoxic T cells,Tem/Temra cytotoxic T cells,0.897954779998803
TTGCAGCCATACCCGG-1,4,Cytotoxic_T_NK,,Tem/Temra cytotoxic T cells,Tem/Temra cytotoxic T cells,0.868374536650074
TTGCATTTCATGGCTG-1,1,CD4_T_cells,,Tcm/Naive helper T cells,Tcm/Naive helper T cells,0.9290585043395466
TTGCATTTCCCAGTAG-1,0,Monocytes_CD14,,DC2,Classical monocytes,0.2666221492975993
TTGCATTTCGCTAAGT-1,2,T_cells_general,,Tcm/Naive helper T cells,Tcm/Naive helper T cells,0.9312291156345831
TTGCATTTCTAATCCT-1,3,CD4_T_cells,,Tcm/Naive helper T cells,Tcm/Naive cytotoxic T cells,0.9993974315255447
TTGCATTTCTCACAAA-1,7,Monocytes_general,,Non-classical monocytes,Non-classical monocytes,0.9981867487873526
TTGCATTTCTGTAATG-1,8,B_cells,,Naive B cells,Naive B cells,0.9999991524296653
TTGCCCGTCCTCAGTC-1,1,CD4_T_cells,,Tcm/Naive helper T cells,Tcm/Naive helper T cells,0.9996761105045613
TTGCCCGTCGATTTGA-1,0,Monocytes_CD14,,Classical monocytes,Classical monocytes,0.8973379037812732
TTGCGAGTCAGGAAGC-1,0,Monocytes_CD14,,Classical monocytes,Classical monocytes,0.9997416048900286
TTGCGAGTCATGCGTG-1,7,Monocytes_general,,Non-classical monocytes,Non-classical monocytes,0.999949342831038
TTGCGAGTCATGCTCC-1,0,Monocytes_CD14,,Classical monocytes,Classical monocytes,0.9989224751733479
TTGCGAGTCCGGTTAG-1,8,B_cells,,Naive B cells,Naive B cells,0.9999988586431037
TTGCGAGTCCTTCTAG-1,1,CD4_T_cells,,Tcm/Naive helper T cells,Tcm/Naive helper T cells,0.1573808775196401
TTGCGAGTCGCTTCTA-1,0,Monocytes_CD14,,Classical monocytes,Classical monocytes,0.9980147997839617
TTGCGAGTCGTCAAGT-1,6,B_cells,,Memory B cells,Memory B cells,0.933768626288311
TTGCGTCTCCGCTAGA-1,1,CD4_T_cells,,Tcm/Naive helper T cells,Tcm/Naive helper T cells,0.9966002038637111
TTGCGTCTCCTCCATA-1,0,Monocytes_CD14,,Classical monocytes,Classical monocytes,0.7401685179374351
TTGCGTCTCCTGCGAA-1,8,B_cells,,Naive B cells,Naive B cells,0.9999995285914967
TTGCGTCTCCTGGCTT-1,0,Monocytes_CD14,,Classical monocytes,Classical monocytes,0.999790435012874
TTGCGTCTCGGGACCT-1,2,T_cells_general,,Tcm/Naive helper T cells,Tcm/Naive helper T cells,0.9984863273791249
TTGCGTCTCTACCTGC-1,0,Monocytes_CD14,,Classical monocytes,Classical monocytes,0.9999899295040467
TTGCTCTCAATAGCAA-1,9,Monocytes_general,,Classical monocytes,DC2,0.9999861452634865
TTGCTCTCACAAGCCT-1,3,CD4_T_cells,,Tcm/Naive cytotoxic T cells,Tcm/Naive cytotoxic T cells,0.9636645054679949
TTGCTCTCACGTAATT-1,1,CD4_T_cells,,Tcm/Naive helper T cells,Tcm/Naive helper T cells,0.9999937836339304
TTGCTCTCAGGGAGCT-1,0,Monocytes_CD14,,Classical monocytes,Classical monocytes,0.9998632426251515
TTGCTTAGTGCTAGAC-1,3,CD4_T_cells,,Tcm/Naive cytotoxic T cells,Tcm/Naive cytotoxic T cells,0.9999284310270523
TTGCTTAGTGTGCAAC-1,4,Cytotoxic_T_NK,,Tem/Temra cytotoxic T cells,Tem/Temra cytotoxic T cells,0.9651332888684697
TTGCTTAGTTTGCTGT-1,3,CD4_T_cells,,Tcm/Naive cytotoxic T cells,Tcm/Naive cytotoxic T cells,0.9997943859778298
TTGCTTTAGCCTAACG-1,9,Monocytes_general,,DC2,DC2,0.9996434709575968
TTGCTTTAGCTTATGA-1,0,Monocytes_CD14,,Classical monocytes,Classical monocytes,0.9974534196956387
TTGCTTTAGGCATTGT-1,2,T_cells_general,,Tem/Trm cytotoxic T cells,Tcm/Naive helper T cells,0.35775941325101107
TTGCTTTAGTATCGCG-1,0,Monocytes_CD14,,Classical monocytes,Classical monocytes,0.9637196838233676
TTGCTTTAGTTACTTC-1,0,Monocytes_CD14,,Classical monocytes,Classical monocytes,0.9999995989302893
TTGGAGGCACCTATAG-1,1,CD4_T_cells,,Tcm/Naive helper T cells,Tcm/Naive helper T cells,0.995154728520864
TTGGAGGCAGACAAAC-1,5,Cytotoxic_T_NK,,CD16+ NK cells,CD16+ NK cells,0.9903644792416318
TTGGAGGCATAATCCG-1,1,CD4_T_cells,,Tcm/Naive helper T cells,Tcm/Naive helper T cells,0.9969734889002361
TTGGAGGCATTGTTGG-1,0,Monocytes_CD14,,Classical monocytes,Classical monocytes,0.9990131028158837
TTGGATATCAGGAAGC-1,1,CD4_T_cells,,Tcm/Naive helper T cells,Tcm/Naive helper T cells,0.9963889959858887
TTGGATATCATTGCGG-1,7,Monocytes_general,,Non-classical monocytes,Non-classical monocytes,0.9999938192186584
TTGGATATCCCATAGG-1,11,pDC,,pDC,pDC,0.9999990958379003
TTGGATCAGCGGGCAA-1,1,CD4_T_cells,,Tcm/Naive helper T cells,Tcm/Naive helper T cells,0.9999096304019561
TTGGATCAGTAACCCG-1,3,CD4_T_cells,,Tcm/Naive cytotoxic T cells,Tcm/Naive cytotoxic T cells,0.9986163115768164
TTGGATCAGTCAGGCC-1,0,Monocytes_CD14,,Classical monocytes,Classical monocytes,0.4227240464502873
TTGGATTCAATCTCTC-1,2,T_cells_general,,Tcm/Naive helper T cells,Tcm/Naive helper T cells,0.9639732783636029
TTGGATTCACCATATG-1,1,CD4_T_cells,,Tcm/Naive helper T cells,Tcm/Naive helper T cells,0.9991140794145629
TTGGATTCAGTCTATG-1,11,pDC,,pDC,pDC,0.9999621266284731
TTGGATTCATTGGGAG-1,2,T_cells_general,,Tcm/Naive helper T cells,Tcm/Naive helper T cells,0.7101808605212335
TTGGCGGGTAATCGCA-1,2,T_cells_general,,Tcm/Naive helper T cells,Tcm/Naive helper T cells,0.8029028891869485
TTGGCGGGTCACCTAT-1,1,CD4_T_cells,,Tcm/Naive helper T cells,Tcm/Naive helper T cells,0.7425684983920576
TTGGCGGGTGGACATC-1,4,Cytotoxic_T_NK,,Tem/Temra cytotoxic T cells,Tem/Temra cytotoxic T cells,0.9954570745354944
TTGGCGGGTTGTTGTC-1,10,Cytotoxic_T_NK,,MAIT cells,MAIT cells,0.020353344511732218
TTGGCTACAAGCTTTG-1,0,Monocytes_CD14,,Classical monocytes,Classical monocytes,0.998052683168989
TTGGCTACACCAAAGG-1,4,Cytotoxic_T_NK,,Tem/Temra cytotoxic T cells,Tem/Temra cytotoxic T cells,0.8731998545077455
TTGGCTACAGGACACA-1,0,Monocytes_CD14,,Classical monocytes,Classical monocytes,0.9304337959911224
TTGGCTGAGCCTCTCG-1,1,CD4_T_cells,,Tcm/Naive helper T cells,Tcm/Naive helper T cells,0.9998345457722072
TTGGCTGAGCCTGTTC-1,2,T_cells_general,,Tcm/Naive helper T cells,Tem/Effector helper T cells,0.8879710443336511
TTGGCTGAGCTGTAAC-1,2,T_cells_general,,Tem/Trm cytotoxic T cells,Tcm/Naive helper T cells,0.6837282092306007
TTGGCTGAGGACCGCT-1,3,CD4_T_cells,,Tcm/Naive cytotoxic T cells,Tcm/Naive cytotoxic T cells,0.9986221206466078
TTGGCTGAGGAGTAAT-1,2,T_cells_general,,Tcm/Naive helper T cells,Tcm/Naive helper T cells,0.905172561833522
TTGGCTGAGGTTTGCG-1,5,Cytotoxic_T_NK,,CD16+ NK cells,CD16+ NK cells,0.9999999992370796
TTGGCTGAGTCAGGCC-1,4,Cytotoxic_T_NK,,Tem/Temra cytotoxic T cells,Tem/Temra cytotoxic T cells,0.9986808781515589
TTGGCTGAGTTGGATC-1,0,Monocytes_CD14,,Classical monocytes,Classical monocytes,0.9999977767229618
TTGGCTTGTACCCACC-1,4,Cytotoxic_T_NK,,Tem/Temra cytotoxic T cells,Tem/Temra cytotoxic T cells,0.46062606278357443
TTGGCTTGTGAGCGAA-1,3,CD4_T_cells,,Tcm/Naive cytotoxic T cells,Tcm/Naive cytotoxic T cells,0.8529151021720466
TTGGCTTGTGTTGTAG-1,4,Cytotoxic_T_NK,,Tem/Temra cytotoxic T cells,Tem/Trm cytotoxic T cells,0.4614269228472318
TTGGCTTGTTAATGAC-1,10,Cytotoxic_T_NK,,MAIT cells,MAIT cells,0.9281236428071902
TTGGCTTGTTTAACGG-1,4,Cytotoxic_T_NK,,Type 17 helper T cells,Tem/Trm cytotoxic T cells,0.28022151527195016
TTGGGCCAGAGAGGCT-1,0,Monocytes_CD14,,Classical monocytes,Classical monocytes,0.3206685625471236
TTGGGCCAGCCATCAG-1,3,CD4_T_cells,,Tcm/Naive cytotoxic T cells,Tcm/Naive cytotoxic T cells,0.9996187525836395
TTGGGCCAGCTGTAAC-1,0,Monocytes_CD14,,Classical monocytes,Classical monocytes,0.9998647851183086
TTGGGCCAGTGAGAGC-1,0,Monocytes_CD14,,Classical monocytes,Classical monocytes,0.9925930980362359
TTGGGCCAGTTGGATC-1,8,B_cells,,Naive B cells,Naive B cells,0.9999929332794995
TTGGGCGGTAATAGCT-1,5,Cytotoxic_T_NK,,CD16+ NK cells,CD16+ NK cells,0.9999856674495894
TTGGGCGGTAATGGCC-1,3,CD4_T_cells,,Tcm/Naive cytotoxic T cells,Tcm/Naive cytotoxic T cells,0.9991388063617987
TTGGGCGGTGGTTCCC-1,4,Cytotoxic_T_NK,,Tem/Trm cytotoxic T cells,Tem/Trm cytotoxic T cells,0.8033729472639278
TTGGGCGGTGTTTGCT-1,0,Monocytes_CD14,,Classical monocytes,Classical monocytes,0.9997259223030441
TTGGGTTAGACTTATG-1,0,Monocytes_CD14,,Classical monocytes,Classical monocytes,0.9991850750541116
TTGGGTTAGCAAGGGT-1,2,T_cells_general,,Tcm/Naive helper T cells,Tcm/Naive helper T cells,0.9590758499716572
TTGGGTTAGGCTTAGT-1,1,CD4_T_cells,,Tcm/Naive helper T cells,Tcm/Naive helper T cells,0.9999239087766647
TTGGGTTAGGTCGAGG-1,1,CD4_T_cells,,Classical monocytes,Classical monocytes,0.9654402687816354
TTGGTGAGTCTTGCAT-1,2,T_cells_general,,Tcm/Naive helper T cells,Tcm/Naive helper T cells,0.9981436818798962
TTGGTGAGTGAGCGAA-1,1,CD4_T_cells,,Tcm/Naive helper T cells,Tcm/Naive helper T cells,0.9999830106959511
TTGGTGAGTGGTTCTT-1,2,T_cells_general,,Tcm/Naive helper T cells,Tcm/Naive helper T cells,0.983981148035737
TTGGTGAGTTGCGCGA-1,0,Monocytes_CD14,,Classical monocytes,Classical monocytes,0.9996358002279814
TTGTAAGTCCAATAGC-1,3,CD4_T_cells,,Tcm/Naive cytotoxic T cells,Tcm/Naive cytotoxic T cells,0.9951533793630145
TTGTAAGTCCGGTTGA-1,3,CD4_T_cells,,Tcm/Naive helper T cells,Tcm/Naive cytotoxic T cells,0.9906327634046401
TTGTAAGTCCTTCGTA-1,0,Monocytes_CD14,,Classical monocytes,Classical monocytes,0.9915982976365701
TTGTAAGTCGAAGCGG-1,5,Cytotoxic_T_NK,,CD16+ NK cells,CD16+ NK cells,0.9989292050986925
TTGTAAGTCTAATCCT-1,2,T_cells_general,,Tem/Effector helper T cells,Tem/Effector helper T cells,0.4171596918445812
TTGTAAGTCTCACACC-1,3,CD4_T_cells,,Tcm/Naive cytotoxic T cells,Tcm/Naive cytotoxic T cells,0.9998777616296269
TTGTCAAAGCCTAATA-1,2,T_cells_general,,Tem/Effector helper T cells,Tcm/Naive helper T cells,0.9953299207814721
TTGTCAAAGGACTTAC-1,2,T_cells_general,,Regulatory T cells,Tcm/Naive helper T cells,0.3739814860923215
TTGTCAAAGGCAATAG-1,1,CD4_T_cells,,Tcm/Naive helper T cells,Tcm/Naive helper T cells,0.9998269104740792
TTGTCAAAGGGATGAC-1,3,CD4_T_cells,,Tcm/Naive cytotoxic T cells,Tcm/Naive cytotoxic T cells,0.968941534885847
TTGTCAAAGTGAGCGG-1,2,T_cells_general,,MAIT cells,Tcm/Naive helper T cells,0.9997349782051187
TTGTCAAAGTTTGAGC-1,3,CD4_T_cells,,Tcm/Naive helper T cells,Tcm/Naive helper T cells,0.9996124618506061
TTGTCAAAGTTTGGTA-1,0,Monocytes_CD14,,Classical monocytes,Classical monocytes,0.9994649622348798
TTGTCCATCAAAGGCA-1,3,CD4_T_cells,,Tcm/Naive cytotoxic T cells,Tcm/Naive cytotoxic T cells,0.9945975361166397
TTGTCCATCAACCAAC-1,0,Monocytes_CD14,,Classical monocytes,Classical monocytes,0.9083622794688151
TTGTCCATCACTAATG-1,0,Monocytes_CD14,,Classical monocytes,Classical monocytes,0.9961435520728673
TTGTCCATCAGTTCCC-1,4,Cytotoxic_T_NK,,Tem/Trm cytotoxic T cells,Tem/Trm cytotoxic T cells,0.5347430771016841
TTGTCCATCCTCAGCT-1,11,pDC,,pDC,pDC,0.9999951673651799
TTGTCCATCCTTGCAC-1,2,T_cells_general,,Tem/Effector helper T cells,Tem/Effector helper T cells,0.9999689908309592
TTGTCCATCGAGCTAT-1,3,CD4_T_cells,,Tcm/Naive cytotoxic T cells,Tcm/Naive cytotoxic T cells,0.9979189654329194
TTGTCCCAGATGGAGC-1,0,Monocytes_CD14,,Classical monocytes,Classical monocytes,0.9962212009616697
TTGTCCCAGGATTTGC-1,6,B_cells,,Memory B cells,Memory B cells,0.9979680889040994
TTGTCCCAGGGCCACT-1,0,Monocytes_CD14,,Classical monocytes,Classical monocytes,0.9999476133310161
TTGTCCCAGGTAACGA-1,0,Monocytes_CD14,,Classical monocytes,Classical monocytes,0.42683444830178124
TTGTCCCAGTGCTGTG-1,2,T_cells_general,,Tcm/Naive helper T cells,Tcm/Naive helper T cells,0.21123142807245593
TTGTCCCAGTGTTGCG-1,5,Cytotoxic_T_NK,,CD16+ NK cells,CD16+ NK cells,0.9999751102138112
TTGTCCGGTAATCGGC-1,0,Monocytes_CD14,,Classical monocytes,Classical monocytes,0.9999964519251024
TTGTCCGGTACGATTG-1,3,CD4_T_cells,,Tcm/Naive cytotoxic T cells,Tcm/Naive cytotoxic T cells,0.9048014045448229
TTGTCCGGTATTACCC-1,1,CD4_T_cells,,Tcm/Naive helper T cells,Tcm/Naive helper T cells,0.9992299235479662
TTGTCCGGTCACAAAT-1,0,Monocytes_CD14,,Classical monocytes,Classical monocytes,0.3271561987123025
TTGTCCGGTCACAGAC-1,1,CD4_T_cells,,Tcm/Naive helper T cells,Tcm/Naive helper T cells,0.9997669418315968
TTGTCCGGTTGCTGGG-1,3,CD4_T_cells,,Tcm/Naive cytotoxic T cells,Tcm/Naive cytotoxic T cells,0.8374548640747366
TTGTCCGGTTGGATCA-1,2,T_cells_general,,Tcm/Naive helper T cells,Tcm/Naive helper T cells,0.9997801823691762
TTGTCCGGTTTATGGG-1,0,Monocytes_CD14,,Classical monocytes,Classical monocytes,0.9995508885584924
TTGTGAGGTCGCAATA-1,2,T_cells_general,,Regulatory T cells,Tem/Effector helper T cells,0.24240642013861638
TTGTGAGGTGAAGCCT-1,8,B_cells,,Naive B cells,Naive B cells,0.9999996079964242
TTGTGAGGTGCTTAGA-1,0,Monocytes_CD14,,Classical monocytes,Classical monocytes,0.9999940006411783
TTGTGAGGTGGGAACA-1,1,CD4_T_cells,,Tcm/Naive helper T cells,Tcm/Naive helper T cells,0.9997510419573309
TTGTGAGGTTAGGTGC-1,0,Monocytes_CD14,,Classical monocytes,Classical monocytes,0.2525142459619269
TTGTGAGGTTGGATCA-1,1,CD4_T_cells,,Tcm/Naive helper T cells,Tcm/Naive helper T cells,0.989511240222492
TTGTGCCTCCGTTAAA-1,1,CD4_T_cells,,Tcm/Naive helper T cells,Tcm/Naive helper T cells,0.9530085421345309
TTGTGCGAGTATTGGC-1,2,T_cells_general,,Tcm/Naive helper T cells,Tcm/Naive helper T cells,0.9786197580430958
TTGTGCGAGTGGACAA-1,2,T_cells_general,,Tcm/Naive helper T cells,Tcm/Naive helper T cells,0.10343416498750126
TTGTGTGCACTGACCG-1,3,CD4_T_cells,,Tcm/Naive cytotoxic T cells,Tcm/Naive cytotoxic T cells,0.9884393011389724
TTGTGTGCAGTTTGGC-1,8,B_cells,,Naive B cells,Naive B cells,0.9999959478792135
TTGTGTGCATGCATAT-1,5,Cytotoxic_T_NK,,CD16+ NK cells,CD16+ NK cells,0.9999852958971859
TTGTTCCCAATAATCC-1,1,CD4_T_cells,,Tcm/Naive helper T cells,Tcm/Naive helper T cells,0.9999938311167853
TTGTTCCCACAGACTC-1,2,T_cells_general,,Tem/Effector helper T cells,Tem/Effector helper T cells,0.29013189362850317
TTGTTCCCAGGACCTT-1,0,Monocytes_CD14,,Classical monocytes,Classical monocytes,0.9999308007423198
TTGTTCCCAGTAAAGC-1,3,CD4_T_cells,,Tcm/Naive cytotoxic T cells,Tcm/Naive cytotoxic T cells,0.9996441081947326
TTGTTCCCATGGCCTG-1,7,Monocytes_general,,Non-classical monocytes,Non-classical monocytes,0.9996930040474664
TTGTTCCCATTTAAGC-1,1,CD4_T_cells,,Tcm/Naive helper T cells,Tcm/Naive helper T cells,0.9998814903338582
TTGTTGCGTTTCCGGC-1,2,T_cells_general,,Tem/Effector helper T cells,Tem/Effector helper T cells,0.24064517284187095
TTGTTGTTCATTACAG-1,2,T_cells_general,,Tem/Trm cytotoxic T cells,Tem/Trm cytotoxic T cells,0.924758725443688
TTGTTGTTCATTTGTC-1,8,B_cells,,Naive B cells,Naive B cells,0.999969152459413
TTGTTGTTCTTAGTGA-1,1,CD4_T_cells,,Tcm/Naive helper T cells,Tcm/Naive helper T cells,0.9993037337307263
TTGTTTGGTCAAGACC-1,3,CD4_T_cells,,Tcm/Naive helper T cells,Tcm/Naive cytotoxic T cells,0.8717052606367186
TTGTTTGGTCATCCTG-1,0,Monocytes_CD14,,Classical monocytes,Classical monocytes,0.9997166987229158
TTGTTTGGTTAAGCTG-1,3,CD4_T_cells,,Tcm/Naive cytotoxic T cells,Tcm/Naive cytotoxic T cells,0.9675120204796419
TTGTTTGGTTGTTGCT-1,0,Monocytes_CD14,,Classical monocytes,Classical monocytes,0.9995791804395098
TTGTTTGGTTTAAAGC-1,2,T_cells_general,,Regulatory T cells,Regulatory T cells,0.9987866828947498
TTGTTTGGTTTATCGC-1,1,CD4_T_cells,,Tcm/Naive helper T cells,Tcm/Naive helper T cells,0.9993323804930029
TTTAACCTCACAGCCA-1,12,Stress_response,,Early erythroid,HSC/MPP,0.9972693404390844
TTTAACCTCATTACGA-1,1,CD4_T_cells,,Tcm/Naive helper T cells,Tcm/Naive helper T cells,0.9640877418950448
TTTAACCTCCTAAGGT-1,2,T_cells_general,,Double-negative thymocytes,Tcm/Naive helper T cells,0.6528376639111989
TTTAACCTCCTGATGG-1,9,Monocytes_general,,DC2,DC2,0.9985026614088277
TTTAACCTCGATATTG-1,2,T_cells_general,,Tcm/Naive helper T cells,Tem/Effector helper T cells,0.9977788092943981
TTTAACCTCGCTATAA-1,7,Monocytes_general,,Non-classical monocytes,Non-classical monocytes,0.8814674141340764
TTTAACCTCGTTATAG-1,1,CD4_T_cells,,Tcm/Naive helper T cells,Tcm/Naive helper T cells,0.9998871716981175
TTTAACCTCTCACATT-1,3,CD4_T_cells,,Tcm/Naive cytotoxic T cells,Tcm/Naive cytotoxic T cells,0.999970019501869
TTTAACGAGCGCTCAA-1,6,B_cells,,Memory B cells,Memory B cells,0.9999844610443211
TTTAACGAGCTAATCA-1,0,Monocytes_CD14,,Classical monocytes,Classical monocytes,0.9976323920880661
TTTAACGAGCTCAAAC-1,0,Monocytes_CD14,,Classical monocytes,Classical monocytes,0.9999592706436418
TTTAACGAGTAAGAAC-1,4,Cytotoxic_T_NK,,Tem/Temra cytotoxic T cells,Tem/Temra cytotoxic T cells,0.9987361413708693
TTTAACGAGTAAGTCC-1,7,Monocytes_general,,Non-classical monocytes,Non-classical monocytes,0.9991071317324794
TTTAACGAGTGAACCT-1,1,CD4_T_cells,,Tcm/Naive helper T cells,Tcm/Naive helper T cells,0.993338891028102
TTTAAGCCAACACCTA-1,0,Monocytes_CD14,,Classical monocytes,Classical monocytes,0.9998117760031027
TTTAAGCCAAGTTATC-1,0,Monocytes_CD14,,Classical monocytes,Classical monocytes,0.9976187414178384
TTTAAGCCACAGCCAT-1,2,T_cells_general,,Follicular helper T cells,Tcm/Naive helper T cells,0.41059231371935023
TTTAAGCCACCGGCTA-1,7,Monocytes_general,,Non-classical monocytes,Non-classical monocytes,0.9999999075658573
TTTAAGCCATGTCAAT-1,6,B_cells,,Naive B cells,Memory B cells,0.9997569394268728
TTTAAGGTCACAGCCA-1,12,Stress_response,,HSC/MPP,HSC/MPP,0.9987709270995916
TTTAAGGTCAGGAAGC-1,0,Monocytes_CD14,,Classical monocytes,Classical monocytes,0.9770103413054718
TTTAAGGTCCCGAACA-1,1,CD4_T_cells,,Classical monocytes,Tcm/Naive helper T cells,0.09381803612951668
TTTAAGGTCCCTGGAA-1,8,B_cells,,Naive B cells,Naive B cells,0.9999999994718303
TTTAAGGTCCTTGTTG-1,1,CD4_T_cells,,Tcm/Naive helper T cells,Tcm/Naive helper T cells,0.981435118278697
TTTAAGGTCGGGCCAT-1,9,Monocytes_general,,Classical monocytes,DC2,0.23820234696363482
TTTAAGGTCTAAGTGC-1,0,Monocytes_CD14,,Classical monocytes,Classical monocytes,0.9999930788924652
TTTAAGGTCTGTTCAT-1,1,CD4_T_cells,,Tcm/Naive helper T cells,Tcm/Naive helper T cells,0.9925173607963879
TTTACGAAGCACTAGT-1,2,T_cells_general,,Tem/Effector helper T cells,Tem/Effector helper T cells,0.9949370804339688
TTTACGAAGCGGATTT-1,1,CD4_T_cells,,Tcm/Naive helper T cells,Regulatory T cells,0.9952788345237623
TTTACGAAGCTTAACA-1,1,CD4_T_cells,,Tcm/Naive helper T cells,Tcm/Naive helper T cells,0.9996857251136547
TTTACGAAGGACCAGG-1,9,Monocytes_general,,DC2,DC2,0.9765333835089534
TTTACGAAGGCCCAGT-1,9,Monocytes_general,,Classical monocytes,Classical monocytes,0.9700723086900455
TTTACGAAGTCTGGGC-1,1,CD4_T_cells,,Tcm/Naive helper T cells,Tcm/Naive helper T cells,0.9944967245915763
TTTACGAAGTGAACGA-1,8,B_cells,,Naive B cells,Naive B cells,0.9999999940515287
TTTACGCGTCCTTCAG-1,8,B_cells,,Naive B cells,Naive B cells,0.9999999991058584
TTTACGCGTCTAGCTT-1,0,Monocytes_CD14,,Classical monocytes,Classical monocytes,0.9947871895849674
TTTACGCGTGAGACTC-1,2,T_cells_general,,Tcm/Naive helper T cells,Tcm/Naive helper T cells,0.36737422078944837
TTTACGCGTGTTGCTT-1,4,Cytotoxic_T_NK,,Tem/Temra cytotoxic T cells,Tem/Temra cytotoxic T cells,0.802342969488313
TTTACGCGTTTATCTG-1,4,Cytotoxic_T_NK,,MAIT cells,Tem/Temra cytotoxic T cells,0.3272628999089097
TTTACGCGTTTGCTGT-1,0,Monocytes_CD14,,Classical monocytes,Classical monocytes,0.9997588155564497
TTTAGCAAGGGACTAA-1,6,B_cells,,Memory B cells,Memory B cells,0.997341011228291
TTTAGCAAGTAACCCG-1,0,Monocytes_CD14,,Classical monocytes,Classical monocytes,0.99547195131823
TTTAGCAAGTAGGATG-1,2,T_cells_general,,Tcm/Naive helper T cells,Tcm/Naive helper T cells,0.15183494226487085
TTTAGCTTCATGAGCT-1,3,CD4_T_cells,,Tcm/Naive cytotoxic T cells,Tcm/Naive cytotoxic T cells,0.937054312061846
TTTAGCTTCATGCCTC-1,4,Cytotoxic_T_NK,,MAIT cells,Tem/Trm cytotoxic T cells,0.8730318118272583
TTTAGCTTCCGCAACA-1,0,Monocytes_CD14,,Non-classical monocytes,Classical monocytes,0.979512248975944
TTTAGCTTCCTTAAGA-1,0,Monocytes_CD14,,Classical monocytes,Classical monocytes,0.9294846255693859
TTTAGCTTCGATAACC-1,2,T_cells_general,,Tcm/Naive helper T cells,Tcm/Naive helper T cells,0.7123925818333431
TTTAGGATCAAGTGAG-1,4,Cytotoxic_T_NK,,Tem/Trm cytotoxic T cells,Tem/Trm cytotoxic T cells,0.11094088684196057
TTTAGGATCCTTGCAC-1,0,Monocytes_CD14,,Classical monocytes,Classical monocytes,0.9999158898379947
TTTAGGATCGGTCAGC-1,3,CD4_T_cells,,Tcm/Naive cytotoxic T cells,Tcm/Naive cytotoxic T cells,0.9996037178897524
TTTAGGATCGTAATCA-1,3,CD4_T_cells,,Tcm/Naive helper T cells,Tcm/Naive cytotoxic T cells,0.9418419031044654
TTTAGGATCTAGCTAA-1,2,T_cells_general,,Regulatory T cells,Regulatory T cells,0.999997358634543
TTTAGGATCTAGCTTT-1,0,Monocytes_CD14,,Classical monocytes,Classical monocytes,0.9894546290710716
TTTATGGAGAGAGGCT-1,0,Monocytes_CD14,,Classical monocytes,Classical monocytes,0.9965381457516751
TTTATGGAGGAATAAC-1,2,T_cells_general,,Tem/Effector helper T cells,Tcm/Naive helper T cells,0.5545220085811954
TTTATGGAGGGTTATC-1,1,CD4_T_cells,,Tcm/Naive helper T cells,Tcm/Naive helper T cells,0.8357465077264893
TTTCACCCAAGCCAGA-1,3,CD4_T_cells,,Tcm/Naive cytotoxic T cells,Tcm/Naive cytotoxic T cells,0.9678015819306751
TTTCACCCAGCCAGAA-1,2,T_cells_general,,Tcm/Naive helper T cells,Tcm/Naive helper T cells,0.8113348912570947
TTTCACCCATAGCAGG-1,1,CD4_T_cells,,Tcm/Naive helper T cells,Tcm/Naive helper T cells,0.9997514384049164
TTTCACCCATTAAGCT-1,1,CD4_T_cells,,Tcm/Naive helper T cells,Tcm/Naive helper T cells,0.9986926358081746
TTTCACCCATTAGCCA-1,1,CD4_T_cells,,Tcm/Naive helper T cells,Tcm/Naive helper T cells,0.999843125731684
TTTCAGTTCATAACCA-1,4,Cytotoxic_T_NK,,Tem/Trm cytotoxic T cells,Tem/Trm cytotoxic T cells,0.31457583448429
TTTCAGTTCATCCTGC-1,1,CD4_T_cells,,Tcm/Naive helper T cells,Tcm/Naive helper T cells,0.9994187598598243
TTTCAGTTCATTACGA-1,10,Cytotoxic_T_NK,,MAIT cells,MAIT cells,0.9990152906349293
TTTCAGTTCCAGGTCA-1,2,T_cells_general,,Tcm/Naive helper T cells,Tcm/Naive helper T cells,0.34486512576376877
TTTCAGTTCGATCAGT-1,6,B_cells,,Memory B cells,Memory B cells,0.9975589952786649
TTTCAGTTCGCTATAA-1,6,B_cells,,Age-associated B cells,Age-associated B cells,0.9953875009376103
TTTCATCAGACAAACG-1,3,CD4_T_cells,,Tcm/Naive cytotoxic T cells,Tcm/Naive cytotoxic T cells,0.9993941257307074
TTTCATCAGCGATACT-1,6,B_cells,,Age-associated B cells,Memory B cells,0.9973052274646887
TTTCATCAGCTCCTTA-1,0,Monocytes_CD14,,Classical monocytes,Classical monocytes,0.9602774598200197
TTTCATCAGTGAGCAA-1,2,T_cells_general,,Tem/Effector helper T cells,Tcm/Naive helper T cells,0.6121604375886387
TTTCCACCAATAGTCT-1,1,CD4_T_cells,,Tcm/Naive helper T cells,Tcm/Naive helper T cells,0.9257797999613754
TTTCCACCACAGGAAT-1,0,Monocytes_CD14,,Classical monocytes,Classical monocytes,0.999991130269646
TTTCCACCACATGCTA-1,0,Monocytes_CD14,,Classical monocytes,Classical monocytes,0.8274618013174407
TTTCCACCACCTAAGC-1,1,CD4_T_cells,,Tcm/Naive helper T cells,Tcm/Naive helper T cells,0.9985934382660567
TTTCCACCAGCAAGTG-1,6,B_cells,,Memory B cells,Memory B cells,0.9991956232338634
TTTCCACCAGGCATCT-1,0,Monocytes_CD14,,Classical monocytes,Classical monocytes,0.9999959984501473
TTTCCACCAGGCTACT-1,1,CD4_T_cells,,Tcm/Naive helper T cells,Tcm/Naive helper T cells,0.98766757891757
TTTCCACCAGTTATCG-1,2,T_cells_general,,Regulatory T cells,Tem/Effector helper T cells,0.01029409597628166
TTTCCACCATGCTCCC-1,4,Cytotoxic_T_NK,,Tem/Temra cytotoxic T cells,Tem/Temra cytotoxic T cells,0.9940848472093812
TTTCCACCATGGCCCA-1,0,Monocytes_CD14,,Classical monocytes,Classical monocytes,0.9999946198365303
TTTCCGGGTAATCACG-1,2,T_cells_general,,Tcm/Naive helper T cells,Tcm/Naive helper T cells,0.9175025541429296
TTTCCGGGTGAGCAAG-1,6,B_cells,,Memory B cells,Memory B cells,0.9956038238462439
TTTCCGGGTGGGTGAA-1,6,B_cells,,Memory B cells,Memory B cells,0.999944253915716
TTTCCTGAGCTAAGTC-1,3,CD4_T_cells,,Tcm/Naive cytotoxic T cells,Tcm/Naive cytotoxic T cells,0.9937475174827539
TTTCCTGAGCTTAGCG-1,0,Monocytes_CD14,,Non-classical monocytes,Classical monocytes,0.21399761644999152
TTTCCTGAGCTTAGTA-1,11,pDC,,pDC,pDC,0.9999906499630834
TTTCCTGAGGAACCGG-1,3,CD4_T_cells,,Tcm/Naive helper T cells,Tcm/Naive cytotoxic T cells,0.955133426987837
TTTCCTGAGGCGGGTA-1,1,CD4_T_cells,,Tcm/Naive helper T cells,Tcm/Naive helper T cells,0.9999607841371507
TTTCCTGAGGTGAAGC-1,2,T_cells_general,,Tem/Effector helper T cells,Tem/Effector helper T cells,0.9891810197396135
TTTCCTGAGTAACTCA-1,8,B_cells,,Naive B cells,Naive B cells,0.9999999926553649
TTTCCTGAGTCAGTAC-1,1,CD4_T_cells,,Tcm/Naive helper T cells,Tcm/Naive helper T cells,0.999226658600121
TTTCGTCCACCTACGG-1,0,Monocytes_CD14,,Non-classical monocytes,Non-classical monocytes,0.9910635408018629
TTTCGTCCACCTATAG-1,0,Monocytes_CD14,,Classical monocytes,Classical monocytes,0.9999996847972833
TTTCGTCCAGGTATTT-1,2,T_cells_general,,Tcm/Naive helper T cells,Tcm/Naive helper T cells,0.9530280263424588
TTTCGTCCAGTAAGTA-1,2,T_cells_general,,Tcm/Naive helper T cells,Tcm/Naive helper T cells,0.2373440202463399
TTTCGTCCATAATGAG-1,1,CD4_T_cells,,Tcm/Naive helper T cells,Tcm/Naive helper T cells,0.9970884142714798
TTTCGTCCATGGCCCA-1,3,CD4_T_cells,,Tcm/Naive cytotoxic T cells,Tcm/Naive cytotoxic T cells,0.5470944375437615
TTTCGTCCATGTGGGA-1,5,Cytotoxic_T_NK,,CD16+ NK cells,CD16+ NK cells,0.9985253772207515
TTTCTCACAAACGCGA-1,0,Monocytes_CD14,,Classical monocytes,Classical monocytes,0.9985981939011379
TTTCTCACAAGGAATC-1,3,CD4_T_cells,,Tcm/Naive cytotoxic T cells,Tcm/Naive cytotoxic T cells,0.9992627926475088
TTTCTCACACAATGTT-1,3,CD4_T_cells,,Tcm/Naive cytotoxic T cells,Tcm/Naive cytotoxic T cells,0.9650807394476172
TTTCTCACACACAATT-1,1,CD4_T_cells,,Tcm/Naive helper T cells,Tcm/Naive helper T cells,0.9999975596693798
TTTCTCACACACCAAC-1,3,CD4_T_cells,,Tcm/Naive cytotoxic T cells,Tcm/Naive cytotoxic T cells,0.9988834209064505
TTTCTCACACATACTG-1,0,Monocytes_CD14,,Classical monocytes,Classical monocytes,0.9073410937301957
TTTCTCACAGGACCAA-1,0,Monocytes_CD14,,Classical monocytes,Classical monocytes,0.999910875677584
TTTCTCACAGGCAAGC-1,1,CD4_T_cells,,Tcm/Naive helper T cells,Tcm/Naive helper T cells,0.9999419615386318
TTTCTCACAGGTTTGC-1,6,B_cells,,Memory B cells,Age-associated B cells,0.9994741038362699
TTTCTTGCACATTAAC-1,1,CD4_T_cells,,Tcm/Naive helper T cells,Tcm/Naive helper T cells,0.9999922069241418
TTTCTTGCAGGATAAC-1,1,CD4_T_cells,,Tcm/Naive helper T cells,Tcm/Naive helper T cells,0.9986431760379916
TTTCTTGCAGGCTTCG-1,1,CD4_T_cells,,Tcm/Naive helper T cells,Tcm/Naive helper T cells,0.9996503330095619
TTTGACCGTATTGTCC-1,2,T_cells_general,,Tcm/Naive helper T cells,Tcm/Naive helper T cells,0.5045290432893882
TTTGACCGTCGTTACT-1,0,Monocytes_CD14,,Classical monocytes,Classical monocytes,0.9827466348654114
TTTGACCGTGTAACCA-1,4,Cytotoxic_T_NK,,Tem/Trm cytotoxic T cells,Tem/Trm cytotoxic T cells,0.9743996351998983
TTTGACTTCAATCTAG-1,0,Monocytes_CD14,,Classical monocytes,Classical monocytes,0.7291318373615604
TTTGACTTCATTGTTC-1,1,CD4_T_cells,,Tcm/Naive helper T cells,Tcm/Naive helper T cells,0.9996832309829373
TTTGACTTCCAAATCA-1,0,Monocytes_CD14,,Classical monocytes,Classical monocytes,0.9998099893504139
TTTGACTTCCCAGTAG-1,12,Stress_response,,ILC3,HSC/MPP,0.9698512496901067
TTTGACTTCCGTCCAT-1,4,Cytotoxic_T_NK,,Tem/Trm cytotoxic T cells,Tem/Trm cytotoxic T cells,0.9975676603281846
TTTGACTTCTCGACCT-1,1,CD4_T_cells,,Tcm/Naive helper T cells,Tcm/Naive helper T cells,0.9999892104966546
TTTGACTTCTTGTCCA-1,1,CD4_T_cells,,Tcm/Naive helper T cells,Tcm/Naive helper T cells,0.9872144397236873
TTTGAGTCAATTAACC-1,4,Cytotoxic_T_NK,,Tem/Temra cytotoxic T cells,Tem/Temra cytotoxic T cells,0.9964858168767236
TTTGAGTCACTTAACG-1,1,CD4_T_cells,,Tcm/Naive helper T cells,Tcm/Naive helper T cells,0.9999113613189985
TTTGAGTCAGGCCATT-1,0,Monocytes_CD14,,Classical monocytes,Classical monocytes,0.9998609762855706
TTTGAGTCAGGGAGCT-1,0,Monocytes_CD14,,Classical monocytes,Classical monocytes,0.9999260266086586
TTTGCATTCAAACCGT-1,2,T_cells_general,,Tcm/Naive helper T cells,Tcm/Naive helper T cells,0.9490691396239163
TTTGCATTCAATGTGC-1,3,CD4_T_cells,,Tcm/Naive cytotoxic T cells,Tcm/Naive cytotoxic T cells,0.8882301825297864
TTTGCATTCACAAGCT-1,3,CD4_T_cells,,Tcm/Naive cytotoxic T cells,Tcm/Naive cytotoxic T cells,0.9992799831824991
TTTGCATTCATGAAGG-1,1,CD4_T_cells,,Tcm/Naive helper T cells,Tcm/Naive helper T cells,0.9864681368436805
TTTGCATTCCCGTTTA-1,4,Cytotoxic_T_NK,,Tem/Trm cytotoxic T cells,Tem/Trm cytotoxic T cells,0.8061340970300591
TTTGCATTCCTCACAC-1,7,Monocytes_general,,Non-classical monocytes,Non-classical monocytes,0.9949190501261377
TTTGCATTCGGTCATG-1,0,Monocytes_CD14,,Classical monocytes,Classical monocytes,0.9981312910955827
TTTGCATTCTACTAAG-1,6,B_cells,,Age-associated B cells,Age-associated B cells,0.9999999927513947
TTTGCGACACAAAGCG-1,0,Monocytes_CD14,,Classical monocytes,Classical monocytes,0.9975048352291296
TTTGCGACACCCACAG-1,0,Monocytes_CD14,,Classical monocytes,Classical monocytes,0.9281712184810038
TTTGCGACATAAGCAA-1,0,Monocytes_CD14,,Classical monocytes,Classical monocytes,0.9999420877726645
TTTGCGACATGAGCAG-1,0,Monocytes_CD14,,Classical monocytes,Classical monocytes,0.9781703374866753
TTTGCGGAGGCGGATG-1,3,CD4_T_cells,,Tcm/Naive cytotoxic T cells,Tcm/Naive cytotoxic T cells,0.9921354426688146
TTTGCGGAGGTATTGC-1,8,B_cells,,Naive B cells,Naive B cells,0.9999999548097052
TTTGCGGAGTCACCTC-1,1,CD4_T_cells,,Tcm/Naive helper T cells,Tcm/Naive helper T cells,0.999661266962636
TTTGCGGAGTTAGAGG-1,7,Monocytes_general,,Non-classical monocytes,Non-classical monocytes,0.9930278170492599
TTTGGCTGTAACCTAG-1,0,Monocytes_CD14,,Classical monocytes,Classical monocytes,0.987330811555572
TTTGGCTGTAGTAAGA-1,0,Monocytes_CD14,,Classical monocytes,Classical monocytes,0.9997080963759781
TTTGGCTGTCCTAATC-1,2,T_cells_general,,Tem/Effector helper T cells,Tem/Effector helper T cells,0.22111940310231887
TTTGGCTGTCGACTCC-1,2,T_cells_general,,Tcm/Naive helper T cells,Tcm/Naive helper T cells,0.997982402596332
TTTGGCTGTCGCAAAC-1,0,Monocytes_CD14,,Classical monocytes,Classical monocytes,0.9882186285079885
TTTGGCTGTGAGGTAG-1,0,Monocytes_CD14,,Classical monocytes,Classical monocytes,0.9999676978624878
TTTGGCTGTGCTGTAA-1,4,Cytotoxic_T_NK,,Tem/Temra cytotoxic T cells,Tem/Temra cytotoxic T cells,0.9846383547664492
TTTGGCTGTGCTTACT-1,1,CD4_T_cells,,Tcm/Naive helper T cells,Tcm/Naive helper T cells,0.9997844242018742
TTTGGTAAGAGGAGTC-1,3,CD4_T_cells,,Tcm/Naive cytotoxic T cells,Tcm/Naive cytotoxic T cells,0.9689311760661975
TTTGGTAAGCACTAGT-1,4,Cytotoxic_T_NK,,Tem/Temra cytotoxic T cells,Tem/Temra cytotoxic T cells,0.5119003956617005
TTTGGTAAGTCATGCG-1,6,B_cells,,Age-associated B cells,Age-associated B cells,0.9999599127261835
TTTGGTGCAAACTGTT-1,1,CD4_T_cells,,Tcm/Naive helper T cells,Tcm/Naive helper T cells,0.9977838179744791
TTTGGTGCAAGATTCT-1,3,CD4_T_cells,,Tcm/Naive helper T cells,Tcm/Naive cytotoxic T cells,0.907995090489163
TTTGGTGCAATTATGC-1,1,CD4_T_cells,,Tcm/Naive helper T cells,Tcm/Naive helper T cells,0.999617651236862
TTTGGTGCACAGCCTG-1,4,Cytotoxic_T_NK,,Tem/Temra cytotoxic T cells,CD8a/a,0.6626201769460077
TTTGGTGCAGAAATGC-1,0,Monocytes_CD14,,Classical monocytes,Classical monocytes,0.9893591754120321
TTTGGTGCAGTTTGTG-1,0,Monocytes_CD14,,Non-classical monocytes,Classical monocytes,0.9819481298763163
TTTGGTGCATAATCCG-1,0,Monocytes_CD14,,Classical monocytes,Classical monocytes,0.9948314338326211
TTTGTCCCAATAGCAA-1,3,CD4_T_cells,,Tcm/Naive cytotoxic T cells,Tcm/Naive cytotoxic T cells,0.9999991814840691
TTTGTCCCACTTAACG-1,2,T_cells_general,,Tem/Effector helper T cells,Tem/Effector helper T cells,0.4907729073732238
TTTGTCCCAGCTACGT-1,4,Cytotoxic_T_NK,,Tcm/Naive helper T cells,Tem/Trm cytotoxic T cells,0.25442965402267054
TTTGTCCCAGTAGGAT-1,0,Monocytes_CD14,,Classical monocytes,Classical monocytes,0.9999984237111597
TTTGTCCCATAGCGAG-1,1,CD4_T_cells,,Tcm/Naive helper T cells,Tcm/Naive helper T cells,0.9738560934131612
TTTGTCTAGAGAGCCG-1,10,Cytotoxic_T_NK,,MAIT cells,MAIT cells,0.9999470932869536
TTTGTCTAGCTATTAG-1,0,Monocytes_CD14,,Classical monocytes,Classical monocytes,0.9996857093793224
TTTGTCTAGTAACCAC-1,1,CD4_T_cells,,Tcm/Naive helper T cells,Tcm/Naive helper T cells,0.21118600261490597
TTTGTCTAGTTCCTGC-1,2,T_cells_general,,Tcm/Naive helper T cells,Tcm/Naive helper T cells,0.9467445455005
TTTGTGAAGCGATACT-1,0,Monocytes_CD14,,Classical monocytes,Classical monocytes,0.9999624966146534
TTTGTGAAGCTTAACA-1,3,CD4_T_cells,,Tcm/Naive cytotoxic T cells,Tcm/Naive cytotoxic T cells,0.999950091368716
TTTGTGAAGGAACGGT-1,0,Monocytes_CD14,,Classical monocytes,Classical monocytes,0.983695832253977
TTTGTGAAGGGATTAG-1,2,T_cells_general,,Tcm/Naive helper T cells,Tcm/Naive helper T cells,0.9329256568621803
TTTGTGGCAAACAACA-1,2,T_cells_general,,Tem/Effector helper T cells,Tem/Effector helper T cells,0.5189397367073929
TTTGTGGCACAGACTC-1,2,T_cells_general,,Tcm/Naive helper T cells,Tcm/Naive helper T cells,0.9938355440379003
TTTGTGGCAGCAACCT-1,0,Monocytes_CD14,,Classical monocytes,Classical monocytes,0.9848584048326866
TTTGTGGCAGTTTGTG-1,0,Monocytes_CD14,,Classical monocytes,Classical monocytes,0.9999994939469131
TTTGTGTTCAAACCTA-1,5,Cytotoxic_T_NK,,Regulatory T cells,CD16+ NK cells,0.9999907425783358
TTTGTGTTCAATTACG-1,2,T_cells_general,,Tem/Trm cytotoxic T cells,Tem/Effector helper T cells,0.493351738306331
TTTGTGTTCCTCCTAA-1,7,Monocytes_general,,Non-classical monocytes,Non-classical monocytes,0.9999984408781396
TTTGTGTTCGATAACC-1,8,B_cells,,Naive B cells,Naive B cells,0.9999999807499454
TTTGTGTTCGGGACCT-1,3,CD4_T_cells,,Tcm/Naive cytotoxic T cells,Tcm/Naive cytotoxic T cells,0.9960701773374511
TTTGTGTTCGTCAAGT-1,0,Monocytes_CD14,,Classical monocytes,Classical monocytes,0.9999258385213805
TTTGTGTTCTCCATAT-1,0,Monocytes_CD14,,Classical monocytes,Classical monocytes,0.9999638778062878
TTTGTTGGTCAGGAAG-1,0,Monocytes_CD14,,Classical monocytes,Classical monocytes,0.9999457957928458
TTTGTTGGTCCACAAA-1,13,Plasma_cells,,Plasma cells,Plasma cells,0.9999512103304009
TTTGTTGGTGACATGC-1,3,CD4_T_cells,,Tcm/Naive cytotoxic T cells,Tcm/Naive cytotoxic T cells,0.9929290436379695
TTTGTTGGTGTTAAAC-1,3,CD4_T_cells,,Tcm/Naive cytotoxic T cells,Tcm/Naive cytotoxic T cells,0.9636796575959861
TTTGTTGGTTAGGATT-1,5,Cytotoxic_T_NK,,CD16+ NK cells,CD16+ NK cells,0.9999408007054801
TTTGTTGGTTGGTTAG-1,2,T_cells_general,,Tcm/Naive helper T cells,Tcm/Naive helper T cells,0.6209013502623202
TTTGTTGGTTTGCAGA-1,4,Cytotoxic_T_NK,,Tem/Trm cytotoxic T cells,Tem/Trm cytotoxic T cells,0.6461258764071525
